1221,1203,0,596588598
1221,1203,1000000,596588644
1221,1203,2000000,596588690
1221,1203,3000000,596588737
1221,1203,4000000,596588783
1221,1203,5000000,596588829
1221,1203,6000000,596588874
1221,1203,7000000,596588922
1221,1203,8000000,596588967
1221,1203,9000000,596589014
1221,1203,10000000,596589061
1221,1203,11000000,596589106
1221,1203,12000000,596589152
1221,1203,13000000,596589200
1221,1203,14000000,596589246
1221,1203,15000000,596589292
1221,1203,16000000,596589337
1221,1203,17000000,596589384
1221,1203,18000000,596589431
1221,1203,19000000,596589475
1221,1203,20000000,596589523
1221,1203,21000000,596589568
1221,1203,22000000,596589614
1221,1203,23000000,596589661
1221,1203,24000000,596589707
1221,1203,25000000,596589753
1221,1203,26000000,596589799
1221,1203,27000000,596589847
1221,1203,28000000,596589891
1221,1203,29000000,596589938
1221,1203,30000000,596589984
1221,1203,31000000,596590031
1221,1203,32000000,596590079
1221,1203,33000000,596590124
1221,1203,34000000,596590169
1221,1203,35000000,596590216
1221,1203,36000000,596590264
1221,1203,37000000,596590308
1221,1203,38000000,596590355
1221,1203,39000000,596590400
1221,1203,40000000,596590446
1221,1203,41000000,596590494
1221,1203,42000000,596590540
1221,1203,43000000,596590586
1221,1203,44000000,596590631
1221,1203,45000000,596590678
1221,1203,46000000,596590725
1221,1203,47000000,596590771
1221,1203,48000000,596590816
1221,1203,49000000,596590861
1221,1203,50000000,596590909
1221,1203,51000000,596590955
1221,1203,52000000,596591003
1221,1203,53000000,596591049
1221,1203,54000000,596591094
1221,1203,55000000,596591141
1221,1203,56000000,596591187
1221,1203,57000000,596591233
1221,1203,58000000,596591279
1221,1203,59000000,596591326
1221,1203,60000000,596591370
1221,1203,61000000,596591417
1221,1203,62000000,596591465
1221,1203,63000000,596591511
1221,1203,64000000,596591557
1221,1203,65000000,596591603
1221,1203,66000000,596591648
1221,1203,67000000,596591694
1221,1203,68000000,596591752
1221,1203,69000000,596591797
1221,1203,70000000,596591844
1221,1203,71000000,596591891
1221,1203,72000000,596591937
1221,1203,73000000,596591985
1221,1203,74000000,596592030
1221,1203,75000000,596592075
1221,1203,76000000,596592121
1221,1203,77000000,596592166
1221,1203,78000000,596592213
1221,1203,79000000,596592261
1221,1203,80000000,596592306
1221,1203,81000000,596592353
1221,1203,82000000,596592398
1221,1203,83000000,596592445
1221,1203,84000000,596592492
1221,1203,85000000,596592537
1221,1203,86000000,596592583
1221,1203,87000000,596592629
1221,1203,88000000,596592676
1221,1203,89000000,596592722
1221,1203,90000000,596592770
1221,1203,91000000,596592816
1221,1203,92000000,596592862
1221,1203,93000000,596592908
1221,1203,94000000,596592954
1221,1203,95000000,596593000
1221,1203,96000000,596593045
1221,1203,97000000,596593093
1221,1203,98000000,596593138
1221,1203,99000000,596593186
1221,1203,100000000,596593231
1221,1203,101000000,596593278
1221,1203,102000000,596593324
1221,1203,103000000,596593369
1221,1203,104000000,596593416
1221,1203,105000000,596593461
1221,1203,106000000,596593508
1221,1203,107000000,596593554
1221,1203,108000000,596593600
1221,1203,109000000,596593647
1221,1203,110000000,596593694
1221,1203,111000000,596593740
1221,1203,112000000,596593786
1221,1203,113000000,596593832
1221,1203,114000000,596593878
1221,1203,115000000,596593925
1221,1203,116000000,596593970
1221,1203,117000000,596594018
1221,1203,118000000,596594063
1221,1203,119000000,596594110
1221,1203,120000000,596594157
1221,1203,121000000,596594201
1221,1203,122000000,596594249
1221,1203,123000000,596594294
1221,1203,124000000,596594340
1221,1203,125000000,596594387
1221,1203,126000000,596594433
1221,1203,127000000,596594478
1221,1203,128000000,596594526
1221,1203,129000000,596594572
1221,1203,130000000,596594619
1221,1203,131000000,596594665
1221,1203,132000000,596594710
1221,1203,133000000,596594757
1221,1203,134000000,596594803
1221,1203,135000000,596594851
1221,1203,136000000,596594895
1221,1203,137000000,596594942
1221,1203,138000000,596594987
1221,1203,139000000,596595034
1221,1203,140000000,596595082
1221,1203,141000000,596595126
1221,1203,142000000,596595172
1221,1203,143000000,596595219
1221,1203,144000000,596595265
1221,1203,145000000,596595312
1221,1203,146000000,596595358
1221,1203,147000000,596595403
1221,1203,148000000,596595450
1221,1203,149000000,596595497
1221,1203,150000000,596595542
1221,1203,151000000,596595590
1221,1203,152000000,596595635
1221,1203,153000000,596595682
1221,1203,154000000,596595727
1221,1203,155000000,596595775
1221,1203,156000000,596595821
1221,1203,157000000,596595868
1221,1203,158000000,596595914
1221,1203,159000000,596595958
1221,1203,160000000,596596005
1221,1203,161000000,596596052
1221,1203,162000000,596596098
1221,1203,163000000,596596144
1221,1203,164000000,596596190
1221,1203,165000000,596596236
1221,1203,166000000,596596285
1221,1203,167000000,596596330
1221,1203,168000000,596596375
1221,1203,169000000,596596421
1221,1203,170000000,596596465
1221,1203,171000000,596596516
1221,1203,172000000,596596561
1221,1203,173000000,596596606
1221,1203,174000000,596596652
1221,1203,175000000,596596699
1221,1203,176000000,596596747
1221,1203,177000000,596596792
1221,1203,178000000,596596838
1221,1203,179000000,596596883
1221,1203,180000000,596596930
1221,1203,181000000,596596978
1221,1203,182000000,596597023
1221,1203,183000000,596597068
1221,1203,184000000,596597116
1221,1203,185000000,596597161
1221,1203,186000000,596597207
1221,1203,187000000,596597255
1221,1203,188000000,596597299
1221,1203,189000000,596597346
1221,1203,190000000,596597392
1221,1203,191000000,596597438
1221,1203,192000000,596597486
1221,1203,193000000,596597532
1221,1203,194000000,596597579
1221,1203,195000000,596597624
1221,1203,196000000,596597670
1221,1203,197000000,596597717
1221,1203,198000000,596597763
1221,1203,199000000,596597810
1221,1203,200000000,596597855
1221,1203,201000000,596597900
1221,1203,202000000,596597948
1221,1203,203000000,596597994
1221,1203,204000000,596598042
1221,1203,205000000,596598087
1221,1203,206000000,596598131
1221,1203,207000000,596598178
1221,1203,208000000,596598225
1221,1203,209000000,596598271
1221,1203,210000000,596598317
1221,1203,211000000,596598363
1221,1203,212000000,596598410
1221,1203,213000000,596598459
1221,1203,214000000,596598503
1221,1203,215000000,596598549
1221,1203,216000000,596598595
1221,1203,217000000,596598640
1221,1203,218000000,596598689
1221,1203,219000000,596598734
1221,1203,220000000,596598780
1221,1203,221000000,596598825
1221,1203,222000000,596598874
1221,1203,223000000,596598919
1221,1203,224000000,596598965
1221,1203,225000000,596599012
1221,1203,226000000,596599056
1221,1203,227000000,596599104
1221,1203,228000000,596599150
1221,1203,229000000,596599196
1221,1203,230000000,596599242
1221,1203,231000000,596599291
1221,1203,232000000,596599335
1221,1203,233000000,596599383
1221,1203,234000000,596599429
1221,1203,235000000,596599474
1221,1203,236000000,596599521
1221,1203,237000000,596599566
1221,1203,238000000,596599612
1221,1203,239000000,596599659
1221,1203,240000000,596599707
1221,1203,241000000,596599752
1221,1203,242000000,596599798
1221,1203,243000000,596599844
1221,1203,244000000,596599890
1221,1203,245000000,596599938
1221,1203,246000000,596599982
1221,1203,247000000,596600028
1221,1203,248000000,596600074
1221,1203,249000000,596600121
1221,1203,250000000,596600168
1221,1203,251000000,596600216
1221,1203,252000000,596600260
1221,1203,253000000,596600306
1221,1203,254000000,596600353
1221,1203,255000000,596600399
1221,1203,256000000,596600446
1221,1203,257000000,596600491
1221,1203,258000000,596600537
1221,1203,259000000,596600585
1221,1203,260000000,596600632
1221,1203,261000000,596600677
1221,1203,262000000,596600723
1221,1203,263000000,596600769
1221,1203,264000000,596600814
1221,1203,265000000,596600862
1221,1203,266000000,596600908
1221,1203,267000000,596600953
1221,1203,268000000,596600999
1221,1203,269000000,596601047
1221,1203,270000000,596601093
1221,1203,271000000,596601141
1221,1203,272000000,596601186
1221,1203,273000000,596601231
1221,1203,274000000,596601278
1221,1203,275000000,596601324
1221,1203,276000000,596601371
1221,1203,277000000,596601417
1221,1203,278000000,596601464
1221,1203,279000000,596601509
1221,1203,280000000,596601556
1221,1203,281000000,596601603
1221,1203,282000000,596601647
1221,1203,283000000,596601694
1221,1203,284000000,596601740
1221,1203,285000000,596601786
1221,1203,286000000,596601834
1221,1203,287000000,596601880
1221,1203,288000000,596601925
1221,1203,289000000,596601972
1221,1203,290000000,596602016
1221,1203,291000000,596602065
1221,1203,292000000,596602112
1221,1203,293000000,596602156
1221,1203,294000000,596602203
1221,1203,295000000,596602249
1221,1203,296000000,596602297
1221,1203,297000000,596602343
1221,1203,298000000,596602389
1221,1203,299000000,596602434
1221,1203,300000000,596602480
1221,1203,301000000,596602528
1221,1203,302000000,596602573
1221,1203,303000000,596602619
1221,1203,304000000,596602665
1221,1203,305000000,596602711
1221,1203,306000000,596602759
1221,1203,307000000,596602806
1221,1203,308000000,596602850
1221,1203,309000000,596602896
1221,1203,310000000,596602943
1221,1203,311000000,596602990
1221,1203,312000000,596603037
1221,1203,313000000,596603082
1221,1203,314000000,596603128
1221,1203,315000000,596603175
1221,1203,316000000,596603221
1221,1203,317000000,596603268
1221,1203,318000000,596603314
1221,1203,319000000,596603359
1221,1203,320000000,596603406
1221,1203,321000000,596603451
1221,1203,322000000,596603499
1221,1203,323000000,596603545
1221,1203,324000000,596603591
1221,1203,325000000,596603638
1221,1203,326000000,596603682
1221,1203,327000000,596603730
1221,1203,328000000,596603776
1221,1203,329000000,596603822
1221,1203,330000000,596603868
1221,1203,331000000,596603915
1221,1203,332000000,596603962
1221,1203,333000000,596604008
1221,1203,334000000,596604054
1221,1203,335000000,596604100
1221,1203,336000000,596604146
1221,1203,337000000,596604192
1221,1203,338000000,596604240
1221,1203,339000000,596604285
1221,1203,340000000,596604331
1221,1203,341000000,596604377
1221,1203,342000000,596604424
1221,1203,343000000,596604472
1221,1203,344000000,596604517
1221,1203,345000000,596604564
1221,1203,346000000,596604608
1221,1203,347000000,596604656
1221,1203,348000000,596604703
1221,1203,349000000,596604748
1221,1203,350000000,596604794
1221,1203,351000000,596604842
1221,1203,352000000,596604888
1221,1203,353000000,596604935
1221,1203,354000000,596604981
1221,1203,355000000,596605025
1221,1203,356000000,596605072
1221,1203,357000000,596605119
1221,1203,358000000,596605166
1221,1203,359000000,596605212
1221,1203,360000000,596605258
1221,1203,361000000,596605304
1221,1203,362000000,596605351
1221,1203,363000000,596605398
1221,1203,364000000,596605442
1221,1203,365000000,596605488
1221,1203,366000000,596605535
1221,1203,367000000,596605581
1221,1203,368000000,596605628
1221,1203,369000000,596605675
1221,1203,370000000,596605719
1221,1203,371000000,596605768
1221,1203,372000000,596605814
1221,1203,373000000,596605858
1221,1203,374000000,596605906
1221,1203,375000000,596605952
1221,1203,376000000,596605998
1221,1203,377000000,596606045
1221,1203,378000000,596606091
1221,1203,379000000,596606137
1221,1203,380000000,596606184
1221,1203,381000000,596606230
1221,1203,382000000,596606276
1221,1203,383000000,596606321
1221,1203,384000000,596606368
1221,1203,385000000,596606414
1221,1203,386000000,596606461
1221,1203,387000000,596606507
1221,1203,388000000,596606552
1221,1203,389000000,596606601
1221,1203,390000000,596606645
1221,1203,391000000,596606692
1221,1203,392000000,596606739
1221,1203,393000000,596606784
1221,1203,394000000,596606832
1221,1203,395000000,596606878
1221,1203,396000000,596606923
1221,1203,397000000,596606970
1221,1203,398000000,596607017
1221,1203,399000000,596607062
1221,1203,400000000,596607109
1221,1203,401000000,596607154
1221,1203,402000000,596607201
1221,1203,403000000,596607247
1221,1203,404000000,596607294
1221,1203,405000000,596607340
1221,1203,406000000,596607385
1221,1203,407000000,596607433
1221,1203,408000000,596607478
1221,1203,409000000,596607524
1221,1203,410000000,596607571
1221,1203,411000000,596607617
1221,1203,412000000,596607665
1221,1203,413000000,596607712
1221,1203,414000000,596607756
1221,1203,415000000,596607803
1221,1203,416000000,596607849
1221,1203,417000000,596607896
1221,1203,418000000,596607942
1221,1203,419000000,596607987
1221,1203,420000000,596608034
1221,1203,421000000,596608079
1221,1203,422000000,596608129
1221,1203,423000000,596608173
1221,1203,424000000,596608219
1221,1203,425000000,596608265
1221,1203,426000000,596608311
1221,1203,427000000,596608359
1221,1203,428000000,596608404
1221,1203,429000000,596608449
1221,1203,430000000,596608495
1221,1203,431000000,596608544
1221,1203,432000000,596608590
1221,1203,433000000,596608637
1221,1203,434000000,596608682
1221,1203,435000000,596608729
1221,1203,436000000,596608775
1221,1203,437000000,596608821
1221,1203,438000000,596608867
1221,1203,439000000,596608912
1221,1203,440000000,596608961
1221,1203,441000000,596609006
1221,1203,442000000,596609053
1221,1203,443000000,596609098
1221,1203,444000000,596609144
1221,1203,445000000,596609191
1221,1203,446000000,596609237
1221,1203,447000000,596609283
1221,1203,448000000,596609329
1221,1203,449000000,596609376
1221,1203,450000000,596609421
1221,1203,451000000,596609468
1221,1203,452000000,596609515
1221,1203,453000000,596609562
1221,1203,454000000,596609608
1221,1203,455000000,596609653
1221,1203,456000000,596609699
1221,1203,457000000,596609747
1221,1203,458000000,596609794
1221,1203,459000000,596609839
1221,1203,460000000,596609885
1221,1203,461000000,596609930
1221,1203,462000000,596609978
1221,1203,463000000,596610025
1221,1203,464000000,596610070
1221,1203,465000000,596610115
1221,1203,466000000,596610163
1221,1203,467000000,596610209
1221,1203,468000000,596610256
1221,1203,469000000,596610302
1221,1203,470000000,596610346
1221,1203,471000000,596610394
1221,1203,472000000,596610442
1221,1203,473000000,596610487
1221,1203,474000000,596610533
1221,1203,475000000,596610580
1221,1203,476000000,596610626
1221,1203,477000000,596610674
1221,1203,478000000,596610719
1221,1203,479000000,596610764
1221,1203,480000000,596610810
1221,1203,481000000,596610857
1221,1203,482000000,596610903
1221,1203,483000000,596610949
1221,1203,484000000,596610997
1221,1203,485000000,596611041
1221,1203,486000000,596611090
1221,1203,487000000,596611135
1221,1203,488000000,596611181
1221,1203,489000000,596611227
1221,1203,490000000,596611272
1221,1203,491000000,596611321
1221,1203,492000000,596611366
1221,1203,493000000,596611414
1221,1203,494000000,596611459
1221,1203,495000000,596611506
1221,1203,496000000,596611552
1221,1203,497000000,596611598
1221,1203,498000000,596611644
1221,1203,499000000,596611691
1221,1203,500000000,596611736
1221,1203,501000000,596611783
1221,1203,502000000,596611830
1221,1203,503000000,596611874
1221,1203,504000000,596611922
1221,1203,505000000,596611969
1221,1203,506000000,596612014
1221,1203,507000000,596612060
1221,1203,508000000,596612106
1221,1203,509000000,596612154
1221,1203,510000000,596612202
1221,1203,511000000,596612248
1221,1203,512000000,596612293
1221,1203,513000000,596612339
1221,1203,514000000,596612386
1221,1203,515000000,596612433
1221,1203,516000000,596612478
1221,1203,517000000,596612525
1221,1203,518000000,596612569
1221,1203,519000000,596612618
1221,1203,520000000,596612664
1221,1203,521000000,596612710
1221,1203,522000000,596612756
1221,1203,523000000,596612801
1221,1203,524000000,596612848
1221,1203,525000000,596612895
1221,1203,526000000,596612940
1221,1203,527000000,596612986
1221,1203,528000000,596613034
1221,1203,529000000,596613079
1221,1203,530000000,596613127
1221,1203,531000000,596613172
1221,1203,532000000,596613220
1221,1203,533000000,596613265
1221,1203,534000000,596613311
1221,1203,535000000,596613358
1221,1203,536000000,596613404
1221,1203,537000000,596613451
1221,1203,538000000,596613496
1221,1203,539000000,596613543
1221,1203,540000000,596613590
1221,1203,541000000,596613635
1221,1203,542000000,596613681
1221,1203,543000000,596613728
1221,1203,544000000,596613773
1221,1203,545000000,596613821
1221,1203,546000000,596613868
1221,1203,547000000,596613912
1221,1203,548000000,596613959
1221,1203,549000000,596614005
1221,1203,550000000,596614052
1221,1203,551000000,596614098
1221,1203,552000000,596614145
1221,1203,553000000,596614190
1221,1203,554000000,596614238
1221,1203,555000000,596614286
1221,1203,556000000,596614331
1221,1203,557000000,596614376
1221,1203,558000000,596614423
1221,1203,559000000,596614468
1221,1203,560000000,596614514
1221,1203,561000000,596614562
1221,1203,562000000,596614607
1221,1203,563000000,596614655
1221,1203,564000000,596614700
1221,1203,565000000,596614746
1221,1203,566000000,596614793
1221,1203,567000000,596614839
1221,1203,568000000,596614885
1221,1203,569000000,596614931
1221,1203,570000000,596614977
1221,1203,571000000,596615024
1221,1203,572000000,596615071
1221,1203,573000000,596615118
1221,1203,574000000,596615164
1221,1203,575000000,596615209
1221,1203,576000000,596615257
1221,1203,577000000,596615302
1221,1203,578000000,596615348
1221,1203,579000000,596615395
1221,1203,580000000,596615440
1221,1203,581000000,596615488
1221,1203,582000000,596615534
1221,1203,583000000,596615580
1221,1203,584000000,596615626
1221,1203,585000000,596615672
1221,1203,586000000,596615717
1221,1203,587000000,596615765
1221,1203,588000000,596615812
1221,1203,589000000,596615858
1221,1203,590000000,596615903
1221,1203,591000000,596615949
1221,1203,592000000,596615998
1221,1203,593000000,596616043
1221,1203,594000000,596616090
1221,1203,595000000,596616134
1221,1203,596000000,596616182
1221,1203,597000000,596616230
1221,1203,598000000,596616275
1221,1203,599000000,596616321
1221,1203,600000000,596616367
1221,1203,601000000,596616412
1221,1203,602000000,596616460
1221,1203,603000000,596616506
1221,1203,604000000,596616551
1221,1203,605000000,596616598
1221,1203,606000000,596616645
1221,1203,607000000,596616692
1221,1203,608000000,596616737
1221,1203,609000000,596616784
1221,1203,610000000,596616829
1221,1203,611000000,596616876
1221,1203,612000000,596616924
1221,1203,613000000,596616969
1221,1203,614000000,596617016
1221,1203,615000000,596617063
1221,1203,616000000,596617108
1221,1203,617000000,596617154
1221,1203,618000000,596617201
1221,1203,619000000,596617246
1221,1203,620000000,596617294
1221,1203,621000000,596617339
1221,1203,622000000,596617385
1221,1203,623000000,596617432
1221,1203,624000000,596617479
1221,1203,625000000,596617525
1221,1203,626000000,596617570
1221,1203,627000000,596617617
1221,1203,628000000,596617662
1221,1203,629000000,596617710
1221,1203,630000000,596617756
1221,1203,631000000,596617802
1221,1203,632000000,596617849
1221,1203,633000000,596617895
1221,1203,634000000,596617942
1221,1203,635000000,596617989
1221,1203,636000000,596618033
1221,1203,637000000,596618080
1221,1203,638000000,596618127
1221,1203,639000000,596618172
1221,1203,640000000,596618220
1221,1203,641000000,596618265
1221,1203,642000000,596618310
1221,1203,643000000,596618358
1221,1203,644000000,596618405
1221,1203,645000000,596618450
1221,1203,646000000,596618496
1221,1203,647000000,596618541
1221,1203,648000000,596618590
1221,1203,649000000,596618636
1221,1203,650000000,596618682
1221,1203,651000000,596618727
1221,1203,652000000,596618774
1221,1203,653000000,596618822
1221,1203,654000000,596618867
1221,1203,655000000,596618914
1221,1203,656000000,596618959
1221,1203,657000000,596619007
1221,1203,658000000,596619053
1221,1203,659000000,596619100
1221,1203,660000000,596619145
1221,1203,661000000,596619191
1221,1203,662000000,596619238
1221,1203,663000000,596619283
1221,1203,664000000,596619330
1221,1203,665000000,596619376
1221,1203,666000000,596619423
1221,1203,667000000,596619469
1221,1203,668000000,596619516
1221,1203,669000000,596619560
1221,1203,670000000,596619607
1221,1203,671000000,596619655
1221,1203,672000000,596619701
1221,1203,673000000,596619747
1221,1203,674000000,596619793
1221,1203,675000000,596619840
1221,1203,676000000,596619887
1221,1203,677000000,596619933
1221,1203,678000000,596619978
1221,1203,679000000,596620024
1221,1203,680000000,596620072
1221,1203,681000000,596620118
1221,1203,682000000,596620164
1221,1203,683000000,596620211
1221,1203,684000000,596620256
1221,1203,685000000,596620304
1221,1203,686000000,596620350
1221,1203,687000000,596620394
1221,1203,688000000,596620440
1221,1203,689000000,596620487
1221,1203,690000000,596620534
1221,1203,691000000,596620581
1221,1203,692000000,596620627
1221,1203,693000000,596620672
1221,1203,694000000,596620721
1221,1203,695000000,596620766
1221,1203,696000000,596620813
1221,1203,697000000,596620858
1221,1203,698000000,596620904
1221,1203,699000000,596620952
1221,1203,700000000,596620997
1221,1203,701000000,596621045
1221,1203,702000000,596621089
1221,1203,703000000,596621137
1221,1203,704000000,596621183
1221,1203,705000000,596621228
1221,1203,706000000,596621275
1221,1203,707000000,596621323
1221,1203,708000000,596621368
1221,1203,709000000,596621415
1221,1203,710000000,596621460
1221,1203,711000000,596621505
1221,1203,712000000,596621553
1221,1203,713000000,596621600
1221,1203,714000000,596621646
1221,1203,715000000,596621691
1221,1203,716000000,596621739
1221,1203,717000000,596621786
1221,1203,718000000,596621832
1221,1203,719000000,596621878
1221,1203,720000000,596621923
1221,1203,721000000,598499320
1221,1203,722000000,598499368
1221,1203,723000000,598499415
1221,1203,724000000,598499464
1221,1203,725000000,598499512
1221,1203,726000000,598000449
1221,1203,727000000,598000499
1221,1203,728000000,598000547
1221,1203,729000000,598000595
1221,1203,730000000,598000644
1221,1203,731000000,598000693
1221,1203,732000000,598000742
1221,1203,733000000,598000789
1221,1203,734000000,598000838
1221,1203,735000000,604137320
1221,1203,736000000,604137375
1221,1203,737000000,604137430
1221,1203,738000000,604137484
1221,1203,739000000,604137537
1221,1203,740000000,604137591
1221,1203,741000000,604137645
1221,1203,742000000,604137701
1221,1203,743000000,604137755
1221,1203,744000000,604137806
1221,1203,745000000,604137861
1221,1203,746000000,604137915
1221,1203,747000000,604137971
1221,1203,748000000,604138024
1221,1203,749000000,604138078
1221,1203,750000000,604138132
1221,1203,751000000,604138187
1221,1203,752000000,604138242
1221,1203,753000000,604138295
1221,1203,754000000,604138349
1221,1203,755000000,604138404
1221,1203,756000000,604138458
1221,1203,757000000,604138510
1221,1203,758000000,604138566
1221,1203,759000000,604138618
1221,1203,760000000,604138675
1221,1203,761000000,604138728
1221,1203,762000000,604138781
1221,1203,763000000,604138836
1221,1203,764000000,604138890
1221,1203,765000000,604138945
1221,1203,766000000,604138998
1221,1203,767000000,604139052
1221,1203,768000000,604139106
1221,1203,769000000,604139161
1221,1203,770000000,604139215
1221,1203,771000000,604139268
1221,1203,772000000,604139322
1221,1203,773000000,604139378
1221,1203,774000000,604139431
1221,1203,775000000,604139487
1221,1203,776000000,604139540
1221,1203,777000000,604139593
1221,1203,778000000,604139648
1221,1203,779000000,604139703
1221,1203,780000000,604139756
1221,1203,781000000,604139810
1221,1203,782000000,604139864
1221,1203,783000000,604139917
1221,1203,784000000,604139973
1221,1203,785000000,604140026
1221,1203,786000000,604140080
1221,1203,787000000,604140134
1221,1203,788000000,604140189
1221,1203,789000000,604140243
1221,1203,790000000,604140297
1221,1203,791000000,604140351
1221,1203,792000000,604140404
1221,1203,793000000,604140460
1221,1203,794000000,604140515
1221,1203,795000000,604140568
1221,1203,796000000,604140622
1221,1203,797000000,604140676
1221,1203,798000000,604140729
1221,1203,799000000,604140785
1221,1203,800000000,604140838
1221,1203,801000000,604140893
1221,1203,802000000,604140946
1221,1203,803000000,604141000
1221,1203,804000000,604141055
1221,1203,805000000,604141109
1221,1203,806000000,604141164
1221,1203,807000000,604141216
1221,1203,808000000,604141271
1221,1203,809000000,604141325
1221,1203,810000000,604141379
1221,1203,811000000,604141433
1221,1203,812000000,604141487
1221,1203,813000000,604141541
1221,1203,814000000,604141597
1221,1203,815000000,604141651
1221,1203,816000000,604141705
1221,1203,817000000,604141758
1221,1203,818000000,604141812
1221,1203,819000000,604141867
1221,1203,820000000,604141921
1221,1203,821000000,604141976
1221,1203,822000000,604142028
1221,1203,823000000,604142083
1221,1203,824000000,604142137
1221,1203,825000000,604142191
1221,1203,826000000,604142244
1221,1203,827000000,604142299
1221,1203,828000000,604142353
1221,1203,829000000,604142408
1221,1203,830000000,604142462
1221,1203,831000000,604142514
1221,1203,832000000,604142570
1221,1203,833000000,604142625
1221,1203,834000000,604142679
1221,1203,835000000,604142732
1221,1203,836000000,604142787
1221,1203,837000000,604142841
1221,1203,838000000,604142895
1221,1203,839000000,604142949
1221,1203,840000000,604143002
1221,1203,841000000,604143057
1221,1203,842000000,604143113
1221,1203,843000000,604143165
1221,1203,844000000,604143219
1221,1203,845000000,604143274
1221,1203,846000000,604143327
1221,1203,847000000,604143383
1221,1203,848000000,604143436
1221,1203,849000000,604143488
1221,1203,850000000,604143543
1221,1203,851000000,604143598
1221,1203,852000000,604143652
1221,1203,853000000,604143707
1221,1203,854000000,604143761
1221,1203,855000000,604143815
1221,1203,856000000,604143869
1221,1203,857000000,604143925
1221,1203,858000000,604143977
1221,1203,859000000,604144031
1221,1203,860000000,604144086
1221,1203,861000000,604144140
1221,1203,862000000,604144195
1221,1203,863000000,604144249
1221,1203,864000000,604144302
1221,1203,865000000,604144356
1221,1203,866000000,604144411
1221,1203,867000000,604144466
1221,1203,868000000,604144520
1221,1203,869000000,604144573
1221,1203,870000000,604144627
1221,1203,871000000,604144681
1221,1203,872000000,604144736
1221,1203,873000000,604144791
1221,1203,874000000,604144844
1221,1203,875000000,604144899
1221,1203,876000000,604144953
1221,1203,877000000,604145007
1221,1203,878000000,604145061
1221,1203,879000000,604145115
1221,1203,880000000,604145168
1221,1203,881000000,604145224
1221,1203,882000000,604145278
1221,1203,883000000,604145332
1221,1203,884000000,604145385
1221,1203,885000000,604145440
1221,1203,886000000,604145494
1221,1203,887000000,604145548
1221,1203,888000000,604145603
1221,1203,889000000,604145655
1221,1203,890000000,604145711
1221,1203,891000000,604145764
1221,1203,892000000,604145817
1221,1203,893000000,604145873
1221,1203,894000000,604145928
1221,1203,895000000,604145981
1221,1203,896000000,604146036
1221,1203,897000000,604146089
1221,1203,898000000,604146145
1221,1203,899000000,604146198
1221,1203,900000000,604146252
1221,1203,901000000,604146306
1221,1203,902000000,604146359
1221,1203,903000000,604146415
1221,1203,904000000,604146467
1221,1203,905000000,604146522
1221,1203,906000000,604146576
1221,1203,907000000,604146630
1221,1203,908000000,604146685
1221,1203,909000000,604146740
1221,1203,910000000,604146792
1221,1203,911000000,604146848
1221,1203,912000000,604146901
1221,1203,913000000,604146956
1221,1203,914000000,604147011
1221,1203,915000000,604147064
1221,1203,916000000,604147118
1221,1203,917000000,604147171
1221,1203,918000000,604147225
1221,1203,919000000,604147280
1221,1203,920000000,604147350
1221,1203,921000000,604147404
1221,1203,922000000,604147457
1221,1203,923000000,604147511
1221,1203,924000000,604147568
1221,1203,925000000,604147620
1221,1203,926000000,604147675
1221,1203,927000000,604147728
1221,1203,928000000,604147781
1221,1203,929000000,604147837
1221,1203,930000000,604147890
1221,1203,931000000,604147944
1221,1203,932000000,604147998
1221,1203,933000000,604148053
1221,1203,934000000,604148108
1221,1203,935000000,604148162
1221,1203,936000000,604148217
1221,1203,937000000,604148270
1221,1203,938000000,604148324
1221,1203,939000000,604148380
1221,1203,940000000,604148432
1221,1203,941000000,604148487
1221,1203,942000000,604148541
1221,1203,943000000,604148593
1221,1203,944000000,604148648
1221,1203,945000000,604148703
1221,1203,946000000,604148756
1221,1203,947000000,604148810
1221,1203,948000000,604148865
1221,1203,949000000,604148919
1221,1203,950000000,604148974
1221,1203,951000000,604149027
1221,1203,952000000,604149082
1221,1203,953000000,604149137
1221,1203,954000000,604149192
1221,1203,955000000,604149245
1221,1203,956000000,604149297
1221,1203,957000000,604149353
1221,1203,958000000,604149406
1221,1203,959000000,604149461
1221,1203,960000000,604149515
1221,1203,961000000,604149568
1221,1203,962000000,604149624
1221,1203,963000000,604149678
1221,1203,964000000,604149731
1221,1203,965000000,604149786
1221,1203,966000000,604149840
1221,1203,967000000,604149895
1221,1203,968000000,604149948
1221,1203,969000000,604150002
1221,1203,970000000,604150054
1221,1203,971000000,604150109
1221,1203,972000000,604150165
1221,1203,973000000,604150218
1221,1203,974000000,604150272
1221,1203,975000000,604150327
1221,1203,976000000,604150382
1221,1203,977000000,604150436
1221,1203,978000000,604150490
1221,1203,979000000,604150543
1221,1203,980000000,604150598
1221,1203,981000000,604150653
1221,1203,982000000,604150707
1221,1203,983000000,604150759
1221,1203,984000000,604150814
1221,1203,985000000,604150867
1221,1203,986000000,604150922
1221,1203,987000000,604150977
1221,1203,988000000,604151030
1221,1203,989000000,606121543
1221,1203,990000000,606121594
1221,1203,991000000,606121650
1221,1203,992000000,606121702
1221,1203,993000000,606121757
1221,1203,994000000,606121808
1221,1203,995000000,606121860
1221,1203,996000000,606121913
1221,1203,997000000,606121966
1221,1203,998000000,606122019
1221,1203,999000000,606122071
1221,1203,1000000000,605856032
1221,1203,1001000000,605856086
1221,1203,1002000000,605856140
1221,1203,1003000000,605856196
1221,1203,1004000000,605856250
1221,1203,1005000000,605856303
1221,1203,1006000000,605856359
1221,1203,1007000000,605856412
1221,1203,1008000000,605856469
1221,1203,1009000000,605856522
1221,1203,1010000000,605856576
1221,1203,1011000000,605856630
1221,1203,1012000000,605856687
1221,1203,1013000000,605856740
1221,1203,1014000000,605856794
1221,1203,1015000000,605856849
1221,1203,1016000000,605856903
1221,1203,1017000000,605856959
1221,1203,1018000000,605857013
1221,1203,1019000000,605857068
1221,1203,1020000000,605857121
1221,1203,1021000000,605857178
1221,1203,1022000000,605857232
1221,1203,1023000000,605857285
1221,1203,1024000000,605857338
1221,1203,1025000000,605857394
1221,1203,1026000000,605857448
1221,1203,1027000000,605857503
1221,1203,1028000000,605857557
1221,1203,1029000000,605857612
1221,1203,1030000000,605857666
1221,1203,1031000000,605857721
1221,1203,1032000000,605857776
1221,1203,1033000000,605857829
1221,1203,1034000000,605857886
1221,1203,1035000000,605857939
1221,1203,1036000000,605857995
1221,1203,1037000000,605858048
1221,1203,1038000000,605858102
1221,1203,1039000000,605858156
1221,1203,1040000000,605858211
1221,1203,1041000000,605858265
1221,1203,1042000000,605858321
1221,1203,1043000000,605858375
1221,1203,1044000000,605858429
1221,1203,1045000000,605858483
1221,1203,1046000000,605858538
1221,1203,1047000000,605858593
1221,1203,1048000000,605858646
1221,1203,1049000000,605858702
1221,1203,1050000000,605858757
1221,1203,1051000000,605858810
1221,1203,1052000000,605858864
1221,1203,1053000000,605858919
1221,1203,1054000000,605858973
1221,1203,1055000000,605859029
1221,1203,1056000000,605859083
1221,1203,1057000000,605859138
1221,1203,1058000000,605859191
1221,1203,1059000000,605859246
1221,1203,1060000000,605859301
1221,1203,1061000000,605859354
1221,1203,1062000000,605859410
1221,1203,1063000000,605859464
1221,1203,1064000000,605859518
1221,1203,1065000000,605859573
1221,1203,1066000000,605859626
1221,1203,1067000000,605859681
1221,1203,1068000000,605859736
1221,1203,1069000000,605859790
1221,1203,1070000000,605859845
1221,1203,1071000000,605859900
1221,1203,1072000000,605859956
1221,1203,1073000000,605860008
1221,1203,1074000000,605860064
1221,1203,1075000000,605860118
1221,1203,1076000000,605860172
1221,1203,1077000000,605860227
1221,1203,1078000000,605860280
1221,1203,1079000000,605860335
1221,1203,1080000000,605860389
1221,1203,1081000000,605860444
1221,1203,1082000000,605860498
1221,1203,1083000000,605860553
1221,1203,1084000000,605860608
1221,1203,1085000000,605860663
1221,1203,1086000000,605860716
1221,1203,1087000000,605860771
1221,1203,1088000000,605860826
1221,1203,1089000000,605860880
1221,1203,1090000000,605860935
1221,1203,1091000000,605860988
1221,1203,1092000000,605861043
1221,1203,1093000000,605861099
1221,1203,1094000000,605861152
1221,1203,1095000000,605861206
1221,1203,1096000000,605861261
1221,1203,1097000000,605861316
1221,1203,1098000000,605861371
1221,1203,1099000000,605861425
1221,1203,1100000000,605861480
1221,1203,1101000000,605861533
1221,1203,1102000000,605861589
1221,1203,1103000000,605861643
1221,1203,1104000000,605861697
1221,1203,1105000000,605861752
1221,1203,1106000000,605861806
1221,1203,1107000000,605861860
1221,1203,1108000000,605861913
1221,1203,1109000000,605861969
1221,1203,1110000000,605862023
1221,1203,1111000000,605862077
1221,1203,1112000000,605862133
1221,1203,1113000000,605862189
1221,1203,1114000000,605862242
1221,1203,1115000000,605862296
1221,1203,1116000000,605862351
1221,1203,1117000000,605862406
1221,1203,1118000000,605862461
1221,1203,1119000000,605862515
1221,1203,1120000000,605862567
1221,1203,1121000000,605862625
1221,1203,1122000000,605862677
1221,1203,1123000000,605862732
1221,1203,1124000000,605862786
1221,1203,1125000000,605862839
1221,1203,1126000000,605862896
1221,1203,1127000000,605862950
1221,1203,1128000000,605863005
1221,1203,1129000000,605863057
1221,1203,1130000000,605863114
1221,1203,1131000000,605863168
1221,1203,1132000000,605863223
1221,1203,1133000000,605863277
1221,1203,1134000000,605863332
1221,1203,1135000000,605863386
1221,1203,1136000000,605863440
1221,1203,1137000000,605863494
1221,1203,1138000000,605863550
1221,1203,1139000000,605863603
1221,1203,1140000000,605863658
1221,1203,1141000000,605863713
1221,1203,1142000000,605863767
1221,1203,1143000000,605863821
1221,1203,1144000000,605863876
1221,1203,1145000000,605863930
1221,1203,1146000000,605863986
1221,1203,1147000000,605864040
1221,1203,1148000000,605864092
1221,1203,1149000000,605864149
1221,1203,1150000000,605864202
1221,1203,1151000000,605864257
1221,1203,1152000000,605864312
1221,1203,1153000000,605864366
1221,1203,1154000000,605864422
1221,1203,1155000000,605864477
1221,1203,1156000000,605864531
1221,1203,1157000000,605864583
1221,1203,1158000000,605864639
1221,1203,1159000000,605864694
1221,1203,1160000000,605864748
1221,1203,1161000000,605864803
1221,1203,1162000000,605864856
1221,1203,1163000000,605864911
1221,1203,1164000000,605864965
1221,1203,1165000000,605865019
1221,1203,1166000000,605865073
1221,1203,1167000000,605865128
1221,1203,1168000000,605865184
1221,1203,1169000000,605865238
1221,1203,1170000000,605865291
1221,1203,1171000000,605865346
1221,1203,1172000000,605865403
1221,1203,1173000000,605865456
1221,1203,1174000000,605865511
1221,1203,1175000000,605865566
1221,1203,1176000000,605865618
1221,1203,1177000000,605865674
1221,1203,1178000000,605865727
1221,1203,1179000000,605865783
1221,1203,1180000000,605865837
1221,1203,1181000000,605865891
1221,1203,1182000000,605865946
1221,1203,1183000000,605866002
1221,1203,1184000000,605866055
1221,1203,1185000000,605866109
1221,1203,1186000000,605866164
1221,1203,1187000000,605866220
1221,1203,1188000000,605866273
1221,1203,1189000000,605866329
1221,1203,1190000000,605866381
1221,1203,1191000000,605866435
1221,1203,1192000000,605866492
1221,1203,1193000000,605866545
1221,1203,1194000000,605866599
1221,1203,1195000000,605866654
1221,1203,1196000000,605866710
1221,1203,1197000000,605866764
1221,1203,1198000000,605866817
1221,1203,1199000000,605866872
1221,1203,1200000000,605866927
1221,1203,1201000000,605866981
1221,1203,1202000000,605867037
1221,1203,1203000000,605867090
1221,1203,1204000000,605867145
1221,1203,1205000000,605867199
1221,1203,1206000000,605867253
1221,1203,1207000000,605867307
1221,1203,1208000000,605867363
1221,1203,1209000000,605867416
1221,1203,1210000000,605867471
1221,1203,1211000000,605867526
1221,1203,1212000000,605867581
1221,1203,1213000000,605867635
1221,1203,1214000000,605867690
1221,1203,1215000000,605867746
1221,1203,1216000000,605867800
1221,1203,1217000000,605867856
1221,1203,1218000000,605867909
1221,1203,1219000000,605867962
1221,1203,1220000000,605868018
1221,1203,1221000000,605868072
1221,1203,1222000000,605868125
1221,1203,1223000000,605868181
1221,1203,1224000000,605868236
1221,1203,1225000000,605868291
1221,1203,1226000000,605868343
1221,1203,1227000000,605868397
1221,1203,1228000000,605868454
1221,1203,1229000000,605868507
1221,1203,1230000000,605868563
1221,1203,1231000000,605868616
1221,1203,1232000000,605868672
1221,1203,1233000000,605868726
1221,1203,1234000000,605868780
1221,1203,1235000000,605868834
1221,1203,1236000000,605868890
1221,1203,1237000000,605868943
1221,1203,1238000000,605868999
1221,1203,1239000000,605869053
1221,1203,1240000000,605869108
1221,1203,1241000000,605869161
1221,1203,1242000000,605869217
1221,1203,1243000000,605869271
1221,1203,1244000000,605869326
1221,1203,1245000000,605869380
1221,1203,1246000000,605869434
1221,1203,1247000000,605869487
1221,1203,1248000000,605869543
1221,1203,1249000000,605869597
1221,1203,1250000000,605869650
1221,1203,1251000000,605869706
1221,1203,1252000000,605869762
1221,1203,1253000000,605869817
1221,1203,1254000000,605869870
1221,1203,1255000000,605869924
1221,1203,1256000000,605869980
1221,1203,1257000000,605870035
1221,1203,1258000000,605870089
1221,1203,1259000000,605870143
1221,1203,1260000000,605870197
1221,1203,1261000000,605870253
1221,1203,1262000000,605870305
1221,1203,1263000000,605870359
1221,1203,1264000000,605870415
1221,1203,1265000000,605870468
1221,1203,1266000000,605870524
1221,1203,1267000000,605870578
1221,1203,1268000000,605870633
1221,1203,1269000000,605870686
1221,1203,1270000000,605870742
1221,1203,1271000000,605870796
1221,1203,1272000000,605870851
1221,1203,1273000000,605870906
1221,1203,1274000000,605870961
1221,1203,1275000000,605871014
1221,1203,1276000000,605871070
1221,1203,1277000000,605871123
1221,1203,1278000000,605871177
1221,1203,1279000000,605871232
1221,1203,1280000000,605871288
1221,1203,1281000000,605871342
1221,1203,1282000000,605871395
1221,1203,1283000000,605871449
1221,1203,1284000000,605871505
1221,1203,1285000000,605871560
1221,1203,1286000000,605871614
1221,1203,1287000000,605871668
1221,1203,1288000000,605871723
1221,1203,1289000000,605871778
1221,1203,1290000000,605871830
1221,1203,1291000000,605871886
1221,1203,1292000000,605871940
1221,1203,1293000000,605871996
1221,1203,1294000000,605872050
1221,1203,1295000000,605872104
1221,1203,1296000000,605872159
1221,1203,1297000000,605872213
1221,1203,1298000000,605872268
1221,1203,1299000000,605872323
1221,1203,1300000000,605872377
1221,1203,1301000000,605872431
1221,1203,1302000000,605872485
1221,1203,1303000000,605872539
1221,1203,1304000000,605872596
1221,1203,1305000000,605872648
1221,1203,1306000000,605872702
1221,1203,1307000000,605872758
1221,1203,1308000000,605872813
1221,1203,1309000000,605872866
1221,1203,1310000000,605872921
1221,1203,1311000000,605872974
1221,1203,1312000000,605873031
1221,1203,1313000000,605873086
1221,1203,1314000000,605873141
1221,1203,1315000000,605873194
1221,1203,1316000000,605873249
1221,1203,1317000000,605873304
1221,1203,1318000000,605873358
1221,1203,1319000000,605873413
1221,1203,1320000000,605873466
1221,1203,1321000000,605873521
1221,1203,1322000000,605873576
1221,1203,1323000000,605873629
1221,1203,1324000000,605873684
1221,1203,1325000000,605873739
1221,1203,1326000000,605873793
1221,1203,1327000000,605873848
1221,1203,1328000000,605873903
1221,1203,1329000000,605873957
1221,1203,1330000000,605874011
1221,1203,1331000000,605874065
1221,1203,1332000000,605874121
1221,1203,1333000000,605874176
1221,1203,1334000000,605874228
1221,1203,1335000000,605874285
1221,1203,1336000000,605874339
1221,1203,1337000000,605874393
1221,1203,1338000000,605874447
1221,1203,1339000000,605874501
1221,1203,1340000000,605874557
1221,1203,1341000000,605874611
1221,1203,1342000000,605874666
1221,1203,1343000000,605874719
1221,1203,1344000000,605874775
1221,1203,1345000000,605874829
1221,1203,1346000000,605874883
1221,1203,1347000000,605874939
1221,1203,1348000000,605874993
1221,1203,1349000000,605875046
1221,1203,1350000000,605875102
1221,1203,1351000000,605875155
1221,1203,1352000000,605875210
1221,1203,1353000000,605875266
1221,1203,1354000000,605875320
1221,1203,1355000000,605875375
1221,1203,1356000000,605875430
1221,1203,1357000000,605875483
1221,1203,1358000000,605875538
1221,1203,1359000000,605875593
1221,1203,1360000000,605875647
1221,1203,1361000000,605875701
1221,1203,1362000000,605875755
1221,1203,1363000000,605875811
1221,1203,1364000000,605875864
1221,1203,1365000000,605875919
1221,1203,1366000000,605875972
1221,1203,1367000000,605876028
1221,1203,1368000000,605876083
1221,1203,1369000000,605876137
1221,1203,1370000000,605876191
1221,1203,1371000000,605876246
1221,1203,1372000000,605876300
1221,1203,1373000000,605876356
1221,1203,1374000000,605876409
1221,1203,1375000000,605876466
1221,1203,1376000000,605876521
1221,1203,1377000000,605876575
1221,1203,1378000000,605876629
1221,1203,1379000000,605876683
1221,1203,1380000000,605876737
1221,1203,1381000000,605876792
1221,1203,1382000000,605876846
1221,1203,1383000000,605876901
1221,1203,1384000000,605876956
1221,1203,1385000000,605877009
1221,1203,1386000000,605877064
1221,1203,1387000000,605877119
1221,1203,1388000000,605877174
1221,1203,1389000000,605877227
1221,1203,1390000000,605877283
1221,1203,1391000000,605877338
1221,1203,1392000000,605877392
1221,1203,1393000000,605877446
1221,1203,1394000000,605877501
1221,1203,1395000000,605877555
1221,1203,1396000000,605877611
1221,1203,1397000000,605877664
1221,1203,1398000000,605877720
1221,1203,1399000000,605877774
1221,1203,1400000000,605877828
1221,1203,1401000000,605877882
1221,1203,1402000000,605877937
1221,1203,1403000000,605877992
1221,1203,1404000000,605878046
1221,1203,1405000000,605878101
1221,1203,1406000000,605878155
1221,1203,1407000000,605878209
1221,1203,1408000000,605878263
1221,1203,1409000000,605878318
1221,1203,1410000000,605878372
1221,1203,1411000000,605878428
1221,1203,1412000000,605878481
1221,1203,1413000000,605878536
1221,1203,1414000000,605878591
1221,1203,1415000000,605878646
1221,1203,1416000000,605878700
1221,1203,1417000000,605878754
1221,1203,1418000000,605878810
1221,1203,1419000000,605878865
1221,1203,1420000000,605878917
1221,1203,1421000000,605878973
1221,1203,1422000000,605879027
1221,1203,1423000000,605879080
1221,1203,1424000000,605879136
1221,1203,1425000000,605879189
1221,1203,1426000000,605879245
1221,1203,1427000000,605879299
1221,1203,1428000000,605879353
1221,1203,1429000000,605879408
1221,1203,1430000000,605879463
1221,1203,1431000000,605879517
1221,1203,1432000000,605879572
1221,1203,1433000000,605879628
1221,1203,1434000000,605879682
1221,1203,1435000000,605879735
1221,1203,1436000000,605879792
1221,1203,1437000000,605879845
1221,1203,1438000000,605879899
1221,1203,1439000000,605879954
1221,1203,1440000000,605880008
1221,1203,1441000000,605880062
1221,1203,1442000000,605880118
1221,1203,1443000000,605880171
1221,1203,1444000000,605880225
1221,1203,1445000000,605880282
1221,1203,1446000000,605880335
1221,1203,1447000000,605880390
1221,1203,1448000000,605880443
1221,1203,1449000000,605880499
1221,1203,1450000000,605880553
1221,1203,1451000000,605880608
1221,1203,1452000000,605880661
1221,1203,1453000000,605880717
1221,1203,1454000000,605880773
1221,1203,1455000000,605880826
1221,1203,1456000000,605880880
1221,1203,1457000000,605880936
1221,1203,1458000000,605880989
1221,1203,1459000000,605881045
1221,1203,1460000000,605881099
1221,1203,1461000000,605881154
1221,1203,1462000000,605881207
1221,1203,1463000000,605881261
1221,1203,1464000000,605881318
1221,1203,1465000000,605881372
1221,1203,1466000000,605881425
1221,1203,1467000000,605881480
1221,1203,1468000000,605881535
1221,1203,1469000000,605881587
1221,1203,1470000000,605881643
1221,1203,1471000000,605881696
1221,1203,1472000000,605881752
1221,1203,1473000000,605881808
1221,1203,1474000000,605881862
1221,1203,1475000000,605881916
1221,1203,1476000000,605881971
1221,1203,1477000000,605882026
1221,1203,1478000000,605882080
1221,1203,1479000000,605882135
1221,1203,1480000000,605882190
1221,1203,1481000000,605882243
1221,1203,1482000000,605882299
1221,1203,1483000000,605882352
1221,1203,1484000000,605882406
1221,1203,1485000000,605882461
1221,1203,1486000000,605882516
1221,1203,1487000000,605882571
1221,1203,1488000000,605882626
1221,1203,1489000000,605882679
1221,1203,1490000000,605882732
1221,1203,1491000000,605882789
1221,1203,1492000000,605882843
1221,1203,1493000000,605882897
1221,1203,1494000000,605882952
1221,1203,1495000000,605883009
1221,1203,1496000000,605883061
1221,1203,1497000000,605883116
1221,1203,1498000000,605883169
1221,1203,1499000000,605883224
1221,1203,1500000000,605883280
1221,1203,1501000000,605883334
1221,1203,1502000000,605883388
1221,1203,1503000000,605883443
1221,1203,1504000000,605883496
1221,1203,1505000000,605883552
1221,1203,1506000000,605883607
1221,1203,1507000000,605883661
1221,1203,1508000000,605883715
1221,1203,1509000000,605883770
1221,1203,1510000000,605883825
1221,1203,1511000000,605883879
1221,1203,1512000000,605883932
1221,1203,1513000000,605883986
1221,1203,1514000000,605884043
1221,1203,1515000000,605884097
1221,1203,1516000000,605884152
1221,1203,1517000000,605884204
1221,1203,1518000000,605884261
1221,1203,1519000000,605884315
1221,1203,1520000000,605884370
1221,1203,1521000000,605884424
1221,1203,1522000000,605884479
1221,1203,1523000000,605884534
1221,1203,1524000000,605884587
1221,1203,1525000000,605884643
1221,1203,1526000000,605884697
1221,1203,1527000000,605884751
1221,1203,1528000000,605884806
1221,1203,1529000000,605884860
1221,1203,1530000000,605884914
1221,1203,1531000000,605884968
1221,1203,1532000000,605885023
1221,1203,1533000000,605885078
1221,1203,1534000000,605885134
1221,1203,1535000000,605885188
1221,1203,1536000000,605885244
1221,1203,1537000000,605885299
1221,1203,1538000000,605885352
1221,1203,1539000000,605885406
1221,1203,1540000000,605885461
1221,1203,1541000000,605885517
1221,1203,1542000000,605885570
1221,1203,1543000000,605885625
1221,1203,1544000000,605885679
1221,1203,1545000000,605885733
1221,1203,1546000000,605885788
1221,1203,1547000000,605885842
1221,1203,1548000000,605885897
1221,1203,1549000000,605885952
1221,1203,1550000000,605886006
1221,1203,1551000000,605886061
1221,1203,1552000000,605886115
1221,1203,1553000000,605886170
1221,1203,1554000000,605886225
1221,1203,1555000000,605886281
1221,1203,1556000000,605886335
1221,1203,1557000000,605886389
1221,1203,1558000000,605886442
1221,1203,1559000000,605886498
1221,1203,1560000000,605886551
1221,1203,1561000000,605886606
1221,1203,1562000000,605886660
1221,1203,1563000000,605886715
1221,1203,1564000000,605886771
1221,1203,1565000000,605886824
1221,1203,1566000000,605886878
1221,1203,1567000000,605886932
1221,1203,1568000000,605886988
1221,1203,1569000000,605887042
1221,1203,1570000000,605887097
1221,1203,1571000000,605887152
1221,1203,1572000000,605887206
1221,1203,1573000000,605887259
1221,1203,1574000000,605887316
1221,1203,1575000000,605887369
1221,1203,1576000000,605887424
1221,1203,1577000000,605887479
1221,1203,1578000000,605887534
1221,1203,1579000000,605887587
1221,1203,1580000000,605887642
1221,1203,1581000000,605887696
1221,1203,1582000000,605887752
1221,1203,1583000000,605887806
1221,1203,1584000000,605887861
1221,1203,1585000000,605887915
1221,1203,1586000000,605887970
1221,1203,1587000000,605888024
1221,1203,1588000000,605888077
1221,1203,1589000000,605888133
1221,1203,1590000000,605888186
1221,1203,1591000000,605888241
1221,1203,1592000000,605888296
1221,1203,1593000000,605888350
1221,1203,1594000000,605888405
1221,1203,1595000000,605888461
1221,1203,1596000000,605888514
1221,1203,1597000000,605888570
1221,1203,1598000000,605888624
1221,1203,1599000000,605888679
1221,1203,1600000000,605888733
1221,1203,1601000000,605888788
1221,1203,1602000000,605888842
1221,1203,1603000000,605888896
1221,1203,1604000000,605888953
1221,1203,1605000000,605889006
1221,1203,1606000000,605889059
1221,1203,1607000000,605889114
1221,1203,1608000000,605889168
1221,1203,1609000000,605889224
1221,1203,1610000000,605889278
1221,1203,1611000000,605889332
1221,1203,1612000000,605889387
1221,1203,1613000000,605889442
1221,1203,1614000000,605889497
1221,1203,1615000000,605889551
1221,1203,1616000000,605889606
1221,1203,1617000000,605889660
1221,1203,1618000000,605889715
1221,1203,1619000000,605889770
1221,1203,1620000000,605889824
1221,1203,1621000000,605889876
1221,1203,1622000000,605889933
1221,1203,1623000000,605889987
1221,1203,1624000000,605890041
1221,1203,1625000000,605890096
1221,1203,1626000000,605890151
1221,1203,1627000000,605890206
1221,1203,1628000000,605890260
1221,1203,1629000000,605890313
1221,1203,1630000000,605890369
1221,1203,1631000000,605890424
1221,1203,1632000000,605890479
1221,1203,1633000000,605890532
1221,1203,1634000000,605890588
1221,1203,1635000000,605890642
1221,1203,1636000000,605890696
1221,1203,1637000000,605890751
1221,1203,1638000000,605890806
1221,1203,1639000000,605890859
1221,1203,1640000000,605890914
1221,1203,1641000000,605890970
1221,1203,1642000000,605891023
1221,1203,1643000000,605891077
1221,1203,1644000000,605891131
1221,1203,1645000000,605891188
1221,1203,1646000000,605891241
1221,1203,1647000000,605891297
1221,1203,1648000000,605891350
1221,1203,1649000000,605891405
1221,1203,1650000000,605891460
1221,1203,1651000000,605891513
1221,1203,1652000000,605891567
1221,1203,1653000000,605891623
1221,1203,1654000000,605891678
1221,1203,1655000000,605891732
1221,1203,1656000000,605891787
1221,1203,1657000000,605891841
1221,1203,1658000000,605891896
1221,1203,1659000000,605891951
1221,1203,1660000000,605892006
1221,1203,1661000000,605892060
1221,1203,1662000000,605892113
1221,1203,1663000000,605892170
1221,1203,1664000000,605892223
1221,1203,1665000000,605892279
1221,1203,1666000000,605892332
1221,1203,1667000000,605892387
1221,1203,1668000000,605892442
1221,1203,1669000000,605892494
1221,1203,1670000000,605892549
1221,1203,1671000000,605892604
1221,1203,1672000000,605892659
1221,1203,1673000000,605892713
1221,1203,1674000000,605892770
1221,1203,1675000000,605892824
1221,1203,1676000000,605892878
1221,1203,1677000000,605892932
1221,1203,1678000000,605892988
1221,1203,1679000000,605893041
1221,1203,1680000000,605893097
1221,1203,1681000000,605893151
1221,1203,1682000000,605893206
1221,1203,1683000000,605893259
1221,1203,1684000000,605893313
1221,1203,1685000000,605893368
1221,1203,1686000000,605893424
1221,1203,1687000000,605893477
1221,1203,1688000000,605893532
1221,1203,1689000000,605893587
1221,1203,1690000000,605893641
1221,1203,1691000000,605893695
1221,1203,1692000000,605893750
1221,1203,1693000000,605893805
1221,1203,1694000000,605893861
1221,1203,1695000000,605893915
1221,1203,1696000000,605893971
1221,1203,1697000000,605894023
1221,1203,1698000000,605894079
1221,1203,1699000000,605894132
1221,1203,1700000000,605894186
1221,1203,1701000000,605894242
1221,1203,1702000000,605894295
1221,1203,1703000000,605894351
1221,1203,1704000000,605894405
1221,1203,1705000000,605894459
1221,1203,1706000000,605894513
1221,1203,1707000000,605894570
1221,1203,1708000000,605894624
1221,1203,1709000000,605894678
1221,1203,1710000000,605894732
1221,1203,1711000000,605894787
1221,1203,1712000000,605894841
1221,1203,1713000000,605894897
1221,1203,1714000000,605894950
1221,1203,1715000000,605895005
1221,1203,1716000000,605895061
1221,1203,1717000000,605895115
1221,1203,1718000000,605895168
1221,1203,1719000000,605895224
1221,1203,1720000000,605895277
1221,1203,1721000000,605895333
1221,1203,1722000000,605895387
1221,1203,1723000000,605895442
1221,1203,1724000000,602763100
1221,1203,1725000000,602763137
1221,1203,1726000000,602763175
1221,1203,1727000000,602763212
1221,1203,1728000000,602763250
1221,1203,1729000000,602763288
1221,1203,1730000000,602763324
1221,1203,1731000000,602763360
1221,1203,1732000000,602763398
1221,1203,1733000000,602763435
1221,1203,1734000000,604609343
1221,1203,1735000000,604609371
1221,1203,1736000000,604609396
1221,1203,1737000000,604609419
1221,1203,1738000000,604609443
1221,1203,1739000000,604609470
1221,1203,1740000000,604609493
1221,1203,1741000000,604609519
1221,1203,1742000000,604609543
1221,1203,1743000000,604609568
1221,1203,1744000000,604609593
1221,1203,1745000000,604609617
1221,1203,1746000000,604609641
1221,1203,1747000000,604609667
1221,1203,1748000000,604609692
1221,1203,1749000000,604609717
1221,1203,1750000000,604609742
1221,1203,1751000000,604609765
1221,1203,1752000000,604609791
1221,1203,1753000000,604609815
1221,1203,1754000000,604609840
1221,1203,1755000000,604609866
1221,1203,1756000000,604609893
1221,1203,1757000000,604609917
1221,1203,1758000000,604609941
1221,1203,1759000000,604609967
1221,1203,1760000000,604609991
1221,1203,1761000000,604610015
1221,1203,1762000000,604610041
1221,1203,1763000000,604610065
1221,1203,1764000000,604610090
1221,1203,1765000000,604610116
1221,1203,1766000000,604610138
1221,1203,1767000000,604610164
1221,1203,1768000000,604610188
1221,1203,1769000000,604610215
1221,1203,1770000000,604610239
1221,1203,1771000000,604610263
1221,1203,1772000000,604610289
1221,1203,1773000000,604610312
1221,1203,1774000000,604610338
1221,1203,1775000000,604610363
1221,1203,1776000000,604610387
1221,1203,1777000000,604610414
1221,1203,1778000000,604610438
1221,1203,1779000000,604610461
1221,1203,1780000000,604610487
1221,1203,1781000000,604610512
1221,1203,1782000000,604610537
1221,1203,1783000000,604610562
1221,1203,1784000000,604610586
1221,1203,1785000000,604610612
1221,1203,1786000000,604610636
1221,1203,1787000000,604610661
1221,1203,1788000000,604610684
1221,1203,1789000000,604610710
1221,1203,1790000000,604610735
1221,1203,1791000000,604610759
1221,1203,1792000000,604610784
1221,1203,1793000000,604610810
1221,1203,1794000000,604610834
1221,1203,1795000000,604610860
1221,1203,1796000000,604610884
1221,1203,1797000000,604610909
1221,1203,1798000000,604610935
1221,1203,1799000000,604610958
1221,1203,1800000000,604610983
1221,1203,1801000000,604611007
1221,1203,1802000000,604611033
1221,1203,1803000000,604611058
1221,1203,1804000000,604611083
1221,1203,1805000000,604611107
1221,1203,1806000000,604611132
1221,1203,1807000000,604611158
1221,1203,1808000000,604611181
1221,1203,1809000000,604611205
1221,1203,1810000000,604611232
1221,1203,1811000000,604611257
1221,1203,1812000000,604611280
1221,1203,1813000000,604611306
1221,1203,1814000000,604611330
1221,1203,1815000000,604611355
1221,1203,1816000000,604611381
1221,1203,1817000000,604611405
1221,1203,1818000000,604611430
1221,1203,1819000000,604611455
1221,1203,1820000000,604611481
1221,1203,1821000000,604611504
1221,1203,1822000000,604611529
1221,1203,1823000000,604611554
1221,1203,1824000000,604611579
1221,1203,1825000000,604611604
1221,1203,1826000000,604611629
1221,1203,1827000000,604611654
1221,1203,1828000000,604611677
1221,1203,1829000000,604611702
1221,1203,1830000000,604611727
1221,1203,1831000000,604611753
1221,1203,1832000000,604611776
1221,1203,1833000000,604611802
1221,1203,1834000000,604611827
1221,1203,1835000000,604611852
1221,1203,1836000000,604611876
1221,1203,1837000000,604611902
1221,1203,1838000000,604611927
1221,1203,1839000000,604611951
1221,1203,1840000000,604611978
1221,1203,1841000000,604612001
1221,1203,1842000000,604612024
1221,1203,1843000000,604612051
1221,1203,1844000000,604612076
1221,1203,1845000000,604612100
1221,1203,1846000000,604612125
1221,1203,1847000000,604612150
1221,1203,1848000000,604612175
1221,1203,1849000000,604612199
1221,1203,1850000000,604612223
1221,1203,1851000000,604612249
1221,1203,1852000000,604612274
1221,1203,1853000000,604612300
1221,1203,1854000000,604612323
1221,1203,1855000000,604612351
1221,1203,1856000000,604612374
1221,1203,1857000000,604612399
1221,1203,1858000000,604612425
1221,1203,1859000000,604612449
1221,1203,1860000000,604612474
1221,1203,1861000000,604612499
1221,1203,1862000000,604612524
1221,1203,1863000000,604612547
1221,1203,1864000000,604612573
1221,1203,1865000000,604612597
1221,1203,1866000000,604612622
1221,1203,1867000000,604612646
1221,1203,1868000000,604612673
1221,1203,1869000000,604612696
1221,1203,1870000000,604612721
1221,1203,1871000000,604612746
1221,1203,1872000000,604612771
1221,1203,1873000000,604612797
1221,1203,1874000000,604612820
1221,1203,1875000000,604612846
1221,1203,1876000000,604612871
1221,1203,1877000000,604612895
1221,1203,1878000000,604612920
1221,1203,1879000000,604612946
1221,1203,1880000000,604612971
1221,1203,1881000000,604612995
1221,1203,1882000000,604613021
1221,1203,1883000000,604613043
1221,1203,1884000000,604613069
1221,1203,1885000000,604613094
1221,1203,1886000000,604613120
1221,1203,1887000000,604613142
1221,1203,1888000000,604613169
1221,1203,1889000000,604613194
1221,1203,1890000000,604613216
1221,1203,1891000000,604613243
1221,1203,1892000000,604613268
1221,1203,1893000000,604613293
1221,1203,1894000000,604613317
1221,1203,1895000000,604613344
1221,1203,1896000000,604613370
1221,1203,1897000000,604613392
1221,1203,1898000000,604613417
1221,1203,1899000000,604613443
1221,1203,1900000000,604613466
1221,1203,1901000000,604613493
1221,1203,1902000000,604613518
1221,1203,1903000000,604613542
1221,1203,1904000000,604613566
1221,1203,1905000000,604613591
1221,1203,1906000000,604613617
1221,1203,1907000000,604613640
1221,1203,1908000000,604613665
1221,1203,1909000000,604613691
1221,1203,1910000000,604613716
1221,1203,1911000000,604613739
1221,1203,1912000000,604613764
1221,1203,1913000000,604613790
1221,1203,1914000000,604613814
1221,1203,1915000000,604613839
1221,1203,1916000000,604613879
1221,1203,1917000000,604613905
1221,1203,1918000000,604613928
1221,1203,1919000000,604613954
1221,1203,1920000000,604613977
1221,1203,1921000000,604614003
1221,1203,1922000000,604614029
1221,1203,1923000000,604614052
1221,1203,1924000000,604614079
1221,1203,1925000000,604614102
1221,1203,1926000000,604614127
1221,1203,1927000000,604614152
1221,1203,1928000000,604614176
1221,1203,1929000000,604614202
1221,1203,1930000000,604614227
1221,1203,1931000000,604614249
1221,1203,1932000000,604614275
1221,1203,1933000000,604614301
1221,1203,1934000000,604614326
1221,1203,1935000000,604614350
1221,1203,1936000000,604614376
1221,1203,1937000000,604614402
1221,1203,1938000000,604614424
1221,1203,1939000000,604614451
1221,1203,1940000000,604614474
1221,1203,1941000000,604614500
1221,1203,1942000000,604614526
1221,1203,1943000000,604614549
1221,1203,1944000000,604614575
1221,1203,1945000000,604614599
1221,1203,1946000000,604614623
1221,1203,1947000000,604614648
1221,1203,1948000000,604614674
1221,1203,1949000000,604614699
1221,1203,1950000000,604614723
1221,1203,1951000000,604614748
1221,1203,1952000000,604614772
1221,1203,1953000000,604614797
1221,1203,1954000000,604614822
1221,1203,1955000000,604614848
1221,1203,1956000000,604614871
1221,1203,1957000000,604614898
1221,1203,1958000000,604614923
1221,1203,1959000000,604614946
1221,1203,1960000000,604614971
1221,1203,1961000000,604614996
1221,1203,1962000000,604615022
1221,1203,1963000000,604615046
1221,1203,1964000000,604615071
1221,1203,1965000000,604615096
1221,1203,1966000000,604615120
1221,1203,1967000000,604615145
1221,1203,1968000000,604615170
1221,1203,1969000000,604615195
1221,1203,1970000000,604615220
1221,1203,1971000000,604615244
1221,1203,1972000000,604615271
1221,1203,1973000000,604615292
1221,1203,1974000000,604615318
1221,1203,1975000000,604615345
1221,1203,1976000000,604615369
1221,1203,1977000000,604615394
1221,1203,1978000000,604615420
1221,1203,1979000000,604615444
1221,1203,1980000000,604615467
1221,1203,1981000000,604615493
1221,1203,1982000000,604615519
1221,1203,1983000000,604615543
1221,1203,1984000000,604615568
1221,1203,1985000000,604615593
1221,1203,1986000000,604615617
1221,1203,1987000000,604615642
1221,1203,1988000000,604615667
1221,1203,1989000000,604615690
1221,1203,1990000000,604615718
1221,1203,1991000000,604615741
1221,1203,1992000000,604615766
1221,1203,1993000000,604615790
1221,1203,1994000000,604615815
1221,1203,1995000000,604615841
1221,1203,1996000000,604615866
1221,1203,1997000000,604615891
1221,1203,1998000000,604615917
1221,1203,1999000000,604615941
1221,1203,2000000000,598164528
1221,1203,2001000000,598164551
1221,1203,2002000000,598164572
1221,1203,2003000000,598164595
1221,1203,2004000000,598164615
1221,1203,2005000000,598164638
1221,1203,2006000000,598164659
1221,1203,2007000000,598164681
1221,1203,2008000000,598164702
1221,1203,2009000000,598164723
1221,1203,2010000000,598164746
1221,1203,2011000000,598164766
1221,1203,2012000000,598164789
1221,1203,2013000000,598164811
1221,1203,2014000000,598164832
1221,1203,2015000000,598164853
1221,1203,2016000000,598164875
1221,1203,2017000000,598164898
1221,1203,2018000000,598164918
1221,1203,2019000000,598164938
1221,1203,2020000000,598164961
1221,1203,2021000000,598164983
1221,1203,2022000000,598165004
1221,1203,2023000000,598165027
1221,1203,2024000000,598165048
1221,1203,2025000000,598165070
1221,1203,2026000000,598165090
1221,1203,2027000000,598165113
1221,1203,2028000000,598165133
1221,1203,2029000000,598165155
1221,1203,2030000000,598165178
1221,1203,2031000000,598165199
1221,1203,2032000000,598165219
1221,1203,2033000000,598165242
1221,1203,2034000000,598165264
1221,1203,2035000000,598165283
1221,1203,2036000000,598165305
1221,1203,2037000000,598165327
1221,1203,2038000000,598165350
1221,1203,2039000000,598165370
1221,1203,2040000000,598165392
1221,1203,2041000000,598165415
1221,1203,2042000000,598165434
1221,1203,2043000000,598165458
1221,1203,2044000000,598165478
1221,1203,2045000000,598165501
1221,1203,2046000000,598165521
1221,1203,2047000000,598165543
1221,1203,2048000000,598165565
1221,1203,2049000000,598165586
1221,1203,2050000000,598165609
1221,1203,2051000000,598165630
1221,1203,2052000000,598165651
1221,1203,2053000000,598165671
1221,1203,2054000000,598165694
1221,1203,2055000000,598165715
1221,1203,2056000000,598165737
1221,1203,2057000000,598165758
1221,1203,2058000000,598165782
1221,1203,2059000000,598165803
1221,1203,2060000000,598165824
1221,1203,2061000000,598165846
1221,1203,2062000000,598165866
1221,1203,2063000000,598165890
1221,1203,2064000000,598165910
1221,1203,2065000000,598165932
1221,1203,2066000000,598165954
1221,1203,2067000000,598165975
1221,1203,2068000000,598165997
1221,1203,2069000000,598166018
1221,1203,2070000000,598166040
1221,1203,2071000000,598166061
1221,1203,2072000000,598166082
1221,1203,2073000000,598166104
1221,1203,2074000000,598166126
1221,1203,2075000000,598166146
1221,1203,2076000000,598166169
1221,1203,2077000000,598166190
1221,1203,2078000000,598166213
1221,1203,2079000000,598166234
1221,1203,2080000000,598166254
1221,1203,2081000000,598166276
1221,1203,2082000000,598166297
1221,1203,2083000000,598166321
1221,1203,2084000000,598166342
1221,1203,2085000000,598166362
1221,1203,2086000000,598166385
1221,1203,2087000000,598166407
1221,1203,2088000000,598166427
1221,1203,2089000000,598166448
1221,1203,2090000000,598166471
1221,1203,2091000000,598166493
1221,1203,2092000000,598166513
1221,1203,2093000000,598166535
1221,1203,2094000000,598166558
1221,1203,2095000000,598166578
1221,1203,2096000000,598166600
1221,1203,2097000000,598166620
1221,1203,2098000000,598166644
1221,1203,2099000000,598166664
1221,1203,2100000000,598166685
1221,1203,2101000000,598166709
1221,1203,2102000000,598166730
1221,1203,2103000000,598166753
1221,1203,2104000000,598166774
1221,1203,2105000000,598166795
1221,1203,2106000000,598166816
1221,1203,2107000000,598166838
1221,1203,2108000000,598166860
1221,1203,2109000000,598166881
1221,1203,2110000000,598166903
1221,1203,2111000000,598166925
1221,1203,2112000000,598166946
1221,1203,2113000000,598166966
1221,1203,2114000000,598166990
1221,1203,2115000000,598167009
1221,1203,2116000000,598167032
1221,1203,2117000000,598167052
1221,1203,2118000000,598167075
1221,1203,2119000000,598167097
1221,1203,2120000000,598167118
1221,1203,2121000000,598167140
1221,1203,2122000000,598167161
1221,1203,2123000000,598167184
1221,1203,2124000000,598167204
1221,1203,2125000000,598167226
1221,1203,2126000000,598167248
1221,1203,2127000000,598167270
1221,1203,2128000000,598167291
1221,1203,2129000000,598167312
1221,1203,2130000000,598167335
1221,1203,2131000000,598167356
1221,1203,2132000000,598167376
1221,1203,2133000000,598167397
1221,1203,2134000000,598167421
1221,1203,2135000000,598167441
1221,1203,2136000000,598167463
1221,1203,2137000000,598167485
1221,1203,2138000000,598167506
1221,1203,2139000000,598167528
1221,1203,2140000000,598167549
1221,1203,2141000000,598167572
1221,1203,2142000000,598167591
1221,1203,2143000000,598167614
1221,1203,2144000000,598167637
1221,1203,2145000000,598167659
1221,1203,2146000000,598167681
1221,1203,2147000000,598167702
1221,1203,2148000000,598167724
1221,1203,2149000000,598167744
1221,1203,2150000000,598167766
1221,1203,2151000000,598167787
1221,1203,2152000000,598167809
1221,1203,2153000000,598167829
1221,1203,2154000000,598167853
1221,1203,2155000000,598167875
1221,1203,2156000000,598167895
1221,1203,2157000000,598167917
1221,1203,2158000000,598167939
1221,1203,2159000000,598167960
1221,1203,2160000000,598167980
1221,1203,2161000000,598168002
1221,1203,2162000000,598168025
1221,1203,2163000000,598168046
1221,1203,2164000000,598168068
1221,1203,2165000000,598168090
1221,1203,2166000000,598168112
1221,1203,2167000000,598168133
1221,1203,2168000000,598168154
1221,1203,2169000000,598168175
1221,1203,2170000000,598168198
1221,1203,2171000000,598168218
1221,1203,2172000000,598168241
1221,1203,2173000000,598168261
1221,1203,2174000000,598168285
1221,1203,2175000000,598168306
1221,1203,2176000000,598168326
1221,1203,2177000000,598168348
1221,1203,2178000000,598168369
1221,1203,2179000000,598168391
1221,1203,2180000000,598168412
1221,1203,2181000000,598168435
1221,1203,2182000000,598168456
1221,1203,2183000000,598168477
1221,1203,2184000000,598168502
1221,1203,2185000000,598168523
1221,1203,2186000000,598168543
1221,1203,2187000000,598168565
1221,1203,2188000000,598168587
1221,1203,2189000000,598168607
1221,1203,2190000000,598168630
1221,1203,2191000000,598168651
1221,1203,2192000000,598168674
1221,1203,2193000000,598168695
1221,1203,2194000000,598168716
1221,1203,2195000000,598168738
1221,1203,2196000000,598168757
1221,1203,2197000000,598168781
1221,1203,2198000000,598168802
1221,1203,2199000000,598168824
1221,1203,2200000000,598168844
1221,1203,2201000000,598168867
1221,1203,2202000000,598168890
1221,1203,2203000000,598168910
1221,1203,2204000000,598168931
1221,1203,2205000000,598168954
1221,1203,2206000000,598168975
1221,1203,2207000000,598168996
1221,1203,2208000000,598169018
1221,1203,2209000000,598169040
1221,1203,2210000000,598169062
1221,1203,2211000000,598169083
1221,1203,2212000000,598169104
1221,1203,2213000000,598169126
1221,1203,2214000000,598169146
1221,1203,2215000000,598169169
1221,1203,2216000000,598169190
1221,1203,2217000000,598169213
1221,1203,2218000000,598169233
1221,1203,2219000000,598169255
1221,1203,2220000000,598169277
1221,1203,2221000000,598169298
1221,1203,2222000000,598169320
1221,1203,2223000000,598169340
1221,1203,2224000000,598169364
1221,1203,2225000000,598169386
1221,1203,2226000000,598169408
1221,1203,2227000000,598169429
1221,1203,2228000000,598169451
1221,1203,2229000000,598169473
1221,1203,2230000000,598169493
1221,1203,2231000000,598169515
1221,1203,2232000000,598169536
1221,1203,2233000000,598169558
1221,1203,2234000000,598169579
1221,1203,2235000000,598169602
1221,1203,2236000000,598169622
1221,1203,2237000000,598169644
1221,1203,2238000000,598169667
1221,1203,2239000000,598169687
1221,1203,2240000000,598169708
1221,1203,2241000000,598169730
1221,1203,2242000000,598169752
1221,1203,2243000000,598169774
1221,1203,2244000000,598169795
1221,1203,2245000000,598169818
1221,1203,2246000000,598169840
1221,1203,2247000000,598169860
1221,1203,2248000000,598169882
1221,1203,2249000000,598169905
1221,1203,2250000000,598169926
1221,1203,2251000000,598169947
1221,1203,2252000000,598169968
1221,1203,2253000000,598169992
1221,1203,2254000000,598170012
1221,1203,2255000000,598170034
1221,1203,2256000000,598170056
1221,1203,2257000000,598170076
1221,1203,2258000000,598170098
1221,1203,2259000000,598170119
1221,1203,2260000000,598170142
1221,1203,2261000000,598170163
1221,1203,2262000000,598170185
1221,1203,2263000000,598170207
1221,1203,2264000000,598170229
1221,1203,2265000000,598170253
1221,1203,2266000000,598170272
1221,1203,2267000000,598170293
1221,1203,2268000000,598170316
1221,1203,2269000000,598170337
1221,1203,2270000000,598170358
1221,1203,2271000000,598170380
1221,1203,2272000000,598170402
1221,1203,2273000000,598170424
1221,1203,2274000000,598170444
1221,1203,2275000000,598170465
1221,1203,2276000000,598170489
1221,1203,2277000000,598170509
1221,1203,2278000000,598170531
1221,1203,2279000000,598170552
1221,1203,2280000000,598170575
1221,1203,2281000000,598170595
1221,1203,2282000000,598170617
1221,1203,2283000000,598170639
1221,1203,2284000000,598170659
1221,1203,2285000000,598170682
1221,1203,2286000000,598170704
1221,1203,2287000000,598170726
1221,1203,2288000000,598170747
1221,1203,2289000000,598170769
1221,1203,2290000000,598170790
1221,1203,2291000000,598170812
1221,1203,2292000000,598170833
1221,1203,2293000000,598170855
1221,1203,2294000000,598170877
1221,1203,2295000000,598170896
1221,1203,2296000000,598170920
1221,1203,2297000000,598170941
1221,1203,2298000000,598170963
1221,1203,2299000000,598170983
1221,1203,2300000000,598171007
1221,1203,2301000000,598171029
1221,1203,2302000000,598171049
1221,1203,2303000000,598171071
1221,1203,2304000000,598171094
1221,1203,2305000000,598171115
1221,1203,2306000000,598171136
1221,1203,2307000000,598171158
1221,1203,2308000000,598171180
1221,1203,2309000000,598171202
1221,1203,2310000000,598171222
1221,1203,2311000000,598171244
1221,1203,2312000000,598171266
1221,1203,2313000000,598171287
1221,1203,2314000000,598171309
1221,1203,2315000000,598171330
1221,1203,2316000000,598171353
1221,1203,2317000000,598171374
1221,1203,2318000000,598171395
1221,1203,2319000000,598171417
1221,1203,2320000000,598171438
1221,1203,2321000000,598171460
1221,1203,2322000000,598171480
1221,1203,2323000000,598171503
1221,1203,2324000000,598171526
1221,1203,2325000000,598171546
1221,1203,2326000000,598171568
1221,1203,2327000000,598171591
1221,1203,2328000000,598171612
1221,1203,2329000000,598171632
1221,1203,2330000000,598171654
1221,1203,2331000000,598171677
1221,1203,2332000000,598171698
1221,1203,2333000000,598171718
1221,1203,2334000000,598171741
1221,1203,2335000000,598171764
1221,1203,2336000000,598171784
1221,1203,2337000000,598171806
1221,1203,2338000000,598171827
1221,1203,2339000000,598171850
1221,1203,2340000000,598171870
1221,1203,2341000000,598171893
1221,1203,2342000000,598171914
1221,1203,2343000000,598171936
1221,1203,2344000000,598171957
1221,1203,2345000000,598171980
1221,1203,2346000000,598172001
1221,1203,2347000000,598172022
1221,1203,2348000000,598172044
1221,1203,2349000000,598172065
1221,1203,2350000000,598172087
1221,1203,2351000000,598172109
1221,1203,2352000000,598172131
1221,1203,2353000000,598172152
1221,1203,2354000000,598172174
1221,1203,2355000000,598172195
1221,1203,2356000000,598172216
1221,1203,2357000000,598172238
1221,1203,2358000000,598172260
1221,1203,2359000000,598172282
1221,1203,2360000000,598172302
1221,1203,2361000000,598172324
1221,1203,2362000000,598172347
1221,1203,2363000000,598172367
1221,1203,2364000000,598172389
1221,1203,2365000000,598172411
1221,1203,2366000000,598172433
1221,1203,2367000000,598172454
1221,1203,2368000000,598172476
1221,1203,2369000000,598172498
1221,1203,2370000000,598172519
1221,1203,2371000000,598172541
1221,1203,2372000000,598172563
1221,1203,2373000000,598172584
1221,1203,2374000000,598172606
1221,1203,2375000000,598172628
1221,1203,2376000000,598172649
1221,1203,2377000000,598172670
1221,1203,2378000000,598172692
1221,1203,2379000000,598172715
1221,1203,2380000000,598172736
1221,1203,2381000000,598172755
1221,1203,2382000000,598172779
1221,1203,2383000000,598172800
1221,1203,2384000000,598172822
1221,1203,2385000000,598172843
1221,1203,2386000000,598172866
1221,1203,2387000000,598172888
1221,1203,2388000000,598172909
1221,1203,2389000000,598172931
1221,1203,2390000000,598172952
1221,1203,2391000000,598172973
1221,1203,2392000000,598172994
1221,1203,2393000000,598173017
1221,1203,2394000000,598173038
1221,1203,2395000000,598173060
1221,1203,2396000000,598173081
1221,1203,2397000000,598173104
1221,1203,2398000000,598173125
1221,1203,2399000000,598173146
1221,1203,2400000000,598173167
1221,1203,2401000000,598173188
1221,1203,2402000000,598173211
1221,1203,2403000000,598173232
1221,1203,2404000000,598173252
1221,1203,2405000000,598173277
1221,1203,2406000000,598173298
1221,1203,2407000000,598173320
1221,1203,2408000000,598173340
1221,1203,2409000000,598173363
1221,1203,2410000000,598173385
1221,1203,2411000000,598173405
1221,1203,2412000000,598173427
1221,1203,2413000000,598173450
1221,1203,2414000000,598173472
1221,1203,2415000000,598173492
1221,1203,2416000000,598173514
1221,1203,2417000000,598173536
1221,1203,2418000000,598173558
1221,1203,2419000000,598173578
1221,1203,2420000000,598173601
1221,1203,2421000000,598173624
1221,1203,2422000000,598173645
1221,1203,2423000000,598173666
1221,1203,2424000000,598173688
1221,1203,2425000000,598173711
1221,1203,2426000000,598173730
1221,1203,2427000000,598173753
1221,1203,2428000000,598173775
1221,1203,2429000000,598173796
1221,1203,2430000000,598173818
1221,1203,2431000000,598173839
1221,1203,2432000000,598173862
1221,1203,2433000000,598173883
1221,1203,2434000000,598173904
1221,1203,2435000000,598173925
1221,1203,2436000000,598173947
1221,1203,2437000000,598173969
1221,1203,2438000000,598173990
1221,1203,2439000000,598174011
1221,1203,2440000000,598174034
1221,1203,2441000000,598174056
1221,1203,2442000000,598174077
1221,1203,2443000000,598174099
1221,1203,2444000000,598174120
1221,1203,2445000000,598174144
1221,1203,2446000000,598174164
1221,1203,2447000000,598174186
1221,1203,2448000000,598174209
1221,1203,2449000000,598174228
1221,1203,2450000000,598174251
1221,1203,2451000000,598174273
1221,1203,2452000000,598174295
1221,1203,2453000000,598174314
1221,1203,2454000000,598174336
1221,1203,2455000000,598174360
1221,1203,2456000000,598174380
1221,1203,2457000000,598174401
1221,1203,2458000000,598174423
1221,1203,2459000000,598174446
1221,1203,2460000000,598174467
1221,1203,2461000000,598174488
1221,1203,2462000000,598174508
1221,1203,2463000000,598174531
1221,1203,2464000000,598174553
1221,1203,2465000000,598174574
1221,1203,2466000000,598174597
1221,1203,2467000000,598174618
1221,1203,2468000000,598174640
1221,1203,2469000000,598174661
1221,1203,2470000000,598174683
1221,1203,2471000000,598174705
1221,1203,2472000000,598174725
1221,1203,2473000000,598174748
1221,1203,2474000000,598174768
1221,1203,2475000000,598174792
1221,1203,2476000000,598174813
1221,1203,2477000000,598174834
1221,1203,2478000000,598174857
1221,1203,2479000000,598174879
1221,1203,2480000000,598174900
1221,1203,2481000000,598174920
1221,1203,2482000000,598174943
1221,1203,2483000000,598174965
1221,1203,2484000000,598174985
1221,1203,2485000000,598175007
1221,1203,2486000000,598175031
1221,1203,2487000000,598175053
1221,1203,2488000000,598175073
1221,1203,2489000000,598175094
1221,1203,2490000000,598175117
1221,1203,2491000000,598175138
1221,1203,2492000000,598175158
1221,1203,2493000000,598175181
1221,1203,2494000000,598175202
1221,1203,2495000000,598175224
1221,1203,2496000000,598175246
1221,1203,2497000000,598175266
1221,1203,2498000000,598175289
1221,1203,2499000000,598175309
1221,1203,2500000000,598175331
1221,1203,2501000000,598175353
1221,1203,2502000000,598175375
1221,1203,2503000000,598175396
1221,1203,2504000000,598175418
1221,1203,2505000000,598175440
1221,1203,2506000000,598175462
1221,1203,2507000000,598175483
1221,1203,2508000000,598175505
1221,1203,2509000000,598175528
1221,1203,2510000000,598175549
1221,1203,2511000000,598175571
1221,1203,2512000000,598175592
1221,1203,2513000000,598175615
1221,1203,2514000000,598175637
1221,1203,2515000000,598175655
1221,1203,2516000000,598175678
1221,1203,2517000000,598175700
1221,1203,2518000000,598175723
1221,1203,2519000000,598175742
1221,1203,2520000000,598175764
1221,1203,2521000000,598175788
1221,1203,2522000000,598175807
1221,1203,2523000000,598175830
1221,1203,2524000000,598175851
1221,1203,2525000000,598175874
1221,1203,2526000000,598175894
1221,1203,2527000000,598175916
1221,1203,2528000000,598175940
1221,1203,2529000000,598175960
1221,1203,2530000000,598175981
1221,1203,2531000000,598176003
1221,1203,2532000000,598176026
1221,1203,2533000000,598176046
1221,1203,2534000000,598176067
1221,1203,2535000000,598176089
1221,1203,2536000000,598176111
1221,1203,2537000000,598176133
1221,1203,2538000000,598176154
1221,1203,2539000000,598176176
1221,1203,2540000000,598176197
1221,1203,2541000000,598176221
1221,1203,2542000000,598176240
1221,1203,2543000000,598176262
1221,1203,2544000000,598176285
1221,1203,2545000000,598176306
1221,1203,2546000000,598176329
1221,1203,2547000000,598176350
1221,1203,2548000000,598176372
1221,1203,2549000000,598176394
1221,1203,2550000000,598176414
1221,1203,2551000000,598176436
1221,1203,2552000000,598176458
1221,1203,2553000000,598176479
1221,1203,2554000000,598176500
1221,1203,2555000000,598176523
1221,1203,2556000000,598176545
1221,1203,2557000000,598176565
1221,1203,2558000000,598176586
1221,1203,2559000000,598176610
1221,1203,2560000000,598176631
1221,1203,2561000000,598176651
1221,1203,2562000000,598176673
1221,1203,2563000000,598176695
1221,1203,2564000000,598176717
1221,1203,2565000000,598176737
1221,1203,2566000000,598176762
1221,1203,2567000000,598176783
1221,1203,2568000000,598176804
1221,1203,2569000000,598176825
1221,1203,2570000000,598176847
1221,1203,2571000000,598176869
1221,1203,2572000000,598176891
1221,1203,2573000000,598176912
1221,1203,2574000000,598176935
1221,1203,2575000000,598176956
1221,1203,2576000000,598176979
1221,1203,2577000000,598176999
1221,1203,2578000000,598177020
1221,1203,2579000000,598177042
1221,1203,2580000000,598177064
1221,1203,2581000000,598177085
1221,1203,2582000000,598177107
1221,1203,2583000000,598177129
1221,1203,2584000000,598177151
1221,1203,2585000000,598177172
1221,1203,2586000000,598177195
1221,1203,2587000000,598177216
1221,1203,2588000000,598177237
1221,1203,2589000000,598177259
1221,1203,2590000000,598177280
1221,1203,2591000000,598177303
1221,1203,2592000000,598177323
1221,1203,2593000000,598177345
1221,1203,2594000000,598177368
1221,1203,2595000000,598177389
1221,1203,2596000000,598177408
1221,1203,2597000000,598177431
1221,1203,2598000000,598177453
1221,1203,2599000000,598177475
1221,1203,2600000000,598177495
1221,1203,2601000000,598177518
1221,1203,2602000000,598177540
1221,1203,2603000000,598177561
1221,1203,2604000000,598177584
1221,1203,2605000000,598177605
1221,1203,2606000000,598177626
1221,1203,2607000000,598177649
1221,1203,2608000000,598177671
1221,1203,2609000000,598177693
1221,1203,2610000000,598177714
1221,1203,2611000000,598177735
1221,1203,2612000000,598177758
1221,1203,2613000000,598177778
1221,1203,2614000000,598177800
1221,1203,2615000000,598177822
1221,1203,2616000000,598177843
1221,1203,2617000000,598177865
1221,1203,2618000000,598177886
1221,1203,2619000000,598177909
1221,1203,2620000000,598177929
1221,1203,2621000000,598177951
1221,1203,2622000000,598177974
1221,1203,2623000000,598177995
1221,1203,2624000000,598178016
1221,1203,2625000000,598178037
1221,1203,2626000000,598178060
1221,1203,2627000000,598178083
1221,1203,2628000000,598178103
1221,1203,2629000000,598178125
1221,1203,2630000000,598178147
1221,1203,2631000000,598178169
1221,1203,2632000000,598178189
1221,1203,2633000000,598178211
1221,1203,2634000000,598178234
1221,1203,2635000000,598178257
1221,1203,2636000000,598178277
1221,1203,2637000000,598178300
1221,1203,2638000000,598178322
1221,1203,2639000000,598178344
1221,1203,2640000000,598178365
1221,1203,2641000000,598178385
1221,1203,2642000000,598178408
1221,1203,2643000000,598178429
1221,1203,2644000000,598178451
1221,1203,2645000000,598178472
1221,1203,2646000000,598178495
1221,1203,2647000000,598178518
1221,1203,2648000000,598178538
1221,1203,2649000000,598178559
1221,1203,2650000000,598178581
1221,1203,2651000000,598178603
1221,1203,2652000000,598178623
1221,1203,2653000000,598178645
1221,1203,2654000000,598178668
1221,1203,2655000000,598178690
1221,1203,2656000000,598178710
1221,1203,2657000000,598178733
1221,1203,2658000000,598178754
1221,1203,2659000000,598178774
1221,1203,2660000000,598178796
1221,1203,2661000000,598178819
1221,1203,2662000000,598178841
1221,1203,2663000000,598178862
1221,1203,2664000000,598178883
1221,1203,2665000000,598178907
1221,1203,2666000000,598178927
1221,1203,2667000000,598178951
1221,1203,2668000000,598178970
1221,1203,2669000000,598178993
1221,1203,2670000000,598179015
1221,1203,2671000000,598179036
1221,1203,2672000000,598179059
1221,1203,2673000000,598179079
1221,1203,2674000000,598179101
1221,1203,2675000000,598179123
1221,1203,2676000000,598179144
1221,1203,2677000000,598179166
1221,1203,2678000000,598179187
1221,1203,2679000000,598179209
1221,1203,2680000000,598179231
1221,1203,2681000000,598179252
1221,1203,2682000000,598179274
1221,1203,2683000000,598179296
1221,1203,2684000000,598179317
1221,1203,2685000000,598179338
1221,1203,2686000000,598179360
1221,1203,2687000000,598179383
1221,1203,2688000000,598179404
1221,1203,2689000000,598179425
1221,1203,2690000000,598179448
1221,1203,2691000000,598179470
1221,1203,2692000000,598179491
1221,1203,2693000000,598179513
1221,1203,2694000000,598179535
1221,1203,2695000000,598179557
1221,1203,2696000000,598179577
1221,1203,2697000000,598179600
1221,1203,2698000000,598179620
1221,1203,2699000000,598179643
1221,1203,2700000000,598179665
1221,1203,2701000000,598179686
1221,1203,2702000000,598179708
1221,1203,2703000000,598179729
1221,1203,2704000000,598179750
1221,1203,2705000000,598179771
1221,1203,2706000000,598179794
1221,1203,2707000000,598179817
1221,1203,2708000000,598179838
1221,1203,2709000000,598179859
1221,1203,2710000000,598179882
1221,1203,2711000000,598179904
1221,1203,2712000000,598179922
1221,1203,2713000000,598179945
1221,1203,2714000000,598179968
1221,1203,2715000000,598179990
1221,1203,2716000000,598180010
1221,1203,2717000000,598180031
1221,1203,2718000000,598180055
1221,1203,2719000000,598180076
1221,1203,2720000000,599349031
1221,1203,2721000000,599349048
1221,1203,2722000000,599349066
1221,1203,2723000000,599349087
1221,1203,2724000000,599872368
1221,1203,2725000000,599872388
1221,1203,2726000000,599872406
1221,1203,2727000000,599872426
1221,1203,2728000000,599872445
1221,1203,2729000000,511443236
1221,1203,2730000000,511443270
1221,1203,2731000000,511443302
1221,1203,2732000000,511443337
1221,1203,2733000000,511443371
1221,1203,2734000000,511443406
1221,1203,2735000000,511443438
1221,1203,2736000000,511443474
1221,1203,2737000000,511443508
1221,1203,2738000000,511443542
1221,1203,2739000000,511443574
1221,1203,2740000000,591748730
1221,1203,2741000000,591748772
1221,1203,2742000000,591748813
1221,1203,2743000000,591748855
1221,1203,2744000000,591748897
1221,1203,2745000000,591748938
1221,1203,2746000000,591748980
1221,1203,2747000000,591749022
1221,1203,2748000000,591749063
1221,1203,2749000000,591749105
1221,1203,2750000000,591749147
1221,1203,2751000000,591749189
1221,1203,2752000000,591749230
1221,1203,2753000000,591749273
1221,1203,2754000000,591749314
1221,1203,2755000000,591749356
1221,1203,2756000000,591749397
1221,1203,2757000000,591749439
1221,1203,2758000000,591749480
1221,1203,2759000000,591749523
1221,1203,2760000000,591749564
1221,1203,2761000000,591749605
1221,1203,2762000000,591749647
1221,1203,2763000000,591749689
1221,1203,2764000000,591749729
1221,1203,2765000000,591749772
1221,1203,2766000000,591749812
1221,1203,2767000000,591749854
1221,1203,2768000000,591749897
1221,1203,2769000000,591749938
1221,1203,2770000000,591749979
1221,1203,2771000000,591750022
1221,1203,2772000000,591750062
1221,1203,2773000000,591750105
1221,1203,2774000000,591750146
1221,1203,2775000000,591750186
1221,1203,2776000000,591750228
1221,1203,2777000000,591750271
1221,1203,2778000000,591750313
1221,1203,2779000000,591750354
1221,1203,2780000000,591750396
1221,1203,2781000000,591750439
1221,1203,2782000000,591750479
1221,1203,2783000000,591750522
1221,1203,2784000000,591750562
1221,1203,2785000000,591750603
1221,1203,2786000000,591750646
1221,1203,2787000000,591750688
1221,1203,2788000000,591750729
1221,1203,2789000000,591750772
1221,1203,2790000000,591750812
1221,1203,2791000000,591750854
1221,1203,2792000000,591750896
1221,1203,2793000000,591750937
1221,1203,2794000000,591750978
1221,1203,2795000000,591751020
1221,1203,2796000000,591751061
1221,1203,2797000000,591751104
1221,1203,2798000000,591751146
1221,1203,2799000000,591751187
1221,1203,2800000000,591751228
1221,1203,2801000000,591751271
1221,1203,2802000000,591751311
1221,1203,2803000000,591751353
1221,1203,2804000000,591751394
1221,1203,2805000000,591751436
1221,1203,2806000000,591751477
1221,1203,2807000000,591751520
1221,1203,2808000000,591751564
1221,1203,2809000000,591751604
1221,1203,2810000000,591751647
1221,1203,2811000000,591751687
1221,1203,2812000000,591751728
1221,1203,2813000000,591751771
1221,1203,2814000000,591751812
1221,1203,2815000000,591751852
1221,1203,2816000000,591751896
1221,1203,2817000000,591751937
1221,1203,2818000000,591751980
1221,1203,2819000000,591752021
1221,1203,2820000000,591752061
1221,1203,2821000000,591752103
1221,1203,2822000000,591752145
1221,1203,2823000000,591752185
1221,1203,2824000000,591752228
1221,1203,2825000000,591752269
1221,1203,2826000000,591752312
1221,1203,2827000000,591752353
1221,1203,2828000000,591752395
1221,1203,2829000000,591752436
1221,1203,2830000000,591752477
1221,1203,2831000000,591752519
1221,1203,2832000000,591752561
1221,1203,2833000000,591752601
1221,1203,2834000000,591752644
1221,1203,2835000000,591752685
1221,1203,2836000000,591752728
1221,1203,2837000000,591752771
1221,1203,2838000000,591752811
1221,1203,2839000000,591752852
1221,1203,2840000000,591752895
1221,1203,2841000000,591752936
1221,1203,2842000000,591752977
1221,1203,2843000000,591753019
1221,1203,2844000000,591753061
1221,1203,2845000000,591753102
1221,1203,2846000000,591753145
1221,1203,2847000000,591753185
1221,1203,2848000000,591753227
1221,1203,2849000000,591753269
1221,1203,2850000000,591753310
1221,1203,2851000000,591753352
1221,1203,2852000000,591753394
1221,1203,2853000000,591753435
1221,1203,2854000000,591753477
1221,1203,2855000000,591753518
1221,1203,2856000000,591753560
1221,1203,2857000000,591753601
1221,1203,2858000000,591753643
1221,1203,2859000000,591753686
1221,1203,2860000000,591753726
1221,1203,2861000000,591753770
1221,1203,2862000000,591753810
1221,1203,2863000000,591753852
1221,1203,2864000000,591753895
1221,1203,2865000000,591753935
1221,1203,2866000000,591753976
1221,1203,2867000000,591754019
1221,1203,2868000000,591754060
1221,1203,2869000000,591754103
1221,1203,2870000000,591754144
1221,1203,2871000000,591754186
1221,1203,2872000000,591754227
1221,1203,2873000000,591754269
1221,1203,2874000000,591754309
1221,1203,2875000000,591754351
1221,1203,2876000000,591754393
1221,1203,2877000000,591754435
1221,1203,2878000000,591754476
1221,1203,2879000000,591754519
1221,1203,2880000000,591754560
1221,1203,2881000000,591754602
1221,1203,2882000000,591754643
1221,1203,2883000000,591754684
1221,1203,2884000000,591754725
1221,1203,2885000000,591754768
1221,1203,2886000000,591754808
1221,1203,2887000000,591754850
1221,1203,2888000000,591754893
1221,1203,2889000000,591754936
1221,1203,2890000000,591754977
1221,1203,2891000000,591755019
1221,1203,2892000000,591755059
1221,1203,2893000000,591755102
1221,1203,2894000000,591755143
1221,1203,2895000000,591755184
1221,1203,2896000000,591755226
1221,1203,2897000000,591755268
1221,1203,2898000000,591755309
1221,1203,2899000000,591755353
1221,1203,2900000000,591755393
1221,1203,2901000000,591755434
1221,1203,2902000000,591755477
1221,1203,2903000000,591755517
1221,1203,2904000000,591755560
1221,1203,2905000000,591755601
1221,1203,2906000000,591755642
1221,1203,2907000000,591755684
1221,1203,2908000000,591755727
1221,1203,2909000000,591755769
1221,1203,2910000000,591755809
1221,1203,2911000000,591755850
1221,1203,2912000000,591755893
1221,1203,2913000000,591755933
1221,1203,2914000000,591755976
1221,1203,2915000000,591756017
1221,1203,2916000000,591756059
1221,1203,2917000000,591756102
1221,1203,2918000000,591756144
1221,1203,2919000000,591756184
1221,1203,2920000000,591756227
1221,1203,2921000000,591756267
1221,1203,2922000000,591756309
1221,1203,2923000000,591756351
1221,1203,2924000000,591756393
1221,1203,2925000000,591756434
1221,1203,2926000000,591756476
1221,1203,2927000000,591756517
1221,1203,2928000000,591756559
1221,1203,2929000000,591756601
1221,1203,2930000000,591756643
1221,1203,2931000000,591756683
1221,1203,2932000000,591756726
1221,1203,2933000000,591756767
1221,1203,2934000000,591756809
1221,1203,2935000000,591756850
1221,1203,2936000000,591756893
1221,1203,2937000000,591756933
1221,1203,2938000000,591756977
1221,1203,2939000000,591757018
1221,1203,2940000000,591757059
1221,1203,2941000000,591757101
1221,1203,2942000000,591757144
1221,1203,2943000000,591757186
1221,1203,2944000000,591757228
1221,1203,2945000000,591757269
1221,1203,2946000000,591757310
1221,1203,2947000000,591757352
1221,1203,2948000000,591757393
1221,1203,2949000000,591757437
1221,1203,2950000000,591757477
1221,1203,2951000000,591757518
1221,1203,2952000000,591757561
1221,1203,2953000000,591757602
1221,1203,2954000000,591757643
1221,1203,2955000000,591757685
1221,1203,2956000000,591757725
1221,1203,2957000000,591757768
1221,1203,2958000000,591757810
1221,1203,2959000000,591757851
1221,1203,2960000000,591757893
1221,1203,2961000000,591757935
1221,1203,2962000000,591757977
1221,1203,2963000000,591758018
1221,1203,2964000000,591758058
1221,1203,2965000000,591758101
1221,1203,2966000000,591758141
1221,1203,2967000000,591758184
1221,1203,2968000000,591758227
1221,1203,2969000000,591758268
1221,1203,2970000000,591758311
1221,1203,2971000000,591758352
1221,1203,2972000000,591758393
1221,1203,2973000000,591758435
1221,1203,2974000000,591758475
1221,1203,2975000000,591758517
1221,1203,2976000000,591758559
1221,1203,2977000000,591758601
1221,1203,2978000000,591758642
1221,1203,2979000000,591758685
1221,1203,2980000000,591758726
1221,1203,2981000000,591758769
1221,1203,2982000000,591758810
1221,1203,2983000000,591758850
1221,1203,2984000000,591758893
1221,1203,2985000000,591758934
1221,1203,2986000000,591758976
1221,1203,2987000000,591759018
1221,1203,2988000000,591759059
1221,1203,2989000000,591759101
1221,1203,2990000000,591759144
1221,1203,2991000000,591759184
1221,1203,2992000000,591759226
1221,1203,2993000000,591759268
1221,1203,2994000000,591759310
1221,1203,2995000000,591759351
1221,1203,2996000000,591759393
1221,1203,2997000000,591759435
1221,1203,2998000000,591759477
1221,1203,2999000000,591759519
1221,1203,3000000000,596134495
1221,1203,3001000000,596134534
1221,1203,3002000000,596134574
1221,1203,3003000000,596134615
1221,1203,3004000000,596134655
1221,1203,3005000000,596134694
1221,1203,3006000000,596134736
1221,1203,3007000000,596134774
1221,1203,3008000000,596134813
1221,1203,3009000000,596134853
1221,1203,3010000000,596134894
1221,1203,3011000000,596134933
1221,1203,3012000000,596134973
1221,1203,3013000000,596135013
1221,1203,3014000000,596135053
1221,1203,3015000000,596135095
1221,1203,3016000000,596135133
1221,1203,3017000000,596135174
1221,1203,3018000000,596135213
1221,1203,3019000000,596135253
1221,1203,3020000000,596135293
1221,1203,3021000000,596135333
1221,1203,3022000000,596135372
1221,1203,3023000000,596135413
1221,1203,3024000000,596135452
1221,1203,3025000000,596135493
1221,1203,3026000000,596135531
1221,1203,3027000000,596135573
1221,1203,3028000000,596135612
1221,1203,3029000000,596135650
1221,1203,3030000000,596135691
1221,1203,3031000000,596135731
1221,1203,3032000000,596135770
1221,1203,3033000000,596135811
1221,1203,3034000000,596135850
1221,1203,3035000000,596135892
1221,1203,3036000000,596135930
1221,1203,3037000000,596135969
1221,1203,3038000000,596136011
1221,1203,3039000000,596136051
1221,1203,3040000000,596136091
1221,1203,3041000000,596136131
1221,1203,3042000000,596136169
1221,1203,3043000000,596136210
1221,1203,3044000000,596136250
1221,1203,3045000000,596136291
1221,1203,3046000000,596136329
1221,1203,3047000000,596136369
1221,1203,3048000000,596136411
1221,1203,3049000000,596136449
1221,1203,3050000000,596136490
1221,1203,3051000000,596136529
1221,1203,3052000000,596136568
1221,1203,3053000000,596136608
1221,1203,3054000000,596136648
1221,1203,3055000000,596136689
1221,1203,3056000000,596136730
1221,1203,3057000000,596136768
1221,1203,3058000000,596136808
1221,1203,3059000000,596136848
1221,1203,3060000000,596136888
1221,1203,3061000000,596136928
1221,1203,3062000000,596136968
1221,1203,3063000000,596137006
1221,1203,3064000000,596137049
1221,1203,3065000000,596137088
1221,1203,3066000000,596137128
1221,1203,3067000000,596137168
1221,1203,3068000000,596137208
1221,1203,3069000000,596137247
1221,1203,3070000000,596137288
1221,1203,3071000000,596137326
1221,1203,3072000000,596137366
1221,1203,3073000000,596137407
1221,1203,3074000000,596137446
1221,1203,3075000000,596137486
1221,1203,3076000000,596137527
1221,1203,3077000000,596137566
1221,1203,3078000000,596137606
1221,1203,3079000000,596137646
1221,1203,3080000000,596137686
1221,1203,3081000000,596137726
1221,1203,3082000000,596137764
1221,1203,3083000000,596137806
1221,1203,3084000000,596137846
1221,1203,3085000000,596137887
1221,1203,3086000000,596137924
1221,1203,3087000000,596137965
1221,1203,3088000000,596138005
1221,1203,3089000000,596138045
1221,1203,3090000000,596138087
1221,1203,3091000000,596138126
1221,1203,3092000000,596138163
1221,1203,3093000000,596138205
1221,1203,3094000000,596138244
1221,1203,3095000000,596138284
1221,1203,3096000000,596138325
1221,1203,3097000000,596138364
1221,1203,3098000000,596138405
1221,1203,3099000000,596138445
1221,1203,3100000000,596138484
1221,1203,3101000000,596138526
1221,1203,3102000000,596138564
1221,1203,3103000000,596138603
1221,1203,3104000000,596138645
1221,1203,3105000000,596138684
1221,1203,3106000000,596138724
1221,1203,3107000000,596138765
1221,1203,3108000000,596138804
1221,1203,3109000000,596138843
1221,1203,3110000000,596138883
1221,1203,3111000000,596138924
1221,1203,3112000000,596138963
1221,1203,3113000000,596139004
1221,1203,3114000000,596139044
1221,1203,3115000000,596139083
1221,1203,3116000000,596139124
1221,1203,3117000000,596139163
1221,1203,3118000000,596139204
1221,1203,3119000000,596139244
1221,1203,3120000000,596139282
1221,1203,3121000000,596139323
1221,1203,3122000000,596139363
1221,1203,3123000000,596139402
1221,1203,3124000000,596139443
1221,1203,3125000000,596139483
1221,1203,3126000000,596139522
1221,1203,3127000000,596139562
1221,1203,3128000000,596139603
1221,1203,3129000000,596139641
1221,1203,3130000000,596139682
1221,1203,3131000000,596139720
1221,1203,3132000000,596139761
1221,1203,3133000000,596139801
1221,1203,3134000000,596139840
1221,1203,3135000000,596139881
1221,1203,3136000000,596139922
1221,1203,3137000000,596139960
1221,1203,3138000000,596140002
1221,1203,3139000000,596140042
1221,1203,3140000000,596140081
1221,1203,3141000000,596140122
1221,1203,3142000000,596140161
1221,1203,3143000000,596140201
1221,1203,3144000000,596140241
1221,1203,3145000000,596140280
1221,1203,3146000000,596140321
1221,1203,3147000000,596140361
1221,1203,3148000000,596140400
1221,1203,3149000000,596140440
1221,1203,3150000000,596140479
1221,1203,3151000000,596140520
1221,1203,3152000000,596140558
1221,1203,3153000000,596140601
1221,1203,3154000000,596140638
1221,1203,3155000000,596140677
1221,1203,3156000000,596140720
1221,1203,3157000000,596140759
1221,1203,3158000000,596140799
1221,1203,3159000000,596140839
1221,1203,3160000000,596140878
1221,1203,3161000000,596140920
1221,1203,3162000000,596140958
1221,1203,3163000000,596140999
1221,1203,3164000000,596141039
1221,1203,3165000000,596141078
1221,1203,3166000000,596141117
1221,1203,3167000000,596141159
1221,1203,3168000000,596141199
1221,1203,3169000000,596141238
1221,1203,3170000000,596141279
1221,1203,3171000000,596141317
1221,1203,3172000000,596141358
1221,1203,3173000000,596141398
1221,1203,3174000000,596141438
1221,1203,3175000000,596141477
1221,1203,3176000000,596141518
1221,1203,3177000000,596141557
1221,1203,3178000000,596141597
1221,1203,3179000000,596141636
1221,1203,3180000000,596141677
1221,1203,3181000000,596141717
1221,1203,3182000000,596141756
1221,1203,3183000000,596141794
1221,1203,3184000000,596141837
1221,1203,3185000000,596141877
1221,1203,3186000000,596141917
1221,1203,3187000000,596141958
1221,1203,3188000000,596141996
1221,1203,3189000000,596142036
1221,1203,3190000000,596142076
1221,1203,3191000000,596142116
1221,1203,3192000000,596142156
1221,1203,3193000000,596142194
1221,1203,3194000000,596142235
1221,1203,3195000000,596142276
1221,1203,3196000000,596142316
1221,1203,3197000000,596142355
1221,1203,3198000000,596142396
1221,1203,3199000000,596142435
1221,1203,3200000000,596142473
1221,1203,3201000000,596142516
1221,1203,3202000000,596142554
1221,1203,3203000000,596142595
1221,1203,3204000000,596142634
1221,1203,3205000000,596142674
1221,1203,3206000000,596142715
1221,1203,3207000000,596142755
1221,1203,3208000000,596142795
1221,1203,3209000000,596142836
1221,1203,3210000000,596142873
1221,1203,3211000000,596142914
1221,1203,3212000000,596142954
1221,1203,3213000000,596142993
1221,1203,3214000000,596143033
1221,1203,3215000000,596143075
1221,1203,3216000000,596143114
1221,1203,3217000000,596143153
1221,1203,3218000000,596143192
1221,1203,3219000000,596143234
1221,1203,3220000000,596143274
1221,1203,3221000000,596143314
1221,1203,3222000000,596143353
1221,1203,3223000000,596143392
1221,1203,3224000000,596143434
1221,1203,3225000000,596143473
1221,1203,3226000000,596143514
1221,1203,3227000000,596143552
1221,1203,3228000000,596143591
1221,1203,3229000000,596143633
1221,1203,3230000000,596143673
1221,1203,3231000000,596143712
1221,1203,3232000000,596143754
1221,1203,3233000000,596143791
1221,1203,3234000000,596143833
1221,1203,3235000000,596143871
1221,1203,3236000000,596143913
1221,1203,3237000000,596143953
1221,1203,3238000000,596143992
1221,1203,3239000000,596144031
1221,1203,3240000000,596144072
1221,1203,3241000000,596144111
1221,1203,3242000000,596144151
1221,1203,3243000000,596144191
1221,1203,3244000000,596144230
1221,1203,3245000000,596144270
1221,1203,3246000000,596144312
1221,1203,3247000000,596144352
1221,1203,3248000000,596144391
1221,1203,3249000000,596144431
1221,1203,3250000000,596144470
1221,1203,3251000000,596144511
1221,1203,3252000000,596144550
1221,1203,3253000000,596144591
1221,1203,3254000000,596144631
1221,1203,3255000000,596144671
1221,1203,3256000000,596144710
1221,1203,3257000000,596144751
1221,1203,3258000000,596144790
1221,1203,3259000000,596144831
1221,1203,3260000000,596144871
1221,1203,3261000000,596144910
1221,1203,3262000000,596144949
1221,1203,3263000000,596144989
1221,1203,3264000000,596145029
1221,1203,3265000000,596145070
1221,1203,3266000000,596145110
1221,1203,3267000000,596145149
1221,1203,3268000000,596145189
1221,1203,3269000000,596145229
1221,1203,3270000000,596145268
1221,1203,3271000000,596145309
1221,1203,3272000000,596145348
1221,1203,3273000000,596145388
1221,1203,3274000000,596145429
1221,1203,3275000000,596145468
1221,1203,3276000000,596145510
1221,1203,3277000000,596145549
1221,1203,3278000000,596145588
1221,1203,3279000000,596145629
1221,1203,3280000000,596145668
1221,1203,3281000000,596145708
1221,1203,3282000000,596145749
1221,1203,3283000000,596145787
1221,1203,3284000000,596145828
1221,1203,3285000000,596145868
1221,1203,3286000000,596145908
1221,1203,3287000000,596145948
1221,1203,3288000000,596145988
1221,1203,3289000000,596146027
1221,1203,3290000000,596146067
1221,1203,3291000000,596146106
1221,1203,3292000000,596146147
1221,1203,3293000000,596146186
1221,1203,3294000000,596146227
1221,1203,3295000000,596146266
1221,1203,3296000000,596146306
1221,1203,3297000000,596146348
1221,1203,3298000000,596146388
1221,1203,3299000000,596146429
1221,1203,3300000000,596146467
1221,1203,3301000000,596146506
1221,1203,3302000000,596146547
1221,1203,3303000000,596146586
1221,1203,3304000000,596146626
1221,1203,3305000000,596146668
1221,1203,3306000000,596146705
1221,1203,3307000000,596146747
1221,1203,3308000000,596146785
1221,1203,3309000000,596146827
1221,1203,3310000000,596146866
1221,1203,3311000000,596146905
1221,1203,3312000000,596146946
1221,1203,3313000000,596146985
1221,1203,3314000000,596147024
1221,1203,3315000000,596147066
1221,1203,3316000000,596147105
1221,1203,3317000000,596147144
1221,1203,3318000000,596147185
1221,1203,3319000000,596147226
1221,1203,3320000000,596147266
1221,1203,3321000000,596147305
1221,1203,3322000000,596147346
1221,1203,3323000000,596147385
1221,1203,3324000000,596147425
1221,1203,3325000000,596147465
1221,1203,3326000000,596147506
1221,1203,3327000000,596147545
1221,1203,3328000000,596147585
1221,1203,3329000000,596147625
1221,1203,3330000000,596147664
1221,1203,3331000000,596147703
1221,1203,3332000000,596147744
1221,1203,3333000000,596147784
1221,1203,3334000000,596147824
1221,1203,3335000000,596147862
1221,1203,3336000000,596147904
1221,1203,3337000000,596147944
1221,1203,3338000000,596147984
1221,1203,3339000000,596148023
1221,1203,3340000000,596148063
1221,1203,3341000000,596148104
1221,1203,3342000000,596148143
1221,1203,3343000000,596148184
1221,1203,3344000000,596148224
1221,1203,3345000000,596148265
1221,1203,3346000000,596148303
1221,1203,3347000000,596148344
1221,1203,3348000000,596148383
1221,1203,3349000000,596148424
1221,1203,3350000000,596148463
1221,1203,3351000000,596148503
1221,1203,3352000000,596148542
1221,1203,3353000000,596148581
1221,1203,3354000000,596148623
1221,1203,3355000000,596148662
1221,1203,3356000000,596148702
1221,1203,3357000000,596148743
1221,1203,3358000000,596148781
1221,1203,3359000000,596148823
1221,1203,3360000000,596148861
1221,1203,3361000000,596148901
1221,1203,3362000000,596148942
1221,1203,3363000000,596148981
1221,1203,3364000000,596149023
1221,1203,3365000000,596149062
1221,1203,3366000000,596149102
1221,1203,3367000000,596149144
1221,1203,3368000000,596149182
1221,1203,3369000000,596149222
1221,1203,3370000000,596149262
1221,1203,3371000000,596149301
1221,1203,3372000000,596149342
1221,1203,3373000000,596149381
1221,1203,3374000000,596149420
1221,1203,3375000000,596149460
1221,1203,3376000000,596149500
1221,1203,3377000000,596149541
1221,1203,3378000000,596149582
1221,1203,3379000000,596149619
1221,1203,3380000000,596149660
1221,1203,3381000000,596149700
1221,1203,3382000000,596149741
1221,1203,3383000000,596149779
1221,1203,3384000000,596149819
1221,1203,3385000000,596149861
1221,1203,3386000000,596149901
1221,1203,3387000000,596149942
1221,1203,3388000000,596149981
1221,1203,3389000000,596150021
1221,1203,3390000000,596150061
1221,1203,3391000000,596150100
1221,1203,3392000000,596150140
1221,1203,3393000000,596150180
1221,1203,3394000000,596150218
1221,1203,3395000000,596150261
1221,1203,3396000000,596150298
1221,1203,3397000000,596150340
1221,1203,3398000000,596150380
1221,1203,3399000000,596150419
1221,1203,3400000000,596150460
1221,1203,3401000000,596150499
1221,1203,3402000000,596150538
1221,1203,3403000000,596150579
1221,1203,3404000000,596150617
1221,1203,3405000000,596150658
1221,1203,3406000000,596150701
1221,1203,3407000000,596150739
1221,1203,3408000000,596150780
1221,1203,3409000000,596150819
1221,1203,3410000000,596150859
1221,1203,3411000000,596150899
1221,1203,3412000000,596150940
1221,1203,3413000000,596150978
1221,1203,3414000000,596151018
1221,1203,3415000000,596151057
1221,1203,3416000000,596151099
1221,1203,3417000000,596151139
1221,1203,3418000000,596151179
1221,1203,3419000000,596151218
1221,1203,3420000000,596151258
1221,1203,3421000000,596151297
1221,1203,3422000000,596151338
1221,1203,3423000000,596151377
1221,1203,3424000000,596151416
1221,1203,3425000000,596151456
1221,1203,3426000000,596151498
1221,1203,3427000000,596151540
1221,1203,3428000000,596151578
1221,1203,3429000000,596151618
1221,1203,3430000000,596151658
1221,1203,3431000000,596151698
1221,1203,3432000000,596151737
1221,1203,3433000000,596151778
1221,1203,3434000000,596151817
1221,1203,3435000000,596151857
1221,1203,3436000000,596151897
1221,1203,3437000000,596151938
1221,1203,3438000000,596151977
1221,1203,3439000000,596152017
1221,1203,3440000000,596152057
1221,1203,3441000000,596152096
1221,1203,3442000000,596152136
1221,1203,3443000000,596152176
1221,1203,3444000000,596152216
1221,1203,3445000000,596152256
1221,1203,3446000000,596152296
1221,1203,3447000000,596152337
1221,1203,3448000000,596152377
1221,1203,3449000000,596152418
1221,1203,3450000000,596152459
1221,1203,3451000000,596152497
1221,1203,3452000000,596152538
1221,1203,3453000000,596152576
1221,1203,3454000000,596152618
1221,1203,3455000000,596152657
1221,1203,3456000000,596152696
1221,1203,3457000000,596152739
1221,1203,3458000000,596152777
1221,1203,3459000000,596152815
1221,1203,3460000000,596152858
1221,1203,3461000000,596152896
1221,1203,3462000000,596152937
1221,1203,3463000000,596152976
1221,1203,3464000000,596153015
1221,1203,3465000000,596153056
1221,1203,3466000000,596153096
1221,1203,3467000000,596153138
1221,1203,3468000000,596153177
1221,1203,3469000000,596153216
1221,1203,3470000000,596153256
1221,1203,3471000000,596153297
1221,1203,3472000000,596153337
1221,1203,3473000000,596153377
1221,1203,3474000000,596153416
1221,1203,3475000000,596153456
1221,1203,3476000000,596153495
1221,1203,3477000000,596153536
1221,1203,3478000000,596153576
1221,1203,3479000000,596153616
1221,1203,3480000000,596153655
1221,1203,3481000000,596153695
1221,1203,3482000000,596153735
1221,1203,3483000000,596153775
1221,1203,3484000000,596153814
1221,1203,3485000000,596153856
1221,1203,3486000000,596153894
1221,1203,3487000000,596153935
1221,1203,3488000000,596153976
1221,1203,3489000000,596154014
1221,1203,3490000000,596154057
1221,1203,3491000000,596154095
1221,1203,3492000000,596154136
1221,1203,3493000000,596154175
1221,1203,3494000000,596154214
1221,1203,3495000000,596154255
1221,1203,3496000000,596154295
1221,1203,3497000000,596154333
1221,1203,3498000000,596154376
1221,1203,3499000000,596154414
1221,1203,3500000000,596154455
1221,1203,3501000000,596154494
1221,1203,3502000000,596154534
1221,1203,3503000000,596154574
1221,1203,3504000000,596154613
1221,1203,3505000000,596154653
1221,1203,3506000000,596154695
1221,1203,3507000000,596154734
1221,1203,3508000000,596154775
1221,1203,3509000000,596154814
1221,1203,3510000000,596154854
1221,1203,3511000000,596154895
1221,1203,3512000000,596154934
1221,1203,3513000000,596154975
1221,1203,3514000000,596155013
1221,1203,3515000000,596155054
1221,1203,3516000000,596155094
1221,1203,3517000000,596155134
1221,1203,3518000000,596155173
1221,1203,3519000000,596155215
1221,1203,3520000000,596155253
1221,1203,3521000000,596155293
1221,1203,3522000000,596155333
1221,1203,3523000000,596155373
1221,1203,3524000000,596155412
1221,1203,3525000000,596155452
1221,1203,3526000000,596155494
1221,1203,3527000000,596155533
1221,1203,3528000000,596155573
1221,1203,3529000000,596155613
1221,1203,3530000000,596155654
1221,1203,3531000000,596155693
1221,1203,3532000000,596155732
1221,1203,3533000000,596155773
1221,1203,3534000000,596155813
1221,1203,3535000000,596155853
1221,1203,3536000000,596155893
1221,1203,3537000000,596155931
1221,1203,3538000000,596155973
1221,1203,3539000000,596156012
1221,1203,3540000000,596156053
1221,1203,3541000000,596156092
1221,1203,3542000000,596156131
1221,1203,3543000000,596156172
1221,1203,3544000000,596156212
1221,1203,3545000000,596156252
1221,1203,3546000000,596156292
1221,1203,3547000000,596156333
1221,1203,3548000000,596156371
1221,1203,3549000000,596156412
1221,1203,3550000000,596156452
1221,1203,3551000000,596156493
1221,1203,3552000000,596156532
1221,1203,3553000000,596156572
1221,1203,3554000000,596156612
1221,1203,3555000000,596156652
1221,1203,3556000000,596156690
1221,1203,3557000000,596156732
1221,1203,3558000000,596156772
1221,1203,3559000000,596156811
1221,1203,3560000000,596156852
1221,1203,3561000000,596156891
1221,1203,3562000000,596156932
1221,1203,3563000000,596156971
1221,1203,3564000000,596157011
1221,1203,3565000000,596157051
1221,1203,3566000000,596157090
1221,1203,3567000000,596157132
1221,1203,3568000000,596157172
1221,1203,3569000000,596157210
1221,1203,3570000000,596157252
1221,1203,3571000000,596157291
1221,1203,3572000000,596157331
1221,1203,3573000000,596157371
1221,1203,3574000000,596157411
1221,1203,3575000000,596157452
1221,1203,3576000000,596157490
1221,1203,3577000000,596157530
1221,1203,3578000000,596157572
1221,1203,3579000000,596157610
1221,1203,3580000000,596157651
1221,1203,3581000000,596157691
1221,1203,3582000000,596157729
1221,1203,3583000000,596157771
1221,1203,3584000000,596157810
1221,1203,3585000000,596157851
1221,1203,3586000000,596157890
1221,1203,3587000000,596157929
1221,1203,3588000000,596157970
1221,1203,3589000000,596158010
1221,1203,3590000000,596158050
1221,1203,3591000000,596158092
1221,1203,3592000000,596158130
1221,1203,3593000000,596158170
1221,1203,3594000000,596158209
1221,1203,3595000000,596158251
1221,1203,3596000000,596158289
1221,1203,3597000000,596158329
1221,1203,3598000000,596158371
1221,1203,3599000000,596158410
1221,1203,3600000000,596158451
1221,1203,3601000000,596158490
1221,1203,3602000000,596158530
1221,1203,3603000000,596158570
1221,1203,3604000000,596158609
1221,1203,3605000000,596158650
1221,1203,3606000000,596158689
1221,1203,3607000000,596158729
1221,1203,3608000000,596158771
1221,1203,3609000000,596158808
1221,1203,3610000000,596158849
1221,1203,3611000000,596158889
1221,1203,3612000000,596158930
1221,1203,3613000000,596158970
1221,1203,3614000000,596159009
1221,1203,3615000000,596159050
1221,1203,3616000000,596159090
1221,1203,3617000000,596159129
1221,1203,3618000000,596159172
1221,1203,3619000000,596159211
1221,1203,3620000000,596159251
1221,1203,3621000000,596159290
1221,1203,3622000000,596159329
1221,1203,3623000000,596159371
1221,1203,3624000000,596159409
1221,1203,3625000000,596159450
1221,1203,3626000000,596159489
1221,1203,3627000000,596159529
1221,1203,3628000000,596159570
1221,1203,3629000000,596159610
1221,1203,3630000000,596159650
1221,1203,3631000000,596159691
1221,1203,3632000000,596159729
1221,1203,3633000000,596159770
1221,1203,3634000000,596159810
1221,1203,3635000000,596159849
1221,1203,3636000000,596159891
1221,1203,3637000000,596159928
1221,1203,3638000000,596159969
1221,1203,3639000000,596160010
1221,1203,3640000000,596160050
1221,1203,3641000000,596160090
1221,1203,3642000000,596160129
1221,1203,3643000000,596160168
1221,1203,3644000000,596160209
1221,1203,3645000000,596160248
1221,1203,3646000000,596160289
1221,1203,3647000000,596160329
1221,1203,3648000000,596160368
1221,1203,3649000000,596160409
1221,1203,3650000000,596160450
1221,1203,3651000000,596160490
1221,1203,3652000000,596160529
1221,1203,3653000000,596160570
1221,1203,3654000000,596160608
1221,1203,3655000000,596160649
1221,1203,3656000000,596160689
1221,1203,3657000000,596160729
1221,1203,3658000000,596160768
1221,1203,3659000000,596160809
1221,1203,3660000000,596160848
1221,1203,3661000000,596160889
1221,1203,3662000000,596160928
1221,1203,3663000000,596160969
1221,1203,3664000000,596161008
1221,1203,3665000000,596161047
1221,1203,3666000000,596161089
1221,1203,3667000000,596161127
1221,1203,3668000000,596161169
1221,1203,3669000000,596161209
1221,1203,3670000000,596161250
1221,1203,3671000000,596161288
1221,1203,3672000000,596161328
1221,1203,3673000000,596161369
1221,1203,3674000000,596161409
1221,1203,3675000000,596161447
1221,1203,3676000000,596161487
1221,1203,3677000000,596161527
1221,1203,3678000000,596161569
1221,1203,3679000000,596161608
1221,1203,3680000000,596161648
1221,1203,3681000000,596161688
1221,1203,3682000000,596161727
1221,1203,3683000000,596161768
1221,1203,3684000000,596161808
1221,1203,3685000000,596161847
1221,1203,3686000000,596161887
1221,1203,3687000000,596161929
1221,1203,3688000000,596161967
1221,1203,3689000000,596162009
1221,1203,3690000000,596162048
1221,1203,3691000000,596162089
1221,1203,3692000000,596162128
1221,1203,3693000000,596162167
1221,1203,3694000000,596162208
1221,1203,3695000000,596162247
1221,1203,3696000000,596162286
1221,1203,3697000000,596162328
1221,1203,3698000000,596162368
1221,1203,3699000000,596162408
1221,1203,3700000000,596162447
1221,1203,3701000000,596162487
1221,1203,3702000000,596162528
1221,1203,3703000000,596162567
1221,1203,3704000000,596162608
1221,1203,3705000000,596162646
1221,1203,3706000000,596162686
1221,1203,3707000000,596162727
1221,1203,3708000000,596162769
1221,1203,3709000000,596162807
1221,1203,3710000000,596162847
1221,1203,3711000000,596162887
1221,1203,3712000000,596162928
1221,1203,3713000000,596162967
1221,1203,3714000000,596163007
1221,1203,3715000000,596163046
1221,1203,3716000000,596163086
1221,1203,3717000000,596163127
1221,1203,3718000000,596163168
1221,1203,3719000000,596163207
1221,1203,3720000000,596163247
1221,1203,3721000000,596163287
1221,1203,3722000000,596163326
1221,1203,3723000000,596163367
1221,1203,3724000000,596163405
1221,1203,3725000000,596163447
1221,1203,3726000000,596163486
1221,1203,3727000000,596163527
1221,1203,3728000000,596163568
1221,1203,3729000000,596163607
1221,1203,3730000000,596163647
1221,1203,3731000000,596163688
1221,1203,3732000000,596163727
1221,1203,3733000000,596163767
1221,1203,3734000000,596163806
1221,1203,3735000000,596163846
1221,1203,3736000000,597715205
1221,1203,3737000000,597715230
1221,1203,3738000000,597715255
1221,1203,3739000000,597715279
1221,1203,3740000000,597715303
1221,1203,3741000000,597715327
1221,1203,3742000000,597715352
1221,1203,3743000000,597715377
1221,1203,3744000000,597715401
1221,1203,3745000000,597715425
1221,1203,3746000000,597715450
1221,1203,3747000000,597715475
1221,1203,3748000000,597715501
1221,1203,3749000000,597715525
1221,1203,3750000000,597715549
1221,1203,3751000000,597715573
1221,1203,3752000000,597715598
1221,1203,3753000000,597715623
1221,1203,3754000000,597715648
1221,1203,3755000000,597715670
1221,1203,3756000000,597715695
1221,1203,3757000000,597715720
1221,1203,3758000000,597715745
1221,1203,3759000000,597715770
1221,1203,3760000000,597715793
1221,1203,3761000000,597715817
1221,1203,3762000000,597715842
1221,1203,3763000000,597715867
1221,1203,3764000000,597715893
1221,1203,3765000000,597715916
1221,1203,3766000000,597715940
1221,1203,3767000000,597715965
1221,1203,3768000000,597715991
1221,1203,3769000000,597716016
1221,1203,3770000000,597716039
1221,1203,3771000000,597716062
1221,1203,3772000000,597716087
1221,1203,3773000000,597716112
1221,1203,3774000000,597716137
1221,1203,3775000000,597716160
1221,1203,3776000000,597716185
1221,1203,3777000000,597716209
1221,1203,3778000000,597716234
1221,1203,3779000000,597716259
1221,1203,3780000000,597716282
1221,1203,3781000000,597716307
1221,1203,3782000000,597716330
1221,1203,3783000000,597716357
1221,1203,3784000000,597716382
1221,1203,3785000000,597716405
1221,1203,3786000000,597716430
1221,1203,3787000000,597716455
1221,1203,3788000000,597716480
1221,1203,3789000000,597716504
1221,1203,3790000000,597716529
1221,1203,3791000000,597716554
1221,1203,3792000000,597716578
1221,1203,3793000000,597716604
1221,1203,3794000000,597716628
1221,1203,3795000000,597716651
1221,1203,3796000000,597716677
1221,1203,3797000000,597716701
1221,1203,3798000000,597716726
1221,1203,3799000000,597716749
1221,1203,3800000000,597716773
1221,1203,3801000000,597716800
1221,1203,3802000000,597716824
1221,1203,3803000000,597716850
1221,1203,3804000000,597716875
1221,1203,3805000000,597716897
1221,1203,3806000000,597716923
1221,1203,3807000000,597716946
1221,1203,3808000000,597716973
1221,1203,3809000000,597716997
1221,1203,3810000000,597717020
1221,1203,3811000000,597717046
1221,1203,3812000000,597717069
1221,1203,3813000000,597717095
1221,1203,3814000000,597717120
1221,1203,3815000000,597717143
1221,1203,3816000000,597717167
1221,1203,3817000000,597717192
1221,1203,3818000000,597717217
1221,1203,3819000000,597717241
1221,1203,3820000000,597717266
1221,1203,3821000000,597717291
1221,1203,3822000000,597717314
1221,1203,3823000000,597717338
1221,1203,3824000000,597717364
1221,1203,3825000000,597717387
1221,1203,3826000000,597717412
1221,1203,3827000000,597717436
1221,1203,3828000000,597717462
1221,1203,3829000000,597717486
1221,1203,3830000000,597717510
1221,1203,3831000000,597717536
1221,1203,3832000000,597717560
1221,1203,3833000000,597717583
1221,1203,3834000000,597717608
1221,1203,3835000000,597717632
1221,1203,3836000000,597717657
1221,1203,3837000000,597717682
1221,1203,3838000000,597717708
1221,1203,3839000000,597717731
1221,1203,3840000000,597717754
1221,1203,3841000000,597717781
1221,1203,3842000000,597717805
1221,1203,3843000000,597717830
1221,1203,3844000000,597717853
1221,1203,3845000000,597717877
1221,1203,3846000000,597717902
1221,1203,3847000000,597717927
1221,1203,3848000000,597717954
1221,1203,3849000000,597717976
1221,1203,3850000000,597717999
1221,1203,3851000000,597718026
1221,1203,3852000000,597718050
1221,1203,3853000000,597718075
1221,1203,3854000000,597718099
1221,1203,3855000000,597718122
1221,1203,3856000000,597718148
1221,1203,3857000000,597718172
1221,1203,3858000000,597718199
1221,1203,3859000000,597718223
1221,1203,3860000000,597718244
1221,1203,3861000000,597718271
1221,1203,3862000000,597718295
1221,1203,3863000000,597718320
1221,1203,3864000000,597718345
1221,1203,3865000000,597718368
1221,1203,3866000000,597718392
1221,1203,3867000000,597718416
1221,1203,3868000000,597718443
1221,1203,3869000000,597718468
1221,1203,3870000000,597718490
1221,1203,3871000000,597718517
1221,1203,3872000000,597718540
1221,1203,3873000000,597718565
1221,1203,3874000000,597718589
1221,1203,3875000000,597718614
1221,1203,3876000000,597718639
1221,1203,3877000000,597718662
1221,1203,3878000000,597718689
1221,1203,3879000000,597718712
1221,1203,3880000000,597718735
1221,1203,3881000000,597718760
1221,1203,3882000000,597718785
1221,1203,3883000000,597718809
1221,1203,3884000000,597718833
1221,1203,3885000000,597718859
1221,1203,3886000000,597718882
1221,1203,3887000000,597718906
1221,1203,3888000000,597718932
1221,1203,3889000000,597718957
1221,1203,3890000000,597718981
1221,1203,3891000000,597719004
1221,1203,3892000000,597719030
1221,1203,3893000000,597719056
1221,1203,3894000000,597719079
1221,1203,3895000000,597719105
1221,1203,3896000000,597719129
1221,1203,3897000000,597719152
1221,1203,3898000000,597719179
1221,1203,3899000000,597719202
1221,1203,3900000000,597719226
1221,1203,3901000000,597719250
1221,1203,3902000000,597719275
1221,1203,3903000000,597719300
1221,1203,3904000000,597719324
1221,1203,3905000000,597719349
1221,1203,3906000000,597719373
1221,1203,3907000000,597719396
1221,1203,3908000000,597719423
1221,1203,3909000000,597719448
1221,1203,3910000000,597719472
1221,1203,3911000000,597719496
1221,1203,3912000000,597719522
1221,1203,3913000000,597719546
1221,1203,3914000000,597719570
1221,1203,3915000000,597719596
1221,1203,3916000000,597719619
1221,1203,3917000000,597719643
1221,1203,3918000000,597719668
1221,1203,3919000000,597719693
1221,1203,3920000000,597719717
1221,1203,3921000000,597719741
1221,1203,3922000000,597719766
1221,1203,3923000000,597719791
1221,1203,3924000000,597719814
1221,1203,3925000000,597719839
1221,1203,3926000000,597719864
1221,1203,3927000000,597719887
1221,1203,3928000000,597719914
1221,1203,3929000000,597719939
1221,1203,3930000000,597719963
1221,1203,3931000000,597719987
1221,1203,3932000000,597720013
1221,1203,3933000000,597720037
1221,1203,3934000000,597720060
1221,1203,3935000000,597720085
1221,1203,3936000000,597720110
1221,1203,3937000000,597720134
1221,1203,3938000000,597720159
1221,1203,3939000000,597720184
1221,1203,3940000000,597720207
1221,1203,3941000000,597720231
1221,1203,3942000000,597720255
1221,1203,3943000000,597720281
1221,1203,3944000000,597720304
1221,1203,3945000000,597720328
1221,1203,3946000000,597720355
1221,1203,3947000000,597720378
1221,1203,3948000000,597720404
1221,1203,3949000000,597720429
1221,1203,3950000000,597720453
1221,1203,3951000000,597720477
1221,1203,3952000000,597720501
1221,1203,3953000000,597720527
1221,1203,3954000000,597720551
1221,1203,3955000000,597720575
1221,1203,3956000000,597720600
1221,1203,3957000000,597720623
1221,1203,3958000000,597720649
1221,1203,3959000000,597720673
1221,1203,3960000000,597720697
1221,1203,3961000000,597720721
1221,1203,3962000000,597720745
1221,1203,3963000000,597720772
1221,1203,3964000000,597720796
1221,1203,3965000000,597720821
1221,1203,3966000000,597720846
1221,1203,3967000000,597720869
1221,1203,3968000000,597720895
1221,1203,3969000000,597720920
1221,1203,3970000000,597720945
1221,1203,3971000000,597720970
1221,1203,3972000000,597720992
1221,1203,3973000000,597721018
1221,1203,3974000000,597721042
1221,1203,3975000000,597721067
1221,1203,3976000000,597721092
1221,1203,3977000000,597721115
1221,1203,3978000000,597721140
1221,1203,3979000000,597721164
1221,1203,3980000000,597721189
1221,1203,3981000000,597721215
1221,1203,3982000000,597721239
1221,1203,3983000000,597721263
1221,1203,3984000000,597721287
1221,1203,3985000000,597721312
1221,1203,3986000000,597721337
1221,1203,3987000000,597721362
1221,1203,3988000000,597721386
1221,1203,3989000000,597721410
1221,1203,3990000000,597721435
1221,1203,3991000000,596526010
1221,1203,3992000000,596526036
1221,1203,3993000000,596526061
1221,1203,3994000000,596526085
1221,1203,3995000000,596526108
1221,1203,3996000000,596526134
1221,1203,3997000000,596526160
1221,1203,3998000000,596526184
1221,1203,3999000000,596526209
1221,1203,4000000000,591865184
1221,1203,4001000000,591865209
1221,1203,4002000000,591865234
1221,1203,4003000000,591865258
1221,1203,4004000000,591865284
1221,1203,4005000000,591865309
1221,1203,4006000000,591865332
1221,1203,4007000000,591865358
1221,1203,4008000000,591865382
1221,1203,4009000000,591865407
1221,1203,4010000000,591865431
1221,1203,4011000000,591865456
1221,1203,4012000000,591865481
1221,1203,4013000000,591865504
1221,1203,4014000000,591865531
1221,1203,4015000000,591865556
1221,1203,4016000000,591865580
1221,1203,4017000000,591865606
1221,1203,4018000000,591865629
1221,1203,4019000000,591865654
1221,1203,4020000000,591865678
1221,1203,4021000000,591865703
1221,1203,4022000000,591865727
1221,1203,4023000000,591865751
1221,1203,4024000000,591865777
1221,1203,4025000000,591865801
1221,1203,4026000000,591865826
1221,1203,4027000000,591865852
1221,1203,4028000000,591865875
1221,1203,4029000000,591865900
1221,1203,4030000000,591865924
1221,1203,4031000000,591865949
1221,1203,4032000000,591865975
1221,1203,4033000000,591865998
1221,1203,4034000000,591866023
1221,1203,4035000000,591866049
1221,1203,4036000000,591866073
1221,1203,4037000000,591866099
1221,1203,4038000000,591866124
1221,1203,4039000000,591866147
1221,1203,4040000000,591866172
1221,1203,4041000000,591866197
1221,1203,4042000000,591866222
1221,1203,4043000000,591866246
1221,1203,4044000000,591866271
1221,1203,4045000000,591866295
1221,1203,4046000000,591866319
1221,1203,4047000000,591866346
1221,1203,4048000000,591866370
1221,1203,4049000000,591866394
1221,1203,4050000000,591866419
1221,1203,4051000000,591866443
1221,1203,4052000000,591866468
1221,1203,4053000000,591866493
1221,1203,4054000000,591866519
1221,1203,4055000000,591866541
1221,1203,4056000000,591866567
1221,1203,4057000000,591866593
1221,1203,4058000000,591866617
1221,1203,4059000000,591866643
1221,1203,4060000000,591866667
1221,1203,4061000000,591866690
1221,1203,4062000000,591866716
1221,1203,4063000000,591866740
1221,1203,4064000000,591866766
1221,1203,4065000000,591866790
1221,1203,4066000000,591866814
1221,1203,4067000000,591866839
1221,1203,4068000000,591866864
1221,1203,4069000000,591866889
1221,1203,4070000000,591866913
1221,1203,4071000000,591866938
1221,1203,4072000000,591866962
1221,1203,4073000000,591866987
1221,1203,4074000000,591867013
1221,1203,4075000000,591867036
1221,1203,4076000000,591867061
1221,1203,4077000000,591867088
1221,1203,4078000000,591867111
1221,1203,4079000000,591867136
1221,1203,4080000000,591867162
1221,1203,4081000000,591867185
1221,1203,4082000000,591867210
1221,1203,4083000000,591867235
1221,1203,4084000000,591867260
1221,1203,4085000000,591867284
1221,1203,4086000000,591867308
1221,1203,4087000000,591867334
1221,1203,4088000000,591867358
1221,1203,4089000000,591867383
1221,1203,4090000000,591867408
1221,1203,4091000000,591867431
1221,1203,4092000000,591867457
1221,1203,4093000000,591867482
1221,1203,4094000000,591867507
1221,1203,4095000000,591867531
1221,1203,4096000000,591867556
1221,1203,4097000000,591867581
1221,1203,4098000000,591867606
1221,1203,4099000000,591867631
1221,1203,4100000000,591867655
1221,1203,4101000000,591867678
1221,1203,4102000000,591867703
1221,1203,4103000000,591867728
1221,1203,4104000000,591867754
1221,1203,4105000000,591867777
1221,1203,4106000000,591867801
1221,1203,4107000000,591867826
1221,1203,4108000000,591867850
1221,1203,4109000000,591867875
1221,1203,4110000000,591867901
1221,1203,4111000000,591867925
1221,1203,4112000000,591867948
1221,1203,4113000000,591867974
1221,1203,4114000000,591867999
1221,1203,4115000000,591868023
1221,1203,4116000000,591868050
1221,1203,4117000000,591868073
1221,1203,4118000000,591868097
1221,1203,4119000000,591868124
1221,1203,4120000000,591868148
1221,1203,4121000000,591868172
1221,1203,4122000000,591868197
1221,1203,4123000000,591868221
1221,1203,4124000000,591868246
1221,1203,4125000000,591868271
1221,1203,4126000000,591868296
1221,1203,4127000000,591868321
1221,1203,4128000000,591868345
1221,1203,4129000000,591868370
1221,1203,4130000000,591868395
1221,1203,4131000000,591868419
1221,1203,4132000000,591868444
1221,1203,4133000000,591868469
1221,1203,4134000000,591868494
1221,1203,4135000000,591868517
1221,1203,4136000000,591868544
1221,1203,4137000000,591868569
1221,1203,4138000000,591868592
1221,1203,4139000000,591868619
1221,1203,4140000000,591868642
1221,1203,4141000000,591868666
1221,1203,4142000000,591868693
1221,1203,4143000000,591868717
1221,1203,4144000000,591868741
1221,1203,4145000000,591868766
1221,1203,4146000000,591868790
1221,1203,4147000000,591868815
1221,1203,4148000000,591868840
1221,1203,4149000000,591868865
1221,1203,4150000000,591868889
1221,1203,4151000000,591868914
1221,1203,4152000000,591868939
1221,1203,4153000000,591868963
1221,1203,4154000000,591868988
1221,1203,4155000000,591869013
1221,1203,4156000000,591869038
1221,1203,4157000000,591869063
1221,1203,4158000000,591869087
1221,1203,4159000000,591869112
1221,1203,4160000000,591869137
1221,1203,4161000000,591869161
1221,1203,4162000000,591869187
1221,1203,4163000000,591869211
1221,1203,4164000000,591869236
1221,1203,4165000000,591869261
1221,1203,4166000000,591869286
1221,1203,4167000000,591869311
1221,1203,4168000000,591869336
1221,1203,4169000000,591869361
1221,1203,4170000000,591869384
1221,1203,4171000000,591869408
1221,1203,4172000000,591869435
1221,1203,4173000000,591869459
1221,1203,4174000000,591869483
1221,1203,4175000000,591869508
1221,1203,4176000000,591869533
1221,1203,4177000000,591869558
1221,1203,4178000000,591869584
1221,1203,4179000000,591869609
1221,1203,4180000000,591869632
1221,1203,4181000000,591869656
1221,1203,4182000000,591869682
1221,1203,4183000000,591869706
1221,1203,4184000000,591869732
1221,1203,4185000000,591869757
1221,1203,4186000000,591869779
1221,1203,4187000000,591869805
1221,1203,4188000000,591869830
1221,1203,4189000000,591869855
1221,1203,4190000000,591869880
1221,1203,4191000000,591869904
1221,1203,4192000000,591869928
1221,1203,4193000000,591869953
1221,1203,4194000000,591869978
1221,1203,4195000000,591870003
1221,1203,4196000000,591870029
1221,1203,4197000000,591870054
1221,1203,4198000000,591870078
1221,1203,4199000000,591870104
1221,1203,4200000000,591870128
1221,1203,4201000000,591870153
1221,1203,4202000000,591870178
1221,1203,4203000000,591870202
1221,1203,4204000000,591870227
1221,1203,4205000000,591870252
1221,1203,4206000000,591870276
1221,1203,4207000000,591870300
1221,1203,4208000000,591870326
1221,1203,4209000000,591870350
1221,1203,4210000000,591870374
1221,1203,4211000000,591870400
1221,1203,4212000000,591870425
1221,1203,4213000000,591870448
1221,1203,4214000000,591870475
1221,1203,4215000000,591870497
1221,1203,4216000000,591870523
1221,1203,4217000000,591870549
1221,1203,4218000000,591870572
1221,1203,4219000000,591870598
1221,1203,4220000000,591870622
1221,1203,4221000000,591870646
1221,1203,4222000000,591870672
1221,1203,4223000000,591870695
1221,1203,4224000000,591870721
1221,1203,4225000000,591870746
1221,1203,4226000000,591870770
1221,1203,4227000000,591870795
1221,1203,4228000000,591870820
1221,1203,4229000000,591870844
1221,1203,4230000000,591870869
1221,1203,4231000000,591870894
1221,1203,4232000000,591870919
1221,1203,4233000000,591870942
1221,1203,4234000000,591870968
1221,1203,4235000000,591870992
1221,1203,4236000000,591871017
1221,1203,4237000000,591871044
1221,1203,4238000000,591871068
1221,1203,4239000000,591871091
1221,1203,4240000000,591871117
1221,1203,4241000000,591871141
1221,1203,4242000000,591871166
1221,1203,4243000000,591871192
1221,1203,4244000000,591871217
1221,1203,4245000000,591871239
1221,1203,4246000000,591871264
1221,1203,4247000000,591871290
1221,1203,4248000000,591871314
1221,1203,4249000000,591871340
1221,1203,4250000000,591871363
1221,1203,4251000000,591871387
1221,1203,4252000000,591871413
1221,1203,4253000000,591871438
1221,1203,4254000000,591871463
1221,1203,4255000000,591871487
1221,1203,4256000000,591871511
1221,1203,4257000000,591871537
1221,1203,4258000000,591871562
1221,1203,4259000000,591871588
1221,1203,4260000000,591871612
1221,1203,4261000000,591871636
1221,1203,4262000000,591871660
1221,1203,4263000000,591871685
1221,1203,4264000000,591871711
1221,1203,4265000000,591871735
1221,1203,4266000000,591871759
1221,1203,4267000000,591871785
1221,1203,4268000000,591871808
1221,1203,4269000000,591871834
1221,1203,4270000000,591871859
1221,1203,4271000000,591871882
1221,1203,4272000000,591871908
1221,1203,4273000000,591871933
1221,1203,4274000000,591871957
1221,1203,4275000000,591871981
1221,1203,4276000000,591872007
1221,1203,4277000000,591872032
1221,1203,4278000000,591872056
1221,1203,4279000000,591872083
1221,1203,4280000000,591872106
1221,1203,4281000000,591872130
1221,1203,4282000000,591872156
1221,1203,4283000000,591872180
1221,1203,4284000000,591872205
1221,1203,4285000000,591872231
1221,1203,4286000000,591872254
1221,1203,4287000000,591872279
1221,1203,4288000000,591872303
1221,1203,4289000000,591872329
1221,1203,4290000000,591872354
1221,1203,4291000000,591872378
1221,1203,4292000000,591872403
1221,1203,4293000000,591872427
1221,1203,4294000000,591872452
1221,1203,4295000000,591872477
1221,1203,4296000000,591872502
1221,1203,4297000000,591872528
1221,1203,4298000000,591872551
1221,1203,4299000000,591872577
1221,1203,4300000000,591872601
1221,1203,4301000000,591872625
1221,1203,4302000000,591872652
1221,1203,4303000000,591872676
1221,1203,4304000000,591872699
1221,1203,4305000000,591872725
1221,1203,4306000000,591872749
1221,1203,4307000000,591872774
1221,1203,4308000000,591872800
1221,1203,4309000000,591872824
1221,1203,4310000000,591872847
1221,1203,4311000000,591872873
1221,1203,4312000000,591872898
1221,1203,4313000000,591872922
1221,1203,4314000000,591872949
1221,1203,4315000000,591872972
1221,1203,4316000000,591872995
1221,1203,4317000000,591873022
1221,1203,4318000000,591873047
1221,1203,4319000000,591873072
1221,1203,4320000000,591873096
1221,1203,4321000000,591873121
1221,1203,4322000000,591873145
1221,1203,4323000000,591873170
1221,1203,4324000000,591873196
1221,1203,4325000000,591873220
1221,1203,4326000000,591873244
1221,1203,4327000000,591873270
1221,1203,4328000000,591873293
1221,1203,4329000000,591873319
1221,1203,4330000000,591873344
1221,1203,4331000000,591873367
1221,1203,4332000000,591873393
1221,1203,4333000000,591873417
1221,1203,4334000000,591873442
1221,1203,4335000000,591873467
1221,1203,4336000000,591873491
1221,1203,4337000000,591873517
1221,1203,4338000000,591873542
1221,1203,4339000000,591873567
1221,1203,4340000000,591873591
1221,1203,4341000000,591873616
1221,1203,4342000000,591873640
1221,1203,4343000000,591873665
1221,1203,4344000000,591873691
1221,1203,4345000000,591873716
1221,1203,4346000000,591873739
1221,1203,4347000000,591873766
1221,1203,4348000000,591873789
1221,1203,4349000000,591873814
1221,1203,4350000000,591873840
1221,1203,4351000000,591873864
1221,1203,4352000000,591873889
1221,1203,4353000000,591873913
1221,1203,4354000000,591873938
1221,1203,4355000000,591873963
1221,1203,4356000000,591873988
1221,1203,4357000000,591874014
1221,1203,4358000000,591874039
1221,1203,4359000000,591874063
1221,1203,4360000000,591874087
1221,1203,4361000000,591874112
1221,1203,4362000000,591874137
1221,1203,4363000000,591874162
1221,1203,4364000000,591874187
1221,1203,4365000000,591874210
1221,1203,4366000000,591874235
1221,1203,4367000000,591874261
1221,1203,4368000000,591874285
1221,1203,4369000000,591874310
1221,1203,4370000000,591874335
1221,1203,4371000000,591874358
1221,1203,4372000000,591874384
1221,1203,4373000000,591874409
1221,1203,4374000000,591874434
1221,1203,4375000000,591874458
1221,1203,4376000000,591874483
1221,1203,4377000000,591874507
1221,1203,4378000000,591874532
1221,1203,4379000000,591874559
1221,1203,4380000000,591874583
1221,1203,4381000000,591874606
1221,1203,4382000000,591874633
1221,1203,4383000000,591874656
1221,1203,4384000000,591874681
1221,1203,4385000000,591874707
1221,1203,4386000000,591874730
1221,1203,4387000000,591874755
1221,1203,4388000000,591874781
1221,1203,4389000000,591874805
1221,1203,4390000000,591874829
1221,1203,4391000000,591874855
1221,1203,4392000000,591874879
1221,1203,4393000000,591874903
1221,1203,4394000000,591874929
1221,1203,4395000000,591874953
1221,1203,4396000000,591874977
1221,1203,4397000000,591875003
1221,1203,4398000000,591875028
1221,1203,4399000000,591875053
1221,1203,4400000000,591875078
1221,1203,4401000000,591875103
1221,1203,4402000000,591875126
1221,1203,4403000000,591875151
1221,1203,4404000000,591875177
1221,1203,4405000000,591875201
1221,1203,4406000000,591875226
1221,1203,4407000000,591875252
1221,1203,4408000000,591875274
1221,1203,4409000000,0
1221,1203,4410000000,0
1221,1203,4411000000,0
1221,1203,4412000000,0
1221,1203,4413000000,0
1221,1203,4414000000,0
1221,1203,4415000000,0
1221,1203,4416000000,0
1221,1203,4417000000,0
1221,1203,4418000000,0
1221,1203,4419000000,0
1221,1203,4420000000,0
1221,1203,4421000000,0
1221,1203,4422000000,0
1221,1203,4423000000,0
1221,1203,4424000000,0
1221,1203,4425000000,0
1221,1203,4426000000,0
1221,1203,4427000000,0
1221,1203,4428000000,0
1221,1203,4429000000,0
1221,1203,4430000000,0
1221,1203,4431000000,0
1221,1203,4432000000,0
1221,1203,4433000000,0
1221,1203,4434000000,0
1221,1203,4435000000,0
1221,1203,4436000000,0
1221,1203,4437000000,0
1221,1203,4438000000,0
1221,1203,4439000000,0
1221,1203,4440000000,0
1221,1203,4441000000,0
1221,1203,4442000000,0
1221,1203,4443000000,0
1221,1203,4444000000,0
1221,1203,4445000000,0
1221,1203,4446000000,0
1221,1203,4447000000,0
1221,1203,4448000000,0
1221,1203,4449000000,0
1221,1203,4450000000,0
1221,1203,4451000000,0
1221,1203,4452000000,0
1221,1203,4453000000,0
1221,1203,4454000000,0
1221,1203,4455000000,0
1221,1203,4456000000,0
1221,1203,4457000000,0
1221,1203,4458000000,0
1221,1203,4459000000,0
1221,1203,4460000000,0
1221,1203,4461000000,0
1221,1203,4462000000,0
1221,1203,4463000000,0
1221,1203,4464000000,0
1221,1203,4465000000,0
1221,1203,4466000000,0
1221,1203,4467000000,0
1221,1203,4468000000,0
1221,1203,4469000000,0
1221,1203,4470000000,0
1221,1203,4471000000,0
1221,1203,4472000000,0
1221,1203,4473000000,0
1221,1203,4474000000,0
1221,1203,4475000000,0
1221,1203,4476000000,0
1221,1203,4477000000,0
1221,1203,4478000000,0
1221,1203,4479000000,0
1221,1203,4480000000,0
1221,1203,4481000000,0
1221,1203,4482000000,0
1221,1203,4483000000,0
1221,1203,4484000000,0
1221,1203,4485000000,0
1221,1203,4486000000,0
1221,1203,4487000000,0
1221,1203,4488000000,0
1221,1203,4489000000,0
1221,1203,4490000000,0
1221,1203,4491000000,0
1221,1203,4492000000,0
1221,1203,4493000000,0
1221,1203,4494000000,0
1221,1203,4495000000,0
1221,1203,4496000000,0
1221,1203,4497000000,0
1221,1203,4498000000,0
1221,1203,4499000000,0
1221,1203,4500000000,0
1221,1203,4501000000,0
1221,1203,4502000000,0
1221,1203,4503000000,0
1221,1203,4504000000,0
1221,1203,4505000000,0
1221,1203,4506000000,0
1221,1203,4507000000,0
1221,1203,4508000000,0
1221,1203,4509000000,0
1221,1203,4510000000,0
1221,1203,4511000000,0
1221,1203,4512000000,0
1221,1203,4513000000,0
1221,1203,4514000000,0
1221,1203,4515000000,0
1221,1203,4516000000,0
1221,1203,4517000000,0
1221,1203,4518000000,0
1221,1203,4519000000,0
1221,1203,4520000000,0
1221,1203,4521000000,0
1221,1203,4522000000,0
1221,1203,4523000000,0
1221,1203,4524000000,0
1221,1203,4525000000,0
1221,1203,4526000000,0
1221,1203,4527000000,0
1221,1203,4528000000,0
1221,1203,4529000000,0
1221,1203,4530000000,0
1221,1203,4531000000,0
1221,1203,4532000000,0
1221,1203,4533000000,0
1221,1203,4534000000,0
1221,1203,4535000000,0
1221,1203,4536000000,0
1221,1203,4537000000,0
1221,1203,4538000000,0
1221,1203,4539000000,0
1221,1203,4540000000,0
1221,1203,4541000000,0
1221,1203,4542000000,0
1221,1203,4543000000,0
1221,1203,4544000000,0
1221,1203,4545000000,0
1221,1203,4546000000,0
1221,1203,4547000000,0
1221,1203,4548000000,0
1221,1203,4549000000,0
1221,1203,4550000000,0
1221,1203,4551000000,0
1221,1203,4552000000,0
1221,1203,4553000000,0
1221,1203,4554000000,0
1221,1203,4555000000,0
1221,1203,4556000000,0
1221,1203,4557000000,0
1221,1203,4558000000,0
1221,1203,4559000000,0
1221,1203,4560000000,0
1221,1203,4561000000,0
1221,1203,4562000000,0
1221,1203,4563000000,0
1221,1203,4564000000,0
1221,1203,4565000000,0
1221,1203,4566000000,0
1221,1203,4567000000,0
1221,1203,4568000000,0
1221,1203,4569000000,0
1221,1203,4570000000,0
1221,1203,4571000000,0
1221,1203,4572000000,0
1221,1203,4573000000,0
1221,1203,4574000000,0
1221,1203,4575000000,0
1221,1203,4576000000,0
1221,1203,4577000000,0
1221,1203,4578000000,0
1221,1203,4579000000,0
1221,1203,4580000000,0
1221,1203,4581000000,0
1221,1203,4582000000,0
1221,1203,4583000000,0
1221,1203,4584000000,0
1221,1203,4585000000,0
1221,1203,4586000000,0
1221,1203,4587000000,0
1221,1203,4588000000,0
1221,1203,4589000000,0
1221,1203,4590000000,0
1221,1203,4591000000,0
1221,1203,4592000000,0
1221,1203,4593000000,0
1221,1203,4594000000,0
1221,1203,4595000000,0
1221,1203,4596000000,0
1221,1203,4597000000,0
1221,1203,4598000000,0
1221,1203,4599000000,0
1221,1203,4600000000,0
1221,1203,4601000000,0
1221,1203,4602000000,0
1221,1203,4603000000,0
1221,1203,4604000000,0
1221,1203,4605000000,0
1221,1203,4606000000,0
1221,1203,4607000000,0
1221,1203,4608000000,0
1221,1203,4609000000,0
1221,1203,4610000000,0
1221,1203,4611000000,0
1221,1203,4612000000,0
1221,1203,4613000000,0
1221,1203,4614000000,0
1221,1203,4615000000,0
1221,1203,4616000000,0
1221,1203,4617000000,0
1221,1203,4618000000,0
1221,1203,4619000000,0
1221,1203,4620000000,0
1221,1203,4621000000,0
1221,1203,4622000000,0
1221,1203,4623000000,0
1221,1203,4624000000,0
1221,1203,4625000000,0
1221,1203,4626000000,0
1221,1203,4627000000,0
1221,1203,4628000000,0
1221,1203,4629000000,0
1221,1203,4630000000,0
1221,1203,4631000000,0
1221,1203,4632000000,0
1221,1203,4633000000,0
1221,1203,4634000000,0
1221,1203,4635000000,0
1221,1203,4636000000,0
1221,1203,4637000000,0
1221,1203,4638000000,0
1221,1203,4639000000,0
1221,1203,4640000000,0
1221,1203,4641000000,0
1221,1203,4642000000,0
1221,1203,4643000000,0
1221,1203,4644000000,0
1221,1203,4645000000,0
1221,1203,4646000000,0
1221,1203,4647000000,0
1221,1203,4648000000,0
1221,1203,4649000000,0
1221,1203,4650000000,0
1221,1203,4651000000,0
1221,1203,4652000000,0
1221,1203,4653000000,0
1221,1203,4654000000,0
1221,1203,4655000000,0
1221,1203,4656000000,0
1221,1203,4657000000,0
1221,1203,4658000000,0
1221,1203,4659000000,0
1221,1203,4660000000,0
1221,1203,4661000000,0
1221,1203,4662000000,0
1221,1203,4663000000,0
1221,1203,4664000000,0
1221,1203,4665000000,0
1221,1203,4666000000,0
1221,1203,4667000000,0
1221,1203,4668000000,0
1221,1203,4669000000,0
1221,1203,4670000000,0
1221,1203,4671000000,0
1221,1203,4672000000,0
1221,1203,4673000000,0
1221,1203,4674000000,0
1221,1203,4675000000,0
1221,1203,4676000000,0
1221,1203,4677000000,0
1221,1203,4678000000,0
1221,1203,4679000000,0
1221,1203,4680000000,0
1221,1203,4681000000,0
1221,1203,4682000000,0
1221,1203,4683000000,0
1221,1203,4684000000,0
1221,1203,4685000000,0
1221,1203,4686000000,0
1221,1203,4687000000,0
1221,1203,4688000000,0
1221,1203,4689000000,0
1221,1203,4690000000,0
1221,1203,4691000000,0
1221,1203,4692000000,0
1221,1203,4693000000,0
1221,1203,4694000000,0
1221,1203,4695000000,0
1221,1203,4696000000,0
1221,1203,4697000000,0
1221,1203,4698000000,0
1221,1203,4699000000,0
1221,1203,4700000000,0
1221,1203,4701000000,0
1221,1203,4702000000,0
1221,1203,4703000000,0
1221,1203,4704000000,0
1221,1203,4705000000,0
1221,1203,4706000000,0
1221,1203,4707000000,0
1221,1203,4708000000,0
1221,1203,4709000000,0
1221,1203,4710000000,0
1221,1203,4711000000,0
1221,1203,4712000000,0
1221,1203,4713000000,0
1221,1203,4714000000,0
1221,1203,4715000000,0
1221,1203,4716000000,0
1221,1203,4717000000,0
1221,1203,4718000000,0
1221,1203,4719000000,0
1221,1203,4720000000,0
1221,1203,4721000000,0
1221,1203,4722000000,0
1221,1203,4723000000,0
1221,1203,4724000000,0
1221,1203,4725000000,0
1221,1203,4726000000,0
1221,1203,4727000000,0
1221,1203,4728000000,0
1221,1203,4729000000,0
1221,1203,4730000000,0
1221,1203,4731000000,0
1221,1203,4732000000,0
1221,1203,4733000000,0
1221,1203,4734000000,0
1221,1203,4735000000,0
1221,1203,4736000000,0
1221,1203,4737000000,0
1221,1203,4738000000,0
1221,1203,4739000000,0
1221,1203,4740000000,0
1221,1203,4741000000,0
1221,1203,4742000000,0
1221,1203,4743000000,0
1221,1203,4744000000,0
1221,1203,4745000000,0
1221,1203,4746000000,0
1221,1203,4747000000,0
1221,1203,4748000000,0
1221,1203,4749000000,0
1221,1203,4750000000,0
1221,1203,4751000000,0
1221,1203,4752000000,0
1221,1203,4753000000,0
1221,1203,4754000000,0
1221,1203,4755000000,0
1221,1203,4756000000,0
1221,1203,4757000000,0
1221,1203,4758000000,0
1221,1203,4759000000,0
1221,1203,4760000000,0
1221,1203,4761000000,0
1221,1203,4762000000,0
1221,1203,4763000000,0
1221,1203,4764000000,0
1221,1203,4765000000,0
1221,1203,4766000000,0
1221,1203,4767000000,0
1221,1203,4768000000,0
1221,1203,4769000000,0
1221,1203,4770000000,0
1221,1203,4771000000,0
1221,1203,4772000000,0
1221,1203,4773000000,0
1221,1203,4774000000,0
1221,1203,4775000000,0
1221,1203,4776000000,0
1221,1203,4777000000,0
1221,1203,4778000000,0
1221,1203,4779000000,0
1221,1203,4780000000,0
1221,1203,4781000000,0
1221,1203,4782000000,0
1221,1203,4783000000,0
1221,1203,4784000000,0
1221,1203,4785000000,0
1221,1203,4786000000,0
1221,1203,4787000000,0
1221,1203,4788000000,0
1221,1203,4789000000,0
1221,1203,4790000000,0
1221,1203,4791000000,0
1221,1203,4792000000,0
1221,1203,4793000000,0
1221,1203,4794000000,0
1221,1203,4795000000,0
1221,1203,4796000000,0
1221,1203,4797000000,0
1221,1203,4798000000,0
1221,1203,4799000000,0
1221,1203,4800000000,0
1221,1203,4801000000,0
1221,1203,4802000000,0
1221,1203,4803000000,0
1221,1203,4804000000,0
1221,1203,4805000000,0
1221,1203,4806000000,0
1221,1203,4807000000,0
1221,1203,4808000000,0
1221,1203,4809000000,0
1221,1203,4810000000,0
1221,1203,4811000000,0
1221,1203,4812000000,0
1221,1203,4813000000,0
1221,1203,4814000000,0
1221,1203,4815000000,0
1221,1203,4816000000,0
1221,1203,4817000000,0
1221,1203,4818000000,0
1221,1203,4819000000,0
1221,1203,4820000000,0
1221,1203,4821000000,0
1221,1203,4822000000,0
1221,1203,4823000000,0
1221,1203,4824000000,0
1221,1203,4825000000,0
1221,1203,4826000000,0
1221,1203,4827000000,0
1221,1203,4828000000,0
1221,1203,4829000000,0
1221,1203,4830000000,0
1221,1203,4831000000,0
1221,1203,4832000000,0
1221,1203,4833000000,0
1221,1203,4834000000,0
1221,1203,4835000000,0
1221,1203,4836000000,0
1221,1203,4837000000,0
1221,1203,4838000000,0
1221,1203,4839000000,0
1221,1203,4840000000,0
1221,1203,4841000000,0
1221,1203,4842000000,0
1221,1203,4843000000,0
1221,1203,4844000000,0
1221,1203,4845000000,0
1221,1203,4846000000,0
1221,1203,4847000000,0
1221,1203,4848000000,0
1221,1203,4849000000,0
1221,1203,4850000000,0
1221,1203,4851000000,0
1221,1203,4852000000,0
1221,1203,4853000000,0
1221,1203,4854000000,0
1221,1203,4855000000,0
1221,1203,4856000000,0
1221,1203,4857000000,0
1221,1203,4858000000,0
1221,1203,4859000000,0
1221,1203,4860000000,0
1221,1203,4861000000,0
1221,1203,4862000000,0
1221,1203,4863000000,0
1221,1203,4864000000,0
1221,1203,4865000000,0
1221,1203,4866000000,0
1221,1203,4867000000,0
1221,1203,4868000000,0
1221,1203,4869000000,0
1221,1203,4870000000,0
1221,1203,4871000000,0
1221,1203,4872000000,0
1221,1203,4873000000,0
1221,1203,4874000000,0
1221,1203,4875000000,0
1221,1203,4876000000,0
1221,1203,4877000000,0
1221,1203,4878000000,0
1221,1203,4879000000,0
1221,1203,4880000000,0
1221,1203,4881000000,0
1221,1203,4882000000,0
1221,1203,4883000000,0
1221,1203,4884000000,0
1221,1203,4885000000,0
1221,1203,4886000000,0
1221,1203,4887000000,0
1221,1203,4888000000,0
1221,1203,4889000000,0
1221,1203,4890000000,0
1221,1203,4891000000,0
1221,1203,4892000000,0
1221,1203,4893000000,0
1221,1203,4894000000,0
1221,1203,4895000000,0
1221,1203,4896000000,0
1221,1203,4897000000,0
1221,1203,4898000000,0
1221,1203,4899000000,0
1221,1203,4900000000,0
1221,1203,4901000000,0
1221,1203,4902000000,0
1221,1203,4903000000,0
1221,1203,4904000000,0
1221,1203,4905000000,0
1221,1203,4906000000,0
1221,1203,4907000000,0
1221,1203,4908000000,0
1221,1203,4909000000,0
1221,1203,4910000000,0
1221,1203,4911000000,0
1221,1203,4912000000,0
1221,1203,4913000000,0
1221,1203,4914000000,0
1221,1203,4915000000,0
1221,1203,4916000000,0
1221,1203,4917000000,0
1221,1203,4918000000,0
1221,1203,4919000000,0
1221,1203,4920000000,0
1221,1203,4921000000,0
1221,1203,4922000000,0
1221,1203,4923000000,0
1221,1203,4924000000,0
1221,1203,4925000000,0
1221,1203,4926000000,0
1221,1203,4927000000,0
1221,1203,4928000000,0
1221,1203,4929000000,0
1221,1203,4930000000,0
1221,1203,4931000000,0
1221,1203,4932000000,0
1221,1203,4933000000,0
1221,1203,4934000000,0
1221,1203,4935000000,0
1221,1203,4936000000,0
1221,1203,4937000000,0
1221,1203,4938000000,0
1221,1203,4939000000,0
1221,1203,4940000000,0
1221,1203,4941000000,0
1221,1203,4942000000,0
1221,1203,4943000000,0
1221,1203,4944000000,0
1221,1203,4945000000,0
1221,1203,4946000000,0
1221,1203,4947000000,0
1221,1203,4948000000,0
1221,1203,4949000000,0
1221,1203,4950000000,0
1221,1203,4951000000,0
1221,1203,4952000000,0
1221,1203,4953000000,0
1221,1203,4954000000,0
1221,1203,4955000000,0
1221,1203,4956000000,0
1221,1203,4957000000,0
1221,1203,4958000000,0
1221,1203,4959000000,0
1221,1203,4960000000,0
1221,1203,4961000000,0
1221,1203,4962000000,0
1221,1203,4963000000,0
1221,1203,4964000000,0
1221,1203,4965000000,0
1221,1203,4966000000,0
1221,1203,4967000000,0
1221,1203,4968000000,0
1221,1203,4969000000,0
1221,1203,4970000000,0
1221,1203,4971000000,0
1221,1203,4972000000,0
1221,1203,4973000000,0
1221,1203,4974000000,0
1221,1203,4975000000,0
1221,1203,4976000000,0
1221,1203,4977000000,0
1221,1203,4978000000,0
1221,1203,4979000000,0
1221,1203,4980000000,0
1221,1203,4981000000,0
1221,1203,4982000000,0
1221,1203,4983000000,0
1221,1203,4984000000,0
1221,1203,4985000000,0
1221,1203,4986000000,0
1221,1203,4987000000,0
1221,1203,4988000000,0
1221,1203,4989000000,0
1221,1203,4990000000,0
1221,1203,4991000000,0
1221,1203,4992000000,0
1221,1203,4993000000,0
1221,1203,4994000000,0
1221,1203,4995000000,0
1221,1203,4996000000,0
1221,1203,4997000000,0
1221,1203,4998000000,0
1221,1203,4999000000,0
