0,142504133,13800
0,303707366,15180
0,306001739,16560
0,308296107,17940
0,310590487,19320
0,312884856,20700
0,464863996,22080
0,467158372,23460
0,469452745,24840
0,471747118,26220
0,474041491,27600
0,476335862,28980
0,478630240,30360
0,626017239,31740
0,628311609,33120
0,630605988,34500
0,632900358,35880
0,635194734,37260
0,637489107,38640
0,639783481,40020
0,642077854,41400
0,644372228,42780
0,646666606,44160
0,648960975,45540
0,788314299,46920
0,790608681,48300
0,792903048,49680
0,795197422,51060
0,797491798,52440
0,799786171,53820
0,802080543,55200
0,804374916,56580
0,806669293,57960
0,808963662,59340
0,811258033,60720
0,813552414,62100
0,815846783,63480
0,818141160,64860
0,820435533,66240
0,822729906,67620
0,949460796,69000
0,951755170,70380
0,954049544,71760
0,956343918,73140
0,958638294,74520
0,960932663,75900
0,963227034,77280
0,965521414,78660
0,967815784,80040
0,970110158,81420
0,972404531,82800
0,974698908,84180
0,976993279,85560
0,979287649,86940
0,981582030,88320
0,983876399,89700
0,986170777,91080
0,988465150,92460
0,990759522,93840
0,993053895,95220
0,995348269,96600
0,997642644,97980
0,999937014,99360
0,1002231385,100740
0,1110603947,102120
0,1112898316,103500
0,1115192694,104880
0,1117487067,106260
0,1119781442,107640
0,1122075816,109020
0,1124370189,110400
0,1126664568,111780
0,1128958936,113160
0,1131253310,114540
0,1133547687,115920
0,1135842057,117300
0,1138136432,118680
0,1140430808,120060
0,1142725182,121440
0,1145019557,122820
0,1147313924,124200
0,1149608307,125580
0,1151902678,126960
0,1154197053,128340
0,1156491428,129720
0,1158785799,131100
0,1161080175,132480
0,1163374546,133860
0,1165668924,135240
0,1167963295,136620
0,1170257664,138000
0,1172552046,139380
0,1174846415,140760
0,1177140794,142140
0,1179435167,143520
0,1181729541,144900
0,1184023914,146280
0,1186318282,147660
0,1188612665,149040
0,1190907033,150420
0,1271743766,151800
0,1274038139,153180
0,1276332514,154560
0,1278626890,155940
0,1280921262,157320
0,1283215632,158700
0,1285510015,160080
0,1287804386,161460
0,1290098761,162840
0,1292393135,164220
0,1294687511,165600
0,1296981882,166980
0,1299276251,168360
0,1301570629,169740
0,1303865001,171120
0,1306159377,172500
0,1308453753,173880
0,1310748127,175260
0,1313042500,176640
0,1315336876,178020
0,1317631254,179400
0,1319925622,180780
0,1322219993,182160
0,1324514373,183540
0,1326808745,184920
0,1329103120,186300
0,1331397494,187680
0,1333691873,189060
0,1335986241,190440
0,1338280613,191820
0,1340574995,193200
0,1342869364,194580
0,1345163742,195960
0,1347458114,197340
0,1349752487,198720
0,1352046862,200100
0,1354341235,201480
0,1356635612,202860
0,1358929981,204240
0,1361224352,205620
0,1363518734,207000
0,1365813104,208380
0,1368107480,209760
0,1370401855,211140
0,1372696231,212520
0,1374990601,213900
0,1377284973,215280
0,1379579353,216660
0,1381873720,218040
0,1384168098,219420
0,1386462473,220800
0,1388756846,222180
0,1391051219,223560
0,1393345595,224940
0,1432880273,226320
0,1435174648,227700
0,1437469021,229080
0,1439763395,230460
0,1442057768,231840
0,1444352143,233220
0,1446646522,234600
0,1448940891,235980
0,1451235262,237360
0,1453529642,238740
0,1455824011,240120
0,1458118390,241500
0,1460412764,242880
0,1462707136,244260
0,1465001510,245640
0,1467295881,247020
0,1469590262,248400
0,1471884633,249780
0,1474179009,251160
0,1476473384,252540
0,1478767758,253920
0,1481062132,255300
0,1483356505,256680
0,1485650882,258060
0,1487945251,259440
0,1490239620,260820
0,1492534002,262200
0,1494828373,263580
0,1497122748,264960
0,1499417124,266340
0,1501711498,267720
0,1504005873,269100
0,1506300243,270480
0,1508594622,271860
0,1510888993,273240
0,1513183370,274620
0,1515477743,276000
0,1517772117,277380
0,1520066491,278760
0,1522360866,280140
0,1524655244,281520
0,1526949616,282900
0,1529243986,284280
0,1531538366,285660
0,1533832737,287040
0,1536127113,288420
0,1538421489,289800
0,1540715862,291180
0,1543010236,292560
0,1545304605,293940
0,1547598987,295320
0,1549893359,296700
0,1552187736,298080
0,1554482110,299460
0,1556776485,300840
0,1559070858,302220
0,1561365231,303600
0,1563659610,304980
0,1565953980,306360
0,1568248348,307740
0,1570542729,309120
0,1572837101,310500
0,1575131478,311880
0,1577425852,313260
0,1579720226,314640
0,1582014599,316020
0,1584308970,317400
0,1586603352,318780
0,1588897722,320160
0,1591192095,321540
0,1593486472,322920
0,1595780845,324300
0,1598075220,325680
0,1600369594,327060
0,1602663972,328440
0,1604958342,329820
0,1607252713,331200
0,1609547095,332580
0,1611841467,333960
0,1614135841,335340
0,1616430215,336720
0,1618724590,338100
0,1621018963,339480
0,1623313331,340860
0,1625607713,342240
0,1627902084,343620
0,1630196458,345000
0,1632490836,346380
0,1634785211,347760
0,1637079584,349140
0,1639373958,350520
0,1641668335,351900
0,1643962706,353280
0,1646257077,354660
0,1648551456,356040
0,1650845826,357420
0,1653140203,358800
0,1655434578,360180
0,1657728952,361560
0,1660023325,362940
0,1662317696,364320
0,1664612079,365700
0,1666906448,367080
0,1669200823,368460
0,1671495200,369840
0,1673789572,371220
0,1676083945,372600
0,1678378320,373980
0,1680672699,375360
0,1682967068,376740
0,1685261440,378120
0,1687555821,379500
0,1689850192,380880
0,1692144568,382260
0,1694438941,383640
0,1696733316,385020
0,1699027690,386400
0,1701322058,387780
0,1703616440,389160
0,1705910810,390540
0,1708205184,391920
0,1710499564,393300
0,1712793937,394680
0,1715088312,396060
0,1717382685,397440
0,1719677065,398820
0,1721971434,400200
0,1724265807,401580
0,1726560186,402960
0,1728854555,404340
0,1731148932,405720
0,1733443309,407100
0,1735737683,408480
0,1738032058,409860
0,1740326426,411240
0,1742620810,412620
0,1744915179,414000
0,1747209554,415380
0,1749503933,416760
0,1751798304,418140
0,1754092678,419520
0,1756387054,420900
0,1758681432,422280
0,1760975802,423660
0,1763270173,425040
0,1765564555,426420
0,1767858925,427800
0,1770153303,429180
0,1772447677,430560
0,1774742052,431940
0,1777036425,433320
0,1779330799,434700
0,1781625176,436080
0,1783919547,437460
0,1786213919,438840
0,1788508299,440220
0,1790802672,441600
0,1793097047,442980
0,1795391422,444360
0,1797685799,445740
0,1799980169,447120
0,1802274540,448500
0,1804568920,449880
0,1806863290,451260
0,1809157668,452640
0,1811452042,454020
0,1813746415,455400
0,1816040790,456780
0,1818335166,458160
0,1820629545,459540
0,1822923913,460920
0,1825218284,462300
0,1827512665,463680
0,1829807037,465060
0,1832101412,466440
0,1834395786,467820
0,1836690163,469200
0,1838984534,470580
0,1841278907,471960
0,1843573288,473340
0,1845867658,474720
0,1848162034,476100
0,1850456409,477480
0,1852750784,478860
0,1855045158,480240
0,1857339531,481620
0,1859633907,483000
0,1861928278,484380
0,1864222651,485760
0,1866517032,487140
0,1868811403,488520
0,1871105779,489900
0,1873400155,491280
0,1875694530,492660
0,1877988902,494040
0,1880283274,495420
0,1882577652,496800
0,1884872022,498180
0,1888531187,247710
0,2574243392,101430
0,2891478209,101448
0,2893772583,101466
0,2896066959,101484
0,2898361336,101502
0,2900655716,101520
0,2902950085,101538
0,2905244457,101556
0,2985225832,101574
0,2987520214,101592
0,2989814586,101610
0,2992108964,101628
0,2994403340,101646
0,2996697715,101664
0,2998992088,101682
0,3001286461,101700
0,3003580843,101718
0,3005875213,101736
0,3008169593,101754
0,3010463969,101772
0,3012758344,101790
0,3015052719,101808
0,3017347095,101826
0,3019641473,101844
0,3021935843,101862
0,3024230217,101880
0,3026524600,101898
0,3028818971,101916
0,3031113349,101934
0,3033407725,101952
0,3035702102,101970
0,3037996475,101988
0,3040290847,102006
0,3042585228,102024
0,3044879599,102042
0,3047173978,102060
0,3049468356,102078
0,3051762729,102096
0,3054057105,102114
0,3056351482,102132
0,3058645860,102150
0,3060940232,102168
0,3063234604,102186
0,3065528985,102204
0,3067823357,102222
0,3070117734,102240
0,3072412111,102258
0,3074706487,102276
0,3077000861,102294
0,3079295234,102312
0,3081589616,102330
0,3083883987,102348
0,3086178364,102366
0,3088472742,102384
0,3090767117,102402
0,3093061491,102420
0,3095355867,102438
0,3097650246,102456
0,3099944618,102474
0,3102238993,102492
0,3104533373,102510
0,3106827745,102528
0,3109122123,102546
0,3111416501,102564
0,3113710875,102582
0,3116005250,102600
0,3118299620,102618
0,3120594004,102636
0,3122888377,102654
0,3125182754,102672
0,3127477132,102690
0,3129771506,102708
0,3132065883,102726
0,3148622334,102744
0,3153210990,102762
0,3157799652,102780
0,3162388311,102798
0,3166976965,102816
0,3171565643,102834
0,3176154299,102852
0,3180742960,102870
0,3185331609,102888
0,3189920275,102906
0,3194508948,102924
0,3199097600,102942
0,3203686270,102960
0,3208274925,102978
0,3212863584,102996
0,3217452255,103014
0,3219746630,103032
0,3224335235,103050
0,3228923903,103068
0,3233512572,103086
0,3238101230,103104
0,3242689894,103122
0,3247278549,103140
0,3251867215,103158
0,3256455878,103176
0,3261044531,103194
0,3265633207,103212
0,3270221861,103230
0,3274810526,103248
0,3278252042,103266
0,3280546424,103284
0,3282840797,103302
0,3285135175,103320
0,3287429551,103338
0,3289723927,103356
0,3292018302,103374
0,3294312674,103392
0,3310868491,103410
0,3315457061,103428
0,3320045631,103446
0,3324634208,103464
0,3329222758,103482
0,3333811351,103500
0,3338399927,103518
0,3342988493,103536
0,3347577060,103554
0,3352165625,103572
0,3356754213,103590
0,3361342782,103608
0,3365931357,103626
0,3370519929,103644
0,3375108487,103662
0,3379697078,103680
0,3381991453,103698
0,3386579925,103716
0,3391168499,103734
0,3395757081,103752
0,3400345650,103770
0,3404934225,103788
0,3409522794,103806
0,3414111365,103824
0,3418699945,103842
0,3423288499,103860
0,3427877090,103878
0,3432465657,103896
0,3437054231,103914
0,3440495684,103932
0,3442790056,103950
0,3445084433,103968
0,3447378811,103986
0,3449673190,104004
0,3451967562,104022
0,3454261935,104040
0,3456556316,104058
0,3473111494,104076
0,3477699983,104094
0,3482288457,104112
0,3486876942,104130
0,3491465408,104148
0,3496053911,104166
0,3499495215,104184
0,3504083685,104202
0,3508672169,104220
0,3513260641,104238
0,3517849142,104256
0,3522437628,104274
0,3527026104,104292
0,3531614596,104310
0,3536203061,104328
0,3540791564,104346
0,3543085940,104364
0,3547674278,104382
0,3552262758,104400
0,3556851249,104418
0,3561439738,104436
0,3566028219,104454
0,3570616704,104472
0,3575205182,104490
0,3579793671,104508
0,3584382143,104526
0,3588970637,104544
0,3593559126,104562
0,3598147609,104580
0,3601588995,104598
0,3603883368,104616
0,3606177745,104634
0,3608472124,104652
0,3610766499,104670
0,3613060876,104688
0,3615355252,104706
0,3617649632,104724
0,3634204174,104742
0,3638792571,104760
0,3643380961,104778
0,3647969349,104796
0,3652557737,104814
0,3657146151,104832
0,3660587385,104850
0,3665175767,104868
0,3669764160,104886
0,3674352545,104904
0,3678940956,104922
0,3683529359,104940
0,3688117745,104958
0,3692706147,104976
0,3697294519,104994
0,3701882935,105012
0,3704177312,105030
0,3708765519,105048
0,3713353914,105066
0,3717942311,105084
0,3722530720,105102
0,3727119110,105120
0,3731707504,105138
0,3736295888,105156
0,3740884289,105174
0,3745472682,105192
0,3750061079,105210
0,3754649486,105228
0,3759237878,105246
0,3762679200,105264
0,3764973572,105282
0,3767267946,105300
0,3769562328,105318
0,3771856701,105336
0,3774151079,105354
0,3776445457,105372
0,3778739831,105390
0,3795293743,105408
0,3799882052,105426
0,3804470365,105444
0,3809058655,105462
0,3813646964,105480
0,3818235284,105498
0,3821676456,105516
0,3826264747,105534
0,3830853051,105552
0,3833147433,105570
0,3836588545,105588
0,3841176856,105606
0,3845765176,105624
0,3850353478,105642
0,3854941788,105660
0,3859530075,105678
0,3864118396,105696
0,3866412774,105714
0,3871000850,105732
0,3875589164,105750
0,3880177464,105768
0,3884765789,105786
0,3889354093,105804
0,3893942396,105821
0,3898530698,105838
0,3903119004,105855
0,3907707316,105872
0,3912295618,105889
0,3916883937,105906
0,3921472248,105923
0,3924913500,105940
0,3927207872,105957
0,3929502254,105974
0,3931796628,105991
0,3934091006,106008
0,3936385383,106025
0,3938679761,106042
0,3940974133,106059
0,3957527423,106076
0,3962115636,106093
0,3966703871,106110
0,3971292064,106127
0,3975880285,106144
0,3980468524,106161
0,3983909624,106178
0,3988497834,106195
0,3993086042,106212
0,3995380418,106229
0,3998821426,106246
0,4003409655,106263
0,4007997886,106280
0,4012586105,106297
0,4017174317,106314
0,4021762520,106331
0,4026350756,106348
0,4028645137,106365
0,4033233075,106382
0,4037821300,106399
0,4042409518,106416
0,4046997754,106433
0,4051585976,106450
0,4056174181,106467
0,4060762401,106484
0,4065350623,106501
0,4069938841,106518
0,4074527066,106535
0,4079115288,106552
0,4083703518,106569
0,4087144698,106586
0,4089439076,106603
0,4091733450,106620
0,4094027826,106637
0,4096322199,106654
0,4098616586,106671
0,4100910960,106688
0,4103205333,106705
0,4119758009,106722
0,4124346135,106739
0,4128934279,106756
0,4133522390,106773
0,4138110516,106790
0,4142698678,106807
0,4146139701,106824
0,4150727829,106841
0,4155315946,106858
0,4157610329,106875
0,4161051221,106892
0,4165639373,106909
0,4169080315,106926
0,4173668453,106943
0,4178256575,106960
0,4182844693,106977
0,4187432845,106994
0,4189727220,107011
0,4194315025,107028
0,4198903164,107045
0,4203491303,107062
0,4208079443,107079
0,4212667581,107096
0,4217255696,107113
0,4221843829,107130
0,4226431972,107147
0,4231020094,107164
0,4235608237,107181
0,4240196370,107198
0,4244784511,107215
0,4248225629,107232
0,4250520012,107249
0,4252814387,107266
0,4255108764,107283
0,4257403141,107300
0,4259697518,107317
0,4261991893,107334
0,4264286267,107351
0,4280838316,107368
0,4285426363,107385
0,4290014413,107402
0,4294602446,107419
0,4299190481,107436
0,4303778555,107453
0,4307219514,107470
0,4311807554,107487
0,4316395590,107504
0,4318689966,107521
0,4322130754,107538
0,4326718814,107555
0,4330159698,107572
0,4334747745,107589
0,4339335777,107606
0,4343923806,107623
0,4348511880,107640
0,4350806254,107657
0,4355393928,107674
0,4359981974,107691
0,4364570033,107708
0,4369158089,107725
0,4373746134,107742
0,4378334161,107759
0,4382922206,107776
0,4387510270,107793
0,4392098302,107810
0,4396686356,107827
0,4401274403,107844
0,4405862456,107861
0,4409303506,107878
0,4411597890,107895
0,4413892264,107912
0,4416186642,107929
0,4418481019,107946
0,4420775395,107963
0,4423069773,107980
0,4425364151,107997
0,4441915578,108014
0,4446503548,108031
0,4451091507,108048
0,4455679452,108065
0,4460267397,108082
0,4464855388,108099
0,4468296279,108116
0,4472884229,108133
0,4477472188,108150
0,4479766565,108167
0,4483207242,108184
0,4487795215,108201
0,4491236034,108218
0,4495823993,108235
0,4500411944,108252
0,4504999879,108269
0,4509587877,108286
0,4511882249,108303
0,4514176629,108320
0,4517616983,108337
0,4522204932,108354
0,4526792910,108371
0,4531380889,108388
0,4535968841,108405
0,4540556785,108422
0,4545144735,108439
0,4549732720,108456
0,4554320663,108473
0,4558908630,108490
0,4563496595,108507
0,4568084554,108524
0,4571525548,108541
0,4573819923,108558
0,4576114302,108575
0,4578408680,108592
0,4580703057,108609
0,4582997432,108626
0,4585291805,108643
0,4587586188,108660
0,4604136998,108677
0,4608724886,108694
0,4613312757,108711
0,4617900617,108728
0,4622488480,108745
0,4627076380,108762
0,4630517211,108779
0,4635105067,108796
0,4639692951,108813
0,4641987327,108830
0,4645427894,108847
0,4650015775,108864
0,4653456533,108881
0,4658044403,108898
0,4662632277,108915
0,4667220114,108932
0,4671808027,108949
0,4674102406,108966
0,4676396786,108983
0,4679836985,109000
0,4684424853,109017
0,4689012741,109034
0,4693600640,109051
0,4698188498,109068
0,4702776360,109085
0,4707364230,109102
0,4711952123,109119
0,4716539984,109136
0,4721127859,109153
0,4725715744,109170
0,4730303614,109187
0,4733744544,109204
0,4736038920,109221
0,4738333294,109238
0,4740627680,109255
0,4742922054,109272
0,4745216429,109289
0,4747510811,109306
0,4749805187,109323
0,4766355389,109340
0,4770943188,109357
0,4775530979,109374
0,4780118742,109391
0,4784706530,109408
0,4789294338,109425
0,4792735109,109442
0,4797322877,109459
0,4801910673,109476
0,4804205050,109493
0,4807645518,109510
0,4812233305,109527
0,4815674009,109544
0,4820261781,109561
0,4824849570,109578
0,4829437327,109595
0,4834025150,109612
0,4836319522,109629
0,4838613908,109646
0,4842053956,109663
0,4846641749,109680
0,4851229542,109697
0,4854670172,109714
0,4859257938,109731
0,4863845714,109748
0,4868433505,109765
0,4873021304,109782
0,4877609092,109799
0,4882196875,109816
0,4886784674,109833
0,4891372463,109850
0,4894813323,109867
0,4897107704,109884
0,4899402081,109901
0,4901696460,109918
0,4903990836,109935
0,4906285209,109952
0,4908579594,109969
0,4910873967,109986
0,4927423566,110003
0,4932011274,110020
0,4936598987,110037
0,4941186666,110054
0,4945774364,110071
0,4950362090,110088
0,4953802793,110105
0,4958390480,110122
0,4962978186,110139
0,4965272558,110156
0,4968712924,110173
0,4973300625,110190
0,4976741267,110207
0,4981328952,110224
0,4985916657,110241
0,4990504338,110258
0,4995092073,110275
0,4997386451,110292
0,4999680831,110309
0,5003120731,110326
0,5007708437,110343
0,5012296141,110360
0,5015736709,110377
0,5020324386,110394
0,5024912078,110411
0,5029499793,110428
0,5034087503,110445
0,5038675205,110462
0,5043262897,110479
0,5047850612,110496
0,5052438325,110513
0,5055879111,110530
0,5058173491,110547
0,5060467870,110564
0,5062762246,110581
0,5065056624,110598
0,5067351000,110615
0,5069645381,110632
0,5071939756,110649
0,5088488759,110666
0,5093076383,110683
0,5097664010,110700
0,5102251597,110717
0,5106839211,110734
0,5111426858,110751
0,5114867492,110768
0,5119455102,110785
0,5124042712,110802
0,5126337085,110819
0,5129777346,110836
0,5134364968,110853
0,5137805542,110870
0,5142393145,110887
0,5146980758,110904
0,5151568363,110921
0,5156156016,110938
0,5158450395,110955
0,5160744769,110972
0,5164184521,110989
0,5168772141,111006
0,5173359763,111023
0,5176800265,111040
0,5181387861,111057
0,5185975456,111074
0,5188269832,111091
0,5191710282,111108
0,5196297906,111125
0,5200885526,111142
0,5205473135,111159
0,5210060760,111176
0,5214648397,111193
0,5218089111,111210
0,5220383488,111227
0,5222677867,111244
0,5224972243,111261
0,5227266616,111278
0,5229561001,111295
0,5231855375,111312
0,5234149755,111329
0,5250698163,111346
0,5255285699,111363
0,5259873242,111380
0,5264460751,111397
0,5269048273,111414
0,5273635844,111431
0,5277076406,111448
0,5281663942,111465
0,5286251461,111482
0,5288545845,111499
0,5291985991,111516
0,5296573535,111533
0,5300014035,111550
0,5304601566,111567
0,5309189082,111584
0,5313776603,111601
0,5318364180,111618
0,5320658560,111635
0,5322952932,111652
0,5326392537,111669
0,5330980070,111686
0,5335567610,111703
0,5339008044,111720
0,5343595562,111737
0,5348183063,111754
0,5350477445,111771
0,5353917787,111788
0,5358505332,111805
0,5363092859,111822
0,5367680393,111839
0,5372267932,111856
0,5376855479,111873
0,5380296130,111890
0,5382590517,111907
0,5384884889,111924
0,5387179268,111941
0,5389473649,111958
0,5391768026,111975
0,5394062404,111992
0,5396356782,112009
0,5412904586,112026
0,5417492042,112042
0,5422079492,112058
0,5426666929,112074
0,5431254358,112090
0,5435841845,112106
0,5439282345,112122
0,5443869796,112138
0,5448457236,112154
0,5450751612,112170
0,5454191654,112186
0,5458779117,112202
0,5462219556,112218
0,5466807001,112234
0,5471394437,112250
0,5475981874,112266
0,5480569371,112282
0,5482863745,112298
0,5485158124,112314
0,5488597584,112330
0,5493185020,112346
0,5497772481,112362
0,5501212855,112378
0,5505800284,112394
0,5510387708,112410
0,5512682086,112426
0,5516122320,112442
0,5519562602,112458
0,5524150045,112474
0,5528737488,112490
0,5533324939,112506
0,5537912405,112522
0,5541353001,112538
0,5543647382,112554
0,5545941755,112570
0,5548236130,112586
0,5550530514,112602
0,5552824890,112618
0,5555119269,112634
0,5557413648,112650
0,5573960852,112666
0,5578548233,112682
0,5583135602,112698
0,5587722951,112714
0,5592310292,112730
0,5596897693,112746
0,5600338132,112762
0,5604925500,112778
0,5609512865,112794
0,5611807240,112810
0,5615247169,112826
0,5619834549,112842
0,5623274925,112858
0,5627862284,112874
0,5632449643,112890
0,5637036991,112906
0,5641624408,112922
0,5643918783,112938
0,5646213161,112954
0,5649652477,112970
0,5654239822,112986
0,5658827203,113002
0,5662267513,113018
0,5666854861,113034
0,5671442207,113050
0,5673736582,113066
0,5677176712,113082
0,5680616933,113098
0,5685204293,113114
0,5689791651,113130
0,5694379020,113146
0,5698966396,113162
0,5702406938,113178
0,5704701315,113194
0,5706995692,113210
0,5709290067,113226
0,5711584454,113242
0,5713878827,113258
0,5716173206,113274
0,5718467585,113290
0,5735014189,113306
0,5739601490,113322
0,5744188779,113338
0,5748776042,113354
0,5753363305,113370
0,5757950611,113386
0,5761390996,113402
0,5765978273,113418
0,5770565565,113434
0,5772859938,113450
0,5776299757,113466
0,5780887052,113482
0,5784327368,113498
0,5788914642,113514
0,5793501929,113530
0,5798089190,113546
0,5802676521,113562
0,5804970899,113578
0,5807265273,113594
0,5810704444,113610
0,5815291705,113626
0,5819879001,113642
0,5823319248,113658
0,5827906513,113674
0,5832493785,113690
0,5834788162,113706
0,5838228183,113722
0,5841668343,113738
0,5846255612,113754
0,5850842886,113770
0,5855430182,113786
0,5860017469,113802
0,5862311842,113818
0,5864606226,113834
0,5866900601,113850
0,5869194979,113866
0,5871489361,113882
0,5873783737,113898
0,5876078118,113914
0,5878372498,113930
0,5880666880,113946
0,5897211804,113962
0,5901799022,113978
0,5906386229,113994
0,5910973408,114010
0,5915560593,114026
0,5920147810,114042
0,5923588143,114058
0,5928175322,114074
0,5932762537,114090
0,5935056916,114106
0,5938496630,114122
0,5943083837,114138
0,5946524098,114154
0,5951111279,114170
0,5955698490,114186
0,5960285665,114202
0,5964872915,114218
0,5967167292,114234
0,5969461673,114250
0,5972900690,114266
0,5977487874,114282
0,5982075081,114298
0,5985515274,114314
0,5990102446,114330
0,5994689644,114346
0,5996984020,114362
0,6000423938,114378
0,6003864031,114394
0,6008451222,114410
0,6013038407,114426
0,6017625631,114442
0,6022212829,114458
0,6024507212,114474
0,6026801587,114490
0,6029095967,114506
0,6031390346,114522
0,6033684725,114538
0,6035979102,114554
0,6038273477,114570
0,6040567863,114586
0,6042862238,114602
0,6059406498,114618
0,6063993628,114634
0,6068580761,114650
0,6073167847,114666
0,6077754951,114682
0,6082342086,114698
0,6085782357,114714
0,6090369460,114730
0,6094956588,114746
0,6097250963,114762
0,6100690581,114778
0,6105277700,114794
0,6108717905,114810
0,6113305000,114826
0,6117892125,114842
0,6122479223,114858
0,6127066384,114874
0,6129360765,114890
0,6131655146,114906
0,6135094015,114922
0,6139681124,114938
0,6144268246,114954
0,6147708382,114970
0,6152295470,114986
0,6156882583,115002
0,6159176962,115018
0,6162616784,115034
0,6166056804,115050
0,6170643926,115066
0,6175231024,115082
0,6179818159,115098
0,6184405282,115114
0,6186699661,115130
0,6188994038,115146
0,6191288413,115162
0,6193582799,115178
0,6195877175,115194
0,6198171552,115210
0,6200465932,115226
0,6202760310,115242
0,6205054690,115258
0,6220451097,115274
0,6225038138,115290
0,6229625194,115306
0,6234212197,115322
0,6238799217,115338
0,6243386273,115354
0,6246826481,115370
0,6251413507,115386
0,6256000547,115402
0,6258294921,115418
0,6261734439,115434
0,6266321472,115450
0,6269761620,115466
0,6274348631,115482
0,6278935673,115498
0,6283522698,115514
0,6288109776,115530
0,6290404155,115546
0,6292698534,115562
0,6296137265,115578
0,6300724287,115594
0,6305311322,115610
0,6308751401,115626
0,6313338402,115642
0,6317925433,115658
0,6320219812,115674
0,6323659539,115690
0,6327099498,115706
0,6331686535,115722
0,6336273547,115738
0,6340860603,115754
0,6345447650,115770
0,6347742028,115786
0,6350036407,115802
0,6352330780,115818
0,6354625167,115834
0,6356919542,115850
0,6359213921,115866
0,6361508304,115882
0,6363802678,115898
0,6366097059,115914
0,6381492825,115930
0,6386079780,115946
0,6390666753,115962
0,6395253671,115978
0,6399840611,115994
0,6404427594,116010
0,6407867729,116026
0,6412454681,116042
0,6417041637,116058
0,6419336011,116074
0,6422775428,116090
0,6427362380,116106
0,6430802462,116122
0,6435389397,116138
0,6439976349,116154
0,6444563305,116170
0,6449150297,116186
0,6451444678,116202
0,6453739057,116218
0,6457177644,116234
0,6461764583,116250
0,6466351535,116266
0,6469791553,116282
0,6474378477,116298
0,6478965419,116314
0,6481259795,116330
0,6484699430,116346
0,6488139332,116362
0,6492726279,116378
0,6497313208,116394
0,6501900181,116410
0,6506487159,116426
0,6508781535,116442
0,6511075916,116458
0,6513370294,116474
0,6515664677,116490
0,6517959051,116506
0,6520253428,116522
0,6522547813,116538
0,6524842189,116554
0,6527136571,116570
0,6542531691,116586
0,6544826067,116602
0,6548265753,116618
0,6552852641,116634
0,6557439484,116650
0,6562026334,116666
0,6566613247,116682
0,6570053313,116698
0,6574640191,116714
0,6579227058,116730
0,6581521441,116746
0,6584960749,116762
0,6589547628,116778
0,6592987640,116794
0,6597574498,116810
0,6602161362,116826
0,6606748238,116842
0,6611335152,116858
0,6613629542,116874
0,6615923914,116890
0,6619362359,116906
0,6623949214,116922
0,6628536093,116938
0,6631976047,116954
0,6636562894,116970
0,6641149745,116986
0,6643444125,117002
0,6646883656,117018
0,6650323500,117034
0,6654910365,117050
0,6659497219,117066
0,6664084103,117082
0,6668671008,117098
0,6670965386,117114
0,6673259761,117130
0,6675554147,117146
0,6677848521,117162
0,6680142904,117178
0,6682437284,117194
0,6684731660,117210
0,6687026039,117226
0,6689320413,117242
0,6704714902,117258
0,6707009279,117274
0,6710448863,117290
0,6715035667,117306
0,6719622436,117322
0,6724209199,117338
0,6728796027,117354
0,6732236036,117370
0,6736822834,117386
0,6741409623,117402
0,6743704003,117418
0,6747143207,117434
0,6751730007,117450
0,6755169957,117466
0,6759756736,117482
0,6764343517,117498
0,6768930314,117514
0,6773517155,117530
0,6775811530,117546
0,6778105911,117562
0,6781544221,117578
0,6786130985,117594
0,6790717789,117610
0,6794157678,117626
0,6798744449,117642
0,6803331214,117658
0,6805625602,117674
0,6809065024,117690
0,6812504816,117706
0,6817091594,117722
0,6821678371,117738
0,6826265172,117754
0,6830851994,117770
0,6833146375,117786
0,6835440757,117802
0,6837735137,117818
0,6840029514,117834
0,6842323887,117850
0,6844618275,117866
0,6846912651,117882
0,6849207030,117898
0,6851501414,117914
0,6866895260,117930
0,6869189638,117946
0,6872629128,117962
0,6877215847,117978
0,6880655348,117994
0,6885242024,118010
0,6889828772,118026
0,6893268719,118042
0,6897855439,118058
0,6902442156,118074
0,6904736531,118090
0,6908175636,118106
0,6912762350,118122
0,6916202243,118138
0,6920788944,118154
0,6925375646,118170
0,6929962353,118186
0,6934549121,118202
0,6936843498,118218
0,6939137881,118234
0,6942576048,118250
0,6947162731,118266
0,6951749450,118282
0,6955189282,118298
0,6959775971,118314
0,6964362661,118330
0,6966657042,118346
0,6970096368,118362
0,6973536102,118378
0,6978122799,118394
0,6982709495,118410
0,6987296208,118426
0,6991882950,118442
0,6994177330,118458
0,6996471712,118474
0,6998766090,118490
0,7001060471,118506
0,7003354844,118522
0,7005649231,118538
0,7007943606,118554
0,7010237984,118570
0,7012532369,118586
0,7027925585,118602
0,7030219963,118618
0,7033659361,118634
0,7038245996,118650
0,7041685441,118666
0,7046272034,118682
0,7050858700,118698
0,7054298589,118714
0,7058885226,118730
0,7063471878,118746
0,7065766257,118762
0,7069205251,118778
0,7073791885,118794
0,7077231717,118810
0,7081818340,118826
0,7086404968,118842
0,7090991585,118858
0,7095578280,118874
0,7097872655,118890
0,7100167036,118906
0,7103605069,118922
0,7108191670,118938
0,7112778307,118954
0,7116218077,118970
0,7120804686,118986
0,7125391305,119002
0,7127685685,119018
0,7131124908,119034
0,7134564583,119049
0,7139151198,119064
0,7143737814,119079
0,7148324447,119094
0,7152911100,119109
0,7155205480,119124
0,7157499863,119139
0,7159794238,119154
0,7162088622,119169
0,7164383003,119184
0,7166677383,119199
0,7168971759,119214
0,7171266134,119229
0,7173560521,119244
0,7188953111,119259
0,7191247489,119274
0,7194686792,119289
0,7199273346,119304
0,7202712734,119319
0,7207299245,119334
0,7209593633,119349
0,7213033018,119364
0,7216472856,119379
0,7221059405,119394
0,7225645989,119409
0,7227940365,119424
0,7231379260,119439
0,7235965808,119454
0,7239405585,119469
0,7243992124,119484
0,7248578683,119499
0,7253165207,119514
0,7257751826,119529
0,7260046206,119544
0,7262340579,119559
0,7265778477,119574
0,7270365004,119589
0,7274951556,119604
0,7278391268,119619
0,7282977795,119634
0,7287564343,119649
0,7289858719,119664
0,7293297840,119679
0,7296737453,119694
0,7301323991,119709
0,7305910527,119724
0,7310497088,119739
0,7315083650,119754
0,7317378031,119769
0,7319672411,119784
0,7321966791,119799
0,7324261166,119814
0,7326555554,119829
0,7328849931,119844
0,7331144312,119859
0,7333438692,119874
0,7335733070,119889
0,7351125043,119904
0,7353419422,119919
0,7356858626,119934
0,7361445105,119949
0,7364884430,119964
0,7369470867,119979
0,7371765244,119994
0,7375204539,120009
0,7378644322,120024
0,7383230785,120039
0,7387817286,120054
0,7390111670,120069
0,7393550470,120084
0,7398136928,120099
0,7401576652,120114
0,7406163101,120129
0,7410749587,120144
0,7415336033,120159
0,7419922570,120174
0,7422216948,120189
0,7424511332,120204
0,7427949084,120219
0,7432535538,120234
0,7437122003,120249
0,7440561664,120264
0,7445148102,120279
0,7449734575,120294
0,7452028957,120309
0,7455467981,120324
0,7458907527,120339
0,7463493993,120354
0,7468080442,120369
0,7472666934,120384
0,7477253408,120399
0,7479547796,120414
0,7481842172,120429
0,7484136555,120444
0,7486430936,120459
0,7488725313,120474
0,7491019694,120489
0,7493314068,120504
0,7495608457,120519
0,7497902832,120534
0,7513294185,120549
0,7515588571,120564
0,7519027662,120579
0,7523614074,120594
0,7527053329,120609
0,7531639701,120624
0,7533934076,120639
0,7537373270,120654
0,7540812988,120669
0,7545399376,120684
0,7549985794,120699
0,7552280173,120714
0,7554574558,120729
0,7559158076,120744
0,7562597737,120759
0,7567184112,120774
0,7571770516,120789
0,7576356884,120804
0,7580943334,120819
0,7583237711,120834
0,7585532098,120849
0,7588969713,120864
0,7593556097,120879
0,7598142482,120894
0,7601582081,120909
0,7606168444,120924
0,7610754834,120939
0,7613049216,120954
0,7616488151,120969
0,7619927622,120984
0,7624514022,120999
0,7629100392,121014
0,7633686803,121029
0,7638273194,121044
0,7640567583,121059
0,7642861958,121074
0,7645156341,121089
0,7647450722,121104
0,7649745101,121119
0,7652039480,121134
0,7654333859,121149
0,7656628245,121164
0,7658922624,121179
0,7674313358,121194
0,7676607746,121209
0,7680046742,121224
0,7684633075,121239
0,7688072270,121254
0,7692658565,121269
0,7694952940,121284
0,7698392038,121299
0,7701831691,121314
0,7706418004,121329
0,7711004336,121344
0,7713298713,121359
0,7715593101,121374
0,7720176469,121389
0,7723616068,121404
0,7728202364,121419
0,7732788690,121434
0,7737374986,121449
0,7741961344,121464
0,7744255722,121479
0,7746550108,121494
0,7749987591,121509
0,7754573903,121524
0,7759160209,121539
0,7762599748,121554
0,7767186034,121569
0,7771772344,121584
0,7774066724,121599
0,7777505567,121614
0,7780944970,121629
0,7785531302,121644
0,7790117595,121659
0,7794703924,121674
0,7799290235,121689
0,7801584621,121704
0,7803878999,121719
0,7806173379,121734
0,7808467762,121749
0,7810762138,121764
0,7813056521,121779
0,7815350896,121794
0,7817645286,121809
0,7819939660,121824
0,7835329784,121839
0,7837624174,121854
0,7841063077,121869
0,7845649328,121884
0,7849088467,121899
0,7853674683,121914
0,7855969064,121929
0,7859408066,121944
0,7862847646,121959
0,7867433891,121974
0,7872020143,121989
0,7874314520,122004
0,7876608908,122019
0,7881192118,122034
0,7884631661,122049
0,7889217878,122064
0,7893804125,122079
0,7898390348,122094
0,7900684731,122109
0,7904123812,122124
0,7906418191,122139
0,7908712572,122154
0,7912149919,122169
0,7916736157,122184
0,7921322386,122199
0,7924761868,122214
0,7929348075,122229
0,7933934307,122244
0,7936228685,122259
0,7939667440,122274
0,7943106776,122289
0,7947693036,122304
0,7952279247,122319
0,7956865499,122334
0,7961451739,122349
0,7963746117,122364
0,7966040497,122379
0,7968334873,122394
0,7970629262,122409
0,7972923638,122424
0,7975218019,122439
0,7977512403,122454
0,7979806780,122469
0,7982101162,122484
0,7997490680,122499
0,7999785055,122514
0,8003223870,122529
0,8007810038,122544
0,8011249122,122559
0,8015835260,122574
0,8018129644,122589
0,8021568554,122604
0,8025008067,122619
0,8029594244,122634
0,8034180413,122649
0,8036474796,122664
0,8038769175,122679
0,8043352229,122694
0,8046791716,122709
0,8051377859,122724
0,8055964025,122739
0,8060550178,122754
0,8062844554,122769
0,8066283538,122784
0,8068577925,122799
0,8070872300,122814
0,8074309509,122829
0,8078895671,122844
0,8083481828,122859
0,8086921244,122874
0,8091507379,122889
0,8096093527,122904
0,8098387909,122919
0,8101826567,122934
0,8105265843,122949
0,8109852023,122964
0,8114438165,122979
0,8119024333,122994
0,8123610505,123009
0,8125904882,123024
0,8128199261,123039
0,8130493647,123054
0,8132788024,123069
0,8135082406,123084
0,8137376788,123099
0,8139671168,123114
0,8141965547,123129
0,8144259923,123144
0,8159648836,123159
0,8161943213,123174
0,8165381927,123189
0,8169968012,123204
0,8173407044,123219
0,8177993098,123234
0,8180287475,123249
0,8183726298,123264
0,8187165756,123279
0,8191751851,123294
0,8196337941,123309
0,8198632331,123324
0,8200926707,123339
0,8205509612,123354
0,8208949034,123369
0,8213535107,123384
0,8218121191,123399
0,8222707268,123414
0,8225001648,123429
0,8228440534,123444
0,8230734914,123459
0,8233029295,123474
0,8236466376,123489
0,8239905260,123504
0,8244491350,123519
0,8247930695,123534
0,8252516768,123549
0,8257102840,123564
0,8259397219,123579
0,8262835774,123594
0,8266274992,123609
0,8270861093,123624
0,8275447169,123639
0,8280033259,123654
0,8284619354,123669
0,8286913731,123684
0,8289208110,123699
0,8291502494,123714
0,8293796872,123729
0,8296091255,123744
0,8298385638,123759
0,8300680018,123774
0,8302974396,123789
0,8305268773,123804
0,8320657084,123819
0,8322951459,123834
0,8326390079,123849
0,8330976075,123864
0,8334415061,123879
0,8339001032,123894
0,8341295408,123909
0,8344734137,123924
0,8348173540,123939
0,8352759555,123954
0,8357345568,123969
0,8359639955,123984
0,8361934333,123999
0,8366517090,124014
0,8369956446,124029
0,8374542449,124044
0,8379128462,124059
0,8383714454,124074
0,8386008836,124089
0,8389447631,124104
0,8391742008,124119
0,8394036389,124134
0,8397473339,124149
0,8400912153,124164
0,8405498177,124179
0,8408937455,124194
0,8413523460,124209
0,8418109456,124224
0,8420403839,124239
0,8423842288,124254
0,8427281446,124269
0,8431867470,124284
0,8436453481,124299
0,8441039494,124314
0,8445625509,124329
0,8447919887,124344
0,8450214266,124359
0,8452508651,124374
0,8454803029,124389
0,8457097413,124404
0,8459391796,124419
0,8461686175,124434
0,8463980554,124449
0,8466274932,124464
0,8481662642,124479
0,8483957020,124494
0,8487395542,124509
0,8491981454,124524
0,8495420391,124539
0,8500006283,124554
0,8502300660,124569
0,8505739289,124584
0,8509178639,124599
0,8513764574,124614
0,8518350511,124629
0,8520644899,124644
0,8522939276,124659
0,8527521883,124674
0,8530961174,124689
0,8535547108,124704
0,8540133050,124719
0,8544718957,124734
0,8547013338,124749
0,8550452046,124764
0,8552746423,124779
0,8555040807,124794
0,8558477624,124809
0,8561916366,124824
0,8566502322,124839
0,8569941534,124854
0,8574527476,124869
0,8576821853,124884
0,8580260578,124899
0,8582554967,124914
0,8585993310,124929
0,8589432420,124944
0,8594018362,124959
0,8598604308,124974
0,8603190237,124989
0,8607776174,125004
0,8610070556,125019
0,8612364931,125034
0,8614659320,125049
0,8616953698,125064
0,8619248077,125079
0,8621542462,125094
0,8623836842,125109
0,8626131221,125124
0,8628425605,125139
0,8643812712,125154
0,8646107093,125169
0,8649545523,125184
0,8654131347,125199
0,8657570241,125214
0,8662156051,125229
0,8664450435,125244
0,8667888958,125259
0,8671328248,125274
0,8675914112,125289
0,8680499976,125304
0,8682794355,125319
0,8685088738,125334
0,8689671194,125349
0,8693110425,125364
0,8697696287,125379
0,8702282153,125394
0,8706867982,125409
0,8709162363,125424
0,8712600985,125439
0,8714895364,125454
0,8717189744,125469
0,8720626430,125484
0,8724065105,125499
0,8728650994,125514
0,8732090141,125529
0,8736676013,125544
0,8738970389,125559
0,8742409023,125574
0,8744703405,125589
0,8748141649,125604
0,8751580716,125619
0,8756166579,125634
0,8760752445,125649
0,8765338294,125664
0,8769924157,125679
0,8772218539,125694
0,8774512925,125709
0,8776807303,125724
0,8779101682,125739
0,8781396066,125754
0,8783690447,125769
0,8785984826,125784
0,8788279203,125799
0,8790573593,125814
0,8805960100,125829
0,8808254476,125844
0,8811692820,125859
0,8816278567,125874
0,8819717403,125889
0,8824303139,125904
0,8826597529,125919
0,8830035948,125934
0,8833475191,125949
0,8838060969,125964
0,8842646771,125979
0,8844941147,125994
0,8847235529,126009
0,8851817831,126024
0,8855257005,126039
0,8859842792,126054
0,8864428585,126069
0,8869014330,126084
0,8871308709,126099
0,8874747244,126114
0,8877041625,126129
0,8879336001,126144
0,8882772557,126159
0,8886211175,126174
0,8890796988,126189
0,8894236083,126204
0,8898821876,126219
0,8901116260,126234
0,8904554796,126249
0,8906849173,126264
0,8909143557,126279
0,8912579145,126294
0,8917164936,126309
0,8921750722,126324
0,8926336494,126339
0,8930922279,126354
0,8933216660,126369
0,8935511045,126384
0,8937805421,126399
0,8940099805,126414
0,8942394186,126429
0,8944688568,126444
0,8946982949,126459
0,8949277327,126474
0,8951571716,126489
0,8966957631,126504
0,8969252010,126519
0,8972690264,126534
0,8977275934,126549
0,8980714713,126564
0,8985300370,126579
0,8987594759,126594
0,8991033094,126609
0,8994472283,126624
0,8999057984,126639
0,9003643708,126654
0,9005938084,126669
0,9008232466,126684
0,9012814614,126699
0,9016253733,126714
0,9020839443,126729
0,9025425170,126744
0,9030010838,126759
0,9032305214,126774
0,9035743653,126789
0,9038038036,126804
0,9040332414,126819
0,9043768835,126834
0,9047207399,126849
0,9051793137,126864
0,9055232177,126879
0,9059817893,126894
0,9062112275,126909
0,9065550721,126924
0,9067845097,126939
0,9070139481,126954
0,9073574940,126969
0,9078160658,126983
0,9082746362,126997
0,9087332060,127011
0,9091917769,127025
0,9094212149,127039
0,9096506534,127053
0,9098800911,127067
0,9101095294,127081
0,9103389679,127095
0,9105684059,127109
0,9107978438,127123
0,9110272817,127137
0,9112567206,127151
0,9127952532,127165
0,9130246911,127179
0,9133685077,127193
0,9138270669,127207
0,9141709396,127221
0,9146294975,127235
0,9148589365,127249
0,9152027611,127263
0,9155466748,127277
0,9160052370,127291
0,9164638018,127305
0,9166932397,127319
0,9169226777,127333
0,9173808773,127347
0,9177247836,127361
0,9181833468,127375
0,9186419131,127389
0,9191004724,127403
0,9193299101,127417
0,9196737441,127431
0,9199031823,127445
0,9201326201,127459
0,9204762493,127473
0,9208200999,127487
0,9212786663,127501
0,9216225647,127515
0,9220811284,127529
0,9223105668,127543
0,9226544025,127557
0,9228838404,127571
0,9231132786,127585
0,9234568113,127599
0,9236862491,127613
0,9240300948,127627
0,9244886576,127641
0,9249472205,127655
0,9254057832,127669
0,9256352208,127683
0,9258646598,127697
0,9260940975,127711
0,9263235357,127725
0,9265529744,127739
0,9267824123,127753
0,9270118506,127767
0,9272412886,127781
0,9274707268,127795
0,9290092009,127809
0,9292386391,127823
0,9295824465,127837
0,9300409983,127851
0,9303848651,127865
0,9308434162,127879
0,9310728539,127893
0,9314166704,127907
0,9317605787,127921
0,9322191329,127935
0,9326776902,127949
0,9329071285,127963
0,9331365660,127977
0,9335947509,127991
0,9339386519,128005
0,9343972073,128019
0,9348557671,128033
0,9353143187,128047
0,9355437570,128061
0,9358875803,128075
0,9361170187,128089
0,9363464572,128103
0,9366900728,128117
0,9370339174,128131
0,9374924768,128145
0,9378363691,128159
0,9382949256,128173
0,9385243637,128187
0,9388681908,128201
0,9390976287,128215
0,9393270665,128229
0,9396705865,128243
0,9399000244,128257
0,9402438613,128271
0,9407024158,128285
0,9411609727,128299
0,9416195273,128313
0,9418489659,128327
0,9420784038,128341
0,9423078422,128355
0,9425372799,128369
0,9427667186,128383
0,9429961565,128397
0,9432255942,128411
0,9434550334,128425
0,9436844711,128439
0,9452228870,128453
0,9454523256,128467
0,9457961230,128481
0,9462546682,128495
0,9465985286,128509
0,9470570733,128523
0,9472865111,128537
0,9476303173,128551
0,9479742199,128565
0,9484327667,128579
0,9488913171,128593
0,9491207552,128607
0,9493501938,128621
0,9498083625,128635
0,9501522589,128649
0,9506108059,128663
0,9510693586,128677
0,9515279028,128691
0,9517573418,128705
0,9521011550,128719
0,9523305928,128733
0,9525600314,128747
0,9529036345,128761
0,9532474743,128775
0,9537060255,128789
0,9540499131,128803
0,9545084615,128817
0,9547378997,128831
0,9550817178,128845
0,9553111562,128859
0,9555405945,128873
0,9558841005,128887
0,9561135387,128901
0,9564573667,128915
0,9569159137,128929
0,9573744624,128943
0,9578330098,128957
0,9580624489,128971
0,9582918865,128985
0,9585213246,128999
0,9587507633,129013
0,9589802011,129027
0,9592096395,129041
0,9594390778,129055
0,9596685161,129069
0,9598979542,129083
0,9613215927,129097
0,9615510315,129111
0,9618948192,129125
0,9623533579,129139
0,9626972121,129153
0,9631557500,129167
0,9633851880,129181
0,9637289845,129195
0,9640728819,129209
0,9645314211,129223
0,9649899638,129237
0,9652194018,129251
0,9654488404,129265
0,9659069957,129279
0,9662508861,129293
0,9667094258,129307
0,9671679711,129321
0,9676265076,129335
0,9678559465,129349
0,9681997510,129363
0,9684291888,129377
0,9686586276,129391
0,9690022178,129405
0,9693460523,129419
0,9698045961,129433
0,9701484782,129447
0,9706070192,129461
0,9708364571,129475
0,9711802657,129489
0,9714097041,129503
0,9716391426,129517
0,9719826358,129531
0,9722120739,129545
0,9725558929,129559
0,9730144327,129573
0,9734729738,129587
0,9739315138,129601
0,9741609529,129615
0,9743903908,129629
0,9746198290,129643
0,9748492676,129657
0,9750787055,129671
0,9753081440,129685
0,9755375817,129699
0,9757670205,129713
0,9759964585,129727
0,9774200414,129741
0,9776494801,129755
0,9779932582,129769
0,9784517901,129783
0,9787956381,129797
0,9792541694,129811
0,9794836072,129825
0,9798273944,129839
0,9801712870,129853
0,9806298183,129867
0,9810883531,129881
0,9813177915,129895
0,9815472300,129909
0,9820053716,129923
0,9823492564,129937
0,9828077887,129951
0,9832663268,129965
0,9837248557,129979
0,9839542947,129993
0,9842980894,130007
0,9845275271,130021
0,9847569661,130035
0,9851005443,130049
0,9854443740,130063
0,9859029100,130077
0,9862467868,130091
0,9867053202,130105
0,9869347580,130119
0,9872785573,130133
0,9875079955,130147
0,9877374333,130161
0,9880809146,130175
0,9883103530,130189
0,9886541629,130203
0,9891126955,130217
0,9895712293,130231
0,9900297615,130245
0,9902592005,130259
0,9904886382,130273
0,9907180766,130287
0,9909475151,130301
0,9911769530,130315
0,9914063912,130329
0,9916358290,130343
0,9918652678,130357
0,9920947059,130371
0,9923241439,130385
0,9936329524,130399
0,9938623915,130413
0,9942061602,130427
0,9946646856,130441
0,9950085274,130455
0,9954670519,130469
0,9956964899,130483
0,9960402680,130497
0,9963841548,130511
0,9968426792,130525
0,9973012060,130539
0,9975306438,130553
0,9977600827,130567
0,9982182105,130581
0,9985620902,130595
0,9990206150,130609
0,9994791456,130623
0,9999376667,130637
0,10001671056,130651
0,10005108918,130665
0,10007403301,130679
0,10009697683,130693
0,10013133344,130707
0,10016571590,130721
0,10021156874,130735
0,10024595595,130749
0,10029180852,130763
0,10031475235,130777
0,10034913129,130791
0,10037207510,130805
0,10039501898,130819
0,10042936577,130833
0,10045230959,130847
0,10048668968,130861
0,10053254222,130875
0,10057839486,130889
0,10062424740,130903
0,10064719120,130917
0,10067013502,130931
0,10069307879,130945
0,10071602270,130959
0,10073896649,130973
0,10076191031,130987
0,10078485417,131001
0,10080779796,131015
0,10083074180,131029
0,10085368558,131043
0,10098456081,131057
0,10100750460,131071
0,10104188067,131085
0,10108773244,131099
0,10112211611,131113
0,10116796780,131127
0,10119091166,131141
0,10122528858,131155
0,10125967663,131169
0,10130552845,131183
0,10135138036,131197
0,10137432421,131211
0,10139726801,131225
0,10144307933,131239
0,10147746676,131253
0,10152331849,131267
0,10156917083,131281
0,10161502231,131295
0,10163796608,131309
0,10167234389,131323
0,10169528774,131337
0,10171823155,131351
0,10175258684,131365
0,10178696879,131379
0,10183282088,131393
0,10186720752,131407
0,10191305937,131421
0,10193600327,131435
0,10197038123,131449
0,10199332499,131463
0,10201626891,131477
0,10205061444,131491
0,10207355821,131505
0,10210793746,131519
0,10215378929,131533
0,10219964122,131547
0,10224549313,131561
0,10226843693,131575
0,10229138077,131589
0,10231432461,131603
0,10233726840,131617
0,10236021225,131631
0,10238315603,131645
0,10240609993,131659
0,10242904371,131673
0,10245198752,131687
0,10247493139,131701
0,10260580089,131715
0,10262874466,131729
0,10266311975,131743
0,10270897081,131757
0,10274335393,131771
0,10277773299,131785
0,10280067683,131799
0,10283505290,131813
0,10286944034,131827
0,10291529150,131841
0,10296114274,131855
0,10298408655,131869
0,10300703039,131883
0,10305284021,131897
0,10308722708,131911
0,10313307812,131925
0,10317892970,131939
0,10322478057,131953
0,10324772436,131967
0,10328210118,131981
0,10330504506,131995
0,10332798886,132009
0,10336234292,132023
0,10339672432,132037
0,10344257564,132051
0,10347696180,132065
0,10352281292,132079
0,10354575680,132093
0,10358013391,132107
0,10360307769,132121
0,10362602159,132135
0,10366036587,132149
0,10368330964,132163
0,10371768795,132177
0,10376353905,132191
0,10380939023,132205
0,10385524146,132219
0,10387818526,132233
0,10390112912,132247
0,10392407295,132261
0,10394701676,132275
0,10396996058,132289
0,10399290434,132303
0,10401584827,132317
0,10403879204,132331
0,10406173588,132345
0,10408467975,132359
0,10421554364,132373
0,10423848742,132387
0,10427286159,132401
0,10431871189,132415
0,10435309451,132429
0,10438747305,132443
0,10441041690,132457
0,10444479212,132471
0,10447917892,132485
0,10452502943,132499
0,10457087999,132513
0,10459382385,132527
0,10461676767,132541
0,10466257597,132555
0,10469696234,132569
0,10474281265,132583
0,10478866345,132597
0,10483451374,132611
0,10485745753,132625
0,10489183340,132639
0,10491477724,132653
0,10493772105,132667
0,10497207386,132681
0,10500645477,132695
0,10505230538,132709
0,10508669099,132723
0,10513254135,132737
0,10515548525,132751
0,10518986150,132765
0,10521280528,132779
0,10523574920,132793
0,10527009221,132807
0,10529303599,132821
0,10532741338,132835
0,10537326373,132849
0,10541911417,132863
0,10546496477,132877
0,10548790855,132891
0,10551085240,132905
0,10553379618,132919
0,10555674008,132933
0,10557968388,132947
0,10560262768,132961
0,10562557159,132975
0,10564851539,132989
0,10567145921,133003
0,10569440305,133017
0,10582526135,133031
0,10584820515,133045
0,10588257836,133059
0,10592842793,133073
0,10596281006,133087
0,10599718805,133101
0,10602013192,133115
0,10605450631,133129
0,10608889249,133143
0,10611183634,133157
0,10614621429,133171
0,10619206411,133185
0,10621500800,133199
0,10623795178,133213
0,10628375863,133227
0,10631814449,133241
0,10636399414,133255
0,10640984419,133269
0,10645569383,133283
0,10647863762,133297
0,10651301253,133311
0,10653595643,133325
0,10655890023,133339
0,10659325174,133353
0,10662763211,133367
0,10667348202,133381
0,10670786709,133395
0,10675371674,133409
0,10677666065,133423
0,10681103600,133437
0,10683397983,133451
0,10685692365,133465
0,10689126552,133479
0,10691420938,133493
0,10694858576,133507
0,10699443547,133521
0,10704028509,133535
0,10708613508,133549
0,10710907887,133563
0,10713202269,133577
0,10715496659,133591
0,10717791036,133605
0,10720085420,133619
0,10722379798,133633
0,10724674188,133647
0,10726968568,133661
0,10729262948,133675
0,10731557339,133689
0,10744642609,133703
0,10746936988,133717
0,10750374214,133731
0,10754959099,133745
0,10758397266,133759
0,10761835010,133773
0,10764129391,133787
0,10767566751,133801
0,10771005306,133815
0,10773299684,133829
0,10776737401,133843
0,10781322310,133857
0,10783616702,133871
0,10785911081,133885
0,10790491632,133899
0,10793930158,133913
0,10798515058,133927
0,10803099984,133941
0,10807684883,133955
0,10809979263,133969
0,10813416667,133983
0,10815711048,133997
0,10818005428,134011
0,10821440469,134025
0,10824878445,134039
0,10829463370,134053
0,10832901820,134067
0,10837486723,134081
0,10839781100,134095
0,10843218553,134109
0,10845512940,134123
0,10847807322,134137
0,10851241387,134151
0,10853535771,134165
0,10856973313,134179
0,10861558222,134193
0,10866143113,134207
0,10870728035,134221
0,10873022419,134235
0,10875316797,134249
0,10877611190,134263
0,10879905569,134277
0,10882199953,134291
0,10884494340,134305
0,10886788720,134319
0,10889083105,134333
0,10891377481,134347
0,10893671872,134361
0,10906756586,134375
0,10909050968,134389
0,10912488110,134403
0,10917072912,134417
0,10920511036,134431
0,10923948722,134445
0,10926243106,134459
0,10929680375,134473
0,10933118880,134487
0,10935413269,134501
0,10938850886,134515
0,10943435731,134529
0,10945730110,134543
0,10948024494,134557
0,10951457721,134571
0,10954896184,134585
0,10959481021,134599
0,10964065877,134613
0,10968650704,134627
0,10970945085,134641
0,10974382396,134655
0,10976676786,134669
0,10978971166,134683
0,10982406082,134697
0,10985843996,134711
0,10990428862,134725
0,10993867243,134739
0,10998452091,134753
0,11000746474,134767
0,11004183828,134781
0,11006478216,134795
0,11008772595,134809
0,11012206538,134823
0,11014500926,134837
0,11017938374,134851
0,11022523220,134865
0,11027108045,134879
0,11031692892,134893
0,11033987273,134907
0,11036281653,134921
0,11038576044,134935
0,11040870424,134949
0,11043164808,134963
0,11045459194,134977
0,11047753573,134991
0,11050047960,135005
0,11052342335,135019
0,11054636729,135033
0,11067720890,135047
0,11070015274,135061
0,11073452336,135075
0,11078037065,135089
0,11081475136,135103
0,11084912760,135117
0,11087207143,135131
0,11090644334,135145
0,11094082788,135159
0,11096377167,135173
0,11099814696,135187
0,11104399485,135201
0,11106693867,135215
0,11108988249,135229
0,11112421349,135243
0,11115859749,135257
0,11120444528,135271
0,11125029311,135285
0,11129614067,135299
0,11131908446,135313
0,11135345669,135327
0,11137640060,135341
0,11139934441,135355
0,11143369231,135369
0,11146807092,135383
0,11151391899,135397
0,11154830216,135411
0,11159415003,135425
0,11161709387,135439
0,11165146650,135453
0,11167441036,135467
0,11169735416,135481
0,11173169238,135495
0,11175463622,135509
0,11178900982,135523
0,11183485763,135537
0,11188070520,135551
0,11192655297,135565
0,11194949677,135579
0,11197244058,135593
0,11199538448,135607
0,11201832829,135621
0,11204127213,135635
0,11206421600,135649
0,11208715983,135663
0,11211010364,135677
0,11213304743,135691
0,11215599133,135705
0,11228682749,135719
0,11230977129,135733
0,11234414113,135747
0,11238998769,135761
0,11242436793,135775
0,11245874351,135789
0,11248168736,135803
0,11251605849,135817
0,11255044252,135831
0,11257338631,135845
0,11260776067,135859
0,11265360789,135873
0,11267655178,135887
0,11269949557,135901
0,11273382530,135915
0,11275676921,135929
0,11277971302,135943
0,11282552788,135957
0,11287137497,135971
0,11291722177,135985
0,11294016562,135999
0,11297453700,136013
0,11299748081,136027
0,11302042468,136041
0,11305477143,136054
0,11308914945,136067
0,11313499691,136080
0,11316937946,136093
0,11321522671,136106
0,11323817051,136119
0,11327254226,136132
0,11329548618,136145
0,11331842999,136158
0,11335276687,136171
0,11337571080,136184
0,11341008347,136197
0,11345593071,136210
0,11350177752,136223
0,11354762455,136236
0,11357056839,136249
0,11359351219,136262
0,11361645609,136275
0,11363939988,136288
0,11366234372,136301
0,11368528761,136314
0,11370823140,136327
0,11373117525,136340
0,11375411911,136353
0,11377706294,136366
0,11390789360,136379
0,11393083747,136392
0,11396520648,136405
0,11401105226,136418
0,11404543209,136431
0,11407980700,136444
0,11410275081,136457
0,11413712119,136470
0,11417150476,136483
0,11419444859,136496
0,11422882198,136509
0,11427466859,136522
0,11429761238,136535
0,11432055624,136548
0,11435488476,136561
0,11437782854,136574
0,11440077240,136587
0,11444658592,136600
0,11449243233,136613
0,11453827843,136626
0,11456122226,136639
0,11459559287,136652
0,11461853666,136665
0,11464148052,136678
0,11467582606,136691
0,11471020347,136704
0,11475605033,136717
0,11479043224,136730
0,11483627892,136743
0,11485922273,136756
0,11489359354,136769
0,11491653744,136782
0,11493948125,136795
0,11497381693,136808
0,11499676085,136821
0,11503113275,136834
0,11507697927,136847
0,11512282538,136860
0,11516867173,136873
0,11519161560,136886
0,11521455945,136899
0,11523750326,136912
0,11526044711,136925
0,11528339091,136938
0,11530633484,136951
0,11532927862,136964
0,11535222244,136977
0,11537516633,136990
0,11539811013,137003
0,11552893536,137016
0,11555187919,137029
0,11558624745,137042
0,11563209253,137055
0,11566647180,137068
0,11570084614,137081
0,11572378993,137094
0,11575815954,137107
0,11579254261,137120
0,11581548650,137133
0,11584985890,137146
0,11589570494,137159
0,11591864874,137172
0,11594159259,137185
0,11597591989,137198
0,11599886371,137211
0,11602180755,137224
0,11606761961,137237
0,11611346531,137250
0,11615931074,137263
0,11618225457,137276
0,11620519846,137289
0,11622814228,137302
0,11625108611,137315
0,11628538443,137328
0,11631976135,137341
0,11636560753,137354
0,11639998890,137367
0,11644583489,137380
0,11646877868,137393
0,11650314865,137406
0,11652609256,137419
0,11654903636,137432
0,11658337082,137445
0,11660631473,137458
0,11664068584,137471
0,11668653164,137484
0,11673237706,137497
0,11677822268,137510
0,11680116651,137523
0,11682411036,137536
0,11684705419,137549
0,11686999803,137562
0,11689294184,137575
0,11691588575,137588
0,11693882956,137601
0,11696177341,137614
0,11698471726,137627
0,11700766106,137640
0,11713848091,137653
0,11716142478,137666
0,11719579223,137679
0,11724163665,137692
0,11727601537,137705
0,11731038925,137718
0,11733333303,137731
0,11736770176,137744
0,11740208431,137757
0,11742502818,137770
0,11745939971,137783
0,11750524512,137796
0,11752818893,137809
0,11755113277,137822
0,11758545887,137835
0,11760840269,137848
0,11763134652,137861
0,11767715722,137874
0,11772300222,137887
0,11776884692,137900
0,11779179078,137913
0,11781473465,137926
0,11783767843,137939
0,11786062230,137952
0,11789491881,137965
0,11792929516,137978
0,11797514070,137991
0,11800952152,138004
0,11805536690,138017
0,11807831073,138030
0,11811267975,138043
0,11813562366,138056
0,11815856747,138069
0,11819290077,138082
0,11821584467,138095
0,11825021499,138108
0,11829606008,138121
0,11834190480,138134
0,11838774976,138147
0,11841069360,138160
0,11843363740,138173
0,11845658132,138186
0,11847952514,138199
0,11850246894,138212
0,11852541284,138225
0,11854835665,138238
0,11857130050,138251
0,11859424437,138264
0,11861718816,138277
0,11874800261,138290
0,11877094645,138303
0,11880531313,138316
0,11885115688,138329
0,11888553507,138342
0,11891990846,138355
0,11894285227,138368
0,11897722006,138381
0,11901160214,138394
0,11903454601,138407
0,11906891663,138420
0,11911476144,138433
0,11913770524,138446
0,11916064910,138459
0,11919497399,138472
0,11921791778,138485
0,11924086164,138498
0,11928667096,138511
0,11933251527,138524
0,11937835927,138537
0,11940130310,138550
0,11942424695,138563
0,11944719076,138576
0,11947013462,138589
0,11950442942,138602
0,11953880512,138615
0,11958465006,138628
0,11961903028,138641
0,11964197411,138654
0,11967634699,138667
0,11969929079,138680
0,11973365896,138693
0,11975660286,138706
0,11977954668,138719
0,11981387879,138732
0,11983682269,138745
0,11987119222,138758
0,11991703659,138771
0,11996288062,138784
0,12000872491,138797
0,12003166878,138810
0,12005461265,138823
0,12007755644,138836
0,12010050031,138849
0,12012344411,138862
0,12014638804,138875
0,12016933183,138888
0,12019227565,138901
0,12021521955,138914
0,12023816337,138927
0,12036897247,138940
0,12039191628,138953
0,12042628216,138966
0,12047212521,138979
0,12050650293,138992
0,12054087574,139005
0,12056381953,139018
0,12059818653,139031
0,12063256810,139044
0,12065551203,139057
0,12068988171,139070
0,12073572594,139083
0,12075866973,139096
0,12078161359,139109
0,12081593729,139122
0,12083888111,139135
0,12086182494,139148
0,12090763285,139161
0,12095347648,139174
0,12099931979,139187
0,12102226364,139200
0,12104520753,139213
0,12106815135,139226
0,12109109518,139239
0,12112538819,139252
0,12115976329,139265
0,12120560768,139278
0,12123998727,139291
0,12126293107,139304
0,12129730316,139317
0,12132024700,139330
0,12135461440,139343
0,12137755820,139356
0,12140050206,139369
0,12143483303,139382
0,12145777681,139395
0,12149214558,139408
0,12153798926,139421
0,12158383259,139434
0,12162967619,139447
0,12165261997,139460
0,12167556390,139473
0,12169850770,139486
0,12172145156,139499
0,12174439543,139512
0,12176733924,139525
0,12179028311,139538
0,12181322689,139551
0,12183617082,139564
0,12185911462,139577
0,12198991848,139590
0,12201286227,139603
0,12204722735,139616
0,12209306976,139629
0,12212744696,139642
0,12216181931,139655
0,12218476319,139668
0,12221912925,139681
0,12225351028,139694
0,12227645421,139707
0,12231082302,139720
0,12235666666,139733
0,12237961047,139746
0,12240255429,139759
0,12243687682,139772
0,12245982063,139785
0,12248276444,139798
0,12252857103,139811
0,12257441403,139824
0,12262025659,139837
0,12264320037,139850
0,12266614431,139863
0,12268908812,139876
0,12271203196,139889
0,12274632320,139902
0,12278069775,139915
0,12282654149,139928
0,12286092056,139941
0,12288386433,139954
0,12291823566,139967
0,12294117948,139980
0,12297554608,139993
0,12299848992,140006
0,12302143376,140019
0,12305576358,140032
0,12307870738,140045
0,12310165124,140058
0,12314744626,140071
0,12319328895,140084
0,12323913180,140097
0,12326207566,140110
0,12328501955,140123
0,12330796335,140136
0,12333090722,140149
0,12335385099,140162
0,12337679491,140175
0,12339973873,140188
0,12342268255,140201
0,12344562647,140214
0,12346857030,140227
0,12359936886,140240
0,12362231270,140253
0,12365667697,140266
0,12370251868,140279
0,12373689542,140292
0,12377126725,140305
0,12379421112,140318
0,12382857629,140331
0,12386295684,140344
0,12388590077,140357
0,12392026882,140370
0,12396611178,140383
0,12398905558,140396
0,12401199944,140409
0,12404632079,140422
0,12406926458,140435
0,12409220843,140448
0,12413801359,140461
0,12418385597,140474
0,12422969789,140487
0,12425264170,140500
0,12427558562,140513
0,12429852945,140526
0,12432147330,140539
0,12435576268,140552
0,12439013676,140565
0,12443597983,140578
0,12447035839,140591
0,12449330220,140604
0,12452767264,140617
0,12455061648,140630
0,12458498225,140643
0,12460792603,140656
0,12463086989,140669
0,12466519857,140682
0,12468814238,140695
0,12471108624,140708
0,12475687994,140721
0,12480272189,140734
0,12484856406,140747
0,12487150792,140760
0,12489445178,140773
0,12491739560,140786
0,12494033947,140799
0,12496328327,140812
0,12498622718,140825
0,12500917100,140838
0,12503211483,140851
0,12505505873,140864
0,12507800255,140877
0,12520879588,140890
0,12523173975,140903
0,12526610325,140916
0,12531194428,140929
0,12534632050,140942
0,12538069185,140955
0,12540363567,140968
0,12543800002,140981
0,12547238011,140994
0,12549532403,141007
0,12552969126,141020
0,12557553357,141033
0,12559847740,141046
0,12562142125,141059
0,12565574144,141072
0,12567868526,141085
0,12570162910,141098
0,12574743288,141111
0,12579327456,141124
0,12583911581,141137
0,12586205965,141150
0,12588500355,141163
0,12590794737,141176
0,12593089124,141189
0,12596517887,141202
0,12599955245,141215
0,12604539485,141228
0,12607977292,141241
0,12610271673,141254
0,12613708635,141267
0,12616003018,141280
0,12619439516,141293
0,12621733898,141306
0,12624028284,141319
0,12627461029,141332
0,12629755410,141345
0,12632049798,141358
0,12636629035,141371
0,12641213162,141384
0,12645797307,141397
0,12648091693,141410
0,12650386073,141423
0,12652680465,141436
0,12654974846,141449
0,12657269228,141462
0,12659563622,141475
0,12661858002,141488
0,12664152387,141501
0,12666446774,141514
0,12668741155,141527
0,12671035540,141540
0,12682967161,141553
0,12685261543,141566
0,12688697824,141579
0,12693281858,141592
0,12696719433,141605
0,12700156523,141618
0,12702450911,141631
0,12705887253,141644
0,12709325209,141657
0,12711619604,141670
0,12715056242,141683
0,12719640408,141696
0,12721934792,141709
0,12724229175,141722
0,12727661084,141735
0,12729955469,141748
0,12732249851,141761
0,12736830095,141774
0,12741414202,141787
0,12745998250,141800
0,12748292632,141813
0,12750587024,141826
0,12752881403,141839
0,12755175789,141852
0,12758604383,141865
0,12762041686,141878
0,12766625868,141891
0,12770063618,141904
0,12772357995,141917
0,12775794879,141930
0,12778089268,141943
0,12781525688,141956
0,12783820071,141969
0,12786114457,141982
0,12789547085,141995
0,12791841466,142008
0,12794135849,142021
0,12798714953,142034
0,12803299012,142047
0,12807883096,142060
0,12810177481,142073
0,12812471867,142086
0,12814766249,142099
0,12817060636,142112
0,12819355015,142125
0,12821649407,142138
0,12823943792,142151
0,12826238176,142164
0,12828532564,142177
0,12830826947,142190
0,12833121332,142203
0,12845052411,142216
0,12847346790,142229
0,12850782995,142242
0,12855366962,142255
0,12858804490,142268
0,12862241533,142281
0,12864535922,142294
0,12867972172,142307
0,12871410092,142320
0,12873704476,142333
0,12877141041,142346
0,12881725134,142359
0,12884019519,142372
0,12886313902,142385
0,12889745699,142398
0,12892040086,142411
0,12894334467,142424
0,12898914580,142437
0,12903498626,142450
0,12908082602,142463
0,12910376981,142476
0,12912671374,142489
0,12914965759,142502
0,12917260140,142515
0,12920688559,142528
0,12924125813,142541
0,12928709928,142554
0,12932147633,142567
0,12934442022,142580
0,12937878805,142593
0,12940173192,142606
0,12943609539,142619
0,12945903920,142632
0,12948198305,142645
0,12951630819,142658
0,12953925201,142671
0,12956219582,142684
0,12960798554,142697
0,12965382544,142710
0,12969966563,142723
0,12972260945,142736
0,12974555336,142749
0,12976849717,142762
0,12979144103,142775
0,12981438492,142788
0,12983732872,142801
0,12986027259,142814
0,12988321641,142827
0,12990616035,142840
0,12992910416,142853
0,12995204801,142866
0,13005988167,142879
0,13008282549,142892
0,13011718666,142905
0,13016302568,142918
0,13019740045,142931
0,13023177044,142944
0,13025471431,142957
0,13028907596,142970
0,13032345468,142983
0,13034639860,142996
0,13038076343,143009
0,13042660370,143022
0,13044954754,143035
0,13047249134,143048
0,13050680819,143061
0,13052975201,143074
0,13055269583,143087
0,13059849563,143100
0,13064433553,143113
0,13069017464,143126
0,13071311846,143139
0,13073606238,143152
0,13075900621,143165
0,13078195004,143178
0,13081623240,143191
0,13085060446,143204
0,13089644495,143217
0,13093082153,143230
0,13095376534,143243
0,13098813236,143256
0,13101107617,143269
0,13104543894,143282
0,13106838276,143295
0,13109132661,143308
0,13112565061,143321
0,13114859443,143334
0,13117153831,143347
0,13121732663,143360
0,13126316588,143373
0,13130900538,143386
0,13133194921,143399
0,13135489312,143412
0,13137783692,143425
0,13140078079,143438
0,13142372460,143451
0,13144666853,143464
0,13146961235,143477
0,13149255618,143490
0,13151550011,143503
0,13153844394,143516
0,13156138776,143529
0,13166921634,143542
0,13169216019,143555
0,13172652058,143568
0,13177235891,143581
0,13180673323,143594
0,13184110272,143607
0,13186404661,143620
0,13189840740,143633
0,13193278564,143646
0,13195572957,143659
0,13199009365,143672
0,13203593327,143685
0,13205887710,143698
0,13208182095,143711
0,13211613661,143724
0,13213908042,143737
0,13216202426,143750
0,13220782268,143763
0,13225366199,143776
0,13229950047,143789
0,13232244432,143802
0,13234538823,143815
0,13236833205,143828
0,13239127592,143841
0,13242555647,143854
0,13245992806,143867
0,13250576787,143880
0,13254014401,143893
0,13256308780,143906
0,13259745399,143919
0,13262039786,143932
0,13265475975,143945
0,13267770356,143958
0,13270064743,143971
0,13273497031,143984
0,13275791413,143997
0,13278085802,144010
0,13282664501,144023
0,13287248363,144036
0,13291832241,144049
0,13294126628,144062
0,13296421016,144075
0,13298715403,144088
0,13301009785,144101
0,13303304165,144114
0,13305598560,144127
0,13307892941,144140
0,13310187325,144153
0,13312481716,144166
0,13314776097,144179
0,13317070485,144192
0,13319364864,144205
0,13329000026,144218
0,13331294408,144231
0,13334730374,144244
0,13339314141,144257
0,13342751526,144270
0,13346188431,144283
0,13348482820,144296
0,13351918814,144309
0,13355356588,144322
0,13357650981,144335
0,13361087317,144348
0,13365671211,144361
0,13367965597,144374
0,13370259979,144387
0,13373691430,144400
0,13375985814,144413
0,13378280196,144426
0,13382859911,144439
0,13387443785,144452
0,13392027556,144465
0,13394321938,144478
0,13396616332,144491
0,13398910714,144504
0,13401205100,144517
0,13404632990,144530
0,13408070097,144543
0,13412654013,144556
0,13416091582,144569
0,13418385962,144582
0,13421822499,144595
0,13424116885,144608
0,13427553000,144621
0,13429847380,144634
0,13432141767,144647
0,13435573944,144660
0,13437868324,144673
0,13440162713,144686
0,13444741276,144699
0,13449325073,144712
0,13453908890,144725
0,13456203274,144738
0,13458497665,144751
0,13460792049,144764
0,13463086435,144777
0,13465380814,144790
0,13467675206,144803
0,13469969588,144816
0,13472263970,144829
0,13474558365,144842
0,13476852747,144855
0,13479147135,144868
0,13481441521,144881
0,13491076159,144894
0,13493370541,144907
0,13496806423,144920
0,13501390123,144933
0,13504827463,144946
0,13508264319,144959
0,13510558712,144972
0,13513994620,144985
0,13517432353,144998
0,13519726735,145011
0,13523163002,145024
0,13527746829,145037
0,13530041216,145050
0,13532335597,145063
0,13535766931,145076
0,13538061318,145089
0,13540355701,145102
0,13544935285,145115
0,13549519104,145128
0,13554102808,145141
0,13556397190,145154
0,13558691582,145167
0,13560985968,145180
0,13563280348,145193
0,13566708065,145206
0,13570145126,145219
0,13574728973,145232
0,13578166499,145245
0,13580460888,145258
0,13583897333,145271
0,13586191720,145284
0,13589627756,145297
0,13591922137,145310
0,13594216523,145323
0,13597648588,145336
0,13599942974,145349
0,13602237357,145362
0,13606815797,145375
0,13611399524,145388
0,13615983275,145401
0,13618277659,145414
0,13620572053,145427
0,13622866434,145440
0,13625160821,145453
0,13627455209,145466
0,13629749590,145479
0,13632043978,145492
0,13634338359,145505
0,13636632754,145518
0,13638927136,145531
0,13641221521,145544
0,13643515910,145557
0,13653150039,145570
0,13655444426,145583
0,13657738809,145596
0,13662316662,145609
0,13665753954,145622
0,13669190763,145635
0,13671485154,145648
0,13674920981,145661
0,13678358670,145674
0,13680653060,145687
0,13684089244,145700
0,13688673007,145713
0,13690967390,145726
0,13693261776,145739
0,13696692995,145752
0,13698987378,145765
0,13701281760,145778
0,13705861216,145791
0,13710444979,145804
0,13715028622,145817
0,13717323000,145830
0,13719617395,145843
0,13721911776,145856
0,13724206163,145869
0,13727633700,145882
0,13731070717,145895
0,13735654496,145908
0,13739091976,145921
0,13741386358,145934
0,13744822721,145947
0,13747117109,145960
0,13750553075,145973
0,13752847456,145986
0,13755141841,145999
0,13758573795,146012
0,13760868176,146025
0,13763162562,146038
0,13767740877,146051
0,13772324535,146064
0,13776908221,146077
0,13779202608,146090
0,13781496998,146103
0,13783791382,146116
0,13786085772,146129
0,13788380147,146142
0,13790674540,146155
0,13792968925,146168
0,13795263309,146181
0,13797557701,146194
0,13799852085,146207
0,13802146471,146220
0,13804440860,146233
0,13814074482,146246
0,13816368863,146259
0,13818663258,146272
0,13823240976,146285
0,13826678220,146298
0,13830114985,146311
0,13832409374,146324
0,13835845117,146337
0,13839282763,146350
0,13841577155,146363
0,13845013264,146376
0,13849596962,146389
0,13851891345,146402
0,13854185729,146415
0,13857616842,146428
0,13859911221,146441
0,13862205606,146454
0,13866784924,146467
0,13871368630,146480
0,13875952215,146493
0,13878246597,146505
0,13880540987,146517
0,13882835372,146529
0,13885129758,146541
0,13888557117,146553
0,13891994090,146565
0,13896577804,146577
0,13900015237,146589
0,13902309620,146601
0,13905745900,146613
0,13908040289,146625
0,13911476178,146637
0,13913770558,146649
0,13916064945,146661
0,13919496786,146673
0,13921791168,146685
0,13924085558,146697
0,13928663746,146709
0,13933247334,146721
0,13937830957,146733
0,13940125343,146745
0,13942419734,146757
0,13944714118,146769
0,13947008503,146781
0,13949302884,146793
0,13951597277,146805
0,13953891659,146817
0,13956186046,146829
0,13958480434,146841
0,13960774817,146853
0,13963069206,146865
0,13965363588,146877
0,13974996715,146889
0,13977291098,146901
0,13979585491,146913
0,13984163083,146925
0,13986457470,146937
0,13988751853,146949
0,13992184190,146961
0,13994478582,146973
0,13997914237,146985
0,14001351840,146997
0,14003646230,147009
0,14007082267,147021
0,14011665901,147033
0,14013960285,147045
0,14016254670,147057
0,14019685672,147069
0,14021980055,147081
0,14024274435,147093
0,14028853627,147105
0,14033437275,147117
0,14038020787,147129
0,14040315168,147141
0,14042609562,147153
0,14044903944,147165
0,14047198330,147177
0,14050625522,147189
0,14054062444,147201
0,14058646100,147213
0,14062083490,147225
0,14064377869,147237
0,14067814072,147249
0,14070108459,147261
0,14073544278,147273
0,14075838659,147285
0,14078133045,147297
0,14081564775,147309
0,14083859158,147321
0,14086153545,147333
0,14090731603,147345
0,14095315128,147357
0,14099898689,147369
0,14102193072,147381
0,14104487464,147393
0,14106781846,147405
0,14109076237,147417
0,14111370615,147429
0,14113665007,147441
0,14115959391,147453
0,14118253777,147465
0,14120548168,147477
0,14122842552,147489
0,14125136940,147501
0,14127431326,147513
0,14137063937,147525
0,14139358319,147537
0,14141652711,147549
0,14146230186,147561
0,14148524576,147573
0,14150818961,147585
0,14154251181,147597
0,14156545573,147609
0,14159981146,147621
0,14163418712,147633
0,14165713097,147645
0,14169149057,147657
0,14173732626,147669
0,14176027015,147681
0,14178321396,147693
0,14181752286,147705
0,14184046674,147717
0,14186341057,147729
0,14190920117,147741
0,14195503714,147753
0,14200087161,147765
0,14202381543,147777
0,14204675936,147789
0,14206970320,147801
0,14209264705,147813
0,14212691721,147825
0,14216128601,147837
0,14220712188,147849
0,14224149536,147861
0,14226443927,147873
0,14229880038,147885
0,14232174424,147897
0,14235610165,147909
0,14237904549,147921
0,14240198934,147933
0,14243630557,147945
0,14245924937,147957
0,14248219325,147969
0,14252797257,147981
0,14257380717,147993
0,14261964215,148005
0,14264258600,148017
0,14266552993,148029
0,14268847377,148041
0,14271141760,148053
0,14273436149,148065
0,14275730533,148077
0,14278024921,148089
0,14280319302,148101
0,14282613698,148113
0,14284908080,148125
0,14287202467,148137
0,14289496856,148149
0,14299128968,148161
0,14301423358,148173
0,14303717744,148185
0,14308295085,148197
0,14310589480,148209
0,14312883864,148221
0,14316315976,148233
0,14318610373,148245
0,14322045860,148257
0,14325483390,148269
0,14327777772,148281
0,14331213656,148293
0,14335797158,148305
0,14338091547,148317
0,14340385928,148329
0,14342680319,148341
0,14344974704,148353
0,14347269086,148365
0,14351837220,148377
0,14356420763,148389
0,14361004145,148401
0,14363298528,148413
0,14365592923,148425
0,14367887304,148437
0,14370181691,148449
0,14373608537,148461
0,14377045373,148473
0,14381628896,148485
0,14385066200,148497
0,14387360579,148509
0,14390796614,148521
0,14393091003,148533
0,14396526671,148545
0,14398821053,148557
0,14401115441,148569
0,14404546957,148581
0,14406841340,148593
0,14409135729,148605
0,14413713529,148617
0,14418296927,148629
0,14422880360,148641
0,14425174747,148653
0,14427469137,148665
0,14429763521,148677
0,14432057906,148689
0,14434352288,148701
0,14436646682,148713
0,14438941066,148725
0,14441235451,148737
0,14443529844,148749
0,14445824228,148761
0,14448118616,148773
0,14450413001,148785
0,14460044620,148797
0,14462339003,148809
0,14464633395,148821
0,14469210611,148833
0,14471505003,148845
0,14473799387,148857
0,14477231392,148869
0,14479525787,148881
0,14482961205,148893
0,14486398681,148905
0,14488693072,148917
0,14492128875,148929
0,14496712316,148941
0,14499006702,148953
0,14501301084,148965
0,14503595476,148977
0,14505889859,148989
0,14508184246,149001
0,14512752159,149013
0,14517335641,149025
0,14521918966,149037
0,14524213352,149049
0,14526507746,149061
0,14528802127,149073
0,14531096515,149085
0,14534523191,149097
0,14537959978,149109
0,14542543439,149121
0,14545980700,149133
0,14548275085,149145
0,14551711037,149157
0,14554005421,149169
0,14557441015,149181
0,14559735397,149193
0,14562029788,149205
0,14565461194,149217
0,14567755577,149229
0,14570049966,149241
0,14574627645,149253
0,14579210980,149265
0,14583794347,149277
0,14586088734,149289
0,14588383118,149301
0,14590677507,149313
0,14592971893,149325
0,14595266278,149337
0,14597560672,149349
0,14599855054,149361
0,14602149443,149373
0,14604443830,149385
0,14606738216,149397
0,14609032600,149409
0,14611326982,149421
0,14620958117,149433
0,14623252503,149445
0,14625546895,149457
0,14630123981,149469
0,14632418372,149481
0,14634712758,149493
0,14638144659,149505
0,14640439048,149517
0,14643874386,149529
0,14647311821,149541
0,14649606215,149553
0,14653041945,149565
0,14657625324,149577
0,14659919706,149589
0,14662214091,149601
0,14664508481,149613
0,14666802867,149625
0,14669097252,149637
0,14673664949,149649
0,14678248369,149661
0,14682831626,149673
0,14685126015,149685
0,14687420403,149697
0,14689714790,149709
0,14692009176,149721
0,14694303560,149733
0,14696597952,149745
0,14700019619,149757
0,14704603026,149769
0,14708040237,149781
0,14710334620,149793
0,14713770499,149805
0,14716064886,149817
0,14719500407,149829
0,14721794792,149841
0,14724089179,149853
0,14727520483,149865
0,14729814868,149877
0,14732109252,149889
0,14736686802,149901
0,14741270077,149913
0,14745853385,149925
0,14748147774,149937
0,14750442160,149949
0,14752736544,149961
0,14755030933,149973
0,14757325315,149985
0,14759619711,149997
0,14761914094,150009
0,14764208481,150021
0,14766502872,150033
0,14768797255,150045
0,14771091640,150057
0,14773386023,150069
0,14783016659,150081
0,14785311041,150093
0,14787605434,150105
0,14792182410,150117
0,14794476802,150129
0,14796771185,150141
0,14800202984,150153
0,14802497372,150165
0,14805932625,150177
0,14809370017,150189
0,14811664411,150201
0,14815100073,150213
0,14819683384,150225
0,14821977769,150237
0,14824272151,150249
0,14826566547,150261
0,14828860932,150273
0,14831155320,150285
0,14835722800,150297
0,14840306154,150309
0,14844889350,150321
0,14847183737,150333
0,14849478129,150345
0,14851772511,150357
0,14854066903,150369
0,14856361281,150381
0,14858655674,150393
0,14862077124,150405
0,14866660468,150417
0,14870097635,150429
0,14872392016,150441
0,14875827817,150453
0,14878122204,150465
0,14881557656,150477
0,14883852038,150489
0,14886146427,150501
0,14889577624,150513
0,14891872005,150525
0,14894166392,150537
0,14898743816,150549
0,14903327030,150561
0,14907910275,150573
0,14910204658,150585
0,14912499050,150597
0,14914793436,150609
0,14917087822,150621
0,14919382206,150633
0,14921676598,150645
0,14923970985,150657
0,14926265369,150669
0,14928559759,150681
0,14930854146,150693
0,14933148531,150705
0,14935442921,150717
0,14945073064,150729
0,14947367445,150741
0,14949661840,150753
0,14954238693,150765
0,14956533086,150777
0,14958827469,150789
0,14962259160,150801
0,14964553550,150813
0,14967988721,150825
0,14971426075,150837
0,14973720463,150849
0,14977156058,150861
0,14981739299,150873
0,14984033687,150885
0,14986328071,150897
0,14988622467,150909
0,14990916852,150921
0,14993211240,150933
0,14997778506,150945
0,15002361799,150957
0,15006944933,150969
0,15009239319,150981
0,15011533714,150993
0,15013828096,151005
0,15016122483,151017
0,15018416874,151029
0,15020711259,151041
0,15024132492,151053
0,15028715772,151065
0,15032152896,151077
0,15034447285,151089
0,15036741669,151101
0,15039036058,151113
0,15042465572,151125
0,15044759956,151137
0,15047054344,151149
0,15050485430,151161
0,15052779813,151173
0,15055074205,151185
0,15059651504,151197
0,15064234658,151209
0,15068817836,151221
0,15071112222,151233
0,15073406606,151245
0,15075700998,151257
0,15077995385,151269
0,15080289770,151281
0,15082584165,151293
0,15084878544,151305
0,15087172934,151317
0,15089467324,151329
0,15091761707,151341
0,15094056098,151353
0,15096350479,151365
0,15105980147,151377
0,15108274529,151389
0,15110568924,151401
0,15115145654,151413
0,15117440045,151425
0,15119734426,151437
0,15123166016,151449
0,15125460406,151461
0,15128895497,151473
0,15132332809,151485
0,15134627202,151497
0,15138062721,151509
0,15142645902,151521
0,15144940287,151533
0,15147234671,151545
0,15149529065,151557
0,15151823450,151569
0,15154117838,151581
0,15158684894,151593
0,15163268129,151605
0,15167851201,151617
0,15170145589,151629
0,15172439975,151641
0,15174734358,151653
0,15177028749,151665
0,15179323132,151677
0,15181617527,151689
0,15185038543,151701
0,15189621762,151713
0,15193058843,151725
0,15195353227,151737
0,15197647619,151749
0,15199942005,151761
0,15203371380,151773
0,15205665775,151785
0,15207960156,151797
0,15211391128,151809
0,15213685523,151821
0,15215979909,151833
0,15220557088,151845
0,15225140183,151857
0,15229723303,151869
0,15232017689,151881
0,15234312071,151893
0,15236606467,151905
0,15238900852,151917
0,15241195239,151929
0,15243489627,151941
0,15245784013,151953
0,15248078401,151965
0,15250372784,151977
0,15252667178,151989
0,15254961564,152001
0,15257255951,152013
0,15266885123,152025
0,15269179509,152037
0,15271473900,152049
0,15276050521,152061
0,15278344900,152073
0,15280639295,152085
0,15284070775,152097
0,15286365156,152109
0,15289800174,152121
0,15293237449,152133
0,15295531839,152145
0,15298967286,152157
0,15303550408,152169
0,15305844793,152181
0,15308139179,152193
0,15310433571,152205
0,15312727953,152217
0,15315022340,152229
0,15319589190,152241
0,15324172367,152253
0,15328755375,152265
0,15331049759,152277
0,15333344141,152289
0,15335638536,152301
0,15337932922,152313
0,15340227308,152325
0,15342521703,152337
0,15345942497,152349
0,15350525655,152361
0,15353962694,152373
0,15356257078,152385
0,15358551471,152397
0,15360845856,152409
0,15364275092,152421
0,15366569485,152433
0,15368863869,152445
0,15372294735,152457
0,15374589131,152469
0,15376883515,152481
0,15379177902,152493
0,15382607773,152505
0,15387190811,152517
0,15391773869,152529
0,15394068259,152541
0,15396362642,152553
0,15398657036,152565
0,15400951418,152577
0,15403245805,152589
0,15405540199,152601
0,15407834582,152613
0,15410128971,152625
0,15412423361,152637
0,15414717748,152649
0,15417012135,152661
0,15419306514,152673
0,15428935206,152685
0,15431229591,152697
0,15433523985,152709
0,15438100490,152721
0,15440394875,152733
0,15442689268,152745
0,15446120643,152757
0,15448415026,152769
0,15451849965,152781
0,15455287192,152793
0,15457581588,152805
0,15461016953,152817
0,15465600024,152829
0,15467894408,152841
0,15470188792,152853
0,15472483184,152865
0,15474777566,152877
0,15477071960,152889
0,15481638599,152901
0,15486221716,152913
0,15490804664,152925
0,15493099050,152937
0,15495393433,152949
0,15497687827,152961
0,15499982215,152973
0,15502276599,152985
0,15504570993,152997
0,15507991556,153009
0,15512574665,153021
0,15516011654,153033
0,15518306038,153045
0,15520600434,153057
0,15522894815,153069
0,15526323919,153081
0,15528618316,153093
0,15530912698,153105
0,15534343461,153117
0,15536637855,153129
0,15538932241,153141
0,15541226624,153153
0,15544656367,153165
0,15549239346,153177
0,15553822347,153189
0,15556116736,153201
0,15558411115,153213
0,15560705508,153225
0,15562999897,153237
0,15565294280,153249
0,15567588675,153261
0,15569883060,153273
0,15572177448,153285
0,15574471838,153297
0,15576766223,153309
0,15579060610,153321
0,15581354994,153333
0,15590983203,153345
0,15593277584,153357
0,15595571980,153369
0,15600148378,153381
0,15602442769,153393
0,15604737151,153405
0,15608168429,153417
0,15610462817,153429
0,15613897668,153441
0,15617334850,153453
0,15619629245,153465
0,15623064546,153477
0,15627647553,153489
0,15629941939,153501
0,15632236325,153513
0,15634530720,153525
0,15636825105,153537
0,15639119493,153549
0,15643685921,153561
0,15648268980,153573
0,15652851872,153585
0,15655146260,153597
0,15657440651,153609
0,15659735036,153621
0,15662029421,153633
0,15664323804,153645
0,15666618201,153657
0,15670038537,153669
0,15674621595,153681
0,15678058540,153693
0,15680352921,153705
0,15682647317,153717
0,15684941704,153729
0,15688370669,153741
0,15690665064,153753
0,15692959450,153765
0,15696390108,153777
0,15698684502,153789
0,15700978888,153801
0,15703273274,153813
0,15706702886,153825
0,15711285804,153837
0,15715868744,153849
0,15718163134,153861
0,15720457524,153873
0,15722751908,153885
0,15725046296,153897
0,15727340680,153909
0,15729635075,153921
0,15731929459,153933
0,15734223846,153945
0,15736518241,153957
0,15738812623,153969
0,15741107013,153981
0,15743401396,153993
0,15751881929,154005
0,15754176317,154017
0,15756470710,154029
0,15761046999,154041
0,15763341381,154053
0,15765635773,154065
0,15769066946,154077
0,15771361329,154089
0,15774796105,154101
0,15778233248,154113
0,15780527643,154125
0,15783962872,154137
0,15788545821,154149
0,15790840206,154161
0,15793134594,154173
0,15795428986,154185
0,15797723373,154197
0,15800017756,154209
0,15804583985,154221
0,15809166987,154233
0,15813749812,154245
0,15816044202,154257
0,15818338582,154269
0,15820632977,154281
0,15822927363,154293
0,15825221748,154305
0,15827516141,154317
0,15830936267,154329
0,15835519261,154341
0,15838956166,154353
0,15841250553,154365
0,15843544947,154377
0,15845839331,154389
0,15849268161,154401
0,15851562554,154413
0,15853856937,154425
0,15857287496,154437
0,15859581893,154449
0,15861876276,154461
0,15864170666,154473
0,15867600151,154485
0,15872183003,154497
0,15876765880,154509
0,15879060269,154521
0,15881354653,154533
0,15883649048,154545
0,15885943435,154557
0,15888237817,154569
0,15890532212,154581
0,15892826598,154593
0,15895120985,154605
0,15897415369,154617
0,15899709763,154629
0,15902004152,154641
0,15904298533,154653
0,15912778608,154665
0,15915072997,154677
0,15917367382,154689
0,15921943568,154701
0,15924237955,154713
0,15926532351,154725
0,15929963418,154737
0,15932257804,154749
0,15935692501,154761
0,15939129599,154773
0,15941423992,154785
0,15944859147,154797
0,15949442044,154809
0,15951736428,154821
0,15954030819,154833
0,15956325199,154845
0,15958619595,154857
0,15960913980,154869
0,15965480006,154881
0,15970062950,154893
0,15974645715,154905
0,15976940102,154917
0,15979234489,154929
0,15981528880,154941
0,15983823266,154953
0,15986117657,154965
0,15988412041,154977
0,15991831947,154989
0,15996414883,155001
0,15999851749,155013
0,16002146138,155025
0,16004440529,155037
0,16006734913,155049
0,16010163619,155061
0,16012458010,155073
0,16014752395,155085
0,16018182852,155097
0,16020477245,155109
0,16022771629,155121
0,16025066020,155133
0,16028495376,155145
0,16033078173,155157
0,16037660994,155169
0,16039955380,155181
0,16042249764,155193
0,16044544157,155205
0,16046838544,155217
0,16049132933,155229
0,16051427322,155241
0,16053721708,155253
0,16056016095,155265
0,16058310479,155277
0,16060604872,155289
0,16062899258,155301
0,16065193644,155313
0,16067488038,155325
0,16074820459,155337
0,16077114842,155349
0,16079409227,155361
0,16083985297,155373
0,16086279682,155385
0,16088574078,155397
0,16092005046,155409
0,16094299428,155421
0,16097734060,155433
0,16101171121,155445
0,16103465511,155457
0,16106900588,155469
0,16111483438,155481
0,16113777822,155493
0,16116072211,155505
0,16118366595,155517
0,16120660989,155529
0,16122955377,155541
0,16127521197,155553
0,16132104080,155565
0,16136686785,155577
0,16138981171,155589
0,16141275558,155601
0,16143569953,155613
0,16145864336,155625
0,16148158724,155637
0,16150453114,155649
0,16153872796,155661
0,16158455688,155673
0,16161892501,155685
0,16164186885,155697
0,16166481278,155709
0,16168775662,155721
0,16172204244,155733
0,16174498636,155745
0,16176793022,155757
0,16180223376,155769
0,16182517772,155781
0,16184812158,155793
0,16187106547,155805
0,16190535779,155817
0,16195118521,155829
0,16199701277,155841
0,16201995665,155853
0,16204290050,155865
0,16206584446,155877
0,16208878830,155889
0,16211173220,155901
0,16213467611,155913
0,16215761992,155925
0,16218056383,155937
0,16220350767,155949
0,16222645161,155961
0,16224939547,155973
0,16227233935,155985
0,16229528329,155997
0,16236860273,156009
0,16239154663,156021
0,16241449053,156033
0,16246024996,156045
0,16248319379,156057
0,16250613775,156069
0,16254044653,156081
0,16256339036,156093
0,16259773590,156105
0,16263210612,156117
0,16265505005,156129
0,16268939998,156141
0,16273522802,156153
0,16275817187,156165
0,16278111577,156177
0,16280405960,156189
0,16282700354,156201
0,16284994738,156213
0,16289560358,156225
0,16294143186,156237
0,16298725829,156249
0,16301020215,156261
0,16303314600,156273
0,16305608995,156285
0,16307903380,156297
0,16310197768,156309
0,16312492161,156321
0,16315911623,156333
0,16320494466,156345
0,16323931224,156357
0,16326225611,156369
0,16328520006,156381
0,16330814392,156393
0,16334242847,156405
0,16336537238,156417
0,16338831624,156429
0,16342261878,156441
0,16344556272,156453
0,16346850658,156465
0,16349145048,156477
0,16352574154,156489
0,16357156840,156501
0,16361739536,156513
0,16364033925,156525
0,16366328309,156537
0,16368622705,156549
0,16370917089,156561
0,16373211477,156573
0,16375505871,156585
0,16377800255,156597
0,16380094644,156609
0,16382389030,156621
0,16384683425,156633
0,16386977809,156645
0,16389272196,156657
0,16391566590,156669
0,16397750875,156681
0,16400045264,156693
0,16402339647,156705
0,16406915489,156717
0,16409209879,156729
0,16411504271,156741
0,16414935048,156753
0,16417229437,156765
0,16420663913,156777
0,16424100893,156789
0,16426395276,156801
0,16429830201,156813
0,16434412949,156825
0,16436707344,156837
0,16439001728,156849
0,16441296114,156861
0,16443590510,156873
0,16445884894,156885
0,16450450312,156897
0,16455033085,156909
0,16459615670,156921
0,16461910056,156933
0,16464204443,156945
0,16466498837,156957
0,16468793224,156969
0,16471087613,156981
0,16473381993,156993
0,16476801243,157005
0,16481384032,157017
0,16484820747,157029
0,16487115136,157041
0,16489409520,157053
0,16491703912,157065
0,16495132249,157077
0,16497426639,157089
0,16499721026,157101
0,16503151182,157113
0,16505445573,157125
0,16507739954,157137
0,16510034344,157149
0,16513463329,157161
0,16518045961,157173
0,16522628596,157185
0,16524922980,157197
0,16527217368,157209
0,16529511763,157221
0,16531806147,157233
0,16534100536,157245
0,16536394921,157257
0,16538689316,157269
0,16540983700,157281
0,16543278087,157293
0,16545572481,157305
0,16547866869,157317
0,16550161257,157329
0,16552455648,157341
0,16558639486,157353
0,16560933874,157365
0,16563228262,157377
0,16567803985,157389
0,16570098374,157401
0,16572392760,157413
0,16575823446,157425
0,16578117833,157437
0,16581552247,157449
0,16584989186,157461
0,16587283572,157473
0,16590718420,157485
0,16595301109,157497
0,16597595505,157509
0,16599889890,157521
0,16602184278,157533
0,16604478672,157545
0,16606773058,157557
0,16611338275,157569
0,16615920998,157581
0,16620503525,157593
0,16622797912,157605
0,16625092300,157617
0,16627386679,157629
0,16629681077,157641
0,16631975465,157653
0,16634269855,157665
0,16637688888,157677
0,16642271620,157689
0,16645708290,157701
0,16648002678,157713
0,16650297063,157725
0,16652591459,157737
0,16656019672,157749
0,16658314057,157761
0,16660608452,157773
0,16664038504,157785
0,16666332889,157797
0,16668627286,157809
0,16670921672,157821
0,16674350520,157833
0,16678933097,157845
0,16683515677,157857
0,16685810063,157869
0,16688104452,157881
0,16690398837,157893
0,16692693233,157905
0,16694987616,157917
0,16697282002,157929
0,16699576398,157941
0,16701870784,157953
0,16704165174,157965
0,16706459566,157977
0,16708753951,157989
0,16711048341,158001
0,16713342722,158013
0,16715637118,158025
0,16720673318,158037
0,16722967706,158049
0,16725262094,158061
0,16729837702,158073
0,16732132092,158085
0,16734426484,158097
0,16737857064,158109
0,16740151454,158121
0,16743585802,158133
0,16747022688,158145
0,16749317074,158157
0,16752751856,158169
0,16757334488,158181
0,16759628886,158193
0,16761923273,158205
0,16764217657,158217
0,16766512052,158229
0,16768806437,158241
0,16773371457,158253
0,16777954125,158265
0,16782536605,158277
0,16784830992,158289
0,16787125382,158301
0,16789419764,158313
0,16791714160,158325
0,16794008548,158337
0,16796302933,158349
0,16799721752,158361
0,16804304426,158373
0,16807741053,158385
0,16810035444,158397
0,16812329829,158409
0,16814624221,158421
0,16818052316,158433
0,16820346701,158445
0,16822641097,158457
0,16826071050,158469
0,16828365434,158481
0,16830659828,158493
0,16832954215,158505
0,16836382935,158517
0,16840965452,158529
0,16845547986,158541
0,16847842369,158553
0,16850136757,158565
0,16852431149,158577
0,16854725537,158589
0,16857019926,158601
0,16859314311,158613
0,16861608707,158625
0,16863903094,158637
0,16866197479,158649
0,16868491874,158661
0,16870786259,158673
0,16873080648,158685
0,16875375032,158697
0,16877669427,158709
0,16882705171,158720
0,16884999557,158731
0,16887293944,158742
0,16891869443,158753
0,16894163833,158764
0,16896458224,158775
0,16899888704,158786
0,16902183094,158797
0,16905617381,158808
0,16909054226,158819
0,16911348611,158830
0,16914783322,158841
0,16919365894,158852
0,16921660290,158863
0,16923954679,158874
0,16926249066,158885
0,16928543462,158896
0,16930837848,158907
0,16935402672,158918
0,16939985280,158929
0,16944567713,158940
0,16946862101,158951
0,16949156490,158962
0,16951450879,158973
0,16953745265,158984
0,16956039654,158995
0,16958334040,159006
0,16961752648,159017
0,16966335266,159028
0,16969771850,159039
0,16972066242,159050
0,16974360626,159061
0,16976655022,159072
0,16980082996,159083
0,16982377383,159094
0,16984671774,159105
0,16988101632,159116
0,16990396016,159127
0,16992690412,159138
0,16994984800,159149
0,16998413390,159160
0,17002995844,159171
0,17007578330,159182
0,17009872716,159193
0,17012167105,159204
0,17014461497,159215
0,17016755884,159226
0,17019050270,159237
0,17021344655,159248
0,17023639050,159259
0,17025933437,159270
0,17028227825,159281
0,17030522220,159292
0,17032816607,159303
0,17035110994,159314
0,17037405377,159325
0,17039699773,159336
0,17043587872,159347
0,17045882257,159358
0,17048176647,159369
0,17052752022,159380
0,17055046413,159391
0,17057340797,159402
0,17060771188,159413
0,17063065581,159424
0,17066499806,159435
0,17069936609,159446
0,17072230996,159457
0,17075665632,159468
0,17080248151,159479
0,17082542546,159490
0,17084836932,159501
0,17087131319,159512
0,17089425703,159523
0,17091720099,159534
0,17096284732,159545
0,17100867283,159556
0,17105449667,159567
0,17107744051,159578
0,17110038443,159589
0,17112332827,159600
0,17114627223,159611
0,17116921611,159622
0,17119215997,159633
0,17122634392,159644
0,17127216956,159655
0,17130653499,159666
0,17132947889,159677
0,17135242276,159688
0,17137536667,159699
0,17140964523,159710
0,17143258911,159721
0,17145553307,159732
0,17148983065,159743
0,17151277453,159754
0,17153571844,159765
0,17155866231,159776
0,17159294693,159787
0,17163877089,159798
0,17168459524,159809
0,17170753907,159820
0,17173048296,159831
0,17175342680,159842
0,17177637078,159853
0,17179931466,159864
0,17182225854,159875
0,17184520250,159886
0,17186814636,159897
0,17189109021,159908
0,17191403407,159919
0,17193697802,159930
0,17195992189,159941
0,17198286575,159952
0,17200580972,159963
0,17204468635,159974
0,17206763018,159985
0,17209057413,159996
0,17213632675,160007
0,17215927065,160018
0,17218221452,160029
0,17221651746,160040
0,17223946132,160051
0,17227380289,160062
0,17230817049,160073
0,17233111439,160084
0,17236546015,160095
0,17241128476,160106
0,17243422859,160117
0,17245717254,160128
0,17248011643,160139
0,17250306028,160150
0,17252600427,160161
0,17257164865,160172
0,17261747351,160183
0,17266329687,160194
0,17268624082,160205
0,17270918472,160216
0,17273212855,160227
0,17275507251,160238
0,17277801638,160249
0,17280096027,160260
0,17283514213,160271
0,17288096721,160282
0,17291533219,160293
0,17293827607,160304
0,17296121998,160315
0,17298416381,160326
0,17301844118,160337
0,17304138506,160348
0,17306432898,160359
0,17309862561,160370
0,17312156950,160381
0,17314451340,160392
0,17316745727,160403
0,17320174071,160414
0,17324756407,160425
0,17329338793,160436
0,17331633188,160447
0,17333927577,160458
0,17336221965,160469
0,17338516359,160480
0,17340810744,160491
0,17343105133,160502
0,17345399519,160513
0,17347693914,160524
0,17349988301,160535
0,17352282690,160546
0,17354577085,160557
0,17356871471,160568
0,17359165860,160579
0,17361460251,160590
0,17365347472,160601
0,17367641870,160612
0,17369936257,160623
0,17374511408,160634
0,17376805794,160645
0,17379100187,160656
0,17382530387,160667
0,17384824774,160678
0,17388258859,160689
0,17391695575,160700
0,17393989964,160711
0,17396284349,160722
0,17398578747,160733
0,17403154080,160744
0,17405448474,160755
0,17407742856,160766
0,17410037247,160777
0,17412331632,160788
0,17414626028,160799
0,17419190275,160810
0,17423772705,160821
0,17428354984,160832
0,17430649379,160843
0,17432943769,160854
0,17435238156,160865
0,17437532553,160876
0,17439826939,160887
0,17442121325,160898
0,17445539309,160909
0,17450121765,160920
0,17453558223,160931
0,17455852610,160942
0,17458147000,160953
0,17460441389,160964
0,17463868994,160975
0,17466163383,160986
0,17468457777,160997
0,17471887338,161008
0,17474181728,161019
0,17476476118,161030
0,17478770505,161041
0,17482198729,161052
0,17486781011,161063
0,17491363342,161074
0,17493657736,161085
0,17495952125,161096
0,17498246513,161107
0,17500540908,161118
0,17502835295,161129
0,17505129687,161140
0,17507424070,161151
0,17509718462,161162
0,17512012851,161173
0,17514307239,161184
0,17516601636,161195
0,17518896022,161206
0,17521190409,161217
0,17523484806,161228
0,17527371594,161239
0,17529665987,161250
0,17531960377,161261
0,17536535427,161272
0,17538829816,161283
0,17541124204,161294
0,17544554311,161305
0,17546848699,161316
0,17550282713,161327
0,17553719389,161338
0,17556013777,161349
0,17558308165,161360
0,17560602558,161371
0,17565177761,161382
0,17567472156,161393
0,17569766541,161404
0,17572060936,161415
0,17574355319,161426
0,17576649712,161437
0,17581213767,161448
0,17585796141,161459
0,17590378369,161470
0,17592672761,161481
0,17594967151,161492
0,17597261538,161503
0,17599555935,161514
0,17601850319,161525
0,17604144711,161536
0,17607562493,161547
0,17612144894,161558
0,17615581312,161569
0,17617875698,161580
0,17620170087,161591
0,17622464482,161602
0,17625891957,161613
0,17628186342,161624
0,17630480736,161635
0,17633910203,161646
0,17636204591,161657
0,17638498986,161668
0,17640793374,161679
0,17644221475,161690
0,17648803705,161701
0,17653385980,161712
0,17655680376,161723
0,17657974764,161734
0,17660269150,161745
0,17662563546,161756
0,17664857934,161767
0,17667152325,161778
0,17669446715,161789
0,17671741103,161800
0,17674035493,161811
0,17676329878,161822
0,17678624271,161833
0,17680918660,161844
0,17683213048,161855
0,17685507444,161866
0,17689393810,161877
0,17691688204,161888
0,17693982591,161899
0,17698557537,161910
0,17700851923,161921
0,17703146313,161932
0,17706576330,161943
0,17708870718,161954
0,17712304656,161965
0,17715741296,161976
0,17718035688,161987
0,17720330074,161998
0,17722624470,162009
0,17727199538,162020
0,17729493932,162031
0,17731788320,162042
0,17734082709,162053
0,17736377093,162064
0,17738671489,162075
0,17743235352,162086
0,17747817674,162097
0,17752399845,162108
0,17754694242,162119
0,17756988629,162130
0,17759283019,162141
0,17761577412,162152
0,17763871800,162163
0,17766166192,162174
0,17768460583,162185
0,17773018931,162196
0,17776455305,162207
0,17778749687,162218
0,17781044079,162229
0,17783338464,162240
0,17786765822,162251
0,17789060215,162262
0,17791354600,162273
0,17794783974,162284
0,17797078364,162295
0,17799372751,162306
0,17801667147,162317
0,17805095133,162328
0,17809677312,162339
0,17814259531,162350
0,17816553926,162361
0,17818848314,162372
0,17821142704,162383
0,17823437097,162394
0,17825731484,162405
0,17828025872,162416
0,17830320257,162427
0,17832614657,162438
0,17834909042,162449
0,17837203431,162460
0,17839497825,162471
0,17841792215,162482
0,17844086606,162493
0,17846380986,162504
0,17850266941,162515
0,17852561339,162526
0,17854855725,162537
0,17859430557,162548
0,17861724947,162559
0,17864019338,162570
0,17867449261,162581
0,17869743645,162592
0,17873177521,162603
0,17876614126,162614
0,17878908509,162625
0,17881202896,162636
0,17883497291,162647
0,17888072232,162658
0,17890366618,162669
0,17892661013,162680
0,17894955401,162691
0,17897249788,162702
0,17899544185,162713
0,17904107857,162724
0,17908690126,162735
0,17913272241,162746
0,17915566637,162757
0,17917861024,162768
0,17920155414,162779
0,17922449807,162790
0,17924744194,162801
0,17927038585,162812
0,17929332966,162823
0,17933891091,162834
0,17937327419,162845
0,17939621817,162856
0,17941916204,162867
0,17944210594,162878
0,17947637818,162889
0,17949932206,162900
0,17952226595,162911
0,17955655878,162922
0,17957950269,162933
0,17960244657,162944
0,17962539049,162955
0,17965966921,162966
0,17970549045,162977
0,17975131213,162988
0,17977425601,162999
0,17979719993,163010
0,17982014382,163021
0,17984308768,163032
0,17986603166,163043
0,17988897554,163054
0,17991191942,163065
0,17993486337,163076
0,17995780721,163087
0,17998075111,163098
0,18000369498,163109
0,18002663894,163120
0,18004958282,163131
0,18007252671,163142
0,18011138210,163153
0,18013432591,163164
0,18015726987,163175
0,18020301712,163186
0,18022596111,163197
0,18024890498,163208
0,18028320321,163219
0,18030614717,163230
0,18034048520,163241
0,18037485083,163252
0,18039779471,163263
0,18042073861,163274
0,18044368246,163285
0,18048943058,163296
0,18051237447,163307
0,18053531841,163318
0,18055826229,163329
0,18058120621,163340
0,18060415007,163351
0,18064978500,163362
0,18069560716,163373
0,18074142778,163384
0,18076437170,163395
0,18078731553,163406
0,18081025945,163417
0,18083320330,163428
0,18085614729,163439
0,18087909114,163450
0,18090203506,163461
0,18094761380,163472
0,18098197674,163483
0,18100492070,163494
0,18102786459,163505
0,18105080848,163516
0,18107375234,163527
0,18109669630,163538
0,18111964018,163549
0,18114258405,163560
0,18117673115,163571
0,18119967503,163582
0,18122261892,163593
0,18124556289,163604
0,18127984037,163615
0,18132566115,163626
0,18137148232,163637
0,18139442624,163648
0,18141737012,163659
0,18144031404,163670
0,18146325788,163681
0,18148620185,163692
0,18150914573,163703
0,18153208962,163714
0,18155503358,163725
0,18157797746,163736
0,18160092137,163747
0,18162386520,163758
0,18164680914,163769
0,18166975304,163780
0,18169269694,163791
0,18173154817,163802
0,18175449210,163813
0,18177743597,163824
0,18182318208,163835
0,18184612606,163846
0,18186906990,163857
0,18190336727,163868
0,18192631124,163879
0,18196064862,163890
0,18199501389,163901
0,18201795777,163912
0,18204090167,163923
0,18206384553,163934
0,18210959225,163945
0,18213253611,163956
0,18215548007,163967
0,18217842394,163978
0,18220136783,163989
0,18222431169,164000
0,18226994485,164011
0,18231576648,164022
0,18236158665,164033
0,18238453057,164044
0,18240747444,164055
0,18243041835,164066
0,18245336218,164077
0,18247630616,164088
0,18249925004,164099
0,18252219393,164110
0,18256777026,164121
0,18260213281,164132
0,18262507673,164143
0,18264802060,164154
0,18267096452,164165
0,18269390838,164176
0,18271685235,164187
0,18273979624,164198
0,18276274013,164209
0,18279688495,164220
0,18281982886,164231
0,18284277274,164242
0,18286571670,164253
0,18289999298,164264
0,18294581330,164275
0,18299163395,164286
0,18301457789,164297
0,18303752176,164308
0,18306046566,164319
0,18308340953,164330
0,18310635350,164341
0,18312929736,164352
0,18315224125,164363
0,18317518521,164374
0,18319812907,164385
0,18322107299,164396
0,18324401685,164407
0,18326696081,164418
0,18328990467,164429
0,18331284856,164440
0,18335169571,164451
0,18337463964,164462
0,18339758350,164473
0,18344332850,164484
0,18346627244,164495
0,18348921634,164506
0,18352351275,164517
0,18354645670,164528
0,18358079355,164539
0,18361515843,164550
0,18363810230,164561
0,18366104620,164572
0,18368399007,164583
0,18372973538,164594
0,18375267928,164605
0,18377562323,164616
0,18379856708,164627
0,18382151100,164638
0,18384445492,164649
0,18389008616,164660
0,18393590736,164671
0,18398172698,164682
0,18400467094,164693
0,18402761481,164704
0,18405055873,164715
0,18407350259,164726
0,18409644655,164737
0,18411939042,164748
0,18414233431,164759
0,18418790823,164770
0,18422227041,164781
0,18424521438,164792
0,18426815826,164803
0,18429110212,164814
0,18431404597,164825
0,18433698994,164836
0,18435993384,164847
0,18438287772,164858
0,18441702032,164869
0,18443996422,164880
0,18446290808,164891
0,18448585207,164902
0,18450879594,164913
0,18455447507,164924
0,18460029524,164935
0,18462323904,164946
0,18464618301,164957
0,18466912691,164968
0,18469207079,164979
0,18471501476,164990
0,18473795864,165001
0,18476090255,165012
0,18478384638,165023
0,18480679034,165034
0,18482973424,165045
0,18485267813,165056
0,18487562208,165067
0,18489856597,165078
0,18492150988,165089
0,18496035284,165100
0,18498329670,165111
0,18500624068,165122
0,18505198460,165133
0,18507492858,165144
0,18509787245,165155
0,18513216796,165166
0,18515511192,165177
0,18518944813,165188
0,18522381255,165199
0,18524675652,165210
0,18526970041,165221
0,18529264427,165232
0,18533838823,165243
0,18536133213,165254
0,18538427599,165265
0,18540721995,165276
0,18543016385,165287
0,18545310769,165298
0,18549873725,165309
0,18554455792,165320
0,18559037706,165331
0,18561332088,165342
0,18563626486,165353
0,18565920875,165364
0,18568215264,165375
0,18570509660,165386
0,18572804047,165397
0,18575098440,165408
0,18579655596,165419
0,18583091775,165430
0,18585386159,165441
0,18587680558,165452
0,18589974948,165463
0,18592269338,165474
0,18594563730,165485
0,18596858119,165496
0,18599152509,165507
0,18602566549,165518
0,18604860938,165529
0,18607155329,165540
0,18609449721,165551
0,18611744105,165562
0,18616311863,165573
0,18620893835,165584
0,18623188225,165595
0,18625482622,165606
0,18627777005,165617
0,18630071397,165628
0,18632365783,165639
0,18634660180,165650
0,18636954570,165661
0,18639248960,165672
0,18641543355,165683
0,18643837740,165694
0,18646132131,165705
0,18648426517,165716
0,18650720915,165727
0,18653015302,165738
0,18656899191,165749
0,18659193582,165760
0,18661487973,165771
0,18666062263,165782
0,18668356648,165793
0,18670651043,165804
0,18674080507,165815
0,18676374891,165826
0,18679808454,165837
0,18683244860,165848
0,18685539256,165859
0,18687833644,165870
0,18690128037,165881
0,18694702295,165892
0,18696996685,165903
0,18699291076,165914
0,18701585472,165925
0,18703879860,165936
0,18706174248,165947
0,18710737014,165958
0,18715319036,165969
0,18719900905,165980
0,18722195296,165991
0,18724489691,166002
0,18726784075,166013
0,18729078465,166024
0,18731372853,166035
0,18733667250,166046
0,18735961638,166057
0,18740518562,166068
0,18743954704,166079
0,18746249093,166090
0,18748543492,166101
0,18750837877,166112
0,18753132270,166123
0,18755426655,166134
0,18757721053,166145
0,18760015440,166156
0,18763429251,166167
0,18765723649,166178
0,18768018039,166189
0,18770312426,166200
0,18772606824,166211
0,18777174422,166222
0,18781756333,166233
0,18784050726,166244
0,18786345112,166255
0,18788639510,166266
0,18790933898,166277
0,18793228285,166288
0,18795522681,166299
0,18797817069,166310
0,18800111462,166321
0,18802405845,166332
0,18804700243,166343
0,18806994633,166354
0,18809289019,166365
0,18811583416,166376
0,18813877805,166387
0,18816172193,166398
0,18818908486,166409
0,18821202875,166420
0,18823497273,166431
0,18828071461,166442
0,18830365846,166453
0,18832660244,166464
0,18836089619,166475
0,18838384005,166486
0,18841817493,166497
0,18845253864,166508
0,18847548261,166519
0,18849842648,166530
0,18852137041,166541
0,18856711175,166552
0,18859005560,166563
0,18861299949,166574
0,18863594348,166585
0,18865888735,166596
0,18868183124,166607
0,18872745710,166618
0,18877327680,166629
0,18881909493,166640
0,18884203883,166651
0,18886498281,166662
0,18888792667,166673
0,18891087057,166684
0,18893381441,166695
0,18895675839,166706
0,18897970230,166717
0,18902526928,166728
0,18905963028,166739
0,18908257414,166750
0,18910551810,166761
0,18912846199,166772
0,18915140588,166783
0,18917434976,166794
0,18919729373,166805
0,18922023763,166816
0,18925437357,166827
0,18927731755,166838
0,18930026146,166849
0,18932320532,166860
0,18934614928,166871
0,18939182383,166882
0,18943764238,166893
0,18946058632,166904
0,18948353018,166915
0,18950647415,166926
0,18952941807,166937
0,18955236195,166948
0,18957530589,166959
0,18959824977,166970
0,18962119370,166981
0,18964413756,166992
0,18966708151,167003
0,18969002542,167014
0,18971296929,167025
0,18973591327,167036
0,18975885712,167047
0,18978180105,167058
0,18980915977,167069
0,18983210367,167080
0,18985504764,167091
0,18990078858,167102
0,18992373245,167113
0,18994667643,167124
0,18998096932,167135
0,19000391318,167146
0,19003824737,167157
0,19007261069,167168
0,19009555466,167179
0,19011849855,167190
0,19014144245,167201
0,19018718257,167212
0,19021012648,167223
0,19023307032,167234
0,19025601432,167245
0,19027895820,167256
0,19030190209,167267
0,19034752612,167278
0,19039334531,167289
0,19043916290,167300
0,19046210679,167311
0,19048505077,167322
0,19050799467,167333
0,19053093857,167344
0,19055388240,167355
0,19057682637,167366
0,19059977027,167377
0,19064533507,167388
0,19067969562,167399
0,19070263951,167410
0,19072558345,167421
0,19074852733,167432
0,19077147124,167443
0,19079441512,167454
0,19081735906,167465
0,19084030298,167476
0,19087443688,167487
0,19089738072,167498
0,19092032465,167509
0,19094326852,167520
0,19096621249,167531
0,19101188558,167542
0,19105770359,167553
0,19108064752,167564
0,19110359137,167575
0,19112653535,167586
0,19114947925,167597
0,19117242314,167608
0,19119536711,167619
0,19121831096,167630
0,19124125489,167641
0,19126419874,167652
0,19128714271,167663
0,19131008661,167674
0,19133303049,167685
0,19135597449,167696
0,19137891834,167707
0,19140186224,167718
0,19142480619,167729
0,19144775008,167740
0,19147069400,167751
0,19150937279,167762
0,19153231666,167773
0,19155526063,167784
0,19158955268,167795
0,19161249657,167806
0,19164683002,167817
0,19168119304,167828
0,19170413687,167839
0,19172708085,167850
0,19175002474,167861
0,19179576366,167872
0,19181870753,167883
0,19184165145,167894
0,19186459537,167905
0,19188753924,167916
0,19191048320,167927
0,19195610542,167938
0,19200192413,167949
0,19204774111,167960
0,19207068502,167971
0,19209362890,167982
0,19211657287,167993
0,19213951677,168004
0,19216246068,168015
0,19218540464,168026
0,19220834850,168037
0,19225391106,168048
0,19228827121,168059
0,19231121515,168070
0,19233415901,168081
0,19235710296,168092
0,19238004686,168103
0,19240299073,168114
0,19242593474,168125
0,19244887861,168136
0,19248301041,168147
0,19250595441,168158
0,19252889825,168169
0,19255184216,168180
0,19257478612,168191
0,19262045764,168202
0,19266627515,168213
0,19268921901,168224
0,19271216290,168235
0,19273510688,168246
0,19275805076,168257
0,19278099469,168268
0,19280393854,168279
0,19282688251,168290
0,19284982640,168301
0,19287277029,168312
0,19289571426,168323
0,19291865816,168334
0,19294160206,168345
0,19296454602,168356
0,19298748989,168367
0,19301043379,168378
0,19303337764,168389
0,19305632163,168400
0,19307926552,168411
0,19311793936,168422
0,19314088326,168433
0,19316382714,168444
0,19319811837,168455
0,19322106227,168466
0,19325539513,168477
0,19328975781,168488
0,19331270171,168499
0,19333564567,168510
0,19335858953,168521
0,19340432707,168532
0,19342727103,168543
0,19345021494,168554
0,19347315882,168565
0,19349610280,168576
0,19351904666,168587
0,19356466717,168598
0,19361048543,168609
0,19365630191,168620
0,19367924577,168631
0,19370218967,168642
0,19372513365,168653
0,19374807752,168664
0,19377102146,168675
0,19379396531,168686
0,19381690930,168697
0,19386246958,168708
0,19389682931,168719
0,19391977323,168730
0,19394271712,168741
0,19396566110,168752
0,19398860497,168763
0,19401154886,168774
0,19403449282,168785
0,19405743670,168796
0,19409156648,168807
0,19411451042,168818
0,19413745431,168829
0,19416039820,168840
0,19418334205,168851
0,19422901218,168862
0,19427482922,168873
0,19429777312,168884
0,19432071700,168895
0,19434366086,168906
0,19436660484,168917
0,19438954874,168928
0,19441249263,168939
0,19443543660,168950
0,19445838050,168961
0,19448132441,168972
0,19450426825,168983
0,19452721223,168994
0,19455015615,169005
0,19457310002,169016
0,19459604402,169027
0,19461898790,169038
0,19464193180,169049
0,19466487573,169060
0,19468781963,169071
0,19471076355,169082
0,19473796049,169093
0,19476090441,169104
0,19478384829,169115
0,19481813858,169126
0,19484108251,169137
0,19487541477,169148
0,19490977702,169159
0,19493272092,169170
0,19495566490,169181
0,19497860875,169192
0,19502434508,169203
0,19504728906,169214
0,19507023295,169225
0,19509317684,169236
0,19511612082,169247
0,19513906467,169258
0,19518468349,169269
0,19523050127,169280
0,19527631724,169291
0,19529926110,169302
0,19532220501,169313
0,19534514898,169324
0,19536809288,169335
0,19539103678,169346
0,19541398066,169357
0,19543692463,169368
0,19548248266,169379
0,19551684199,169390
0,19553978589,169401
0,19556272980,169412
0,19558567378,169423
0,19560861767,169434
0,19563156156,169445
0,19565450551,169456
0,19567744938,169467
0,19571157714,169478
0,19573452110,169489
0,19575746498,169500
0,19578040888,169511
0,19580335273,169522
0,19584902127,169533
0,19589483792,169544
0,19591778181,169555
0,19594072573,169566
0,19596366957,169577
0,19598661354,169588
0,19600955746,169599
0,19603250134,169610
0,19605544533,169621
0,19607838922,169632
0,19610133312,169643
0,19612427697,169654
0,19614722095,169665
0,19617016486,169676
0,19619310873,169687
0,19621605273,169698
0,19623899663,169709
0,19626194054,169720
0,19628488446,169731
0,19630782834,169742
0,19633077228,169753
0,19635796416,169764
0,19638090808,169775
0,19640385194,169786
0,19643814137,169797
0,19646108529,169808
0,19649541697,169819
0,19652977880,169830
0,19655272271,169841
0,19657566669,169852
0,19659861057,169863
0,19664434568,169874
0,19666728966,169885
0,19669023356,169896
0,19671317744,169907
0,19673612142,169918
0,19675906529,169929
0,19680468240,169940
0,19685049971,169951
0,19689631516,169962
0,19691925904,169973
0,19694220293,169984
0,19696514690,169995
0,19698809080,170006
0,19701103471,170017
0,19703397858,170028
0,19705692255,170039
0,19710247834,170050
0,19713683731,170061
0,19715978122,170072
0,19718272513,170083
0,19720566910,170094
0,19722861300,170105
0,19725155690,170116
0,19727450082,170127
0,19729744470,170138
0,19733157043,170149
0,19735451438,170160
0,19737745825,170171
0,19740040218,170182
0,19742334602,170193
0,19746901300,170204
0,19751482929,170215
0,19753777319,170226
0,19756071712,170237
0,19758366094,170248
0,19760660492,170259
0,19762954884,170270
0,19765249274,170281
0,19767543672,170292
0,19769838059,170303
0,19772132453,170314
0,19774426836,170325
0,19776721235,170336
0,19779015626,170347
0,19781310014,170358
0,19783604412,170369
0,19785898802,170380
0,19788193194,170391
0,19790487587,170402
0,19792781976,170413
0,19795076368,170424
0,19797370755,170435
0,19799665151,170446
0,19801959543,170457
0,19804665492,170468
0,19806959880,170479
0,19810392985,170490
0,19813829135,170501
0,19816123528,170512
0,19818417916,170523
0,19820712314,170534
0,19825285705,170545
0,19827580103,170556
0,19829874492,170567
0,19832168883,170578
0,19834463279,170589
0,19836757666,170600
0,19841319201,170611
0,19845900892,170622
0,19850482386,170633
0,19852776774,170644
0,19855071165,170655
0,19857365550,170666
0,19859659949,170677
0,19861954341,170688
0,19864248729,170699
0,19866543127,170710
0,19871098484,170721
0,19874534345,170732
0,19876828735,170743
0,19879123126,170754
0,19881417514,170765
0,19883711912,170776
0,19886006302,170787
0,19888300688,170798
0,19890595088,170809
0,19894007455,170820
0,19896301841,170831
0,19898596241,170842
0,19900890630,170853
0,19903185020,170864
0,19907751556,170875
0,19912333137,170886
0,19914627536,170897
0,19916921926,170908
0,19919216316,170919
0,19921510712,170930
0,19923805102,170941
0,19926099497,170952
0,19928393882,170963
0,19930688280,170974
0,19932982672,170985
0,19935277061,170996
0,19937571458,171007
0,19939865846,171018
0,19942160240,171029
0,19944454634,171040
0,19946749023,171051
0,19949043417,171062
0,19951337801,171073
0,19953632198,171084
0,19955926590,171095
0,19958220980,171106
0,19960515378,171117
0,19962809767,171128
0,19965515150,171139
0,19967809538,171150
0,19971242583,171161
0,19974678693,171172
0,19976973084,171183
0,19979267475,171194
0,19981561871,171205
0,19986135144,171216
0,19988429531,171227
0,19990723928,171238
0,19993018319,171249
0,19995312708,171260
0,19997607109,171271
0,20002168473,171282
0,20006750106,171293
0,20011331555,171304
0,20013625954,171315
0,20015920344,171326
0,20018214733,171337
0,20020509129,171348
0,20022803519,171359
0,20025097911,171370
0,20027392298,171381
0,20031947443,171392
0,20035383260,171403
0,20037677658,171414
0,20039972050,171425
0,20042266440,171436
0,20044560836,171447
0,20046855227,171458
0,20049149618,171469
0,20051444003,171480
0,20054856173,171491
0,20057150564,171502
0,20059444952,171513
0,20061739349,171524
0,20064033741,171535
0,20068600126,171546
0,20073181657,171557
0,20075476055,171568
0,20077770445,171579
0,20080064836,171590
0,20082359221,171601
0,20084653620,171612
0,20086948010,171623
0,20089242401,171634
0,20091536799,171645
0,20093831189,171656
0,20096125580,171667
0,20098419964,171678
0,20100714362,171689
0,20103008754,171700
0,20105303143,171711
0,20107597541,171722
0,20109891931,171733
0,20112186323,171744
0,20114480716,171755
0,20116775105,171766
0,20119069498,171777
0,20121363884,171788
0,20123658281,171799
0,20125952672,171810
0,20128247064,171821
0,20130541458,171832
0,20133237679,171843
0,20136673755,171854
0,20138968145,171865
0,20141262536,171876
0,20143556935,171887
0,20148130089,171898
0,20150424476,171909
0,20152718873,171920
0,20155013265,171931
0,20157307655,171942
0,20159602054,171953
0,20164163250,171964
0,20168744832,171975
0,20173326236,171986
0,20175620636,171997
0,20177915025,172008
0,20180209415,172019
0,20182503813,172030
0,20184798203,172041
0,20187092595,172052
0,20189386981,172063
0,20193941904,172074
0,20197377686,172085
0,20199672084,172096
0,20201966474,172107
0,20204260865,172118
0,20206555264,172129
0,20208849654,172140
0,20211144042,172151
0,20213438429,172162
0,20216850398,172173
0,20219144790,172184
0,20221439176,172195
0,20223733574,172206
0,20226027965,172217
0,20230594209,172228
0,20235175695,172239
0,20237470092,172250
0,20239764483,172261
0,20242058873,172272
0,20244353259,172283
0,20246647657,172294
0,20248942049,172305
0,20251236439,172316
0,20253530836,172327
0,20255825227,172338
0,20258119619,172349
0,20260414003,172360
0,20262708400,172371
0,20265002794,172382
0,20267297183,172393
0,20269591584,172404
0,20271885971,172415
0,20274180363,172426
0,20276474757,172437
0,20278769147,172448
0,20281063540,172459
0,20283357925,172470
0,20285652323,172481
0,20287946715,172492
0,20290241106,172503
0,20292535501,172514
0,20295231088,172525
0,20298667132,172536
0,20300961523,172547
0,20303255914,172558
0,20305550311,172569
0,20310123350,172580
0,20312417739,172591
0,20314712136,172602
0,20317006527,172613
0,20319300916,172624
0,20321595316,172635
0,20326156340,172646
0,20330737876,172657
0,20335319229,172668
0,20337613627,172679
0,20339908014,172690
0,20342202406,172701
0,20344496803,172712
0,20346791192,172723
0,20349085584,172734
0,20351379972,172745
0,20355934676,172756
0,20359370429,172767
0,20361664829,172778
0,20363959219,172789
0,20366253610,172800
0,20368548008,172811
0,20370842397,172822
0,20373136789,172833
0,20375431176,172844
0,20378842941,172855
0,20381137334,172866
0,20383431722,172877
0,20385726119,172888
0,20388020508,172899
0,20392586617,172910
0,20397168053,172921
0,20399462448,172932
0,20401756836,172943
0,20404051229,172954
0,20406345614,172965
0,20408640014,172976
0,20410934405,172987
0,20413228797,172998
0,20415523196,173009
0,20417817585,173020
0,20420111975,173031
0,20422406361,173042
0,20424700762,173053
0,20426995153,173064
0,20429289543,173075
0,20431583941,173086
0,20433878331,173097
0,20436172719,173108
0,20438467114,173119
0,20440761503,173130
0,20443055898,173140
0,20445350286,173150
0,20447644684,173160
0,20449939075,173170
0,20452233463,173180
0,20454527861,173190
0,20456822251,173200
0,20459511641,173210
0,20461806029,173220
0,20464100423,173230
0,20466394811,173240
0,20470967740,173250
0,20473262131,173260
0,20475556530,173270
0,20477850919,173280
0,20480145311,173290
0,20482439698,173300
0,20487000564,173310
0,20491582054,173320
0,20496163361,173330
0,20498457757,173340
0,20500752141,173350
0,20503046536,173360
0,20505340924,173370
0,20507635322,173380
0,20509929714,173390
0,20512224104,173400
0,20516778585,173410
0,20520214306,173420
0,20522508704,173430
0,20524803094,173440
0,20527097488,173450
0,20529391875,173460
0,20531686270,173470
0,20533980662,173480
0,20536275053,173490
0,20539686619,173500
0,20541981009,173510
0,20544275401,173520
0,20546569800,173530
0,20548864187,173540
0,20553430148,173550
0,20558011550,173560
0,20560305939,173570
0,20562600338,173580
0,20564894724,173590
0,20567189117,173600
0,20569483517,173610
0,20571777906,173620
0,20574072298,173630
0,20576366685,173640
0,20578661084,173650
0,20580955472,173660
0,20583249863,173670
0,20585544262,173680
0,20587838651,173690
0,20590133045,173700
0,20592427432,173710
0,20594721831,173720
0,20597016219,173730
0,20599310608,173740
0,20601605009,173750
0,20603899396,173760
0,20606193788,173770
0,20608488186,173780
0,20610782576,173790
0,20613076966,173800
0,20615371352,173810
0,20617665753,173820
0,20620354496,173830
0,20622648894,173840
0,20624943286,173850
0,20627237676,173860
0,20631810472,173870
0,20634104865,173880
0,20636399251,173890
0,20638693651,173900
0,20640988043,173910
0,20643282434,173920
0,20647843143,173930
0,20652424578,173940
0,20657005848,173950
0,20659300238,173960
0,20661594635,173970
0,20663889025,173980
0,20666183415,173990
0,20668477811,174000
0,20670772203,174010
0,20673066597,174020
0,20677620857,174030
0,20681056548,174040
0,20683350935,174050
0,20685645333,174060
0,20687939724,174070
0,20690234116,174080
0,20692528512,174090
0,20694822903,174100
0,20697117295,174110
0,20700528663,174120
0,20702823053,174130
0,20705117447,174140
0,20707411831,174150
0,20709706228,174160
0,20714272049,174170
0,20718853408,174180
0,20721147801,174190
0,20723442188,174200
0,20725736584,174210
0,20728030976,174220
0,20730325364,174230
0,20732619763,174240
0,20734914154,174250
0,20737208545,174260
0,20739502942,174270
0,20741797331,174280
0,20744091725,174290
0,20746386111,174300
0,20748680509,174310
0,20750974901,174320
0,20753269293,174330
0,20755563690,174340
0,20757858079,174350
0,20760152472,174360
0,20762446860,174370
0,20764741255,174380
0,20767035651,174390
0,20769330039,174400
0,20771624438,174410
0,20773918828,174420
0,20776213220,174430
0,20778507618,174440
0,20781195719,174450
0,20783490117,174460
0,20785784508,174470
0,20788078898,174480
0,20792651575,174490
0,20794945969,174500
0,20797240358,174510
0,20799534757,174520
0,20801829147,174530
0,20804123539,174540
0,20806417924,174550
0,20809831278,174560
0,20814412671,174570
0,20818993896,174580
0,20821288285,174590
0,20823582684,174600
0,20825877075,174610
0,20828171465,174620
0,20830465862,174630
0,20832760251,174640
0,20835054646,174650
0,20839608692,174660
0,20843044357,174670
0,20845338744,174680
0,20847633142,174690
0,20849927534,174700
0,20852221922,174710
0,20854516320,174720
0,20856810711,174730
0,20859105106,174740
0,20862516273,174750
0,20864810664,174760
0,20867105057,174770
0,20869399441,174780
0,20871693839,174790
0,20876259521,174800
0,20880840829,174810
0,20883135221,174820
0,20885429607,174830
0,20887724006,174840
0,20890018399,174850
0,20892312786,174860
0,20894607186,174870
0,20896901578,174880
0,20899195968,174890
0,20901490364,174900
0,20903784755,174910
0,20906079148,174920
0,20908373536,174930
0,20910667933,174940
0,20912962325,174950
0,20915256716,174960
0,20917551113,174970
0,20919845504,174980
0,20922139896,174990
0,20924434283,175000
0,20926728682,175010
0,20929023075,175020
0,20931317463,175030
0,20933611858,175040
0,20935906251,175050
0,20938200642,175060
0,20940495039,175070
0,20943182516,175080
0,20945476914,175090
0,20947771301,175100
0,20950065694,175110
0,20954638256,175120
0,20956932647,175130
0,20959227040,175140
0,20961521437,175150
0,20963815824,175160
0,20966110217,175170
0,20968404607,175180
0,20971817784,175190
0,20976399135,175200
0,20980980309,175210
0,20983274699,175220
0,20985569098,175230
0,20987863487,175240
0,20990157881,175250
0,20992452269,175260
0,20994746664,175270
0,20997041057,175280
0,21001594905,175290
0,21005030535,175300
0,21007324924,175310
0,21009619324,175320
0,21011913712,175330
0,21014208103,175340
0,21016502503,175350
0,21018796892,175360
0,21021091286,175370
0,21024502254,175380
0,21026796644,175390
0,21029091036,175400
0,21031385424,175410
0,21033679821,175420
0,21038245364,175430
0,21042826622,175440
0,21045121014,175450
0,21047415403,175460
0,21049709803,175470
0,21052004195,175480
0,21054298585,175490
0,21056592984,175500
0,21058887373,175510
0,21061181763,175520
0,21063476160,175530
0,21065770551,175540
0,21068064943,175550
0,21070359332,175560
0,21072653731,175570
0,21074948121,175580
0,21077242511,175590
0,21079536910,175600
0,21081831301,175610
0,21084125693,175620
0,21086420081,175630
0,21088714480,175640
0,21091008872,175650
0,21093303261,175660
0,21095597659,175670
0,21097892051,175680
0,21100186442,175690
0,21102480841,175700
0,21105167692,175710
0,21107462085,175720
0,21109756473,175730
0,21112050870,175740
0,21116623315,175750
0,21118917707,175760
0,21121212099,175770
0,21123506496,175780
0,21125800884,175790
0,21128095279,175800
0,21130389667,175810
0,21133802672,175820
0,21138383976,175830
0,21142965103,175840
0,21145259494,175850
0,21147553891,175860
0,21149848283,175870
0,21152142677,175880
0,21154437064,175890
0,21156731460,175900
0,21159025853,175910
0,21162432298,175920
0,21165867901,175930
0,21168162296,175940
0,21170456682,175950
0,21172751078,175960
0,21175045474,175970
0,21177339861,175980
0,21179634261,175990
0,21181928654,176000
0,21185339418,176010
0,21187633816,176020
0,21189928210,176030
0,21192222601,176040
0,21194516998,176050
0,21199082402,176060
0,21203663608,176070
0,21205958003,176080
0,21208252394,176090
0,21210546792,176100
0,21212841183,176110
0,21215135576,176120
0,21217429962,176130
0,21219724360,176140
0,21222018752,176150
0,21224313143,176160
0,21226607539,176170
0,21228901933,176180
0,21231196324,176190
0,21233490722,176200
0,21235785110,176210
0,21238079503,176220
0,21240373892,176230
0,21242668290,176240
0,21244962683,176250
0,21247257075,176260
0,21249551473,176270
0,21251845863,176280
0,21254140256,176290
0,21256434643,176300
0,21258729042,176310
0,21261023434,176320
0,21263317826,176330
0,21266004063,176340
0,21268298454,176350
0,21270592854,176360
0,21272887244,176370
0,21277459565,176380
0,21279753964,176390
0,21282048356,176400
0,21284342744,176410
0,21286637142,176420
0,21288931533,176430
0,21291225927,176440
0,21294638762,176450
0,21299220019,176460
0,21303801098,176470
0,21306095490,176480
0,21308389879,176490
0,21310684279,176500
0,21312978669,176510
0,21315273060,176520
0,21317567457,176530
0,21319861850,176540
0,21323268108,176550
0,21326703669,176560
0,21328998059,176570
0,21331292451,176580
0,21333586851,176590
0,21335881241,176600
0,21338175632,176610
0,21340470031,176620
0,21342764422,176630
0,21346174996,176640
0,21348469395,176650
0,21350763786,176660
0,21353058180,176670
0,21355352568,176680
0,21359917853,176690
0,21364499015,176700
0,21366793404,176710
0,21369087799,176720
0,21371382187,176730
0,21373676587,176740
0,21375970977,176750
0,21378265367,176760
0,21380559767,176770
0,21382854158,176780
0,21385148552,176790
0,21387442938,176800
0,21389737338,176810
0,21392031729,176820
0,21394326117,176830
0,21396620516,176840
0,21398914909,176850
0,21401209299,176860
0,21403503699,176870
0,21405798090,176880
0,21408092481,176890
0,21410386868,176900
0,21412681267,176910
0,21414975661,176920
0,21417270051,176930
0,21419564452,176940
0,21421858843,176950
0,21424153235,176960
0,21426838856,176970
0,21429133250,176980
0,21431427639,176990
0,21433722038,177000
0,21438294241,177010
0,21440588640,177020
0,21442883029,177030
0,21445177423,177040
0,21447471820,177050
0,21449766211,177060
0,21452060604,177070
0,21455473276,177080
0,21460054485,177090
0,21464635520,177100
0,21466929912,177110
0,21469224304,177120
0,21471518703,177130
0,21473813091,177140
0,21476107487,177150
0,21478401873,177160
0,21480696274,177170
0,21484102345,177180
0,21487537866,177190
0,21489832257,177200
0,21492126650,177210
0,21494421040,177220
0,21496715437,177230
0,21499009830,177240
0,21501304222,177250
0,21503598620,177260
0,21507009002,177270
0,21509303394,177280
0,21511597794,177290
0,21513892186,177300
0,21516186577,177310
0,21518480972,177320
0,21521898917,177330
0,21526480047,177340
0,21528774435,177350
0,21531068831,177360
0,21533363217,177370
0,21535657615,177380
0,21537952006,177390
0,21540246400,177400
0,21542540798,177410
0,21544835189,177420
0,21547129582,177430
0,21549423969,177440
0,21551718366,177450
0,21554012762,177460
0,21556307152,177470
0,21558601551,177480
0,21560895941,177490
0,21563190334,177500
0,21565484731,177510
0,21567779121,177520
0,21570073515,177530
0,21572367905,177540
0,21574662303,177550
0,21576956695,177560
0,21579251087,177570
0,21581545486,177580
0,21583839876,177590
0,21586134270,177600
0,21588819272,177610
0,21591113667,177620
0,21593408057,177630
0,21595702456,177640
0,21600274546,177650
0,21602568947,177660
0,21604863337,177670
0,21607157730,177680
0,21609452118,177690
0,21611746517,177700
0,21614040910,177710
0,21617453414,177720
0,21622034586,177730
0,21626615577,177740
0,21628909965,177750
0,21631204357,177760
0,21633498756,177770
0,21635793148,177780
0,21638087540,177790
0,21640381929,177800
0,21642676330,177810
0,21646082215,177820
0,21649517696,177830
0,21651812089,177840
0,21654106480,177850
0,21656400870,177860
0,21658695267,177870
0,21660989661,177880
0,21663284050,177890
0,21665578449,177900
0,21668988645,177910
0,21671283039,177920
0,21673577438,177930
0,21675871827,177940
0,21678166218,177950
0,21680460608,177960
0,21683878411,177970
0,21688459499,177980
0,21690753898,177990
0,21693048292,178000
0,21695342678,178010
0,21697637077,178020
0,21699931469,178030
0,21702225863,178040
0,21704520261,178050
0,21706814652,178060
0,21709109043,178070
0,21711403431,178080
0,21713697832,178090
0,21715992222,178100
0,21718286616,178110
0,21720581015,178120
0,21722875407,178130
0,21725169797,178140
0,21727464184,178150
0,21729758583,178160
0,21732052978,178170
0,21734347368,178180
0,21736641765,178190
0,21738936159,178200
0,21741230548,178210
0,21743524948,178220
0,21745819339,178230
0,21748113731,178240
0,21750798124,178250
0,21753092518,178260
0,21755386904,178270
0,21757681301,178280
0,21762253289,178290
0,21764547686,178300
0,21766842079,178310
0,21769136471,178320
0,21771430858,178330
0,21773725258,178340
0,21776019649,178350
0,21779431986,178360
0,21784013127,178370
0,21788594067,178380
0,21790888459,178390
0,21793182852,178400
0,21795477249,178410
0,21797771639,178420
0,21800066035,178430
0,21802360420,178440
0,21804654820,178450
0,21808060521,178460
0,21811495968,178470
0,21813790360,178480
0,21816084753,178490
0,21818379139,178500
0,21820673538,178510
0,21822967931,178520
0,21825262322,178530
0,21827556721,178540
0,21830966727,178550
0,21833261117,178560
0,21835555514,178570
0,21837849904,178580
0,21840144301,178590
0,21842438687,178600
0,21845856349,178610
0,21850437391,178620
0,21852731790,178630
0,21855026182,178640
0,21857320573,178650
0,21859614973,178660
0,21861909365,178670
0,21864203757,178680
0,21866498151,178690
0,21868792545,178700
0,21871086939,178710
0,21873381326,178720
0,21875675726,178730
0,21877970119,178740
0,21880264511,178750
0,21882558909,178760
0,21884853298,178770
0,21887147693,178780
0,21889442082,178790
0,21891736481,178800
0,21894030876,178810
0,21896325262,178820
0,21898619660,178830
0,21900914053,178840
0,21903208445,178850
0,21905502843,178860
0,21907797235,178870
0,21910091630,178880
0,21912386018,178890
0,21914680414,178900
0,21916974807,178910
0,21919269202,178920
0,21923083287,178930
0,21925377674,178940
0,21927672073,178950
0,21929966465,178960
0,21932260857,178970
0,21934555255,178980
0,21936849646,178990
0,21940261814,179000
0,21944842914,179010
0,21949423799,179020
0,21951718199,179030
0,21954012591,179040
0,21956306985,179050
0,21958601382,179060
0,21960895773,179070
0,21963190164,179080
0,21965484563,179090
0,21968890082,179100
0,21972325490,179110
0,21974619887,179120
0,21976914278,179130
0,21979208670,179140
0,21981503072,179150
0,21983797461,179160
0,21986091855,179170
0,21988386245,179180
0,21991796060,179190
0,21994090454,179200
0,21996384843,179210
0,21998679244,179220
0,22000973635,179230
0,22003268028,179240
0,22006685542,179250
0,22011266543,179260
0,22013560942,179270
0,22015855334,179280
0,22018149728,179290
0,22020444117,179300
0,22022738514,179310
0,22025032906,179320
0,22027327296,179330
0,22029621697,179340
0,22031916089,179350
0,22034210480,179360
0,22036504880,179370
0,22038799269,179380
0,22041093664,179390
0,22043388053,179400
0,22045682452,179410
0,22047976846,179420
0,22050271239,179430
0,22052565637,179440
0,22054860025,179450
0,22057154422,179460
0,22059448810,179470
0,22061743207,179480
0,22064037603,179490
0,22066331994,179500
0,22068626391,179510
0,22070920783,179520
0,22073215175,179530
0,22075509575,179540
0,22077803966,179550
0,22080098361,179560
0,22083911757,179570
0,22086206149,179580
0,22088500549,179590
0,22090794941,179600
0,22093089334,179610
0,22095383723,179620
0,22097678123,179630
0,22101090123,179640
0,22105671171,179650
0,22110252019,179660
0,22112546419,179670
0,22114840811,179680
0,22117135203,179690
0,22119429591,179700
0,22121723990,179710
0,22124018383,179720
0,22126312776,179730
0,22129718115,179740
0,22133153494,179750
0,22135447885,179760
0,22137742282,179770
0,22140036679,179780
0,22142331065,179790
0,22144625466,179800
0,22146919860,179810
0,22149214249,179820
0,22152623876,179830
0,22154918271,179840
0,22157212663,179850
0,22159507064,179860
0,22161801453,179870
0,22164095848,179880
0,22167513225,179890
0,22172094184,179900
0,22174388573,179910
0,22176682973,179920
0,22178977365,179930
0,22181271755,179940
0,22183566155,179950
0,22185860548,179960
0,22188154941,179970
0,22190449329,179980
0,22192743727,179990
0,22195038121,180000
0,22197332510,180010
0,22199626909,180020
0,22201921301,180030
0,22204215695,180040
0,22206510095,180050
0,22208804487,180060
0,22211098876,180070
0,22213393267,180080
0,22215687666,180090
0,22217982060,180100
0,22220276451,180110
0,22222570852,180120
0,22224865244,180130
0,22227159634,180140
0,22229454023,180150
0,22231748420,180160
0,22234042818,180170
0,22236337206,180180
0,22238631606,180190
0,22240925997,180200
0,22243220388,180210
0,22245885902,180220
0,22248180293,180230
0,22250474691,180240
0,22252769084,180250
0,22255063478,180260
0,22257357864,180270
0,22259652262,180280
0,22263064116,180290
0,22267645116,180300
0,22272225922,180310
0,22274520320,180320
0,22276814712,180330
0,22279109107,180340
0,22281403495,180350
0,22283697896,180360
0,22285992288,180370
0,22288286679,180380
0,22291691834,180390
0,22295127184,180400
0,22297421572,180410
0,22299715971,180420
0,22302010366,180430
0,22304304757,180440
0,22306599155,180450
0,22308893546,180460
0,22311187939,180470
0,22314597385,180480
0,22316891776,180490
0,22319186165,180500
0,22321480565,180510
0,22323774957,180520
0,22326069352,180530
0,22329486596,180540
0,22334067514,180550
0,22336361900,180560
0,22338656299,180570
0,22340950694,180580
0,22343245086,180590
0,22345539486,180600
0,22347833876,180610
0,22350128272,180620
0,22352422658,180630
0,22354717059,180640
0,22357011452,180650
0,22359305845,180660
0,22361600245,180670
0,22363894637,180680
0,22366189027,180690
0,22368483426,180700
0,22370777819,180710
0,22373072214,180720
0,22375366601,180730
0,22377661001,180740
0,22379955395,180750
0,22382249786,180760
0,22384544184,180770
0,22386838576,180780
0,22389132971,180790
0,22391427361,180800
0,22393721761,180810
0,22396016153,180820
0,22398310543,180830
0,22400604942,180840
0,22402899335,180850
0,22405193725,180860
0,22407858538,180870
0,22410152934,180880
0,22412447321,180890
0,22414741719,180900
0,22417036113,180910
0,22419330503,180920
0,22421624903,180930
0,22425036601,180940
0,22429617550,180950
0,22434198313,180960
0,22436492714,180970
0,22438787106,180980
0,22441081501,180990
0,22443375888,181000
0,22445670286,181010
0,22447964680,181020
0,22450259074,181030
0,22453664046,181040
0,22457099372,181050
0,22459393758,181060
0,22461688157,181070
0,22463982550,181080
0,22466276943,181090
0,22468571344,181100
0,22470865735,181110
0,22473160128,181120
0,22476569385,181130
0,22478863779,181140
0,22481158173,181150
0,22483452559,181160
0,22485746959,181170
0,22488041355,181180
0,22491458451,181190
0,22496039337,181200
0,22498333726,181210
0,22500628125,181220
0,22502922519,181230
0,22505216911,181240
0,22507511310,181250
0,22509805701,181260
0,22512100095,181270
0,22514394484,181280
0,22516688886,181290
0,22518983280,181300
0,22521277672,181310
0,22523572069,181320
0,22525866462,181330
0,22528160857,181340
0,22530455244,181350
0,22532749642,181360
0,22535044041,181370
0,22537338429,181380
0,22539632827,181390
0,22541927220,181400
0,22544221614,181410
0,22546516013,181420
0,22548810406,181430
0,22551104799,181440
0,22553399187,181450
0,22555693587,181460
0,22557987982,181470
0,22560282373,181480
0,22562576773,181490
0,22564871168,181500
0,22567165562,181510
0,22569459949,181520
0,22571754345,181530
0,22574048743,181540
0,22576343133,181550
0,22578637533,181560
0,22580931924,181570
0,22583226318,181580
0,22585860388,181590
0,22590441286,181600
0,22595022019,181610
0,22597316408,181620
0,22599610806,181630
0,22601905197,181640
0,22604199591,181650
0,22606493992,181660
0,22608788382,181670
0,22611082777,181680
0,22614487569,181690
0,22617922862,181700
0,22620217256,181710
0,22622511658,181720
0,22624806050,181730
0,22627100445,181740
0,22629394831,181750
0,22631689230,181760
0,22633983624,181770
0,22637392688,181780
0,22639687087,181790
0,22641981483,181800
0,22644275875,181810
0,22646570273,181820
0,22648864663,181830
0,22652281623,181840
0,22656862473,181850
0,22659156869,181860
0,22661451257,181870
0,22663745655,181880
0,22666040052,181890
0,22668334440,181900
0,22670628840,181910
0,22672923234,181920
0,22675217626,181930
0,22677512025,181940
0,22679806416,181950
0,22682100812,181960
0,22684395201,181970
0,22686689599,181980
0,22688983993,181990
0,22691278387,182000
0,22693572786,182010
0,22695867176,182020
0,22698161572,182030
0,22700455963,182040
0,22702750360,182050
0,22705044755,182060
0,22707339143,182070
0,22709633542,182080
0,22711927936,182090
0,22714222329,182100
0,22716516728,182110
0,22718811121,182120
0,22721105517,182130
0,22723399905,182140
0,22725694302,182150
0,22727988696,182160
0,22730283090,182170
0,22732577490,182180
0,22734871881,182190
0,22737166275,182200
0,22739460665,182210
0,22741755061,182220
0,22744049457,182230
0,22746682696,182240
0,22751263556,182250
0,22755844249,182260
0,22758138646,182270
0,22760433035,182280
0,22762727435,182290
0,22765021828,182300
0,22767316222,182310
0,22769610621,182320
0,22771905012,182330
0,22775309618,182340
0,22778744877,182350
0,22781039272,182360
0,22783333660,182370
0,22785628060,182380
0,22787922453,182390
0,22790216846,182400
0,22792511246,182410
0,22794805638,182420
0,22798214533,182430
0,22800508932,182440
0,22802803320,182450
0,22805097716,182460
0,22807392106,182470
0,22809686506,182480
0,22813103335,182490
0,22817684133,182500
0,22819978528,182510
0,22822272921,182520
0,22824567321,182530
0,22826861714,182540
0,22829156109,182550
0,22831450494,182560
0,22833744892,182570
0,22836039290,182580
0,22838333680,182590
0,22840628078,182600
0,22842922471,182610
0,22845216866,182620
0,22847511265,182630
0,22849805654,182640
0,22852100049,182650
0,22854394440,182660
0,22856688840,182670
0,22858983234,182680
0,22861277626,182690
0,22863572027,182700
0,22865866418,182710
0,22868160814,182720
0,22870455201,182730
0,22872749600,182740
0,22875043998,182750
0,22877338386,182760
0,22879632782,182770
0,22881927176,182780
0,22884221570,182790
0,22886515972,182800
0,22888810362,182810
0,22891104757,182820
0,22893399146,182830
0,22895693544,182840
0,22897987938,182850
0,22900282331,182860
0,22902576732,182870
0,22904871125,182880
0,22907165519,182890
0,22909459907,182900
0,22913231563,182910
0,22917812210,182920
0,22920106606,182930
0,22922400997,182940
0,22924695395,182950
0,22926989787,182960
0,22929284180,182970
0,22931578581,182980
0,22933872973,182990
0,22937277408,183000
0,22940712635,183010
0,22943007028,183020
0,22945301421,183030
0,22947595821,183040
0,22949890214,183050
0,22952184606,183060
0,22954479006,183070
0,22956773396,183080
0,22960182116,183090
0,22962476517,183100
0,22964770907,183110
0,22967065304,183120
0,22969359695,183130
0,22971654094,183140
0,22975070789,183150
0,22979651543,183160
0,22981945937,183170
0,22984240329,183180
0,22986534729,183190
0,22988829121,183200
0,22991123517,183210
0,22993417905,183220
0,22995712305,183230
0,22998006700,183240
0,23000301094,183250
0,23002595493,183260
0,23004889884,183270
0,23007184277,183280
0,23009478679,183290
0,23011773071,183300
0,23014067465,183310
0,23016361855,183320
0,23018656254,183330
0,23020950647,183340
0,23023245040,183350
0,23025539441,183360
0,23027833834,183370
0,23030128229,183380
0,23032422614,183390
0,23034717014,183400
0,23037011410,183410
0,23039305804,183420
0,23041600200,183430
0,23043894595,183440
0,23046188988,183450
0,23048483387,183460
0,23050777776,183470
0,23053072172,183480
0,23055366562,183490
0,23057660963,183500
0,23059955355,183510
0,23062249748,183520
0,23064544149,183530
0,23066838540,183540
0,23069132935,183550
0,23071427323,183560
0,23075198119,183570
0,23079778720,183580
0,23082073114,183590
0,23084367505,183600
0,23086661906,183610
0,23088956298,183620
0,23091250691,183630
0,23093545093,183640
0,23095839483,183650
0,23099243742,183660
0,23102678942,183670
0,23104973337,183680
0,23107267728,183690
0,23109562126,183700
0,23111856518,183710
0,23114150914,183720
0,23116445304,183730
0,23118739702,183740
0,23122148253,183750
0,23124442641,183760
0,23126737039,183770
0,23129031433,183780
0,23131325825,183790
0,23133620225,183800
0,23137036792,183810
0,23141617501,183820
0,23143911895,183830
0,23146206287,183840
0,23148500688,183850
0,23150795080,183860
0,23153089477,183870
0,23155383865,183880
0,23157678262,183890
0,23159972658,183900
0,23162267052,183910
0,23164561452,183920
0,23166855843,183930
0,23169150240,183940
0,23171444628,183950
0,23173739027,183960
0,23176033421,183970
0,23178327813,183980
0,23180622213,183990
0,23182916606,184000
0,23185210998,184010
0,23187505398,184020
0,23189799790,184030
0,23192094186,184040
0,23194388574,184050
0,23196682976,184060
0,23198977371,184070
0,23201271764,184080
0,23203566161,184090
0,23205860553,184100
0,23208154950,184110
0,23210449340,184120
0,23212743739,184130
0,23215038133,184140
0,23217332522,184150
0,23219626921,184160
0,23221921314,184170
0,23224215709,184180
0,23226510110,184190
0,23228804503,184200
0,23231098900,184210
0,23233393285,184220
0,23236016033,184230
0,23240596592,184240
0,23242890983,184250
0,23245185377,184260
0,23247479778,184270
0,23249774169,184280
0,23252068562,184290
0,23254362952,184300
0,23256657355,184310
0,23260061442,184320
0,23263496613,184330
0,23265791006,184340
0,23268085401,184350
0,23270379789,184360
0,23272674191,184370
0,23274968586,184380
0,23277262980,184390
0,23279557377,184400
0,23282965751,184410
0,23285260144,184420
0,23287554546,184430
0,23289848935,184440
0,23292143333,184450
0,23294437722,184460
0,23297854157,184470
0,23302434818,184480
0,23304729218,184490
0,23307023612,184500
0,23309318005,184510
0,23311612401,184520
0,23313906797,184530
0,23316201189,184540
0,23318495590,184550
0,23320789983,184560
0,23323084379,184570
0,23325378767,184580
0,23327673164,184590
0,23329967560,184600
0,23332261955,184610
0,23334556355,184620
0,23336850746,184630
0,23339145141,184640
0,23341439531,184650
0,23343733930,184660
0,23346028325,184670
0,23348322716,184680
0,23350617116,184690
0,23352911512,184700
0,23355205903,184710
0,23357500302,184720
0,23359794695,184730
0,23362089092,184740
0,23364383480,184750
0,23366677881,184760
0,23368972277,184770
0,23371266670,184780
0,23373561067,184790
0,23375855459,184800
0,23378149856,184810
0,23380444245,184820
0,23382738646,184830
0,23385033040,184840
0,23387327431,184850
0,23389621831,184860
0,23391916225,184870
0,23394210617,184880
0,23396832529,184890
0,23401413036,184900
0,23403707435,184910
0,23406001830,184920
0,23408296225,184930
0,23410590626,184940
0,23412885016,184950
0,23415179411,184960
0,23417473802,184970
0,23420877724,184980
0,23424312862,184990
0,23426607261,185000
0,23428901656,185010
0,23431196047,185020
0,23433490447,185030
0,23435784839,185040
0,23438079235,185050
0,23440373623,185060
0,23443781829,185070
0,23446076226,185080
0,23448370613,185090
0,23450665011,185100
0,23452959407,185110
0,23455253802,185120
0,23458670104,185130
0,23463250731,185140
0,23465545129,185150
0,23467839522,185160
0,23470133916,185170
0,23472428306,185180
0,23474722709,185190
0,23477017102,185200
0,23479311493,185210
0,23481605891,185220
0,23483900288,185230
0,23486194679,185240
0,23488489079,185250
0,23490783473,185260
0,23493077870,185270
0,23495372257,185280
0,23497666655,185290
0,23499961051,185300
0,23502255447,185310
0,23504549847,185320
0,23506844239,185330
0,23509138634,185340
0,23511433022,185350
0,23513727422,185360
0,23516021814,185370
0,23518316210,185380
0,23520610609,185390
0,23522905004,185400
0,23525199394,185410
0,23527493794,185420
0,23529788188,185430
0,23532082584,185440
0,23534376971,185450
0,23536671374,185460
0,23538965768,185470
0,23541260160,185480
0,23543554559,185490
0,23545848952,185500
0,23548143349,185510
0,23550437739,185520
0,23552732140,185530
0,23555026534,185540
0,23557647612,185550
0,23562228081,185560
0,23564522481,185570
0,23566816876,185580
0,23569111271,185590
0,23571405660,185600
0,23573700058,185610
0,23575994455,185620
0,23578288850,185630
0,23580583250,185640
0,23582877641,185650
0,23586274909,185660
0,23588569308,185670
0,23590863700,185680
0,23593158095,185690
0,23595452485,185700
0,23597746886,185710
0,23600041280,185720
0,23602335670,185730
0,23605743706,185740
0,23608038102,185750
0,23610332491,185760
0,23612626893,185770
0,23614921289,185780
0,23617215682,185790
0,23620631847,185800
0,23625212438,185810
0,23627506840,185820
0,23629801231,185830
0,23632095628,185840
0,23634390016,185850
0,23636684416,185860
0,23638978810,185870
0,23641273204,185880
0,23643567606,185890
0,23645861999,185900
0,23648156392,185910
0,23650450781,185920
0,23652745183,185930
0,23655039579,185940
0,23657333966,185950
0,23659628368,185960
0,23661922765,185970
0,23664217156,185980
0,23666511555,185990
0,23668805949,186000
0,23671100346,186010
0,23673394736,186020
0,23675689135,186030
0,23677983529,186040
0,23680277922,186050
0,23682572325,186060
0,23684866715,186070
0,23687161110,186080
0,23689455502,186090
0,23691749902,186100
0,23694044296,186110
0,23696338685,186120
0,23698633088,186130
0,23700927484,186140
0,23703221875,186150
0,23705516277,186160
0,23707810670,186170
0,23710105064,186180
0,23712399452,186190
0,23714693854,186200
0,23716988249,186210
0,23719608505,186220
0,23724188933,186230
0,23726483333,186240
0,23728777727,186250
0,23731072123,186260
0,23733366510,186270
0,23735660913,186280
0,23737955308,186290
0,23740249699,186300
0,23742544098,186310
0,23744838493,186320
0,23748235554,186330
0,23750529955,186340
0,23752824349,186350
0,23755118745,186360
0,23757413133,186370
0,23759707534,186380
0,23762001928,186390
0,23764296323,186400
0,23767704186,186410
0,23769998577,186420
0,23772292970,186430
0,23774587374,186440
0,23776881766,186450
0,23779176158,186460
0,23782592200,186470
0,23787172749,186480
0,23789467140,186490
0,23791761543,186500
0,23794055938,186510
0,23796350327,186520
0,23798644728,186530
0,23800939123,186540
0,23803233515,186550
0,23805527918,186560
0,23807822309,186570
0,23810116706,186580
0,23812411097,186590
0,23814705497,186600
0,23816999888,186610
0,23819294283,186620
0,23821588685,186630
0,23823883077,186640
0,23826177469,186650
0,23828471863,186660
0,23830766263,186670
0,23833060657,186680
0,23835355045,186690
0,23837649449,186700
0,23839943843,186710
0,23842238239,186720
0,23844532637,186730
0,23846827031,186740
0,23849121427,186750
0,23851415817,186760
0,23853710215,186770
0,23856004611,186780
0,23858299007,186790
0,23860593407,186800
0,23862887796,186810
0,23865182189,186820
0,23867476584,186830
0,23869770984,186840
0,23872065379,186850
0,23874359769,186860
0,23876654171,186870
0,23878948564,186880
0,23881568004,186890
0,23886148400,186900
0,23888442791,186910
0,23890737189,186920
0,23893031584,186930
0,23895325975,186940
0,23897620376,186950
0,23899914769,186960
0,23902209163,186970
0,23904503567,186980
0,23906797958,186990
0,23909092351,187000
0,23911386741,187010
0,23913681144,187020
0,23915975540,187030
0,23918269932,187040
0,23920564333,187050
0,23922858726,187060
0,23925153121,187070
0,23928516080,187080
0,23930810473,187090
0,23933104872,187100
0,23935399262,187110
0,23937693659,187120
0,23939988054,187130
0,23943403961,187140
0,23947984478,187150
0,23950278873,187160
0,23952573275,187170
0,23954867666,187180
0,23957162061,187190
0,23959456453,187200
0,23961750853,187210
0,23964045251,187220
0,23966339639,187230
0,23968634041,187240
0,23970928436,187250
0,23973222828,187260
0,23975517229,187270
0,23977811623,187280
0,23980106020,187290
0,23982400409,187300
0,23984694807,187310
0,23986989203,187320
0,23989283599,187330
0,23991578001,187340
0,23993872390,187350
0,23996166788,187360
0,23998461178,187370
0,24000755576,187380
0,24003049971,187390
0,24005344363,187400
0,24007638765,187410
0,24009933160,187420
0,24012227552,187430
0,24014521953,187440
0,24016816345,187450
0,24019110742,187460
0,24021405130,187470
0,24023699532,187480
0,24025993929,187490
0,24028288323,187500
0,24030582719,187510
0,24032877113,187520
0,24035171509,187530
0,24037465900,187540
0,24039760299,187550
0,24042378926,187560
0,24046959293,187570
0,24049253687,187580
0,24051548088,187590
0,24053842482,187600
0,24056136879,187610
0,24058431265,187620
0,24060725666,187630
0,24063020061,187640
0,24065314457,187650
0,24067608853,187660
0,24069903250,187670
0,24072197644,187680
0,24074492045,187690
0,24076786435,187700
0,24079080831,187710
0,24081375224,187720
0,24083669623,187730
0,24085964018,187740
0,24089326607,187750
0,24091621006,187760
0,24093915401,187770
0,24096209794,187780
0,24098504195,187790
0,24100798590,187800
0,24104214367,187810
0,24108794839,187820
0,24111089235,187830
0,24113383623,187840
0,24115678026,187850
0,24117972421,187860
0,24120266815,187870
0,24122561214,187880
0,24124855606,187890
0,24127150005,187900
0,24129444394,187910
0,24131738795,187920
0,24134033191,187930
0,24136327581,187940
0,24138621980,187950
0,24140916375,187960
0,24143210769,187970
0,24145505172,187980
0,24147799567,187990
0,24150093960,188000
0,24152388348,188010
0,24154682751,188020
0,24156977148,188030
0,24159271540,188040
0,24161565941,188050
0,24163860336,188060
0,24166154731,188070
0,24168449120,188080
0,24170743521,188090
0,24173037919,188100
0,24175332308,188110
0,24177626711,188120
0,24179921104,188130
0,24182215497,188140
0,24184509901,188150
0,24186804292,188160
0,24189098689,188170
0,24191393080,188180
0,24193687483,188190
0,24195981877,188200
0,24198276267,188210
0,24200570671,188220
0,24203188502,188230
0,24207768824,188240
0,24210063221,188250
0,24212357610,188260
0,24214652011,188270
0,24216946405,188280
0,24219240802,188290
0,24221535204,188300
0,24223829595,188310
0,24226123991,188320
0,24228418379,188330
0,24230712783,188340
0,24233007178,188350
0,24235301569,188360
0,24237595972,188370
0,24239890368,188380
0,24242184759,188390
0,24244479149,188400
0,24246773552,188410
0,24249067949,188420
0,24251362337,188430
0,24253656739,188440
0,24255951135,188450
0,24258245527,188460
0,24260539928,188470
0,24262834321,188480
0,24266170625,188490
0,24270751052,188500
0,24273045450,188510
0,24275339839,188520
0,24277634242,188530
0,24279928634,188540
0,24282223031,188550
0,24284517434,188560
0,24286811826,188570
0,24289106219,188580
0,24291400609,188590
0,24293695014,188600
0,24295989408,188610
0,24298283801,188620
0,24300578202,188630
0,24302872595,188640
0,24305166991,188650
0,24307461379,188660
0,24309755781,188670
0,24312050179,188680
0,24314344569,188690
0,24316638971,188700
0,24318933362,188710
0,24321227759,188720
0,24323522160,188730
0,24325816552,188740
0,24328110949,188750
0,24330405339,188760
0,24332699742,188770
0,24334994133,188780
0,24337288529,188790
0,24339582932,188800
0,24341877326,188810
0,24344171718,188820
0,24346466109,188830
0,24348760511,188840
0,24351054907,188850
0,24353349298,188860
0,24355643699,188870
0,24357938095,188880
0,24360232491,188890
0,24362526890,188900
0,24365143937,188910
0,24369724221,188920
0,24372018611,188930
0,24374313009,188940
0,24376607407,188950
0,24378901803,188960
0,24381196193,188970
0,24383490595,188980
0,24385784990,188990
0,24388079386,189000
0,24390373775,189010
0,24392668176,189020
0,24394962571,189030
0,24397256966,189040
0,24399551365,189050
0,24401845760,189060
0,24404140157,189070
0,24406434549,189080
0,24408728947,189090
0,24411023344,189100
0,24413317739,189110
0,24415612139,189120
0,24417906532,189130
0,24420200927,189140
0,24422495329,189150
0,24424789720,189160
0,24428125539,189170
0,24432705927,189180
0,24435000322,189190
0,24437294714,189200
0,24439589116,189210
0,24441883510,189220
0,24444177901,189230
0,24446472295,189240
0,24448766697,189250
0,24451061095,189260
0,24453355483,189270
0,24455649883,189280
0,24457944279,189290
0,24460238676,189300
0,24462533077,189310
0,24464827468,189320
0,24467121865,189330
0,24469416256,189340
0,24471710655,189350
0,24474005050,189360
0,24476299446,189370
0,24478593845,189380
0,24480888241,189390
0,24483182631,189400
0,24485477025,189410
0,24487771427,189420
0,24490065824,189430
0,24492360211,189440
0,24494654617,189450
0,24496949012,189460
0,24499243405,189470
0,24501537804,189480
0,24503832200,189490
0,24506126597,189500
0,24508420987,189510
0,24510715387,189520
0,24513009783,189530
0,24515304177,189540
0,24517598575,189550
0,24519892970,189560
0,24522187365,189570
0,24524481759,189580
0,24527098040,189590
0,24531678278,189600
0,24533972675,189610
0,24536267070,189620
0,24538561469,189630
0,24540855864,189640
0,24543150260,189650
0,24545444649,189660
0,24547739049,189670
0,24550033448,189680
0,24552327839,189690
0,24554622239,189700
0,24556916634,189710
0,24559211030,189720
0,24561505431,189730
0,24563799822,189740
0,24566094219,189750
0,24568388611,189760
0,24570683015,189770
0,24572977408,189780
0,24575271801,189790
0,24577566203,189800
0,24579860598,189810
0,24582154994,189820
0,24584449382,189830
0,24586743786,189840
0,24589038182,189850
0,24593512273,189860
0,24595806669,189870
0,24598101064,189880
0,24600395455,189890
0,24602689855,189900
0,24604984252,189910
0,24607278644,189920
0,24609573047,189930
0,24611867439,189940
0,24614161837,189950
0,24616456228,189960
0,24618750626,189970
0,24621045022,189980
0,24623339414,189990
0,24625633817,190000
0,24627928210,190010
0,24630222604,190020
0,24632517009,190030
0,24634811401,190040
0,24637105794,190050
0,24639400185,190060
0,24641694589,190070
0,24643988986,190080
0,24646283378,190090
0,24648577780,190100
0,24650872173,190110
0,24653166570,190120
0,24655460959,190130
0,24657755361,190140
0,24660049758,190150
0,24662344150,190160
0,24664638549,190170
0,24666932944,190180
0,24669227339,190190
0,24671521743,190200
0,24673816133,190210
0,24676110531,190220
0,24678404922,190230
0,24680699325,190240
0,24682993717,190250
0,24685288111,190260
0,24687903619,190270
0,24692483808,190280
0,24694778209,190290
0,24697072606,190300
0,24699366997,190310
0,24701661397,190320
0,24703955794,190330
0,24706250189,190340
0,24708544592,190350
0,24710838981,190360
0,24713133379,190370
0,24715427770,190380
0,24717722172,190390
0,24720016563,190400
0,24722310962,190410
0,24724605361,190420
0,24726899756,190430
0,24729194149,190440
0,24731488543,190450
0,24733782947,190459
0,24736077344,190468
0,24738371731,190477
0,24740666133,190486
0,24742960529,190495
0,24745254924,190504
0,24747549324,190513
0,24749843719,190522
0,24754317311,190531
0,24756611704,190540
0,24758906103,190549
0,24761200498,190558
0,24763494900,190567
0,24765789292,190576
0,24768083690,190585
0,24770378083,190594
0,24772672481,190603
0,24774966876,190612
0,24777261273,190621
0,24779555675,190630
0,24781850070,190639
0,24784144463,190648
0,24786438855,190657
0,24788733256,190666
0,24791027653,190675
0,24793322045,190684
0,24795616445,190693
0,24797910844,190702
0,24800205235,190711
0,24802499635,190720
0,24804794029,190729
0,24807088428,190738
0,24809382816,190747
0,24811677218,190756
0,24813971615,190765
0,24816266010,190774
0,24818560409,190783
0,24820854801,190792
0,24823149201,190801
0,24825443592,190810
0,24827737994,190819
0,24830032389,190828
0,24832326782,190837
0,24834621183,190846
0,24836915578,190855
0,24839209970,190864
0,24841504375,190873
0,24843798768,190882
0,24846093163,190891
0,24848707888,190900
0,24853288045,190909
0,24855582446,190918
0,24857876839,190927
0,24860171236,190936
0,24862465625,190945
0,24864760027,190954
0,24867054424,190963
0,24869348815,190972
0,24871643218,190981
0,24873937611,190990
0,24876232006,190999
0,24878526408,191008
0,24880820804,191017
0,24883115199,191026
0,24885409589,191035
0,24887703993,191044
0,24889998389,191053
0,24892292779,191062
0,24894587182,191071
0,24896881577,191080
0,24899175971,191089
0,24901470362,191098
0,24903764766,191107
0,24906059164,191116
0,24908353553,191125
0,24910647953,191134
0,24912942351,191143
0,24916268253,191152
0,24918562653,191161
0,24920857046,191170
0,24923151442,191179
0,24925445835,191188
0,24927740235,191197
0,24930034631,191206
0,24932329027,191215
0,24934623427,191224
0,24936917818,191233
0,24939212213,191242
0,24941506616,191251
0,24943801011,191260
0,24946095405,191269
0,24948389796,191278
0,24950684199,191287
0,24952978594,191296
0,24955272988,191305
0,24957567391,191314
0,24959861785,191323
0,24962156183,191332
0,24964450570,191341
0,24966744972,191350
0,24969039371,191359
0,24971333763,191368
0,24973628162,191377
0,24975922560,191386
0,24978216955,191395
0,24980511357,191404
0,24982805747,191413
0,24985100145,191422
0,24987394537,191431
0,24989688939,191440
0,24991983332,191449
0,24994277729,191458
0,24996572131,191467
0,24998866524,191476
0,25001160919,191485
0,25003455311,191494
0,25005749714,191503
0,25008044111,191512
0,25010658071,191521
0,25015238193,191530
0,25017532596,191539
0,25019826987,191548
0,25022121386,191557
0,25024415777,191566
0,25026710177,191575
0,25029004571,191584
0,25031298967,191593
0,25033593369,191602
0,25035887763,191611
0,25038182156,191620
0,25040476550,191629
0,25042770953,191638
0,25045065348,191647
0,25047359738,191656
0,25049654141,191665
0,25051948538,191674
0,25054242931,191683
0,25056537332,191692
0,25058831726,191701
0,25061126124,191710
0,25063420513,191719
0,25065714915,191728
0,25068009312,191737
0,25070303707,191746
0,25072598103,191755
0,25074892501,191764
0,25078217898,191773
0,25080512300,191782
0,25082806692,191791
0,25085101090,191800
0,25087395479,191809
0,25089689881,191818
0,25091984276,191827
0,25094278671,191836
0,25096573076,191845
0,25098867469,191854
0,25101161864,191863
0,25103456254,191872
0,25105750657,191881
0,25108045056,191890
0,25110339445,191899
0,25112633848,191908
0,25114928246,191917
0,25117222638,191926
0,25119517040,191935
0,25121811436,191944
0,25124105833,191953
0,25126400223,191962
0,25128694624,191971
0,25130989021,191980
0,25133283416,191989
0,25135577817,191998
0,25137872211,192007
0,25140166610,192016
0,25142461003,192025
0,25144755403,192034
0,25147049798,192043
0,25149344189,192052
0,25151638593,192061
0,25153932987,192070
0,25156227383,192079
0,25158521786,192088
0,25160816181,192097
0,25163110574,192106
0,25165404966,192115
0,25167699371,192124
0,25169993768,192133
0,25172606974,192142
0,25177187061,192151
0,25179481455,192160
0,25181775856,192169
0,25184070253,192178
0,25186364647,192187
0,25188659048,192196
0,25190953442,192205
0,25193247836,192214
0,25195542240,192223
0,25197836633,192232
0,25200131029,192241
0,25202425422,192250
0,25204719825,192259
0,25207014216,192268
0,25209308612,192277
0,25211603013,192286
0,25213897412,192295
0,25216191803,192304
0,25218486197,192313
0,25220780600,192322
0,25223074996,192331
0,25225369385,192340
0,25227663788,192349
0,25229958186,192358
0,25232252581,192367
0,25234546980,192376
0,25236841374,192385
0,25240166273,192394
0,25242460666,192403
0,25244755064,192412
0,25247049464,192421
0,25249343854,192430
0,25251638254,192439
0,25253932649,192448
0,25256227047,192457
0,25258521449,192466
0,25260815843,192475
0,25263110238,192484
0,25265404629,192493
0,25267699031,192502
0,25269993427,192511
0,25272287822,192520
0,25274582225,192529
0,25276876621,192538
0,25279171012,192547
0,25281465404,192556
0,25283759808,192565
0,25286054205,192574
0,25288348593,192583
0,25290642997,192592
0,25292937395,192601
0,25295231789,192610
0,25297526188,192619
0,25299820583,192628
0,25302114982,192637
0,25304409373,192646
0,25306703774,192655
0,25308998170,192664
0,25311292565,192673
0,25313586967,192682
0,25315881360,192691
0,25318175755,192700
0,25320470150,192709
0,25322764552,192718
0,25325058946,192727
0,25327353337,192736
0,25329647741,192745
0,25331942137,192754
0,25334236530,192763
0,25337987459,192772
0,25340281854,192781
0,25342576252,192790
0,25344870649,192799
0,25347165047,192808
0,25349459438,192817
0,25351753835,192826
0,25354048238,192835
0,25356342628,192844
0,25358637031,192853
0,25360931425,192862
0,25363225822,192871
0,25365520225,192880
0,25367814619,192889
0,25370109015,192898
0,25372403405,192907
0,25374697809,192916
0,25376992207,192925
0,25379286600,192934
0,25381581004,192943
0,25383875399,192952
0,25386169794,192961
0,25388464183,192970
0,25390758587,192979
0,25393052985,192988
0,25395347374,192997
0,25397641777,193006
0,25400966183,193015
0,25403260578,193024
0,25405554978,193033
0,25407849373,193042
0,25410143772,193051
0,25412438164,193060
0,25414732564,193069
0,25417026961,193078
0,25419321357,193087
0,25421615756,193096
0,25423910151,193105
0,25426204547,193114
0,25428498950,193123
0,25430793342,193132
0,25433087737,193141
0,25435382130,193150
0,25437676534,193159
0,25439970928,193168
0,25442265322,193177
0,25444559726,193186
0,25446854120,193195
0,25449148517,193204
0,25451442907,193213
0,25453737311,193222
0,25456031710,193231
0,25458326102,193240
0,25460620499,193249
0,25462914897,193258
0,25465209293,193267
0,25467503693,193276
0,25469798088,193285
0,25472092487,193294
0,25474386877,193303
0,25476681276,193312
0,25478975674,193321
0,25481270071,193330
0,25483564473,193339
0,25485858866,193348
0,25488153263,193357
0,25490447654,193366
0,25492742056,193375
0,25495036453,193384
0,25498786605,193393
0,25501081002,193402
0,25503375389,193411
0,25505669791,193420
0,25507964190,193429
0,25510258586,193438
0,25512552986,193447
0,25514847381,193456
0,25517141780,193465
0,25519436170,193474
0,25521730569,193483
0,25524024969,193492
0,25526319365,193501
0,25528613763,193510
0,25530908159,193519
0,25533202554,193528
0,25535496956,193537
0,25537791348,193546
0,25540085746,193555
0,25542380138,193564
0,25544674542,193573
0,25546968935,193582
0,25549263331,193591
0,25551557734,193600
0,25553852129,193609
0,25556146525,193618
0,25558440916,193627
0,25561764843,193636
0,25564059240,193645
0,25566353628,193654
0,25568648034,193663
0,25570942432,193672
0,25573236825,193681
0,25575531227,193690
0,25577825622,193699
0,25580120020,193708
0,25582414409,193717
0,25584708811,193726
0,25587003209,193735
0,25589297605,193744
0,25591592003,193753
0,25593886401,193762
0,25596180795,193771
0,25598475191,193780
0,25600769589,193789
0,25603063989,193798
0,25605358380,193807
0,25607652785,193816
0,25609947177,193825
0,25612241574,193834
0,25614535979,193843
0,25616830375,193852
0,25619124768,193861
0,25621419160,193870
0,25623713564,193879
0,25626007959,193888
0,25628302353,193897
0,25630596754,193906
0,25632891153,193915
0,25635185544,193924
0,25637479937,193933
0,25639774341,193942
0,25642068740,193951
0,25644363130,193960
0,25646657531,193969
0,25648951930,193978
0,25651246326,193987
0,25653540727,193996
0,25655835120,194005
0,25658129519,194014
0,25660731718,194023
0,25663026112,194032
0,25665320506,194041
0,25667614906,194050
0,25669909303,194059
0,25672203695,194068
0,25674498100,194077
0,25676792495,194086
0,25679086894,194095
0,25681381280,194104
0,25683675683,194113
0,25685970081,194122
0,25688264476,194131
0,25690558877,194140
0,25692853274,194149
0,25695147672,194158
0,25697442061,194167
0,25699736461,194176
0,25702030861,194185
0,25704325256,194194
0,25706619654,194203
0,25708914052,194212
0,25711208447,194221
0,25713502850,194230
0,25715797241,194239
0,25718091641,194248
0,25720386032,194257
0,25723709477,194266
0,25726003871,194275
0,25728298266,194284
0,25730592666,194293
0,25732887063,194302
0,25735181456,194311
0,25737475853,194320
0,25739770257,194329
0,25742064652,194338
0,25744359042,194347
0,25746653445,194356
0,25748947844,194365
0,25751242237,194374
0,25753536641,194383
0,25755831037,194392
0,25758125434,194401
0,25760419822,194410
0,25762714227,194419
0,25765008622,194428
0,25767303021,194437
0,25769597417,194446
0,25771891817,194455
0,25774186210,194464
0,25776480605,194473
0,25778775007,194482
0,25781069405,194491
0,25783363798,194500
0,25785658200,194509
0,25787952593,194518
0,25790246990,194527
0,25792541394,194536
0,25794835787,194545
0,25797130183,194554
0,25799424576,194563
0,25801718980,194572
0,25804013370,194581
0,25806307769,194590
0,25808602171,194599
0,25810896570,194608
0,25813190961,194617
0,25815485355,194626
0,25817779758,194635
0,25820074157,194644
0,25822675597,194653
0,25824969996,194662
0,25827264393,194671
0,25829558796,194680
0,25831853187,194689
0,25834147585,194698
0,25836441979,194707
0,25838736382,194716
0,25841030777,194725
0,25843325173,194734
0,25845619572,194743
0,25847913967,194752
0,25850208362,194761
0,25852502767,194770
0,25854797163,194779
0,25857091558,194788
0,25859385948,194797
0,25861680352,194806
0,25863974750,194815
0,25866269143,194824
0,25868563546,194833
0,25870857943,194842
0,25873152341,194851
0,25875446730,194860
0,25877741131,194869
0,25880035532,194878
0,25882329926,194887
0,25885652885,194896
0,25887947281,194905
0,25890241679,194914
0,25892536076,194923
0,25894830472,194932
0,25897124873,194941
0,25899419263,194950
0,25901713663,194959
0,25904008059,194968
0,25906302455,194977
0,25908596857,194986
0,25910891252,194995
0,25913185647,195004
0,25915480044,195013
0,25917774446,195022
0,25920068842,195031
0,25922363233,195040
0,25924657638,195049
0,25926952036,195058
0,25929246429,195067
0,25931540834,195076
0,25933835229,195085
0,25936129624,195094
0,25938424013,195103
0,25940718418,195112
0,25943012814,195121
0,25945307209,195130
0,25947601609,195139
0,25949896008,195148
0,25952190402,195157
0,25954484794,195166
0,25956779199,195175
0,25959073598,195184
0,25961367990,195193
0,25963662390,195202
0,25965956786,195211
0,25968251184,195220
0,25970545589,195229
0,25972839981,195238
0,25975134380,195247
0,25977428773,195256
0,25979723174,195265
0,25982017569,195274
0,25984311966,195283
0,25986606367,195292
0,25988900761,195301
0,25991195157,195310
0,25993489551,195319
0,25995783955,195328
0,25998078351,195337
0,26000372743,195346
0,26002667146,195355
0,26004961545,195364
0,26007255937,195373
0,26009550340,195382
0,26011844735,195391
0,26014139133,195400
0,26016433522,195409
0,26018727927,195418
0,26021022325,195427
0,26023316720,195436
0,26025611117,195445
0,26027905517,195454
0,26030199913,195463
0,26032494307,195472
0,26034788709,195481
0,26037083107,195490
0,26039377499,195499
0,26041671900,195508
0,26043966296,195517
0,26046447874,195526
0,26048742279,195535
0,26051036674,195544
0,26053331069,195553
0,26055625469,195562
0,26057919869,195571
0,26060214261,195580
0,26062508666,195589
0,26064803063,195598
0,26067097461,195607
0,26069391847,195616
0,26071686253,195625
0,26073980651,195634
0,26076275046,195643
0,26078569448,195652
0,26080863843,195661
0,26083158242,195670
0,26085452629,195679
0,26087747035,195688
0,26090041433,195697
0,26092335829,195706
0,26094630227,195715
0,26096924624,195724
0,26099219020,195733
0,26101513425,195742
0,26103807817,195751
0,26106102215,195760
0,26108396609,195769
0,26110691013,195778
0,26112985404,195787
0,26115279801,195796
0,26117574206,195805
0,26119868600,195814
0,26122162996,195823
0,26124457389,195832
0,26126751793,195841
0,26129046189,195850
0,26131340579,195859
0,26133634984,195868
0,26135929382,195877
0,26138223774,195886
0,26140518178,195895
0,26142812573,195904
0,26145106972,195913
0,26147401360,195922
0,26149695765,195931
0,26151990163,195940
0,26154284560,195949
0,26156578960,195958
0,26158873354,195967
0,26161167755,195976
0,26163462147,195985
0,26165756548,195994
0,26168050946,196003
0,26170345340,196012
0,26172639741,196021
0,26174934137,196030
0,26177228535,196039
0,26179522939,196048
0,26181817332,196057
0,26184111730,196066
0,26186406122,196075
0,26188700524,196084
0,26190994920,196093
0,26193289317,196102
0,26195583721,196111
0,26197878116,196120
0,26200172507,196129
0,26202466901,196138
0,26204761307,196147
0,26207241681,196156
0,26209536082,196165
0,26211830478,196174
0,26214124877,196183
0,26216419266,196192
0,26218713668,196201
0,26221008064,196210
0,26223302464,196219
0,26225596861,196228
0,26227891259,196237
0,26230185655,196246
0,26232480050,196255
0,26234774451,196264
0,26237068850,196273
0,26239363243,196282
0,26241657647,196291
0,26243952041,196300
0,26246246435,196309
0,26248540841,196318
0,26250835237,196327
0,26253129631,196336
0,26255424024,196345
0,26257718429,196354
0,26260012825,196363
0,26262307217,196372
0,26264601619,196381
0,26266896018,196390
0,26269190411,196399
0,26271484806,196408
0,26273779210,196417
0,26276073609,196426
0,26278367996,196435
0,26280662402,196444
0,26282956800,196453
0,26285251198,196462
0,26287545597,196471
0,26289839992,196480
0,26292134390,196489
0,26294428783,196498
0,26296723184,196507
0,26299017584,196516
0,26301311980,196525
0,26303606379,196534
0,26305900774,196543
0,26308195171,196552
0,26310489567,196561
0,26312783969,196570
0,26315078366,196579
0,26317372759,196588
0,26319667163,196597
0,26321961556,196606
0,26324255953,196615
0,26326550359,196624
0,26328844755,196633
0,26331139151,196642
0,26333433543,196651
0,26335727946,196660
0,26338022346,196669
0,26340316738,196678
0,26342611139,196687
0,26344905540,196696
0,26347199932,196705
0,26349494324,196714
0,26351788729,196723
0,26354083129,196732
0,26356377517,196741
0,26358671923,196750
0,26360966320,196759
0,26363260718,196768
0,26365555117,196777
0,26367849515,196786
0,26370143913,196795
0,26372438308,196804
0,26374732707,196813
0,26377027106,196822
0,26379321501,196831
0,26381615901,196840
0,26383910298,196849
0,26386204694,196858
0,26388499091,196867
0,26390793493,196876
0,26393087889,196885
0,26395382281,196894
0,26397676687,196903
0,26399971080,196912
0,26402265477,196921
0,26404559881,196930
0,26406854277,196939
0,26409148670,196948
0,26411443064,196957
0,26413737469,196966
0,26416031868,196975
0,26418326260,196984
0,26420620661,196993
0,26422915060,197002
0,26425209453,197011
0,26427503847,197020
0,26429798251,197029
0,26432092652,197038
0,26434387040,197047
0,26436681444,197056
0,26438975841,197065
0,26441270239,197074
0,26443564639,197083
0,26445859035,197092
0,26448153435,197101
0,26450447827,197110
0,26452742226,197119
0,26455036626,197128
0,26457331023,197137
0,26459625423,197146
0,26461919819,197155
0,26464214214,197164
0,26466508619,197173
0,26468803010,197182
0,26471097409,197191
0,26473391802,197200
0,26475686207,197209
0,26477980602,197218
0,26480274997,197227
0,26482569401,197236
0,26484863797,197245
0,26487158193,197254
0,26489452586,197263
0,26491746991,197272
0,26494041390,197281
0,26496335780,197290
0,26498630183,197299
0,26500924581,197308
0,26503218977,197317
0,26505513379,197326
0,26507807776,197335
0,26510102174,197344
0,26512396562,197353
0,26514690967,197362
0,26516985364,197371
0,26519279763,197380
0,26521574162,197389
0,26523868559,197398
0,26526162956,197407
0,26528457350,197416
0,26530751750,197425
0,26533046150,197434
0,26535340544,197443
0,26537634948,197452
0,26539929343,197461
0,26542223739,197470
0,26544518145,197479
0,26546812537,197488
0,26549106936,197497
0,26551401329,197506
0,26553695733,197515
0,26555990127,197524
0,26558284524,197533
0,26560578930,197542
0,26562873327,197551
0,26565167720,197560
0,26567462114,197569
0,26569756518,197578
0,26572050918,197587
0,26574345308,197596
0,26576639712,197605
0,26578934111,197614
0,26581228506,197623
0,26583522908,197632
0,26585817303,197641
0,26588111703,197650
0,26590406093,197659
0,26592700496,197668
0,26594994894,197677
0,26597289291,197686
0,26599583689,197695
0,26601878087,197704
0,26604172484,197713
0,26606466880,197722
0,26608761280,197731
0,26611055680,197740
0,26613350071,197749
0,26615644476,197758
0,26617938871,197767
0,26620233268,197776
0,26622527674,197785
0,26624822067,197794
0,26627116464,197803
0,26629410856,197812
0,26631705261,197821
0,26633999657,197830
0,26636294053,197839
0,26638588456,197848
0,26640882856,197857
0,26643177245,197866
0,26645471642,197875
0,26647766047,197884
0,26650060446,197893
0,26652354836,197902
0,26654649241,197911
0,26656943639,197920
0,26659238033,197929
0,26661532436,197938
0,26663826833,197947
0,26666121232,197956
0,26668415620,197965
0,26670710024,197974
0,26673004420,197983
0,26675298821,197992
0,26677593218,198001
0,26679887618,198010
0,26682182015,198019
0,26684476410,198028
0,26686770812,198037
0,26689065210,198046
0,26691359604,198055
0,26693654007,198064
0,26695948402,198073
0,26698242800,198082
0,26700537204,198091
0,26702831596,198100
0,26705125996,198109
0,26707420389,198118
0,26709714794,198127
0,26712009186,198136
0,26714303585,198145
0,26716597985,198154
0,26718892384,198163
0,26721186777,198172
0,26723481173,198181
0,26725775579,198190
0,26728069978,198199
0,26730364367,198208
0,26732658770,198217
0,26734953170,198226
0,26737247562,198235
0,26739541968,198244
0,26741836364,198253
0,26744130763,198262
0,26746425150,198271
0,26748719555,198280
0,26751013956,198289
0,26753308352,198298
0,26755602748,198307
0,26757897149,198316
0,26760191545,198325
0,26762485940,198334
0,26764780343,198343
0,26767074742,198352
0,26769369135,198361
0,26771663538,198370
0,26773957935,198379
0,26776252332,198388
0,26778546738,198397
0,26780841128,198406
0,26783135529,198415
0,26785429922,198424
0,26787724326,198433
0,26790018721,198442
0,26792313118,198451
0,26794607520,198460
0,26796901919,198469
0,26799196312,198478
0,26801490708,198487
0,26803785114,198496
0,26806079510,198505
0,26808373901,198514
0,26810668306,198523
0,26812962705,198532
0,26815257097,198541
0,26817551503,198550
0,26819845897,198559
0,26822140298,198568
0,26824434687,198577
0,26826729091,198586
0,26829023492,198595
0,26831317887,198604
0,26833612283,198613
0,26835906684,198622
0,26838201082,198631
0,26840495473,198640
0,26842789879,198649
0,26845084278,198658
0,26847378670,198667
0,26849673070,198676
0,26851967469,198685
0,26854261866,198694
0,26856556272,198703
0,26858850663,198712
0,26861145062,198721
0,26863439454,198730
0,26865733860,198739
0,26868028256,198748
0,26870322652,198757
0,26872617054,198766
0,26874911449,198775
0,26877205844,198784
0,26879500241,198793
0,26881794647,198802
0,26884089042,198811
0,26886383436,198820
0,26888677840,198829
0,26890972239,198838
0,26893266631,198847
0,26895561036,198856
0,26897855433,198865
0,26900149833,198874
0,26902444221,198883
0,26904738626,198892
0,26907033025,198901
0,26909327417,198910
0,26911621820,198919
0,26913916219,198928
0,26916210616,198937
0,26918505007,198946
0,26920799412,198955
0,26923093812,198964
0,26925388205,198973
0,26927682605,198982
0,26929977005,198991
0,26932271401,199000
0,26934565805,199009
0,26936860197,199018
0,26939154598,199027
0,26941448992,199036
0,26943743394,199045
0,26946037793,199054
0,26948332189,199063
0,26950626591,199072
0,26952920985,199081
0,26955215383,199090
0,26957509788,199099
0,26959804187,199108
0,26962098581,199117
0,26964392973,199126
0,26966687378,199135
0,26968981775,199144
0,26971276170,199153
0,26973570577,199162
0,26975864973,199171
0,26978159369,199180
0,26980453761,199189
0,26982748167,199198
0,26985042569,199207
0,26987336960,199216
0,26989631362,199225
0,26991925760,199234
0,26994220155,199243
0,26996514558,199252
0,26998808955,199261
0,27001103355,199270
0,27003397745,199279
0,27005692149,199288
0,27007986546,199297
0,27010280944,199306
0,27012575345,199315
0,27014869742,199324
0,27017164143,199333
0,27019458536,199342
0,27021752936,199351
0,27024047335,199360
0,27026341731,199369
0,27028636134,199378
0,27030930528,199387
0,27033224926,199396
0,27035519331,199405
0,27037813723,199414
0,27040108123,199423
0,27042402517,199432
0,27044696923,199441
0,27046991316,199450
0,27049285714,199459
0,27051580118,199468
0,27053874516,199477
0,27056168909,199486
0,27058463304,199495
0,27060757711,199504
0,27063052106,199513
0,27065346499,199522
0,27067640903,199531
0,27069935303,199540
0,27072229696,199549
0,27074524101,199558
0,27076818498,199567
0,27079112899,199576
0,27081407284,199585
0,27083701690,199594
0,27085996090,199603
0,27088290486,199612
0,27090584887,199621
0,27092879285,199630
0,27095173682,199639
0,27097468072,199648
0,27099762478,199657
0,27102056878,199666
0,27104351272,199675
0,27106645671,199684
0,27108940070,199693
0,27111234467,199702
0,27113528873,199711
0,27115823265,199720
0,27118117665,199729
0,27120412058,199738
0,27122706464,199747
0,27125000855,199756
0,27127295255,199765
0,27129589659,199774
0,27131884053,199783
0,27134178451,199792
0,27136472847,199801
0,27138767253,199810
0,27141061647,199819
0,27143356040,199828
0,27145650446,199837
0,27147944845,199846
0,27150239238,199855
0,27152533642,199864
0,27154828038,199873
0,27157122436,199882
0,27159416829,199891
0,27161711233,199900
0,27164005631,199909
0,27166300026,199918
0,27168594427,199927
0,27170888827,199936
0,27173183226,199945
0,27175477618,199954
0,27177772024,199963
0,27180066424,199972
0,27182360814,199981
0,27184655216,199990
0,27186949616,199999
0,27189244014,200008
0,27191538414,200017
0,27193832811,200026
0,27196127211,200035
0,27198421602,200044
0,27200716003,200053
0,27203010405,200062
0,27205304801,200071
0,27207599203,200080
0,27209893599,200089
0,27212187995,200098
0,27214482392,200107
0,27216776794,200116
0,27219071193,200125
0,27221365587,200134
0,27223659992,200143
0,27225954386,200152
0,27228248782,200161
0,27230543188,200170
0,27232837586,200179
0,27235131981,200188
0,27237426376,200197
0,27239720780,200206
0,27242015177,200215
0,27244309572,200224
0,27246603975,200233
0,27248898374,200242
0,27251192767,200251
0,27253487164,200260
0,27255781570,200269
0,27258075970,200278
0,27260370358,200287
0,27262664765,200296
0,27264959163,200305
0,27267253561,200314
0,27269547962,200323
0,27271842358,200332
0,27274136759,200341
0,27276431149,200350
0,27278725554,200359
0,27281019954,200368
0,27283314350,200377
0,27285608747,200386
0,27287903149,200395
0,27290197547,200404
0,27292491943,200413
0,27294786345,200422
0,27297080745,200431
0,27299375136,200440
0,27301669537,200449
0,27303963936,200458
0,27306258334,200467
0,27308552740,200476
0,27310847133,200485
0,27313141532,200494
0,27315435925,200503
0,27317730331,200512
0,27320024727,200521
0,27322319124,200530
0,27324613525,200539
0,27326907923,200548
0,27329202316,200557
0,27331496713,200566
0,27333791121,200575
0,27336085515,200584
0,27338379909,200593
0,27340674314,200602
0,27342968713,200611
0,27345263106,200620
0,27347557511,200629
0,27349851909,200638
0,27352146308,200647
0,27354440699,200656
0,27356735104,200665
0,27359029504,200674
0,27361323897,200683
0,27363618299,200692
0,27365912699,200701
0,27368207096,200710
0,27370501488,200719
0,27372795892,200728
0,27375090295,200737
0,27377384689,200746
0,27379679089,200755
0,27381973488,200764
0,27384267888,200773
0,27386562288,200782
0,27388856684,200791
0,27391151085,200800
0,27393445479,200809
0,27395739881,200818
0,27398034281,200827
0,27400328677,200836
0,27402623077,200845
0,27404917475,200854
0,27407211871,200863
0,27409506270,200872
0,27411800670,200881
0,27414095070,200890
0,27416389462,200899
0,27418683868,200908
0,27420978264,200917
0,27423272662,200926
0,27425567067,200935
0,27427861465,200944
0,27430155860,200953
0,27432450253,200962
0,27434744659,200971
0,27437039057,200980
0,27439333452,200989
0,27441627855,200998
0,27443922255,201007
0,27446216646,201016
0,27448511044,201025
0,27450805450,201034
0,27453099850,201043
0,27455394239,201052
0,27457688645,201061
0,27459983043,201070
0,27462277440,201079
0,27464571843,201088
0,27466866240,201097
0,27469160639,201106
0,27471455029,201115
0,27473749433,201124
0,27476043835,201133
0,27478338232,201142
0,27480632628,201151
0,27482927028,201160
0,27485221427,201169
0,27487515831,201178
0,27489810225,201187
0,27492104626,201196
0,27494399019,201205
0,27496693420,201214
0,27498987819,201223
0,27501282218,201232
0,27503576622,201241
0,27505871015,201250
0,27508165415,201259
0,27510459809,201268
0,27512754217,201277
0,27515048611,201286
0,27517343006,201295
0,27519637410,201304
0,27521931806,201313
0,27524226203,201322
0,27526520610,201331
0,27528815006,201340
0,27531109401,201349
0,27533403794,201358
0,27535698200,201367
0,27537992600,201376
0,27540286994,201385
0,27542581399,201394
0,27544875796,201403
0,27547170191,201412
0,27549464584,201421
0,27551758993,201430
0,27554053392,201439
0,27556347781,201448
0,27558642186,201457
0,27560936587,201466
0,27563230984,201475
0,27565525387,201484
0,27567819784,201493
0,27570114184,201502
0,27572408572,201511
0,27574702979,201520
0,27576997376,201529
0,27579291778,201538
0,27581586174,201547
0,27583880575,201556
0,27586174972,201565
0,27588469369,201574
0,27590763769,201583
0,27593058172,201592
0,27595352566,201601
0,27597646968,201610
0,27599941365,201619
0,27602235764,201628
0,27604530168,201637
0,27606824561,201646
0,27609118962,201655
0,27611413356,201664
0,27613707762,201673
0,27616002155,201682
0,27618296553,201691
0,27620590956,201700
0,27622885353,201709
0,27625179750,201718
0,27627474147,201727
0,27629768553,201736
0,27632062948,201745
0,27634357341,201754
0,27636651748,201763
0,27638946147,201772
0,27641240540,201781
0,27643534946,201790
0,27645829343,201799
0,27648123740,201808
0,27650418132,201817
0,27652712539,201826
0,27655006936,201835
0,27657301332,201844
0,27659595734,201853
0,27661890133,201862
0,27664184529,201871
0,27666478923,201880
0,27668773329,201889
0,27671067730,201898
0,27673362118,201907
0,27675656524,201916
0,27677950923,201925
0,27680245323,201934
0,27682539723,201943
0,27684834122,201952
0,27687128521,201961
0,27689422915,201970
0,27691717314,201979
0,27694011716,201988
0,27696306114,201997
0,27698600513,202006
0,27700894912,202015
0,27703189309,202024
0,27705483705,202033
0,27707778107,202042
0,27710072509,202051
0,27712366902,202060
0,27714661306,202069
0,27716955702,202078
0,27719250099,202087
0,27721544505,202096
0,27723838900,202105
0,27726133299,202114
0,27728427695,202123
0,27730722100,202132
0,27733016496,202141
0,27735310892,202150
0,27737605296,202159
0,27739899696,202168
0,27742194088,202177
0,27744488485,202186
0,27746782891,202195
0,27749077286,202204
0,27751371681,202213
0,27753666088,202222
0,27755960487,202231
0,27758254881,202240
0,27760549287,202249
0,27762843685,202258
0,27765138085,202267
0,27767432475,202276
0,27769726881,202285
0,27772021282,202294
0,27774315676,202303
0,27776610076,202312
0,27778904477,202321
0,27781198875,202330
0,27783493267,202339
0,27785787674,202348
0,27788082074,202357
0,27790376466,202366
0,27792670868,202375
0,27794965268,202384
0,27797259667,202393
0,27799554068,202402
0,27801848465,202411
0,27804142866,202420
0,27806437259,202429
0,27808731661,202438
0,27811026062,202447
0,27813320458,202456
0,27815614859,202465
0,27817909257,202474
0,27820203653,202483
0,27822498051,202492
0,27824792453,202501
0,27827086854,202510
0,27829381249,202519
0,27831675655,202528
0,27833970049,202537
0,27836264447,202546
0,27838558853,202555
0,27840853249,202564
0,27843147647,202573
0,27845442041,202582
0,27847736447,202591
0,27850030842,202600
0,27852325240,202609
0,27854619643,202618
0,27856914043,202627
0,27859208435,202636
0,27861502832,202645
0,27863797238,202654
0,27866091636,202663
0,27868386030,202672
0,27870680436,202681
0,27872974836,202690
0,27875269230,202699
0,27877563636,202708
0,27879858033,202717
0,27882152434,202726
0,27884446823,202735
0,27886741229,202744
0,27889035631,202753
0,27891330023,202762
0,27893624424,202771
0,27895918826,202780
0,27898213224,202789
0,27900507617,202798
0,27902802024,202807
0,27905096424,202816
0,27907390816,202825
0,27909685218,202834
0,27911979619,202843
0,27914274017,202852
0,27916568419,202861
0,27918862817,202870
0,27921157216,202879
0,27923451610,202888
0,27925746012,202897
0,27928040412,202906
0,27930334810,202915
0,27932629210,202924
0,27934923608,202933
0,27937218004,202942
0,27939512402,202951
0,27941806804,202960
0,27944101205,202969
0,27946395599,202978
0,27948690005,202987
0,27950984398,202996
0,27953278798,203005
0,27955573205,203014
0,27957867600,203023
0,27960161998,203032
0,27962456392,203041
0,27964750797,203050
0,27967045195,203059
0,27969339593,203068
0,27971633996,203077
0,27973928397,203086
0,27976222791,203095
0,27978517188,203104
0,27980811593,203113
0,27983105992,203122
0,27985400384,203131
0,27987694791,203140
0,27989989191,203149
0,27992283585,203158
0,27994577988,203167
0,27996872388,203176
0,27999166787,203185
0,28001461178,203194
0,28003755586,203203
0,28006049985,203212
0,28008344376,203221
0,28010638780,203230
0,28012933181,203239
0,28015227579,203248
0,28017521980,203257
0,28019816378,203266
0,28022110778,203275
0,28024405170,203284
0,28026699574,203293
0,28028993971,203302
0,28031288372,203311
0,28033582771,203320
0,28035877170,203329
0,28038171570,203338
0,28040465966,203347
0,28042760369,203356
0,28045054769,203365
0,28047349165,203374
0,28049643565,203383
0,28051937962,203392
0,28054232362,203401
0,28056526768,203410
0,28058821161,203419
0,28061115562,203428
0,28063409955,203437
0,28065704361,203446
0,28067998754,203455
0,28070293156,203464
0,28072587559,203473
0,28074881955,203482
0,28077176353,203491
0,28079470749,203500
0,28081765156,203509
0,28084059553,203518
0,28086353947,203527
0,28088648353,203536
0,28090942752,203545
0,28093237147,203554
0,28095531551,203563
0,28097825950,203572
0,28100120346,203581
0,28102414740,203590
0,28104709147,203599
0,28107003544,203608
0,28109297939,203617
0,28111592343,203626
0,28113886743,203635
0,28116181139,203644
0,28118475534,203653
0,28120769940,203662
0,28123064340,203671
0,28125358730,203680
0,28127653137,203689
0,28129947537,203698
0,28132241935,203707
0,28134536336,203716
0,28136830734,203725
0,28139125134,203734
0,28141419525,203743
0,28143713930,203752
0,28146008331,203761
0,28148302729,203770
0,28150597127,203779
0,28152891527,203788
0,28155185927,203797
0,28157480322,203806
0,28159774727,203815
0,28162069128,203824
0,28164363522,203833
0,28166657923,203842
0,28168952323,203851
0,28171246723,203860
0,28173541129,203869
0,28175835522,203878
0,28178129924,203887
0,28180424317,203896
0,28182718721,203905
0,28185013122,203914
0,28187307518,203923
0,28189601921,203932
0,28191896318,203941
0,28194190713,203950
0,28196485112,203959
0,28198779519,203968
0,28201073916,203977
0,28203368311,203986
0,28205662718,203995
0,28207957114,204004
0,28210251511,204013
0,28212545919,204022
0,28214840317,204031
0,28217134713,204040
0,28219429108,204049
0,28221723513,204058
0,28224017912,204067
0,28226312308,204076
0,28228606712,204085
0,28230901113,204094
0,28233195505,204103
0,28235489903,204112
0,28237784309,204121
0,28240078710,204130
0,28242373101,204139
0,28244667506,204148
0,28246961907,204157
0,28249256301,204166
0,28251550707,204175
0,28253845104,204184
0,28256139505,204193
0,28258433894,204202
0,28260728301,204211
0,28263022702,204220
0,28265317099,204229
0,28267611497,204238
0,28269905900,204247
0,28272200297,204256
0,28274494691,204265
0,28276789098,204274
0,28279083498,204283
0,28281377892,204292
0,28283672293,204301
0,28285966695,204310
0,28288261093,204319
0,28290555497,204328
0,28292849892,204337
0,28295144293,204346
0,28297438688,204355
0,28299733089,204364
0,28302027491,204373
0,28304321888,204382
0,28306616289,204391
0,28308910687,204400
0,28311205084,204409
0,28313499483,204418
0,28315793885,204427
0,28318088286,204436
0,28320382682,204445
0,28322677087,204454
0,28324971482,204463
0,28327265881,204472
0,28329560289,204481
0,28331854682,204490
0,28334149082,204499
0,28336443476,204508
0,28338737881,204517
0,28341032279,204526
0,28343326676,204535
0,28345621081,204544
0,28347915480,204553
0,28350209875,204562
0,28352504270,204571
0,28354798679,204580
0,28357093075,204589
0,28359387469,204598
0,28361681875,204607
0,28363976275,204616
0,28366270669,204625
0,28368565076,204634
0,28370859476,204643
0,28373153872,204652
0,28375448266,204661
0,28377742673,204670
0,28380037075,204679
0,28382331466,204688
0,28384625870,204697
0,28386920271,204706
0,28389214669,204715
0,28391509063,204724
0,28393803469,204733
0,28396097870,204742
0,28398392259,204751
0,28400686667,204760
0,28402981066,204769
0,28405275465,204778
0,28407569867,204787
0,28409864263,204796
0,28412158666,204805
0,28414453057,204814
0,28416747462,204823
0,28419041863,204832
0,28421336262,204841
0,28423630657,204850
0,28425925060,204859
0,28428219459,204868
0,28430513855,204877
0,28432808258,204886
0,28435102660,204895
0,28437397054,204904
0,28439691454,204913
0,28441985856,204922
0,28444280254,204931
0,28446574662,204940
0,28448869055,204949
0,28451163456,204958
0,28453457849,204967
0,28455752253,204976
0,28458046653,204985
0,28460341052,204994
0,28462635455,205003
0,28464929853,205012
0,28467224249,205021
0,28469518648,205030
0,28471813052,205039
0,28474107451,205048
0,28476401845,205057
0,28478696253,205066
0,28480990648,205075
0,28483285047,205084
0,28485579453,205093
0,28487873852,205102
0,28490168247,205111
0,28492462642,205120
0,28494757051,205129
0,28497051445,205138
0,28499345843,205147
0,28501640247,205156
0,28503934647,205165
0,28506229041,205174
0,28508523448,205183
0,28510817845,205192
0,28513112247,205201
0,28515406637,205210
0,28517701045,205219
0,28519995442,205228
0,28522289839,205237
0,28524584240,205246
0,28526878644,205255
0,28529173041,205264
0,28531467435,205273
0,28533761843,205282
0,28536056243,205291
0,28538350632,205300
0,28540645039,205309
0,28542939439,205318
0,28545233839,205327
0,28547528239,205336
0,28549822638,205345
0,28552117038,205354
0,28554411430,205363
0,28556705836,205372
0,28559000234,205381
0,28561294634,205390
0,28563589035,205399
0,28565883435,205408
0,28568177833,205417
0,28570472230,205426
0,28572766634,205435
0,28575061034,205444
0,28577355431,205453
0,28579649833,205462
0,28581944231,205471
0,28584238633,205480
0,28586533038,205489
0,28588827433,205498
0,28591121833,205507
0,28593416228,205516
0,28595710628,205525
0,28598005032,205534
0,28600299429,205543
0,28602593833,205552
0,28604888228,205561
0,28607182627,205570
0,28609477022,205579
0,28611771428,205588
0,28614065828,205597
0,28616360223,205606
0,28618654628,205615
0,28620949025,205624
0,28623243423,205633
0,28625537830,205642
0,28627832228,205651
0,28630126625,205660
0,28632421020,205669
0,28634715426,205678
0,28637009825,205687
0,28639304220,205696
0,28641598625,205705
0,28643893025,205714
0,28646187420,205723
0,28648481817,205732
0,28650776225,205741
0,28653070619,205750
0,28655365015,205759
0,28657659423,205768
0,28659953823,205777
0,28662248218,205786
0,28664542623,205795
0,28666837021,205804
0,28669131421,205813
0,28671425813,205822
0,28673720219,205831
0,28676014622,205840
0,28678309015,205849
0,28680603417,205858
0,28682897819,205867
0,28685192218,205876
0,28687486612,205885
0,28689781018,205894
0,28692075421,205903
0,28694369809,205912
0,28696664216,205921
0,28698958616,205930
0,28701253016,205939
0,28703547419,205948
0,28705841817,205957
0,28708136220,205966
0,28710430609,205975
0,28712725015,205984
0,28715019416,205993
0,28717313815,206002
0,28719608214,206011
0,28721902616,206020
0,28724197013,206029
0,28726491409,206038
0,28728785815,206047
0,28731080216,206056
0,28733374611,206065
0,28735669011,206074
0,28737963411,206083
0,28740257812,206092
0,28742552218,206101
0,28744846613,206110
0,28747141013,206119
0,28749435408,206128
0,28751729810,206137
0,28754024212,206146
0,28756318610,206155
0,28758613013,206164
0,28760907412,206173
0,28763201810,206182
0,28765496209,206191
0,28767790610,206200
0,28770085012,206209
0,28772379407,206218
0,28774673814,206227
0,28776968210,206236
0,28779262609,206245
0,28781557016,206254
0,28783851411,206263
0,28786145811,206272
0,28788440207,206281
0,28790734614,206290
0,28793029012,206299
0,28795323407,206308
0,28797617812,206317
0,28799912212,206326
0,28802206608,206335
0,28804501006,206344
0,28806795412,206353
0,28809089809,206362
0,28811384204,206371
0,28813678611,206380
0,28815973012,206389
0,28818267405,206398
0,28820561813,206407
0,28822856211,206416
0,28825150608,206425
0,28827445004,206434
0,28829739410,206443
0,28832033813,206452
0,28834328205,206461
0,28836622608,206470
0,28838917009,206479
0,28841211405,206488
0,28843505802,206497
0,28845800210,206506
0,28848094611,206515
0,28850389002,206524
0,28852683406,206533
0,28854977808,206542
0,28857272205,206551
0,28859566610,206560
0,28861861009,206569
0,28864155409,206578
0,28866449798,206587
0,28868744206,206596
0,28871038609,206605
0,28873333006,206614
0,28875627404,206623
0,28877921807,206632
0,28880216204,206641
0,28882510597,206650
0,28884805006,206659
0,28887099407,206668
0,28889393801,206677
0,28891688204,206686
0,28893982603,206695
0,28896277004,206704
0,28898571407,206713
0,28900865804,206722
0,28903160206,206731
0,28905454599,206740
0,28907749002,206749
0,28910043404,206758
0,28912337803,206767
0,28914632203,206776
0,28916926605,206785
0,28919221003,206794
0,28921515402,206803
0,28923809802,206812
0,28926104206,206821
0,28928398601,206830
0,28930693005,206839
0,28932987404,206848
0,28935281803,206857
0,28937576208,206866
0,28939870605,206875
0,28942165005,206884
0,28944459401,206893
0,28946753806,206902
0,28949048205,206911
0,28951342602,206920
0,28953637006,206929
0,28955931405,206938
0,28958225803,206947
0,28960520200,206956
0,28962814606,206965
0,28965109005,206974
0,28967403399,206983
0,28969697807,206992
0,28971992201,207001
0,28974286602,207010
0,28976581006,207019
0,28978875409,207028
0,28981169805,207037
0,28983464202,207046
0,28985758611,207055
0,28988053006,207064
0,28990347404,207073
0,28992641807,207082
0,28994936208,207091
0,28997230604,207100
0,28999525002,207109
0,29001819409,207118
0,29004113808,207127
0,29006408201,207136
0,29008702606,207145
0,29010997007,207154
0,29013291403,207163
0,29015585807,207172
0,29017880208,207181
0,29020174604,207190
0,29022468999,207199
0,29024763409,207208
0,29027057810,207217
0,29029352202,207226
0,29031646607,207235
0,29033941007,207244
0,29036235404,207253
0,29038529808,207262
0,29040824207,207271
0,29043118610,207280
0,29045412999,207289
0,29047707405,207298
0,29050001805,207307
0,29052296205,207316
0,29054590605,207325
0,29056885008,207334
0,29059179406,207343
0,29061473798,207352
0,29063768207,207361
0,29066062608,207370
0,29068357004,207379
0,29070651405,207388
0,29072945806,207397
0,29075240206,207406
0,29077534609,207415
0,29079829006,207424
0,29082123408,207433
0,29084417803,207442
0,29086712207,207451
0,29089006609,207460
0,29091301006,207469
0,29093595406,207478
0,29095889807,207487
0,29098184206,207496
0,29100478604,207505
0,29102773008,207514
0,29105067409,207523
0,29107361803,207532
0,29109656207,207541
0,29111950607,207550
0,29114245007,207559
0,29116539414,207568
0,29118833808,207577
0,29121128209,207586
0,29123422605,207595
0,29125717009,207604
0,29128011409,207613
0,29130305808,207622
0,29132600212,207631
0,29134894608,207640
0,29137189008,207649
0,29139483406,207658
0,29141777810,207667
0,29144072211,207676
0,29146366606,207685
0,29148661012,207694
0,29150955409,207703
0,29153249809,207712
0,29155544216,207721
0,29157838613,207730
0,29160133013,207739
0,29162427407,207748
0,29164721814,207757
0,29167016214,207766
0,29169310613,207775
0,29171605017,207784
0,29173899416,207793
0,29176193812,207802
0,29178488209,207811
0,29180782619,207820
0,29183077017,207829
0,29185371412,207838
0,29187665819,207847
0,29189960217,207856
0,29192254614,207865
0,29194549021,207874
0,29196843420,207883
0,29199137818,207892
0,29201432212,207901
0,29203726620,207910
0,29206021022,207919
0,29208315415,207928
0,29210609821,207937
0,29212904223,207946
0,29215198616,207955
0,29217493015,207964
0,29219787422,207973
0,29222081823,207982
0,29224376215,207991
0,29226670621,208000
0,29228965022,208009
0,29231259419,208018
0,29233553825,208027
0,29235848222,208036
0,29238142625,208045
0,29240437015,208054
0,29242731424,208063
0,29245025826,208072
0,29247320219,208081
0,29249614622,208090
0,29251909024,208099
0,29254203424,208108
0,29256497817,208117
0,29258792225,208126
0,29261086626,208135
0,29263381017,208144
0,29265675423,208153
0,29267969825,208162
0,29270264225,208171
0,29272558627,208180
0,29274853026,208189
0,29277147428,208198
0,29279441819,208207
0,29281736225,208216
0,29284030628,208225
0,29286325025,208234
0,29288619425,208243
0,29290913826,208252
0,29293208226,208261
0,29295502621,208270
0,29297797027,208279
0,29300091429,208288
0,29302385824,208297
0,29304680227,208306
0,29306974627,208315
0,29309269027,208324
0,29311563433,208333
0,29313857828,208342
0,29316152231,208351
0,29318446626,208360
0,29320741027,208369
0,29323035431,208378
0,29325329829,208387
0,29327624231,208396
0,29329918631,208405
0,29332213030,208414
0,29334507426,208423
0,29336801832,208432
0,29339096232,208441
0,29341390629,208450
0,29343685032,208459
0,29345979431,208468
0,29348273830,208477
0,29350568237,208486
0,29352862633,208495
0,29355157035,208504
0,29357451429,208513
0,29359745834,208522
0,29362040233,208531
0,29364334632,208540
0,29366629037,208549
0,29368923436,208558
0,29371217834,208567
0,29373512232,208576
0,29375806639,208585
0,29378101037,208594
0,29380395433,208603
0,29382689841,208612
0,29384984238,208621
0,29387278637,208630
0,29389573043,208639
0,29391867440,208648
0,29394161841,208657
0,29396456237,208666
0,29398750643,208675
0,29401045043,208684
0,29403339440,208693
0,29405633844,208702
0,29407928246,208711
0,29410222642,208720
0,29412517040,208729
0,29414811448,208738
0,29417105847,208747
0,29419400240,208756
0,29421694649,208765
0,29423989045,208774
0,29426283444,208783
0,29428577852,208792
0,29430872251,208801
0,29433166647,208810
0,29435461043,208819
0,29437755454,208828
0,29440049852,208837
0,29442344247,208846
0,29444638653,208855
0,29446933053,208864
0,29449227449,208873
0,29451521848,208882
0,29453816255,208891
0,29456110656,208900
0,29458405047,208909
0,29460699454,208918
0,29462993854,208927
0,29465288252,208936
0,29467582656,208945
0,29469877057,208954
0,29472171459,208963
0,29474465849,208972
0,29476760260,208981
0,29479054661,208990
0,29481349052,208999
0,29483643458,209008
0,29485937861,209017
0,29488232259,209026
0,29490526652,209035
0,29492821061,209044
0,29495115463,209053
0,29497409853,209062
0,29499704262,209071
0,29501998660,209080
0,29504293061,209089
0,29506587461,209098
0,29508881864,209107
0,29511176263,209116
0,29513470658,209125
0,29515765067,209134
0,29518059465,209143
0,29520353863,209152
0,29522648265,209161
0,29524942666,209170
0,29527237066,209179
0,29529531461,209188
0,29531825866,209197
0,29534120270,209206
0,29536414664,209215
0,29538709068,209224
0,29541003471,209233
0,29543297868,209242
0,29545592268,209251
0,29547886670,209260
0,29550181071,209269
0,29552475466,209278
0,29554769872,209287
0,29557064273,209296
0,29559358669,209305
0,29561653072,209314
0,29563947473,209323
0,29566241873,209332
0,29568536279,209341
0,29570830675,209350
0,29573125077,209359
0,29575419473,209368
0,29577713877,209377
0,29580008279,209386
0,29582302678,209395
0,29584597079,209404
0,29586891479,209413
0,29589185878,209422
0,29591480278,209431
0,29593774681,209440
0,29596069083,209449
0,29598363477,209458
0,29600657882,209467
0,29602952281,209476
0,29605246683,209485
0,29607541090,209494
0,29609835486,209503
0,29612129887,209512
0,29614424282,209521
0,29616718686,209530
0,29619013088,209539
0,29621307487,209548
0,29623601893,209557
0,29625896290,209566
0,29628190688,209575
0,29630485085,209584
0,29632779491,209593
0,29635073893,209602
0,29637368289,209611
0,29639662697,209620
0,29641957093,209629
0,29644251492,209638
0,29646545899,209647
0,29648840296,209656
0,29651134697,209665
0,29653429092,209674
0,29655723501,209683
0,29658017900,209692
0,29660312298,209701
0,29662606703,209710
0,29664901101,209719
0,29667195499,209728
0,29669489898,209737
0,29671784306,209746
0,29674078703,209755
0,29676373099,209764
0,29678667507,209773
0,29680961903,209782
0,29683256304,209791
0,29685550711,209800
0,29687845110,209809
0,29690139508,209818
0,29692433904,209827
0,29694728311,209836
0,29697022711,209845
0,29699317108,209854
0,29701611512,209863
0,29703905915,209872
0,29706200310,209881
0,29708494708,209890
0,29710789118,209899
0,29713083515,209908
0,29715377910,209917
0,29717672317,209926
0,29719966719,209935
0,29722261114,209944
0,29724555523,209953
0,29726849922,209962
0,29729144320,209971
0,29731438714,209980
0,29733733123,209989
0,29736027524,209998
0,29738321919,210007
0,29740616323,210016
0,29742910725,210025
0,29745205122,210034
0,29747499521,210043
0,29749793930,210052
0,29752088333,210061
0,29754382722,210070
0,29756677129,210079
0,29758971530,210088
0,29761265928,210097
0,29763560334,210106
0,29765854734,210115
0,29768149136,210124
0,29770443527,210133
0,29772737935,210142
0,29775032340,210151
0,29777326733,210160
0,29779621137,210169
0,29781915538,210178
0,29784209937,210187
0,29786504332,210196
0,29788798742,210205
0,29791093144,210214
0,29793387536,210223
0,29795681943,210232
0,29797976344,210241
0,29800270741,210250
0,29802565146,210259
0,29804859546,210268
0,29807153948,210277
0,29809448340,210286
0,29811742746,210295
0,29814037150,210304
0,29816331546,210313
0,29818625949,210322
0,29820920351,210331
0,29823214752,210340
0,29825509145,210349
0,29827803553,210358
0,29830097955,210367
0,29832392348,210376
0,29834686753,210385
0,29836981155,210394
0,29839275555,210403
0,29841569956,210412
0,29843864358,210421
0,29846158759,210430
0,29848453153,210439
0,29850747559,210448
0,29853041963,210457
0,29855336360,210466
0,29857630761,210475
0,29859925162,210484
0,29862219562,210493
0,29864513957,210502
0,29866808364,210511
0,29869102766,210520
0,29871397162,210529
0,29873691567,210538
0,29875985965,210547
0,29878280369,210556
0,29880574772,210565
0,29882869170,210574
0,29885163572,210583
0,29887457969,210592
0,29889752371,210601
0,29892046776,210610
0,29894341174,210619
0,29896635574,210628
0,29898929976,210637
0,29901224376,210646
0,29903518774,210655
0,29905813178,210664
0,29908107581,210673
0,29910401975,210682
0,29912696380,210691
0,29914990779,210700
0,29917285182,210709
0,29919579585,210718
0,29921873984,210727
0,29924168385,210736
0,29926462782,210745
0,29928757190,210754
0,29931051589,210763
0,29933345987,210772
0,29935640390,210781
0,29937934790,210790
0,29940229189,210799
0,29942523588,210808
0,29944817992,210817
0,29947112393,210826
0,29949406789,210835
0,29951701193,210844
0,29953995591,210853
0,29956289994,210862
0,29958584398,210871
0,29960878798,210880
0,29963173197,210889
0,29965467596,210898
0,29967762001,210907
0,29970056402,210916
0,29972350800,210925
0,29974645205,210934
0,29976939606,210943
0,29979234004,210952
0,29981528402,210961
0,29983822807,210970
0,29986117210,210979
0,29988411605,210988
0,29990706013,210997
0,29993000409,211006
0,29995294810,211015
0,29997589216,211024
0,29999883614,211033
0,30002178013,211042
0,30004472412,211051
0,30006766822,211060
0,30009061217,211069
0,30011355615,211078
0,30013650021,211087
0,30015944417,211096
0,30018238818,211105
0,30020533216,211114
0,30022827622,211123
0,30025122024,211132
0,30027416420,211141
0,30029710828,211150
0,30032005227,211159
0,30034299625,211168
0,30036594029,211177
0,30038888429,211186
0,30041182828,211195
0,30043477226,211204
0,30045771635,211213
0,30048066033,211222
0,30050360429,211231
0,30052654836,211240
0,30054949234,211249
0,30057243635,211258
0,30059538043,211267
0,30061832443,211276
0,30064126841,211285
0,30066421236,211294
0,30068715645,211303
0,30071010045,211312
0,30073304442,211321
0,30075598847,211330
0,30077893247,211339
0,30080187644,211348
0,30082482043,211357
0,30084776452,211366
0,30087070851,211375
0,30089365245,211384
0,30091659653,211393
0,30093954053,211402
0,30096248451,211411
0,30098542859,211420
0,30100837258,211429
0,30103131657,211438
0,30105426054,211447
0,30107720460,211456
0,30110014864,211465
0,30112309259,211474
0,30114603664,211483
0,30116898068,211492
0,30119192462,211501
0,30121486860,211510
0,30123781270,211519
0,30126075670,211528
0,30128370063,211537
0,30130664471,211546
0,30132958874,211555
0,30135253269,211564
0,30137547677,211573
0,30139842077,211582
0,30142136476,211591
0,30144430872,211600
0,30146725281,211609
0,30149019682,211617
0,30151314078,211625
0,30153608484,211633
0,30155902886,211641
0,30158197282,211649
0,30160491679,211657
0,30162786087,211665
0,30165080489,211673
0,30167374882,211681
0,30169669290,211689
0,30171963693,211697
0,30174258089,211705
0,30176552495,211713
0,30178846896,211721
0,30181141297,211729
0,30183435690,211737
0,30185730098,211745
0,30188024502,211753
0,30190318895,211761
0,30192613300,211769
0,30194907704,211777
0,30197202100,211785
0,30199496497,211793
0,30201790906,211801
0,30204085308,211809
0,30206379699,211817
0,30208674108,211825
0,30210968510,211833
0,30213262908,211841
0,30215557315,211849
0,30217851714,211857
0,30220146117,211865
0,30222440508,211873
0,30224734916,211881
0,30227029320,211889
0,30229323715,211897
0,30231618118,211905
0,30233912521,211913
0,30236206918,211921
0,30238501315,211929
0,30240795724,211937
0,30243090127,211945
0,30245384519,211953
0,30247678925,211961
0,30249973327,211969
0,30252267725,211977
0,30254562130,211985
0,30256856531,211993
0,30259150935,212001
0,30261445324,212009
0,30263739734,212017
0,30266034138,212025
0,30268328533,212033
0,30270622937,212041
0,30272917340,212049
0,30275211737,212057
0,30277506133,212065
0,30279800542,212073
0,30282094944,212081
0,30284389337,212089
0,30286683744,212097
0,30288978144,212105
0,30291272544,212113
0,30293566950,212121
0,30295861350,212129
0,30298155753,212137
0,30300450146,212145
0,30302744551,212153
0,30305038956,212161
0,30307333353,212169
0,30309627756,212177
0,30311922158,212185
0,30314216558,212193
0,30316510951,212201
0,30318805360,212209
0,30321099764,212217
0,30323394157,212225
0,30325688563,212233
0,30327982964,212241
0,30330277365,212249
0,30332571768,212257
0,30334866171,212265
0,30337160572,212273
0,30339454966,212281
0,30341749372,212289
0,30344043775,212297
0,30346338174,212305
0,30348632576,212313
0,30350926980,212321
0,30353221379,212329
0,30355515775,212337
0,30357810183,212345
0,30360104585,212353
0,30362398979,212361
0,30364693385,212369
0,30366987785,212377
0,30369282189,212385
0,30371576592,212393
0,30373870992,212401
0,30376165396,212409
0,30378459790,212417
0,30380754195,212425
0,30383048601,212433
0,30385343000,212441
0,30387637400,212449
0,30389931803,212457
0,30392226203,212465
0,30394520598,212473
0,30396815005,212481
0,30399109410,212489
0,30401403803,212497
0,30403698209,212505
0,30405992609,212513
0,30408287012,212521
0,30410581413,212529
0,30412875815,212537
0,30415170216,212545
0,30417464610,212553
0,30419759020,212561
0,30422053421,212569
0,30424347819,212577
0,30426642221,212585
0,30428936623,212593
0,30431231024,212601
0,30433525419,212609
0,30435819826,212617
0,30438114230,212625
0,30440408625,212633
0,30442703028,212641
0,30444997430,212649
0,30447291833,212657
0,30449586233,212665
0,30451880636,212673
0,30454175036,212681
0,30456469431,212689
0,30458763840,212697
0,30461058242,212705
0,30463352640,212713
0,30465647044,212721
0,30467941446,212729
0,30470235845,212737
0,30472530241,212745
0,30474824648,212753
0,30477119052,212761
0,30479413447,212769
0,30481707853,212777
0,30484002255,212785
0,30486296655,212793
0,30488591057,212801
0,30490885458,212809
0,30493179859,212817
0,30495474255,212825
0,30497768663,212833
0,30500063065,212841
0,30502357464,212849
0,30504651866,212857
0,30506946266,212865
0,30509240668,212873
0,30511535063,212881
0,30513829471,212889
0,30516123877,212897
0,30518418272,212905
0,30520712677,212913
0,30523007079,212921
0,30525301477,212929
0,30527595880,212937
0,30529890283,212945
0,30532184683,212953
0,30534479081,212961
0,30536773486,212969
0,30539067888,212977
0,30541362286,212985
0,30543656690,212993
0,30545951090,213001
0,30548245492,213009
0,30550539889,213017
0,30552834296,213025
0,30555128699,213033
0,30557423095,213041
0,30559717500,213049
0,30562011904,213057
0,30564306302,213065
0,30566600703,213073
0,30568895105,213081
0,30571189506,213089
0,30573483905,213097
0,30575778311,213105
0,30578072714,213113
0,30580367111,213121
0,30582661514,213129
0,30584955915,213137
0,30587250319,213145
0,30589544725,213153
0,30591839122,213161
0,30594133525,213169
0,30596427920,213177
0,30598722326,213185
0,30601016729,213193
0,30603311128,213201
0,30605605530,213209
0,30607899932,213217
0,30610194332,213225
0,30612488731,213233
0,30614783138,213241
0,30617077540,213249
0,30619371936,213257
0,30621666340,213265
0,30623960741,213273
0,30626255144,213281
0,30628549550,213289
0,30630843947,213297
0,30633138351,213305
0,30635432746,213313
0,30637727150,213321
0,30640021554,213329
0,30642315954,213337
0,30644610356,213345
0,30646904759,213353
0,30649199158,213361
0,30651493555,213369
0,30653787963,213377
0,30656082365,213385
0,30658376761,213393
0,30660671166,213401
0,30662965567,213409
0,30665259968,213417
0,30667554375,213425
0,30669848772,213433
0,30672143175,213441
0,30674437571,213449
0,30676731978,213457
0,30679026379,213465
0,30681320780,213473
0,30683615182,213481
0,30685909583,213489
0,30688203984,213497
0,30690498382,213505
0,30692792788,213513
0,30695087191,213521
0,30697381586,213529
0,30699675991,213537
0,30701970393,213545
0,30704264795,213553
0,30706559199,213561
0,30708853597,213569
0,30711148001,213577
0,30713442396,213585
0,30715736803,213593
0,30718031206,213601
0,30720325603,213609
0,30722620006,213617
0,30724914408,213625
0,30727208809,213633
0,30729503207,213641
0,30731797613,213649
0,30734092015,213657
0,30736386412,213665
0,30738680818,213673
0,30740975217,213681
0,30743269620,213689
0,30745564025,213697
0,30747858423,213705
0,30750152826,213713
0,30752447222,213721
0,30754741628,213729
0,30757036031,213737
0,30759330431,213745
0,30761624831,213753
0,30763919233,213761
0,30766213635,213769
0,30768508033,213777
0,30770802440,213785
0,30773096842,213793
0,30775391238,213801
0,30777685643,213809
0,30779980044,213817
0,30782274446,213825
0,30784568853,213833
0,30786863250,213841
0,30789157653,213849
0,30791452050,213857
0,30793746456,213865
0,30796040859,213873
0,30798335258,213881
0,30800629660,213889
0,30802924062,213897
0,30805218463,213905
0,30807512861,213913
0,30809807269,213921
0,30812101670,213929
0,30814396067,213937
0,30816690470,213945
0,30818984871,213953
0,30821279274,213961
0,30823573680,213969
0,30825868079,213977
0,30828162481,213985
0,30830456877,213993
0,30832751282,214001
0,30835045687,214009
0,30837340086,214017
0,30839634488,214025
0,30841928890,214033
0,30844223290,214041
0,30846517688,214049
0,30848812097,214057
0,30851106499,214065
0,30853400895,214073
0,30855695300,214081
0,30857989700,214089
0,30860284102,214097
0,30862578505,214105
0,30864872907,214113
0,30867167310,214121
0,30869461706,214129
0,30871756111,214137
0,30874050514,214145
0,30876344915,214153
0,30878639316,214161
0,30880933719,214169
0,30883228120,214177
0,30885522517,214185
0,30887816923,214193
0,30890111327,214201
0,30892405723,214209
0,30894700128,214217
0,30896994528,214225
0,30899288931,214233
0,30901583333,214241
0,30903877735,214249
0,30906172138,214257
0,30908466534,214265
0,30910760943,214273
0,30913055343,214281
0,30915349741,214289
0,30917644144,214297
0,30919938547,214305
0,30922232948,214313
0,30924527344,214321
0,30926821752,214329
0,30929116154,214337
0,30931410551,214345
0,30933704956,214353
0,30935999360,214361
0,30938293760,214369
0,30940588161,214377
0,30942882563,214385
0,30945176964,214393
0,30947471362,214401
0,30949765770,214409
0,30952060174,214417
0,30954354572,214425
0,30956648974,214433
0,30958943377,214441
0,30961237778,214449
0,30963532175,214457
0,30965826583,214465
0,30968120987,214473
0,30970415381,214481
0,30972709788,214489
0,30975004190,214497
0,30977298591,214505
0,30979592993,214513
0,30981887396,214521
0,30984181797,214529
0,30986476194,214537
0,30988770604,214545
0,30991065005,214553
0,30993359404,214561
0,30995653807,214569
0,30997948208,214577
0,31000242611,214585
0,31002537009,214593
0,31004831416,214601
0,31007125820,214609
0,31009420214,214617
0,31011714619,214625
0,31014009024,214633
0,31016303424,214641
0,31018597826,214649
0,31020892229,214657
0,31023186630,214665
0,31025481025,214673
0,31027775433,214681
0,31030069837,214689
0,31032364236,214697
0,31034658639,214705
0,31036953041,214713
0,31039247441,214721
0,31041541838,214729
0,31043836246,214737
0,31046130649,214745
0,31048425043,214753
0,31050719450,214761
0,31053013854,214769
0,31055308255,214777
0,31057602656,214785
0,31059897059,214793
0,31062191461,214801
0,31064485857,214809
0,31066780264,214817
0,31069074669,214825
0,31071369065,214833
0,31073663468,214841
0,31075957872,214849
0,31078252274,214857
0,31080546677,214865
0,31082841078,214873
0,31085135481,214881
0,31087429875,214889
0,31089724283,214897
0,31092018688,214905
0,31094313084,214913
0,31096607489,214921
0,31098901892,214929
0,31101196292,214937
0,31103490688,214945
0,31105785097,214953
0,31108079499,214961
0,31110373894,214969
0,31112668302,214977
0,31114962703,214985
0,31117257106,214993
0,31119551511,215001
0,31121845909,215009
0,31124140313,215017
0,31126434708,215025
0,31128729113,215033
0,31131023519,215041
0,31133317916,215049
0,31135612318,215057
0,31137906723,215065
0,31140201124,215073
0,31142495519,215081
0,31144789929,215089
0,31147084333,215097
0,31149378724,215105
0,31151673133,215113
0,31153967535,215121
0,31156261933,215129
0,31158556341,215137
0,31160850742,215145
0,31163145145,215153
0,31165439539,215161
0,31167733947,215169
0,31170028351,215177
0,31172322748,215185
0,31174617152,215193
0,31176911554,215201
0,31179205955,215209
0,31181500352,215217
0,31183794761,215225
0,31186089166,215233
0,31188383558,215241
0,31190677965,215249
0,31192972370,215257
0,31195266768,215265
0,31197561175,215273
0,31199855577,215281
0,31202149979,215289
0,31204444372,215297
0,31206738780,215305
0,31209033185,215313
0,31211327581,215321
0,31213621986,215329
0,31215916390,215337
0,31218210787,215345
0,31220505185,215353
0,31222799596,215361
0,31225093999,215369
0,31227388393,215377
0,31229682801,215385
0,31231977200,215393
0,31234271601,215401
0,31236566010,215409
0,31238860409,215417
0,31241154812,215425
0,31243449206,215433
0,31245743613,215441
0,31248038020,215449
0,31250332416,215457
0,31252626820,215465
0,31254921225,215473
0,31257215622,215481
0,31259510020,215489
0,31261804431,215497
0,31264098833,215505
0,31266393226,215513
0,31268687636,215521
0,31270982036,215529
0,31273276435,215537
0,31275570843,215545
0,31277865245,215553
0,31280159644,215561
0,31282454041,215569
0,31284748450,215577
0,31287042851,215585
0,31289337251,215593
0,31291631657,215601
0,31293926060,215609
0,31296220459,215617
0,31298514857,215625
0,31300809266,215633
0,31303103669,215641
0,31305398063,215649
0,31307692473,215657
0,31309986872,215665
0,31312281273,215673
0,31314575678,215681
0,31316870082,215689
0,31319164481,215697
0,31321458877,215705
0,31323753287,215713
0,31326047691,215721
0,31328342087,215729
0,31330636494,215737
0,31332930895,215745
0,31335225294,215753
0,31337519694,215761
0,31339814104,215769
0,31342108503,215777
0,31344402899,215785
0,31346697310,215793
0,31348991707,215801
0,31351286109,215809
0,31353580515,215817
0,31355874916,215825
0,31358169317,215833
0,31360463714,215841
0,31362758122,215849
0,31365052525,215857
0,31367346922,215865
0,31369641329,215873
0,31371935731,215881
0,31374230130,215889
0,31376524528,215897
0,31378818940,215905
0,31381113340,215913
0,31383407734,215921
0,31385702145,215929
0,31387996541,215937
0,31390290945,215945
0,31392585352,215953
0,31394879754,215961
0,31397174151,215969
0,31399468551,215977
0,31401762963,215985
0,31404057361,215993
0,31406351762,216001
0,31408646168,216009
0,31410940567,216017
0,31413234968,216025
0,31415529368,216033
0,31417823776,216041
0,31420118177,216049
0,31422412575,216057
0,31424706981,216065
0,31427001384,216073
0,31429295784,216081
0,31431590188,216089
0,31433884590,216097
0,31436178989,216105
0,31438473389,216113
0,31440767800,216121
0,31443062198,216129
0,31445356597,216137
0,31447651003,216145
0,31449945406,216153
0,31452239804,216161
0,31454534206,216169
0,31456828611,216177
0,31459123015,216185
0,31461417412,216193
0,31463711819,216201
0,31466006220,216209
0,31468300620,216217
0,31470595027,216225
0,31472889426,216233
0,31475183828,216241
0,31477478227,216249
0,31479772634,216257
0,31482067036,216265
0,31484361435,216273
0,31486655841,216281
0,31488950241,216289
0,31491244643,216297
0,31493539040,216305
0,31495833449,216313
0,31498127851,216321
0,31500422249,216329
0,31502716654,216337
0,31505011059,216345
0,31507305457,216353
0,31509599862,216361
0,31511894264,216369
0,31514188663,216377
0,31516483064,216385
0,31518777470,216393
0,31521071873,216401
0,31523366272,216409
0,31525660677,216417
0,31527955077,216425
0,31530249481,216433
0,31532543878,216441
0,31534838286,216449
0,31537132689,216457
0,31539427086,216465
0,31541721492,216473
0,31544015898,216481
0,31546310297,216489
0,31548604697,216497
0,31550899102,216505
0,31553193502,216513
0,31555487901,216521
0,31557782309,216529
0,31560076713,216537
0,31562371110,216545
0,31564665516,216553
0,31566959917,216561
0,31569254320,216569
0,31571548718,216577
0,31573843127,216585
0,31576137529,216593
0,31578431926,216601
0,31580726335,216609
0,31583020739,216617
0,31585315138,216625
0,31587609541,216633
0,31589903943,216641
0,31592198346,216649
0,31594492742,216657
0,31596787151,216665
0,31599081556,216673
0,31601375950,216681
0,31603670358,216689
0,31605964761,216697
0,31608259163,216705
0,31610553566,216713
0,31612847969,216721
0,31615142373,216729
0,31617436766,216737
0,31619731173,216745
0,31622025579,216753
0,31624319975,216761
0,31626614380,216769
0,31628908784,216777
0,31631203185,216785
0,31633497581,216793
0,31635791991,216801
0,31638086395,216809
0,31640380789,216817
0,31642675196,216825
0,31644969600,216833
0,31647264000,216841
0,31649558406,216849
0,31651852808,216857
0,31654147212,216865
0,31656441606,216873
0,31658736013,216881
0,31661030420,216889
0,31663324816,216897
0,31665619220,216905
0,31667913625,216913
0,31670208024,216921
0,31672502420,216929
0,31674796832,216937
0,31677091234,216945
0,31679385629,216953
0,31681680037,216961
0,31683974439,216969
0,31686268837,216977
0,31688563247,216985
0,31690857648,216993
0,31693152050,217001
0,31695446444,217009
0,31697740854,217017
0,31700035257,217025
0,31702329656,217033
0,31704624060,217041
0,31706918465,217049
0,31709212862,217057
0,31711507262,217065
0,31713801670,217073
0,31716096074,217081
0,31718390468,217089
0,31720684878,217097
0,31722979277,217105
0,31725273680,217113
0,31727568086,217121
0,31729862489,217129
0,31732156889,217137
0,31734451285,217145
0,31736745695,217153
0,31739040096,217161
0,31741334495,217169
0,31743628901,217177
0,31745923304,217185
0,31748217701,217193
0,31750512102,217201
0,31752806511,217209
0,31755100913,217217
0,31757395310,217225
0,31759689719,217233
0,31761984118,217241
0,31764278519,217249
0,31766572928,217257
0,31768867327,217265
0,31771161729,217273
0,31773456126,217281
0,31775750534,217289
0,31778044937,217297
0,31780339337,217305
0,31782633745,217313
0,31784928146,217321
0,31787222546,217329
0,31789516946,217337
0,31791811355,217345
0,31794105755,217353
0,31796400154,217361
0,31798694562,217369
0,31800988960,217377
0,31803283365,217385
0,31805577772,217393
0,31807872173,217401
0,31810166574,217409
0,31812460974,217417
0,31814755379,217425
0,31817049783,217433
0,31819344183,217441
0,31821638588,217449
0,31823932989,217457
0,31826227390,217465
0,31828521788,217473
0,31830816197,217481
0,31833110601,217489
0,31835404996,217497
0,31837699404,217505
0,31839993803,217513
0,31842288207,217521
0,31844582613,217529
0,31846877014,217537
0,31849171416,217545
0,31851465813,217553
0,31853760225,217561
0,31856054625,217569
0,31858349027,217577
0,31860643429,217585
0,31862937832,217593
0,31865232234,217601
0,31867526633,217609
0,31869821041,217617
0,31872115444,217625
0,31874409840,217633
0,31876704246,217641
0,31878998651,217649
0,31881293054,217657
0,31883587454,217665
0,31885881859,217673
0,31888176260,217681
0,31890470656,217689
0,31892765070,217697
0,31895059471,217705
0,31897353870,217713
0,31899648274,217721
0,31901942678,217729
0,31904237078,217737
0,31906531476,217745
0,31908825885,217753
0,31911120289,217761
0,31913414685,217769
0,31915709093,217777
0,31918003497,217785
0,31920297898,217793
0,31922592301,217801
0,31924886704,217809
0,31927181106,217817
0,31929475503,217825
0,31931769914,217833
0,31934064316,217841
0,31936358714,217849
0,31938653118,217857
0,31940947523,217865
0,31943241923,217873
0,31945536319,217881
0,31947830731,217889
0,31950125135,217897
0,31952419528,217905
0,31954713937,217913
0,31957008343,217921
0,31959302739,217929
0,31961597145,217937
0,31963891549,217945
0,31966185948,217953
0,31968480347,217961
0,31970774759,217969
0,31973069159,217977
0,31975363556,217985
0,31977657964,217993
0,31979952366,218001
0,31982246766,218009
0,31984541165,218017
0,31986835575,218025
0,31989129979,218033
0,31991424373,218041
0,31993718782,218049
0,31996013188,218057
0,31998307585,218065
0,32000601991,218073
0,32002896396,218081
0,32005190793,218089
0,32007485193,218097
0,32009779602,218105
0,32012074006,218113
0,32014368402,218121
0,32016662811,218129
0,32018957214,218137
0,32021251614,218145
0,32023546013,218153
0,32025840424,218161
0,32028134825,218169
0,32030429222,218177
0,32032723631,218185
0,32035018033,218193
0,32037312433,218201
0,32039606839,218209
0,32041901242,218217
0,32044195642,218225
0,32046490042,218233
0,32048784450,218241
0,32051078853,218249
0,32053373252,218257
0,32055667659,218265
0,32057962060,218273
0,32060256460,218281
0,32062550860,218289
0,32064845269,218297
0,32067139671,218305
0,32069434069,218313
0,32071728478,218321
0,32074022879,218329
0,32076317280,218337
0,32078611685,218345
0,32080906087,218353
0,32083200487,218361
0,32085494888,218369
0,32087789296,218377
0,32090083699,218385
0,32092378098,218393
0,32094672505,218401
0,32096966906,218409
0,32099261308,218417
0,32101555706,218425
0,32103850115,218433
0,32106144518,218441
0,32108438914,218449
0,32110733322,218457
0,32113027727,218465
0,32115322127,218473
0,32117616531,218481
0,32119910934,218489
0,32122205334,218497
0,32124499734,218505
0,32126794143,218513
0,32129088546,218521
0,32131382943,218529
0,32133677350,218537
0,32135971751,218545
0,32138266155,218553
0,32140560561,218561
0,32142854961,218569
0,32145149365,218577
0,32147443760,218585
0,32149738168,218593
0,32152032574,218601
0,32154326975,218609
0,32156621377,218617
0,32158915781,218625
0,32161210183,218633
0,32163504579,218641
0,32165798988,218649
0,32168093393,218657
0,32170387787,218665
0,32172682196,218673
0,32174976598,218681
0,32177270999,218689
0,32179565408,218697
0,32181859809,218705
0,32184154214,218713
0,32186448609,218721
0,32188743017,218729
0,32191037423,218737
0,32193331821,218745
0,32195626227,218753
0,32197920632,218761
0,32200215031,218769
0,32202509430,218777
0,32204803840,218785
0,32207098244,218793
0,32209392638,218801
0,32211687047,218809
0,32213981449,218817
0,32216275849,218825
0,32218570257,218833
0,32220864660,218841
0,32223159063,218849
0,32225453458,218857
0,32227747869,218865
0,32230042273,218873
0,32232336670,218881
0,32234631076,218889
0,32236925481,218897
0,32239219879,218905
0,32241514279,218913
0,32243808689,218921
0,32246103091,218929
0,32248397487,218937
0,32250691897,218945
0,32252986296,218953
0,32255280699,218961
0,32257575106,218969
0,32259869508,218977
0,32262163911,218985
0,32264458308,218993
0,32266752716,219001
0,32269047121,219009
0,32271341521,219017
0,32273635926,219025
0,32275930328,219033
0,32278224727,219041
0,32280519128,219049
0,32282813539,219057
0,32285107940,219065
0,32287402338,219073
0,32289696748,219081
0,32291991145,219089
0,32294285550,219097
0,32296579955,219105
0,32298874358,219113
0,32301168760,219121
0,32303463160,219129
0,32305757565,219137
0,32308051971,219145
0,32310346371,219153
0,32312640777,219161
0,32314935179,219169
0,32317229580,219177
0,32319523979,219185
0,32321818388,219193
0,32324112792,219201
0,32326407187,219209
0,32328701595,219217
0,32330996001,219225
0,32333290401,219233
0,32335584806,219241
0,32337879210,219249
0,32340173611,219257
0,32342468009,219265
0,32344762419,219273
0,32347056820,219281
0,32349351223,219289
0,32351645626,219297
0,32353940029,219305
0,32356234431,219313
0,32358528829,219321
0,32360823238,219329
0,32363117643,219337
0,32365412038,219345
0,32367706446,219353
0,32370000852,219361
0,32372295251,219369
0,32374589656,219377
0,32376884060,219385
0,32379178462,219393
0,32381472858,219401
0,32383767270,219409
0,32386061674,219417
0,32388356070,219425
0,32390650478,219433
0,32392944882,219441
0,32395239280,219449
0,32397533680,219457
0,32399828091,219465
0,32402122496,219473
0,32404416890,219481
0,32406711299,219489
0,32409005704,219497
0,32411300104,219505
0,32413594508,219513
0,32415888913,219521
0,32418183312,219529
0,32420477711,219537
0,32422772123,219545
0,32425066525,219553
0,32427360922,219561
0,32429655329,219569
0,32431949733,219577
0,32434244132,219585
0,32436538531,219593
0,32438832943,219601
0,32441127344,219609
0,32443421740,219617
0,32445716151,219625
0,32448010555,219633
0,32450304952,219641
0,32452599360,219649
0,32454893763,219657
0,32457188163,219665
0,32459482562,219673
0,32461776975,219681
0,32464071374,219689
0,32466365774,219697
0,32468660182,219705
0,32470954584,219713
0,32473248983,219721
0,32475543383,219729
0,32477837793,219737
0,32480132196,219745
0,32482426592,219753
0,32484721003,219761
0,32487015406,219769
0,32489309805,219777
0,32491604211,219785
0,32493898615,219793
0,32496193015,219801
0,32498487417,219809
0,32500781826,219817
0,32503076229,219825
0,32505370628,219833
0,32507665036,219841
0,32509959436,219849
0,32512253839,219857
0,32514548237,219865
0,32516842646,219873
0,32519137051,219881
0,32521431449,219889
0,32523725855,219897
0,32526020261,219905
0,32528314662,219913
0,32530609064,219921
0,32532903470,219929
0,32535197871,219937
0,32537492270,219945
0,32539786681,219953
0,32542081085,219961
0,32544375483,219969
0,32546669888,219977
0,32548964291,219985
0,32551258694,219993
0,32553553090,220001
0,32555847502,220009
0,32558141905,220017
0,32560436301,220025
0,32562730711,220033
0,32565025116,220041
0,32567319514,220049
0,32569613919,220057
0,32571908323,220065
0,32574202725,220073
0,32576497122,220081
0,32578791533,220089
0,32581085938,220097
0,32583380335,220105
0,32585674741,220113
0,32587969144,220121
0,32590263545,220129
0,32592557943,220137
0,32594852356,220145
0,32597146758,220153
0,32599441155,220161
0,32601735565,220169
0,32604029970,220177
0,32606324368,220185
0,32608618775,220193
0,32610913179,220201
0,32613207578,220209
0,32615501977,220217
0,32617796389,220225
0,32620090791,220233
0,32622385187,220241
0,32624679597,220249
0,32626973997,220257
0,32629268401,220265
0,32631562808,220273
0,32633857211,220281
0,32636151613,220289
0,32638446009,220297
0,32640740418,220305
0,32643034823,220313
0,32645329222,220321
0,32647623631,220329
0,32649918032,220337
0,32652212431,220345
0,32654506832,220353
0,32656801242,220361
0,32659095645,220369
0,32661390043,220377
0,32663684452,220385
0,32665978850,220393
0,32668273254,220401
0,32670567664,220409
0,32672862063,220417
0,32675156467,220425
0,32677450865,220433
0,32679745271,220441
0,32682039676,220449
0,32684334077,220457
0,32686628484,220465
0,32688922886,220473
0,32691217289,220481
0,32693511686,220489
0,32695806097,220497
0,32698100500,220505
0,32700394897,220513
0,32702689305,220521
0,32704983706,220529
0,32707278110,220537
0,32709572514,220545
0,32711866919,220553
0,32714161322,220561
0,32716455718,220569
0,32718750127,220577
0,32721044533,220585
0,32723338933,220593
0,32725633337,220601
0,32727927741,220609
0,32730222143,220617
0,32732516543,220625
0,32734810950,220633
0,32737105359,220641
0,32739399751,220649
0,32741694161,220657
0,32743988563,220665
0,32746282964,220673
0,32748577372,220681
0,32750871776,220689
0,32753166179,220697
0,32755460574,220705
0,32757754984,220713
0,32760049391,220721
0,32762343789,220729
0,32764638197,220737
0,32766932600,220745
0,32769227002,220753
0,32771521399,220761
0,32773815811,220769
0,32776110214,220777
0,32778404611,220785
0,32780699020,220793
0,32782993420,220801
0,32785287824,220809
0,32787582228,220817
0,32789876636,220825
0,32792171036,220833
0,32794465434,220841
0,32796759845,220849
0,32799054250,220857
0,32801348649,220865
0,32803643056,220873
0,32805937460,220881
0,32808231859,220889
0,32810526262,220897
0,32812820672,220905
0,32815115074,220913
0,32817409472,220921
0,32819703883,220929
0,32821998285,220937
0,32824292685,220945
0,32826587090,220953
0,32828881493,220961
0,32831175895,220969
0,32833470296,220977
0,32835764707,220985
0,32838059109,220993
0,32840353510,221001
0,32842647915,221009
0,32844942320,221017
0,32847236719,221025
0,32849531121,221033
0,32851825529,221041
0,32854119934,221049
0,32856414331,221057
0,32858708740,221065
0,32861003144,221073
0,32863297546,221081
0,32865591948,221089
0,32867886354,221097
0,32870180754,221105
0,32872475154,221113
0,32874769565,221121
0,32877063969,221129
0,32879358368,221137
0,32881652774,221145
0,32883947177,221153
0,32886241581,221161
0,32888535976,221169
0,32890830388,221177
0,32893124792,221185
0,32895419187,221193
0,32897713596,221201
0,32900008004,221209
0,32902302401,221217
0,32904596809,221225
0,32906891212,221233
0,32909185611,221241
0,32911480010,221249
0,32913774424,221257
0,32916068825,221265
0,32918363223,221273
0,32920657631,221281
0,32922952036,221289
0,32925246436,221297
0,32927540834,221305
0,32929835247,221313
0,32932129650,221321
0,32934424046,221329
0,32936718454,221337
0,32939012861,221345
0,32941307259,221353
0,32943601666,221361
0,32945896069,221369
0,32948190470,221377
0,32950484869,221385
0,32952779283,221393
0,32955073682,221401
0,32957368083,221409
0,32959662491,221417
0,32961956893,221425
0,32964251294,221433
0,32966545693,221441
0,32968840104,221449
0,32971134506,221457
0,32973428904,221465
0,32975723315,221473
0,32978017719,221481
0,32980312120,221489
0,32982606526,221497
0,32984900929,221505
0,32987195330,221513
0,32989489730,221521
0,32991784140,221529
0,32994078546,221537
0,32996372945,221545
0,32998667351,221553
0,33000961755,221561
0,33003256156,221569
0,33005550555,221577
0,33007844966,221585
0,33010139370,221593
0,33012433769,221601
0,33014728177,221609
0,33017022581,221617
0,33019316983,221625
0,33021611388,221633
0,33023905791,221641
0,33026200195,221649
0,33028494593,221657
0,33030789003,221665
0,33033083408,221673
0,33035377805,221681
0,33037672211,221689
0,33039966614,221697
0,33042261018,221705
0,33044555414,221713
0,33046849828,221721
0,33049144231,221729
0,33051438626,221737
0,33053733036,221745
0,33056027443,221753
0,33058321841,221761
0,33060616247,221769
0,33062910653,221777
0,33065205052,221785
0,33067499452,221793
0,33069793863,221801
0,33072088266,221809
0,33074382666,221817
0,33076677074,221825
0,33078971474,221833
0,33081265877,221841
0,33083560276,221849
0,33085854688,221857
0,33088149091,221865
0,33090443488,221873
0,33092737898,221881
0,33095032303,221889
0,33097326700,221897
0,33099621108,221905
0,33101915512,221913
0,33104209912,221921
0,33106504313,221929
0,33108798724,221937
0,33111093127,221945
0,33113387523,221953
0,33115681934,221961
0,33117976333,221969
0,33120270738,221977
0,33122565138,221985
0,33124859547,221993
0,33127153951,222001
0,33129448351,222009
0,33131742758,222017
0,33134037164,222025
0,33136331565,222033
0,33138625969,222041
0,33140920374,222049
0,33143214776,222057
0,33145509176,222065
0,33147803586,222073
0,33150097990,222081
0,33152392386,222089
0,33154686796,222097
0,33156981197,222105
0,33159275603,222113
0,33161570010,222121
0,33163864411,222129
0,33166158815,222137
0,33168453213,222145
0,33170747623,222153
0,33173042028,222161
0,33175336426,222169
0,33177630833,222177
0,33179925237,222185
0,33182219639,222193
0,33184514037,222201
0,33186808449,222209
0,33189102853,222217
0,33191397248,222225
0,33193691659,222233
0,33195986063,222241
0,33198280464,222249
0,33200574871,222257
0,33202869276,222265
0,33205163677,222273
0,33207458077,222281
0,33209752487,222289
0,33212046892,222297
0,33214341293,222305
0,33216635700,222313
0,33218930103,222321
0,33221224504,222329
0,33223518905,222337
0,33225813315,222345
0,33228107718,222353
0,33230402116,222361
0,33232696525,222369
0,33234990926,222377
0,33237285329,222385
0,33239579738,222393
0,33241874142,222401
0,33244168544,222409
0,33246462942,222417
0,33248757352,222425
0,33251051755,222433
0,33253346158,222441
0,33255640565,222449
0,33257934967,222457
0,33260229368,222465
0,33262523770,222473
0,33264818179,222481
0,33267112583,222489
0,33269406980,222497
0,33271701388,222505
0,33273995795,222513
0,33276290196,222521
0,33278584600,222529
0,33280879005,222537
0,33283173409,222545
0,33285467805,222553
0,33287762214,222561
0,33290056622,222569
0,33292351021,222577
0,33294645426,222585
0,33296939832,222593
0,33299234233,222601
0,33301528632,222609
0,33303823043,222617
0,33306117449,222625
0,33308411845,222633
0,33310706254,222641
0,33313000659,222649
0,33315295059,222657
0,33317589467,222665
0,33319883870,222673
0,33322178270,222681
0,33324472671,222689
0,33326767083,222697
0,33329061486,222705
0,33331355883,222713
0,33333650291,222721
0,33335944696,222729
0,33338239096,222737
0,33340533495,222745
0,33342827908,222753
0,33345122310,222761
0,33347416708,222769
0,33349711118,222777
0,33352005523,222785
0,33354299922,222793
0,33356594330,222801
0,33358888735,222809
0,33361183135,222817
0,33363477535,222825
0,33365771948,222833
0,33368066349,222841
0,33370360749,222849
0,33372655156,222857
0,33374949559,222865
0,33377243961,222873
0,33379538359,222881
0,33381832770,222889
0,33384127177,222897
0,33386421573,222905
0,33388715982,222913
0,33391010387,222921
0,33393304789,222929
0,33395599196,222937
0,33397893600,222945
0,33400188001,222953
0,33402482403,222961
0,33404776814,222969
0,33407071216,222977
0,33409365616,222985
0,33411660023,222993
0,33413954427,223001
0,33416248830,223009
0,33418543227,223017
0,33420837638,223025
0,33423132045,223033
0,33425426440,223041
0,33427720850,223049
0,33430015257,223057
0,33432309657,223065
0,33434604062,223073
0,33436898468,223081
0,33439192867,223089
0,33441487268,223097
0,33443781681,223105
0,33446076083,223113
0,33448370481,223121
0,33450664890,223129
0,33452959294,223137
0,33455253696,223145
0,33457548095,223153
0,33459842509,223161
0,33462136911,223169
0,33464431309,223177
0,33466725720,223185
0,33469020125,223193
0,33471314524,223201
0,33473608930,223209
0,33475903335,223217
0,33478197738,223225
0,33480492137,223233
0,33482786549,223241
0,33485080953,223249
0,33487375351,223257
0,33489669759,223265
0,33491964160,223273
0,33494258564,223281
0,33496552964,223289
0,33498847374,223297
0,33501141779,223305
0,33503436178,223313
0,33505730586,223321
0,33508024992,223329
0,33510319393,223337
0,33512613798,223345
0,33514908202,223353
0,33517202605,223361
0,33519497004,223369
0,33521791414,223377
0,33524085819,223385
0,33526380220,223393
0,33528674625,223401
0,33530969027,223409
0,33533263433,223417
0,33535557830,223425
0,33537852243,223433
0,33540146645,223441
0,33542441043,223449
0,33544735454,223457
0,33547029859,223465
0,33549324259,223473
0,33551618666,223481
0,33553913071,223489
0,33556207471,223497
0,33558501872,223505
0,33560796282,223513
0,33563090687,223521
0,33565385085,223529
0,33567679492,223537
0,33569973895,223545
0,33572268300,223553
0,33574562698,223561
0,33576857113,223569
0,33579151514,223577
0,33581445911,223585
0,33583740323,223593
0,33586034726,223601
0,33588329128,223609
0,33590623535,223617
0,33592917940,223625
0,33595212341,223633
0,33597506742,223641
0,33599801152,223649
0,33602095556,223657
0,33604389956,223665
0,33606684364,223673
0,33608978765,223681
0,33611273171,223689
0,33613567569,223697
0,33615861980,223705
0,33618156384,223713
0,33620450783,223721
0,33622745192,223729
0,33625039599,223737
0,33627333999,223745
0,33629628405,223753
0,33631922810,223761
0,33634217211,223769
0,33636511611,223777
0,33638806021,223785
0,33641100427,223793
0,33643394825,223801
0,33645689233,223809
0,33647983635,223817
0,33650278040,223825
0,33652572446,223833
0,33654866850,223841
0,33657161256,223849
0,33659455652,223857
0,33661750061,223865
0,33664044470,223873
0,33666338868,223881
0,33668633275,223889
0,33670927680,223897
0,33673222081,223905
0,33675516481,223913
0,33677810894,223921
0,33680105296,223929
0,33682399694,223937
0,33684694104,223945
0,33686988505,223953
0,33689282908,223961
0,33691577317,223969
0,33693871722,223977
0,33696166125,223985
0,33698460524,223993
0,33700754933,224001
0,33703049339,224009
0,33705343741,224017
0,33707638148,224025
0,33709932551,224033
0,33712226954,224041
0,33714521353,224049
0,33716815766,224057
0,33719110171,224065
0,33721404567,224073
0,33723698978,224081
0,33725993383,224089
0,33728287782,224097
0,33730582190,224105
0,33732876594,224113
0,33735170997,224121
0,33737465396,224129
0,33739759804,224137
0,33742054211,224145
0,33744348614,224153
0,33746643018,224161
0,33748937424,224169
0,33751231828,224177
0,33753526226,224185
0,33755820637,224193
0,33758115043,224201
0,33760409437,224209
0,33762703848,224217
0,33764998255,224225
0,33767292654,224233
0,33769587060,224241
0,33771881467,224249
0,33774175869,224257
0,33776470267,224265
0,33778764681,224273
0,33781059084,224281
0,33783353483,224289
0,33785647891,224297
0,33787942296,224305
0,33790236698,224313
0,33792531098,224321
0,33794825509,224329
0,33797119914,224337
0,33799414312,224345
0,33801708721,224353
0,33804003128,224361
0,33806297527,224369
0,33808591933,224377
0,33810886340,224385
0,33813180740,224393
0,33815475142,224401
0,33817769556,224409
0,33820063957,224417
0,33822358356,224425
0,33824652765,224433
0,33826947167,224441
0,33829241570,224449
0,33831535969,224457
0,33833830380,224465
0,33836124786,224473
0,33838419184,224481
0,33840713592,224489
0,33843007999,224497
0,33845302400,224505
0,33847596805,224513
0,33849891210,224521
0,33852185613,224529
0,33854480012,224537
0,33856774426,224545
0,33859068829,224553
0,33861363228,224561
0,33863657635,224569
0,33865952041,224577
0,33868246442,224585
0,33870540842,224593
0,33872835254,224601
0,33875129659,224609
0,33877424056,224617
0,33879718467,224625
0,33882012872,224633
0,33884307272,224641
0,33886601678,224649
0,33888896083,224657
0,33891190485,224665
0,33893484884,224673
0,33895779299,224681
0,33898073701,224689
0,33900368101,224697
0,33902662509,224705
0,33904956914,224713
0,33907251313,224721
0,33909545714,224729
0,33911840126,224737
0,33914134530,224745
0,33916428927,224753
0,33918723338,224761
0,33921017743,224769
0,33923312144,224777
0,33925606551,224785
0,33927900956,224793
0,33930195357,224801
0,33932489761,224809
0,33934784172,224817
0,33937078576,224825
0,33939372975,224833
0,33941667382,224841
0,33943961785,224849
0,33946256189,224857
0,33948550589,224865
0,33950845000,224873
0,33953139405,224881
0,33955433802,224889
0,33957728212,224897
0,33960022619,224905
0,33962317020,224913
0,33964611425,224921
0,33966905832,224929
0,33969200234,224937
0,33971494634,224945
0,33973789045,224953
0,33976083450,224961
0,33978377849,224969
0,33980672257,224977
0,33982966660,224985
0,33985261063,224993
0,33987555463,225001
0,33989849876,225009
0,33992144279,225017
0,33994438676,225025
0,33996733087,225033
0,33999027494,225041
0,34001321893,225049
0,34003616301,225057
0,34005910707,225065
0,34008205106,225073
0,34010499508,225081
0,34012793921,225089
0,34015088324,225097
0,34017382724,225105
0,34019677133,225113
0,34021971534,225121
0,34024265939,225129
0,34026560340,225137
0,34028854751,225145
0,34031149156,225153
0,34033443555,225161
0,34035737963,225169
0,34038032371,225177
0,34040326770,225185
0,34042621178,225193
0,34044915582,225201
0,34047209983,225209
0,34049504385,225217
0,34051798795,225225
0,34054093201,225233
0,34056387602,225241
0,34058682008,225249
0,34060976411,225257
0,34063270816,225265
0,34065565215,225273
0,34067859627,225281
0,34070154032,225289
0,34072448429,225297
0,34074742838,225305
0,34077037246,225313
0,34079331644,225321
0,34081626053,225329
0,34083920459,225337
0,34086214860,225345
0,34088509260,225353
0,34090803673,225361
0,34093098076,225369
0,34095392476,225377
0,34097686885,225385
0,34099981286,225393
0,34102275690,225401
0,34104570089,225409
0,34106864503,225417
0,34109158906,225425
0,34111453305,225433
0,34113747717,225441
0,34116042122,225449
0,34118336523,225457
0,34120630929,225465
0,34122925335,225473
0,34125219736,225481
0,34127514137,225489
0,34129808548,225497
0,34132102955,225505
0,34134397351,225513
0,34136691762,225521
0,34138986164,225529
0,34141280567,225537
0,34143574967,225545
0,34145869379,225553
0,34148163784,225561
0,34150458182,225569
0,34152752592,225577
0,34155046998,225585
0,34157341401,225593
0,34159635807,225601
0,34161930213,225609
0,34164224615,225617
0,34166519016,225625
0,34168813427,225633
0,34171107832,225641
0,34173402229,225649
0,34175696641,225657
0,34177991043,225665
0,34180285445,225673
0,34182579855,225681
0,34184874260,225689
0,34187168663,225697
0,34189463062,225705
0,34191757471,225713
0,34194051878,225721
0,34196346280,225729
0,34198640688,225737
0,34200935092,225745
0,34203229495,225753
0,34205523895,225761
0,34207818306,225769
0,34210112711,225777
0,34212407109,225785
0,34214701520,225793
0,34216995927,225801
0,34219290327,225809
0,34221584734,225817
0,34223879139,225825
0,34226173542,225833
0,34228467941,225841
0,34230762349,225849
0,34233056757,225857
0,34235351159,225865
0,34237645565,225873
0,34239939969,225881
0,34242234373,225889
0,34244528772,225897
0,34246823185,225905
0,34249117589,225913
0,34251411989,225921
0,34253706397,225929
0,34256000804,225937
0,34258295206,225945
0,34260589611,225953
0,34262884017,225961
0,34265178420,225969
0,34267472819,225977
0,34269767234,225985
0,34272061637,225993
0,34274356036,226001
0,34276650444,226009
0,34278944850,226017
0,34281239250,226025
0,34283533650,226033
0,34285828063,226041
0,34288122467,226049
0,34290416865,226057
0,34292711275,226065
0,34295005682,226073
0,34297300082,226081
0,34299594491,226089
0,34301888895,226097
0,34304183298,226105
0,34306477698,226113
0,34308772113,226121
0,34311066515,226129
0,34313360913,226137
0,34315655323,226145
0,34317949726,226153
0,34320244129,226161
0,34322538529,226169
0,34324832941,226177
0,34327127345,226185
0,34329421744,226193
0,34331716154,226201
0,34334010560,226209
0,34336304962,226217
0,34338599369,226225
0,34340893773,226233
0,34343188178,226241
0,34345482575,226249
0,34347776991,226257
0,34350071394,226265
0,34352365794,226273
0,34354660201,226281
0,34356954608,226289
0,34359249007,226297
0,34361543408,226305
0,34363837823,226313
0,34366132227,226321
0,34368426625,226329
0,34370721037,226337
0,34373015443,226345
0,34375309843,226353
0,34377604250,226361
0,34379898656,226369
0,34382193058,226377
0,34384487458,226385
0,34386781871,226393
0,34389076275,226401
0,34391370674,226409
0,34393665083,226417
0,34395959486,226425
0,34398253891,226433
0,34400548292,226441
0,34402842704,226449
0,34405137112,226457
0,34407431508,226465
0,34409725918,226473
0,34412020325,226481
0,34414314728,226489
0,34416609135,226497
0,34418903540,226505
0,34421197941,226513
0,34423492345,226521
0,34425786755,226529
0,34428081161,226537
0,34430375561,226545
0,34432669966,226553
0,34434964372,226561
0,34437258777,226569
0,34439553175,226577
0,34441847590,226585
0,34444141993,226593
0,34446436391,226601
0,34448730803,226609
0,34451025209,226617
0,34453319609,226625
0,34455614016,226633
0,34457908423,226641
0,34460202823,226649
0,34462497224,226657
0,34464791637,226665
0,34467086041,226673
0,34469380442,226681
0,34471674850,226689
0,34473969253,226697
0,34476263657,226705
0,34478558056,226713
0,34480852469,226721
0,34483146873,226729
0,34485441272,226737
0,34487735684,226745
0,34490030091,226753
0,34492324490,226761
0,34494618899,226769
0,34496913302,226777
0,34499207704,226785
0,34501502106,226793
0,34503796517,226801
0,34506090922,226809
0,34508385324,226817
0,34510679731,226825
0,34512974132,226833
0,34515268540,226841
0,34517562936,226849
0,34519857352,226857
0,34522151755,226865
0,34524446155,226873
0,34526740564,226881
0,34529034973,226889
0,34531329371,226897
0,34533623779,226905
0,34535918185,226913
0,34538212584,226921
0,34540506987,226929
0,34542801400,226937
0,34545095805,226945
0,34547390205,226953
0,34549684613,226961
0,34551979016,226969
0,34554273419,226977
0,34556567819,226985
0,34558862233,226993
0,34561156638,227001
0,34563451037,227009
0,34565745447,227017
0,34568039855,227025
0,34570334253,227033
0,34572628662,227041
0,34574923067,227049
0,34577217471,227057
0,34579511871,227065
0,34581806283,227073
0,34584100688,227081
0,34586395088,227089
0,34588689496,227097
0,34590983898,227105
0,34593278305,227113
0,34595572702,227121
0,34597867116,227129
0,34600161522,227137
0,34602455919,227145
0,34604750329,227153
0,34607044739,227161
0,34609339141,227169
0,34611633547,227177
0,34613927953,227185
0,34616222356,227193
0,34618516755,227201
0,34620811169,227209
0,34623105574,227217
0,34625399972,227225
0,34627694382,227233
0,34629988785,227241
0,34632283189,227249
0,34634577589,227257
0,34636872002,227265
0,34639166408,227273
0,34641460806,227281
0,34643755215,227289
0,34646049623,227297
0,34648344025,227305
0,34650638432,227313
0,34652932838,227321
0,34655227241,227329
0,34657521641,227337
0,34659816053,227345
0,34662110459,227353
0,34664404857,227361
0,34666699269,227369
0,34668993675,227377
0,34671288074,227385
0,34673582484,227393
0,34675876889,227401
0,34678171295,227409
0,34680465694,227417
0,34682760101,227425
0,34685054510,227433
0,34687348912,227441
0,34689643318,227449
0,34691937726,227457
0,34694232127,227465
0,34696526528,227473
0,34698820940,227481
0,34701115346,227489
0,34703409743,227497
0,34705704154,227505
0,34707998561,227513
0,34710292960,227521
0,34712587370,227529
0,34714881776,227537
0,34717176179,227545
0,34719470579,227553
0,34721764988,227561
0,34724059394,227569
0,34726353797,227577
0,34728648206,227585
0,34730942610,227593
0,34733237013,227601
0,34735531412,227609
0,34737825825,227617
0,34740120231,227625
0,34742414628,227633
0,34744709040,227641
0,34747003445,227649
0,34749297847,227657
0,34751592255,227665
0,34753886660,227673
0,34756181062,227681
0,34758475463,227689
0,34760769877,227697
0,34763064281,227705
0,34765358682,227713
0,34767653089,227721
0,34769947495,227729
0,34772241898,227737
0,34774536298,227745
0,34776830710,227753
0,34779125117,227761
0,34781419513,227769
0,34783713925,227777
0,34786008334,227785
0,34788302733,227793
0,34790597139,227801
0,34792891547,227809
0,34795185946,227817
0,34797480349,227825
0,34799774764,227833
0,34802069166,227841
0,34804363567,227849
0,34806657978,227857
0,34808952381,227865
0,34811246784,227873
0,34813541185,227881
0,34815835597,227889
0,34818130003,227897
0,34820424403,227905
0,34822718813,227913
0,34825013220,227921
0,34827307621,227929
0,34829602028,227937
0,34831896434,227945
0,34834190834,227953
0,34836485238,227961
0,34838779650,227969
0,34841074055,227977
0,34843368454,227985
0,34845662863,227993
0,34847957265,228001
0,34850251672,228009
0,34852546071,228017
0,34854840485,228025
0,34857134891,228033
0,34859429289,228041
0,34861723698,228049
0,34864018107,228057
0,34866312506,228065
0,34868606914,228073
0,34870901321,228081
0,34873195722,228089
0,34875490123,228097
0,34877784539,228105
0,34880078942,228113
0,34882373340,228121
0,34884667751,228129
0,34886962153,228137
0,34889256558,228145
0,34891550960,228153
0,34893845372,228161
0,34896139777,228169
0,34898434177,228177
0,34900728587,228185
0,34903022994,228193
0,34905317396,228201
0,34907611803,228209
0,34909906208,228217
0,34912200612,228225
0,34914495012,228233
0,34916789425,228241
0,34919083831,228249
0,34921378230,228257
0,34923672639,228265
0,34925967043,228273
0,34928261447,228281
0,34930555847,228289
0,34932850262,228297
0,34935144666,228305
0,34937439065,228313
0,34939733475,228321
0,34942027884,228329
0,34944322284,228337
0,34946616692,228345
0,34948911097,228353
0,34951205500,228361
0,34953499900,228369
0,34955794314,228377
0,34958088719,228385
0,34960383119,228393
0,34962677527,228401
0,34964971932,228409
0,34967266335,228417
0,34969560737,228425
0,34971855150,228433
0,34974149553,228441
0,34976443954,228449
0,34978738365,228457
0,34981032770,228465
0,34983327173,228473
0,34985621581,228481
0,34987915986,228489
0,34990210390,228497
0,34992504790,228505
0,34994799202,228513
0,34997093608,228521
0,34999388009,228529
0,35001682416,228537
0,35003976821,228545
0,35006271226,228553
0,35008565627,228561
0,35010860041,228569
0,35013154444,228577
0,35015448843,228585
0,35017743256,228593
0,35020037663,228601
0,35022332066,228609
0,35024626475,228617
0,35026920879,228625
0,35029215281,228633
0,35031509682,228641
0,35033804096,228649
0,35036098502,228657
0,35038392902,228665
0,35040687311,228673
0,35042981713,228681
0,35045276117,228689
0,35047570517,228697
0,35049864932,228705
0,35052159337,228713
0,35054453736,228721
0,35056748149,228729
0,35059042554,228737
0,35061336956,228745
0,35063631365,228753
0,35065925770,228761
0,35068220172,228769
0,35070514575,228777
0,35071696512,228785
0,35073990882,228793
0,35076285230,228801
0,35078579600,228809
0,35080873973,228817
0,35083168342,228825
0,35085462691,228833
0,35087757064,228841
0,35090051434,228849
0,35092345781,228857
0,35094640152,228865
0,35096934524,228873
0,35099228874,228881
0,35101523243,228889
0,35103817616,228897
0,35106111985,228905
0,35108406334,228913
0,35110700709,228921
0,35112995076,228929
0,35115289426,228937
0,35117583794,228945
0,35119878169,228953
0,35122172536,228961
0,35124466886,228969
0,35126761260,228977
0,35129055629,228985
0,35131349978,228993
0,35133644346,229001
0,35135938721,229009
0,35138233071,229017
0,35140527440,229025
0,35142821814,229033
0,35145116184,229041
0,35147410532,229049
0,35149704905,229057
0,35151999274,229065
0,35154293625,229073
0,35156587993,229081
0,35158882367,229089
0,35161176736,229097
0,35163471085,229105
0,35165765457,229113
0,35168059828,229121
0,35170354176,229129
0,35172648546,229137
0,35174942920,229145
0,35177237268,229153
0,35179531638,229161
0,35181826010,229169
0,35184120380,229177
0,35186414730,229185
0,35187689445,229193
0,35189831805,229201
0,35192126168,229209
0,35194420510,229217
0,35196714869,229225
0,35199009231,229233
0,35201303571,229241
0,35203597933,229249
0,35205892293,229257
0,35208186656,229265
0,35210480996,229273
0,35212775356,229281
0,35215069718,229289
0,35217364058,229297
0,35219658420,229305
0,35221952781,229313
0,35224247122,229321
0,35226541483,229329
0,35228835843,229337
0,35231130205,229345
0,35233424547,229353
0,35235718907,229361
0,35238013268,229369
0,35240307609,229377
0,35242601971,229385
0,35244896332,229393
0,35247190694,229401
0,35249485033,229409
0,35251779394,229417
0,35254073755,229425
0,35256368097,229433
0,35258662458,229441
0,35260956819,229449
0,35263251161,229457
0,35265545520,229465
0,35267839882,229473
0,35270134243,229481
0,35272428585,229489
0,35274722945,229497
0,35277017306,229505
0,35279311648,229513
0,35281606010,229521
0,35283900370,229529
0,35286194732,229537
0,35288489071,229545
0,35290783433,229553
0,35293077794,229561
0,35295372136,229569
0,35297666496,229577
0,35299960857,229585
0,35302255201,229593
0,35304549561,229601
0,35306843922,229609
0,35309138283,229617
0,35311432624,229625
0,35313726985,229633
0,35316021347,229641
0,35318315688,229649
0,35320610048,229657
0,35322904409,229665
0,35325198772,229673
0,35327493114,229681
0,35329787474,229689
0,35332081836,229697
0,35334376176,229705
0,35336670537,229713
0,35338964899,229721
0,35341259241,229729
0,35343553600,229737
0,35345847962,229745
0,35348142323,229753
0,35350436665,229761
0,35352731025,229769
0,35355025386,229777
0,35357319729,229785
0,35359614089,229793
0,35361908451,229801
0,35364202812,229809
0,35366497154,229817
0,35368791515,229825
0,35371085877,229833
0,35373380217,229841
0,35375674579,229849
0,35377968941,229857
0,35380263283,229865
0,35382557643,229873
0,35384852004,229881
0,35387146365,229889
0,35389440708,229897
0,35391735069,229905
0,35394029429,229913
0,35396323771,229921
0,35398618132,229929
0,35400912494,229937
0,35403206855,229945
0,35405501195,229953
0,35407795557,229961
0,35410089918,229969
0,35412384260,229977
0,35414678619,229985
0,35416972981,229993
0,35419267323,230001
0,35421561684,230009
0,35423856044,230017
0,35426150407,230025
0,35428444748,230033
0,35430739109,230041
0,35433033470,230049
0,35435327812,230057
0,35437622173,230065
0,35439916534,230073
0,35442210895,230081
0,35444505236,230089
0,35446799598,230097
0,35449093959,230105
0,35451388300,230113
0,35453682661,230121
0,35455977023,230129
0,35458271365,230137
0,35460565724,230145
0,35462860086,230153
0,35465154447,230161
0,35467448789,230169
0,35469743149,230177
0,35472037510,230185
0,35474331852,230193
0,35476626214,230201
0,35478920576,230209
0,35481214938,230217
0,35483509278,230225
0,35485803639,230233
0,35488098001,230241
0,35490392342,230249
0,35492686704,230257
0,35494981064,230265
0,35497275406,230273
0,35499569766,230281
0,35501864128,230289
0,35504158491,230297
0,35506452830,230305
0,35508747192,230313
0,35511041554,230321
0,35513335896,230329
0,35515630257,230337
0,35517924619,230345
0,35520218980,230353
0,35522513320,230361
0,35524807681,230369
0,35527102044,230377
0,35529396385,230385
0,35531690746,230393
0,35533985107,230401
0,35536279449,230409
0,35538573810,230417
0,35540868170,230425
0,35543162533,230433
0,35545456874,230441
0,35547751234,230449
0,35550045595,230457
0,35552339937,230465
0,35554634299,230473
0,35556928659,230481
0,35559223002,230489
0,35561517363,230497
0,35563811723,230505
0,35566106086,230513
0,35568400426,230521
0,35570694788,230529
0,35572989149,230537
0,35575283491,230545
0,35577577852,230553
0,35579872213,230561
0,35582166574,230569
0,35584460916,230577
0,35586755276,230585
0,35589049639,230593
0,35591343981,230601
0,35593638341,230609
0,35595932703,230617
0,35598227044,230625
0,35600521405,230633
0,35602815765,230641
0,35605110128,230649
0,35607404470,230657
0,35609698830,230665
0,35611993192,230673
0,35614287536,230681
0,35616581897,230689
0,35618876258,230697
0,35621170619,230705
0,35623464960,230713
0,35625759321,230721
0,35628053684,230729
0,35630348026,230737
0,35632642387,230745
0,35634936748,230753
0,35637231092,230761
0,35639525452,230769
0,35641819813,230777
0,35644114174,230785
0,35646408516,230793
0,35648702877,230801
0,35650997238,230809
0,35653291581,230817
0,35655585941,230825
0,35657880303,230833
0,35660174664,230841
0,35662469006,230849
0,35664763366,230857
0,35667057729,230865
0,35669352070,230873
0,35671646431,230881
0,35673940792,230889
0,35676235134,230897
0,35678529496,230905
0,35680823856,230913
0,35683118219,230921
0,35685412560,230929
0,35687706921,230937
0,35690001282,230945
0,35692295624,230953
0,35694589986,230961
0,35696884346,230969
0,35699178709,230977
0,35701473050,230985
0,35703767410,230993
0,35706061773,231001
0,35708356114,231009
0,35710650475,231017
0,35712944837,231025
0,35715239178,231033
0,35717533540,231041
0,35719827900,231049
0,35722122263,231057
0,35724416604,231065
0,35726710965,231073
0,35729005326,231081
0,35731299669,231089
0,35733594029,231097
0,35735888391,231105
0,35738182753,231113
0,35740477093,231121
0,35742771455,231129
0,35745065817,231137
0,35747360158,231145
0,35749654518,231153
0,35751948881,231161
0,35754243222,231169
0,35756537583,231177
0,35758831945,231185
0,35761126306,231193
0,35763420648,231201
0,35765715009,231209
0,35768009371,231217
0,35770303712,231225
0,35772598074,231233
0,35774892436,231241
0,35777186797,231249
0,35779481139,231257
0,35781775499,231265
0,35784069862,231273
0,35786364202,231281
0,35788658564,231289
0,35790952925,231297
0,35793247267,231305
0,35795541629,231313
0,35797835989,231321
0,35800130352,231329
0,35802424693,231337
0,35804719054,231345
0,35807013417,231353
0,35809307758,231361
0,35811602119,231369
0,35813896481,231377
0,35816190842,231385
0,35818485183,231393
0,35820779545,231401
0,35823073907,231409
0,35825368248,231417
0,35827662609,231425
0,35829956970,231433
0,35832251313,231441
0,35834545673,231449
0,35836840035,231457
0,35839134397,231465
0,35841428738,231473
0,35843723100,231481
0,35846017461,231489
0,35848311804,231497
0,35850606164,231505
0,35852900526,231513
0,35855194890,231521
0,35857489230,231529
0,35859783591,231537
0,35862077954,231545
0,35864372295,231553
0,35866666656,231561
0,35868961019,231569
0,35871255361,231577
0,35873549722,231585
0,35875844083,231593
0,35878138445,231601
0,35880432787,231609
0,35882727147,231617
0,35885021509,231625
0,35887315852,231633
0,35889610212,231641
0,35891904574,231649
0,35894198935,231657
0,35896493277,231665
0,35898787638,231673
0,35901082000,231681
0,35903376343,231689
0,35905670703,231697
0,35907965065,231705
0,35910259407,231713
0,35912553768,231721
0,35914848129,231729
0,35917142492,231737
0,35919436834,231745
0,35921731194,231753
0,35924025556,231761
0,35926319898,231769
0,35928614261,231777
0,35930908624,231785
0,35933202986,231793
0,35935497327,231801
0,35937791687,231809
0,35940086051,231817
0,35942380391,231825
0,35944674753,231833
0,35946969114,231841
0,35949263458,231849
0,35951557819,231857
0,35953852180,231865
0,35956146542,231873
0,35958440883,231881
0,35960735245,231889
0,35963029607,231897
0,35965323949,231905
0,35967618312,231913
0,35969912672,231921
0,35972207036,231929
0,35974501378,231937
0,35976795738,231945
0,35979090101,231953
0,35981384442,231961
0,35983678803,231969
0,35985973165,231977
0,35988267506,231985
0,35990561868,231993
0,35992856229,232001
0,35995150592,232009
0,35997444933,232017
0,35999739294,232025
0,36002033656,232033
0,36004327998,232041
0,36006622359,232049
0,36008916721,232057
0,36011211064,232065
0,36013505424,232073
0,36015799786,232081
0,36018094147,232089
0,36020388489,232097
0,36022682851,232105
0,36024977212,232113
0,36027271554,232121
0,36029565916,232129
0,36031860277,232137
0,36034154640,232145
0,36036448981,232153
0,36038743342,232161
0,36041037704,232169
0,36043332046,232177
0,36045626407,232185
0,36047920769,232193
0,36050215112,232201
0,36052509472,232209
0,36054803834,232217
0,36057098196,232225
0,36059392537,232233
0,36061686899,232241
0,36063981260,232249
0,36066275603,232257
0,36068569964,232265
0,36070864326,232273
0,36073158688,232281
0,36075453029,232289
0,36077747391,232297
0,36080041753,232305
0,36082336096,232313
0,36084630455,232321
0,36086924818,232329
0,36089219160,232337
0,36091513521,232345
0,36093807884,232353
0,36096102245,232361
0,36098396588,232369
0,36100690948,232377
0,36102985310,232385
0,36105279653,232393
0,36107574014,232401
0,36109868377,232409
0,36112162738,232417
0,36114457080,232425
0,36116751441,232433
0,36119045804,232441
0,36121340145,232449
0,36123634507,232457
0,36125928869,232465
0,36128223211,232473
0,36130517572,232481
0,36132811934,232489
0,36135106296,232497
0,36137400637,232505
0,36139694998,232513
0,36141989360,232521
0,36144283704,232529
0,36146578063,232537
0,36148872426,232545
0,36151166788,232553
0,36153461129,232561
0,36155755491,232569
0,36158049853,232577
0,36160344195,232585
0,36162638555,232593
0,36164932918,232601
0,36167227260,232609
0,36169521622,232617
0,36171815982,232625
0,36174110345,232633
0,36176404687,232641
0,36178699048,232649
0,36180993410,232657
0,36183287753,232665
0,36185582113,232673
0,36187876476,232681
0,36190170839,232689
0,36192465178,232697
0,36194759541,232705
0,36197053903,232713
0,36199348245,232721
0,36201642605,232729
0,36203936969,232737
0,36206231310,232745
0,36208525672,232753
0,36210820032,232761
0,36213114395,232769
0,36215408737,232777
0,36217703099,232785
0,36219997460,232793
0,36222291803,232801
0,36224586163,232809
0,36226880526,232817
0,36229174889,232825
0,36231469229,232833
0,36233763591,232841
0,36236057953,232849
0,36238352296,232857
0,36240646656,232865
0,36242941020,232873
0,36245235361,232881
0,36247529723,232889
0,36249824084,232897
0,36252118448,232905
0,36254412787,232913
0,36256707150,232921
0,36259001510,232929
0,36261295854,232937
0,36263590215,232945
0,36265884578,232953
0,36268178940,232961
0,36270473282,232969
0,36272767642,232977
0,36275062007,232985
0,36277356347,232993
0,36279650709,233001
0,36281945070,233009
0,36284239413,233017
0,36286533774,233025
0,36288828136,233033
0,36291122498,233041
0,36293416840,233049
0,36295711201,233057
0,36298005563,233065
0,36300299905,233073
0,36302594268,233081
0,36304888628,233089
0,36307182992,233097
0,36309477333,233105
0,36311771694,233113
0,36314066057,233121
0,36316360399,233129
0,36318654759,233137
0,36320949122,233145
0,36323243464,233153
0,36325537826,233161
0,36327832186,233169
0,36330126550,233177
0,36332420891,233185
0,36334715254,233193
0,36337009615,233201
0,36339303958,233209
0,36341598319,233217
0,36343892681,233225
0,36346187043,233233
0,36348481386,233241
0,36350775746,233249
0,36353070111,233257
0,36355364452,233265
0,36357658813,233273
0,36359953176,233281
0,36362247518,233289
0,36364541879,233297
0,36366836240,233305
0,36369130603,233313
0,36371424945,233321
0,36373719307,233329
0,36376013669,233337
0,36378308012,233345
0,36380602372,233353
0,36382896736,233361
0,36385191097,233369
0,36387485440,233377
0,36389779801,233385
0,36392074164,233393
0,36394368505,233401
0,36396662867,233409
0,36398957228,233417
0,36401251572,233425
0,36403545932,233433
0,36405840294,233441
0,36408134656,233449
0,36410428999,233457
0,36412723361,233465
0,36415017722,233473
0,36417312066,233481
0,36419606426,233489
0,36421900790,233497
0,36424195151,233505
0,36426489493,233513
0,36428783854,233521
0,36431078217,233529
0,36433372558,233537
0,36435666921,233545
0,36437961283,233553
0,36440255625,233561
0,36442549987,233569
0,36444844348,233577
0,36447138712,233585
0,36449433052,233593
0,36451727415,233601
0,36454021776,233609
0,36456316119,233617
0,36458610480,233625
0,36460904842,233633
0,36463199204,233641
0,36465493547,233649
0,36467787908,233657
0,36470082271,233665
0,36472376613,233673
0,36474670973,233681
0,36476965337,233689
0,36479259678,233697
0,36481554040,233705
0,36483848402,233713
0,36486142764,233721
0,36488437107,233729
0,36490731467,233737
0,36493025831,233745
0,36495320172,233753
0,36497614534,233761
0,36499908896,233769
0,36502203238,233777
0,36504497600,233785
0,36506791962,233793
0,36509086325,233801
0,36511380666,233809
0,36513675028,233817
0,36515969389,233825
0,36518263733,233833
0,36520558093,233841
0,36522852456,233849
0,36525146818,233857
0,36527441160,233865
0,36529735522,233873
0,36532029883,233881
0,36534324227,233889
0,36536618586,233897
0,36538912950,233905
0,36541207293,233913
0,36543501653,233921
0,36545796016,233929
0,36548090379,233937
0,36550384722,233945
0,36552679083,233953
0,36554973445,233961
0,36557267789,233969
0,36559562149,233977
0,36561856512,233985
0,36564150873,233993
0,36566445216,234001
0,36568739578,234009
0,36571033940,234017
0,36573328282,234025
0,36575622645,234033
0,36577917008,234041
0,36580211349,234049
0,36582505712,234057
0,36584800074,234065
0,36587094436,234073
0,36589388779,234081
0,36591683140,234089
0,36593977503,234097
0,36596271846,234105
0,36598566207,234113
0,36600860570,234121
0,36603154931,234129
0,36605449274,234137
0,36607743635,234145
0,36610037998,234153
0,36612332341,234161
0,36614626700,234169
0,36616921064,234177
0,36619215406,234185
0,36621509767,234193
0,36623804130,234201
0,36626098492,234209
0,36628392834,234217
0,36630687195,234225
0,36632981557,234233
0,36635275901,234241
0,36637570261,234249
0,36639864624,234257
0,36642158985,234265
0,36644453328,234273
0,36646747690,234281
0,36649042052,234289
0,36651336394,234297
0,36653630756,234305
0,36655925119,234313
0,36658219461,234321
0,36660513822,234329
0,36662808184,234337
0,36665102547,234345
0,36667396889,234353
0,36669691251,234361
0,36671985612,234369
0,36674279956,234377
0,36676574318,234385
0,36678868679,234393
0,36681163042,234401
0,36683457384,234409
0,36685751746,234417
0,36688046109,234425
0,36690340450,234433
0,36692634812,234441
0,36694929175,234449
0,36697223517,234457
0,36699517879,234465
0,36701812240,234473
0,36704106604,234481
0,36706400946,234489
0,36708695306,234497
0,36710989670,234505
0,36713284012,234513
0,36715578373,234521
0,36717872737,234529
0,36720167099,234537
0,36722461442,234545
0,36724755803,234553
0,36727050166,234561
0,36729344509,234569
0,36731638869,234577
0,36733933232,234585
0,36736227575,234593
0,36738521936,234601
0,36740816298,234609
0,36743110662,234617
0,36745405002,234625
0,36747699364,234633
0,36749993728,234641
0,36752288070,234649
0,36754582431,234657
0,36756876793,234665
0,36759171156,234673
0,36761465499,234681
0,36763759861,234689
0,36766054224,234697
0,36768348566,234705
0,36770642927,234713
0,36772937290,234721
0,36775231632,234729
0,36777525994,234737
0,36779820356,234745
0,36782114719,234753
0,36784409061,234761
0,36786703423,234769
0,36788997785,234777
0,36791292127,234785
0,36793586490,234793
0,36795880852,234801
0,36798175214,234809
0,36800469557,234817
0,36802763919,234825
0,36805058281,234833
0,36807352624,234841
0,36809646984,234849
0,36811941347,234857
0,36814235690,234865
0,36816530052,234873
0,36818824414,234881
0,36821118778,234889
0,36823413119,234897
0,36825707482,234905
0,36828001845,234913
0,36830296187,234921
0,36832590550,234929
0,36834884911,234937
0,36837179274,234945
0,36839473617,234953
0,36841767978,234961
0,36844062342,234969
0,36846356685,234977
0,36848651046,234985
0,36850945408,234993
0,36853239752,235001
0,36855534113,235009
0,36857828474,235017
0,36860122838,235025
0,36862417181,235033
0,36864711542,235041
0,36867005905,235049
0,36869300248,235057
0,36871594609,235065
0,36873888972,235073
0,36876183336,235081
0,36878477678,235089
0,36880772039,235097
0,36883066403,235105
0,36885360744,235113
0,36887655107,235121
0,36889949471,235129
0,36892243812,235137
0,36894538175,235145
0,36896832536,235153
0,36899126899,235161
0,36901421242,235169
0,36903715603,235177
0,36906009965,235185
0,36908304310,235193
0,36910598671,235201
0,36912893033,235209
0,36915187397,235217
0,36917481739,235225
0,36919776100,235233
0,36922070464,235241
0,36924364806,235249
0,36926659167,235257
0,36928953529,235265
0,36931247873,235273
0,36933542234,235281
0,36935836596,235289
0,36938130960,235297
0,36940425304,235305
0,36942719664,235313
0,36945014027,235321
0,36947308371,235329
0,36949602731,235337
0,36951897094,235345
0,36954191437,235353
0,36956485799,235361
0,36958780160,235369
0,36961074524,235377
0,36963368866,235385
0,36965663228,235393
0,36967957590,235401
0,36970251934,235409
0,36972546294,235417
0,36974840656,235425
0,36977135021,235433
0,36979429363,235441
0,36981723723,235449
0,36984018087,235457
0,36986312429,235465
0,36988606791,235473
0,36990901154,235481
0,36993195497,235489
0,36995489860,235497
0,36997784221,235505
0,37000078585,235513
0,37002372927,235521
0,37004667288,235529
0,37006961651,235537
0,37009255994,235545
0,37011550354,235553
0,37013844717,235561
0,37016139081,235569
0,37018433422,235577
0,37020727784,235585
0,37023022148,235593
0,37025316490,235601
0,37027610851,235609
0,37029905214,235617
0,37032199557,235625
0,37034493919,235633
0,37036788280,235641
0,37039082644,235649
0,37041376987,235657
0,37043671347,235665
0,37045965710,235673
0,37048260054,235681
0,37050554416,235689
0,37052848778,235697
0,37055143141,235705
0,37057437484,235713
0,37059731845,235721
0,37062026210,235729
0,37064320551,235737
0,37066614914,235745
0,37068909276,235753
0,37071075654,235761
0,37073369994,235769
0,37075664350,235777
0,37077958707,235785
0,37080253048,235793
0,37082547404,235801
0,37084841762,235809
0,37087136115,235817
0,37089430456,235825
0,37091724817,235833
0,37094019170,235841
0,37096313509,235849
0,37098607862,235857
0,37100902225,235865
0,37103196578,235873
0,37105490916,235881
0,37107785279,235889
0,37110079634,235897
0,37112373970,235905
0,37114668327,235913
0,37116962691,235921
0,37119257025,235929
0,37121551382,235937
0,37123845746,235945
0,37126140095,235953
0,37128434436,235961
0,37130728797,235969
0,37133023150,235977
0,37135317490,235985
0,37137611845,235993
0,37139906204,236001
0,37142200556,236009
0,37144494896,236017
0,37146789260,236025
0,37149083612,236033
0,37151377950,236041
0,37153672309,236049
0,37155966669,236057
0,37158261004,236065
0,37160555364,236073
0,37162849724,236081
0,37165144074,236089
0,37167438416,236097
0,37169732778,236105
0,37172027130,236113
0,37174321473,236121
0,37176615826,236129
0,37178910186,236137
0,37181204541,236145
0,37183498881,236153
0,37185793239,236161
0,37188087595,236169
0,37190381934,236177
0,37192654028,236185
0,37192697228,236193
0,37194845997,236201
0,37197140358,236209
0,37199434706,236217
0,37201729080,236225
0,37204023444,236233
0,37206317788,236241
0,37208612158,236249
0,37210906525,236257
0,37213200887,236265
0,37215495236,236273
0,37217789610,236281
0,37220083970,236289
0,37222378317,236297
0,37224672687,236305
0,37226967055,236313
0,37229261401,236321
0,37231555769,236329
0,37233850141,236337
0,37236144498,236345
0,37238438846,236353
0,37240733223,236361
0,37243027584,236369
0,37245321931,236377
0,37247616302,236385
0,37249910669,236393
0,37252205029,236401
0,37254499385,236409
0,37256793753,236417
0,37259088113,236425
0,37261382463,236433
0,37263676831,236441
0,37265971196,236449
0,37268265545,236457
0,37270559914,236465
0,37272854279,236473
0,37275148640,236481
0,37277442990,236489
0,37279737363,236497
0,37282031726,236505
0,37284326075,236513
0,37286620442,236521
0,37288914810,236529
0,37291209173,236537
0,37293503528,236545
0,37295797897,236553
0,37298092258,236561
0,37300386605,236569
0,37302680974,236577
0,37304975342,236585
0,37307269689,236593
0,37309564055,236601
0,37311858423,236609
0,37314152785,236617
0,37316447134,236625
0,37318741508,236633
0,37321035871,236641
0,37323330217,236649
0,37325624585,236657
0,37327918956,236665
0,37330213315,236673
0,37332507669,236681
0,37334802042,236689
0,37337096401,236697
0,37339390748,236705
0,37341685119,236713
0,37343979485,236721
0,37346273831,236729
0,37348568201,236737
0,37350862568,236745
0,37353156929,236753
0,37355451277,236761
0,37357745651,236769
0,37360040013,236777
0,37362334361,236785
0,37364628730,236793
0,37366923096,236801
0,37369217458,236809
0,37371511814,236817
0,37373806184,236825
0,37376100544,236833
0,37378394892,236841
0,37380689263,236849
0,37382983626,236857
0,37385277976,236865
0,37387572346,236873
0,37389866710,236881
0,37392161072,236889
0,37394455422,236897
0,37396749795,236905
0,37399044157,236913
0,37401338506,236921
0,37403632871,236929
0,37405927241,236937
0,37408221603,236945
0,37410515955,236953
0,37412810325,236961
0,37415104687,236969
0,37417399033,236977
0,37419693403,236985
0,37421987770,236993
0,37424282117,237001
0,37426576487,237009
0,37428870853,237017
0,37431165217,237025
0,37433459566,237033
0,37435753940,237041
0,37438048302,237049
0,37440342650,237057
0,37442637018,237065
0,37444931388,237073
0,37447225747,237081
0,37449520100,237089
0,37451814472,237097
0,37454108829,237105
0,37456403178,237113
0,37458697550,237121
0,37460991915,237129
0,37463286261,237137
0,37465580633,237145
0,37467875000,237153
0,37470169360,237161
0,37472463711,237169
0,37474758084,237177
0,37477052446,237185
0,37479346794,237193
0,37481641164,237201
0,37483935530,237209
0,37486229893,237217
0,37488524248,237225
0,37490818615,237233
0,37493112974,237241
0,37495407324,237249
0,37497701694,237257
0,37499996058,237265
0,37502290408,237273
0,37504584778,237281
0,37506879144,237289
0,37509173506,237297
0,37511467856,237305
0,37513762229,237313
0,37516056592,237321
0,37518350942,237329
0,37520645309,237337
0,37522939677,237345
0,37525234025,237353
0,37527528392,237361
0,37529822759,237369
0,37532117121,237377
0,37534411468,237385
0,37536705844,237393
0,37539000206,237401
0,37541294554,237409
0,37543588923,237417
0,37545883293,237425
0,37548177654,237433
0,37550472002,237441
0,37552766378,237449
0,37555060738,237457
0,37557355086,237465
0,37559649456,237473
0,37561943824,237481
0,37564238169,237489
0,37566532537,237497
0,37568826908,237505
0,37571121267,237513
0,37573415616,237521
0,37575709992,237529
0,37578004353,237537
0,37580298699,237545
0,37582593070,237553
0,37584887437,237561
0,37587181798,237569
0,37589476148,237577
0,37591770523,237585
0,37594064883,237593
0,37596359231,237601
0,37598653604,237609
0,37600947969,237617
0,37603242315,237625
0,37605536686,237633
0,37607831053,237641
0,37610125412,237649
0,37612419763,237657
0,37614714134,237665
0,37617008498,237673
0,37619302846,237681
0,37621597215,237689
0,37623891583,237697
0,37626185945,237705
0,37628480294,237713
0,37630774667,237721
0,37633069031,237729
0,37635363379,237737
0,37637657748,237745
0,37639952116,237753
0,37642246464,237761
0,37644540831,237769
0,37646835201,237777
0,37649129562,237785
0,37651423910,237793
0,37653718282,237801
0,37656012646,237809
0,37658306995,237817
0,37660601361,237825
0,37662895732,237833
0,37665190092,237841
0,37667484441,237849
0,37669778817,237857
0,37672073178,237865
0,37674367523,237873
0,37676661896,237881
0,37678956263,237889
0,37681250608,237897
0,37683544980,237905
0,37685839350,237913
0,37688133707,237921
0,37690428055,237929
0,37692722432,237937
0,37695016793,237945
0,37697311140,237953
0,37699605510,237961
0,37701899878,237969
0,37704194238,237977
0,37706488593,237985
0,37708782963,237993
0,37711077324,238001
0,37713371672,238009
0,37715666043,238017
0,37717960410,238025
0,37720254756,238033
0,37722549128,238041
0,37724843492,238049
0,37727137853,238057
0,37729432205,238064
0,37731726578,238071
0,37734020939,238078
0,37736315290,238085
0,37738609655,238092
0,37740904024,238099
0,37743198387,238106
0,37745492739,238113
0,37747787109,238120
0,37750081473,238127
0,37752375820,238134
0,37754670190,238141
0,37756964559,238148
0,37759258904,238155
0,37761553275,238162
0,37763847640,238169
0,37766142005,238176
0,37768436353,238183
0,37770730725,238190
0,37773025088,238197
0,37775319438,238204
0,37777613805,238211
0,37779908175,238218
0,37782202536,238225
0,37784496889,238232
0,37786791260,238239
0,37789085621,238246
0,37791379967,238253
0,37793674341,238260
0,37795968710,238267
0,37798263055,238274
0,37800557426,238281
0,37802851794,238288
0,37805146155,238295
0,37807440505,238302
0,37809734881,238309
0,37812029240,238316
0,37814323588,238323
0,37816617957,238330
0,37818912326,238337
0,37821206686,238344
0,37823501041,238351
0,37825795412,238358
0,37828089772,238365
0,37830384119,238372
0,37832678492,238379
0,37834972857,238386
0,37837267205,238393
0,37839561579,238400
0,37841855943,238407
0,37844150304,238414
0,37846444658,238421
0,37848739030,238428
0,37851033391,238435
0,37853327741,238442
0,37855622109,238449
0,37857916475,238456
0,37860210838,238463
0,37862505192,238470
0,37864799562,238477
0,37867093925,238484
0,37869388271,238491
0,37871682641,238498
0,37873977007,238505
0,37876271356,238512
0,37878565727,238519
0,37880860094,238526
0,37883154456,238533
0,37885448806,238540
0,37887743178,238547
0,37890037542,238554
0,37892331890,238561
0,37894626257,238568
0,37896920626,238575
0,37899214988,238582
0,37901509340,238589
0,37903803712,238596
0,37906098073,238603
0,37908392419,238610
0,37910686791,238617
0,37912981158,238624
0,37915275504,238631
0,37917569875,238638
0,37919864245,238645
0,37922158604,238652
0,37924452954,238659
0,37926747329,238666
0,37929041690,238673
0,37931336040,238680
0,37933630407,238687
0,37935924776,238694
0,37938219137,238701
0,37940513490,238708
0,37942807862,238715
0,37945102219,238722
0,37947396569,238729
0,37949690942,238736
0,37951985306,238743
0,37954279653,238750
0,37956574027,238757
0,37958868394,238764
0,37961162753,238771
0,37963457105,238778
0,37965751479,238785
0,37968045839,238792
0,37970340190,238799
0,37972634559,238806
0,37974928924,238813
0,37977223288,238820
0,37979517643,238827
0,37981812010,238834
0,37984106370,238841
0,37986400721,238848
0,37988695095,238855
0,37990989457,238862
0,37993283806,238869
0,37995578174,238876
0,37997872543,238883
0,38000166906,238890
0,38002461255,238897
0,38004755628,238904
0,38007049991,238911
0,38009344341,238918
0,38011638708,238925
0,38013933077,238932
0,38016227427,238939
0,38018521792,238946
0,38020816163,238953
0,38023110523,238960
0,38025404870,238967
0,38027699247,238974
0,38029993609,238981
0,38032287957,238988
0,38034582326,238995
0,38036876698,239002
0,38039171058,239009
0,38041465409,239016
0,38043759784,239023
0,38046054145,239030
0,38048348494,239037
0,38050642865,239044
0,38052937231,239051
0,38055231578,239058
0,38057525947,239065
0,38059820318,239072
0,38062114676,239079
0,38064409024,239086
0,38066703402,239093
0,38068997762,239100
0,38071292111,239107
0,38073586482,239114
0,38075880850,239121
0,38078175210,239128
0,38080469562,239135
0,38082763936,239142
0,38085058297,239149
0,38087352647,239156
0,38089647016,239163
0,38091941381,239170
0,38094235730,239177
0,38096530099,239184
0,38098824468,239191
0,38101118829,239198
0,38103413179,239205
0,38105707553,239212
0,38108001914,239219
0,38110296266,239226
0,38112590634,239233
0,38114885003,239240
0,38117179364,239247
0,38119473715,239254
0,38121768087,239261
0,38124062451,239268
0,38126356801,239275
0,38128651168,239282
0,38130945536,239289
0,38133239885,239296
0,38135534251,239303
0,38137828621,239310
0,38140122983,239317
0,38142417330,239324
0,38144711707,239331
0,38147006070,239338
0,38149300417,239345
0,38151594787,239352
0,38153889157,239359
0,38156183517,239366
0,38158477866,239373
0,38160772242,239380
0,38163066605,239387
0,38165360950,239394
0,38167655322,239401
0,38169949691,239408
0,38172244037,239415
0,38174538405,239422
0,38176832775,239429
0,38179127135,239436
0,38181421483,239443
0,38183715861,239450
0,38186010222,239457
0,38188304570,239464
0,38190598940,239471
0,38192893310,239478
0,38195187670,239485
0,38197482025,239492
0,38199776396,239499
0,38202070756,239506
0,38204365105,239513
0,38206659476,239520
0,38208953843,239527
0,38211248191,239534
0,38213542561,239541
0,38215836928,239548
0,38218131289,239555
0,38220425640,239562
0,38222720014,239569
0,38225014376,239576
0,38227308725,239583
0,38229603095,239590
0,38231897462,239597
0,38234191826,239604
0,38236486182,239611
0,38238780550,239618
0,38241074911,239625
0,38243369261,239632
0,38245663629,239639
0,38247957997,239646
0,38250252348,239653
0,38252546716,239660
0,38254841085,239667
0,38257135449,239674
0,38259429797,239681
0,38261724171,239688
0,38264018534,239695
0,38266312883,239702
0,38268607252,239709
0,38270901621,239716
0,38273195984,239723
0,38275490338,239730
0,38277784706,239737
0,38280079071,239744
0,38282373417,239751
0,38284667788,239758
0,38286962155,239765
0,38289256504,239772
0,38291550872,239779
0,38293845243,239786
0,38296139603,239793
0,38298433951,239800
0,38300728329,239807
0,38303022690,239814
0,38305317036,239821
0,38307611409,239828
0,38309905778,239835
0,38312200137,239842
0,38314494492,239849
0,38316788865,239856
0,38319083223,239863
0,38321377571,239870
0,38323671942,239877
0,38325966309,239884
0,38328260658,239891
0,38330555027,239898
0,38332849396,239905
0,38335143757,239912
0,38337438107,239919
0,38339732483,239926
0,38342026844,239933
0,38344321193,239940
0,38346615564,239947
0,38348909930,239954
0,38351204293,239961
0,38353498650,239968
0,38355793018,239975
0,38358087379,239982
0,38360381728,239989
0,38362676098,239996
0,38364970464,240003
0,38367264812,240010
0,38369559183,240017
0,38371853550,240024
0,38374147912,240031
0,38376442263,240038
0,38378736638,240045
0,38381030998,240052
0,38383325349,240059
0,38385619719,240066
0,38387914086,240073
0,38390208449,240080
0,38392502803,240087
0,38394797172,240094
0,38397091535,240101
0,38399385884,240108
0,38401680250,240115
0,38403974621,240122
0,38406268969,240129
0,38408563337,240136
0,38410857707,240143
0,38413152069,240150
0,38415446417,240157
0,38417740794,240164
0,38420035156,240171
0,38422329504,240178
0,38424623875,240185
0,38426918243,240192
0,38429212605,240199
0,38431506960,240206
0,38433801330,240213
0,38436095689,240220
0,38438390039,240227
0,38440684415,240234
0,38442978780,240241
0,38445273125,240248
0,38447567496,240255
0,38449861866,240262
0,38452156226,240269
0,38454450577,240276
0,38456744955,240283
0,38459039314,240290
0,38461333664,240297
0,38463628035,240304
0,38465922402,240311
0,38468216765,240318
0,38470511120,240325
0,38472805490,240332
0,38475099849,240339
0,38477394197,240346
0,38479688576,240353
0,38481982936,240360
0,38484277284,240367
0,38486571655,240374
0,38488866023,240381
0,38491160383,240388
0,38493454738,240395
0,38495749112,240402
0,38498043472,240409
0,38500337823,240416
0,38502632192,240423
0,38504926560,240430
0,38507220908,240437
0,38509515279,240444
0,38511809646,240451
0,38514104006,240458
0,38516398357,240465
0,38518692731,240472
0,38520987095,240479
0,38523281446,240486
0,38525575813,240493
0,38527870182,240500
0,38530164546,240507
0,38532458895,240514
0,38534753270,240521
0,38537047631,240528
0,38539341982,240535
0,38541636350,240542
0,38543930718,240549
0,38546225067,240556
0,38548519434,240563
0,38550813805,240570
0,38553108167,240577
0,38555402513,240584
0,38557696890,240591
0,38559991253,240598
0,38562285600,240605
0,38564579972,240612
0,38566874341,240619
0,38569168703,240626
0,38571463053,240633
0,38573757428,240640
0,38576051790,240647
0,38578346138,240654
0,38580640509,240661
0,38582934877,240668
0,38585229223,240675
0,38587523592,240682
0,38589817964,240689
0,38592112324,240696
0,38594406672,240703
0,38596701050,240710
0,38598995411,240717
0,38601289758,240724
0,38603584131,240731
0,38605878499,240738
0,38608172860,240745
0,38610467210,240752
0,38612761586,240759
0,38615055947,240766
0,38617350295,240773
0,38619644666,240780
0,38621939034,240787
0,38624233381,240794
0,38626527753,240801
0,38628822119,240808
0,38631116481,240815
0,38633410831,240822
0,38635705209,240829
0,38637999570,240836
0,38640293918,240843
0,38642588290,240850
0,38644882656,240857
0,38647177021,240864
0,38649471372,240871
0,38651765746,240878
0,38654060107,240885
0,38656354456,240892
0,38658648827,240899
0,38660943194,240906
0,38663237544,240913
0,38665531913,240920
0,38667826281,240927
0,38670120644,240934
0,38672414994,240941
0,38674709369,240948
0,38677003731,240955
0,38679298082,240962
0,38681592450,240969
0,38683886819,240976
0,38686181182,240983
0,38688475536,240990
0,38690769905,240997
0,38693064269,241004
0,38695358618,241011
0,38697652985,241018
0,38699947358,241025
0,38702241702,241032
0,38704536072,241039
0,38706830442,241046
0,38709124803,241053
0,38711419154,241060
0,38713713530,241067
0,38716007893,241074
0,38718302241,241081
0,38720596610,241088
0,38722890980,241095
0,38725185343,241102
0,38727479697,241109
0,38729774068,241116
0,38732068430,241123
0,38734362775,241130
0,38736657150,241137
0,38738951518,241144
0,38741245865,241151
0,38743540236,241158
0,38745834606,241165
0,38748128965,241172
0,38750423315,241179
0,38752717694,241186
0,38755012052,241193
0,38757306404,241200
0,38759600772,241207
0,38761895143,241214
0,38764189504,241221
0,38766483860,241228
0,38768778229,241235
0,38771072595,241242
0,38773366940,241249
0,38775661313,241256
0,38777955678,241263
0,38780250027,241270
0,38782544400,241277
0,38784838767,241284
0,38787133128,241291
0,38789427481,241298
0,38791721855,241305
0,38794016214,241312
0,38796310566,241319
0,38798604936,241326
0,38800899303,241333
0,38803193667,241340
0,38805488022,241347
0,38807782390,241354
0,38810076756,241361
0,38812371102,241368
0,38814665474,241375
0,38816959840,241382
0,38819254191,241389
0,38821548560,241396
0,38823842927,241403
0,38826137292,241410
0,38828431640,241417
0,38830726016,241424
0,38833020377,241431
0,38835314728,241438
0,38837609095,241445
0,38839903466,241452
0,38842197828,241459
0,38844492182,241466
0,38846786553,241473
0,38849080916,241480
0,38851375263,241487
0,38853669636,241494
0,38855964002,241501
0,38858258352,241508
0,38860552721,241515
0,38862847092,241522
0,38865141453,241529
0,38867435803,241536
0,38869730178,241543
0,38872024542,241550
0,38874318891,241557
0,38876613259,241564
0,38878907630,241571
0,38881201991,241578
0,38883496345,241585
0,38885790719,241592
0,38888085075,241599
0,38890379427,241606
0,38892673804,241613
0,38894968165,241620
0,38897262514,241627
0,38899556885,241634
0,38901851253,241641
0,38904145614,241648
0,38906439965,241655
0,38908734341,241662
0,38911028703,241669
0,38913323051,241676
0,38915617423,241683
0,38917911791,241690
0,38920206151,241697
0,38922500509,241704
0,38924794880,241711
0,38927089239,241718
0,38929383590,241725
0,38931677966,241732
0,38933972326,241739
0,38936266678,241746
0,38938561047,241753
0,38940855414,241760
0,38943149778,241767
0,38945444129,241774
0,38947738503,241781
0,38950032865,241788
0,38952327216,241795
0,38954621585,241802
0,38956915954,241809
0,38959210315,241816
0,38961504674,241823
0,38963799041,241830
0,38966093403,241837
0,38968387753,241844
0,38970682128,241851
0,38972976489,241858
0,38975270842,241865
0,38977565208,241872
0,38979859579,241879
0,38982153942,241886
0,38984448291,241893
0,38986742667,241900
0,38989037031,241907
0,38991331379,241914
0,38993625748,241921
0,38995920119,241928
0,38998214465,241935
0,39000508836,241942
0,39002803207,241949
0,39005097569,241956
0,39007391917,241963
0,39009686291,241970
0,39011980655,241977
0,39014275006,241984
0,39016569372,241991
0,39018863745,241998
0,39021158106,242005
0,39023452456,242012
0,39025746833,242019
0,39028041194,242026
0,39030335543,242033
0,39032629914,242040
0,39034924284,242047
0,39037218629,242054
0,39039513000,242061
0,39041807372,242068
0,39044101730,242075
0,39046396081,242082
0,39048690457,242089
0,39050984823,242096
0,39053279169,242103
0,39055573541,242110
0,39057867910,242117
0,39060162270,242124
0,39062456622,242131
0,39064751001,242138
0,39067045360,242145
0,39069339710,242152
0,39071634083,242159
0,39073928450,242166
0,39076222798,242173
0,39078517168,242180
0,39080811536,242187
0,39083105897,242194
0,39085400249,242201
0,39087694625,242208
0,39089988988,242215
0,39092283336,242222
0,39094577708,242229
0,39096872076,242236
0,39099166437,242243
0,39101460791,242250
0,39103755164,242257
0,39106049526,242264
0,39108343877,242271
0,39110638247,242278
0,39112932614,242285
0,39115226963,242292
0,39117521333,242299
0,39119815700,242306
0,39122110064,242313
0,39124404415,242320
0,39126698790,242327
0,39128993154,242334
0,39131287503,242341
0,39133581874,242348
0,39135876242,242355
0,39138170606,242362
0,39140464955,242369
0,39142759330,242376
0,39145053694,242383
0,39147348041,242390
0,39149642411,242397
0,39151936782,242404
0,39154231129,242411
0,39156525498,242418
0,39158819869,242425
0,39161114231,242432
0,39163408580,242439
0,39165702956,242446
0,39167997321,242453
0,39170291669,242460
0,39172586040,242467
0,39174880409,242474
0,39177174771,242481
0,39179469126,242488
0,39181763496,242495
0,39184057861,242502
0,39186352205,242509
0,39188646578,242516
0,39190940949,242523
0,39193235294,242530
0,39195529666,242537
0,39197824035,242544
0,39200118396,242551
0,39202412747,242558
0,39204707124,242565
0,39207001486,242572
0,39209295835,242579
0,39211590206,242586
0,39213884575,242593
0,39216178935,242600
0,39218473292,242607
0,39220767664,242614
0,39223062027,242621
0,39225356372,242628
0,39227650747,242635
0,39229945113,242642
0,39232239461,242649
0,39234533834,242656
0,39236828203,242663
0,39239122563,242670
0,39241416916,242677
0,39243711292,242684
0,39246005652,242691
0,39248300003,242698
0,39250594374,242705
0,39252888743,242712
0,39255183106,242719
0,39257477462,242726
0,39259771833,242733
0,39262066195,242740
0,39264360544,242747
0,39266654918,242754
0,39268949281,242761
0,39271243632,242768
0,39273538004,242775
0,39275832370,242782
0,39278126735,242789
0,39280421085,242796
0,39282715459,242803
0,39285009823,242810
0,39287304174,242817
0,39289598542,242824
0,39291892911,242831
0,39294187274,242838
0,39296481630,242845
0,39298776000,242852
0,39301070363,242859
0,39303364712,242866
0,39305659082,242873
0,39307953450,242880
0,39310247801,242887
0,39312542169,242894
0,39314836539,242901
0,39317130902,242908
0,39319425252,242915
0,39321719626,242922
0,39324013991,242929
0,39326308339,242936
0,39328602709,242943
0,39330897079,242950
0,39333191442,242957
0,39335485797,242964
0,39337780169,242971
0,39340074531,242978
0,39342368879,242985
0,39344663251,242992
0,39346957617,242999
0,39349251967,243006
0,39351546335,243013
0,39353840706,243020
0,39356135069,243027
0,39358429418,243034
0,39360723796,243041
0,39363018158,243048
0,39365312507,243055
0,39367606880,243062
0,39369901249,243069
0,39372195611,243076
0,39374489966,243083
0,39376784338,243090
0,39379078697,243097
0,39381373047,243104
0,39383667423,243111
0,39385961786,243118
0,39388256135,243125
0,39390550505,243132
0,39392844876,243139
0,39395139237,243146
0,39397433588,243153
0,39399727968,243160
0,39402022328,243167
0,39404316677,243174
0,39406611051,243181
0,39408905418,243188
0,39411199779,243195
0,39413494137,243202
0,39415788506,243209
0,39418082866,243216
0,39420377216,243223
0,39422671593,243230
0,39424965957,243237
0,39427260305,243244
0,39429554676,243251
0,39431849045,243258
0,39434143407,243265
0,39436437760,243272
0,39438732135,243279
0,39441026496,243286
0,39443320848,243293
0,39445615218,243300
0,39447909584,243307
0,39450203948,243314
0,39452498305,243321
0,39454792675,243328
0,39457087037,243335
0,39459381387,243342
0,39461675764,243349
0,39463970127,243356
0,39466264477,243363
0,39468558849,243370
0,39470853216,243377
0,39473147581,243384
0,39475441931,243391
0,39477736306,243398
0,39480030669,243405
0,39482325021,243412
0,39484619389,243419
0,39486913761,243426
0,39489208108,243433
0,39491502478,243440
0,39493796848,243447
0,39496091209,243454
0,39498385559,243461
0,39500679936,243468
0,39502974298,243475
0,39505268648,243482
0,39507563017,243489
0,39509857388,243496
0,39512151752,243503
0,39514446101,243510
0,39516740476,243517
0,39519034842,243524
0,39521329189,243531
0,39523623558,243538
0,39525917930,243545
0,39528212275,243552
0,39530506648,243559
0,39532801018,243566
0,39535095379,243573
0,39537389730,243580
0,39539684107,243587
0,39541978468,243594
0,39544272818,243601
0,39546567188,243608
0,39548861558,243615
0,39551155920,243622
0,39553450269,243629
0,39555744648,243636
0,39558039011,243643
0,39560333358,243650
0,39562627730,243657
0,39564922100,243664
0,39567216446,243671
0,39569510819,243678
0,39571805187,243685
0,39574099549,243692
0,39576393900,243699
0,39578688278,243706
0,39580982640,243713
0,39583276989,243720
0,39585571360,243727
0,39587865730,243734
0,39590160092,243741
0,39592454443,243748
0,39594748821,243755
0,39597043182,243762
0,39599337531,243769
0,39601631904,243776
0,39603926271,243783
0,39606220620,243790
0,39608514993,243797
0,39610809358,243804
0,39613103720,243811
0,39615398073,243818
0,39617692447,243825
0,39619986812,243832
0,39622281161,243839
0,39624575533,243846
0,39626869901,243853
0,39629164264,243860
0,39631458622,243867
0,39633752991,243874
0,39636047354,243881
0,39638341704,243888
0,39640636075,243895
0,39642930441,243902
0,39645224793,243909
0,39647519162,243916
0,39649813530,243923
0,39652107895,243930
0,39654402244,243937
0,39656696621,243944
0,39658990985,243951
0,39661285335,243958
0,39663579705,243965
0,39665874074,243972
0,39668168439,243979
0,39670462795,243986
0,39672757166,243993
0,39675051529,244000
0,39677345877,244007
0,39679640248,244014
0,39681934618,244021
0,39684228967,244028
0,39686523337,244035
0,39688817707,244042
0,39691112069,244049
0,39693406420,244056
0,39695700795,244063
0,39697995159,244070
0,39700289509,244077
0,39702583880,244084
0,39704878250,244091
0,39707172612,244098
0,39709466967,244105
0,39711761339,244112
0,39714055704,244119
0,39716350050,244126
0,39718644423,244133
0,39720938792,244140
0,39723233139,244147
0,39725527513,244154
0,39727821883,244161
0,39730116244,244168
0,39732410595,244175
0,39734704973,244182
0,39736999334,244189
0,39739293684,244196
0,39741588056,244203
0,39743882425,244210
0,39746176787,244217
0,39748471141,244224
0,39750765516,244231
0,39753059876,244238
0,39755354225,244245
0,39757648598,244252
0,39759942964,244259
0,39762237314,244266
0,39764531686,244273
0,39766826055,244280
0,39769120417,244287
0,39771414769,244294
0,39773709145,244301
0,39776003507,244308
0,39778297857,244315
0,39780592229,244322
0,39782886597,244329
0,39785180958,244336
0,39787475318,244343
0,39789769689,244350
0,39792064048,244357
0,39794358400,244364
0,39796652772,244371
0,39798947138,244378
0,39801241489,244385
0,39803535861,244392
0,39805830227,244399
0,39808124591,244406
0,39810418942,244413
0,39812713318,244420
0,39815007681,244427
0,39817302031,244434
0,39819596402,244441
0,39821890771,244448
0,39824185133,244455
0,39826479492,244462
0,39828773861,244469
0,39831068223,244476
0,39833362574,244483
0,39835656950,244490
0,39837951312,244497
0,39840245664,244504
0,39842540031,244511
0,39844834402,244518
0,39847128765,244525
0,39849423116,244532
0,39851717492,244539
0,39854011856,244546
0,39856306206,244553
0,39858600577,244560
0,39860894947,244567
0,39863189311,244574
0,39865483665,244581
0,39867778036,244588
0,39870072398,244595
0,39872366748,244602
0,39874661124,244609
0,39876955491,244616
0,39879249837,244623
0,39881544208,244630
0,39883838578,244637
0,39886132942,244644
0,39888427292,244651
0,39890721669,244658
0,39893016031,244665
0,39895310381,244672
0,39897604751,244679
0,39899899122,244686
0,39902193486,244693
0,39904487839,244700
0,39906782213,244707
0,39909076572,244714
0,39911370923,244721
0,39913665301,244728
0,39915959664,244735
0,39918254012,244742
0,39920548385,244749
0,39922842754,244756
0,39925137116,244763
0,39927431467,244770
0,39929725846,244777
0,39932020207,244784
0,39934314556,244791
0,39936608927,244798
0,39938903299,244805
0,39941197657,244812
0,39943492016,244819
0,39945786391,244826
0,39948080748,244833
0,39950375100,244840
0,39952669477,244847
0,39954963840,244854
0,39957258190,244861
0,39959552561,244868
0,39961846929,244875
0,39964141292,244882
0,39966435645,244889
0,39968730022,244896
0,39971024384,244903
0,39973318732,244910
0,39975613105,244917
0,39977907474,244924
0,39980201822,244931
0,39982496194,244938
0,39984790565,244945
0,39987084924,244952
0,39989379277,244959
0,39991673654,244966
0,39993968017,244973
0,39996262368,244980
0,39998556738,244987
0,40000851108,244994
0,40003145469,245001
0,40005439822,245008
0,40007734199,245015
0,40010028560,245022
0,40012322912,245029
0,40014617283,245036
0,40016911651,245043
0,40019206000,245050
0,40021500372,245057
0,40023794739,245064
0,40026089103,245071
0,40028383456,245078
0,40030677831,245085
0,40032972193,245092
0,40035266544,245099
0,40037560916,245106
0,40039855284,245113
0,40042149650,245120
0,40044444001,245127
0,40046738377,245134
0,40049032739,245141
0,40051327091,245148
0,40053621460,245155
0,40055915830,245162
0,40058210180,245169
0,40060504549,245176
0,40062798920,245183
0,40065093282,245190
0,40067387633,245197
0,40069682009,245204
0,40071976373,245211
0,40074270726,245218
0,40076565096,245225
0,40078859467,245232
0,40081153829,245239
0,40083448179,245246
0,40085742555,245253
0,40088036921,245260
0,40090331268,245267
0,40092625640,245274
0,40094920012,245281
0,40097214358,245288
0,40099508729,245295
0,40101803099,245302
0,40104097462,245309
0,40106391812,245316
0,40108686189,245323
0,40110980552,245330
0,40113274904,245337
0,40115569273,245344
0,40117863645,245351
0,40120158007,245358
0,40122452362,245365
0,40124746735,245372
0,40127041098,245379
0,40129335445,245386
0,40131629820,245393
0,40133924188,245400
0,40136218536,245407
0,40138512907,245414
0,40140807277,245421
0,40143101639,245428
0,40145395991,245435
0,40147690368,245442
0,40149984732,245449
0,40152279080,245456
0,40154573452,245463
0,40156867823,245470
0,40159162183,245477
0,40161456540,245484
0,40163750912,245491
0,40166045274,245498
0,40168339623,245505
0,40170633996,245512
0,40172928363,245519
0,40175222715,245526
0,40177517086,245533
0,40179811456,245540
0,40182105817,245547
0,40184400167,245554
0,40186694547,245561
0,40188988908,245568
0,40191283258,245575
0,40193577632,245582
0,40195872000,245589
0,40198166363,245596
0,40200460721,245603
0,40202755093,245610
0,40205049455,245617
0,40207343804,245624
0,40209638178,245631
0,40211932544,245638
0,40214226894,245645
0,40216521266,245652
0,40218815635,245659
0,40221109997,245666
0,40223404351,245673
0,40225698727,245680
0,40227993089,245687
0,40230287442,245694
0,40232581812,245701
0,40234876181,245708
0,40237170543,245715
0,40239464902,245722
0,40241759270,245729
0,40244053634,245736
0,40246347984,245743
0,40248642356,245750
0,40250936722,245757
0,40253231075,245764
0,40255525446,245771
0,40257819813,245778
0,40260114178,245785
0,40262408529,245792
0,40264702907,245799
0,40266997270,245806
0,40269291621,245813
0,40271585989,245820
0,40273880360,245827
0,40276174724,245834
0,40278469081,245841
0,40280763452,245848
0,40283057814,245855
0,40285352167,245862
0,40287646543,245869
0,40289940906,245876
0,40292235258,245883
0,40294529626,245890
0,40296823997,245897
0,40299118360,245904
0,40301412710,245911
0,40303707086,245918
0,40306001452,245925
0,40308295801,245932
0,40310590172,245939
0,40312884543,245946
0,40315178907,245953
0,40317473262,245960
0,40319767634,245967
0,40322061996,245974
0,40324356347,245981
0,40326650722,245988
0,40328945087,245995
0,40331239438,246002
0,40333533806,246009
0,40335828180,246016
0,40338122540,246023
0,40340416890,246030
0,40342711271,246037
0,40345005632,246044
0,40347299983,246051
0,40349594354,246058
0,40351888724,246065
0,40354183088,246072
0,40356477444,246079
0,40358771815,246086
0,40361066177,246093
0,40363360526,246100
0,40365654905,246107
0,40367949269,246114
0,40370243617,246121
0,40372537990,246128
0,40374832360,246135
0,40377126723,246142
0,40379421074,246149
0,40381715452,246156
0,40384009814,246163
0,40386304166,246170
0,40388598536,246177
0,40390892907,246184
0,40393187266,246191
0,40395481624,246198
0,40397775998,246205
0,40400070356,246212
0,40402364707,246219
0,40404659087,246226
0,40406953448,246233
0,40409247799,246240
0,40411542171,246247
0,40413836540,246254
0,40416130903,246261
0,40418425255,246268
0,40420719631,246275
0,40423013995,246282
0,40425308344,246289
0,40427602718,246296
0,40429897087,246303
0,40432191448,246310
0,40434485808,246317
0,40436780177,246324
0,40439074539,246331
0,40441368891,246338
0,40443663268,246345
0,40445957630,246352
0,40448251984,246359
0,40450546354,246366
0,40452840724,246373
0,40455135086,246380
0,40457429439,246387
0,40459723816,246394
0,40462018178,246401
0,40464312530,246408
0,40466606903,246415
0,40468901271,246422
0,40471195621,246429
0,40473489993,246436
0,40475784360,246443
0,40478078724,246450
0,40480373079,246457
0,40482667453,246464
0,40484961818,246471
0,40487256167,246478
0,40489550539,246485
0,40491844907,246492
0,40494139272,246499
0,40496433625,246506
0,40498728000,246513
0,40501022365,246520
0,40503316717,246527
0,40505611086,246534
0,40507905455,246541
0,40510199806,246548
0,40512494176,246555
0,40514788545,246562
0,40517082908,246569
0,40519377261,246576
0,40521671636,246583
0,40523966000,246590
0,40526260352,246597
0,40528554721,246604
0,40530849091,246611
0,40533143456,246618
0,40535437807,246625
0,40537732182,246632
0,40540026549,246639
0,40542320895,246646
0,40544615268,246653
0,40546909637,246660
0,40549203988,246667
0,40551498360,246674
0,40553792729,246681
0,40556087093,246688
0,40558381444,246695
0,40560675820,246702
0,40562970184,246709
0,40565264536,246716
0,40567558904,246723
0,40569853277,246730
0,40572147640,246737
0,40574441989,246744
0,40576736368,246751
0,40579030731,246758
0,40581325080,246765
0,40583619453,246772
0,40585913822,246779
0,40588208172,246786
0,40590502544,246793
0,40592796914,246800
0,40595091277,246807
0,40597385626,246814
0,40599680005,246821
0,40601974370,246828
0,40604268717,246835
0,40606563091,246842
0,40608857461,246849
0,40611151824,246856
0,40613446180,246863
0,40615740553,246870
0,40618034915,246877
0,40620329264,246884
0,40622623639,246891
0,40624918007,246898
0,40627212356,246905
0,40629506726,246912
0,40631801098,246919
0,40634095459,246926
0,40636389812,246933
0,40638684190,246940
0,40640978552,246947
0,40643272903,246954
0,40645567274,246961
0,40647861645,246968
0,40650156007,246975
0,40652450365,246982
0,40654744738,246989
0,40657039102,246996
0,40659333448,247003
0,40661627824,247010
0,40663922190,247017
0,40666216541,247024
0,40668510915,247031
0,40670805285,247038
0,40673099647,247045
0,40675394001,247052
0,40677688378,247059
0,40679982740,247066
0,40682277091,247073
0,40684571462,247080
0,40686865834,247087
0,40689160194,247094
0,40691454555,247101
0,40693748927,247108
0,40696043289,247115
0,40698337639,247122
0,40700632013,247129
0,40702926378,247136
0,40705220732,247143
0,40707515103,247150
0,40709809471,247157
0,40712103835,247164
0,40714398188,247171
0,40716692564,247178
0,40718986928,247185
0,40721281277,247192
0,40723575650,247199
0,40725870019,247206
0,40728164384,247213
0,40730458743,247220
0,40732753113,247227
0,40735047474,247234
0,40737341825,247241
0,40739636203,247248
0,40741930565,247255
0,40744224917,247262
0,40746519287,247269
0,40748813657,247276
0,40751108020,247283
0,40753402374,247290
0,40755696750,247297
0,40757991113,247304
0,40760285465,247311
0,40762579836,247318
0,40764874205,247325
0,40767168570,247332
0,40769462927,247339
0,40771757296,247346
0,40774051661,247353
0,40776346011,247360
0,40778640388,247367
0,40780934752,247374
0,40783229102,247381
0,40785523473,247388
0,40787817842,247395
0,40790112207,247402
0,40792406559,247409
0,40794700935,247416
0,40796995300,247423
0,40799289652,247430
0,40801584020,247437
0,40803878393,247444
0,40806172755,247451
0,40808467111,247458
0,40810761483,247465
0,40813055845,247472
0,40815350197,247479
0,40817644573,247486
0,40819938938,247493
0,40822233289,247500
0,40824527659,247507
0,40826822031,247514
0,40829116395,247521
0,40831410743,247528
0,40833705122,247535
0,40835999485,247542
0,40838293836,247549
0,40840588208,247556
0,40842882579,247563
0,40845176942,247570
0,40847471298,247577
0,40849765670,247584
0,40852060033,247591
0,40854354383,247598
0,40856648760,247605
0,40858943126,247612
0,40861237474,247619
0,40863531846,247626
0,40865826217,247633
0,40868120580,247640
0,40870414931,247647
0,40872709311,247654
0,40875003674,247661
0,40877298024,247668
0,40879592396,247675
0,40881886766,247682
0,40884181129,247689
0,40886475486,247696
0,40888769860,247703
0,40891064220,247710
0,40893358573,247717
0,40895652952,247724
0,40897947314,247731
0,40900241664,247738
0,40902536037,247745
0,40904830406,247752
0,40907124769,247759
0,40909419121,247766
0,40911713499,247773
0,40914007864,247780
0,40916302212,247787
0,40918596586,247794
0,40920890956,247801
0,40923185316,247808
0,40925479676,247815
0,40927774046,247822
0,40930068409,247829
0,40932362761,247836
0,40934657140,247843
0,40936951504,247850
0,40939245855,247857
0,40941540225,247864
0,40943834598,247871
0,40946128958,247878
0,40948423313,247885
0,40950717691,247892
0,40953012052,247899
0,40955306404,247906
0,40957600776,247913
0,40959895146,247920
0,40962189495,247927
0,40964483868,247934
0,40966778238,247941
0,40969072602,247948
0,40971366953,247955
0,40973661332,247962
0,40975955693,247969
0,40978250045,247976
0,40980544418,247983
0,40982838787,247990
0,40985133150,247997
0,40987427504,248004
0,40989721881,248011
0,40992016244,248018
0,40994310596,248025
0,40996604967,248032
0,40998899336,248039
0,41001193683,248046
0,41003488057,248053
0,41005782427,248060
0,41008076791,248067
0,41010371144,248074
0,41012665521,248081
0,41014959883,248088
0,41017254236,248095
0,41019548607,248102
0,41021842976,248109
0,41024137342,248116
0,41026431693,248123
0,41028726070,248130
0,41031020432,248137
0,41033314784,248144
0,41035609156,248151
0,41037903523,248158
0,41040197875,248165
0,41042492248,248172
0,41044786615,248179
0,41047080982,248186
0,41049375334,248193
0,41051669709,248200
0,41053964075,248207
0,41056258424,248214
0,41058552796,248221
0,41060847165,248228
0,41063141531,248235
0,41065435883,248242
0,41067730259,248249
0,41070024623,248256
0,41072318974,248263
0,41074613346,248270
0,41076907716,248277
0,41079202066,248284
0,41081496437,248291
0,41083790807,248298
0,41086085172,248305
0,41088379525,248312
0,41090673901,248319
0,41092968265,248326
0,41095262618,248333
0,41097556987,248340
0,41099851359,248347
0,41102145723,248354
0,41104440080,248361
0,41106734450,248368
0,41109028817,248375
0,41111323164,248382
0,41113617536,248389
0,41115911905,248396
0,41118206257,248403
0,41120500628,248410
0,41122795000,248417
0,41125089364,248424
0,41127383715,248431
0,41129678092,248438
0,41131972457,248445
0,41134266807,248452
0,41136561176,248459
0,41138855550,248466
0,41141149912,248473
0,41143444269,248480
0,41145738642,248487
0,41148033006,248494
0,41150327355,248501
0,41152621729,248508
0,41154916097,248515
0,41157210449,248522
0,41159504819,248529
0,41161799191,248536
0,41164093556,248543
0,41166387905,248550
0,41168682284,248557
0,41170976647,248564
0,41173270998,248571
0,41175565371,248578
0,41177859743,248585
0,41180154106,248592
0,41182448463,248599
0,41184742837,248606
0,41187037198,248613
0,41189331548,248620
0,41191625920,248627
0,41193920291,248634
0,41196214639,248641
0,41198509013,248648
0,41200803384,248655
0,41203097747,248662
0,41205392099,248669
0,41207686478,248676
0,41209980840,248683
0,41212275191,248690
0,41214569564,248697
0,41216863934,248704
0,41219158298,248711
0,41221452652,248718
0,41223747028,248725
0,41226041388,248732
0,41228335739,248739
0,41230630119,248746
0,41232924482,248753
0,41235218832,248760
0,41237513205,248767
0,41239807575,248774
0,41242101939,248781
0,41244396290,248788
0,41246690668,248795
0,41248985033,248802
0,41251279381,248809
0,41253573755,248816
0,41255868126,248823
0,41258162488,248830
0,41260456848,248837
0,41262751220,248844
0,41265045580,248851
0,41267339932,248858
0,41269634312,248865
0,41271928675,248872
0,41274223026,248879
0,41276517397,248886
0,41278811771,248893
0,41281106131,248900
0,41283400486,248907
0,41285694864,248914
0,41287989226,248921
0,41290283579,248928
0,41292577952,248935
0,41294872322,248942
0,41297166685,248949
0,41299461043,248956
0,41301755414,248963
0,41304049776,248970
0,41306344128,248977
0,41308638508,248984
0,41310932869,248991
0,41313227220,248998
0,41315521594,249005
0,41317815964,249012
0,41320110327,249019
0,41322404680,249026
0,41324699059,249033
0,41326993422,249040
0,41329287773,249047
0,41331582145,249054
0,41333876515,249061
0,41336170876,249068
0,41338465237,249075
0,41340759607,249082
0,41343053968,249089
0,41345348323,249096
0,41347642699,249103
0,41349937063,249110
0,41352231415,249117
0,41354525787,249124
0,41356820156,249131
0,41359114519,249138
0,41361408873,249145
0,41363703250,249152
0,41365997612,249159
0,41368291966,249166
0,41370586337,249173
0,41372880706,249180
0,41375175070,249187
0,41377469430,249194
0,41379763798,249201
0,41382058164,249208
0,41384352514,249215
0,41386646893,249222
0,41388941255,249229
0,41391235608,249236
0,41393529981,249243
0,41395824350,249250
0,41398118715,249257
0,41400413068,249264
0,41402707445,249271
0,41405001810,249278
0,41407296161,249285
0,41409590531,249292
0,41411884903,249299
0,41414179265,249306
0,41416473626,249313
0,41418767994,249320
0,41421062360,249327
0,41423356713,249334
0,41425651090,249341
0,41427945455,249348
0,41430239806,249355
0,41432534177,249362
0,41434828548,249369
0,41437122914,249376
0,41439417263,249383
0,41441711642,249390
0,41444006006,249397
0,41446300357,249404
0,41448594729,249411
0,41450889099,249418
0,41453183450,249425
0,41455477822,249432
0,41457772191,249439
0,41460066556,249446
0,41462360908,249453
0,41464655284,249460
0,41466949652,249467
0,41469244001,249474
0,41471538372,249481
0,41473832745,249488
0,41476127109,249495
0,41478421460,249502
0,41480715838,249509
0,41483010203,249516
0,41485304554,249523
0,41487598925,249530
0,41489893296,249537
0,41492187646,249544
0,41494482018,249551
0,41496776390,249558
0,41499070753,249565
0,41501365104,249572
0,41503659482,249579
0,41505953846,249586
0,41508248198,249593
0,41510542568,249600
0,41512836940,249607
0,41515131306,249614
0,41517425654,249621
0,41519720034,249628
0,41522014398,249635
0,41524308747,249642
0,41526603121,249649
0,41528897491,249656
0,41531191841,249663
0,41533486212,249670
0,41535780585,249677
0,41538074948,249684
0,41540369300,249691
0,41542663677,249698
0,41544958043,249705
0,41547252392,249712
0,41549546765,249719
0,41551841136,249726
0,41554135501,249733
0,41556429857,249740
0,41558724232,249747
0,41561018594,249754
0,41563312944,249761
0,41565607318,249768
0,41567901688,249775
0,41570196039,249782
0,41572490409,249789
0,41574784784,249796
0,41577079145,249803
0,41579373496,249810
0,41581667878,249817
0,41583962239,249824
0,41586256591,249831
0,41588550963,249838
0,41590845334,249845
0,41593139697,249852
0,41595434055,249859
0,41597728428,249866
0,41600022792,249873
0,41602317141,249880
0,41604611516,249887
0,41606905882,249894
0,41609200236,249901
0,41611494607,249908
0,41613788978,249915
0,41616083343,249922
0,41618377694,249929
0,41620672073,249936
0,41622966439,249943
0,41625260785,249950
0,41627555161,249957
0,41629849531,249964
0,41632143894,249971
0,41634438252,249978
0,41636732627,249985
0,41639026988,249992
0,41641321339,249999
0,41643615714,250006
0,41645910082,250013
0,41648204434,250020
0,41650498805,250027
0,41652793178,250034
0,41655087539,250041
0,41657381892,250048
0,41659676273,250055
0,41661970636,250062
0,41664264987,250069
0,41666559360,250076
0,41668853731,250083
0,41671148093,250090
0,41673442453,250097
0,41675736825,250104
0,41678031186,250111
0,41680325537,250118
0,41682619917,250125
0,41684914280,250132
0,41687208633,250139
0,41689503005,250146
0,41691797376,250153
0,41694091739,250160
0,41696386093,250167
0,41698680474,250174
0,41700974836,250181
0,41703269185,250188
0,41705563559,250195
0,41707857930,250202
0,41710152292,250209
0,41712446652,250216
0,41714741024,250223
0,41717035386,250230
0,41719329739,250237
0,41721624118,250244
0,41723918480,250251
0,41726212831,250258
0,41728507203,250265
0,41730801576,250272
0,41733095937,250279
0,41735390291,250286
0,41737684670,250293
0,41739979031,250300
0,41742273387,250307
0,41744567757,250314
0,41746862128,250321
0,41749156491,250328
0,41751450851,250335
0,41753745221,250342
0,41756039585,250349
0,41758333935,250356
0,41760628315,250363
0,41762922677,250370
0,41765217032,250377
0,41767511403,250384
0,41769805773,250391
0,41772100137,250398
0,41774394490,250405
0,41776688869,250412
0,41778983232,250419
0,41781277583,250426
0,41783571955,250433
0,41785866326,250440
0,41788160691,250447
0,41790455049,250454
0,41792749420,250461
0,41795043782,250468
0,41797338136,250475
0,41799632514,250482
0,41801926877,250489
0,41804221229,250496
0,41806515601,250503
0,41808809971,250510
0,41811104337,250517
0,41813398689,250524
0,41815693068,250531
0,41817987430,250538
0,41820281784,250545
0,41822576155,250552
0,41824870524,250559
0,41827164888,250566
0,41829459249,250573
0,41831753618,250580
0,41834047984,250587
0,41836342334,250594
0,41838636713,250601
0,41840931076,250608
0,41843225429,250615
0,41845519802,250622
0,41847814169,250629
0,41850108536,250636
0,41852402889,250643
0,41854697267,250650
0,41856991633,250657
0,41859285981,250664
0,41861580354,250671
0,41863874725,250678
0,41866169088,250685
0,41868463448,250692
0,41870757817,250699
0,41873052182,250706
0,41875346535,250713
0,41877640913,250720
0,41879935278,250727
0,41882229629,250734
0,41884524003,250741
0,41886818375,250748
0,41889112740,250755
0,41891407093,250762
0,41893701470,250769
0,41895995834,250776
0,41898290187,250783
0,41900584560,250790
0,41902878931,250797
0,41905173296,250804
0,41907467655,250811
0,41909762023,250818
0,41912056389,250825
0,41914350740,250832
0,41916645117,250839
0,41918939483,250846
0,41921233837,250853
0,41923528207,250860
0,41925822580,250867
0,41928116944,250874
0,41930411296,250881
0,41932705673,250888
0,41935000041,250895
0,41937294390,250902
0,41939588762,250909
0,41941883132,250916
0,41944177483,250923
0,41946471856,250930
0,41948766227,250937
0,41951060592,250944
0,41953354944,250951
0,41955649321,250958
0,41957943687,250965
0,41960238038,250972
0,41962532408,250979
0,41964826782,250986
0,41967121146,250993
0,41969415497,251000
0,41971709876,251007
0,41974004239,251014
0,41976298593,251021
0,41978592962,251028
0,41980887335,251035
0,41983181685,251042
0,41985476057,251049
0,41987770429,251056
0,41990064792,251063
0,41992359145,251070
0,41994653522,251077
0,41996947887,251084
0,41999242239,251091
0,42001536609,251098
0,42003830983,251105
0,42006125347,251112
0,42008419699,251119
0,42010714077,251126
0,42013008443,251133
0,42015302790,251140
0,42017597165,251147
0,42019891535,251154
0,42022185886,251161
0,42024480258,251168
0,42026774630,251175
0,42029068994,251182
0,42031363345,251189
0,42033657725,251196
0,42035952091,251203
0,42038246440,251210
0,42040540812,251217
0,42042835185,251224
0,42045129548,251231
0,42047423905,251238
0,42049718280,251245
0,42052012642,251252
0,42054306992,251259
0,42056601368,251266
0,42058895737,251273
0,42061190089,251280
0,42063484459,251287
0,42065778833,251294
0,42068073195,251301
0,42070367548,251308
0,42072661929,251315
0,42074956291,251322
0,42077250643,251329
0,42079545016,251336
0,42081839387,251343
0,42084133752,251350
0,42086428108,251357
0,42088722484,251364
0,42091016846,251371
0,42093311197,251378
0,42095605570,251385
0,42097899939,251392
0,42100194291,251399
0,42102488665,251406
0,42104783037,251413
0,42107077401,251420
0,42109371752,251427
0,42111666133,251434
0,42113960496,251441
0,42116254846,251448
0,42118549220,251455
0,42120843593,251462
0,42123137956,251469
0,42125432315,251476
0,42127726689,251483
0,42130021051,251490
0,42132315401,251497
0,42134609783,251504
0,42136904146,251511
0,42139198497,251518
0,42141492869,251525
0,42143787242,251532
0,42146081605,251539
0,42148375957,251546
0,42150670338,251553
0,42152964701,251560
0,42155259052,251567
0,42157553426,251574
0,42159847796,251581
0,42162142162,251588
0,42164436518,251595
0,42166730893,251602
0,42169025254,251609
0,42171319607,251616
0,42173613987,251623
0,42175908349,251630
0,42178202701,251637
0,42180497075,251644
0,42182791446,251651
0,42185085809,251658
0,42187380162,251665
0,42189674541,251672
0,42191968907,251679
0,42194263256,251686
0,42196557630,251693
0,42198852001,251700
0,42201146365,251707
0,42203440723,251714
0,42205735096,251721
0,42208029459,251728
0,42210323811,251735
0,42212618192,251742
0,42214912556,251749
0,42217206903,251756
0,42219501279,251763
0,42221795650,251770
0,42224090014,251777
0,42226384366,251784
0,42228678747,251791
0,42230973109,251798
0,42233267463,251805
0,42235561837,251812
0,42237856208,251819
0,42240150571,251826
0,42242444930,251833
0,42244739301,251840
0,42247033664,251847
0,42249328017,251854
0,42251622397,251861
0,42253916759,251868
0,42256211112,251875
0,42258505484,251882
0,42260799857,251889
0,42263094220,251896
0,42265388573,251903
0,42267682952,251910
0,42269977315,251917
0,42272271666,251924
0,42274566042,251931
0,42276860412,251938
0,42279154775,251945
0,42281449135,251952
0,42283743507,251959
0,42286037869,251966
0,42288332224,251973
0,42290626601,251980
0,42292920967,251987
0,42295215317,251994
0,42297509691,252001
0,42299804062,252008
0,42302098426,252015
0,42304392780,252022
0,42306687159,252029
0,42308981523,252036
0,42311275875,252043
0,42313570247,252050
0,42315864620,252057
0,42318158980,252064
0,42320453342,252071
0,42322747714,252078
0,42325042076,252085
0,42327336431,252092
0,42329630808,252099
0,42331925172,252106
0,42334219523,252113
0,42336513899,252120
0,42338808269,252127
0,42341102633,252134
0,42343396986,252141
0,42345691365,252148
0,42347985729,252155
0,42350280083,252162
0,42352574455,252169
0,42354868823,252176
0,42357163189,252183
0,42359457551,252190
0,42361751921,252197
0,42364046285,252204
0,42366340637,252211
0,42368635016,252218
0,42370929380,252225
0,42373223734,252232
0,42375518107,252239
0,42377812476,252246
0,42380106841,252253
0,42382401194,252260
0,42384695575,252267
0,42386989939,252274
0,42389284291,252281
0,42391578664,252288
0,42393873034,252295
0,42396167398,252302
0,42398461758,252309
0,42400756129,252316
0,42403050493,252323
0,42405344847,252330
0,42407639226,252337
0,42409933589,252344
0,42412227942,252351
0,42414522314,252358
0,42416816686,252365
0,42419111049,252372
0,42421405403,252379
0,42423699781,252386
0,42425994145,252393
0,42428288499,252400
0,42430582872,252407
0,42432877240,252414
0,42435171593,252421
0,42437465965,252428
0,42439760337,252435
0,42442054699,252442
0,42444349054,252449
0,42446643432,252456
0,42448937796,252463
0,42451232150,252470
0,42453526523,252477
0,42455820892,252484
0,42458115259,252491
0,42460409611,252498
0,42462703989,252505
0,42464998354,252512
0,42467292704,252519
0,42469587078,252526
0,42471881446,252533
0,42474175800,252540
0,42476470172,252547
0,42478764542,252554
0,42481058907,252561
0,42483353262,252568
0,42485647639,252575
0,42487942004,252582
0,42490236355,252589
0,42492530729,252596
0,42494825101,252603
0,42497119466,252610
0,42499413819,252617
0,42501708198,252624
0,42504002562,252631
0,42506296913,252638
0,42508591289,252645
0,42510885657,252652
0,42513180008,252659
0,42515474383,252666
0,42517768754,252673
0,42520063119,252680
0,42522357472,252687
0,42524651851,252694
0,42526946214,252701
0,42529240569,252708
0,42531534941,252715
0,42533829311,252722
0,42536123677,252729
0,42538418035,252736
0,42540712407,252743
0,42543006771,252750
0,42545301124,252757
0,42547595497,252764
0,42549889866,252771
0,42552184221,252778
0,42554478593,252785
0,42556772963,252792
0,42559067330,252799
0,42561361680,252806
0,42563656060,252813
0,42565950424,252820
0,42568244777,252827
0,42570539150,252834
0,42572833520,252841
0,42575127886,252848
0,42577422245,252855
0,42579716618,252862
0,42582010982,252869
0,42584305334,252876
0,42586599712,252883
0,42588894075,252890
0,42591188428,252897
0,42593482802,252904
0,42595777171,252911
0,42598071537,252918
0,42600365890,252925
0,42602660270,252932
0,42604954635,252939
0,42607248987,252946
0,42609543358,252953
0,42611837730,252960
0,42614132096,252967
0,42616426454,252974
0,42618720825,252981
0,42621015191,252988
0,42623309543,252995
0,42625603922,253002
0,42627898286,253009
0,42630192641,253016
0,42632487013,253023
0,42634781382,253030
0,42637075749,253037
0,42639370102,253044
0,42641664481,253051
0,42643958845,253058
0,42646253198,253065
0,42648547570,253072
0,42650841941,253079
0,42653136307,253086
0,42655430667,253093
0,42657725037,253100
0,42660019402,253107
0,42662313754,253114
0,42664608132,253121
0,42666902497,253128
0,42669196851,253135
0,42671491222,253142
0,42673785592,253149
0,42676079960,253156
0,42678374313,253163
0,42680668690,253170
0,42682963057,253177
0,42685257407,253184
0,42687551780,253191
0,42689846149,253198
0,42692140518,253205
0,42694434876,253212
0,42696729246,253219
0,42699023612,253226
0,42701317965,253233
0,42703612344,253240
0,42705906710,253247
0,42708201060,253254
0,42710495434,253261
0,42712789805,253268
0,42715084171,253275
0,42717378525,253282
0,42719672902,253289
0,42721967269,253296
0,42724261620,253303
0,42726555993,253310
0,42728850365,253317
0,42731144729,253324
0,42733439089,253331
0,42735733459,253338
0,42738027824,253345
0,42740322178,253352
0,42742616555,253359
0,42744910921,253366
0,42747205273,253373
0,42749499645,253380
0,42751794016,253387
0,42754088383,253394
0,42756382736,253401
0,42758677113,253408
0,42760971479,253415
0,42763265832,253422
0,42765560203,253429
0,42767854576,253436
0,42770148940,253443
0,42772443299,253450
0,42774737669,253457
0,42777032035,253464
0,42779326389,253471
0,42781620766,253478
0,42783915132,253485
0,42786209484,253492
0,42788503856,253499
0,42790798228,253506
0,42793092593,253513
0,42795386947,253520
0,42797681325,253527
0,42799975692,253534
0,42802270043,253541
0,42804564414,253548
0,42806858786,253555
0,42809153151,253562
0,42811447511,253569
0,42813741881,253576
0,42816036248,253583
0,42818330601,253590
0,42820624980,253597
0,42822919346,253604
0,42825213697,253611
0,42827508068,253618
0,42829802442,253625
0,42832096807,253632
0,42834391161,253639
0,42836685539,253646
0,42838979904,253653
0,42841274258,253660
0,42843568628,253667
0,42845863003,253674
0,42848157365,253681
0,42850451725,253688
0,42852746097,253695
0,42855040463,253702
0,42857334816,253709
0,42859629193,253716
0,42861923560,253723
0,42864217913,253730
0,42866512286,253737
0,42868806660,253744
0,42871101025,253751
0,42873395376,253758
0,42875689755,253765
0,42877984122,253772
0,42880278473,253779
0,42882572846,253786
0,42884867216,253793
0,42887161569,253800
0,42889455940,253807
0,42891750313,253814
0,42894044679,253821
0,42896339031,253828
0,42898633409,253835
0,42900927776,253842
0,42903222129,253849
0,42905516500,253856
0,42907810873,253863
0,42910105238,253870
0,42912399591,253877
0,42914693971,253884
0,42916988338,253891
0,42919282689,253898
0,42921577059,253905
0,42923871433,253912
0,42926165782,253919
0,42928460156,253926
0,42930754527,253933
0,42933048894,253940
0,42935343246,253947
0,42937637625,253954
0,42939931991,253961
0,42942226343,253968
0,42944520715,253975
0,42946815088,253982
0,42949109452,253989
0,42951403804,253996
0,42953698184,254003
0,42955992549,254010
0,42958286901,254017
0,42960581274,254024
0,42962875645,254031
0,42965169996,254038
0,42967464369,254045
0,42969758741,254052
0,42972053106,254059
0,42974347460,254066
0,42976641837,254073
0,42978936203,254080
0,42981230556,254087
0,42983524929,254094
0,42985819301,254101
0,42988113667,254108
0,42990408019,254115
0,42992702397,254122
0,42994996764,254129
0,42997291115,254136
0,42999585488,254143
0,43001879858,254150
0,43004174211,254157
0,43006468584,254164
0,43008762957,254171
0,43011057322,254178
0,43013351674,254185
0,43015646051,254192
0,43017940420,254199
0,43020234771,254206
0,43022529143,254213
0,43024823516,254220
0,43027117881,254227
0,43029412238,254234
0,43031706613,254241
0,43034000977,254248
0,43036295330,254255
0,43038589706,254262
0,43040884074,254269
0,43043178424,254276
0,43045472798,254283
0,43047767171,254290
0,43050061536,254297
0,43052355888,254304
0,43054650268,254311
0,43056944634,254318
0,43059238986,254325
0,43061533357,254332
0,43063827732,254339
0,43066122095,254346
0,43068416455,254353
0,43070710824,254360
0,43073005193,254367
0,43075299544,254374
0,43077593923,254381
0,43079888289,254388
0,43082182641,254395
0,43084477012,254402
0,43086771387,254409
0,43089065751,254416
0,43091360105,254423
0,43093654482,254430
0,43095948850,254437
0,43098243202,254444
0,43100537574,254451
0,43102831947,254458
0,43105126313,254465
0,43107420671,254472
0,43109715043,254479
0,43112009409,254486
0,43114303762,254493
0,43116598141,254500
0,43118892507,254507
0,43121186859,254514
0,43123481233,254521
0,43125775606,254528
0,43128069972,254535
0,43130364323,254542
0,43132658701,254549
0,43134953069,254556
0,43137247421,254563
0,43139541793,254570
0,43141836166,254577
0,43144130530,254584
0,43146424890,254591
0,43148719261,254598
0,43151013629,254605
0,43153307981,254612
0,43155602359,254619
0,43157896726,254626
0,43160191076,254633
0,43162485451,254640
0,43164779823,254647
0,43167074189,254654
0,43169368540,254661
0,43171662920,254668
0,43173957287,254675
0,43176251639,254682
0,43178546009,254689
0,43180840386,254696
0,43183134748,254703
0,43185429108,254710
0,43187723478,254717
0,43190017845,254724
0,43192312198,254731
0,43194606577,254738
0,43196900944,254745
0,43199195294,254752
0,43201489668,254759
0,43203784041,254766
0,43206078406,254773
0,43208372758,254780
0,43210667137,254787
0,43212961503,254794
0,43215255857,254801
0,43217550228,254808
0,43219844602,254815
0,43222138965,254822
0,43224433324,254829
0,43226727696,254836
0,43229022061,254843
0,43231316415,254850
0,43233610793,254857
0,43235905159,254864
0,43238199511,254871
0,43240493885,254878
0,43242788257,254885
0,43245082623,254892
0,43247376976,254899
0,43249671353,254906
0,43251965721,254913
0,43254260073,254920
0,43256554445,254927
0,43258848816,254934
0,43261143182,254941
0,43263437541,254948
0,43265731912,254955
0,43268026280,254962
0,43270320633,254969
0,43272615012,254976
0,43274909377,254983
0,43277203731,254990
0,43279498102,254997
0,43281792477,255004
0,43284086841,255011
0,43286381194,255018
0,43288675574,255025
0,43290969940,255032
0,43293264292,255039
0,43295558663,255046
0,43297853036,255053
0,43300147401,255060
0,43302441760,255067
0,43304736131,255074
0,43307030499,255081
0,43309324853,255088
0,43311619230,255095
0,43313913598,255102
0,43316207950,255109
0,43318502322,255116
0,43320796697,255123
0,43323091061,255130
0,43325385417,255137
0,43327679793,255144
0,43329974161,255151
0,43332268515,255158
0,43334562887,255165
0,43336857261,255172
0,43339151622,255179
0,43341445982,255186
0,43343740354,255193
0,43346034721,255200
0,43348329075,255207
0,43350623452,255214
0,43352917819,255221
0,43355212172,255228
0,43357506546,255235
0,43359800916,255242
0,43362095283,255249
0,43364389636,255256
0,43366684015,255263
0,43368978381,255270
0,43371272733,255277
0,43373567106,255284
0,43375861478,255291
0,43378155829,255298
0,43380450204,255305
0,43382744573,255312
0,43385038942,255319
0,43387333294,255326
0,43389627672,255333
0,43391922039,255340
0,43394216391,255347
0,43396510764,255354
0,43398805135,255361
0,43401099503,255368
0,43403393857,255375
0,43405688233,255382
0,43407982602,255389
0,43410276952,255396
0,43412571325,255403
0,43414865698,255410
0,43417160049,255417
0,43419454422,255424
0,43421748793,255431
0,43424043161,255438
0,43426337515,255445
0,43428631891,255452
0,43430926260,255459
0,43433220610,255466
0,43435514983,255473
0,43437809355,255480
0,43440103721,255487
0,43442398076,255494
0,43444692454,255501
0,43446986820,255508
0,43449281172,255515
0,43451575545,255522
0,43453869916,255529
0,43456164269,255536
0,43458458641,255543
0,43460753013,255550
0,43463047379,255557
0,43465341734,255564
0,43467636114,255571
0,43469930480,255578
0,43472224832,255585
0,43474519204,255592
0,43476813576,255599
0,43479107943,255606
0,43481402302,255613
0,43483696675,255620
0,43485991040,255627
0,43488285392,255634
0,43490579766,255641
0,43492874137,255648
0,43495168490,255655
0,43497462864,255662
0,43499757236,255669
0,43502051601,255676
0,43504345956,255683
0,43506640334,255690
0,43508934701,255697
0,43511229056,255704
0,43513523427,255711
0,43515817799,255718
0,43518112166,255725
0,43520406525,255732
0,43522700897,255739
0,43524995263,255746
0,43527289616,255753
0,43529583996,255760
0,43531878359,255767
0,43534172715,255774
0,43536467087,255781
0,43538761458,255788
0,43541055825,255795
0,43543350178,255802
0,43545644557,255809
0,43547938922,255816
0,43550233277,255823
0,43552527649,255830
0,43554822021,255837
0,43557116387,255844
0,43559410747,255851
0,43561705119,255858
0,43563999485,255865
0,43566293837,255872
0,43568588216,255879
0,43570882580,255886
0,43573176937,255893
0,43575471310,255900
0,43577765680,255907
0,43580060048,255914
0,43582354401,255921
0,43584648780,255928
0,43586943146,255935
0,43589237498,255942
0,43591531872,255949
0,43593826243,255956
0,43596120610,255963
0,43598414970,255970
0,43600709342,255977
0,43603003709,255984
0,43605298061,255991
0,43607592442,255998
0,43609886806,256005
0,43612181158,256012
0,43614475533,256019
0,43616769904,256026
0,43619064270,256033
0,43621358624,256040
0,43623653004,256047
0,43625947368,256054
0,43628241723,256061
0,43630536096,256068
0,43632830467,256075
0,43635124833,256082
0,43637419192,256089
0,43639713564,256096
0,43642007928,256103
0,43644302284,256110
0,43646596663,256117
0,43648891029,256124
0,43651185381,256131
0,43653479754,256138
0,43655774127,256145
0,43658068493,256152
0,43660362846,256159
0,43662657226,256166
0,43664951590,256173
0,43667245945,256180
0,43669540319,256187
0,43671834689,256194
0,43674129054,256201
0,43676423415,256208
0,43678717786,256215
0,43681012150,256222
0,43683306506,256229
0,43685600886,256236
0,43687895249,256243
0,43690189605,256250
0,43692483978,256257
0,43694778350,256264
0,43697072714,256271
0,43699367069,256278
0,43701661449,256285
0,43703955812,256292
0,43706250168,256299
0,43708544540,256306
0,43710838910,256313
0,43713133279,256320
0,43715427639,256327
0,43717722011,256334
0,43720016376,256341
0,43722310731,256348
0,43724605110,256355
0,43726899474,256362
0,43729193830,256369
0,43731488203,256376
0,43733782574,256383
0,43736076941,256390
0,43738371297,256397
0,43740665676,256404
0,43742960040,256411
0,43745254394,256418
0,43747548767,256425
0,43749843137,256432
0,43752137503,256439
0,43754431864,256446
0,43756726236,256453
0,43759020601,256460
0,43761314957,256467
0,43763609335,256474
0,43765903701,256481
0,43768198054,256488
0,43770492428,256495
0,43772786799,256502
0,43775081165,256509
0,43777375521,256516
0,43779669902,256523
0,43781964266,256530
0,43784258620,256537
0,43786552993,256544
0,43788847365,256551
0,43791141728,256558
0,43793436090,256565
0,43795730463,256572
0,43798024826,256579
0,43800319182,256586
0,43802613562,256593
0,43804907927,256600
0,43807202279,256607
0,43809496654,256614
0,43811791027,256621
0,43814085392,256628
0,43816379748,256635
0,43818674128,256642
0,43820968492,256649
0,43823262846,256656
0,43825557221,256663
0,43827851592,256670
0,43830145955,256677
0,43832440316,256684
0,43834734689,256691
0,43837029054,256698
0,43839323410,256705
0,43841617789,256712
0,43843912154,256719
0,43846206507,256726
0,43848500883,256733
0,43850795255,256740
0,43853089619,256747
0,43855383973,256754
0,43857678354,256761
0,43859972718,256768
0,43862267072,256775
0,43864561446,256782
0,43866855817,256789
0,43869150169,256796
0,43871444544,256803
0,43873738914,256810
0,43876033280,256817
0,43878327635,256824
0,43880622016,256831
0,43882916378,256838
0,43885210734,256845
0,43887505107,256852
0,43889799480,256859
0,43892093844,256866
0,43894388200,256873
0,43896682578,256880
0,43898976945,256887
0,43901271294,256894
0,43903565672,256901
0,43905860040,256908
0,43908154393,256915
0,43910448768,256922
0,43912743142,256929
0,43915037505,256936
0,43917331860,256943
0,43919626241,256950
0,43921920608,256957
0,43924214959,256964
0,43926509334,256971
0,43928803705,256978
0,43931098072,256985
0,43933392427,256992
0,43935686808,256999
0,43937981171,257006
0,43940275523,257013
0,43942569899,257020
0,43944864269,257027
0,43947158622,257034
0,43949452996,257041
0,43951747369,257048
0,43954041734,257055
0,43956336088,257062
0,43958630469,257069
0,43960924834,257076
0,43963219185,257083
0,43965513561,257090
0,43967807934,257097
0,43970102298,257104
0,43972396658,257111
0,43974691032,257118
0,43976985398,257125
0,43979279749,257132
0,43981574132,257139
0,43983868496,257146
0,43986162848,257153
0,43988457223,257160
0,43990751596,257167
0,43993045961,257174
0,43995340313,257181
0,43997634697,257188
0,43999929061,257195
0,44002223413,257202
0,44004517788,257209
0,44006812161,257216
0,44009106526,257223
0,44011400885,257230
0,44013695260,257237
0,44015989623,257244
0,44018283977,257251
0,44020578359,257258
0,44022872724,257265
0,44025167075,257272
0,44027461450,257279
0,44029755824,257286
0,44032050188,257293
0,44034344541,257300
0,44036638924,257307
0,44038933287,257314
0,44041227641,257321
0,44043522015,257328
0,44045816389,257335
0,44048110753,257342
0,44050405111,257349
0,44052699488,257356
0,44054993851,257363
0,44057288204,257370
0,44059582585,257377
0,44061876952,257384
0,44064171305,257391
0,44066465680,257398
0,44068760052,257405
0,44071054418,257412
0,44073348769,257419
0,44075643153,257426
0,44077937515,257433
0,44080231871,257440
0,44082526244,257447
0,44084820619,257454
0,44087114983,257461
0,44089409343,257468
0,44091703717,257475
0,44093998081,257482
0,44096292434,257489
0,44098586817,257496
0,44100881181,257503
0,44103175535,257510
0,44105469907,257517
0,44107764283,257524
0,44110058648,257531
0,44112353001,257538
0,44114647381,257545
0,44116941748,257552
0,44119236101,257559
0,44121530473,257566
0,44123824849,257573
0,44126119213,257580
0,44128413573,257587
0,44130707946,257594
0,44133002313,257601
0,44135296667,257608
0,44137591045,257615
0,44139885414,257622
0,44142179767,257629
0,44144474139,257636
0,44146768513,257643
0,44149062879,257650
0,44151357233,257657
0,44153651614,257664
0,44155945980,257671
0,44158240332,257678
0,44160534704,257685
0,44162829078,257692
0,44165123443,257699
0,44167417803,257706
0,44169712177,257713
0,44172006542,257720
0,44174300897,257727
0,44176595276,257734
0,44178889644,257741
0,44181183995,257748
0,44183478368,257755
0,44185772742,257762
0,44188067108,257769
0,44190361461,257776
0,44192655841,257783
0,44194950210,257790
0,44197244562,257797
0,44199538933,257804
0,44201833309,257811
0,44204127673,257818
0,44206422034,257825
0,44208716404,257832
0,44211010774,257839
0,44213305126,257846
0,44215599507,257853
0,44217893873,257860
0,44220188227,257867
0,44222482599,257874
0,44224776974,257881
0,44227071338,257888
0,44229365693,257895
0,44231660071,257902
0,44233954439,257909
0,44236248791,257916
0,44238543167,257923
0,44240837539,257930
0,44243131903,257937
0,44245426264,257944
0,44247720637,257951
0,44250015004,257958
0,44252309357,257965
0,44254603737,257972
0,44256898105,257979
0,44259192456,257986
0,44261486831,257993
0,44263781202,258000
0,44266075571,258007
0,44268369924,258014
0,44270664303,258021
0,44272958670,258028
0,44275253024,258035
0,44277547397,258042
0,44279841767,258049
0,44282136135,258056
0,44284430496,258063
0,44286724868,258070
0,44289019234,258077
0,44291313588,258084
0,44293607968,258091
0,44295902332,258098
0,44298196688,258105
0,44300491063,258112
0,44302785435,258119
0,44305079803,258126
0,44307374154,258133
0,44309668536,258140
0,44311962900,258147
0,44314257256,258154
0,44316551628,258161
0,44318845999,258168
0,44321140367,258175
0,44323434730,258182
0,44325729101,258189
0,44328023468,258196
0,44330317821,258203
0,44332612202,258210
0,44334906566,258217
0,44337200923,258224
0,44339495296,258231
0,44341789670,258238
0,44344084035,258245
0,44346378390,258252
0,44348672768,258259
0,44350967135,258266
0,44353261489,258273
0,44355555861,258280
0,44357850232,258287
0,44360144588,258294
0,44362438962,258301
0,44364733333,258308
0,44367027699,258315
0,44369322056,258322
0,44371616434,258329
0,44373910799,258336
0,44376205154,258343
0,44378499528,258350
0,44380793901,258357
0,44383088266,258364
0,44385382623,258371
0,44387677000,258378
0,44389971365,258385
0,44392265717,258392
0,44394560093,258399
0,44396854464,258406
0,44399148819,258413
0,44401443193,258420
0,44403737566,258427
0,44406031932,258434
0,44408326287,258441
0,44410620665,258448
0,44412915033,258455
0,44415209387,258462
0,44417503761,258469
0,44419798132,258476
0,44422092499,258483
0,44424386855,258490
0,44426681233,258497
0,44428975598,258504
0,44431269954,258511
0,44433564333,258518
0,44435858700,258525
0,44438153051,258532
0,44440447427,258539
0,44442741797,258546
0,44445036163,258553
0,44447330521,258560
0,44449624901,258567
0,44451919267,258574
0,44454213619,258581
0,44456507995,258588
0,44458802368,258595
0,44461096732,258602
0,44463391095,258609
0,44465685466,258616
0,44467979832,258623
0,44470274185,258630
0,44472568567,258637
0,44474862933,258644
0,44477157283,258651
0,44479451660,258658
0,44481746033,258665
0,44484040398,258672
0,44486334752,258679
0,44488629135,258686
0,44490923501,258693
0,44493217853,258700
0,44495512227,258707
0,44497806601,258714
0,44500100966,258721
0,44502395326,258728
0,44504689699,258735
0,44506984064,258742
0,44509278417,258749
0,44511572802,258756
0,44513867165,258763
0,44516161518,258770
0,44518455892,258777
0,44520750268,258784
0,44523044632,258791
0,44525338986,258798
0,44527633370,258805
0,44529927734,258812
0,44532222087,258819
0,44534516463,258826
0,44536810835,258833
0,44539105200,258840
0,44541399560,258847
0,44543693936,258854
0,44545988301,258861
0,44548282654,258868
0,44550577038,258875
0,44552871403,258882
0,44555165755,258889
0,44557460130,258896
0,44559754504,258903
0,44562048869,258910
0,44564343223,258917
0,44566637606,258924
0,44568931971,258931
0,44571226324,258938
0,44573520700,258945
0,44575815073,258952
0,44578109439,258959
0,44580403795,258966
0,44582698173,258973
0,44584992534,258980
0,44587286890,258987
0,44589581271,258994
0,44591875637,259001
0,44594169990,259008
0,44596464364,259015
0,44598758739,259022
0,44601053105,259029
0,44603347457,259036
0,44605641839,259043
0,44607936205,259050
0,44610230559,259057
0,44612524932,259064
0,44614819306,259071
0,44617113671,259078
0,44619408032,259085
0,44621702406,259092
0,44623996772,259099
0,44626291126,259106
0,44628585506,259113
0,44630879873,259120
0,44633174226,259127
0,44635468600,259134
0,44637762975,259141
0,44640057341,259148
0,44642351693,259155
0,44644646076,259162
0,44646940441,259169
0,44649234796,259176
0,44651529168,259183
0,44653823541,259190
0,44656117905,259197
0,44658412267,259204
0,44660706640,259211
0,44663001006,259218
0,44665295359,259225
0,44667589741,259232
0,44669884108,259239
0,44672178461,259246
0,44674472835,259253
0,44676767211,259260
0,44679061575,259267
0,44681355930,259274
0,44683650309,259281
0,44685944677,259288
0,44688239030,259295
0,44690533403,259302
0,44692827776,259309
0,44695122142,259316
0,44697416503,259323
0,44699710875,259330
0,44702005244,259337
0,44704299596,259344
0,44706593977,259351
0,44708888344,259358
0,44711182699,259365
0,44713477072,259372
0,44715771445,259379
0,44718065812,259386
0,44720360167,259393
0,44722654546,259400
0,44724948914,259407
0,44727243267,259414
0,44729537642,259421
0,44731832012,259428
0,44734126382,259435
0,44736420741,259442
0,44738715115,259449
0,44741009482,259456
0,44743303837,259463
0,44745598217,259470
0,44747892583,259477
0,44750186938,259484
0,44752481312,259491
0,44754775684,259498
0,44757070051,259505
0,44759364406,259512
0,44761658787,259519
0,44763953153,259526
0,44766247508,259533
0,44768541882,259540
0,44770836251,259547
0,44773130620,259554
0,44775424980,259561
0,44777719353,259568
0,44780013719,259575
0,44782308077,259582
0,44784602455,259589
0,44786896823,259596
0,44789191178,259603
0,44791485552,259610
0,44793779924,259617
0,44796074291,259624
0,44798368646,259631
0,44800663028,259638
0,44802957392,259645
0,44805251746,259652
0,44807546119,259659
0,44809840492,259666
0,44812134859,259673
0,44814429221,259680
0,44816723594,259687
0,44819017959,259694
0,44821312315,259701
0,44823606696,259708
0,44825901061,259715
0,44828195416,259722
0,44830489790,259729
0,44832784162,259736
0,44835078528,259743
0,44837372884,259750
0,44839667262,259757
0,44841961627,259764
0,44844255985,259771
0,44846550356,259778
0,44848844729,259785
0,44851139082,259792
0,44853433458,259799
0,44855727829,259806
0,44858022196,259813
0,44860316552,259820
0,44862610935,259827
0,44864905300,259834
0,44867199652,259841
0,44869494028,259848
0,44871788401,259855
0,44874082766,259862
0,44876377122,259869
0,44878671501,259876
0,44880965867,259883
0,44883260220,259890
0,44885554602,259897
0,44887848968,259904
0,44890143320,259911
0,44892437696,259918
0,44894732068,259925
0,44897026434,259932
0,44899320788,259939
0,44901615172,259946
0,44903909535,259953
0,44906203890,259960
0,44908498265,259967
0,44910792640,259974
0,44913087004,259981
0,44915381359,259988
0,44917675740,259995
0,44919970104,260002
0,44922264458,260009
0,44924558842,260016
0,44926853206,260023
0,44929147559,260030
0,44931441934,260037
0,44933736309,260044
0,44936030674,260051
0,44938325027,260058
0,44940619412,260065
0,44942913777,260072
0,44945208131,260079
0,44947502507,260086
0,44949796881,260093
0,44952091246,260100
0,44954385606,260107
0,44956679980,260114
0,44958974345,260121
0,44961268699,260128
0,44963563081,260135
0,44965857447,260142
0,44968151800,260149
0,44970446173,260156
0,44972740551,260163
0,44975034914,260170
0,44977329269,260177
0,44979623651,260184
0,44981918018,260191
0,44984212371,260198
0,44986506744,260205
0,44988801120,260212
0,44991095485,260219
0,44993389845,260226
0,44995684218,260233
0,44997978585,260240
0,45000272938,260247
0,45002567319,260254
0,45004861687,260261
0,45007156041,260268
0,45009450413,260275
0,45011744790,260282
0,45014039154,260289
0,45016333510,260296
0,45018627888,260303
0,45020922257,260310
0,45023216610,260317
0,45025510984,260324
0,45027805359,260331
0,45030099726,260338
0,45032394086,260345
0,45034688458,260352
0,45036982827,260359
0,45039277181,260366
0,45041571560,260373
0,45043865928,260380
0,45046160281,260387
0,45048454656,260394
0,45050749030,260401
0,45053043398,260408
0,45055337753,260415
0,45057632132,260422
0,45059926500,260429
0,45062220853,260436
0,45064515229,260443
0,45066809599,260450
0,45069103968,260457
0,45071398327,260464
0,45073692702,260471
0,45075987067,260478
0,45078281423,260485
0,45080575804,260492
0,45082870171,260499
0,45085164525,260506
0,45087458900,260513
0,45089753272,260520
0,45092047639,260527
0,45094341994,260534
0,45096636375,260541
0,45098930741,260548
0,45101225096,260555
0,45103519471,260562
0,45105813841,260569
0,45108108208,260576
0,45110402568,260583
0,45112696944,260590
0,45114991309,260597
0,45117285664,260604
0,45119580046,260611
0,45121874411,260618
0,45124168765,260625
0,45126463140,260632
0,45128757513,260639
0,45131051880,260646
0,45133346236,260653
0,45135640617,260660
0,45137934983,260667
0,45140229339,260674
0,45142523713,260681
0,45144818085,260688
0,45147112451,260695
0,45149406813,260702
0,45151701188,260709
0,45153995553,260716
0,45156289910,260723
0,45158584289,260730
0,45160878655,260737
0,45163173009,260744
0,45165467386,260751
0,45167761758,260758
0,45170056123,260765
0,45172350480,260772
0,45174644861,260779
0,45176939226,260786
0,45179233582,260793
0,45181527957,260800
0,45183822330,260807
0,45186116693,260814
0,45188411057,260821
0,45190705431,260828
0,45192999797,260835
0,45195294151,260842
0,45197588532,260849
0,45199882899,260856
0,45202177250,260863
0,45204471629,260870
0,45206766001,260877
0,45209060368,260884
0,45211354721,260891
0,45213649104,260898
0,45215943469,260905
0,45218237823,260912
0,45220532199,260919
0,45222826571,260926
0,45225120936,260933
0,45227415299,260940
0,45229709673,260947
0,45232004039,260954
0,45234298392,260961
0,45236592777,260968
0,45238887141,260975
0,45241181494,260982
0,45243475870,260989
0,45245770244,260996
0,45248064611,261003
0,45250358963,261010
0,45252653348,261017
0,45254947711,261024
0,45257242065,261031
0,45259536440,261038
0,45261830814,261045
0,45264125180,261052
0,45266419542,261059
0,45268713916,261066
0,45271008282,261073
0,45273302637,261080
0,45275597019,261087
0,45277891385,261094
0,45280185739,261101
0,45282480114,261108
0,45284774488,261115
0,45287068855,261122
0,45289363208,261129
0,45291657590,261136
0,45293951956,261143
0,45296246312,261150
0,45298540684,261157
0,45300835059,261164
0,45303129412,261171
0,45305423787,261178
0,45307718161,261185
0,45310012527,261192
0,45312306881,261199
0,45314601263,261206
0,45316895629,261213
0,45319189984,261220
0,45321484358,261227
0,45323778732,261234
0,45326073099,261241
0,45328367453,261248
0,45330661834,261255
0,45332956200,261262
0,45335250554,261269
0,45337544934,261276
0,45339839303,261283
0,45342133657,261290
0,45344428033,261297
0,45346722404,261304
0,45349016773,261311
0,45351311126,261318
0,45353605508,261325
0,45355899875,261332
0,45358194229,261339
0,45360488604,261346
0,45362782978,261353
0,45365077346,261360
0,45367371700,261367
0,45369666080,261374
0,45371960447,261381
0,45374254802,261388
0,45376549181,261395
0,45378843549,261402
0,45381137903,261409
0,45383432278,261416
0,45385726651,261423
0,45388021018,261430
0,45390315373,261437
0,45392609754,261444
0,45394904119,261451
0,45397198476,261458
0,45399492850,261465
0,45401787224,261472
0,45404081592,261479
0,45406375952,261486
0,45408670326,261493
0,45410964692,261500
0,45413259048,261507
0,45415553427,261514
0,45417847794,261521
0,45420142148,261528
0,45422436525,261535
0,45424730897,261542
0,45427025263,261549
0,45429319619,261556
0,45431613999,261563
0,45433908365,261570
0,45436202722,261577
0,45438497096,261584
0,45440791469,261591
0,45443085835,261598
0,45445380198,261605
0,45447674571,261612
0,45449968938,261619
0,45452263292,261626
0,45454557673,261633
0,45456852039,261640
0,45459146392,261647
0,45461440771,261654
0,45463735141,261661
0,45466029508,261668
0,45468323864,261675
0,45470618246,261682
0,45472912611,261689
0,45475206966,261696
0,45477501342,261703
0,45479795715,261710
0,45482090081,261717
0,45484384443,261724
0,45486678816,261731
0,45488973183,261738
0,45491267537,261745
0,45493561919,261752
0,45495856285,261759
0,45498150637,261766
0,45500445016,261773
0,45502739388,261780
0,45505033755,261787
0,45507328109,261794
0,45509622492,261801
0,45511916856,261808
0,45514211212,261815
0,45516505589,261822
0,45518799962,261829
0,45521094329,261836
0,45523388689,261843
0,45525683064,261850
0,45527977431,261857
0,45530271784,261864
0,45532566167,261871
0,45534860532,261878
0,45537154885,261885
0,45539449264,261892
0,45541743637,261899
0,45544038005,261906
0,45546332357,261913
0,45548626742,261920
0,45550921106,261927
0,45553215462,261934
0,45555509837,261941
0,45557804211,261948
0,45560098576,261955
0,45562392937,261962
0,45564687315,261969
0,45566981680,261976
0,45569276034,261983
0,45571570415,261990
0,45573864783,261997
0,45576159136,262004
0,45578453512,262011
0,45580747887,262018
0,45583042252,262025
0,45585336606,262032
0,45587630988,262039
0,45589925355,262046
0,45592219710,262053
0,45594514084,262060
0,45596808457,262067
0,45599102824,262074
0,45601397186,262081
0,45603691560,262088
0,45605985927,262095
0,45608280282,262102
0,45610574662,262109
0,45612869030,262116
0,45615163384,262123
0,45617457761,262130
0,45619752133,262137
0,45622046501,262144
0,45624340854,262151
0,45626635236,262158
0,45628929603,262165
0,45631223958,262172
0,45633518333,262179
0,45635812704,262186
0,45638107072,262193
0,45640401433,262200
0,45642695809,262207
0,45644990175,262214
0,45647284532,262221
0,45649578912,262228
0,45651873278,262235
0,45654167633,262242
0,45656462009,262249
0,45658756382,262256
0,45661050750,262263
0,45663345104,262270
0,45665639486,262277
0,45667933851,262284
0,45670228207,262291
0,45672522582,262298
0,45674816954,262305
0,45677111321,262312
0,45679405683,262319
0,45681700058,262326
0,45683994423,262333
0,45686288780,262340
0,45688583161,262347
0,45690877527,262354
0,45693171882,262361
0,45695466258,262368
0,45697760632,262375
0,45700054998,262382
0,45702349354,262389
0,45704643735,262396
0,45706938100,262403
0,45709232455,262410
0,45711526831,262417
0,45713821204,262424
0,45716115571,262431
0,45718409935,262438
0,45720704308,262445
0,45722998672,262452
0,45725293029,262459
0,45727587412,262466
0,45729881778,262473
0,45732176131,262480
0,45734470508,262487
0,45736764881,262494
0,45739059247,262501
0,45741353604,262508
0,45743647983,262515
0,45745942351,262522
0,45748236706,262529
0,45750531083,262536
0,45752825453,262543
0,45755119820,262550
0,45757414183,262557
0,45759708560,262564
0,45762002925,262571
0,45764297280,262578
0,45766591664,262585
0,45768886029,262592
0,45771180383,262599
0,45773474759,262606
0,45775769134,262613
0,45778063501,262620
0,45780357855,262627
0,45782652237,262634
0,45784946602,262641
0,45787240958,262648
0,45789535340,262655
0,45791829707,262662
0,45794124061,262669
0,45796418435,262676
0,45798712812,262683
0,45801007176,262690
0,45803301530,262697
0,45805595914,262704
0,45807890281,262711
0,45810184635,262718
0,45812479009,262725
0,45814773387,262732
0,45817067749,262739
0,45819362105,262746
0,45821656486,262753
0,45823950853,262760
0,45826245207,262767
0,45828539590,262774
0,45830833958,262781
0,45833128310,262788
0,45835422685,262795
0,45837717061,262802
0,45840011427,262809
0,45842305782,262816
0,45844600163,262823
0,45846894532,262830
0,45849188886,262837
0,45851483259,262844
0,45853777636,262851
0,45856072001,262858
0,45858366356,262865
0,45860660735,262872
0,45862955105,262879
0,45865249458,262886
0,45867543839,262893
0,45869838208,262900
0,45872132561,262907
0,45874426936,262914
0,45876721309,262921
0,45879015678,262928
0,45881310032,262935
0,45883604415,262942
0,45885898782,262949
0,45888193138,262956
0,45890487510,262963
0,45892781884,262970
0,45895076253,262977
0,45897370612,262984
0,45899664987,262991
0,45901959354,262998
0,45904253710,263005
0,45906548090,263012
0,45908842457,263019
0,45911136812,263026
0,45913431187,263033
0,45915725560,263040
0,45918019927,263047
0,45920314284,263054
0,45922608666,263061
0,45924903031,263068
0,45927197388,263075
0,45929491761,263082
0,45931786136,263089
0,45934080502,263096
0,45936374863,263103
0,45938669239,263110
0,45940963604,263117
0,45943257961,263124
0,45945552343,263131
0,45947846709,263138
0,45950141063,263145
0,45952435440,263152
0,45954729812,263159
0,45957024179,263166
0,45959318537,263173
0,45961612917,263180
0,45963907287,263187
0,45966201640,263194
0,45968496017,263201
0,45970790388,263208
0,45973084755,263215
0,45975379117,263222
0,45977673492,263229
0,45979967858,263236
0,45982262215,263243
0,45984556596,263250
0,45986850962,263257
0,45989145317,263264
0,45991439693,263271
0,45993734067,263278
0,45996028432,263285
0,45998322787,263292
0,46000617174,263299
0,46002911540,263306
0,46005205894,263313
0,46007500270,263320
0,46009794641,263327
0,46012089010,263334
0,46014383371,263341
0,46016677749,263348
0,46018972112,263355
0,46021266466,263362
0,46023560850,263369
0,46025855218,263376
0,46028149573,263383
0,46030443947,263390
0,46032738323,263397
0,46035032690,263404
0,46037327046,263411
0,46039621428,263418
0,46041915796,263425
0,46044210148,263432
0,46046504523,263439
0,46048798897,263446
0,46051093263,263453
0,46053387626,263460
0,46055682000,263467
0,46057976369,263474
0,46060270723,263481
0,46062565105,263488
0,46064859473,263495
0,46067153827,263502
0,46069448202,263509
0,46071742578,263516
0,46074036944,263523
0,46076331299,263530
0,46078625679,263537
0,46080920050,263544
0,46083214403,263551
0,46085508777,263558
0,46087803151,263565
0,46090097517,263572
0,46092391882,263579
0,46094686253,263586
0,46096980624,263593
0,46099274977,263600
0,46101569360,263607
0,46103863725,263614
0,46106158081,263621
0,46108452457,263628
0,46110746830,263635
0,46113041200,263642
0,46115335554,263649
0,46117629936,263656
0,46119924303,263663
0,46122218659,263670
0,46124513033,263677
0,46126807405,263684
0,46129101773,263691
0,46131396136,263698
0,46133690509,263705
0,46135984876,263712
0,46138279232,263719
0,46140573614,263726
0,46142867979,263733
0,46145162335,263740
0,46147456712,263747
0,46149751084,263754
0,46152045453,263761
0,46154339810,263768
0,46156634191,263775
0,46158928556,263782
0,46161222913,263789
0,46163517287,263796
0,46165811660,263803
0,46168106028,263810
0,46170400391,263817
0,46172694766,263824
0,46174989132,263831
0,46177283490,263838
0,46179577870,263845
0,46181872237,263852
0,46184166590,263859
0,46186460970,263866
0,46188755342,263873
0,46191049708,263880
0,46193344065,263887
0,46195638446,263894
0,46197932813,263901
0,46200227166,263908
0,46202521544,263915
0,46204815915,263922
0,46207110282,263929
0,46209404646,263936
0,46211699021,263943
0,46213993387,263950
0,46216287741,263957
0,46218582127,263964
0,46220876492,263971
0,46223170847,263978
0,46225465222,263985
0,46227759599,263992
0,46230053965,263999
0,46232348318,264006
0,46234642702,264013
0,46236937066,264020
0,46239231423,264027
0,46241525798,264034
0,46243820172,264041
0,46246114539,264048
0,46248408901,264055
0,46250703278,264062
0,46252997644,264069
0,46255291998,264076
0,46257586382,264083
0,46259880749,264090
0,46262175102,264097
0,46264469478,264104
0,46266763855,264111
0,46269058221,264118
0,46271352576,264125
0,46273646957,264132
0,46275941325,264139
0,46278235680,264146
0,46280530060,264153
0,46282824431,264160
0,46285118784,264167
0,46287413160,264174
0,46289707533,264181
0,46292001901,264188
0,46294296255,264195
0,46296590639,264202
0,46298885006,264209
0,46301179359,264216
0,46303473735,264223
0,46305768108,264230
0,46308062478,264237
0,46310356831,264244
0,46312651213,264251
0,46314945580,264258
0,46317239937,264265
0,46319534318,264272
0,46321828687,264279
0,46324123041,264286
0,46326417416,264293
0,46328711789,264300
0,46331006159,264307
0,46333300514,264314
0,46335594895,264321
0,46337889262,264328
0,46340183620,264335
0,46342477993,264342
0,46344772368,264349
0,46347066734,264356
0,46349361090,264363
0,46351655471,264370
0,46353949839,264377
0,46356244194,264384
0,46358538578,264391
0,46360832943,264398
0,46363127300,264405
0,46365421674,264412
0,46367716049,264419
0,46370010414,264426
0,46372304774,264433
0,46374599155,264440
0,46376893523,264447
0,46379187876,264454
0,46381482253,264461
0,46383776626,264468
0,46386070993,264475
0,46388365356,264482
0,46390659731,264489
0,46392954098,264496
0,46395248453,264503
0,46397542836,264510
0,46399837201,264517
0,46402131556,264524
0,46404425934,264531
0,46406720308,264538
0,46409014675,264545
0,46411309028,264552
0,46413603414,264559
0,46415897779,264566
0,46418192135,264573
0,46420486509,264580
0,46422780884,264587
0,46425075251,264594
0,46427369614,264601
0,46429663988,264608
0,46431958356,264615
0,46434252709,264622
0,46436547093,264629
0,46438841459,264636
0,46441135814,264643
0,46443430189,264650
0,46445724566,264657
0,46448018932,264664
0,46450313288,264671
0,46452607671,264678
0,46454902037,264685
0,46457196393,264692
0,46459490767,264699
0,46461785143,264706
0,46464079510,264713
0,46466373871,264720
0,46468668246,264727
0,46470962614,264734
0,46473256968,264741
0,46475551350,264748
0,46477845719,264755
0,46480140073,264762
0,46482434448,264769
0,46484728823,264776
0,46487023191,264783
0,46489317547,264790
0,46491611928,264797
0,46493906297,264804
0,46496200651,264811
0,46498495028,264818
0,46500789400,264825
0,46503083769,264832
0,46505378131,264839
0,46507672504,264846
0,46509966873,264853
0,46512261228,264860
0,46514555612,264867
0,46516849977,264874
0,46519144335,264881
0,46521438708,264888
0,46523733084,264895
0,46526027452,264902
0,46528321807,264909
0,46530616189,264916
0,46532910556,264923
0,46535204914,264930
0,46537499287,264937
0,46539793662,264944
0,46542088028,264951
0,46544382392,264958
0,46546676765,264965
0,46548971131,264972
0,46551265489,264979
0,46553559872,264986
0,46555854239,264993
0,46558148593,265000
0,46560442970,265007
0,46562737345,265014
0,46565031711,265021
0,46567326067,265028
0,46569620451,265035
0,46571914817,265042
0,46574209172,265049
0,46576503552,265056
0,46578797923,265063
0,46581092290,265070
0,46583386653,265077
0,46585681028,265084
0,46587975394,265091
0,46590269750,265098
0,46592564135,265105
0,46594858501,265112
0,46597152856,265119
0,46599447231,265126
0,46601741606,265133
0,46604035973,265140
0,46606330328,265147
0,46608624712,265154
0,46610919079,265161
0,46613213434,265168
0,46615507808,265175
0,46617802183,265182
0,46620096551,265189
0,46622390911,265196
0,46624685291,265203
0,46626979655,265210
0,46629274012,265217
0,46631568395,265224
0,46633862762,265231
0,46636157117,265238
0,46638451491,265245
0,46640745870,265252
0,46643040234,265259
0,46645334592,265266
0,46647628971,265273
0,46649923343,265280
0,46652217696,265287
0,46654512069,265294
0,46656806446,265301
0,46659100811,265308
0,46661395175,265315
0,46663689548,265322
0,46665983918,265329
0,46668278272,265336
0,46670572654,265343
0,46672867024,265350
0,46675161379,265357
0,46677455754,265364
0,46679750128,265371
0,46682044497,265378
0,46684338852,265385
0,46686633233,265392
0,46688927601,265399
0,46691221958,265406
0,46693516332,265413
0,46695810705,265420
0,46698105074,265427
0,46700399437,265434
0,46702693811,265441
0,46704988179,265448
0,46707282536,265455
0,46709576916,265462
0,46711871283,265469
0,46714165639,265476
0,46716460016,265483
0,46718754390,265490
0,46721048759,265497
0,46723343115,265504
0,46725637495,265511
0,46727931860,265518
0,46730226219,265525
0,46732520601,265532
0,46734814967,265539
0,46737109335,265546
0,46739403699,265553
0,46741698074,265560
0,46743992441,265567
0,46746286798,265574
0,46748581181,265581
0,46750875545,265588
0,46753169901,265595
0,46755464280,265602
0,46757758654,265609
0,46760053021,265616
0,46762347377,265623
0,46764641759,265630
0,46766936125,265637
0,46769230480,265644
0,46771524866,265651
0,46773819232,265658
0,46776113586,265665
0,46778407963,265672
0,46780702339,265679
0,46782996706,265686
0,46785291061,265693
0,46787585447,265700
0,46789879813,265707
0,46792174168,265714
0,46794468544,265721
0,46796762920,265728
0,46799057284,265735
0,46801351639,265742
0,46803646024,265749
0,46805940389,265756
0,46808234746,265763
0,46810529127,265770
0,46812823497,265777
0,46815117850,265784
0,46817412224,265791
0,46819706601,265798
0,46822000967,265805
0,46824295325,265812
0,46826589707,265819
0,46828884077,265826
0,46831178430,265833
0,46833472806,265840
0,46835767181,265847
0,46838061548,265854
0,46840355903,265861
0,46842650284,265868
0,46844944654,265875
0,46847239007,265882
0,46849533390,265889
0,46851827758,265896
0,46854122114,265903
0,46856416488,265910
0,46858710864,265917
0,46861005233,265924
0,46863299588,265931
0,46865593971,265938
0,46867888338,265945
0,46870182694,265952
0,46872477068,265959
0,46874771441,265966
0,46877065811,265973
0,46879360174,265980
0,46881654547,265987
0,46883948915,265994
0,46886243272,266001
0,46888537654,266008
0,46890832020,266015
0,46893126376,266022
0,46895420753,266029
0,46897715126,266036
0,46900009494,266043
0,46902303852,266050
0,46904598233,266057
0,46906892599,266064
0,46909186955,266071
0,46911481333,266078
0,46913775704,266085
0,46916070074,266092
0,46918364437,266099
0,46920658812,266106
0,46922953179,266113
0,46925247535,266120
0,46927541918,266127
0,46929836283,266134
0,46932130639,266141
0,46934425016,266148
0,46936719391,266155
0,46939013758,266162
0,46941308115,266169
0,46943602499,266176
0,46945896865,266183
0,46948191219,266190
0,46950485597,266197
0,46952779971,266204
0,46955074338,266211
0,46957368700,266218
0,46959663077,266225
0,46961957443,266232
0,46964251798,266239
0,46966546184,266246
0,46968840552,266253
0,46971134907,266260
0,46973429283,266267
0,46975723660,266274
0,46978018026,266281
0,46980312381,266288
0,46982606766,266295
0,46984901134,266302
0,46987195488,266309
0,46989489866,266316
0,46991784242,266323
0,46994078607,266330
0,46996372969,266337
0,46998667345,266344
0,47000961714,266351
0,47003256071,266358
0,47005550452,266365
0,47007844823,266372
0,47010139177,266379
0,47012433553,266386
0,47014727927,266393
0,47017022295,266400
0,47019316651,266407
0,47021611033,266414
0,47023905403,266421
0,47026199757,266428
0,47028494132,266435
0,47030788504,266442
0,47033082875,266449
0,47035377237,266456
0,47037671612,266463
0,47039965981,266470
0,47042260336,266477
0,47044554719,266484
0,47046849085,266491
0,47049143444,266498
0,47051437818,266505
0,47053732194,266512
0,47056026562,266519
0,47058320919,266526
0,47060615299,266533
0,47062909667,266540
0,47065204024,266547
0,47067498398,266554
0,47069792772,266561
0,47072087139,266568
0,47074381505,266575
0,47076675879,266582
0,47078970246,266589
0,47081264603,266596
0,47083558985,266603
0,47085853351,266610
0,47088147705,266617
0,47090442086,266624
0,47092736459,266631
0,47095030828,266638
0,47097325184,266645
0,47099619566,266652
0,47101913932,266659
0,47104208286,266666
0,47106502666,266673
0,47108797039,266680
0,47111091406,266687
0,47113385771,266694
0,47115680147,266701
0,47117974512,266708
0,47120268868,266715
0,47122563253,266722
0,47124857619,266729
0,47127151974,266736
0,47129446350,266743
0,47131740728,266750
0,47134035093,266757
0,47136329449,266764
0,47138623830,266771
0,47140918198,266778
0,47143212555,266785
0,47145506930,266792
0,47147801306,266799
0,47150095674,266806
0,47152390036,266813
0,47154684413,266820
0,47156978779,266827
0,47159273134,266834
0,47161567517,266841
0,47163861887,266848
0,47166156242,266855
0,47168450617,266862
0,47170744992,266869
0,47173039362,266876
0,47175333717,266883
0,47177628099,266890
0,47179922467,266897
0,47182216824,266904
0,47184511206,266911
0,47186805574,266918
0,47189099944,266925
0,47191394304,266932
0,47193688680,266939
0,47195983048,266946
0,47198277404,266953
0,47200571787,266960
0,47202866154,266967
0,47205160512,266974
0,47207454886,266981
0,47209749261,266988
0,47212043629,266995
0,47214337986,267002
0,47216632367,267009
0,47218926736,267016
0,47221221095,267023
0,47223515475,267030
0,47225809841,267037
0,47228104209,267044
0,47230398575,267051
0,47232692949,267058
0,47234987317,267065
0,47237281674,267072
0,47239576056,267079
0,47241870422,267086
0,47244164777,267093
0,47246459159,267100
0,47248753531,267107
0,47251047900,267114
0,47253342255,267121
0,47255636639,267128
0,47257931004,267135
0,47260225359,267142
0,47262519746,267149
0,47264814111,267156
0,47267108466,267163
0,47269402843,267170
0,47271697220,267177
0,47273991586,267184
0,47276285942,267191
0,47278580328,267198
0,47280874694,267205
0,47283169049,267212
0,47285463425,267219
0,47287757802,267226
0,47290052168,267233
0,47292346524,267240
0,47294640908,267247
0,47296935274,267254
0,47299229630,267261
0,47301524013,267268
0,47303818382,267275
0,47306112736,267282
0,47308407113,267289
0,47310701490,267296
0,47312995856,267303
0,47315290211,267310
0,47317584594,267317
0,47319878966,267324
0,47322173320,267331
0,47324467696,267338
0,47326762069,267345
0,47329056439,267352
0,47331350799,267359
0,47333645176,267366
0,47335939546,267373
0,47338233900,267380
0,47340528283,267387
0,47342822651,267394
0,47345117007,267401
0,47347411382,267408
0,47349705757,267415
0,47352000126,267422
0,47354294482,267429
0,47356588865,267436
0,47358883231,267443
0,47361177591,267450
0,47363471964,267457
0,47365766338,267464
0,47368060707,267471
0,47370355071,267478
0,47372649443,267485
0,47374943814,267492
0,47377238172,267499
0,47379532554,267506
0,47381826920,267513
0,47384121275,267520
0,47386415655,267527
0,47388710028,267534
0,47391004397,267541
0,47393298754,267548
0,47395593137,267555
0,47397887503,267562
0,47400181858,267569
0,47402476238,267576
0,47404770610,267583
0,47407064977,267590
0,47409359341,267597
0,47411653719,267604
0,47413948086,267611
0,47416242439,267618
0,47418536826,267625
0,47420831191,267632
0,47423125547,267639
0,47425419924,267646
0,47427714301,267653
0,47430008666,267660
0,47432303022,267667
0,47434597408,267674
0,47436891775,267681
0,47439186130,267688
0,47441480506,267695
0,47443774882,267702
0,47446069248,267709
0,47448363612,267716
0,47450657989,267723
0,47452952355,267730
0,47455246711,267737
0,47457541094,267744
0,47459835464,267751
0,47462129820,267758
0,47464424195,267765
0,47466718572,267772
0,47469012939,267779
0,47471307295,267786
0,47473601677,267793
0,47475896050,267800
0,47478190403,267807
0,47480484778,267814
0,47482779151,267821
0,47485073523,267828
0,47487367885,267835
0,47489662260,267842
0,47491956630,267849
0,47494250985,267856
0,47496545370,267863
0,47498839735,267870
0,47501134094,267877
0,47503428468,267884
0,47505722844,267891
0,47508017213,267898
0,47510311569,267905
0,47512605950,267912
0,47514900319,267919
0,47517194679,267926
0,47519489051,267933
0,47521783427,267940
0,47524077793,267947
0,47526372159,267954
0,47528666532,267961
0,47530960901,267968
0,47533255260,267975
0,47535549641,267982
0,47537844007,267989
0,47540138362,267996
0,47542432743,268003
0,47544727116,268010
0,47547021485,268017
0,47549315841,268024
0,47551610225,268031
0,47553904590,268038
0,47556198945,268045
0,47558493325,268052
0,47560787698,268059
0,47563082067,268066
0,47565376430,268073
0,47567670807,268080
0,47569965171,268087
0,47572259528,268094
0,47574553915,268101
0,47576848281,268108
0,47579142637,268115
0,47581437013,268122
0,47583731393,268129
0,47586025757,268136
0,47588320112,268143
0,47590614495,268150
0,47592908864,268157
0,47595203224,268164
0,47597497598,268171
0,47599791976,268178
0,47602086341,268185
0,47604380704,268192
0,47606675080,268199
0,47608969448,268206
0,47611263805,268213
0,47613558187,268220
0,47615852560,268227
0,47618146913,268234
0,47620441288,268241
0,47622735662,268248
0,47625030032,268255
0,47627324390,268262
0,47629618770,268269
0,47631913141,268276
0,47634207499,268283
0,47636501878,268290
0,47638796246,268297
0,47641090614,268304
0,47643384978,268311
0,47645679353,268318
0,47647973724,268325
0,47650268080,268332
0,47652562462,268339
0,47654856830,268346
0,47657151186,268353
0,47659445563,268360
0,47661739937,268367
0,47664034306,268374
0,47666328663,268381
0,47668623045,268388
0,47670917412,268395
0,47673211771,268402
0,47675506153,268409
0,47677800519,268416
0,47680094886,268423
0,47682389253,268430
0,47684683628,268437
0,47686977995,268444
0,47689272352,268451
0,47691566736,268458
0,47693861103,268465
0,47696155459,268472
0,47698449836,268479
0,47700744213,268486
0,47703038579,268493
0,47705332935,268500
0,47707627320,268507
0,47709921685,268514
0,47712216043,268521
0,47714510428,268528
0,47716804796,268535
0,47719099151,268542
0,47721393527,268549
0,47723687905,268556
0,47725982269,268563
0,47728276626,268570
0,47730571012,268577
0,47732865381,268584
0,47735159735,268591
0,47737454111,268598
0,47739748489,268605
0,47742042856,268612
0,47744337210,268619
0,47746631594,268626
0,47748925962,268633
0,47751220317,268640
0,47753514700,268647
0,47755809069,268654
0,47758103426,268661
0,47760397802,268668
0,47762692177,268675
0,47764986547,268682
0,47767280903,268689
0,47769575287,268696
0,47771869655,268703
0,47774164010,268710
0,47776458386,268717
0,47778752758,268724
0,47781047131,268731
0,47783341486,268738
0,47785635869,268745
0,47787930238,268752
0,47790224595,268759
0,47792518976,268766
0,47794813345,268773
0,47797107702,268780
0,47799402079,268787
0,47801696454,268794
0,47803990821,268801
0,47806285180,268808
0,47808579562,268815
0,47810873929,268822
0,47813168286,268829
0,47815462664,268836
0,47817757037,268843
0,47820051406,268850
0,47822345770,268857
0,47824640145,268864
0,47826934512,268871
0,47829228870,268878
0,47831523255,268885
0,47833817622,268892
0,47836111976,268899
0,47838406356,268906
0,47840700731,268913
0,47842995096,268920
0,47845289452,268927
0,47847583839,268934
0,47849878206,268941
0,47852172561,268948
0,47854466940,268955
0,47856761313,268962
0,47859055682,268969
0,47861350043,268976
0,47863644422,268983
0,47865938790,268990
0,47868233146,268997
0,47870527529,269004
0,47872821898,269011
0,47875116253,269018
0,47877410628,269025
0,47879705007,269032
0,47881999373,269039
0,47884293729,269046
0,47886588114,269053
0,47888882482,269060
0,47891176838,269067
0,47893471213,269074
0,47895765589,269081
0,47898059957,269088
0,47900354320,269095
0,47902648695,269102
0,47904943067,269109
0,47907237422,269116
0,47909531804,269123
0,47911826174,269130
0,47914120531,269137
0,47916414907,269144
0,47918709282,269151
0,47921003653,269158
0,47923298009,269165
0,47925592389,269172
0,47927886758,269179
0,47930181116,269186
0,47932475491,269193
0,47934769867,269200
0,47937064234,269207
0,47939358601,269214
0,47941652974,269221
0,47943947340,269228
0,47946241701,269235
0,47948536085,269242
0,47950830452,269249
0,47953124808,269256
0,47955419188,269263
0,47957713561,269270
0,47960007930,269277
0,47962302287,269284
0,47964596669,269291
0,47966891038,269298
0,47969185395,269305
0,47971479773,269312
0,47973774146,269319
0,47976068516,269326
0,47978362879,269333
0,47980657255,269340
0,47982951623,269347
0,47985245981,269354
0,47987540367,269361
0,47989834733,269368
0,47992129091,269375
0,47994423466,269382
0,47996717843,269389
0,47999012211,269396
0,48001306568,269403
0,48003600951,269410
0,48005895320,269417
0,48008189677,269424
0,48010484051,269431
0,48012778429,269438
0,48015072796,269445
0,48017367160,269452
0,48019661535,269459
0,48021955906,269466
0,48024250261,269473
0,48026544643,269480
0,48028839014,269487
0,48031133369,269494
0,48033427745,269501
0,48035722122,269508
0,48038016492,269515
0,48040310847,269522
0,48042605228,269529
0,48044899598,269536
0,48047193955,269543
0,48049488330,269550
0,48051782705,269557
0,48054077076,269564
0,48056371439,269571
0,48058665813,269578
0,48060960182,269585
0,48063254540,269592
0,48065548923,269599
0,48067843291,269606
0,48070137648,269613
0,48072432026,269620
0,48074726399,269627
0,48077020766,269634
0,48079315125,269641
0,48081609507,269648
0,48083903875,269655
0,48086198233,269662
0,48088492617,269669
0,48090786982,269676
0,48093081351,269683
0,48095375717,269690
0,48097670092,269697
0,48099964460,269704
0,48102258816,269711
0,48104553203,269718
0,48106847568,269725
0,48109141926,269732
0,48111436302,269739
0,48113730678,269746
0,48116025046,269753
0,48118319403,269760
0,48120613787,269767
0,48122908154,269774
0,48125202512,269781
0,48127496892,269788
0,48129791262,269795
0,48132085630,269802
0,48134379994,269809
0,48136674374,269816
0,48138968739,269823
0,48141263096,269830
0,48143557480,269837
0,48145851849,269844
0,48148146203,269851
0,48150440582,269858
0,48152734958,269865
0,48155029326,269872
0,48157323682,269879
0,48159618065,269886
0,48161912434,269893
0,48164206791,269900
0,48166501174,269907
0,48168795543,269914
0,48171089912,269921
0,48173384275,269928
0,48175678650,269935
0,48177973019,269942
0,48180267377,269949
0,48182561759,269956
0,48184856128,269963
0,48187150486,269970
0,48189444861,269977
0,48191739237,269984
0,48194033606,269991
0,48196327964,269998
0,48198622347,270005
0,48200916714,270012
0,48203211071,270019
0,48205505456,270026
0,48207799823,270033
0,48210094177,270040
0,48212388560,270047
0,48214682934,270054
0,48216977302,270061
0,48219271660,270068
0,48221566045,270075
0,48223860411,270082
0,48226154766,270089
0,48228449146,270096
0,48230743519,270103
0,48233037891,270110
0,48235332246,270117
0,48237626630,270124
0,48239920998,270131
0,48242215352,270138
0,48244509740,270145
0,48246804107,270152
0,48249098462,270159
0,48251392840,270166
0,48253687219,270173
0,48255981584,270180
0,48258275940,270187
0,48260570325,270194
0,48262864694,270201
0,48265159051,270208
0,48267453427,270215
0,48269747805,270222
0,48272042173,270229
0,48274336527,270236
0,48276630911,270243
0,48278925280,270250
0,48281219635,270257
0,48283514020,270264
0,48285808391,270271
0,48288102746,270278
0,48290397121,270285
0,48292691497,270292
0,48294985867,270299
0,48297280224,270306
0,48299574607,270313
0,48301868977,270320
0,48304163334,270327
0,48306457707,270334
0,48308752083,270341
0,48311046453,270348
0,48313340816,270355
0,48315635191,270362
0,48317929561,270369
0,48320223919,270376
0,48322518301,270383
0,48324812669,270390
0,48327107026,270397
0,48329401404,270404
0,48331695778,270411
0,48333990148,270418
0,48336284506,270425
0,48338578888,270432
0,48340873256,270439
0,48343167611,270446
0,48345461993,270453
0,48347756366,270460
0,48350050734,270467
0,48352345099,270474
0,48354639474,270481
0,48356933841,270488
0,48359228198,270495
0,48361522585,270502
0,48363816952,270509
0,48366111309,270516
0,48368405685,270523
0,48370700063,270530
0,48372994429,270537
0,48375288785,270544
0,48377583170,270551
0,48379877540,270558
0,48382171896,270565
0,48384466272,270572
0,48386760648,270579
0,48389055017,270586
0,48391349380,270593
0,48393643756,270600
0,48395938127,270607
0,48398232483,270614
0,48400526867,270621
0,48402821236,270628
0,48405115592,270635
0,48407409967,270642
0,48409704345,270649
0,48411998716,270656
0,48414293073,270663
0,48416587455,270670
0,48418881826,270677
0,48421176183,270684
0,48423470556,270691
0,48425764931,270698
0,48428059302,270705
0,48430353666,270712
0,48432648041,270719
0,48434942410,270726
0,48437236768,270733
0,48439531152,270740
0,48441825519,270747
0,48444119878,270754
0,48446414254,270761
0,48448708631,270768
0,48451002998,270775
0,48453297359,270782
0,48455591741,270789
0,48457886108,270796
0,48460180467,270803
0,48462474844,270810
0,48464769219,270817
0,48467063587,270824
0,48469357951,270831
0,48471652329,270838
0,48473946695,270845
0,48476241052,270852
0,48478535439,270859
0,48480829807,270866
0,48483124163,270873
0,48485418539,270880
0,48487712917,270887
0,48490007283,270894
0,48492301641,270901
0,48494596026,270908
0,48496890394,270915
0,48499184751,270922
0,48501479126,270929
0,48503773504,270936
0,48506067870,270943
0,48508362235,270950
0,48510656612,270957
0,48512950982,270964
0,48515245337,270971
0,48517539720,270978
0,48519834092,270985
0,48522128446,270992
0,48524422824,270999
0,48526717199,271006
0,48529011571,271013
0,48531305925,271020
0,48533600307,271027
0,48535894678,271034
0,48538189034,271041
0,48540483417,271048
0,48542777785,271055
0,48545072157,271062
0,48547366520,271069
0,48549660895,271076
0,48551955266,271083
0,48554249623,271090
0,48556544007,271097
0,48558838375,271104
0,48561132734,271111
0,48563427110,271118
0,48565721484,271125
0,48568015853,271132
0,48570310211,271139
0,48572604594,271146
0,48574898962,271153
0,48577193321,271160
0,48579487705,271167
0,48581782070,271174
0,48584076441,271181
0,48586370807,271188
0,48588665182,271195
0,48590959551,271202
0,48593253906,271209
0,48595548295,271216
0,48597842660,271223
0,48600137018,271230
0,48602431396,271237
0,48604725772,271244
0,48607020140,271251
0,48609314497,271258
0,48611608883,271265
0,48613903251,271272
0,48616197609,271279
0,48618491991,271286
0,48620786360,271293
0,48623080729,271300
0,48625375093,271307
0,48627669472,271314
0,48629963839,271321
0,48632258194,271328
0,48634552579,271335
0,48636846949,271342
0,48639141305,271349
0,48641435682,271356
0,48643730058,271363
0,48646024428,271370
0,48648318782,271377
0,48650613167,271384
0,48652907535,271391
0,48655201892,271398
0,48657496276,271405
0,48659790646,271412
0,48662085017,271419
0,48664379379,271426
0,48666673755,271433
0,48668968123,271440
0,48671262482,271447
0,48673556865,271454
0,48675851235,271461
0,48678145592,271468
0,48680439968,271475
0,48682734343,271482
0,48685028713,271489
0,48687323072,271496
0,48689617453,271503
0,48691911823,271510
0,48694206180,271517
0,48696500564,271524
0,48698794931,271531
0,48701089287,271538
0,48703383667,271545
0,48705678045,271552
0,48707972413,271559
0,48710266770,271566
0,48712561155,271573
0,48714855521,271580
0,48717149878,271587
0,48719444256,271594
0,48721738633,271601
0,48724033000,271608
0,48726327359,271615
0,48728621743,271622
0,48730916109,271629
0,48733210467,271636
0,48735504851,271643
0,48737799222,271650
0,48740093576,271657
0,48742387953,271664
0,48744682331,271671
0,48746976698,271678
0,48749271055,271685
0,48751565441,271692
0,48753859812,271699
0,48756154167,271706
0,48758448543,271713
0,48760742917,271720
0,48763037288,271727
0,48765331645,271734
0,48767626026,271741
0,48769920399,271748
0,48772214755,271755
0,48774509137,271762
0,48776803506,271769
0,48779097863,271776
0,48781392241,271783
0,48783686617,271790
0,48785980987,271797
0,48788275345,271804
0,48790569725,271811
0,48792864096,271818
0,48795158452,271825
0,48797452831,271832
0,48799747204,271839
0,48802041574,271846
0,48804335941,271853
0,48806630316,271860
0,48808924685,271867
0,48811219042,271874
0,48813513428,271881
0,48815807795,271888
0,48818102153,271895
0,48820396532,271902
0,48822690907,271909
0,48824985275,271916
0,48827279632,271923
0,48829574017,271930
0,48831868387,271937
0,48834162742,271944
0,48836457120,271951
0,48838751495,271958
0,48841045863,271965
0,48843340227,271972
0,48845634607,271979
0,48847928974,271986
0,48850223331,271993
0,48852517717,272000
0,48854812085,272007
0,48857106439,272014
0,48859400818,272021
0,48861695196,272028
0,48863989565,272035
0,48866283921,272042
0,48868578304,272049
0,48870872677,272056
0,48873167030,272063
0,48875461408,272069
0,48877755784,272075
0,48880050156,272081
0,48882344518,272087
0,48884638896,272093
0,48886933265,272099
0,48889227621,272105
0,48891522006,272111
0,48893816374,272117
0,48896110733,272123
0,48898405110,272129
0,48900699485,272135
0,48902993855,272141
0,48905288213,272147
0,48907582595,272153
0,48909876966,272159
0,48912171325,272165
0,48914465701,272171
0,48916760074,272177
0,48919054445,272183
0,48921348811,272189
0,48923643186,272195
0,48925937555,272201
0,48928231914,272207
0,48930526299,272213
0,48932820666,272219
0,48935115024,272225
0,48937409401,272231
0,48939703777,272237
0,48941998146,272243
0,48944292503,272249
0,48946586889,272255
0,48948881255,272261
0,48951175615,272267
0,48953469990,272273
0,48955764368,272279
0,48958058735,272285
0,48960353100,272291
0,48962647480,272297
0,48964941847,272303
0,48967236201,272309
0,48969530589,272315
0,48971824958,272321
0,48974119314,272327
0,48976413691,272333
0,48978708069,272339
0,48981002438,272345
0,48983296792,272351
0,48985591178,272357
0,48987885547,272363
0,48990179905,272369
0,48992474288,272375
0,48994768656,272381
0,48997063029,272387
0,48999357390,272393
0,49001651768,272399
0,49003946136,272405
0,49006240495,272411
0,49008534880,272417
0,49010829248,272423
0,49013123607,272429
0,49015417983,272435
0,49017712358,272441
0,49020006727,272447
0,49022301087,272453
0,49024595471,272459
0,49026889837,272465
0,49029184199,272471
0,49031478581,272477
0,49033772948,272483
0,49036067317,272489
0,49038361685,272495
0,49040656061,272501
0,49042950429,272507
0,49045244785,272513
0,49047539173,272519
0,49049833539,272525
0,49052127896,272531
0,49054422275,272537
0,49056716653,272543
0,49059011019,272549
0,49061305374,272555
0,49063599764,272561
0,49065894129,272567
0,49068188487,272573
0,49070482871,272579
0,49072777243,272585
0,49075071610,272591
0,49077365973,272597
0,49079660352,272603
0,49081954720,272609
0,49084249076,272615
0,49086543462,272621
0,49088837833,272627
0,49091132189,272633
0,49093426563,272639
0,49095720939,272645
0,49098015311,272651
0,49100309667,272657
0,49102604051,272663
0,49104898420,272669
0,49107192781,272675
0,49109487161,272681
0,49111781529,272687
0,49114075900,272693
0,49116370266,272699
0,49118664641,272705
0,49120959010,272711
0,49123253371,272717
0,49125547753,272723
0,49127842119,272729
0,49130136480,272735
0,49132430858,272741
0,49134725233,272747
0,49137019602,272753
0,49139313960,272759
0,49141608343,272765
0,49143902711,272771
0,49146197068,272777
0,49148491455,272783
0,49150785825,272789
0,49153080180,272795
0,49155374557,272801
0,49157668936,272807
0,49159963302,272813
0,49162257659,272819
0,49164552048,272825
0,49166846416,272831
0,49169140771,272837
0,49171435148,272843
0,49173729526,272849
0,49176023894,272855
0,49178318251,272861
0,49180612636,272867
0,49182907006,272873
0,49185201362,272879
0,49187495745,272885
0,49189790117,272891
0,49192084473,272897
0,49194378852,272903
0,49196673228,272909
0,49198967600,272915
0,49201261958,272921
0,49203556341,272927
0,49205850711,272933
0,49208145067,272939
0,49210439445,272945
0,49212733821,272951
0,49215028193,272957
0,49217322547,272963
0,49219616931,272969
0,49221911299,272975
0,49224205659,272981
0,49226500045,272987
0,49228794414,272993
0,49231088771,272999
0,49233383148,273005
0,49235677525,273011
0,49237971893,273017
0,49240266253,273023
0,49242560635,273029
0,49244855007,273035
0,49247149363,273041
0,49249443740,273047
0,49251738115,273053
0,49254032485,273059
0,49256326850,273065
0,49258621227,273071
0,49260915595,273077
0,49263209953,273083
0,49265504339,273089
0,49267798705,273095
0,49270093063,273101
0,49272387442,273107
0,49274681821,273113
0,49276976188,273119
0,49279270546,273125
0,49281564929,273131
0,49283859299,273137
0,49286153655,273143
0,49288448033,273149
0,49290742412,273155
0,49293036779,273161
0,49295331140,273167
0,49297625520,273173
0,49299919888,273179
0,49302214247,273185
0,49304508631,273191
0,49306803004,273197
0,49309097360,273203
0,49311391734,273209
0,49313686113,273215
0,49315980482,273221
0,49318274839,273227
0,49320569221,273233
0,49322863593,273239
0,49325157952,273245
0,49327452326,273251
0,49329746700,273257
0,49332041072,273263
0,49334335438,273269
0,49336629814,273275
0,49338924182,273281
0,49341218543,273287
0,49343512926,273293
0,49345807293,273299
0,49348101649,273305
0,49350396032,273311
0,49352690408,273317
0,49354984776,273323
0,49357279135,273329
0,49359573520,273335
0,49361867888,273341
0,49364162245,273347
0,49366456624,273353
0,49368751001,273359
0,49371045367,273365
0,49373339731,273371
0,49375634111,273377
0,49377928477,273383
0,49380222837,273389
0,49382517221,273395
0,49384811594,273401
0,49387105948,273407
0,49389400324,273413
0,49391694703,273419
0,49393989072,273425
0,49396283428,273431
0,49398577813,273437
0,49400872184,273443
0,49403166543,273449
0,49405460917,273455
0,49407755293,273461
0,49410049664,273467
0,49412344029,273473
0,49414638406,273479
0,49416932777,273485
0,49419227137,273491
0,49421521518,273497
0,49423815888,273503
0,49426110247,273509
0,49428404624,273515
0,49430699001,273521
0,49432993371,273527
0,49435287727,273533
0,49437582112,273539
0,49439876480,273545
0,49442170842,273551
0,49444465218,273557
0,49446759595,273563
0,49449053963,273569
0,49451348329,273575
0,49453642704,273581
0,49455937073,273587
0,49458231433,273593
0,49460525818,273599
0,49462820186,273605
0,49465114544,273611
0,49467408921,273617
0,49469703299,273623
0,49471997666,273629
0,49474292025,273635
0,49476586410,273641
0,49478880779,273647
0,49481175137,273653
0,49483469520,273659
0,49485763890,273665
0,49488058258,273671
0,49490352624,273677
0,49492647002,273683
0,49494941372,273689
0,49497235727,273695
0,49499530113,273701
0,49501824484,273707
0,49504118840,273713
0,49506413217,273719
0,49508707594,273725
0,49511001967,273731
0,49513296321,273737
0,49515590706,273743
0,49517885076,273749
0,49520179435,273755
0,49522473818,273761
0,49524768184,273767
0,49527062561,273773
0,49529356921,273779
0,49531651298,273785
0,49533945667,273791
0,49536240027,273797
0,49538534412,273803
0,49540828777,273809
0,49543123138,273815
0,49545417517,273821
0,49547711891,273827
0,49550006262,273833
0,49552300620,273839
0,49554595005,273845
0,49556889373,273851
0,49559183729,273857
0,49561478118,273863
0,49563772485,273869
0,49566066854,273875
0,49568361220,273881
0,49570655597,273887
0,49572949967,273893
0,49575244323,273899
0,49577538710,273905
0,49579833079,273911
0,49582127435,273917
0,49584421814,273923
0,49586716190,273929
0,49589010561,273935
0,49591304916,273941
0,49593599301,273947
0,49595893671,273953
0,49598188028,273959
0,49600482414,273965
0,49602776784,273971
0,49605071151,273977
0,49607365516,273983
0,49609659894,273989
0,49611954266,273995
0,49614248622,274001
0,49616543008,274007
0,49618837376,274013
0,49621131733,274019
0,49623426112,274025
0,49625720486,274031
0,49628014861,274037
0,49630309217,274043
0,49632603598,274049
0,49634897970,274055
0,49637192329,274061
0,49639486712,274067
0,49641781082,274073
0,49644075440,274079
0,49646369819,274085
0,49648664194,274091
0,49650958562,274097
0,49653252922,274103
0,49655547309,274109
0,49657841676,274115
0,49660136033,274121
0,49662430415,274127
0,49664724788,274133
0,49667019157,274139
0,49669313516,274145
0,49671607901,274151
0,49673902270,274157
0,49676196627,274163
0,49678491012,274169
0,49680785383,274175
0,49683079738,274181
0,49685374117,274187
0,49687668496,274193
0,49689962866,274199
0,49692257222,274205
0,49694551606,274211
0,49696845977,274217
0,49699140333,274223
0,49701434711,274229
0,49703729089,274235
0,49706023459,274241
0,49708317816,274247
0,49710612198,274253
0,49712906570,274259
0,49715200928,274265
0,49717495312,274271
0,49719789681,274277
0,49722084041,274283
0,49724378417,274289
0,49726672794,274295
0,49728967162,274301
0,49731261521,274307
0,49733555904,274313
0,49735850276,274319
0,49738144635,274325
0,49740439010,274331
0,49742733386,274337
0,49745027754,274343
0,49747322123,274349
0,49749616499,274355
0,49751910869,274361
0,49754205227,274367
0,49756499612,274373
0,49758793980,274379
0,49761088337,274385
0,49763382716,274391
0,49765677094,274397
0,49767971461,274403
0,49770265821,274409
0,49772560207,274415
0,49774854575,274421
0,49777148931,274427
0,49779443310,274433
0,49781737690,274439
0,49784032056,274445
0,49786326420,274451
0,49788620800,274457
0,49790915168,274463
0,49793209525,274469
0,49795503911,274475
0,49797798283,274481
0,49800092640,274487
0,49802387015,274493
0,49804681392,274499
0,49806975764,274505
0,49809270122,274511
0,49811564504,274517
0,49813858875,274523
0,49816153235,274529
0,49818447609,274535
0,49820741987,274541
0,49823036357,274547
0,49825330725,274553
0,49827625101,274559
0,49829919471,274565
0,49832213829,274571
0,49834508215,274577
0,49836802583,274583
0,49839096942,274589
0,49841391322,274595
0,49843685698,274601
0,49845980067,274607
0,49848274424,274613
0,49850568810,274619
0,49852863177,274625
0,49855157537,274631
0,49857451917,274637
0,49859746291,274643
0,49862040660,274649
0,49864335028,274655
0,49866629406,274661
0,49868923775,274667
0,49871218133,274673
0,49873512519,274679
0,49875806888,274685
0,49878101243,274691
0,49880395623,274697
0,49882690002,274703
0,49884984371,274709
0,49887278727,274715
0,49889573112,274721
0,49891867484,274727
0,49894161839,274733
0,49896456216,274739
0,49898750594,274745
0,49901044966,274751
0,49903339331,274757
0,49905633707,274763
0,49907928078,274769
0,49910222436,274775
0,49912516820,274781
0,49914811190,274787
0,49917105550,274793
0,49919399927,274799
0,49921694302,274805
0,49923988671,274811
0,49926283032,274817
0,49928577416,274823
0,49930871785,274829
0,49933166145,274835
0,49935460529,274841
0,49937754897,274847
0,49940049265,274853
0,49942343633,274859
0,49944638010,274865
0,49946932380,274871
0,49949226737,274877
0,49951521124,274883
0,49953815493,274889
0,49956109850,274895
0,49958404229,274901
0,49960698607,274907
0,49962992974,274913
0,49965287333,274919
0,49967581720,274925
0,49969876087,274931
0,49972170445,274937
0,49974464831,274943
0,49976759202,274949
0,49979053570,274955
0,49981347933,274961
0,49983642314,274967
0,49985936682,274973
0,49988231039,274979
0,49990525426,274985
0,49992819799,274991
0,49995114155,274997
0,49997408529,275003
0,49999702906,275009
0,50000000000,275009
