144185805,13800.0000000000
307074873,15180.0000000000
309369297,16560.0000000000
311663698,17940.0000000000
313958122,19320.0000000000
316252537,20700.0000000000
469921843,22080.0000000000
472216271,23460.0000000000
474510696,24840.0000000000
476805099,26220.0000000000
479099514,27600.0000000000
481393938,28980.0000000000
483688340,30360.0000000000
632769905,31740.0000000000
635064322,33120.0000000000
637358746,34500.0000000000
639653148,35880.0000000000
641947572,37260.0000000000
644241974,38640.0000000000
646536400,40020.0000000000
648830802,41400.0000000000
651125218,42780.0000000000
653419642,44160.0000000000
655714043,45540.0000000000
796766299,46920.0000000000
799060713,48300.0000000000
801355139,49680.0000000000
803649541,51060.0000000000
805943966,52440.0000000000
808238369,53820.0000000000
810532793,55200.0000000000
812827196,56580.0000000000
815121612,57960.0000000000
817416037,59340.0000000000
819710439,60720.0000000000
822004864,62100.0000000000
824299278,63480.0000000000
826593682,64860.0000000000
828888106,66240.0000000000
831182509,67620.0000000000
959616629,69000.0000000000
961911055,70380.0000000000
964205457,71760.0000000000
966499882,73140.0000000000
968794285,74520.0000000000
971088701,75900.0000000000
973383125,77280.0000000000
975677529,78660.0000000000
977971954,80040.0000000000
980266369,81420.0000000000
982560772,82800.0000000000
984855198,84180.0000000000
987149599,85560.0000000000
989444025,86940.0000000000
991738429,88320.0000000000
994032853,89700.0000000000
996327267,91080.0000000000
998621671,92460.0000000000
1000916097,93840.0000000000
1003210498,95220.0000000000
1009568017,96600.0000000000
1011862374,97980.0000000000
1014156733,99360.0000000000
1016451099,100740.0000000000
1123235824,102120.0000000000
1125530246,103500.0000000000
1127824688,104880.0000000000
1130119138,106260.0000000000
1132413560,107640.0000000000
1134708006,109020.0000000000
1137002453,110400.0000000000
1139296885,111780.0000000000
1141591307,113160.0000000000
1143885768,114540.0000000000
1146180200,115920.0000000000
1148474622,117300.0000000000
1150769068,118680.0000000000
1153063513,120060.0000000000
1155357936,121440.0000000000
1157652383,122820.0000000000
1159946829,124200.0000000000
1162241261,125580.0000000000
1164535684,126960.0000000000
1166830124,128340.0000000000
1169124576,129720.0000000000
1171418999,131100.0000000000
1173713444,132480.0000000000
1176007891,133860.0000000000
1178302323,135240.0000000000
1180596745,136620.0000000000
1182891203,138000.0000000000
1185953083,139380.0000000000
1188247535,140760.0000000000
1190542000,142140.0000000000
1192836447,143520.0000000000
1195130919,144900.0000000000
1197425389,146280.0000000000
1199719837,147660.0000000000
1202014303,149040.0000000000
1204308754,150420.0000000000
1287626302,151800.0000000000
1289920768,153180.0000000000
1292215221,154560.0000000000
1294509687,155940.0000000000
1296804139,157320.0000000000
1299098606,158700.0000000000
1301393078,160080.0000000000
1303687525,161460.0000000000
1305981992,162840.0000000000
1308276444,164220.0000000000
1310570911,165600.0000000000
1312865360,166980.0000000000
1315159830,168360.0000000000
1317454302,169740.0000000000
1319748750,171120.0000000000
1322043216,172500.0000000000
1324337669,173880.0000000000
1326632135,175260.0000000000
1328926601,176640.0000000000
1331221055,178020.0000000000
1333515521,179400.0000000000
1335809974,180780.0000000000
1338104441,182160.0000000000
1340398912,183540.0000000000
1342693359,184920.0000000000
1344987825,186300.0000000000
1347282277,187680.0000000000
1349576744,189060.0000000000
1351871210,190440.0000000000
1354165662,191820.0000000000
1356460134,193200.0000000000
1358754581,194580.0000000000
1361049048,195960.0000000000
1363343503,197340.0000000000
1365637968,198720.0000000000
1367932436,200100.0000000000
1370226887,201480.0000000000
1372521354,202860.0000000000
1374815802,204240.0000000000
1377110273,205620.0000000000
1379404745,207000.0000000000
1381699192,208380.0000000000
1383993656,209760.0000000000
1386288110,211140.0000000000
1388582575,212520.0000000000
1390877041,213900.0000000000
1393171495,215280.0000000000
1395465965,216660.0000000000
1397760414,218040.0000000000
1400054880,219420.0000000000
1402349333,220800.0000000000
1404643799,222180.0000000000
1406938265,223560.0000000000
1409232719,224940.0000000000
1452021277,226320.0000000000
1454315730,227700.0000000000
1456610198,229080.0000000000
1458904663,230460.0000000000
1461199117,231840.0000000000
1463493583,233220.0000000000
1465788036,234600.0000000000
1468082503,235980.0000000000
1470376955,237360.0000000000
1472671423,238740.0000000000
1474965889,240120.0000000000
1477260343,241500.0000000000
1479554808,242880.0000000000
1481849257,244260.0000000000
1484143728,245640.0000000000
1486438200,247020.0000000000
1488732649,248400.0000000000
1491027115,249780.0000000000
1493321569,251160.0000000000
1495616035,252540.0000000000
1497910503,253920.0000000000
1500204955,255300.0000000000
1502499422,256680.0000000000
1504793875,258060.0000000000
1507088340,259440.0000000000
1509382795,260820.0000000000
1511677261,262200.0000000000
1513971728,263580.0000000000
1516266180,264960.0000000000
1518560647,266340.0000000000
1520855095,267720.0000000000
1523149567,269100.0000000000
1525444039,270480.0000000000
1527738486,271860.0000000000
1530032954,273240.0000000000
1532327406,274620.0000000000
1534621873,276000.0000000000
1536916340,277380.0000000000
1539210792,278760.0000000000
1541505260,280140.0000000000
1543799712,281520.0000000000
1546094180,282900.0000000000
1548388632,284280.0000000000
1550683098,285660.0000000000
1552977565,287040.0000000000
1555272017,288420.0000000000
1557566484,289800.0000000000
1559860932,291180.0000000000
1562155405,292560.0000000000
1564449874,293940.0000000000
1566744322,295320.0000000000
1569038789,296700.0000000000
1571333242,298080.0000000000
1573627709,299460.0000000000
1575922174,300840.0000000000
1578216628,302220.0000000000
1580511095,303600.0000000000
1582805549,304980.0000000000
1585100014,306360.0000000000
1587394468,307740.0000000000
1589688935,309120.0000000000
1591983402,310500.0000000000
1594277854,311880.0000000000
1596572321,313260.0000000000
1598866769,314640.0000000000
1601161239,316020.0000000000
1603455710,317400.0000000000
1605750158,318780.0000000000
1608044626,320160.0000000000
1610339078,321540.0000000000
1612633545,322920.0000000000
1614928010,324300.0000000000
1617222465,325680.0000000000
1619516930,327060.0000000000
1621811382,328440.0000000000
1624105850,329820.0000000000
1626400321,331200.0000000000
1628694769,332580.0000000000
1630989235,333960.0000000000
1633283689,335340.0000000000
1635578155,336720.0000000000
1637872623,338100.0000000000
1640167075,339480.0000000000
1642461547,340860.0000000000
1644755994,342240.0000000000
1647050461,343620.0000000000
1649344913,345000.0000000000
1651639381,346380.0000000000
1653933847,347760.0000000000
1656228301,349140.0000000000
1658522767,350520.0000000000
1660817220,351900.0000000000
1663111687,353280.0000000000
1665406158,354660.0000000000
1667700606,356040.0000000000
1669995074,357420.0000000000
1672289527,358800.0000000000
1674583993,360180.0000000000
1676878459,361560.0000000000
1679172912,362940.0000000000
1681467385,364320.0000000000
1683761831,365700.0000000000
1686056298,367080.0000000000
1688350750,368460.0000000000
1690645219,369840.0000000000
1692939684,371220.0000000000
1695234138,372600.0000000000
1697528604,373980.0000000000
1699823054,375360.0000000000
1702117524,376740.0000000000
1704411997,378120.0000000000
1706706444,379500.0000000000
1709000912,380880.0000000000
1711295364,382260.0000000000
1713589832,383640.0000000000
1715884298,385020.0000000000
1718178752,386400.0000000000
1720473223,387780.0000000000
1722767672,389160.0000000000
1725062137,390540.0000000000
1727356591,391920.0000000000
1729651056,393300.0000000000
1731945524,394680.0000000000
1734239976,396060.0000000000
1736534443,397440.0000000000
1738828890,398820.0000000000
1741123364,400200.0000000000
1743417833,401580.0000000000
1745712282,402960.0000000000
1748006748,404340.0000000000
1750301203,405720.0000000000
1752595668,407100.0000000000
1754890136,408480.0000000000
1757184588,409860.0000000000
1759479061,411240.0000000000
1761773508,412620.0000000000
1764067976,414000.0000000000
1766362428,415380.0000000000
1768656896,416760.0000000000
1770951363,418140.0000000000
1773245816,419520.0000000000
1775540283,420900.0000000000
1777834730,422280.0000000000
1780129202,423660.0000000000
1782423674,425040.0000000000
1784718122,426420.0000000000
1787012589,427800.0000000000
1789307042,429180.0000000000
1791601508,430560.0000000000
1793895976,431940.0000000000
1796190428,433320.0000000000
1798484901,434700.0000000000
1800779348,436080.0000000000
1803073816,437460.0000000000
1805368268,438840.0000000000
1807662736,440220.0000000000
1809957202,441600.0000000000
1812251656,442980.0000000000
1814546121,444360.0000000000
1816840570,445740.0000000000
1819135041,447120.0000000000
1821429513,448500.0000000000
1823723960,449880.0000000000
1826018428,451260.0000000000
1828312881,452640.0000000000
1830607347,454020.0000000000
1832901816,455400.0000000000
1835196268,456780.0000000000
1837490739,458160.0000000000
1839785187,459540.0000000000
1842079656,460920.0000000000
1844374108,462300.0000000000
1846668575,463680.0000000000
1848963041,465060.0000000000
1851257496,466440.0000000000
1853551961,467820.0000000000
1855846409,469200.0000000000
1858140880,470580.0000000000
1860435352,471960.0000000000
1862729801,473340.0000000000
1865024267,474720.0000000000
1867318721,476100.0000000000
1869613187,477480.0000000000
1871907655,478860.0000000000
1874202106,480240.0000000000
1876496574,481620.0000000000
1878791026,483000.0000000000
1881085494,484380.0000000000
1883379947,485760.0000000000
1885674414,487140.0000000000
1887968882,488520.0000000000
1890263334,489900.0000000000
1892557802,491280.0000000000
1894852249,492660.0000000000
1897146722,494040.0000000000
1899441192,495420.0000000000
1901735641,496800.0000000000
1904030108,498180.0000000000
1906324561,499560.0000000000
1908619028,500940.0000000000
1910913494,502320.0000000000
1913207948,503700.0000000000
1915611214,505080.0000000000
1918014487,251160.0000000000
2612777745,103500.0000000000
2935638683,103518.0000000000
2937933151,103536.0000000000
2940227603,103554.0000000000
2942522072,103572.0000000000
2944816526,103590.0000000000
2947110994,103608.0000000000
2949405448,103626.0000000000
3030422468,103644.0000000000
3032716936,103662.0000000000
3035011404,103680.0000000000
3037305858,103698.0000000000
3039600326,103716.0000000000
3041894775,103734.0000000000
3044189248,103752.0000000000
3046483722,103770.0000000000
3048778171,103788.0000000000
3051072640,103806.0000000000
3053367094,103824.0000000000
3055661561,103842.0000000000
3057956030,103860.0000000000
3060250483,103878.0000000000
3062544951,103896.0000000000
3064839402,103914.0000000000
3067133873,103932.0000000000
3069428328,103950.0000000000
3071722795,103968.0000000000
3074017264,103986.0000000000
3076311718,104004.0000000000
3078606186,104022.0000000000
3080900654,104040.0000000000
3083195108,104058.0000000000
3085489582,104076.0000000000
3087784030,104094.0000000000
3090078497,104112.0000000000
3092372952,104130.0000000000
3094667420,104148.0000000000
3096961888,104166.0000000000
3099256342,104184.0000000000
3101550809,104202.0000000000
3103845259,104220.0000000000
3106139731,104238.0000000000
3108434185,104256.0000000000
3110728653,104274.0000000000
3113023121,104292.0000000000
3115317575,104310.0000000000
3117612044,104328.0000000000
3119906511,104346.0000000000
3122200965,104364.0000000000
3124495437,104382.0000000000
3126789886,104400.0000000000
3129084354,104418.0000000000
3131378809,104436.0000000000
3133673277,104454.0000000000
3135967744,104472.0000000000
3138262199,104490.0000000000
3140556667,104508.0000000000
3142851115,104526.0000000000
3145145588,104544.0000000000
3147440043,104562.0000000000
3149734511,104580.0000000000
3152028979,104598.0000000000
3154323434,104616.0000000000
3156617902,104634.0000000000
3158912370,104652.0000000000
3161206824,104670.0000000000
3163501295,104688.0000000000
3165795745,104706.0000000000
3168090213,104724.0000000000
3170384667,104742.0000000000
3172679136,104760.0000000000
3174973603,104778.0000000000
3177268054,104796.0000000000
3179562523,104814.0000000000
3181856973,104832.0000000000
3197160288,104850.0000000000
3201749336,104868.0000000000
3206338380,104886.0000000000
3210927467,104904.0000000000
3215516512,104922.0000000000
3220105560,104940.0000000000
3224694608,104958.0000000000
3229283654,104976.0000000000
3233872701,104994.0000000000
3238461786,105012.0000000000
3243050830,105030.0000000000
3247639879,105048.0000000000
3252228927,105066.0000000000
3256817977,105084.0000000000
3261407039,105102.0000000000
3265996100,105120.0000000000
3270585148,105138.0000000000
3275174197,105156.0000000000
3279763246,105174.0000000000
3284352308,105192.0000000000
3288941373,105210.0000000000
3293530418,105228.0000000000
3298119466,105246.0000000000
3302708515,105264.0000000000
3307297558,105282.0000000000
3311886606,105300.0000000000
3316475692,105318.0000000000
3321064737,105336.0000000000
3325653786,105354.0000000000
3330242832,105372.0000000000
3332537371,105390.0000000000
3334831881,105408.0000000000
3337126421,105426.0000000000
3339420945,105444.0000000000
3341715466,105462.0000000000
3344010005,105480.0000000000
3346304510,105498.0000000000
3361608261,105516.0000000000
3366197436,105534.0000000000
3370786607,105552.0000000000
3373081075,105570.0000000000
3376523060,105588.0000000000
3381112233,105606.0000000000
3385701408,105624.0000000000
3390290582,105642.0000000000
3394879751,105660.0000000000
3399468948,105678.0000000000
3404058154,105696.0000000000
3408647326,105714.0000000000
3413236501,105732.0000000000
3417825675,105750.0000000000
3422414853,105768.0000000000
3427004056,105786.0000000000
3431593243,105804.0000000000
3436182416,105821.0000000000
3440771593,105838.0000000000
3445360768,105855.0000000000
3449949970,105872.0000000000
3454539162,105889.0000000000
3459128335,105906.0000000000
3463717510,105923.0000000000
3468306686,105940.0000000000
3472895851,105957.0000000000
3477485049,105974.0000000000
3482074257,105991.0000000000
3486663427,106008.0000000000
3491252604,106025.0000000000
3495841777,106042.0000000000
3498136387,106059.0000000000
3500430952,106076.0000000000
3502725563,106093.0000000000
3505020156,106110.0000000000
3507314733,106127.0000000000
3509609342,106144.0000000000
3511903899,106161.0000000000
3527208092,106178.0000000000
3531797394,106195.0000000000
3536386691,106212.0000000000
3538681230,106229.0000000000
3542123312,106246.0000000000
3546712613,106263.0000000000
3551301914,106280.0000000000
3555891211,106297.0000000000
3560480531,106314.0000000000
3565069850,106331.0000000000
3569659182,106348.0000000000
3574248482,106365.0000000000
3578837783,106382.0000000000
3583427085,106399.0000000000
3588016405,106416.0000000000
3592605734,106433.0000000000
3597195049,106450.0000000000
3601784349,106467.0000000000
3606373652,106484.0000000000
3610962969,106501.0000000000
3615552298,106518.0000000000
3620141617,106535.0000000000
3624730918,106552.0000000000
3629320220,106569.0000000000
3633909537,106586.0000000000
3638498834,106603.0000000000
3643088155,106620.0000000000
3647677489,106637.0000000000
3652266787,106654.0000000000
3656856087,106671.0000000000
3661445391,106688.0000000000
3663740070,106705.0000000000
3666034705,106722.0000000000
3668329373,106739.0000000000
3670624037,106756.0000000000
3672918685,106773.0000000000
3675213350,106790.0000000000
3677507982,106807.0000000000
3692812592,106824.0000000000
3697402021,106841.0000000000
3701991459,106858.0000000000
3704286055,106875.0000000000
3707728236,106892.0000000000
3712317665,106909.0000000000
3715759864,106926.0000000000
3720349288,106943.0000000000
3724938749,106960.0000000000
3729528195,106977.0000000000
3734117655,106994.0000000000
3738707083,107011.0000000000
3743296511,107028.0000000000
3747885936,107045.0000000000
3752475404,107062.0000000000
3757064856,107079.0000000000
3761654298,107096.0000000000
3766243726,107113.0000000000
3770833157,107130.0000000000
3775422600,107147.0000000000
3780012071,107164.0000000000
3784601517,107181.0000000000
3789190944,107198.0000000000
3793780375,107215.0000000000
3798369818,107232.0000000000
3802959257,107249.0000000000
3807548706,107266.0000000000
3812138167,107283.0000000000
3816727594,107300.0000000000
3821317020,107317.0000000000
3825906446,107334.0000000000
3828201200,107351.0000000000
3830495911,107368.0000000000
3832790631,107385.0000000000
3835085366,107402.0000000000
3837380071,107419.0000000000
3839674807,107436.0000000000
3841969510,107453.0000000000
3857274543,107470.0000000000
3861864095,107487.0000000000
3866453664,107504.0000000000
3868748332,107521.0000000000
3872190611,107538.0000000000
3876780167,107555.0000000000
3880222466,107572.0000000000
3884812016,107589.0000000000
3889401604,107606.0000000000
3893991193,107623.0000000000
3898580780,107640.0000000000
3903170334,107657.0000000000
3907759890,107674.0000000000
3912349443,107691.0000000000
3916939052,107708.0000000000
3921528633,107725.0000000000
3926118201,107742.0000000000
3930707757,107759.0000000000
3935297316,107776.0000000000
3939886881,107793.0000000000
3944476503,107810.0000000000
3949066071,107827.0000000000
3953655627,107844.0000000000
3958245185,107861.0000000000
3962834755,107878.0000000000
3967424322,107895.0000000000
3972013912,107912.0000000000
3976603502,107929.0000000000
3981193056,107946.0000000000
3985782611,107963.0000000000
3990372164,107980.0000000000
3992666988,107997.0000000000
3994961770,108014.0000000000
3997256548,108031.0000000000
3999551354,108048.0000000000
4001846115,108065.0000000000
4004140922,108082.0000000000
4006435683,108099.0000000000
4021741156,108116.0000000000
4026330836,108133.0000000000
4030920547,108150.0000000000
4033215272,108167.0000000000
4036657649,108184.0000000000
4041247333,108201.0000000000
4044689732,108218.0000000000
4049279410,108235.0000000000
4053869121,108252.0000000000
4058458843,108269.0000000000
4063048569,108286.0000000000
4065343025,108303.0000000000
4068785479,108320.0000000000
4073375162,108337.0000000000
4077964857,108354.0000000000
4082554594,108371.0000000000
4087144303,108388.0000000000
4091733999,108405.0000000000
4096323683,108422.0000000000
4100913366,108439.0000000000
4105503081,108456.0000000000
4110092828,108473.0000000000
4114682522,108490.0000000000
4119272207,108507.0000000000
4123861888,108524.0000000000
4128451591,108541.0000000000
4133041300,108558.0000000000
4137631017,108575.0000000000
4142220735,108592.0000000000
4146810417,108609.0000000000
4151400100,108626.0000000000
4155989795,108643.0000000000
4158284676,108660.0000000000
4160579529,108677.0000000000
4162874360,108694.0000000000
4165169240,108711.0000000000
4167464058,108728.0000000000
4169758935,108745.0000000000
4172053767,108762.0000000000
4187359666,108779.0000000000
4191949489,108796.0000000000
4196539328,108813.0000000000
4198834110,108830.0000000000
4202276586,108847.0000000000
4206866393,108864.0000000000
4210308897,108881.0000000000
4214898697,108898.0000000000
4219488561,108915.0000000000
4224078405,108932.0000000000
4228668260,108949.0000000000
4230962787,108966.0000000000
4234405326,108983.0000000000
4238995150,109000.0000000000
4243584974,109017.0000000000
4248174838,109034.0000000000
4252764676,109051.0000000000
4257354498,109068.0000000000
4261944326,109085.0000000000
4266534136,109102.0000000000
4271123979,109119.0000000000
4275713853,109136.0000000000
4280303676,109153.0000000000
4284893485,109170.0000000000
4289483318,109187.0000000000
4294073144,109204.0000000000
4298662981,109221.0000000000
4303252827,109238.0000000000
4307842674,109255.0000000000
4312432483,109272.0000000000
4317022310,109289.0000000000
4321612133,109306.0000000000
4323907066,109323.0000000000
4326201995,109340.0000000000
4328496903,109357.0000000000
4330791835,109374.0000000000
4333086725,109391.0000000000
4335381659,109408.0000000000
4337676562,109425.0000000000
4352982901,109442.0000000000
4357572853,109459.0000000000
4362162821,109476.0000000000
4364457660,109493.0000000000
4367900231,109510.0000000000
4372490190,109527.0000000000
4375932789,109544.0000000000
4380522716,109561.0000000000
4385112709,109578.0000000000
4389702681,109595.0000000000
4394292664,109612.0000000000
4396587262,109629.0000000000
4400029902,109646.0000000000
4404619855,109663.0000000000
4409209806,109680.0000000000
4413799797,109697.0000000000
4417242537,109714.0000000000
4421832485,109731.0000000000
4426422442,109748.0000000000
4431012394,109765.0000000000
4435602364,109782.0000000000
4440192367,109799.0000000000
4444782319,109816.0000000000
4449372255,109833.0000000000
4453962230,109850.0000000000
4458552185,109867.0000000000
4463142151,109884.0000000000
4467732125,109901.0000000000
4472322100,109918.0000000000
4476912034,109935.0000000000
4481502013,109952.0000000000
4486091960,109969.0000000000
4488386950,109986.0000000000
4490681951,110003.0000000000
4492976930,110020.0000000000
4495271920,110037.0000000000
4497566880,110054.0000000000
4499861869,110071.0000000000
4502156847,110088.0000000000
4517463613,110105.0000000000
4522053708,110122.0000000000
4526643805,110139.0000000000
4528938716,110156.0000000000
4532381371,110173.0000000000
4536971475,110190.0000000000
4540414159,110207.0000000000
4545004229,110224.0000000000
4549594351,110241.0000000000
4554184450,110258.0000000000
4558774562,110275.0000000000
4561069232,110292.0000000000
4564511976,110309.0000000000
4569102055,110326.0000000000
4573692133,110343.0000000000
4578282253,110360.0000000000
4581725093,110377.0000000000
4586315169,110394.0000000000
4590905251,110411.0000000000
4595495355,110428.0000000000
4600085447,110445.0000000000
4604675579,110462.0000000000
4609265660,110479.0000000000
4613855724,110496.0000000000
4618445828,110513.0000000000
4623035925,110530.0000000000
4627626020,110547.0000000000
4632216123,110564.0000000000
4636806227,110581.0000000000
4641396289,110598.0000000000
4645986412,110615.0000000000
4650576487,110632.0000000000
4652871531,110649.0000000000
4655166607,110666.0000000000
4657461644,110683.0000000000
4659756706,110700.0000000000
4662051738,110717.0000000000
4664346783,110734.0000000000
4666641832,110751.0000000000
4681949043,110768.0000000000
4686539266,110785.0000000000
4691129492,110802.0000000000
4693424461,110819.0000000000
4696867211,110836.0000000000
4701457450,110853.0000000000
4704900229,110870.0000000000
4709490450,110887.0000000000
4714080697,110904.0000000000
4718670925,110921.0000000000
4723261165,110938.0000000000
4725555907,110955.0000000000
4728998751,110972.0000000000
4733588959,110989.0000000000
4738179167,111006.0000000000
4742769415,111023.0000000000
4746212355,111040.0000000000
4750802560,111057.0000000000
4755392771,111074.0000000000
4757687241,111091.0000000000
4761130247,111108.0000000000
4765720466,111125.0000000000
4770310728,111142.0000000000
4774900934,111159.0000000000
4779491149,111176.0000000000
4784081376,111193.0000000000
4788671601,111210.0000000000
4793261824,111227.0000000000
4797852057,111244.0000000000
4802442288,111261.0000000000
4807032493,111278.0000000000
4811622744,111295.0000000000
4816212949,111312.0000000000
4818508069,111329.0000000000
4820803198,111346.0000000000
4823098308,111363.0000000000
4825393426,111380.0000000000
4827688531,111397.0000000000
4829983648,111414.0000000000
4832278754,111431.0000000000
4847586409,111448.0000000000
4852176761,111465.0000000000
4856767116,111482.0000000000
4859062157,111499.0000000000
4862505012,111516.0000000000
4867095375,111533.0000000000
4870538255,111550.0000000000
4875128605,111567.0000000000
4879718981,111584.0000000000
4884309338,111601.0000000000
4888899704,111618.0000000000
4891194522,111635.0000000000
4894637467,111652.0000000000
4899227805,111669.0000000000
4903818142,111686.0000000000
4908408519,111703.0000000000
4911851559,111720.0000000000
4916441894,111737.0000000000
4921032248,111754.0000000000
4923326776,111771.0000000000
4926769883,111788.0000000000
4931360231,111805.0000000000
4935950637,111822.0000000000
4940540973,111839.0000000000
4945131316,111856.0000000000
4949721672,111873.0000000000
4954312027,111890.0000000000
4958902374,111907.0000000000
4963492740,111924.0000000000
4968083116,111941.0000000000
4972673447,111958.0000000000
4977263827,111975.0000000000
4981854161,111992.0000000000
4984149354,112009.0000000000
4986444539,112026.0000000000
4988739722,112042.0000000000
4991034912,112058.0000000000
4993330074,112074.0000000000
4995625263,112090.0000000000
4997920422,112106.0000000000
5013228526,112122.0000000000
5017819008,112138.0000000000
5022409492,112154.0000000000
5024704605,112170.0000000000
5028147561,112186.0000000000
5032738053,112202.0000000000
5036181034,112218.0000000000
5040771514,112234.0000000000
5045362019,112250.0000000000
5049952521,112266.0000000000
5054543016,112282.0000000000
5056837892,112298.0000000000
5060280938,112314.0000000000
5064871400,112330.0000000000
5069461871,112346.0000000000
5074052394,112362.0000000000
5077495520,112378.0000000000
5082085998,112394.0000000000
5086676482,112410.0000000000
5088971082,112426.0000000000
5092414275,112442.0000000000
5095857524,112458.0000000000
5100448061,112474.0000000000
5105038542,112490.0000000000
5109629013,112506.0000000000
5114219500,112522.0000000000
5118809986,112538.0000000000
5123400461,112554.0000000000
5127990972,112570.0000000000
5132581477,112586.0000000000
5137171935,112602.0000000000
5141762446,112618.0000000000
5146352910,112634.0000000000
5148648175,112650.0000000000
5150943430,112666.0000000000
5153238671,112682.0000000000
5155533934,112698.0000000000
5157829152,112714.0000000000
5160124413,112730.0000000000
5162419630,112746.0000000000
5177728181,112762.0000000000
5182318792,112778.0000000000
5186909399,112794.0000000000
5189204589,112810.0000000000
5192647645,112826.0000000000
5197238267,112842.0000000000
5200681348,112858.0000000000
5205271959,112874.0000000000
5209862595,112890.0000000000
5214453226,112906.0000000000
5219043863,112922.0000000000
5221338797,112938.0000000000
5224781943,112954.0000000000
5229372535,112970.0000000000
5233963151,112986.0000000000
5238553804,113002.0000000000
5241997030,113018.0000000000
5246587637,113034.0000000000
5251178252,113050.0000000000
5253472909,113066.0000000000
5256916200,113082.0000000000
5260359554,113098.0000000000
5264950236,113114.0000000000
5269540846,113130.0000000000
5274131447,113146.0000000000
5278722065,113162.0000000000
5283312681,113178.0000000000
5287903281,113194.0000000000
5292493926,113210.0000000000
5297084576,113226.0000000000
5301675164,113242.0000000000
5306265804,113258.0000000000
5310856398,113274.0000000000
5313151736,113290.0000000000
5315447047,113306.0000000000
5317742360,113322.0000000000
5320037697,113338.0000000000
5322332971,113354.0000000000
5324628305,113370.0000000000
5326923576,113386.0000000000
5342232578,113402.0000000000
5346823318,113418.0000000000
5351414055,113434.0000000000
5353709317,113450.0000000000
5357152475,113466.0000000000
5361743227,113482.0000000000
5365186409,113498.0000000000
5369777150,113514.0000000000
5374367917,113530.0000000000
5378958691,113546.0000000000
5383549458,113562.0000000000
5385844451,113578.0000000000
5389287697,113594.0000000000
5393878415,113610.0000000000
5398469165,113626.0000000000
5403059962,113642.0000000000
5406503276,113658.0000000000
5411094026,113674.0000000000
5415684772,113690.0000000000
5417979501,113706.0000000000
5421422880,113722.0000000000
5424866335,113738.0000000000
5429457145,113754.0000000000
5434047900,113770.0000000000
5438638631,113786.0000000000
5443229380,113802.0000000000
5445523854,113818.0000000000
5448967369,113834.0000000000
5453558099,113850.0000000000
5458148874,113866.0000000000
5462739655,113882.0000000000
5467330372,113898.0000000000
5471921138,113914.0000000000
5476511884,113930.0000000000
5478807276,113946.0000000000
5481102659,113962.0000000000
5483398031,113978.0000000000
5485693439,113994.0000000000
5487988786,114010.0000000000
5490284178,114026.0000000000
5492579520,114042.0000000000
5507888953,114058.0000000000
5512479827,114074.0000000000
5517070709,114090.0000000000
5519366028,114106.0000000000
5522809287,114122.0000000000
5527400169,114138.0000000000
5530843453,114154.0000000000
5535434324,114170.0000000000
5540025234,114186.0000000000
5544616139,114202.0000000000
5549207037,114218.0000000000
5551502088,114234.0000000000
5554945449,114250.0000000000
5559536298,114266.0000000000
5564127179,114282.0000000000
5568718106,114298.0000000000
5572161521,114314.0000000000
5576752402,114330.0000000000
5581343278,114346.0000000000
5583638079,114362.0000000000
5587081561,114378.0000000000
5590525121,114394.0000000000
5595116057,114410.0000000000
5599706943,114426.0000000000
5604297805,114442.0000000000
5608888678,114458.0000000000
5611183228,114474.0000000000
5614626845,114490.0000000000
5619217705,114506.0000000000
5623808611,114522.0000000000
5628399523,114538.0000000000
5632990384,114554.0000000000
5637581281,114570.0000000000
5642172157,114586.0000000000
5644467607,114602.0000000000
5646763063,114618.0000000000
5649058507,114634.0000000000
5651353974,114650.0000000000
5653649393,114666.0000000000
5655944838,114682.0000000000
5658240258,114698.0000000000
5673550140,114714.0000000000
5678141144,114730.0000000000
5682732157,114746.0000000000
5685027548,114762.0000000000
5688470894,114778.0000000000
5693061920,114794.0000000000
5696505291,114810.0000000000
5701096306,114826.0000000000
5705687347,114842.0000000000
5710278383,114858.0000000000
5714869411,114874.0000000000
5717164536,114890.0000000000
5720607997,114906.0000000000
5725198976,114922.0000000000
5729789986,114938.0000000000
5734381044,114954.0000000000
5737824561,114970.0000000000
5742415573,114986.0000000000
5747006592,115002.0000000000
5749301450,115018.0000000000
5752745034,115034.0000000000
5756188696,115050.0000000000
5760779763,115066.0000000000
5765370779,115082.0000000000
5769961786,115098.0000000000
5774552789,115114.0000000000
5776847399,115130.0000000000
5780291117,115146.0000000000
5784882104,115162.0000000000
5789473144,115178.0000000000
5794064201,115194.0000000000
5798655194,115210.0000000000
5802098994,115226.0000000000
5806690001,115242.0000000000
5808985522,115258.0000000000
5811281037,115274.0000000000
5813576552,115290.0000000000
5815872077,115306.0000000000
5818167569,115322.0000000000
5820463070,115338.0000000000
5822758565,115354.0000000000
5838068898,115370.0000000000
5842660032,115386.0000000000
5847251176,115402.0000000000
5849546640,115418.0000000000
5852990087,115434.0000000000
5857581241,115450.0000000000
5861024716,115466.0000000000
5865615860,115482.0000000000
5870207031,115498.0000000000
5874798198,115514.0000000000
5879389356,115530.0000000000
5881684555,115546.0000000000
5885128117,115562.0000000000
5889719228,115578.0000000000
5894310370,115594.0000000000
5898901555,115610.0000000000
5902345177,115626.0000000000
5906936315,115642.0000000000
5911527488,115658.0000000000
5913822400,115674.0000000000
5917266086,115690.0000000000
5920709850,115706.0000000000
5925301048,115722.0000000000
5929892190,115738.0000000000
5934483333,115754.0000000000
5939074481,115770.0000000000
5941369148,115786.0000000000
5944812969,115802.0000000000
5949404087,115818.0000000000
5953995271,115834.0000000000
5958586460,115850.0000000000
5963177585,115866.0000000000
5966621486,115882.0000000000
5971212624,115898.0000000000
5973508205,115914.0000000000
5975803792,115930.0000000000
5978099379,115946.0000000000
5980394964,115962.0000000000
5982690526,115978.0000000000
5984986101,115994.0000000000
5987281654,116010.0000000000
6002592439,116026.0000000000
6007183704,116042.0000000000
6011774980,116058.0000000000
6014070516,116074.0000000000
6017514052,116090.0000000000
6022105351,116106.0000000000
6025548927,116122.0000000000
6030140202,116138.0000000000
6034731504,116154.0000000000
6039322802,116170.0000000000
6043914086,116186.0000000000
6046209362,116202.0000000000
6049653027,116218.0000000000
6054244269,116234.0000000000
6058835541,116250.0000000000
6063426857,116266.0000000000
6066870583,116282.0000000000
6071461851,116298.0000000000
6076053169,116314.0000000000
6078348141,116330.0000000000
6081791929,116346.0000000000
6085235795,116362.0000000000
6089827125,116378.0000000000
6094418398,116394.0000000000
6099009685,116410.0000000000
6103600964,116426.0000000000
6105895687,116442.0000000000
6109339614,116458.0000000000
6113930860,116474.0000000000
6118522178,116490.0000000000
6123113512,116506.0000000000
6127704769,116522.0000000000
6131148772,116538.0000000000
6135740042,116554.0000000000
6138035696,116570.0000000000
6140331341,116586.0000000000
6142625812,116602.0000000000
6144920264,116618.0000000000
6147214740,116634.0000000000
6149509196,116650.0000000000
6151803666,116666.0000000000
6154098138,116682.0000000000
6168268005,116698.0000000000
6172859402,116714.0000000000
6177450809,116730.0000000000
6179746418,116746.0000000000
6183190056,116762.0000000000
6187781486,116778.0000000000
6191225165,116794.0000000000
6195816570,116810.0000000000
6200408004,116826.0000000000
6204999449,116842.0000000000
6209590864,116858.0000000000
6211886193,116874.0000000000
6215329964,116890.0000000000
6219921334,116906.0000000000
6224512741,116922.0000000000
6229104203,116938.0000000000
6232548031,116954.0000000000
6237139429,116970.0000000000
6241730879,116986.0000000000
6244025924,117002.0000000000
6247469801,117018.0000000000
6250913765,117034.0000000000
6255505231,117050.0000000000
6260096649,117066.0000000000
6264688067,117082.0000000000
6269279476,117098.0000000000
6271574273,117114.0000000000
6275018303,117130.0000000000
6279609680,117146.0000000000
6284201130,117162.0000000000
6288792594,117178.0000000000
6293383983,117194.0000000000
6296828088,117210.0000000000
6301419490,117226.0000000000
6303715217,117242.0000000000
6306010935,117258.0000000000
6308305465,117274.0000000000
6310599990,117290.0000000000
6312894520,117306.0000000000
6315189055,117322.0000000000
6317483584,117338.0000000000
6319778129,117354.0000000000
6333948400,117370.0000000000
6338539948,117386.0000000000
6343131487,117402.0000000000
6345427154,117418.0000000000
6348870895,117434.0000000000
6353462457,117450.0000000000
6356906234,117466.0000000000
6361497775,117482.0000000000
6366089356,117498.0000000000
6370680932,117514.0000000000
6375272479,117530.0000000000
6377567882,117546.0000000000
6381011755,117562.0000000000
6385603257,117578.0000000000
6390194796,117594.0000000000
6394786389,117610.0000000000
6398230319,117626.0000000000
6402821849,117642.0000000000
6407413430,117658.0000000000
6409708549,117674.0000000000
6413152528,117690.0000000000
6416596594,117706.0000000000
6421188194,117722.0000000000
6425779743,117738.0000000000
6430371293,117754.0000000000
6434962849,117770.0000000000
6437257704,117786.0000000000
6440701837,117802.0000000000
6445293345,117818.0000000000
6449884926,117834.0000000000
6454476522,117850.0000000000
6459068058,117866.0000000000
6462512250,117882.0000000000
6467103798,117898.0000000000
6469399584,117914.0000000000
6471695375,117930.0000000000
6473989979,117946.0000000000
6476284563,117962.0000000000
6478579165,117978.0000000000
6480873621,117994.0000000000
6483168093,118010.0000000000
6485462549,118026.0000000000
6498486415,118042.0000000000
6503078110,118058.0000000000
6507669781,118074.0000000000
6509965521,118090.0000000000
6513409351,118106.0000000000
6518001060,118122.0000000000
6521444924,118138.0000000000
6526036613,118154.0000000000
6530628326,118170.0000000000
6535220034,118186.0000000000
6539811713,118202.0000000000
6542107189,118218.0000000000
6545551163,118234.0000000000
6550142798,118250.0000000000
6554734469,118266.0000000000
6559326194,118282.0000000000
6562770228,118298.0000000000
6567361890,118314.0000000000
6571953598,118330.0000000000
6574248795,118346.0000000000
6577692876,118362.0000000000
6581137044,118378.0000000000
6585728776,118394.0000000000
6590320457,118410.0000000000
6594912135,118426.0000000000
6599503828,118442.0000000000
6601798756,118458.0000000000
6605242992,118474.0000000000
6609834632,118490.0000000000
6614426346,118506.0000000000
6619018089,118522.0000000000
6623609757,118538.0000000000
6627054052,118554.0000000000
6631645732,118570.0000000000
6633941572,118586.0000000000
6636237440,118602.0000000000
6638532104,118618.0000000000
6640826761,118634.0000000000
6643121437,118650.0000000000
6645415951,118666.0000000000
6647710497,118682.0000000000
6650005026,118698.0000000000
6663029272,118714.0000000000
6667621100,118730.0000000000
6672212903,118746.0000000000
6674508703,118762.0000000000
6677952630,118778.0000000000
6682544491,118794.0000000000
6685988457,118810.0000000000
6690580278,118826.0000000000
6695172123,118842.0000000000
6699763964,118858.0000000000
6704355774,118874.0000000000
6706651323,118890.0000000000
6710095400,118906.0000000000
6714687167,118922.0000000000
6719278972,118938.0000000000
6723870828,118954.0000000000
6727314965,118970.0000000000
6731906756,118986.0000000000
6736498601,119002.0000000000
6738793871,119018.0000000000
6742238055,119034.0000000000
6745682324,119049.0000000000
6750274189,119064.0000000000
6754866002,119079.0000000000
6759457813,119094.0000000000
6764049651,119109.0000000000
6766344639,119124.0000000000
6769788977,119139.0000000000
6774380750,119154.0000000000
6778972611,119169.0000000000
6783564486,119184.0000000000
6788156287,119199.0000000000
6791600685,119214.0000000000
6796192497,119229.0000000000
6798488397,119244.0000000000
6800784337,119259.0000000000
6803079076,119274.0000000000
6805373791,119289.0000000000
6807668542,119304.0000000000
6809963110,119319.0000000000
6812257735,119334.0000000000
6814552206,119349.0000000000
6816846664,119364.0000000000
6828724194,119379.0000000000
6833316153,119394.0000000000
6837908085,119409.0000000000
6840203963,119424.0000000000
6843647992,119439.0000000000
6848239985,119454.0000000000
6851684054,119469.0000000000
6856276008,119484.0000000000
6860867987,119499.0000000000
6865459958,119514.0000000000
6870051915,119529.0000000000
6872347523,119544.0000000000
6875791703,119559.0000000000
6880383603,119574.0000000000
6884975555,119589.0000000000
6889567544,119604.0000000000
6893011785,119619.0000000000
6897603707,119634.0000000000
6902195684,119649.0000000000
6904491013,119664.0000000000
6907935297,119679.0000000000
6911379673,119694.0000000000
6915971686,119709.0000000000
6920563632,119724.0000000000
6925155576,119739.0000000000
6929747545,119754.0000000000
6932042606,119769.0000000000
6935487033,119784.0000000000
6940078954,119799.0000000000
6944670947,119814.0000000000
6949262955,119829.0000000000
6953854889,119844.0000000000
6957299389,119859.0000000000
6961891334,119874.0000000000
6964187309,119889.0000000000
6966483307,119904.0000000000
6968778120,119919.0000000000
6971072908,119934.0000000000
6973367718,119949.0000000000
6975662359,119964.0000000000
6977957040,119979.0000000000
6980251588,119994.0000000000
6982546106,120009.0000000000
6994423991,120024.0000000000
6999016097,120039.0000000000
7003608162,120054.0000000000
7005904095,120069.0000000000
7009348231,120084.0000000000
7013940354,120099.0000000000
7017384530,120114.0000000000
7021976631,120129.0000000000
7026568741,120144.0000000000
7031160845,120159.0000000000
7035752935,120174.0000000000
7038048617,120189.0000000000
7041492886,120204.0000000000
7046084934,120219.0000000000
7050677018,120234.0000000000
7055269140,120249.0000000000
7058713485,120264.0000000000
7063305540,120279.0000000000
7067897647,120294.0000000000
7070193053,120309.0000000000
7073637439,120324.0000000000
7077081920,120339.0000000000
7081674066,120354.0000000000
7086266145,120369.0000000000
7090858222,120384.0000000000
7095450324,120399.0000000000
7097745458,120414.0000000000
7101189990,120429.0000000000
7105782043,120444.0000000000
7110374168,120459.0000000000
7114966305,120474.0000000000
7119558391,120489.0000000000
7123002993,120504.0000000000
7127595071,120519.0000000000
7129891106,120534.0000000000
7132187177,120549.0000000000
7134482050,120564.0000000000
7136776912,120579.0000000000
7139071796,120594.0000000000
7141366496,120609.0000000000
7143661251,120624.0000000000
7145955854,120639.0000000000
7148250450,120654.0000000000
7160128690,120669.0000000000
7164720929,120684.0000000000
7169313127,120699.0000000000
7171609134,120714.0000000000
7173906126,120729.0000000000
7178498386,120744.0000000000
7181942662,120759.0000000000
7186534900,120774.0000000000
7191127158,120789.0000000000
7195719395,120804.0000000000
7200311618,120819.0000000000
7202607375,120834.0000000000
7206051747,120849.0000000000
7210643927,120864.0000000000
7215236143,120879.0000000000
7219828398,120894.0000000000
7223272847,120909.0000000000
7227865037,120924.0000000000
7232457277,120939.0000000000
7234752756,120954.0000000000
7238197245,120969.0000000000
7241641830,120984.0000000000
7246234109,120999.0000000000
7250826321,121014.0000000000
7255418530,121029.0000000000
7260010780,121044.0000000000
7262305974,121059.0000000000
7265750609,121074.0000000000
7270342795,121089.0000000000
7274935050,121104.0000000000
7279527324,121119.0000000000
7284119557,121134.0000000000
7287564262,121149.0000000000
7292156474,121164.0000000000
7294452568,121179.0000000000
7296748713,121194.0000000000
7299043660,121209.0000000000
7301338580,121224.0000000000
7303633538,121239.0000000000
7305928293,121254.0000000000
7308223126,121269.0000000000
7310517788,121284.0000000000
7312812458,121299.0000000000
7324691055,121314.0000000000
7329283427,121329.0000000000
7333875758,121344.0000000000
7336171839,121359.0000000000
7338468890,121374.0000000000
7343061298,121389.0000000000
7346505663,121404.0000000000
7351098050,121419.0000000000
7355690442,121434.0000000000
7360282812,121449.0000000000
7364875168,121464.0000000000
7367171000,121479.0000000000
7370615475,121494.0000000000
7375207788,121509.0000000000
7379800138,121524.0000000000
7384392527,121539.0000000000
7387837081,121554.0000000000
7392429404,121569.0000000000
7397021792,121584.0000000000
7399317328,121599.0000000000
7402761923,121614.0000000000
7406206612,121629.0000000000
7410799024,121644.0000000000
7415391369,121659.0000000000
7419983727,121674.0000000000
7424576109,121689.0000000000
7426871363,121704.0000000000
7430316103,121719.0000000000
7434908418,121734.0000000000
7439500811,121749.0000000000
7444093233,121764.0000000000
7448685600,121779.0000000000
7452130410,121794.0000000000
7456722755,121809.0000000000
7459018923,121824.0000000000
7461315127,121839.0000000000
7463610148,121854.0000000000
7465905122,121869.0000000000
7468200159,121884.0000000000
7470494973,121899.0000000000
7472789881,121914.0000000000
7475084617,121929.0000000000
7477379346,121944.0000000000
7489258299,121959.0000000000
7493850804,121974.0000000000
7498443268,121989.0000000000
7500739424,122004.0000000000
7503036548,122019.0000000000
7507629088,122034.0000000000
7511073559,122049.0000000000
7515666079,122064.0000000000
7520258604,122079.0000000000
7524851107,122094.0000000000
7527145581,122109.0000000000
7530590841,122124.0000000000
7532886733,122139.0000000000
7536331311,122154.0000000000
7540923754,122169.0000000000
7545516241,122184.0000000000
7550108778,122199.0000000000
7553553418,122214.0000000000
7558145894,122229.0000000000
7562738415,122244.0000000000
7565034026,122259.0000000000
7568478709,122274.0000000000
7571923499,122289.0000000000
7576516048,122304.0000000000
7581108542,122319.0000000000
7585701034,122334.0000000000
7590293549,122349.0000000000
7592588877,122364.0000000000
7596033721,122379.0000000000
7600626170,122394.0000000000
7605218697,122409.0000000000
7609811252,122424.0000000000
7614403753,122439.0000000000
7617848668,122454.0000000000
7622441146,122469.0000000000
7624737388,122484.0000000000
7627033668,122499.0000000000
7629328748,122514.0000000000
7631623797,122529.0000000000
7633918889,122544.0000000000
7636213781,122559.0000000000
7638508749,122574.0000000000
7640803559,122589.0000000000
7643098363,122604.0000000000
7654977652,122619.0000000000
7659570291,122634.0000000000
7664162906,122649.0000000000
7666459123,122664.0000000000
7668756320,122679.0000000000
7673348994,122694.0000000000
7676793570,122709.0000000000
7681386224,122724.0000000000
7685978879,122739.0000000000
7690571516,122754.0000000000
7692866069,122769.0000000000
7696311432,122784.0000000000
7698607399,122799.0000000000
7702052080,122814.0000000000
7706644657,122829.0000000000
7711237278,122844.0000000000
7715829950,122859.0000000000
7719274693,122874.0000000000
7723867303,122889.0000000000
7728459958,122904.0000000000
7730755644,122919.0000000000
7734200429,122934.0000000000
7737645324,122949.0000000000
7742238007,122964.0000000000
7746830634,122979.0000000000
7751423261,122994.0000000000
7756015925,123009.0000000000
7758311313,123024.0000000000
7761756260,123039.0000000000
7766348843,123054.0000000000
7770941501,123069.0000000000
7775534193,123084.0000000000
7780126844,123099.0000000000
7783571844,123114.0000000000
7788164475,123129.0000000000
7790460777,123144.0000000000
7792757131,123159.0000000000
7795052285,123174.0000000000
7797347393,123189.0000000000
7799642558,123204.0000000000
7801937507,123219.0000000000
7804232553,123234.0000000000
7806527423,123249.0000000000
7808822302,123264.0000000000
7820701950,123279.0000000000
7825294723,123294.0000000000
7829887471,123309.0000000000
7832183763,123324.0000000000
7834481019,123339.0000000000
7839073841,123354.0000000000
7842518507,123369.0000000000
7847111309,123384.0000000000
7851704098,123399.0000000000
7856296869,123414.0000000000
7858591497,123429.0000000000
7862036964,123444.0000000000
7864332991,123459.0000000000
7867777777,123474.0000000000
7872370489,123489.0000000000
7875816014,123504.0000000000
7880408821,123519.0000000000
7883853669,123534.0000000000
7888446413,123549.0000000000
7893039217,123564.0000000000
7895334964,123579.0000000000
7898779853,123594.0000000000
7902224852,123609.0000000000
7906817669,123624.0000000000
7911410430,123639.0000000000
7916003207,123654.0000000000
7920596005,123669.0000000000
7922891452,123684.0000000000
7926336504,123699.0000000000
7930929217,123714.0000000000
7935522014,123729.0000000000
7940114856,123744.0000000000
7944707640,123759.0000000000
7948152744,123774.0000000000
7952745511,123789.0000000000
7955041887,123804.0000000000
7957338301,123819.0000000000
7959633528,123834.0000000000
7961928693,123849.0000000000
7964223937,123864.0000000000
7966518945,123879.0000000000
7968814066,123894.0000000000
7971109010,123909.0000000000
7973403948,123924.0000000000
7985283955,123939.0000000000
7989876862,123954.0000000000
7994469746,123969.0000000000
7996766111,123984.0000000000
7999063443,123999.0000000000
8003656399,124014.0000000000
8007101168,124029.0000000000
8011694105,124044.0000000000
8016287028,124059.0000000000
8020879932,124074.0000000000
8023174636,124089.0000000000
8026620207,124104.0000000000
8028916291,124119.0000000000
8032361185,124134.0000000000
8036954028,124149.0000000000
8040399662,124164.0000000000
8044992618,124179.0000000000
8048437556,124194.0000000000
8053030450,124209.0000000000
8057623388,124224.0000000000
8059919191,124239.0000000000
8063364189,124254.0000000000
8066809293,124269.0000000000
8071402245,124284.0000000000
8075995156,124299.0000000000
8080588068,124314.0000000000
8085181000,124329.0000000000
8087476507,124344.0000000000
8090921660,124359.0000000000
8095514511,124374.0000000000
8100107458,124389.0000000000
8104700436,124404.0000000000
8109293354,124419.0000000000
8112738564,124434.0000000000
8117331466,124449.0000000000
8119627914,124464.0000000000
8121924385,124479.0000000000
8124219693,124494.0000000000
8126514916,124509.0000000000
8128810236,124524.0000000000
8131105320,124539.0000000000
8133400499,124554.0000000000
8135695519,124569.0000000000
8137990513,124584.0000000000
8149870882,124599.0000000000
8154463923,124614.0000000000
8159056957,124629.0000000000
8161353382,124644.0000000000
8163650789,124659.0000000000
8168243879,124674.0000000000
8171688753,124689.0000000000
8176281825,124704.0000000000
8180874882,124719.0000000000
8185467920,124734.0000000000
8187762698,124749.0000000000
8191208375,124764.0000000000
8193504518,124779.0000000000
8196949514,124794.0000000000
8201542495,124809.0000000000
8204988229,124824.0000000000
8209581321,124839.0000000000
8213026382,124854.0000000000
8217619411,124869.0000000000
8219913866,124884.0000000000
8223359714,124899.0000000000
8225655593,124914.0000000000
8229100695,124929.0000000000
8232545888,124944.0000000000
8237138989,124959.0000000000
8241732036,124974.0000000000
8246325084,124989.0000000000
8250918146,125004.0000000000
8253213733,125019.0000000000
8256658990,125034.0000000000
8261251975,125049.0000000000
8265845059,125064.0000000000
8270438171,125079.0000000000
8275031238,125094.0000000000
8278476539,125109.0000000000
8283069591,125124.0000000000
8285366099,125139.0000000000
8287662644,125154.0000000000
8289958009,125169.0000000000
8292253311,125184.0000000000
8294548691,125199.0000000000
8296843850,125214.0000000000
8299139105,125229.0000000000
8301434183,125244.0000000000
8303729253,125259.0000000000
8315609982,125274.0000000000
8320203158,125289.0000000000
8324796327,125304.0000000000
8327092827,125319.0000000000
8329390294,125334.0000000000
8333983515,125349.0000000000
8337428497,125364.0000000000
8342021719,125379.0000000000
8346614912,125394.0000000000
8351208085,125409.0000000000
8353502923,125424.0000000000
8356948700,125439.0000000000
8359244922,125454.0000000000
8362690021,125469.0000000000
8367283138,125484.0000000000
8370728975,125499.0000000000
8375322203,125514.0000000000
8378767369,125529.0000000000
8383360533,125544.0000000000
8385655063,125559.0000000000
8389101016,125574.0000000000
8391396955,125589.0000000000
8394842164,125604.0000000000
8398287460,125619.0000000000
8402880696,125634.0000000000
8407473880,125649.0000000000
8412067078,125664.0000000000
8416660275,125679.0000000000
8418955918,125694.0000000000
8422401284,125709.0000000000
8426994402,125724.0000000000
8431587621,125739.0000000000
8436180887,125754.0000000000
8440774090,125769.0000000000
8444219495,125784.0000000000
8448812683,125799.0000000000
8451109266,125814.0000000000
8453405872,125829.0000000000
8455701311,125844.0000000000
8457996670,125859.0000000000
8460292129,125874.0000000000
8462587345,125889.0000000000
8464882678,125904.0000000000
8467177833,125919.0000000000
8469472962,125934.0000000000
8481354051,125949.0000000000
8485947358,125964.0000000000
8490540667,125979.0000000000
8492837243,125994.0000000000
8495134784,126009.0000000000
8499728141,126024.0000000000
8503173229,126039.0000000000
8507766586,126054.0000000000
8512359915,126069.0000000000
8516953219,126084.0000000000
8519248135,126099.0000000000
8522694016,126114.0000000000
8524990293,126129.0000000000
8528435502,126144.0000000000
8533028770,126159.0000000000
8536474697,126174.0000000000
8541068075,126189.0000000000
8544513328,126204.0000000000
8549106642,126219.0000000000
8551401234,126234.0000000000
8554847293,126249.0000000000
8557143305,126264.0000000000
8559441375,126279.0000000000
8562886776,126294.0000000000
8567480149,126309.0000000000
8572073482,126324.0000000000
8576666815,126339.0000000000
8581260147,126354.0000000000
8583555850,126369.0000000000
8587001317,126384.0000000000
8591594570,126399.0000000000
8596187945,126414.0000000000
8600781346,126429.0000000000
8605374685,126444.0000000000
8608820196,126459.0000000000
8613413519,126474.0000000000
8615710178,126489.0000000000
8618006859,126504.0000000000
8620302358,126519.0000000000
8622597774,126534.0000000000
8624893312,126549.0000000000
8627188604,126564.0000000000
8629483997,126579.0000000000
8631779227,126594.0000000000
8634074433,126609.0000000000
8645955863,126624.0000000000
8650549310,126639.0000000000
8655142770,126654.0000000000
8657439407,126669.0000000000
8659737022,126684.0000000000
8664330515,126699.0000000000
8667775709,126714.0000000000
8672369202,126729.0000000000
8676962663,126744.0000000000
8681556106,126759.0000000000
8683851099,126774.0000000000
8687297086,126789.0000000000
8689593418,126804.0000000000
8693038753,126819.0000000000
8697632156,126834.0000000000
8701078189,126849.0000000000
8705671703,126864.0000000000
8709117060,126879.0000000000
8713710511,126894.0000000000
8716005176,126909.0000000000
8719451327,126924.0000000000
8721747416,126939.0000000000
8724045558,126954.0000000000
8727491051,126969.0000000000
8732084573,126983.0000000000
8736678041,126997.0000000000
8741271509,127011.0000000000
8745864976,127025.0000000000
8748160755,127039.0000000000
8751606328,127053.0000000000
8756199717,127067.0000000000
8760793228,127081.0000000000
8765386765,127095.0000000000
8769980235,127109.0000000000
8773425857,127123.0000000000
8778019329,127137.0000000000
8780316048,127151.0000000000
8782612804,127165.0000000000
8784908365,127179.0000000000
8787203855,127193.0000000000
8789499454,127207.0000000000
8791794821,127221.0000000000
8794090290,127235.0000000000
8796385580,127249.0000000000
8798680862,127263.0000000000
8810562638,127277.0000000000
8815156236,127291.0000000000
8819749832,127305.0000000000
8822046546,127319.0000000000
8824344221,127333.0000000000
8828937847,127347.0000000000
8832383150,127361.0000000000
8836976776,127375.0000000000
8841570372,127389.0000000000
8846163971,127403.0000000000
8848459023,127417.0000000000
8851905116,127431.0000000000
8854201524,127445.0000000000
8857646964,127459.0000000000
8862240502,127473.0000000000
8865686642,127487.0000000000
8870280291,127501.0000000000
8873725754,127515.0000000000
8878319340,127529.0000000000
8880614082,127543.0000000000
8884060340,127557.0000000000
8886356487,127571.0000000000
8888654706,127585.0000000000
8892100304,127599.0000000000
8894394761,127613.0000000000
8897841191,127627.0000000000
8902434793,127641.0000000000
8907028414,127655.0000000000
8911622016,127669.0000000000
8913917855,127683.0000000000
8917363532,127697.0000000000
8921957054,127711.0000000000
8926550704,127725.0000000000
8931144393,127739.0000000000
8935737999,127753.0000000000
8939183727,127767.0000000000
8943777335,127781.0000000000
8946074130,127795.0000000000
8948370947,127809.0000000000
8950666583,127823.0000000000
8952962130,127837.0000000000
8955257808,127851.0000000000
8957553236,127865.0000000000
8959848781,127879.0000000000
8962144145,127893.0000000000
8964439489,127907.0000000000
8976321627,127921.0000000000
8980915362,127935.0000000000
8985509094,127949.0000000000
8987805883,127963.0000000000
8990103634,127977.0000000000
8994697395,127991.0000000000
8998142805,128005.0000000000
9002736566,128019.0000000000
9007330299,128033.0000000000
9011924031,128047.0000000000
9014219163,128061.0000000000
9017665361,128075.0000000000
9019961826,128089.0000000000
9023407376,128103.0000000000
9028001047,128117.0000000000
9031447295,128131.0000000000
9036041096,128145.0000000000
9039486650,128159.0000000000
9044080388,128173.0000000000
9046375191,128187.0000000000
9049821554,128201.0000000000
9052117777,128215.0000000000
9054416058,128229.0000000000
9057861761,128243.0000000000
9060156294,128257.0000000000
9063602811,128271.0000000000
9068196569,128285.0000000000
9072790326,128299.0000000000
9077384065,128313.0000000000
9079679978,128327.0000000000
9083125760,128341.0000000000
9087719418,128355.0000000000
9092313205,128369.0000000000
9096907030,128383.0000000000
9101500772,128397.0000000000
9104946602,128411.0000000000
9109540350,128425.0000000000
9111837220,128439.0000000000
9114134114,128453.0000000000
9116429811,128467.0000000000
9118725432,128481.0000000000
9121021187,128495.0000000000
9123316676,128509.0000000000
9125612277,128523.0000000000
9127907720,128537.0000000000
9130203140,128551.0000000000
9142085643,128565.0000000000
9146679514,128579.0000000000
9151273384,128593.0000000000
9153570232,128607.0000000000
9155868059,128621.0000000000
9160461956,128635.0000000000
9163907473,128649.0000000000
9168501370,128663.0000000000
9173095255,128677.0000000000
9177689124,128691.0000000000
9179984312,128705.0000000000
9183430621,128719.0000000000
9185727161,128733.0000000000
9189172818,128747.0000000000
9193766626,128761.0000000000
9197212978,128775.0000000000
9201806915,128789.0000000000
9205252575,128803.0000000000
9209846450,128817.0000000000
9212141330,128831.0000000000
9215587780,128845.0000000000
9217884082,128859.0000000000
9220182440,128873.0000000000
9223628249,128887.0000000000
9225922843,128901.0000000000
9229369466,128915.0000000000
9233963357,128929.0000000000
9238557255,128943.0000000000
9243151145,128957.0000000000
9245447118,128971.0000000000
9248893007,128985.0000000000
9252339570,128999.0000000000
9256933492,129013.0000000000
9261527455,129027.0000000000
9266121348,129041.0000000000
9269567268,129055.0000000000
9274161168,129069.0000000000
9276458099,129083.0000000000
9278755068,129097.0000000000
9281050842,129111.0000000000
9283346524,129125.0000000000
9285642353,129139.0000000000
9287937899,129153.0000000000
9290233579,129167.0000000000
9292529084,129181.0000000000
9294824578,129195.0000000000
9306707447,129209.0000000000
9311301456,129223.0000000000
9315895462,129237.0000000000
9318192385,129251.0000000000
9320490274,129265.0000000000
9325084322,129279.0000000000
9328529931,129293.0000000000
9333123979,129307.0000000000
9337718002,129321.0000000000
9342312007,129335.0000000000
9344607252,129349.0000000000
9348053687,129363.0000000000
9350350287,129377.0000000000
9353796051,129391.0000000000
9358389996,129405.0000000000
9361836455,129419.0000000000
9366430529,129433.0000000000
9369876295,129447.0000000000
9374470306,129461.0000000000
9376765263,129475.0000000000
9380211818,129489.0000000000
9382508181,129503.0000000000
9384806615,129517.0000000000
9388252530,129531.0000000000
9390547186,129545.0000000000
9393993911,129559.0000000000
9398587939,129573.0000000000
9403181993,129587.0000000000
9407776019,129601.0000000000
9410072068,129615.0000000000
9413518049,129629.0000000000
9416964715,129643.0000000000
9421558777,129657.0000000000
9426152893,129671.0000000000
9430746923,129685.0000000000
9434192950,129699.0000000000
9438786986,129713.0000000000
9441083992,129727.0000000000
9443381023,129741.0000000000
9445676871,129755.0000000000
9447972611,129769.0000000000
9450268520,129783.0000000000
9452564127,129797.0000000000
9454859881,129811.0000000000
9457155462,129825.0000000000
9459451017,129839.0000000000
9471334252,129853.0000000000
9475928397,129867.0000000000
9480522541,129881.0000000000
9482819540,129895.0000000000
9485117504,129909.0000000000
9489711690,129923.0000000000
9493157406,129937.0000000000
9497751590,129951.0000000000
9502345750,129965.0000000000
9506939889,129979.0000000000
9509235214,129993.0000000000
9512681755,130007.0000000000
9514978411,130021.0000000000
9518424287,130035.0000000000
9523018365,130049.0000000000
9526464934,130063.0000000000
9531059160,130077.0000000000
9534505016,130091.0000000000
9539099179,130105.0000000000
9541394198,130119.0000000000
9544840859,130133.0000000000
9547137299,130147.0000000000
9549435794,130161.0000000000
9552881816,130175.0000000000
9555176548,130189.0000000000
9558623360,130203.0000000000
9563217546,130217.0000000000
9567811736,130231.0000000000
9572405900,130245.0000000000
9574702026,130259.0000000000
9578148112,130273.0000000000
9581594867,130287.0000000000
9586189083,130301.0000000000
9590783336,130315.0000000000
9595377504,130329.0000000000
9598823637,130343.0000000000
9603417811,130357.0000000000
9605714893,130371.0000000000
9608009348,130385.0000000000
9610303827,130399.0000000000
9612598282,130413.0000000000
9614892761,130427.0000000000
9617187232,130441.0000000000
9619481691,130455.0000000000
9621776166,130469.0000000000
9624070641,130483.0000000000
9626365099,130497.0000000000
9637113311,130511.0000000000
9641707593,130525.0000000000
9646301874,130539.0000000000
9648598930,130553.0000000000
9650896974,130567.0000000000
9655491297,130581.0000000000
9658937118,130595.0000000000
9663531441,130609.0000000000
9668125754,130623.0000000000
9672720031,130637.0000000000
9675015413,130651.0000000000
9678462065,130665.0000000000
9680758797,130679.0000000000
9684204780,130693.0000000000
9688798996,130707.0000000000
9692245671,130721.0000000000
9696840035,130735.0000000000
9700285998,130749.0000000000
9704880298,130763.0000000000
9707175395,130777.0000000000
9710622144,130791.0000000000
9712918664,130805.0000000000
9715217236,130819.0000000000
9718663364,130833.0000000000
9720958154,130847.0000000000
9724405076,130861.0000000000
9728999396,130875.0000000000
9733593725,130889.0000000000
9738188045,130903.0000000000
9740484231,130917.0000000000
9743930426,130931.0000000000
9747377285,130945.0000000000
9751971636,130959.0000000000
9756566031,130973.0000000000
9761160352,130987.0000000000
9764606573,131001.0000000000
9769200903,131015.0000000000
9771498045,131029.0000000000
9773792578,131043.0000000000
9776087133,131057.0000000000
9778381649,131071.0000000000
9780676204,131085.0000000000
9782970733,131099.0000000000
9785265273,131113.0000000000
9787559810,131127.0000000000
9789854360,131141.0000000000
9792148893,131155.0000000000
9802897425,131169.0000000000
9807491846,131183.0000000000
9812086278,131197.0000000000
9814383394,131211.0000000000
9816681515,131225.0000000000
9821275977,131239.0000000000
9824721903,131253.0000000000
9829316363,131267.0000000000
9833910814,131281.0000000000
9838505229,131295.0000000000
9840800687,131309.0000000000
9844247446,131323.0000000000
9846544240,131337.0000000000
9849990326,131351.0000000000
9854584679,131365.0000000000
9858031481,131379.0000000000
9862625962,131393.0000000000
9866072052,131407.0000000000
9870666490,131421.0000000000
9872961643,131435.0000000000
9876408503,131449.0000000000
9878705100,131463.0000000000
9881003730,131477.0000000000
9884449967,131491.0000000000
9886744834,131505.0000000000
9890191864,131519.0000000000
9894786320,131533.0000000000
9899380787,131547.0000000000
9903975243,131561.0000000000
9906271507,131575.0000000000
9909717811,131589.0000000000
9913164777,131603.0000000000
9917759266,131617.0000000000
9922353798,131631.0000000000
9926948254,131645.0000000000
9930394584,131659.0000000000
9934989049,131673.0000000000
9937286272,131687.0000000000
9939580863,131701.0000000000
9941875498,131715.0000000000
9944170090,131729.0000000000
9946464707,131743.0000000000
9948759313,131757.0000000000
9951053929,131771.0000000000
9953348389,131785.0000000000
9955642863,131799.0000000000
9957937322,131813.0000000000
9967539373,131827.0000000000
9972133948,131841.0000000000
9976728517,131855.0000000000
9979025691,131869.0000000000
9981323890,131883.0000000000
9985918490,131897.0000000000
9989364525,131911.0000000000
9993959118,131925.0000000000
9998553711,131939.0000000000
10003148278,131953.0000000000
10005443797,131967.0000000000
10008890662,131981.0000000000
10011187533,131995.0000000000
10014633707,132009.0000000000
10019228217,132023.0000000000
10022675126,132037.0000000000
10027269746,132051.0000000000
10030715943,132065.0000000000
10035310517,132079.0000000000
10037605728,132093.0000000000
10041052715,132107.0000000000
10043349372,132121.0000000000
10045648078,132135.0000000000
10049094422,132149.0000000000
10051389351,132163.0000000000
10054836489,132177.0000000000
10059431083,132191.0000000000
10064025685,132205.0000000000
10068620278,132219.0000000000
10070916623,132233.0000000000
10074363035,132247.0000000000
10077810110,132261.0000000000
10082404736,132275.0000000000
10086999403,132289.0000000000
10091593997,132303.0000000000
10095040452,132317.0000000000
10099635037,132331.0000000000
10101932341,132345.0000000000
10104227008,132359.0000000000
10106521705,132373.0000000000
10108816373,132387.0000000000
10111111067,132401.0000000000
10113405735,132415.0000000000
10115700427,132429.0000000000
10117994946,132443.0000000000
10120289499,132457.0000000000
10122584017,132471.0000000000
10132186379,132485.0000000000
10136781092,132499.0000000000
10141375799,132513.0000000000
10143673051,132527.0000000000
10145971308,132541.0000000000
10150566049,132555.0000000000
10154012187,132569.0000000000
10158606918,132583.0000000000
10163201668,132597.0000000000
10167796373,132611.0000000000
10170091970,132625.0000000000
10173538927,132639.0000000000
10175835874,132653.0000000000
10179282155,132667.0000000000
10183876804,132681.0000000000
10187323821,132695.0000000000
10191918578,132709.0000000000
10195364885,132723.0000000000
10199959593,132737.0000000000
10202254884,132751.0000000000
10205701977,132765.0000000000
10207998693,132779.0000000000
10210297478,132793.0000000000
10213743930,132807.0000000000
10216038934,132821.0000000000
10219486166,132835.0000000000
10224080913,132849.0000000000
10228675653,132863.0000000000
10233270384,132877.0000000000
10235566791,132891.0000000000
10239013308,132905.0000000000
10242460492,132919.0000000000
10247055272,132933.0000000000
10251650059,132947.0000000000
10256244809,132961.0000000000
10259691370,132975.0000000000
10264286094,132989.0000000000
10266583460,133003.0000000000
10268878203,133017.0000000000
10271172978,133031.0000000000
10273467707,133045.0000000000
10275762479,133059.0000000000
10278057224,133073.0000000000
10280351978,133087.0000000000
10282646554,133101.0000000000
10284941188,133115.0000000000
10287235783,133129.0000000000
10296838435,133143.0000000000
10299132911,133157.0000000000
10302580518,133171.0000000000
10307175378,133185.0000000000
10309472691,133199.0000000000
10311771025,133213.0000000000
10316365906,133227.0000000000
10319812151,133241.0000000000
10324407020,133255.0000000000
10329001906,133269.0000000000
10333596749,133283.0000000000
10335892426,133297.0000000000
10339339490,133311.0000000000
10341636496,133325.0000000000
10345082903,133339.0000000000
10349677689,133353.0000000000
10353124814,133367.0000000000
10357719710,133381.0000000000
10361166126,133395.0000000000
10365760971,133409.0000000000
10368056339,133423.0000000000
10371503523,133437.0000000000
10373800317,133451.0000000000
10376099179,133465.0000000000
10379545722,133479.0000000000
10381840804,133493.0000000000
10385288142,133507.0000000000
10389883028,133521.0000000000
10394477905,133535.0000000000
10399072791,133549.0000000000
10401369260,133563.0000000000
10404815886,133577.0000000000
10408263177,133591.0000000000
10412858095,133605.0000000000
10417453021,133619.0000000000
10422047923,133633.0000000000
10425494577,133647.0000000000
10430089455,133661.0000000000
10432386883,133675.0000000000
10434681702,133689.0000000000
10436976536,133703.0000000000
10439271346,133717.0000000000
10441566179,133731.0000000000
10443861001,133745.0000000000
10446155832,133759.0000000000
10448450470,133773.0000000000
10450745180,133787.0000000000
10453039852,133801.0000000000
10462642777,133815.0000000000
10464937333,133829.0000000000
10468385048,133843.0000000000
10472980044,133857.0000000000
10475277437,133871.0000000000
10477575833,133885.0000000000
10482170868,133899.0000000000
10485617202,133913.0000000000
10490212230,133927.0000000000
10494807254,133941.0000000000
10499402236,133955.0000000000
10501697990,133969.0000000000
10505145163,133983.0000000000
10507442230,133997.0000000000
10510888744,134011.0000000000
10515483668,134025.0000000000
10518930902,134039.0000000000
10523525937,134053.0000000000
10526972456,134067.0000000000
10531567443,134081.0000000000
10533862888,134095.0000000000
10537310181,134109.0000000000
10539607032,134123.0000000000
10541905974,134137.0000000000
10545352625,134151.0000000000
10547647765,134165.0000000000
10551095230,134179.0000000000
10555690254,134193.0000000000
10560285270,134207.0000000000
10564880296,134221.0000000000
10567176842,134235.0000000000
10570623558,134249.0000000000
10574070974,134263.0000000000
10578666031,134277.0000000000
10583261097,134291.0000000000
10587856138,134305.0000000000
10591302900,134319.0000000000
10595897915,134333.0000000000
10598195420,134347.0000000000
10600490301,134361.0000000000
10602785211,134375.0000000000
10605080099,134389.0000000000
10607374994,134403.0000000000
10609669894,134417.0000000000
10611964783,134431.0000000000
10614259501,134445.0000000000
10616554273,134459.0000000000
10618849021,134473.0000000000
10628452241,134487.0000000000
10630746875,134501.0000000000
10634194697,134515.0000000000
10638789832,134529.0000000000
10641087302,134543.0000000000
10643381762,134557.0000000000
10646833705,134571.0000000000
10650280147,134585.0000000000
10654875313,134599.0000000000
10659470477,134613.0000000000
10664065613,134627.0000000000
10666361429,134641.0000000000
10669808709,134655.0000000000
10672105853,134669.0000000000
10675552460,134683.0000000000
10680147540,134697.0000000000
10683594863,134711.0000000000
10688190055,134725.0000000000
10691636663,134739.0000000000
10696231808,134753.0000000000
10698527314,134767.0000000000
10701974713,134781.0000000000
10704271644,134795.0000000000
10706570648,134809.0000000000
10710017402,134823.0000000000
10712312624,134837.0000000000
10715760197,134851.0000000000
10720355360,134865.0000000000
10724950512,134879.0000000000
10729545681,134893.0000000000
10731842304,134907.0000000000
10735289129,134921.0000000000
10738736652,134935.0000000000
10743331849,134949.0000000000
10747927055,134963.0000000000
10752522235,134977.0000000000
10755969101,134991.0000000000
10760564257,135005.0000000000
10762861840,135019.0000000000
10765156799,135033.0000000000
10767451771,135047.0000000000
10769746736,135061.0000000000
10772041689,135075.0000000000
10774336670,135089.0000000000
10776631617,135103.0000000000
10778926417,135117.0000000000
10781221265,135131.0000000000
10783516075,135145.0000000000
10793119604,135159.0000000000
10795414300,135173.0000000000
10798862231,135187.0000000000
10803457505,135201.0000000000
10805755052,135215.0000000000
10808049590,135229.0000000000
10811501626,135243.0000000000
10814948175,135257.0000000000
10819543481,135271.0000000000
10824138801,135285.0000000000
10828734077,135299.0000000000
10831029950,135313.0000000000
10834477341,135327.0000000000
10836774561,135341.0000000000
10840221277,135355.0000000000
10844816497,135369.0000000000
10848263928,135383.0000000000
10852859259,135397.0000000000
10856305974,135411.0000000000
10860901259,135425.0000000000
10863196843,135439.0000000000
10866644332,135453.0000000000
10868941343,135467.0000000000
10871240424,135481.0000000000
10874687286,135495.0000000000
10876982566,135509.0000000000
10880430250,135523.0000000000
10885025549,135537.0000000000
10889620839,135551.0000000000
10894216167,135565.0000000000
10896512853,135579.0000000000
10899959782,135593.0000000000
10903407416,135607.0000000000
10908002750,135621.0000000000
10912598095,135635.0000000000
10917193434,135649.0000000000
10920640390,135663.0000000000
10925235705,135677.0000000000
10927533350,135691.0000000000
10929828386,135705.0000000000
10932123434,135719.0000000000
10934418462,135733.0000000000
10936713492,135747.0000000000
10939008532,135761.0000000000
10941303560,135775.0000000000
10943598419,135789.0000000000
10945893347,135803.0000000000
10948188234,135817.0000000000
10957792057,135831.0000000000
10960086831,135845.0000000000
10963534856,135859.0000000000
10968130285,135873.0000000000
10970427894,135887.0000000000
10972722508,135901.0000000000
10976174652,135915.0000000000
10978469113,135929.0000000000
10980768541,135943.0000000000
10985363987,135957.0000000000
10989959443,135971.0000000000
10994554863,135985.0000000000
10996850812,135999.0000000000
11000298312,136013.0000000000
11002595591,136027.0000000000
11006042416,136041.0000000000
11010637776,136054.0000000000
11014085334,136067.0000000000
11018680804,136080.0000000000
11022127628,136093.0000000000
11026723053,136106.0000000000
11029018696,136119.0000000000
11032466296,136132.0000000000
11034763385,136145.0000000000
11037062543,136158.0000000000
11040509499,136171.0000000000
11042804857,136184.0000000000
11046252648,136197.0000000000
11050848087,136210.0000000000
11055443516,136223.0000000000
11060038979,136236.0000000000
11062335747,136249.0000000000
11065782784,136262.0000000000
11069230527,136275.0000000000
11073826001,136288.0000000000
11078421484,136301.0000000000
11083016959,136314.0000000000
11086464028,136327.0000000000
11091059499,136340.0000000000
11093357206,136353.0000000000
11095652301,136366.0000000000
11097947430,136379.0000000000
11100242536,136392.0000000000
11102537628,136405.0000000000
11104832745,136418.0000000000
11107127851,136431.0000000000
11109422771,136444.0000000000
11111717777,136457.0000000000
11114012723,136470.0000000000
11123616842,136483.0000000000
11125911698,136496.0000000000
11129359832,136509.0000000000
11133955398,136522.0000000000
11136253085,136535.0000000000
11138547761,136548.0000000000
11142000012,136561.0000000000
11144294554,136574.0000000000
11146594044,136587.0000000000
11151189646,136600.0000000000
11155785241,136613.0000000000
11160380800,136626.0000000000
11162676808,136639.0000000000
11166124436,136652.0000000000
11168421777,136665.0000000000
11171868711,136678.0000000000
11176464212,136691.0000000000
11179911879,136704.0000000000
11184507489,136717.0000000000
11187954421,136730.0000000000
11192549986,136743.0000000000
11194845707,136756.0000000000
11198293416,136769.0000000000
11200590567,136782.0000000000
11202889803,136795.0000000000
11206336869,136808.0000000000
11208632286,136821.0000000000
11212080203,136834.0000000000
11216675763,136847.0000000000
11221271352,136860.0000000000
11225866955,136873.0000000000
11228163800,136886.0000000000
11231610927,136899.0000000000
11235058797,136912.0000000000
11239654392,136925.0000000000
11244250035,136938.0000000000
11248845649,136951.0000000000
11252292828,136964.0000000000
11256888438,136977.0000000000
11259186223,136990.0000000000
11261481379,137003.0000000000
11263776586,137016.0000000000
11266071767,137029.0000000000
11268366921,137042.0000000000
11270662098,137055.0000000000
11272957285,137068.0000000000
11275252284,137081.0000000000
11277547352,137094.0000000000
11279842376,137107.0000000000
11289446790,137120.0000000000
11291741725,137133.0000000000
11295189966,137146.0000000000
11299785671,137159.0000000000
11302083436,137172.0000000000
11304378175,137185.0000000000
11307830535,137198.0000000000
11310125154,137211.0000000000
11312424706,137224.0000000000
11317020446,137237.0000000000
11321616181,137250.0000000000
11326211898,137263.0000000000
11328506358,137276.0000000000
11330808476,137289.0000000000
11333105894,137302.0000000000
11336552921,137315.0000000000
11341148576,137328.0000000000
11344596337,137341.0000000000
11349192103,137354.0000000000
11352639126,137367.0000000000
11357234849,137380.0000000000
11359530634,137393.0000000000
11362978448,137406.0000000000
11365275679,137419.0000000000
11367574979,137432.0000000000
11371022150,137445.0000000000
11373317648,137458.0000000000
11376765674,137471.0000000000
11381361374,137484.0000000000
11385957104,137497.0000000000
11390552847,137510.0000000000
11392849770,137523.0000000000
11396297007,137536.0000000000
11399744986,137549.0000000000
11404340721,137562.0000000000
11408936504,137575.0000000000
11413532258,137588.0000000000
11416979543,137601.0000000000
11421575297,137614.0000000000
11423873158,137627.0000000000
11426168392,137640.0000000000
11428463661,137653.0000000000
11430758920,137666.0000000000
11433054133,137679.0000000000
11435349392,137692.0000000000
11437644638,137705.0000000000
11439939719,137718.0000000000
11442234865,137731.0000000000
11444529951,137744.0000000000
11454134679,137757.0000000000
11456429677,137770.0000000000
11459878026,137783.0000000000
11464473871,137796.0000000000
11466771714,137809.0000000000
11469066530,137822.0000000000
11472518984,137835.0000000000
11474813681,137848.0000000000
11477113311,137861.0000000000
11481709192,137874.0000000000
11486305068,137887.0000000000
11490900926,137900.0000000000
11493195464,137913.0000000000
11495497644,137926.0000000000
11497795139,137939.0000000000
11501242276,137952.0000000000
11505838070,137965.0000000000
11509285941,137978.0000000000
11513881848,137991.0000000000
11517328980,138004.0000000000
11521924842,138017.0000000000
11524220706,138030.0000000000
11527668609,138043.0000000000
11529965918,138056.0000000000
11532265300,138069.0000000000
11535712580,138082.0000000000
11538008137,138095.0000000000
11541456276,138108.0000000000
11546052113,138121.0000000000
11550647983,138134.0000000000
11555243887,138147.0000000000
11557540872,138160.0000000000
11560988215,138173.0000000000
11564436307,138186.0000000000
11569032179,138199.0000000000
11573628103,138212.0000000000
11578224016,138225.0000000000
11581671390,138238.0000000000
11586267304,138251.0000000000
11588565228,138264.0000000000
11590860540,138277.0000000000
11593155887,138290.0000000000
11595451208,138303.0000000000
11597746500,138316.0000000000
11600041817,138329.0000000000
11602337145,138342.0000000000
11604632284,138355.0000000000
11606927511,138368.0000000000
11609222675,138381.0000000000
11618827701,138394.0000000000
11621122777,138407.0000000000
11624571220,138420.0000000000
11629167221,138433.0000000000
11631465127,138446.0000000000
11633760021,138459.0000000000
11637212585,138472.0000000000
11639507344,138485.0000000000
11641807053,138498.0000000000
11646403075,138511.0000000000
11650999087,138524.0000000000
11655595090,138537.0000000000
11657889706,138550.0000000000
11660191964,138563.0000000000
11662489522,138576.0000000000
11665936769,138589.0000000000
11670532703,138602.0000000000
11673980680,138615.0000000000
11678576731,138628.0000000000
11682023969,138641.0000000000
11684318448,138654.0000000000
11687767222,138667.0000000000
11690063163,138680.0000000000
11693511160,138693.0000000000
11695808547,138706.0000000000
11698108008,138719.0000000000
11701555382,138732.0000000000
11703851016,138745.0000000000
11707299265,138758.0000000000
11711895243,138771.0000000000
11716491253,138784.0000000000
11721087314,138797.0000000000
11723384361,138810.0000000000
11726831814,138823.0000000000
11730280016,138836.0000000000
11734876029,138849.0000000000
11739472092,138862.0000000000
11744068162,138875.0000000000
11747515630,138888.0000000000
11752111701,138901.0000000000
11754409688,138914.0000000000
11756705078,138927.0000000000
11759000484,138940.0000000000
11761295887,138953.0000000000
11763591242,138966.0000000000
11765886637,138979.0000000000
11768182044,138992.0000000000
11770477243,139005.0000000000
11772772549,139018.0000000000
11775067791,139031.0000000000
11784673096,139044.0000000000
11786968250,139057.0000000000
11790416806,139070.0000000000
11795012945,139083.0000000000
11797310933,139096.0000000000
11799605886,139109.0000000000
11803058560,139122.0000000000
11805353401,139135.0000000000
11807653169,139148.0000000000
11812249350,139161.0000000000
11816845503,139174.0000000000
11821441647,139187.0000000000
11823736341,139200.0000000000
11826038659,139213.0000000000
11828336298,139226.0000000000
11831783655,139239.0000000000
11836379730,139252.0000000000
11839827818,139265.0000000000
11844424009,139278.0000000000
11847871356,139291.0000000000
11850165914,139304.0000000000
11853614779,139317.0000000000
11855910802,139330.0000000000
11859358909,139343.0000000000
11861656355,139356.0000000000
11863955898,139369.0000000000
11867403382,139382.0000000000
11869699076,139395.0000000000
11873147453,139408.0000000000
11877743570,139421.0000000000
11882339722,139434.0000000000
11886935923,139447.0000000000
11889233049,139460.0000000000
11892680593,139473.0000000000
11896128923,139486.0000000000
11900725075,139499.0000000000
11905321279,139512.0000000000
11909917490,139525.0000000000
11913365067,139538.0000000000
11917961279,139551.0000000000
11920259344,139564.0000000000
11922554797,139577.0000000000
11924850281,139590.0000000000
11927145763,139603.0000000000
11929441181,139616.0000000000
11931736654,139629.0000000000
11934032121,139642.0000000000
11936327402,139655.0000000000
11938622766,139668.0000000000
11940918091,139681.0000000000
11950523693,139694.0000000000
11952818925,139707.0000000000
11956267591,139720.0000000000
11960863872,139733.0000000000
11963161938,139746.0000000000
11965456953,139759.0000000000
11968909738,139772.0000000000
11971204657,139785.0000000000
11973504488,139798.0000000000
11978100826,139811.0000000000
11982697102,139824.0000000000
11987293406,139837.0000000000
11989588163,139850.0000000000
11991890559,139863.0000000000
11994188277,139876.0000000000
11997635725,139889.0000000000
12002231960,139902.0000000000
12005680139,139915.0000000000
12010276491,139928.0000000000
12013723948,139941.0000000000
12016018566,139954.0000000000
12019467544,139967.0000000000
12021763646,139980.0000000000
12025211862,139993.0000000000
12027509370,140006.0000000000
12029808992,140019.0000000000
12033256586,140032.0000000000
12035551047,140045.0000000000
12037853599,140058.0000000000
12042449858,140071.0000000000
12047046149,140084.0000000000
12051642492,140097.0000000000
12053939700,140110.0000000000
12057387353,140123.0000000000
12060835793,140136.0000000000
12065432086,140149.0000000000
12070028427,140162.0000000000
12074624779,140175.0000000000
12078072486,140188.0000000000
12082668820,140201.0000000000
12084966968,140214.0000000000
12087262497,140227.0000000000
12089558044,140240.0000000000
12091853605,140253.0000000000
12094149101,140266.0000000000
12096444637,140279.0000000000
12098740183,140292.0000000000
12101035523,140305.0000000000
12103330970,140318.0000000000
12105626354,140331.0000000000
12115232274,140344.0000000000
12117527569,140357.0000000000
12120976341,140370.0000000000
12125572767,140383.0000000000
12127870911,140396.0000000000
12130166004,140409.0000000000
12133618881,140422.0000000000
12135913881,140435.0000000000
12138213791,140448.0000000000
12142810270,140461.0000000000
12147406687,140474.0000000000
12152003130,140487.0000000000
12154297968,140500.0000000000
12156600428,140513.0000000000
12158898224,140526.0000000000
12162345782,140539.0000000000
12166942159,140552.0000000000
12170390448,140565.0000000000
12174986939,140578.0000000000
12178434509,140591.0000000000
12180729207,140604.0000000000
12184178295,140617.0000000000
12186474459,140630.0000000000
12189922785,140643.0000000000
12192220373,140656.0000000000
12194520057,140669.0000000000
12197967761,140682.0000000000
12200262302,140695.0000000000
12202564916,140708.0000000000
12207161333,140721.0000000000
12211757768,140734.0000000000
12216354252,140747.0000000000
12218651519,140760.0000000000
12222099300,140773.0000000000
12225547835,140786.0000000000
12230144285,140799.0000000000
12234740768,140812.0000000000
12239337262,140825.0000000000
12242785079,140838.0000000000
12247381555,140851.0000000000
12249679761,140864.0000000000
12251975370,140877.0000000000
12254270998,140890.0000000000
12256566623,140903.0000000000
12258862197,140916.0000000000
12261157813,140929.0000000000
12263453421,140942.0000000000
12265748841,140955.0000000000
12268044347,140968.0000000000
12270339813,140981.0000000000
12279946029,140994.0000000000
12282241403,141007.0000000000
12285690267,141020.0000000000
12290286853,141033.0000000000
12292585059,141046.0000000000
12294880231,141059.0000000000
12298333218,141072.0000000000
12300628278,141085.0000000000
12302928271,141098.0000000000
12307524892,141111.0000000000
12312121465,141124.0000000000
12316718049,141137.0000000000
12319012947,141150.0000000000
12321315488,141163.0000000000
12323613344,141176.0000000000
12327061012,141189.0000000000
12331657530,141202.0000000000
12335105948,141215.0000000000
12339702562,141228.0000000000
12343150261,141241.0000000000
12345445023,141254.0000000000
12348894220,141267.0000000000
12351190463,141280.0000000000
12354638881,141293.0000000000
12356936550,141306.0000000000
12359236314,141319.0000000000
12362684109,141332.0000000000
12364978728,141345.0000000000
12367281425,141358.0000000000
12371877986,141371.0000000000
12376474563,141384.0000000000
12381071186,141397.0000000000
12383368534,141410.0000000000
12385662993,141423.0000000000
12387963656,141436.0000000000
12391412302,141449.0000000000
12396008890,141462.0000000000
12400605519,141475.0000000000
12405202170,141488.0000000000
12408650080,141501.0000000000
12413246716,141514.0000000000
12415544984,141527.0000000000
12417840673,141540.0000000000
12420136379,141553.0000000000
12422432068,141566.0000000000
12424727720,141579.0000000000
12427023397,141592.0000000000
12429319087,141605.0000000000
12431614568,141618.0000000000
12433910155,141631.0000000000
12436205700,141644.0000000000
12445812215,141657.0000000000
12448107668,141670.0000000000
12451556626,141683.0000000000
12456153370,141696.0000000000
12458451640,141709.0000000000
12460746890,141722.0000000000
12464199989,141735.0000000000
12466495111,141748.0000000000
12468795184,141761.0000000000
12473391947,141774.0000000000
12477988659,141787.0000000000
12482585389,141800.0000000000
12484880365,141813.0000000000
12487182986,141826.0000000000
12489480903,141839.0000000000
12492928683,141852.0000000000
12497525343,141865.0000000000
12500973871,141878.0000000000
12505570625,141891.0000000000
12509018431,141904.0000000000
12511313276,141917.0000000000
12514762583,141930.0000000000
12517058887,141943.0000000000
12520507418,141956.0000000000
12522805166,141969.0000000000
12525105009,141982.0000000000
12528552898,141995.0000000000
12530847598,142008.0000000000
12533150373,142021.0000000000
12537747076,142034.0000000000
12542343796,142047.0000000000
12546940561,142060.0000000000
12549237987,142073.0000000000
12551532510,142086.0000000000
12553833251,142099.0000000000
12557282008,142112.0000000000
12561878738,142125.0000000000
12566475509,142138.0000000000
12571072299,142151.0000000000
12574520322,142164.0000000000
12579117116,142177.0000000000
12581415448,142190.0000000000
12583711197,142203.0000000000
12586006982,142216.0000000000
12588302755,142229.0000000000
12590598469,142242.0000000000
12592894226,142255.0000000000
12595189994,142268.0000000000
12597485539,142281.0000000000
12599781204,142294.0000000000
12602076810,142307.0000000000
12611683625,142320.0000000000
12613979161,142333.0000000000
12617428229,142346.0000000000
12622025111,142359.0000000000
12624323464,142372.0000000000
12626618773,142385.0000000000
12630071984,142398.0000000000
12632367187,142411.0000000000
12634667321,142424.0000000000
12639264245,142437.0000000000
12643861100,142450.0000000000
12648457971,142463.0000000000
12650753028,142476.0000000000
12653055708,142489.0000000000
12655353708,142502.0000000000
12658801598,142515.0000000000
12663398401,142528.0000000000
12666847040,142541.0000000000
12671443935,142554.0000000000
12674891851,142567.0000000000
12677186775,142580.0000000000
12680636173,142593.0000000000
12682932559,142606.0000000000
12686381201,142619.0000000000
12688679011,142632.0000000000
12690978936,142645.0000000000
12694426936,142658.0000000000
12696721696,142671.0000000000
12699024550,142684.0000000000
12703621395,142697.0000000000
12708218277,142710.0000000000
12712815184,142723.0000000000
12715112688,142736.0000000000
12717407275,142749.0000000000
12719708076,142762.0000000000
12723156964,142775.0000000000
12727753836,142788.0000000000
12732350750,142801.0000000000
12736947683,142814.0000000000
12739248586,142827.0000000000
12743845522,142840.0000000000
12746143933,142853.0000000000
12748439745,142866.0000000000
12750735609,142879.0000000000
12753031443,142892.0000000000
12755327239,142905.0000000000
12757623057,142918.0000000000
12759918907,142931.0000000000
12762214531,142944.0000000000
12764510260,142957.0000000000
12766805945,142970.0000000000
12776413062,142983.0000000000
12778708658,142996.0000000000
12782157855,143009.0000000000
12786754880,143022.0000000000
12789053294,143035.0000000000
12791348685,143048.0000000000
12794802007,143061.0000000000
12797097289,143074.0000000000
12799397486,143087.0000000000
12803994549,143100.0000000000
12808591550,143113.0000000000
12813188580,143126.0000000000
12815483700,143139.0000000000
12817786459,143152.0000000000
12820084539,143165.0000000000
12823532522,143178.0000000000
12828129485,143191.0000000000
12831578218,143204.0000000000
12836175271,143217.0000000000
12839623280,143230.0000000000
12841918286,143243.0000000000
12845367796,143256.0000000000
12847664242,143269.0000000000
12851113013,143282.0000000000
12853410887,143295.0000000000
12855710871,143308.0000000000
12859159002,143321.0000000000
12861453824,143334.0000000000
12863756757,143347.0000000000
12868353744,143360.0000000000
12872950770,143373.0000000000
12877547820,143386.0000000000
12879845403,143399.0000000000
12882140070,143412.0000000000
12884440935,143425.0000000000
12887889934,143438.0000000000
12892486948,143451.0000000000
12897084020,143464.0000000000
12901681078,143477.0000000000
12903982063,143490.0000000000
12908579142,143503.0000000000
12910877632,143516.0000000000
12913173523,143529.0000000000
12915469451,143542.0000000000
12917765365,143555.0000000000
12920061222,143568.0000000000
12922357121,143581.0000000000
12924653031,143594.0000000000
12926948738,143607.0000000000
12929244547,143620.0000000000
12931540295,143633.0000000000
12941147730,143646.0000000000
12943443388,143659.0000000000
12946892697,143672.0000000000
12951489864,143685.0000000000
12953788359,143698.0000000000
12956083809,143711.0000000000
12959537245,143724.0000000000
12961832607,143737.0000000000
12964132883,143750.0000000000
12968730070,143763.0000000000
12973327232,143776.0000000000
12977924406,143789.0000000000
12980219606,143802.0000000000
12982522429,143815.0000000000
12984820588,143828.0000000000
12988268682,143841.0000000000
12992865788,143854.0000000000
12996314631,143867.0000000000
13000911827,143880.0000000000
13004359948,143893.0000000000
13006655016,143906.0000000000
13010104656,143919.0000000000
13012401165,143932.0000000000
13015850047,143945.0000000000
13018147999,143958.0000000000
13020448047,143971.0000000000
13023896289,143984.0000000000
13026191189,143997.0000000000
13028494186,144010.0000000000
13033091332,144023.0000000000
13037688482,144036.0000000000
13042285692,144049.0000000000
13044583339,144062.0000000000
13046878085,144075.0000000000
13049179030,144088.0000000000
13052628122,144101.0000000000
13057225298,144114.0000000000
13061822514,144127.0000000000
13066419714,144140.0000000000
13068720760,144153.0000000000
13073318001,144166.0000000000
13075616554,144179.0000000000
13077912525,144192.0000000000
13080207002,144205.0000000000
13082501464,144218.0000000000
13084795941,144231.0000000000
13087090419,144244.0000000000
13089384881,144257.0000000000
13091679339,144270.0000000000
13093973820,144283.0000000000
13096268297,144296.0000000000
13098562760,144309.0000000000
13107034851,144322.0000000000
13109330590,144335.0000000000
13112780011,144348.0000000000
13117377321,144361.0000000000
13119675878,144374.0000000000
13121971410,144387.0000000000
13125424958,144400.0000000000
13127720380,144413.0000000000
13130020735,144426.0000000000
13134618067,144439.0000000000
13139215388,144452.0000000000
13143812707,144465.0000000000
13146107986,144478.0000000000
13148410873,144491.0000000000
13150709092,144504.0000000000
13154157316,144517.0000000000
13158754565,144530.0000000000
13162203520,144543.0000000000
13166800860,144556.0000000000
13170249092,144569.0000000000
13172544223,144582.0000000000
13175993972,144595.0000000000
13178290563,144608.0000000000
13181739537,144621.0000000000
13184037570,144634.0000000000
13186337701,144647.0000000000
13189786055,144660.0000000000
13192081015,144673.0000000000
13194384095,144686.0000000000
13198981384,144699.0000000000
13203578675,144712.0000000000
13208176044,144725.0000000000
13210473755,144738.0000000000
13212768581,144751.0000000000
13215069587,144764.0000000000
13218518793,144777.0000000000
13223116127,144790.0000000000
13227713467,144803.0000000000
13232310829,144816.0000000000
13234611939,144829.0000000000
13239209340,144842.0000000000
13241507957,144855.0000000000
13243804007,144868.0000000000
13246098565,144881.0000000000
13248393090,144894.0000000000
13250687628,144907.0000000000
13252982188,144920.0000000000
13255276730,144933.0000000000
13257571251,144946.0000000000
13259865813,144959.0000000000
13262160370,144972.0000000000
13264454897,144985.0000000000
13272927259,144998.0000000000
13275223077,145011.0000000000
13278672589,145024.0000000000
13283270063,145037.0000000000
13285568683,145050.0000000000
13287864295,145063.0000000000
13291317954,145076.0000000000
13293613440,145089.0000000000
13295913876,145102.0000000000
13300511351,145115.0000000000
13305108833,145128.0000000000
13309706276,145141.0000000000
13312001635,145154.0000000000
13314304604,145167.0000000000
13316602887,145180.0000000000
13320051219,145193.0000000000
13324648613,145206.0000000000
13328097698,145219.0000000000
13332695162,145232.0000000000
13336143525,145245.0000000000
13338438718,145258.0000000000
13341888580,145271.0000000000
13344185251,145284.0000000000
13347634318,145297.0000000000
13349932433,145310.0000000000
13352232643,145323.0000000000
13355681090,145336.0000000000
13357976132,145349.0000000000
13360279293,145362.0000000000
13364876726,145375.0000000000
13369474160,145388.0000000000
13374071668,145401.0000000000
13376369461,145414.0000000000
13378664349,145427.0000000000
13380965438,145440.0000000000
13384414755,145453.0000000000
13389012229,145466.0000000000
13393609715,145479.0000000000
13398207236,145492.0000000000
13400508410,145505.0000000000
13405105970,145518.0000000000
13407404652,145531.0000000000
13409700763,145544.0000000000
13411995400,145557.0000000000
13414290009,145570.0000000000
13416584609,145583.0000000000
13418879087,145596.0000000000
13421173565,145609.0000000000
13423468027,145622.0000000000
13425762506,145635.0000000000
13428056964,145648.0000000000
13430351446,145661.0000000000
13437677710,145674.0000000000
13439973611,145687.0000000000
13443423234,145700.0000000000
13448020850,145713.0000000000
13450319553,145726.0000000000
13452615229,145739.0000000000
13456068996,145752.0000000000
13458364565,145765.0000000000
13460665061,145778.0000000000
13465262701,145791.0000000000
13469860327,145804.0000000000
13474457913,145817.0000000000
13476753351,145830.0000000000
13479056381,145843.0000000000
13481354748,145856.0000000000
13484803193,145869.0000000000
13489400730,145882.0000000000
13492849927,145895.0000000000
13497447534,145908.0000000000
13500896011,145921.0000000000
13503191284,145934.0000000000
13506641238,145947.0000000000
13508937992,145960.0000000000
13512387170,145973.0000000000
13514685347,145986.0000000000
13516985640,145999.0000000000
13520434200,146012.0000000000
13522729303,146025.0000000000
13525032543,146038.0000000000
13529630119,146051.0000000000
13534227717,146064.0000000000
13538825369,146077.0000000000
13541123242,146090.0000000000
13543418194,146103.0000000000
13545719342,146116.0000000000
13549168790,146129.0000000000
13553766407,146142.0000000000
13558364038,146155.0000000000
13562961702,146168.0000000000
13565262955,146181.0000000000
13569860658,146194.0000000000
13572159420,146207.0000000000
13574455596,146220.0000000000
13576750293,146233.0000000000
13579044979,146246.0000000000
13581339663,146259.0000000000
13583634202,146272.0000000000
13585928763,146285.0000000000
13588223304,146298.0000000000
13590517847,146311.0000000000
13592812385,146324.0000000000
13595106948,146337.0000000000
13602433436,146350.0000000000
13604729398,146363.0000000000
13608179153,146376.0000000000
13612776912,146389.0000000000
13615075675,146402.0000000000
13617371434,146415.0000000000
13620825313,146428.0000000000
13623120962,146441.0000000000
13625421524,146454.0000000000
13630019305,146467.0000000000
13634617078,146480.0000000000
13639214823,146493.0000000000
13641510325,146505.0000000000
13643813436,146517.0000000000
13646111883,146529.0000000000
13649560424,146541.0000000000
13654158121,146553.0000000000
13657607415,146565.0000000000
13662205183,146577.0000000000
13665653752,146589.0000000000
13667949108,146601.0000000000
13671399174,146613.0000000000
13673695989,146625.0000000000
13677145299,146637.0000000000
13679443540,146649.0000000000
13681743894,146661.0000000000
13685192585,146673.0000000000
13687487753,146685.0000000000
13689791073,146697.0000000000
13694388794,146709.0000000000
13698986536,146721.0000000000
13703584332,146733.0000000000
13705882284,146745.0000000000
13708177317,146757.0000000000
13710478529,146769.0000000000
13713928089,146781.0000000000
13718525851,146793.0000000000
13723123642,146805.0000000000
13727721432,146817.0000000000
13730022766,146829.0000000000
13734620616,146841.0000000000
13736919458,146853.0000000000
13739215713,146865.0000000000
13741510474,146877.0000000000
13743805239,146889.0000000000
13746100003,146901.0000000000
13748394606,146913.0000000000
13750689228,146925.0000000000
13752983709,146937.0000000000
13755278187,146949.0000000000
13757572648,146961.0000000000
13759867127,146973.0000000000
13762161604,146985.0000000000
13768341678,146997.0000000000
13770637701,147009.0000000000
13774087570,147021.0000000000
13778685473,147033.0000000000
13780984319,147045.0000000000
13783280158,147057.0000000000
13786734132,147069.0000000000
13789029859,147081.0000000000
13791330504,147093.0000000000
13795928429,147105.0000000000
13800526347,147117.0000000000
13805124252,147129.0000000000
13807419817,147141.0000000000
13809722989,147153.0000000000
13812021516,147165.0000000000
13815470173,147177.0000000000
13820068012,147189.0000000000
13823517421,147201.0000000000
13828115350,147213.0000000000
13831564014,147225.0000000000
13833859451,147237.0000000000
13837309629,147249.0000000000
13839606507,147261.0000000000
13843055927,147273.0000000000
13845354251,147285.0000000000
13847654667,147297.0000000000
13851103489,147309.0000000000
13853398721,147321.0000000000
13855702102,147333.0000000000
13860299986,147345.0000000000
13864897873,147357.0000000000
13869495814,147369.0000000000
13871793846,147381.0000000000
13874088940,147393.0000000000
13876390236,147405.0000000000
13879839908,147417.0000000000
13884437815,147429.0000000000
13889035747,147441.0000000000
13893633681,147453.0000000000
13895935099,147465.0000000000
13900533093,147477.0000000000
13902832015,147489.0000000000
13905128351,147501.0000000000
13907423176,147513.0000000000
13909718003,147525.0000000000
13912012847,147537.0000000000
13914307533,147549.0000000000
13916602218,147561.0000000000
13918896780,147573.0000000000
13921191339,147585.0000000000
13923485863,147597.0000000000
13925780421,147609.0000000000
13928074959,147621.0000000000
13934255246,147633.0000000000
13936551332,147645.0000000000
13940001310,147657.0000000000
13944599360,147669.0000000000
13946898286,147681.0000000000
13949194205,147693.0000000000
13952648272,147705.0000000000
13954944082,147717.0000000000
13957244808,147729.0000000000
13961842879,147741.0000000000
13966440941,147753.0000000000
13971038987,147765.0000000000
13973334636,147777.0000000000
13975637870,147789.0000000000
13977936480,147801.0000000000
13981385249,147813.0000000000
13985983233,147825.0000000000
13989432755,147837.0000000000
13994030824,147849.0000000000
13997479602,147861.0000000000
13999775120,147873.0000000000
14003225411,147885.0000000000
14005522353,147897.0000000000
14008971885,147909.0000000000
14011270290,147921.0000000000
14013570770,147933.0000000000
14017019702,147945.0000000000
14019315018,147957.0000000000
14021618463,147969.0000000000
14026216509,147981.0000000000
14030814541,147993.0000000000
14035412627,148005.0000000000
14037710720,148017.0000000000
14040005893,148029.0000000000
14042307272,148041.0000000000
14045757037,148053.0000000000
14050355108,148065.0000000000
14054953184,148077.0000000000
14059551264,148089.0000000000
14061852763,148101.0000000000
14066450902,148113.0000000000
14068749885,148125.0000000000
14071046302,148137.0000000000
14073341211,148149.0000000000
14075636099,148161.0000000000
14077931026,148173.0000000000
14080225792,148185.0000000000
14082520541,148197.0000000000
14084815184,148209.0000000000
14087109823,148221.0000000000
14089404411,148233.0000000000
14091699030,148245.0000000000
14093993651,148257.0000000000
14100174150,148269.0000000000
14102470299,148281.0000000000
14105920389,148293.0000000000
14110518585,148305.0000000000
14112813062,148317.0000000000
14115107539,148329.0000000000
14117420519,148341.0000000000
14119716390,148353.0000000000
14122017198,148365.0000000000
14126615417,148377.0000000000
14131213641,148389.0000000000
14135811831,148401.0000000000
14138107560,148413.0000000000
14140410858,148425.0000000000
14142709529,148437.0000000000
14146158431,148449.0000000000
14150756541,148461.0000000000
14154206194,148473.0000000000
14158804410,148485.0000000000
14162253300,148497.0000000000
14164548882,148509.0000000000
14167999286,148521.0000000000
14170296307,148533.0000000000
14173745933,148545.0000000000
14176044419,148557.0000000000
14178344983,148569.0000000000
14181794028,148581.0000000000
14184089406,148593.0000000000
14186392934,148605.0000000000
14190991125,148617.0000000000
14195589301,148629.0000000000
14200187549,148641.0000000000
14202485708,148653.0000000000
14204780960,148665.0000000000
14207082400,148677.0000000000
14210532281,148689.0000000000
14215130513,148701.0000000000
14219728715,148713.0000000000
14224326961,148725.0000000000
14226628524,148737.0000000000
14231226822,148749.0000000000
14233525870,148761.0000000000
14235822368,148773.0000000000
14238117358,148785.0000000000
14240412310,148797.0000000000
14242707299,148809.0000000000
14245002149,148821.0000000000
14247296979,148833.0000000000
14249591686,148845.0000000000
14251886405,148857.0000000000
14254181074,148869.0000000000
14256475757,148881.0000000000
14258770442,148893.0000000000
14264951152,148905.0000000000
14267247381,148917.0000000000
14270697566,148929.0000000000
14275295926,148941.0000000000
14277590468,148953.0000000000
14279885025,148965.0000000000
14282198085,148977.0000000000
14284494020,148989.0000000000
14286794908,149001.0000000000
14291393273,149013.0000000000
14295991641,149025.0000000000
14300589974,149037.0000000000
14302885784,149049.0000000000
14305189164,149061.0000000000
14307487899,149073.0000000000
14310936914,149085.0000000000
14315535169,149097.0000000000
14318984935,149109.0000000000
14323583296,149121.0000000000
14327032296,149133.0000000000
14329327962,149145.0000000000
14332778459,149157.0000000000
14335075561,149169.0000000000
14338525302,149181.0000000000
14340823870,149193.0000000000
14343124514,149205.0000000000
14346573656,149217.0000000000
14348869114,149229.0000000000
14351172724,149241.0000000000
14355771040,149253.0000000000
14360369380,149265.0000000000
14364967774,149277.0000000000
14367266014,149289.0000000000
14369561331,149301.0000000000
14371862851,149313.0000000000
14375312845,149325.0000000000
14379911222,149337.0000000000
14384509569,149349.0000000000
14389107958,149361.0000000000
14391409605,149373.0000000000
14396008049,149385.0000000000
14398307178,149397.0000000000
14400603740,149409.0000000000
14402898810,149421.0000000000
14405193843,149433.0000000000
14407488897,149445.0000000000
14409783829,149457.0000000000
14412078719,149469.0000000000
14414373509,149481.0000000000
14416668289,149493.0000000000
14418963042,149505.0000000000
14421257807,149517.0000000000
14423552556,149529.0000000000
14429733457,149541.0000000000
14432029767,149553.0000000000
14435480068,149565.0000000000
14440078570,149577.0000000000
14442373197,149589.0000000000
14444667816,149601.0000000000
14446980959,149613.0000000000
14449276974,149625.0000000000
14451577927,149637.0000000000
14456176454,149649.0000000000
14460774948,149661.0000000000
14465373446,149673.0000000000
14467669317,149685.0000000000
14469963799,149697.0000000000
14472258278,149709.0000000000
14474552740,149721.0000000000
14476867956,149733.0000000000
14481466357,149745.0000000000
14484916235,149757.0000000000
14489514741,149769.0000000000
14492963855,149781.0000000000
14495259602,149793.0000000000
14498710193,149805.0000000000
14501007378,149817.0000000000
14504457233,149829.0000000000
14506755862,149841.0000000000
14509056587,149853.0000000000
14512505845,149865.0000000000
14514801384,149877.0000000000
14517105056,149889.0000000000
14521703518,149901.0000000000
14526302022,149913.0000000000
14530900562,149925.0000000000
14533198883,149937.0000000000
14535494265,149949.0000000000
14537795866,149961.0000000000
14541245974,149973.0000000000
14545844495,149985.0000000000
14550442988,149997.0000000000
14555041520,150009.0000000000
14557343250,150021.0000000000
14561941840,150033.0000000000
14564241050,150045.0000000000
14566537676,150057.0000000000
14568832826,150069.0000000000
14571127942,150081.0000000000
14573423060,150093.0000000000
14575718054,150105.0000000000
14578013025,150117.0000000000
14580307900,150129.0000000000
14582602744,150141.0000000000
14584897578,150153.0000000000
14587192421,150165.0000000000
14589487235,150177.0000000000
14595668328,150189.0000000000
14597964721,150201.0000000000
14601415137,150213.0000000000
14606013781,150225.0000000000
14608308492,150237.0000000000
14610603176,150249.0000000000
14612916401,150261.0000000000
14615212495,150273.0000000000
14617513513,150285.0000000000
14622112183,150297.0000000000
14626710822,150309.0000000000
14631309485,150321.0000000000
14633605421,150333.0000000000
14635899984,150345.0000000000
14638194543,150357.0000000000
14640489070,150369.0000000000
14642804367,150381.0000000000
14647402913,150393.0000000000
14650852905,150405.0000000000
14655451556,150417.0000000000
14658900784,150429.0000000000
14661196612,150441.0000000000
14664647298,150453.0000000000
14666944566,150465.0000000000
14670394534,150477.0000000000
14672693226,150489.0000000000
14674994034,150501.0000000000
14678443406,150513.0000000000
14680739006,150525.0000000000
14683042760,150537.0000000000
14687641368,150549.0000000000
14692240037,150561.0000000000
14696838722,150573.0000000000
14699137124,150585.0000000000
14701432570,150597.0000000000
14703734234,150609.0000000000
14707184475,150621.0000000000
14711783122,150633.0000000000
14716381781,150645.0000000000
14720980458,150657.0000000000
14723282271,150669.0000000000
14727881006,150681.0000000000
14730180296,150693.0000000000
14732476988,150705.0000000000
14734772201,150717.0000000000
14737067397,150729.0000000000
14739362599,150741.0000000000
14741657655,150753.0000000000
14743952711,150765.0000000000
14746247666,150777.0000000000
14748542575,150789.0000000000
14750837491,150801.0000000000
14753132415,150813.0000000000
14755427294,150825.0000000000
14761608582,150837.0000000000
14763905056,150849.0000000000
14767355585,150861.0000000000
14771954376,150873.0000000000
14774249168,150885.0000000000
14776543916,150897.0000000000
14778857223,150909.0000000000
14781153399,150921.0000000000
14783454481,150933.0000000000
14788053294,150945.0000000000
14792652080,150957.0000000000
14797250906,150969.0000000000
14799546908,150981.0000000000
14801841552,150993.0000000000
14804136192,151005.0000000000
14806430784,151017.0000000000
14808746143,151029.0000000000
14813344854,151041.0000000000
14816794961,151053.0000000000
14821393757,151065.0000000000
14824843099,151077.0000000000
14827137576,151089.0000000000
14829442559,151101.0000000000
14831739889,151113.0000000000
14835189989,151125.0000000000
14837488745,151137.0000000000
14839789615,151149.0000000000
14843239120,151161.0000000000
14845534785,151173.0000000000
14847838620,151185.0000000000
14852437375,151197.0000000000
14857036185,151209.0000000000
14861635019,151221.0000000000
14863933502,151233.0000000000
14866229030,151245.0000000000
14868530759,151257.0000000000
14871981114,151269.0000000000
14876579907,151281.0000000000
14881178727,151293.0000000000
14885777532,151305.0000000000
14888079426,151317.0000000000
14892678307,151329.0000000000
14894977680,151341.0000000000
14897274454,151353.0000000000
14899569732,151365.0000000000
14901865009,151377.0000000000
14904160294,151389.0000000000
14906455415,151401.0000000000
14908750532,151413.0000000000
14911045569,151425.0000000000
14913340563,151437.0000000000
14915635543,151449.0000000000
14917930547,151461.0000000000
14920225507,151473.0000000000
14926406991,151485.0000000000
14928703527,151497.0000000000
14932154190,151509.0000000000
14936753107,151521.0000000000
14939047982,151533.0000000000
14941342813,151545.0000000000
14943656183,151557.0000000000
14945952442,151569.0000000000
14948253605,151581.0000000000
14952852564,151593.0000000000
14957451496,151605.0000000000
14962050466,151617.0000000000
14964346552,151629.0000000000
14966641260,151641.0000000000
14968935983,151653.0000000000
14971230655,151665.0000000000
14973546080,151677.0000000000
14978144953,151689.0000000000
14981595159,151701.0000000000
14986194118,151713.0000000000
14989643554,151725.0000000000
14991938115,151737.0000000000
14994243180,151749.0000000000
14996540574,151761.0000000000
14999990788,151773.0000000000
15002289623,151785.0000000000
15004590560,151797.0000000000
15008040175,151809.0000000000
15010335925,151821.0000000000
15012639824,151833.0000000000
15017238742,151845.0000000000
15021837698,151857.0000000000
15026436677,151869.0000000000
15028735223,151881.0000000000
15031030832,151893.0000000000
15033332647,151905.0000000000
15036783094,151917.0000000000
15041382053,151929.0000000000
15045981018,151941.0000000000
15050579970,151953.0000000000
15052881945,151965.0000000000
15057480974,151977.0000000000
15059780408,151989.0000000000
15062077264,152001.0000000000
15064372626,152013.0000000000
15066667965,152025.0000000000
15068963334,152037.0000000000
15071258535,152049.0000000000
15073553720,152061.0000000000
15075848837,152073.0000000000
15078143912,152085.0000000000
15080438957,152097.0000000000
15082734024,152109.0000000000
15085029066,152121.0000000000
15091210764,152133.0000000000
15093507364,152145.0000000000
15096958141,152157.0000000000
15101557206,152169.0000000000
15103852161,152181.0000000000
15106147074,152193.0000000000
15108460510,152205.0000000000
15110756830,152217.0000000000
15113058075,152229.0000000000
15117657182,152241.0000000000
15122256279,152253.0000000000
15126855395,152265.0000000000
15129151563,152277.0000000000
15131446336,152289.0000000000
15133741122,152301.0000000000
15136035875,152313.0000000000
15138351384,152325.0000000000
15142950404,152337.0000000000
15146400724,152349.0000000000
15150999831,152361.0000000000
15154449380,152373.0000000000
15156744004,152385.0000000000
15159049150,152397.0000000000
15161346629,152409.0000000000
15164796938,152421.0000000000
15167095855,152433.0000000000
15169396875,152445.0000000000
15172846605,152457.0000000000
15175141084,152469.0000000000
15177435548,152481.0000000000
15179730007,152493.0000000000
15183192712,152505.0000000000
15187791797,152517.0000000000
15192390940,152529.0000000000
15194689548,152541.0000000000
15196985243,152553.0000000000
15199287138,152565.0000000000
15202737681,152577.0000000000
15207336806,152589.0000000000
15211935918,152601.0000000000
15216535016,152613.0000000000
15218837072,152625.0000000000
15223436248,152637.0000000000
15225735744,152649.0000000000
15228032682,152661.0000000000
15230328126,152673.0000000000
15232623531,152685.0000000000
15234918982,152697.0000000000
15237214265,152709.0000000000
15239509514,152721.0000000000
15241804694,152733.0000000000
15244099850,152745.0000000000
15246394980,152757.0000000000
15248690108,152769.0000000000
15250985236,152781.0000000000
15257167144,152793.0000000000
15259463810,152805.0000000000
15262914701,152817.0000000000
15267513914,152829.0000000000
15269808931,152841.0000000000
15272103925,152853.0000000000
15274417445,152865.0000000000
15276713829,152877.0000000000
15279015157,152889.0000000000
15283614411,152901.0000000000
15288213670,152913.0000000000
15292812934,152925.0000000000
15295109165,152937.0000000000
15297404022,152949.0000000000
15299698871,152961.0000000000
15301993707,152973.0000000000
15304309299,152985.0000000000
15308908466,152997.0000000000
15312358899,153009.0000000000
15316958153,153021.0000000000
15320407817,153033.0000000000
15322702504,153045.0000000000
15325007734,153057.0000000000
15327305296,153069.0000000000
15330755698,153081.0000000000
15333054698,153093.0000000000
15335355802,153105.0000000000
15338805627,153117.0000000000
15341100188,153129.0000000000
15343394736,153141.0000000000
15345689258,153153.0000000000
15349152095,153165.0000000000
15353751307,153177.0000000000
15358350616,153189.0000000000
15360649287,153201.0000000000
15362945065,153213.0000000000
15365247044,153225.0000000000
15368697682,153237.0000000000
15373296973,153249.0000000000
15377896231,153261.0000000000
15382495476,153273.0000000000
15384797593,153285.0000000000
15389396936,153297.0000000000
15391696495,153309.0000000000
15393993516,153321.0000000000
15396289044,153333.0000000000
15398584513,153345.0000000000
15400880046,153357.0000000000
15403175412,153369.0000000000
15405470726,153381.0000000000
15407765969,153393.0000000000
15410061205,153405.0000000000
15412356422,153417.0000000000
15414651610,153429.0000000000
15416946822,153441.0000000000
15423128922,153453.0000000000
15425425673,153465.0000000000
15428876678,153477.0000000000
15433476039,153489.0000000000
15435771119,153501.0000000000
15438066194,153513.0000000000
15440379798,153525.0000000000
15442676246,153537.0000000000
15444977657,153549.0000000000
15449577058,153561.0000000000
15454176479,153573.0000000000
15458775872,153585.0000000000
15461072185,153597.0000000000
15463367127,153609.0000000000
15465662039,153621.0000000000
15467956959,153633.0000000000
15470272633,153645.0000000000
15474871947,153657.0000000000
15478322495,153669.0000000000
15482921896,153681.0000000000
15486371675,153693.0000000000
15488666426,153705.0000000000
15490971739,153717.0000000000
15493269384,153729.0000000000
15496719880,153741.0000000000
15499018965,153753.0000000000
15501320151,153765.0000000000
15504770071,153777.0000000000
15507064715,153789.0000000000
15509359347,153801.0000000000
15511653932,153813.0000000000
15515116883,153825.0000000000
15519716242,153837.0000000000
15524315717,153849.0000000000
15526610182,153861.0000000000
15528904661,153873.0000000000
15531199141,153885.0000000000
15533515878,153897.0000000000
15538115314,153909.0000000000
15542714721,153921.0000000000
15547314131,153933.0000000000
15549616312,153945.0000000000
15554215818,153957.0000000000
15556515443,153969.0000000000
15558812528,153981.0000000000
15561108135,153993.0000000000
15563403689,154005.0000000000
15565699286,154017.0000000000
15567994736,154029.0000000000
15570290132,154041.0000000000
15572585441,154053.0000000000
15574880759,154065.0000000000
15577176057,154077.0000000000
15579471312,154089.0000000000
15581766587,154101.0000000000
15587948902,154113.0000000000
15590245735,154125.0000000000
15593696835,154137.0000000000
15598296362,154149.0000000000
15600591506,154161.0000000000
15602886664,154173.0000000000
15605200349,154185.0000000000
15607496863,154197.0000000000
15609798338,154209.0000000000
15614397904,154221.0000000000
15618997471,154233.0000000000
15623597011,154245.0000000000
15625893405,154257.0000000000
15628188429,154269.0000000000
15630483406,154281.0000000000
15632778390,154293.0000000000
15635094145,154305.0000000000
15639693608,154317.0000000000
15643144289,154329.0000000000
15647743819,154341.0000000000
15651193731,154353.0000000000
15653488548,154365.0000000000
15655793924,154377.0000000000
15658091651,154389.0000000000
15661542263,154401.0000000000
15663841431,154413.0000000000
15666142698,154425.0000000000
15669592717,154437.0000000000
15671887443,154449.0000000000
15674182158,154461.0000000000
15676476807,154473.0000000000
15679939873,154485.0000000000
15684539381,154497.0000000000
15689139020,154509.0000000000
15691433550,154521.0000000000
15693728092,154533.0000000000
15696022657,154545.0000000000
15698339476,154557.0000000000
15702939058,154569.0000000000
15707538613,154581.0000000000
15712138188,154593.0000000000
15714440434,154605.0000000000
15719040085,154617.0000000000
15721339794,154629.0000000000
15723636944,154641.0000000000
15725932635,154653.0000000000
15728228270,154665.0000000000
15730523931,154677.0000000000
15732819446,154689.0000000000
15735114923,154701.0000000000
15737410316,154713.0000000000
15739705699,154725.0000000000
15742001080,154737.0000000000
15744296417,154749.0000000000
15746591759,154761.0000000000
15752774267,154773.0000000000
15755071183,154785.0000000000
15758522400,154797.0000000000
15763122072,154809.0000000000
15765417301,154821.0000000000
15767712523,154833.0000000000
15770026292,154845.0000000000
15772322888,154857.0000000000
15774624429,154869.0000000000
15779224160,154881.0000000000
15783823855,154893.0000000000
15788423560,154905.0000000000
15790720018,154917.0000000000
15793015126,154929.0000000000
15795310185,154941.0000000000
15797605236,154953.0000000000
15799921071,154965.0000000000
15804520683,154977.0000000000
15807971479,154989.0000000000
15812571155,155001.0000000000
15816021182,155013.0000000000
15818316082,155025.0000000000
15820621524,155037.0000000000
15822919332,155049.0000000000
15826370059,155061.0000000000
15828669291,155073.0000000000
15830970643,155085.0000000000
15834420776,155097.0000000000
15836715564,155109.0000000000
15839010365,155121.0000000000
15841305096,155133.0000000000
15844768257,155145.0000000000
15849367932,155157.0000000000
15853967718,155169.0000000000
15856262330,155181.0000000000
15858556938,155193.0000000000
15860851584,155205.0000000000
15863168485,155217.0000000000
15867768196,155229.0000000000
15870062675,155241.0000000000
15873515150,155253.0000000000
15878114869,155265.0000000000
15880417201,155277.0000000000
15885016999,155289.0000000000
15887316792,155301.0000000000
15889614007,155313.0000000000
15891909780,155325.0000000000
15894205497,155337.0000000000
15896501222,155349.0000000000
15898796800,155361.0000000000
15901092360,155373.0000000000
15903387837,155385.0000000000
15905683283,155397.0000000000
15907978750,155409.0000000000
15910274167,155421.0000000000
15912569576,155433.0000000000
15918752277,155445.0000000000
15921049276,155457.0000000000
15924500610,155469.0000000000
15929100428,155481.0000000000
15931395741,155493.0000000000
15933691026,155505.0000000000
15936004880,155517.0000000000
15938301559,155529.0000000000
15940603166,155541.0000000000
15945203061,155553.0000000000
15949802883,155565.0000000000
15954402756,155577.0000000000
15956699277,155589.0000000000
15958994470,155601.0000000000
15961289612,155613.0000000000
15963584728,155625.0000000000
15965900645,155637.0000000000
15970500405,155649.0000000000
15973951317,155661.0000000000
15978551141,155673.0000000000
15982001282,155685.0000000000
15984296265,155697.0000000000
15986601772,155709.0000000000
15988899663,155721.0000000000
15992350505,155733.0000000000
15994649804,155745.0000000000
15996951236,155757.0000000000
16000401484,155769.0000000000
16002696336,155781.0000000000
16004991222,155793.0000000000
16007286035,155805.0000000000
16010749293,155817.0000000000
16015349135,155829.0000000000
16019949068,155841.0000000000
16022243764,155853.0000000000
16024538437,155865.0000000000
16026833146,155877.0000000000
16029150150,155889.0000000000
16033749989,155901.0000000000
16036044551,155913.0000000000
16039497143,155925.0000000000
16044097008,155937.0000000000
16046399424,155949.0000000000
16050999370,155961.0000000000
16053299244,155973.0000000000
16055596527,155985.0000000000
16057892381,155997.0000000000
16060188182,156009.0000000000
16062483972,156021.0000000000
16064779613,156033.0000000000
16067075256,156045.0000000000
16069370818,156057.0000000000
16071666326,156069.0000000000
16073961880,156081.0000000000
16076257376,156093.0000000000
16078552851,156105.0000000000
16084735747,156117.0000000000
16087032832,156129.0000000000
16090484280,156141.0000000000
16095084243,156153.0000000000
16097379640,156165.0000000000
16099674990,156177.0000000000
16101988928,156189.0000000000
16104285690,156201.0000000000
16106587363,156213.0000000000
16111187423,156225.0000000000
16115787374,156237.0000000000
16120387415,156249.0000000000
16122683998,156261.0000000000
16124979278,156273.0000000000
16127274501,156285.0000000000
16129569684,156297.0000000000
16131885683,156309.0000000000
16136485591,156321.0000000000
16139936619,156333.0000000000
16144536591,156345.0000000000
16147986847,156357.0000000000
16150281913,156369.0000000000
16152587486,156381.0000000000
16154885460,156393.0000000000
16158336417,156405.0000000000
16160635781,156417.0000000000
16162937296,156429.0000000000
16166387660,156441.0000000000
16168682575,156453.0000000000
16170977546,156465.0000000000
16173272442,156477.0000000000
16176735795,156489.0000000000
16181335805,156501.0000000000
16185935886,156513.0000000000
16188230664,156525.0000000000
16190525403,156537.0000000000
16192820176,156549.0000000000
16195137261,156561.0000000000
16199737250,156573.0000000000
16202031897,156585.0000000000
16205484605,156597.0000000000
16210084616,156609.0000000000
16212387116,156621.0000000000
16215839961,156633.0000000000
16218139917,156645.0000000000
16220437284,156657.0000000000
16222733203,156669.0000000000
16225029088,156681.0000000000
16227324961,156693.0000000000
16229620667,156705.0000000000
16231916392,156717.0000000000
16234212038,156729.0000000000
16236507612,156741.0000000000
16238803228,156753.0000000000
16241098808,156765.0000000000
16243394367,156777.0000000000
16249577460,156789.0000000000
16251874628,156801.0000000000
16255326191,156813.0000000000
16259926302,156825.0000000000
16262221781,156837.0000000000
16264517198,156849.0000000000
16266831199,156861.0000000000
16269128042,156873.0000000000
16271429801,156885.0000000000
16276030009,156897.0000000000
16280630107,156909.0000000000
16285230313,156921.0000000000
16287526962,156933.0000000000
16289822306,156945.0000000000
16292117612,156957.0000000000
16294412880,156969.0000000000
16296728943,156981.0000000000
16301329018,156993.0000000000
16304780141,157005.0000000000
16309380282,157017.0000000000
16312830634,157029.0000000000
16315125783,157041.0000000000
16317431442,157053.0000000000
16319729478,157065.0000000000
16323180571,157077.0000000000
16325480001,157089.0000000000
16327781579,157101.0000000000
16331232078,157113.0000000000
16333527060,157125.0000000000
16335822094,157137.0000000000
16338117072,157149.0000000000
16341580544,157161.0000000000
16346180716,157173.0000000000
16350780926,157185.0000000000
16353075787,157197.0000000000
16355370612,157209.0000000000
16357665447,157221.0000000000
16359982619,157233.0000000000
16364582756,157245.0000000000
16366877486,157257.0000000000
16370330308,157269.0000000000
16374930468,157281.0000000000
16377233052,157293.0000000000
16380685992,157305.0000000000
16382986035,157317.0000000000
16385283484,157329.0000000000
16387579469,157341.0000000000
16389875437,157353.0000000000
16392171392,157365.0000000000
16394467165,157377.0000000000
16396762953,157389.0000000000
16399058680,157401.0000000000
16401354341,157413.0000000000
16403650023,157425.0000000000
16405945685,157437.0000000000
16408241328,157449.0000000000
16414424618,157461.0000000000
16416721849,157473.0000000000
16420173547,157485.0000000000
16424773789,157497.0000000000
16427069350,157509.0000000000
16429364853,157521.0000000000
16431678917,157533.0000000000
16433975844,157545.0000000000
16436277686,157557.0000000000
16440878042,157569.0000000000
16445478290,157581.0000000000
16450078642,157593.0000000000
16452375375,157605.0000000000
16454670784,157617.0000000000
16456966173,157629.0000000000
16459261524,157641.0000000000
16461577654,157653.0000000000
16466177895,157665.0000000000
16469629117,157677.0000000000
16474229423,157689.0000000000
16477679871,157701.0000000000
16479975106,157713.0000000000
16482280848,157725.0000000000
16484578951,157737.0000000000
16488030159,157749.0000000000
16490329671,157761.0000000000
16492631316,157773.0000000000
16496081928,157785.0000000000
16498376995,157797.0000000000
16500672092,157809.0000000000
16502967156,157821.0000000000
16506430743,157833.0000000000
16511031065,157845.0000000000
16515631425,157857.0000000000
16517926368,157869.0000000000
16520221276,157881.0000000000
16522516178,157893.0000000000
16524833413,157905.0000000000
16529433718,157917.0000000000
16531728510,157929.0000000000
16535181468,157941.0000000000
16539781758,157953.0000000000
16542084425,157965.0000000000
16545537484,157977.0000000000
16547837590,157989.0000000000
16550135123,158001.0000000000
16552429606,158013.0000000000
16554724064,158025.0000000000
16557018549,158037.0000000000
16559313027,158049.0000000000
16561607493,158061.0000000000
16563901973,158073.0000000000
16566196454,158085.0000000000
16568490919,158097.0000000000
16570785380,158109.0000000000
16573079862,158121.0000000000
16575374345,158133.0000000000
16580424466,158145.0000000000
16582721760,158157.0000000000
16586173593,158169.0000000000
16590773966,158181.0000000000
16593069609,158193.0000000000
16595365198,158205.0000000000
16597679325,158217.0000000000
16599976337,158229.0000000000
16602278263,158241.0000000000
16606878768,158253.0000000000
16611479164,158265.0000000000
16616079662,158277.0000000000
16618376479,158289.0000000000
16620671953,158301.0000000000
16622967427,158313.0000000000
16625262861,158325.0000000000
16627579056,158337.0000000000
16632179463,158349.0000000000
16635630784,158361.0000000000
16640231257,158373.0000000000
16643681803,158385.0000000000
16645977124,158397.0000000000
16648282949,158409.0000000000
16650581119,158421.0000000000
16654032442,158433.0000000000
16656332037,158445.0000000000
16658633748,158457.0000000000
16662084475,158469.0000000000
16664379625,158481.0000000000
16666674786,158493.0000000000
16668969935,158505.0000000000
16672433640,158517.0000000000
16677034110,158529.0000000000
16681634619,158541.0000000000
16683929646,158553.0000000000
16686224637,158565.0000000000
16688519605,158577.0000000000
16690836904,158589.0000000000
16695437377,158601.0000000000
16697732233,158613.0000000000
16701185326,158625.0000000000
16705785747,158637.0000000000
16708088496,158649.0000000000
16711541674,158661.0000000000
16713841843,158673.0000000000
16716139459,158685.0000000000
16718434027,158697.0000000000
16720728548,158709.0000000000
16723023120,158720.0000000000
16725317680,158731.0000000000
16727612214,158742.0000000000
16729906776,158753.0000000000
16732201340,158764.0000000000
16734495872,158775.0000000000
16736790396,158786.0000000000
16739084962,158797.0000000000
16741379529,158808.0000000000
16746429816,158819.0000000000
16748727173,158830.0000000000
16752179144,158841.0000000000
16756779647,158852.0000000000
16759075373,158863.0000000000
16761371048,158874.0000000000
16763685238,158885.0000000000
16765982335,158896.0000000000
16768284345,158907.0000000000
16772884999,158918.0000000000
16777485544,158929.0000000000
16782086190,158940.0000000000
16784383092,158951.0000000000
16786678631,158962.0000000000
16788974190,158973.0000000000
16791269707,158984.0000000000
16793585967,158995.0000000000
16798186541,159006.0000000000
16801637961,159017.0000000000
16806238598,159028.0000000000
16809689242,159039.0000000000
16811984648,159050.0000000000
16814290557,159061.0000000000
16816588793,159072.0000000000
16820040232,159083.0000000000
16822339910,159094.0000000000
16824641688,159105.0000000000
16828092529,159116.0000000000
16830387765,159127.0000000000
16832682989,159138.0000000000
16834978223,159149.0000000000
16838442043,159160.0000000000
16843042663,159171.0000000000
16847643320,159182.0000000000
16849938430,159193.0000000000
16852233505,159204.0000000000
16854528538,159215.0000000000
16856845903,159226.0000000000
16861446545,159237.0000000000
16863741465,159248.0000000000
16867194693,159259.0000000000
16871795244,159270.0000000000
16874098075,159281.0000000000
16877551374,159292.0000000000
16879851606,159303.0000000000
16882149305,159314.0000000000
16884443959,159325.0000000000
16886738543,159336.0000000000
16889033028,159347.0000000000
16891327507,159358.0000000000
16893621973,159369.0000000000
16895916453,159380.0000000000
16898210934,159391.0000000000
16900505399,159402.0000000000
16902799859,159413.0000000000
16905094340,159424.0000000000
16907388823,159435.0000000000
16911293443,159446.0000000000
16913590866,159457.0000000000
16917042954,159468.0000000000
16921643607,159479.0000000000
16923939416,159490.0000000000
16926235174,159501.0000000000
16928549430,159512.0000000000
16930846591,159523.0000000000
16933148684,159534.0000000000
16937749488,159545.0000000000
16942350202,159556.0000000000
16946950997,159567.0000000000
16949247982,159578.0000000000
16951543587,159589.0000000000
16953839211,159600.0000000000
16956134810,159611.0000000000
16958451157,159622.0000000000
16963051878,159633.0000000000
16966503417,159644.0000000000
16971104199,159655.0000000000
16974554963,159666.0000000000
16976850432,159677.0000000000
16979156424,159688.0000000000
16981454746,159699.0000000000
16984906302,159710.0000000000
16987206063,159721.0000000000
16989507907,159732.0000000000
16992958865,159743.0000000000
16995254184,159754.0000000000
16997549474,159765.0000000000
16999844773,159776.0000000000
17003308729,159787.0000000000
17007909498,159798.0000000000
17012510305,159809.0000000000
17014805480,159820.0000000000
17017100638,159831.0000000000
17019395757,159842.0000000000
17021713185,159853.0000000000
17026313996,159864.0000000000
17028608984,159875.0000000000
17032062325,159886.0000000000
17036663029,159897.0000000000
17038965943,159908.0000000000
17042419359,159919.0000000000
17044719656,159930.0000000000
17047017440,159941.0000000000
17049312178,159952.0000000000
17051606828,159963.0000000000
17053901396,159974.0000000000
17056195958,159985.0000000000
17058490490,159996.0000000000
17060785036,160007.0000000000
17063079599,160018.0000000000
17065374151,160029.0000000000
17067668677,160040.0000000000
17069963242,160051.0000000000
17072257807,160062.0000000000
17076162542,160073.0000000000
17078460050,160084.0000000000
17081912255,160095.0000000000
17086513058,160106.0000000000
17088808929,160117.0000000000
17091104771,160128.0000000000
17093419112,160139.0000000000
17095716337,160150.0000000000
17098018515,160161.0000000000
17102619470,160172.0000000000
17107220351,160183.0000000000
17111821275,160194.0000000000
17114118343,160205.0000000000
17116414033,160216.0000000000
17118709722,160227.0000000000
17121005405,160238.0000000000
17123321836,160249.0000000000
17127922708,160260.0000000000
17131374363,160271.0000000000
17135975296,160282.0000000000
17139426176,160293.0000000000
17141721710,160304.0000000000
17144027788,160315.0000000000
17146326193,160326.0000000000
17149777847,160337.0000000000
17152077690,160348.0000000000
17154379620,160359.0000000000
17157830676,160370.0000000000
17160126078,160381.0000000000
17162421454,160392.0000000000
17164716816,160403.0000000000
17168180907,160414.0000000000
17172781808,160425.0000000000
17177382784,160436.0000000000
17179678023,160447.0000000000
17181973267,160458.0000000000
17184268470,160469.0000000000
17186585965,160480.0000000000
17191186943,160491.0000000000
17193481997,160502.0000000000
17196935456,160513.0000000000
17201536310,160524.0000000000
17203839287,160535.0000000000
17207292840,160546.0000000000
17209593203,160557.0000000000
17211891071,160568.0000000000
17214185892,160579.0000000000
17216480610,160590.0000000000
17218775242,160601.0000000000
17221069888,160612.0000000000
17223364504,160623.0000000000
17225659118,160634.0000000000
17227953763,160645.0000000000
17230248400,160656.0000000000
17232542992,160667.0000000000
17234837621,160678.0000000000
17237132270,160689.0000000000
17241037142,160700.0000000000
17243334732,160711.0000000000
17245629197,160722.0000000000
17247934286,160733.0000000000
17252535240,160744.0000000000
17254831175,160755.0000000000
17257127101,160766.0000000000
17259441527,160777.0000000000
17261738817,160788.0000000000
17264041080,160799.0000000000
17268642186,160810.0000000000
17273243234,160821.0000000000
17277844289,160832.0000000000
17280141440,160843.0000000000
17282437216,160854.0000000000
17284732969,160865.0000000000
17287028737,160876.0000000000
17289345252,160887.0000000000
17293946274,160898.0000000000
17297398045,160909.0000000000
17301999129,160920.0000000000
17305450124,160931.0000000000
17307745723,160942.0000000000
17310051887,160953.0000000000
17312350376,160964.0000000000
17315802127,160975.0000000000
17318102054,160986.0000000000
17320404069,160997.0000000000
17323855223,161008.0000000000
17326150709,161019.0000000000
17328446171,161030.0000000000
17330741596,161041.0000000000
17334205823,161052.0000000000
17338806856,161063.0000000000
17343408000,161074.0000000000
17345703303,161085.0000000000
17347998632,161096.0000000000
17350293918,161107.0000000000
17352611481,161118.0000000000
17357212626,161129.0000000000
17359507746,161140.0000000000
17362961322,161151.0000000000
17367562327,161162.0000000000
17369865368,161173.0000000000
17373319058,161184.0000000000
17375619487,161195.0000000000
17377917439,161206.0000000000
17380212343,161217.0000000000
17382507129,161228.0000000000
17384801825,161239.0000000000
17387096556,161250.0000000000
17389391257,161261.0000000000
17391685937,161272.0000000000
17393980667,161283.0000000000
17396275388,161294.0000000000
17398570046,161305.0000000000
17400864738,161316.0000000000
17403159472,161327.0000000000
17407064477,161338.0000000000
17409362153,161349.0000000000
17411656686,161360.0000000000
17413961857,161371.0000000000
17418562962,161382.0000000000
17420858962,161393.0000000000
17423154972,161404.0000000000
17425469484,161415.0000000000
17427766839,161426.0000000000
17430069186,161437.0000000000
17434670444,161448.0000000000
17439271659,161459.0000000000
17443872845,161470.0000000000
17446170081,161481.0000000000
17448465943,161492.0000000000
17450761761,161503.0000000000
17453057614,161514.0000000000
17455374214,161525.0000000000
17459975386,161536.0000000000
17463427273,161547.0000000000
17468028508,161558.0000000000
17471479620,161569.0000000000
17473775283,161580.0000000000
17476081531,161591.0000000000
17478380106,161602.0000000000
17481831956,161613.0000000000
17484131966,161624.0000000000
17486434067,161635.0000000000
17489885338,161646.0000000000
17492180908,161657.0000000000
17494476437,161668.0000000000
17496771926,161679.0000000000
17500236288,161690.0000000000
17504837453,161701.0000000000
17509438766,161712.0000000000
17511734134,161723.0000000000
17514029549,161734.0000000000
17516324919,161745.0000000000
17518642549,161756.0000000000
17523243861,161767.0000000000
17525539048,161778.0000000000
17528992739,161789.0000000000
17533593896,161800.0000000000
17535897020,161811.0000000000
17539350828,161822.0000000000
17541651323,161833.0000000000
17543949359,161844.0000000000
17546244346,161855.0000000000
17548539200,161866.0000000000
17550833960,161877.0000000000
17553128776,161888.0000000000
17555423561,161899.0000000000
17557718306,161910.0000000000
17560013121,161921.0000000000
17562307927,161932.0000000000
17564602651,161943.0000000000
17566897428,161954.0000000000
17569192245,161965.0000000000
17573097365,161976.0000000000
17575395127,161987.0000000000
17577689725,161998.0000000000
17579994981,162009.0000000000
17584596237,162020.0000000000
17586892322,162031.0000000000
17589188416,162042.0000000000
17591502995,162053.0000000000
17593800414,162064.0000000000
17596102846,162075.0000000000
17600704254,162086.0000000000
17605305639,162097.0000000000
17609906975,162108.0000000000
17612201456,162119.0000000000
17614495922,162130.0000000000
17616790384,162141.0000000000
17619084867,162152.0000000000
17621379350,162163.0000000000
17624862801,162174.0000000000
17628314825,162185.0000000000
17632916211,162196.0000000000
17636367439,162207.0000000000
17638663170,162218.0000000000
17640969502,162229.0000000000
17643268160,162240.0000000000
17646720108,162251.0000000000
17649020204,162262.0000000000
17651322389,162273.0000000000
17654773758,162284.0000000000
17657069412,162295.0000000000
17659365027,162306.0000000000
17661660582,162317.0000000000
17665125060,162328.0000000000
17669726375,162339.0000000000
17674327858,162350.0000000000
17676623293,162361.0000000000
17678918792,162372.0000000000
17681214246,162383.0000000000
17683531943,162394.0000000000
17688133404,162405.0000000000
17690428676,162416.0000000000
17693882465,162427.0000000000
17698483793,162438.0000000000
17700786982,162449.0000000000
17704240925,162460.0000000000
17706541486,162471.0000000000
17708839587,162482.0000000000
17711134658,162493.0000000000
17713429599,162504.0000000000
17715724423,162515.0000000000
17718019325,162526.0000000000
17720314194,162537.0000000000
17722609006,162548.0000000000
17724903905,162559.0000000000
17727198796,162570.0000000000
17729493586,162581.0000000000
17731788427,162592.0000000000
17734083328,162603.0000000000
17737988585,162614.0000000000
17740286430,162625.0000000000
17742581096,162636.0000000000
17744886416,162647.0000000000
17749487842,162658.0000000000
17751783993,162669.0000000000
17754080170,162680.0000000000
17756394836,162691.0000000000
17758692319,162702.0000000000
17760994838,162713.0000000000
17765596397,162724.0000000000
17770197950,162735.0000000000
17774799419,162746.0000000000
17777093982,162757.0000000000
17779388536,162768.0000000000
17781683063,162779.0000000000
17783977632,162790.0000000000
17786272200,162801.0000000000
17789755748,162812.0000000000
17793207910,162823.0000000000
17797809428,162834.0000000000
17801260792,162845.0000000000
17803556591,162856.0000000000
17805862986,162867.0000000000
17808161728,162878.0000000000
17811613796,162889.0000000000
17813913976,162900.0000000000
17816216245,162911.0000000000
17819667715,162922.0000000000
17821963453,162933.0000000000
17824259153,162944.0000000000
17826554775,162955.0000000000
17830019371,162966.0000000000
17834620836,162977.0000000000
17839222487,162988.0000000000
17841517988,162999.0000000000
17843813552,163010.0000000000
17846109090,163021.0000000000
17848426874,163032.0000000000
17853028485,163043.0000000000
17855323839,163054.0000000000
17858777728,163065.0000000000
17863379226,163076.0000000000
17865682482,163087.0000000000
17869136540,163098.0000000000
17871437188,163109.0000000000
17873735353,163120.0000000000
17876030511,163131.0000000000
17878325535,163142.0000000000
17880620427,163153.0000000000
17882915412,163164.0000000000
17885210364,163175.0000000000
17887505244,163186.0000000000
17889800208,163197.0000000000
17892095183,163208.0000000000
17894390060,163219.0000000000
17896684965,163230.0000000000
17898979953,163241.0000000000
17902885325,163252.0000000000
17905183271,163263.0000000000
17907478007,163274.0000000000
17909783390,163285.0000000000
17914384986,163296.0000000000
17916681205,163307.0000000000
17918977465,163318.0000000000
17921292216,163329.0000000000
17923589765,163340.0000000000
17925892350,163351.0000000000
17930494080,163362.0000000000
17935095783,163373.0000000000
17939697402,163384.0000000000
17941992052,163395.0000000000
17944286688,163406.0000000000
17946581282,163417.0000000000
17948875916,163428.0000000000
17951170569,163439.0000000000
17954654237,163450.0000000000
17958106515,163461.0000000000
17962708184,163472.0000000000
17966159666,163483.0000000000
17968454151,163494.0000000000
17970748614,163505.0000000000
17973043098,163516.0000000000
17975337580,163527.0000000000
17977660258,163538.0000000000
17979960522,163549.0000000000
17982262875,163560.0000000000
17985714445,163571.0000000000
17988010269,163582.0000000000
17990306053,163593.0000000000
17992601743,163604.0000000000
17996066457,163615.0000000000
18000668073,163626.0000000000
18005269893,163637.0000000000
18007565462,163648.0000000000
18009861091,163659.0000000000
18012156713,163670.0000000000
18014474583,163681.0000000000
18019076342,163692.0000000000
18021371782,163703.0000000000
18024825771,163714.0000000000
18029427439,163725.0000000000
18031730760,163736.0000000000
18035184955,163747.0000000000
18037485671,163758.0000000000
18039783901,163769.0000000000
18042079143,163780.0000000000
18044374253,163791.0000000000
18046669212,163802.0000000000
18048964281,163813.0000000000
18051259317,163824.0000000000
18053554263,163835.0000000000
18055849294,163846.0000000000
18058144352,163857.0000000000
18060439315,163868.0000000000
18062734285,163879.0000000000
18065029360,163890.0000000000
18068934867,163901.0000000000
18071232899,163912.0000000000
18073527701,163923.0000000000
18075833149,163934.0000000000
18080434916,163945.0000000000
18082731200,163956.0000000000
18085027547,163967.0000000000
18087342382,163978.0000000000
18089639999,163989.0000000000
18091942667,164000.0000000000
18096544549,164011.0000000000
18101146401,164022.0000000000
18105748172,164033.0000000000
18108042909,164044.0000000000
18110337628,164055.0000000000
18112632291,164066.0000000000
18114927009,164077.0000000000
18117221745,164088.0000000000
18120705512,164099.0000000000
18124157908,164110.0000000000
18128759729,164121.0000000000
18132211347,164132.0000000000
18134505901,164143.0000000000
18136800428,164154.0000000000
18139094997,164165.0000000000
18141389566,164176.0000000000
18143712308,164187.0000000000
18146012660,164198.0000000000
18148315096,164209.0000000000
18151766764,164220.0000000000
18154062675,164231.0000000000
18156358544,164242.0000000000
18158654300,164253.0000000000
18162119130,164264.0000000000
18166720898,164275.0000000000
18171322889,164286.0000000000
18173618528,164297.0000000000
18175914240,164308.0000000000
18178209947,164319.0000000000
18180527884,164330.0000000000
18185129793,164341.0000000000
18187425321,164352.0000000000
18190879409,164363.0000000000
18195481248,164374.0000000000
18197784633,164385.0000000000
18201238966,164396.0000000000
18203539749,164407.0000000000
18205838043,164418.0000000000
18208133370,164429.0000000000
18210428566,164440.0000000000
18212723591,164451.0000000000
18215018747,164462.0000000000
18217313866,164473.0000000000
18219608880,164484.0000000000
18221903976,164495.0000000000
18224199139,164506.0000000000
18226494168,164517.0000000000
18228789202,164528.0000000000
18231084359,164539.0000000000
18234990004,164550.0000000000
18237288121,164561.0000000000
18239582990,164572.0000000000
18241888503,164583.0000000000
18246490441,164594.0000000000
18248786790,164605.0000000000
18251083221,164616.0000000000
18253398144,164627.0000000000
18255695825,164638.0000000000
18257998581,164649.0000000000
18262600615,164660.0000000000
18267202636,164671.0000000000
18271804540,164682.0000000000
18274099360,164693.0000000000
18276394167,164704.0000000000
18278688897,164715.0000000000
18280983700,164726.0000000000
18283278521,164737.0000000000
18286762387,164748.0000000000
18290214919,164759.0000000000
18294816873,164770.0000000000
18298268629,164781.0000000000
18300563252,164792.0000000000
18302857843,164803.0000000000
18305152497,164814.0000000000
18307447151,164825.0000000000
18309769959,164836.0000000000
18312070397,164847.0000000000
18314372918,164858.0000000000
18317824685,164869.0000000000
18320119168,164880.0000000000
18322413652,164891.0000000000
18324708116,164902.0000000000
18327030174,164913.0000000000
18331632094,164924.0000000000
18336234254,164935.0000000000
18338529960,164946.0000000000
18340825739,164957.0000000000
18343121530,164968.0000000000
18345439554,164979.0000000000
18350041614,164990.0000000000
18352337226,165001.0000000000
18355791414,165012.0000000000
18360393423,165023.0000000000
18362696873,165034.0000000000
18366151325,165045.0000000000
18368452194,165056.0000000000
18370750554,165067.0000000000
18373045967,165078.0000000000
18375341248,165089.0000000000
18377636341,165100.0000000000
18379931581,165111.0000000000
18382226785,165122.0000000000
18384521866,165133.0000000000
18386817028,165144.0000000000
18389112276,165155.0000000000
18391407390,165166.0000000000
18393702491,165177.0000000000
18395997733,165188.0000000000
18399903494,165199.0000000000
18402201715,165210.0000000000
18404496651,165221.0000000000
18406802229,165232.0000000000
18411404338,165243.0000000000
18413700751,165254.0000000000
18415997269,165265.0000000000
18418312278,165276.0000000000
18420610025,165287.0000000000
18422912847,165298.0000000000
18427515052,165309.0000000000
18432117223,165320.0000000000
18436719280,165331.0000000000
18439014187,165342.0000000000
18441309078,165353.0000000000
18443603876,165364.0000000000
18445898744,165375.0000000000
18448193669,165386.0000000000
18451677636,165397.0000000000
18455130285,165408.0000000000
18459732391,165419.0000000000
18463184265,165430.0000000000
18465478975,165441.0000000000
18467773632,165452.0000000000
18470068372,165463.0000000000
18472363112,165474.0000000000
18474685987,165485.0000000000
18476986510,165496.0000000000
18479289116,165507.0000000000
18482740981,165518.0000000000
18485035553,165529.0000000000
18487330121,165540.0000000000
18489624653,165551.0000000000
18491946795,165562.0000000000
18496548867,165573.0000000000
18501151178,165584.0000000000
18503446971,165595.0000000000
18505742815,165606.0000000000
18508038694,165617.0000000000
18510356802,165628.0000000000
18514959014,165639.0000000000
18517254710,165650.0000000000
18520708999,165661.0000000000
18525311179,165672.0000000000
18527614697,165683.0000000000
18531069268,165694.0000000000
18533370220,165705.0000000000
18535668649,165716.0000000000
18537964146,165727.0000000000
18540259512,165738.0000000000
18542554672,165749.0000000000
18544849978,165760.0000000000
18547145266,165771.0000000000
18549440433,165782.0000000000
18551735661,165793.0000000000
18554030997,165804.0000000000
18556326195,165815.0000000000
18558621361,165826.0000000000
18560916670,165837.0000000000
18564822566,165848.0000000000
18567120870,165859.0000000000
18569415893,165870.0000000000
18571721537,165881.0000000000
18576323817,165892.0000000000
18578620297,165903.0000000000
18580916882,165914.0000000000
18583231995,165925.0000000000
18585529808,165936.0000000000
18587832697,165947.0000000000
18592435073,165958.0000000000
18597037396,165969.0000000000
18601639602,165980.0000000000
18603934594,165991.0000000000
18606229569,166002.0000000000
18608524435,166013.0000000000
18610819368,166024.0000000000
18613114378,166035.0000000000
18616598467,166046.0000000000
18620051234,166057.0000000000
18624653493,166068.0000000000
18628105484,166079.0000000000
18630400280,166090.0000000000
18632695003,166101.0000000000
18634989829,166112.0000000000
18637284654,166123.0000000000
18639607597,166134.0000000000
18641908185,166145.0000000000
18644210896,166156.0000000000
18647662862,166167.0000000000
18649957519,166178.0000000000
18652252172,166189.0000000000
18654546772,166200.0000000000
18656868980,166211.0000000000
18661471223,166222.0000000000
18666073686,166233.0000000000
18668369565,166244.0000000000
18670665477,166255.0000000000
18672959959,166266.0000000000
18675254442,166277.0000000000
18677548908,166288.0000000000
18681029231,166299.0000000000
18683325012,166310.0000000000
18686779400,166321.0000000000
18691381752,166332.0000000000
18693685339,166343.0000000000
18697140026,166354.0000000000
18699441065,166365.0000000000
18701739560,166376.0000000000
18704035145,166387.0000000000
18706330595,166398.0000000000
18708625823,166409.0000000000
18710921195,166420.0000000000
18713216587,166431.0000000000
18715511821,166442.0000000000
18717807116,166453.0000000000
18720102536,166464.0000000000
18722397821,166475.0000000000
18724693056,166486.0000000000
18726988448,166497.0000000000
18730894461,166508.0000000000
18733192851,166519.0000000000
18735487960,166530.0000000000
18737793670,166541.0000000000
18742396121,166552.0000000000
18744692670,166563.0000000000
18746989339,166574.0000000000
18749304537,166585.0000000000
18751602418,166596.0000000000
18753905373,166607.0000000000
18758507921,166618.0000000000
18763110393,166629.0000000000
18767712751,166640.0000000000
18770007831,166651.0000000000
18772302890,166662.0000000000
18774597824,166673.0000000000
18776892823,166684.0000000000
18779187917,166695.0000000000
18782672126,166706.0000000000
18786125009,166717.0000000000
18790727421,166728.0000000000
18794179531,166739.0000000000
18796474415,166750.0000000000
18798769203,166761.0000000000
18801064117,166772.0000000000
18803359027,166783.0000000000
18805682037,166794.0000000000
18807982710,166805.0000000000
18810285505,166816.0000000000
18813737571,166827.0000000000
18816032316,166838.0000000000
18818327053,166849.0000000000
18820621721,166860.0000000000
18822944015,166871.0000000000
18827546411,166882.0000000000
18832149023,166893.0000000000
18834444989,166904.0000000000
18836740967,166915.0000000000
18839035537,166926.0000000000
18841330104,166937.0000000000
18843624639,166948.0000000000
18847105079,166959.0000000000
18849400946,166970.0000000000
18852855433,166981.0000000000
18857457957,166992.0000000000
18859761612,167003.0000000000
18863216437,167014.0000000000
18865517542,167025.0000000000
18867816105,167036.0000000000
18870111774,167047.0000000000
18872407311,167058.0000000000
18874702605,167069.0000000000
18876998063,167080.0000000000
18879293541,167091.0000000000
18881588842,167102.0000000000
18883884204,167113.0000000000
18886179708,167124.0000000000
18888475080,167135.0000000000
18890770381,167146.0000000000
18893065859,167157.0000000000
18896972008,167168.0000000000
18899270484,167179.0000000000
18901565661,167190.0000000000
18903871437,167201.0000000000
18908474059,167212.0000000000
18910770675,167223.0000000000
18913067430,167234.0000000000
18915382714,167245.0000000000
18917680663,167256.0000000000
18919983704,167267.0000000000
18924586406,167278.0000000000
18929189028,167289.0000000000
18933791537,167300.0000000000
18936086704,167311.0000000000
18938381848,167322.0000000000
18940676852,167333.0000000000
18942971934,167344.0000000000
18945267113,167355.0000000000
18948751421,167366.0000000000
18952204442,167377.0000000000
18956806988,167388.0000000000
18960259235,167399.0000000000
18962554187,167410.0000000000
18964849041,167421.0000000000
18967144040,167432.0000000000
18969439038,167443.0000000000
18971762112,167454.0000000000
18974062874,167465.0000000000
18976365752,167476.0000000000
18979817918,167487.0000000000
18982112749,167498.0000000000
18984407572,167509.0000000000
18986702307,167520.0000000000
18989024687,167531.0000000000
18993627236,167542.0000000000
18998230019,167553.0000000000
19000526054,167564.0000000000
19002822097,167575.0000000000
19005116753,167586.0000000000
19007411407,167597.0000000000
19009706008,167608.0000000000
19013186568,167619.0000000000
19015482521,167630.0000000000
19018937127,167641.0000000000
19022392573,167652.0000000000
19024696295,167663.0000000000
19028151237,167674.0000000000
19030452430,167685.0000000000
19032751058,167696.0000000000
19035046815,167707.0000000000
19037342437,167718.0000000000
19039637800,167729.0000000000
19041933323,167740.0000000000
19044228907,167751.0000000000
19046524274,167762.0000000000
19048819704,167773.0000000000
19051115292,167784.0000000000
19053410752,167795.0000000000
19055706118,167806.0000000000
19058001683,167817.0000000000
19061907949,167828.0000000000
19064206529,167839.0000000000
19066501775,167850.0000000000
19068807616,167861.0000000000
19073410410,167872.0000000000
19075707094,167883.0000000000
19078003935,167894.0000000000
19080319305,167905.0000000000
19082617322,167916.0000000000
19084920429,167927.0000000000
19089523305,167938.0000000000
19094126078,167949.0000000000
19098728740,167960.0000000000
19101023993,167971.0000000000
19103319222,167982.0000000000
19105614294,167993.0000000000
19107909443,168004.0000000000
19110204725,168015.0000000000
19113689137,168026.0000000000
19117142275,168037.0000000000
19121744974,168048.0000000000
19125197339,168059.0000000000
19127492380,168070.0000000000
19129787298,168081.0000000000
19132082386,168092.0000000000
19134377468,168103.0000000000
19136700609,168114.0000000000
19139001456,168125.0000000000
19141304420,168136.0000000000
19144756686,168147.0000000000
19147051604,168158.0000000000
19149346513,168169.0000000000
19151641316,168180.0000000000
19153963780,168191.0000000000
19158566481,168202.0000000000
19163169415,168213.0000000000
19165465539,168224.0000000000
19167761647,168235.0000000000
19170056391,168246.0000000000
19172351130,168257.0000000000
19174645800,168268.0000000000
19178126477,168279.0000000000
19180422518,168290.0000000000
19183877224,168301.0000000000
19187332807,168312.0000000000
19189636598,168323.0000000000
19193091657,168334.0000000000
19195392938,168345.0000000000
19197691633,168356.0000000000
19199987477,168367.0000000000
19202283183,168378.0000000000
19204578615,168389.0000000000
19206874203,168400.0000000000
19209169873,168411.0000000000
19211465326,168422.0000000000
19213760823,168433.0000000000
19216056498,168444.0000000000
19218352044,168455.0000000000
19220647479,168466.0000000000
19222943128,168477.0000000000
19226849511,168488.0000000000
19229148178,168499.0000000000
19231443510,168510.0000000000
19233749418,168521.0000000000
19238352384,168532.0000000000
19240649138,168543.0000000000
19242946063,168554.0000000000
19245261519,168565.0000000000
19247559604,168576.0000000000
19249862777,168587.0000000000
19254465827,168598.0000000000
19259068753,168609.0000000000
19263671567,168620.0000000000
19265966907,168631.0000000000
19268262221,168642.0000000000
19270557361,168653.0000000000
19272852577,168664.0000000000
19275147943,168675.0000000000
19278632476,168686.0000000000
19282085735,168697.0000000000
19286688588,168708.0000000000
19290141069,168719.0000000000
19292436199,168730.0000000000
19294731183,168741.0000000000
19297026358,168752.0000000000
19299321525,168763.0000000000
19301644735,168774.0000000000
19303945666,168785.0000000000
19306248716,168796.0000000000
19309701085,168807.0000000000
19311996086,168818.0000000000
19314291082,168829.0000000000
19316585952,168840.0000000000
19318908481,168851.0000000000
19323511354,168862.0000000000
19328114440,168873.0000000000
19330410652,168884.0000000000
19332706825,168895.0000000000
19335001658,168906.0000000000
19337296482,168917.0000000000
19339591220,168928.0000000000
19343072016,168939.0000000000
19345368142,168950.0000000000
19348822949,168961.0000000000
19352278670,168972.0000000000
19354582529,168983.0000000000
19358037708,168994.0000000000
19360339074,169005.0000000000
19362637837,169016.0000000000
19364933747,169027.0000000000
19367228249,169038.0000000000
19369522717,169049.0000000000
19371817181,169060.0000000000
19374111664,169071.0000000000
19376406151,169082.0000000000
19378700616,169093.0000000000
19380995100,169104.0000000000
19383289583,169115.0000000000
19385584048,169126.0000000000
19387878513,169137.0000000000
19390172996,169148.0000000000
19392943937,169159.0000000000
19395242707,169170.0000000000
19397538109,169181.0000000000
19399844082,169192.0000000000
19404447222,169203.0000000000
19406744042,169214.0000000000
19409041055,169225.0000000000
19411356597,169236.0000000000
19413654749,169247.0000000000
19415958009,169258.0000000000
19420561212,169269.0000000000
19425164289,169280.0000000000
19429767258,169291.0000000000
19432062685,169302.0000000000
19434358086,169313.0000000000
19436653292,169324.0000000000
19438948576,169335.0000000000
19441244047,169346.0000000000
19444728681,169357.0000000000
19448182060,169368.0000000000
19452785066,169379.0000000000
19456237685,169390.0000000000
19458532885,169401.0000000000
19460827934,169412.0000000000
19463123195,169423.0000000000
19465418451,169434.0000000000
19467741725,169445.0000000000
19470042745,169456.0000000000
19472345880,169467.0000000000
19475798350,169478.0000000000
19478093437,169489.0000000000
19480388520,169500.0000000000
19482683458,169511.0000000000
19485006072,169522.0000000000
19489609099,169533.0000000000
19494212357,169544.0000000000
19496508636,169555.0000000000
19498804876,169566.0000000000
19501099795,169577.0000000000
19503394705,169588.0000000000
19505689512,169599.0000000000
19509170426,169610.0000000000
19511466639,169621.0000000000
19514921547,169632.0000000000
19518377407,169643.0000000000
19520681334,169654.0000000000
19524136630,169665.0000000000
19526438084,169676.0000000000
19528736913,169687.0000000000
19531032910,169698.0000000000
19533327497,169709.0000000000
19535622035,169720.0000000000
19537916565,169731.0000000000
19540211151,169742.0000000000
19542505708,169753.0000000000
19544800239,169764.0000000000
19547094808,169775.0000000000
19549389380,169786.0000000000
19551683913,169797.0000000000
19553978463,169808.0000000000
19556273033,169819.0000000000
19559044058,169830.0000000000
19561342913,169841.0000000000
19563638385,169852.0000000000
19565944423,169863.0000000000
19570547737,169874.0000000000
19572844622,169885.0000000000
19575141721,169896.0000000000
19577457352,169907.0000000000
19579755569,169918.0000000000
19582058917,169929.0000000000
19586662274,169940.0000000000
19591265524,169951.0000000000
19595868626,169962.0000000000
19598164139,169973.0000000000
19600459627,169984.0000000000
19602754898,169995.0000000000
19605050270,170006.0000000000
19607345826,170017.0000000000
19610830561,170028.0000000000
19614284079,170039.0000000000
19618887220,170050.0000000000
19622339980,170061.0000000000
19624635247,170072.0000000000
19626930364,170083.0000000000
19629225730,170094.0000000000
19631521053,170105.0000000000
19633844395,170116.0000000000
19636145500,170127.0000000000
19638448722,170138.0000000000
19641901294,170149.0000000000
19644196467,170160.0000000000
19646491637,170171.0000000000
19648786642,170182.0000000000
19651109342,170193.0000000000
19655712523,170204.0000000000
19660315954,170215.0000000000
19662612301,170226.0000000000
19664908607,170237.0000000000
19667203612,170248.0000000000
19669498610,170259.0000000000
19671793484,170270.0000000000
19675274537,170281.0000000000
19677570818,170292.0000000000
19681025845,170303.0000000000
19684481826,170314.0000000000
19686785820,170325.0000000000
19690241254,170336.0000000000
19692542776,170347.0000000000
19694841673,170358.0000000000
19697137755,170369.0000000000
19699432430,170380.0000000000
19701727035,170391.0000000000
19704021653,170402.0000000000
19706316324,170413.0000000000
19708610791,170424.0000000000
19710905256,170435.0000000000
19713199738,170446.0000000000
19715494225,170457.0000000000
19717788689,170468.0000000000
19720083175,170479.0000000000
19722377659,170490.0000000000
19724672125,170501.0000000000
19726966609,170512.0000000000
19729261093,170523.0000000000
19731555560,170534.0000000000
19735506707,170545.0000000000
19737803657,170556.0000000000
19740100842,170567.0000000000
19742416562,170578.0000000000
19744714844,170589.0000000000
19747018281,170600.0000000000
19751621792,170611.0000000000
19756225215,170622.0000000000
19760828452,170633.0000000000
19763124050,170644.0000000000
19765419626,170655.0000000000
19767714964,170666.0000000000
19770010425,170677.0000000000
19772306065,170688.0000000000
19775790900,170699.0000000000
19779244558,170710.0000000000
19783847836,170721.0000000000
19787300735,170732.0000000000
19789596069,170743.0000000000
19791891254,170754.0000000000
19794186706,170765.0000000000
19796482116,170776.0000000000
19798805525,170787.0000000000
19801106717,170798.0000000000
19803410026,170809.0000000000
19806862697,170820.0000000000
19809157956,170831.0000000000
19811453214,170842.0000000000
19813748285,170853.0000000000
19816071072,170864.0000000000
19820674409,170875.0000000000
19825278012,170886.0000000000
19827574427,170897.0000000000
19829870800,170908.0000000000
19832165891,170919.0000000000
19834460977,170930.0000000000
19836755917,170941.0000000000
19840237109,170952.0000000000
19842533459,170963.0000000000
19845988606,170974.0000000000
19849444707,170985.0000000000
19851748767,170996.0000000000
19855204321,171007.0000000000
19857505931,171018.0000000000
19859804894,171029.0000000000
19862101063,171040.0000000000
19864395825,171051.0000000000
19866690499,171062.0000000000
19868985204,171073.0000000000
19871279959,171084.0000000000
19873574494,171095.0000000000
19875869024,171106.0000000000
19878163591,171117.0000000000
19880458166,171128.0000000000
19882752697,171139.0000000000
19885047271,171150.0000000000
19887341841,171161.0000000000
19889636376,171172.0000000000
19891930927,171183.0000000000
19894225517,171194.0000000000
19896520052,171205.0000000000
19900471336,171216.0000000000
19902768352,171227.0000000000
19905065626,171238.0000000000
19907381431,171249.0000000000
19909679782,171260.0000000000
19911983305,171271.0000000000
19916586970,171282.0000000000
19921190547,171293.0000000000
19925793938,171304.0000000000
19928089623,171315.0000000000
19930385286,171326.0000000000
19932680693,171337.0000000000
19934976240,171348.0000000000
19937271966,171359.0000000000
19940756901,171370.0000000000
19944210680,171381.0000000000
19948814113,171392.0000000000
19952267152,171403.0000000000
19954562556,171414.0000000000
19956857806,171425.0000000000
19959153345,171436.0000000000
19961448843,171447.0000000000
19963772318,171458.0000000000
19966073599,171469.0000000000
19968376994,171480.0000000000
19971829767,171491.0000000000
19974125110,171502.0000000000
19976420457,171513.0000000000
19978715596,171524.0000000000
19981038470,171535.0000000000
19985641961,171546.0000000000
19990245736,171557.0000000000
19992542220,171568.0000000000
19994838660,171579.0000000000
19997133836,171590.0000000000
19999429011,171601.0000000000
20001724018,171612.0000000000
20005205331,171623.0000000000
20007501769,171634.0000000000
20010957016,171645.0000000000
20014413257,171656.0000000000
20016717383,171667.0000000000
20020173056,171678.0000000000
20022474755,171689.0000000000
20024773784,171700.0000000000
20027070041,171711.0000000000
20029364890,171722.0000000000
20031659632,171733.0000000000
20033954403,171744.0000000000
20036249263,171755.0000000000
20038543867,171766.0000000000
20040838465,171777.0000000000
20043133118,171788.0000000000
20045427781,171799.0000000000
20047722246,171810.0000000000
20050016731,171821.0000000000
20052311216,171832.0000000000
20054605683,171843.0000000000
20056900147,171854.0000000000
20059194631,171865.0000000000
20061489116,171876.0000000000
20063783581,171887.0000000000
20066588871,171898.0000000000
20068885954,171909.0000000000
20071183316,171920.0000000000
20073499209,171931.0000000000
20075797627,171942.0000000000
20078101237,171953.0000000000
20082705058,171964.0000000000
20087308807,171975.0000000000
20091912332,171986.0000000000
20094208103,171997.0000000000
20096503855,172008.0000000000
20098799328,172019.0000000000
20101094963,172030.0000000000
20103390775,172041.0000000000
20106875812,172052.0000000000
20110329730,172063.0000000000
20114933299,172074.0000000000
20118386478,172085.0000000000
20120681951,172096.0000000000
20122977288,172107.0000000000
20125272913,172118.0000000000
20127568479,172129.0000000000
20129892022,172140.0000000000
20132193389,172151.0000000000
20134496872,172162.0000000000
20137949746,172173.0000000000
20140245195,172184.0000000000
20142540611,172195.0000000000
20144835816,172206.0000000000
20147158777,172217.0000000000
20151762424,172228.0000000000
20156366373,172239.0000000000
20158662926,172250.0000000000
20160959432,172261.0000000000
20163254714,172272.0000000000
20165549959,172283.0000000000
20167845032,172294.0000000000
20171326486,172305.0000000000
20173622992,172316.0000000000
20177078359,172327.0000000000
20180534721,172338.0000000000
20182838916,172349.0000000000
20186294729,172360.0000000000
20188596498,172371.0000000000
20190895593,172382.0000000000
20193191935,172393.0000000000
20195486873,172404.0000000000
20197781681,172415.0000000000
20200076539,172426.0000000000
20202371485,172437.0000000000
20204666158,172448.0000000000
20206960824,172459.0000000000
20209255582,172470.0000000000
20211550315,172481.0000000000
20213844845,172492.0000000000
20216139416,172503.0000000000
20218433989,172514.0000000000
20220728523,172525.0000000000
20223023075,172536.0000000000
20225317645,172547.0000000000
20227612199,172558.0000000000
20229906732,172569.0000000000
20232712128,172580.0000000000
20235009296,172591.0000000000
20237306745,172602.0000000000
20239622706,172613.0000000000
20241921191,172624.0000000000
20244224906,172635.0000000000
20248828863,172646.0000000000
20253432785,172657.0000000000
20258036466,172668.0000000000
20260332323,172679.0000000000
20262628144,172690.0000000000
20264923684,172701.0000000000
20267219405,172712.0000000000
20269515305,172723.0000000000
20273000463,172734.0000000000
20276454501,172745.0000000000
20281058227,172756.0000000000
20284511526,172767.0000000000
20286807066,172778.0000000000
20289102490,172789.0000000000
20291398202,172800.0000000000
20293693838,172811.0000000000
20296017467,172822.0000000000
20298318920,172833.0000000000
20300622473,172844.0000000000
20304075468,172855.0000000000
20306371004,172866.0000000000
20308666486,172877.0000000000
20310961759,172888.0000000000
20313284825,172899.0000000000
20317888607,172910.0000000000
20322492732,172921.0000000000
20324789351,172932.0000000000
20327085946,172943.0000000000
20329381315,172954.0000000000
20331676629,172965.0000000000
20333971769,172976.0000000000
20337453363,172987.0000000000
20339749936,172998.0000000000
20343205424,173009.0000000000
20346661909,173020.0000000000
20348966172,173031.0000000000
20352422123,173042.0000000000
20354723958,173053.0000000000
20357023141,173064.0000000000
20359319570,173075.0000000000
20361614578,173086.0000000000
20363909453,173097.0000000000
20366204397,173108.0000000000
20368499432,173119.0000000000
20370794171,173130.0000000000
20373088925,173140.0000000000
20375383770,173150.0000000000
20377678572,173160.0000000000
20379973169,173170.0000000000
20382267846,173180.0000000000
20384562313,173190.0000000000
20386856778,173200.0000000000
20389151262,173210.0000000000
20391445748,173220.0000000000
20393740213,173230.0000000000
20396034700,173240.0000000000
20398329182,173250.0000000000
20400623649,173260.0000000000
20402918114,173270.0000000000
20405212599,173280.0000000000
20407507086,173290.0000000000
20409801551,173300.0000000000
20413811160,173310.0000000000
20418415257,173320.0000000000
20423019094,173330.0000000000
20425315038,173340.0000000000
20427610928,173350.0000000000
20429906535,173360.0000000000
20432202342,173370.0000000000
20434498329,173380.0000000000
20437983609,173390.0000000000
20441437768,173400.0000000000
20446041650,173410.0000000000
20449495070,173420.0000000000
20451790677,173430.0000000000
20454086190,173440.0000000000
20456381987,173450.0000000000
20458677693,173460.0000000000
20461001407,173470.0000000000
20463302946,173480.0000000000
20465606568,173490.0000000000
20469059684,173500.0000000000
20471355307,173510.0000000000
20473650859,173520.0000000000
20475946198,173530.0000000000
20478269370,173540.0000000000
20482873288,173550.0000000000
20487477589,173560.0000000000
20489774276,173570.0000000000
20492070959,173580.0000000000
20494366414,173590.0000000000
20496661798,173600.0000000000
20498957004,173610.0000000000
20502438740,173620.0000000000
20504735379,173630.0000000000
20508190989,173640.0000000000
20511647598,173650.0000000000
20513951927,173660.0000000000
20517408019,173670.0000000000
20519709923,173680.0000000000
20522009193,173690.0000000000
20524305709,173700.0000000000
20526600785,173710.0000000000
20528895728,173720.0000000000
20531190758,173730.0000000000
20533485881,173740.0000000000
20535780687,173750.0000000000
20538075530,173760.0000000000
20540370462,173770.0000000000
20542665333,173780.0000000000
20544959997,173790.0000000000
20547254780,173800.0000000000
20549549316,173810.0000000000
20551843849,173820.0000000000
20554138419,173830.0000000000
20556432993,173840.0000000000
20558727524,173850.0000000000
20561022099,173860.0000000000
20563316668,173870.0000000000
20565611205,173880.0000000000
20567905737,173890.0000000000
20570200308,173900.0000000000
20572494883,173910.0000000000
20574789415,173920.0000000000
20578799163,173930.0000000000
20583403434,173940.0000000000
20588007428,173950.0000000000
20590303459,173960.0000000000
20592599419,173970.0000000000
20594895093,173980.0000000000
20597190987,173990.0000000000
20599487061,174000.0000000000
20602972443,174010.0000000000
20606426742,174020.0000000000
20611030780,174030.0000000000
20614484321,174040.0000000000
20616779996,174050.0000000000
20619075596,174060.0000000000
20621371479,174070.0000000000
20623667255,174080.0000000000
20625991054,174090.0000000000
20628292680,174100.0000000000
20630596371,174110.0000000000
20634049609,174120.0000000000
20636345318,174130.0000000000
20638640939,174140.0000000000
20640936343,174150.0000000000
20643259621,174160.0000000000
20647863677,174170.0000000000
20652468152,174180.0000000000
20654764908,174190.0000000000
20657061680,174200.0000000000
20659357222,174210.0000000000
20661652675,174220.0000000000
20663947949,174230.0000000000
20667429825,174240.0000000000
20669726532,174250.0000000000
20673182263,174260.0000000000
20676638995,174270.0000000000
20678943392,174280.0000000000
20682399624,174290.0000000000
20684701598,174300.0000000000
20687000953,174310.0000000000
20689297556,174320.0000000000
20691592702,174330.0000000000
20693887712,174340.0000000000
20696182828,174350.0000000000
20698478041,174360.0000000000
20700772915,174370.0000000000
20703067848,174380.0000000000
20705362866,174390.0000000000
20707657805,174400.0000000000
20709952537,174410.0000000000
20712247426,174420.0000000000
20714542030,174430.0000000000
20716836631,174440.0000000000
20719131288,174450.0000000000
20721425950,174460.0000000000
20723720550,174470.0000000000
20726015212,174480.0000000000
20728309868,174490.0000000000
20730604474,174500.0000000000
20732898940,174510.0000000000
20735193425,174520.0000000000
20737487912,174530.0000000000
20739782377,174540.0000000000
20742076863,174550.0000000000
20744940115,174560.0000000000
20749544561,174570.0000000000
20754148708,174580.0000000000
20756444828,174590.0000000000
20758740855,174600.0000000000
20761036618,174610.0000000000
20763332600,174620.0000000000
20765628743,174630.0000000000
20769114247,174640.0000000000
20772568668,174650.0000000000
20777172860,174660.0000000000
20780626523,174670.0000000000
20782922266,174680.0000000000
20785217953,174690.0000000000
20787513925,174700.0000000000
20789809768,174710.0000000000
20792133655,174720.0000000000
20794435370,174730.0000000000
20796739128,174740.0000000000
20800192486,174750.0000000000
20802488284,174760.0000000000
20804783971,174770.0000000000
20807079463,174780.0000000000
20809402828,174790.0000000000
20814007040,174800.0000000000
20818611672,174810.0000000000
20820908495,174820.0000000000
20823205353,174830.0000000000
20825500984,174840.0000000000
20827796504,174850.0000000000
20830091866,174860.0000000000
20833573865,174870.0000000000
20835870638,174880.0000000000
20839326512,174890.0000000000
20842783346,174900.0000000000
20845087830,174910.0000000000
20848544184,174920.0000000000
20850846223,174930.0000000000
20853145666,174940.0000000000
20855442358,174950.0000000000
20857737573,174960.0000000000
20860032671,174970.0000000000
20862327871,174980.0000000000
20864623154,174990.0000000000
20866918096,175000.0000000000
20869213115,175010.0000000000
20871508221,175020.0000000000
20873803229,175030.0000000000
20876098050,175040.0000000000
20878393026,175050.0000000000
20880687699,175060.0000000000
20882982368,175070.0000000000
20885277131,175080.0000000000
20887571862,175090.0000000000
20889866529,175100.0000000000
20892161279,175110.0000000000
20894456024,175120.0000000000
20896750698,175130.0000000000
20899045252,175140.0000000000
20901339824,175150.0000000000
20903634381,175160.0000000000
20905928913,175170.0000000000
20908223486,175180.0000000000
20911086844,175190.0000000000
20915691446,175200.0000000000
20920295766,175210.0000000000
20922591955,175220.0000000000
20924888050,175230.0000000000
20927183901,175240.0000000000
20929479970,175250.0000000000
20931776181,175260.0000000000
20935261826,175270.0000000000
20938716351,175280.0000000000
20943320717,175290.0000000000
20946774483,175300.0000000000
20949070315,175310.0000000000
20951366088,175320.0000000000
20953662130,175330.0000000000
20955958040,175340.0000000000
20958282034,175350.0000000000
20960583818,175360.0000000000
20962887645,175370.0000000000
20966341143,175380.0000000000
20968637011,175390.0000000000
20970932766,175400.0000000000
20973228345,175410.0000000000
20975551798,175420.0000000000
20980156166,175430.0000000000
20984760953,175440.0000000000
20987057866,175450.0000000000
20989354810,175460.0000000000
20991650512,175470.0000000000
20993946098,175480.0000000000
20996241566,175490.0000000000
20999723669,175500.0000000000
21002020530,175510.0000000000
21005476526,175520.0000000000
21008933462,175530.0000000000
21011238033,175540.0000000000
21014694510,175550.0000000000
21016996616,175560.0000000000
21019296166,175570.0000000000
21021592928,175580.0000000000
21023888209,175590.0000000000
21026183394,175600.0000000000
21028478684,175610.0000000000
21030774035,175620.0000000000
21033069066,175630.0000000000
21035364171,175640.0000000000
21037659347,175650.0000000000
21039954423,175660.0000000000
21042249351,175670.0000000000
21044544396,175680.0000000000
21046839137,175690.0000000000
21049133893,175700.0000000000
21051428744,175710.0000000000
21053723545,175720.0000000000
21056018297,175730.0000000000
21058313135,175740.0000000000
21060607950,175750.0000000000
21062902691,175760.0000000000
21065197332,175770.0000000000
21067491993,175780.0000000000
21069786619,175790.0000000000
21072081240,175800.0000000000
21074375899,175810.0000000000
21077239342,175820.0000000000
21081844102,175830.0000000000
21086448597,175840.0000000000
21088744855,175850.0000000000
21091041038,175860.0000000000
21093336977,175870.0000000000
21095633114,175880.0000000000
21097929392,175890.0000000000
21100267945,175900.0000000000
21103722574,175910.0000000000
21108327114,175920.0000000000
21111780982,175930.0000000000
21114076903,175940.0000000000
21116372763,175950.0000000000
21118668875,175960.0000000000
21120964852,175970.0000000000
21123288953,175980.0000000000
21125590807,175990.0000000000
21127894702,176000.0000000000
21131348341,176010.0000000000
21133644279,176020.0000000000
21135940102,176030.0000000000
21138235768,176040.0000000000
21140559310,176050.0000000000
21145163833,176060.0000000000
21149768777,176070.0000000000
21152065779,176080.0000000000
21154362809,176090.0000000000
21156658582,176100.0000000000
21158954235,176110.0000000000
21161249810,176120.0000000000
21164732018,176130.0000000000
21167028966,176140.0000000000
21170485085,176150.0000000000
21173942123,176160.0000000000
21176246800,176170.0000000000
21179703381,176180.0000000000
21182005554,176190.0000000000
21184305210,176200.0000000000
21186602043,176210.0000000000
21188897392,176220.0000000000
21191192663,176230.0000000000
21193488041,176240.0000000000
21195783461,176250.0000000000
21198078580,176260.0000000000
21200373773,176270.0000000000
21202669019,176280.0000000000
21204964161,176290.0000000000
21207259196,176300.0000000000
21209554311,176310.0000000000
21211849121,176320.0000000000
21214143964,176330.0000000000
21216438903,176340.0000000000
21218733773,176350.0000000000
21221028614,176360.0000000000
21223323539,176370.0000000000
21225618422,176380.0000000000
21227913230,176390.0000000000
21230207959,176400.0000000000
21232502709,176410.0000000000
21234797403,176420.0000000000
21237092112,176430.0000000000
21239386859,176440.0000000000
21242250406,176450.0000000000
21246855304,176460.0000000000
21251459975,176470.0000000000
21253756301,176480.0000000000
21256052573,176490.0000000000
21258348599,176500.0000000000
21260644806,176510.0000000000
21262941151,176520.0000000000
21265279811,176530.0000000000
21268734542,176540.0000000000
21273339259,176550.0000000000
21276793229,176560.0000000000
21279089240,176570.0000000000
21281385186,176580.0000000000
21283681369,176590.0000000000
21285977413,176600.0000000000
21288301620,176610.0000000000
21290603543,176620.0000000000
21292907506,176630.0000000000
21296361286,176640.0000000000
21298657293,176650.0000000000
21300953185,176660.0000000000
21303248957,176670.0000000000
21305572568,176680.0000000000
21310177246,176690.0000000000
21314782347,176700.0000000000
21317079439,176710.0000000000
21319376555,176720.0000000000
21321672399,176730.0000000000
21323968120,176740.0000000000
21326263802,176750.0000000000
21329746113,176760.0000000000
21332043149,176770.0000000000
21335499391,176780.0000000000
21338956532,176790.0000000000
21341261315,176800.0000000000
21344718001,176810.0000000000
21347020262,176820.0000000000
21349320004,176830.0000000000
21351616905,176840.0000000000
21353912323,176850.0000000000
21356207681,176860.0000000000
21358503149,176870.0000000000
21360798636,176880.0000000000
21363093844,176890.0000000000
21365389123,176900.0000000000
21367684440,176910.0000000000
21369979651,176920.0000000000
21372274792,176930.0000000000
21374569976,176940.0000000000
21376864854,176950.0000000000
21379159785,176960.0000000000
21381454813,176970.0000000000
21383749750,176980.0000000000
21386044681,176990.0000000000
21388339692,177000.0000000000
21390634646,177010.0000000000
21392929523,177020.0000000000
21395224338,177030.0000000000
21397519178,177040.0000000000
21399813940,177050.0000000000
21402108738,177060.0000000000
21404403573,177070.0000000000
21407267225,177080.0000000000
21411872260,177090.0000000000
21416477108,177100.0000000000
21418773503,177110.0000000000
21421069864,177120.0000000000
21423365977,177130.0000000000
21425662253,177140.0000000000
21427958667,177150.0000000000
21430297434,177160.0000000000
21433752267,177170.0000000000
21438357161,177180.0000000000
21441811234,177190.0000000000
21444107335,177200.0000000000
21446403367,177210.0000000000
21448699620,177220.0000000000
21450995733,177230.0000000000
21453320046,177240.0000000000
21455622038,177250.0000000000
21457926069,177260.0000000000
21461379991,177270.0000000000
21463674459,177280.0000000000
21465968924,177290.0000000000
21468263428,177300.0000000000
21470557896,177310.0000000000
21472852362,177320.0000000000
21476343672,177330.0000000000
21480948912,177340.0000000000
21483246092,177350.0000000000
21485543298,177360.0000000000
21487839209,177370.0000000000
21490135018,177380.0000000000
21492430789,177390.0000000000
21495913202,177400.0000000000
21498210326,177410.0000000000
21501666693,177420.0000000000
21505123956,177430.0000000000
21507428827,177440.0000000000
21510885616,177450.0000000000
21513187965,177460.0000000000
21515487795,177470.0000000000
21517784765,177480.0000000000
21520080272,177490.0000000000
21522375717,177500.0000000000
21524671255,177510.0000000000
21526966810,177520.0000000000
21529262124,177530.0000000000
21531557474,177540.0000000000
21533852860,177550.0000000000
21536148157,177560.0000000000
21538443387,177570.0000000000
21540738640,177580.0000000000
21543033607,177590.0000000000
21545328626,177600.0000000000
21547623724,177610.0000000000
21549918728,177620.0000000000
21552213747,177630.0000000000
21554508846,177640.0000000000
21556803869,177650.0000000000
21559098837,177660.0000000000
21561393739,177670.0000000000
21563688648,177680.0000000000
21565983479,177690.0000000000
21568278383,177700.0000000000
21570573289,177710.0000000000
21573437044,177720.0000000000
21578042237,177730.0000000000
21582647242,177740.0000000000
21584943706,177750.0000000000
21587240154,177760.0000000000
21589536357,177770.0000000000
21591832700,177780.0000000000
21594129204,177790.0000000000
21596468059,177800.0000000000
21599922994,177810.0000000000
21604528065,177820.0000000000
21607982241,177830.0000000000
21610278449,177840.0000000000
21612574551,177850.0000000000
21614870873,177860.0000000000
21617167072,177870.0000000000
21619491475,177880.0000000000
21621793536,177890.0000000000
21624097656,177900.0000000000
21627551701,177910.0000000000
21629846237,177920.0000000000
21632140791,177930.0000000000
21634435382,177940.0000000000
21636729920,177950.0000000000
21639024454,177960.0000000000
21642515905,177970.0000000000
21647121303,177980.0000000000
21649418571,177990.0000000000
21651715846,178000.0000000000
21654011826,178010.0000000000
21656307742,178020.0000000000
21658603582,178030.0000000000
21662086120,178040.0000000000
21664383331,178050.0000000000
21667839802,178060.0000000000
21671297204,178070.0000000000
21673602147,178080.0000000000
21677059059,178090.0000000000
21679361495,178100.0000000000
21681661395,178110.0000000000
21683958433,178120.0000000000
21686254048,178130.0000000000
21688549561,178140.0000000000
21690845169,178150.0000000000
21693140811,178160.0000000000
21695436216,178170.0000000000
21697731636,178180.0000000000
21700027109,178190.0000000000
21702322493,178200.0000000000
21704617793,178210.0000000000
21706913116,178220.0000000000
21709208170,178230.0000000000
21711503279,178240.0000000000
21713798444,178250.0000000000
21716093537,178260.0000000000
21718388645,178270.0000000000
21720683814,178280.0000000000
21722978906,178290.0000000000
21725273981,178300.0000000000
21727568951,178310.0000000000
21729863930,178320.0000000000
21732158847,178330.0000000000
21734453842,178340.0000000000
21736748816,178350.0000000000
21739612679,178360.0000000000
21744218026,178370.0000000000
21748823189,178380.0000000000
21751119744,178390.0000000000
21753416279,178400.0000000000
21755712552,178410.0000000000
21758008962,178420.0000000000
21760305573,178430.0000000000
21762644499,178440.0000000000
21766099556,178450.0000000000
21770704785,178460.0000000000
21774159082,178470.0000000000
21776455380,178480.0000000000
21778751551,178490.0000000000
21781047961,178500.0000000000
21783344248,178510.0000000000
21785668721,178520.0000000000
21787970851,178530.0000000000
21790275077,178540.0000000000
21793729228,178550.0000000000
21796023832,178560.0000000000
21798318494,178570.0000000000
21800613155,178580.0000000000
21802907760,178590.0000000000
21805202381,178600.0000000000
21808693959,178610.0000000000
21813299531,178620.0000000000
21815596869,178630.0000000000
21817894212,178640.0000000000
21820190280,178650.0000000000
21822486285,178660.0000000000
21824780752,178670.0000000000
21827117621,178680.0000000000
21829414921,178690.0000000000
21832871495,178700.0000000000
21836329039,178710.0000000000
21838634053,178720.0000000000
21842091086,178730.0000000000
21844393610,178740.0000000000
21846693578,178750.0000000000
21848990685,178760.0000000000
21851286406,178770.0000000000
21853581990,178780.0000000000
21855877665,178790.0000000000
21858173397,178800.0000000000
21860468890,178810.0000000000
21862764379,178820.0000000000
21865059942,178830.0000000000
21867355413,178840.0000000000
21869650784,178850.0000000000
21871946174,178860.0000000000
21874241317,178870.0000000000
21876536515,178880.0000000000
21878831749,178890.0000000000
21881126930,178900.0000000000
21883422128,178910.0000000000
21885717365,178920.0000000000
21888012527,178930.0000000000
21890307708,178940.0000000000
21892602750,178950.0000000000
21894897797,178960.0000000000
21897192802,178970.0000000000
21899487885,178980.0000000000
21901782927,178990.0000000000
21904646897,179000.0000000000
21909252401,179010.0000000000
21913857723,179020.0000000000
21916154366,179030.0000000000
21918450988,179040.0000000000
21920747330,179050.0000000000
21923043830,179060.0000000000
21925340529,179070.0000000000
21927679526,179080.0000000000
21931134706,179090.0000000000
21935740094,179100.0000000000
21939194511,179110.0000000000
21941490898,179120.0000000000
21943787137,179130.0000000000
21946083637,179140.0000000000
21948380011,179150.0000000000
21950704555,179160.0000000000
21953006753,179170.0000000000
21955311087,179180.0000000000
21958765342,179190.0000000000
21961060035,179200.0000000000
21963354786,179210.0000000000
21965649516,179220.0000000000
21967944191,179230.0000000000
21970238898,179240.0000000000
21973730602,179250.0000000000
21978336350,179260.0000000000
21980633757,179270.0000000000
21982931170,179280.0000000000
21985227326,179290.0000000000
21987523421,179300.0000000000
21989817956,179310.0000000000
21992154912,179320.0000000000
21994452302,179330.0000000000
21997908979,179340.0000000000
22001366666,179350.0000000000
22003671750,179360.0000000000
22009640370,179370.0000000000
22011942914,179380.0000000000
22014242901,179390.0000000000
22016540023,179400.0000000000
22018835783,179410.0000000000
22021131388,179420.0000000000
22023427077,179430.0000000000
22025722847,179440.0000000000
22028018362,179450.0000000000
22030313869,179460.0000000000
22032609467,179470.0000000000
22034904958,179480.0000000000
22037200350,179490.0000000000
22039495754,179500.0000000000
22041790936,179510.0000000000
22044086154,179520.0000000000
22046381408,179530.0000000000
22048676621,179540.0000000000
22050971842,179550.0000000000
22053267097,179560.0000000000
22055562293,179570.0000000000
22057857492,179580.0000000000
22060152556,179590.0000000000
22062447616,179600.0000000000
22064742660,179610.0000000000
22067037765,179620.0000000000
22069332826,179630.0000000000
22072196830,179640.0000000000
22075306445,179650.0000000000
22079911913,179660.0000000000
22082208636,179670.0000000000
22084505322,179680.0000000000
22086801739,179690.0000000000
22089098329,179700.0000000000
22091395088,179710.0000000000
22093734163,179720.0000000000
22097189457,179730.0000000000
22101794986,179740.0000000000
22105249520,179750.0000000000
22107545985,179760.0000000000
22109842286,179770.0000000000
22112138876,179780.0000000000
22114435312,179790.0000000000
22116759933,179800.0000000000
22119062217,179810.0000000000
22121366613,179820.0000000000
22124820978,179830.0000000000
22127115758,179840.0000000000
22129410569,179850.0000000000
22131705376,179860.0000000000
22134000118,179870.0000000000
22136294905,179880.0000000000
22139786719,179890.0000000000
22144392616,179900.0000000000
22146690101,179910.0000000000
22148987583,179920.0000000000
22151283820,179930.0000000000
22153579992,179940.0000000000
22155874594,179950.0000000000
22158211630,179960.0000000000
22160509084,179970.0000000000
22163965877,179980.0000000000
22169541275,179990.0000000000
22171846420,180000.0000000000
22177815216,180010.0000000000
22180117828,180020.0000000000
22182417879,180030.0000000000
22184715073,180040.0000000000
22187009537,180050.0000000000
22189304007,180060.0000000000
22191598471,180070.0000000000
22193892937,180080.0000000000
22196187399,180090.0000000000
22198481856,180100.0000000000
22200776331,180110.0000000000
22203070794,180120.0000000000
22205365256,180130.0000000000
22207659727,180140.0000000000
22209954191,180150.0000000000
22212248662,180160.0000000000
22214543126,180170.0000000000
22216837584,180180.0000000000
22219132053,180190.0000000000
22221426515,180200.0000000000
22223720985,180210.0000000000
22226015451,180220.0000000000
22228309918,180230.0000000000
22230604384,180240.0000000000
22232898849,180250.0000000000
22235193313,180260.0000000000
22237487769,180270.0000000000
22239782241,180280.0000000000
22242076705,180290.0000000000
22244630458,180300.0000000000
22249236062,180310.0000000000
22251532848,180320.0000000000
22253829601,180330.0000000000
22256126086,180340.0000000000
22258422738,180350.0000000000
22260719571,180360.0000000000
22263058714,180370.0000000000
22266514100,180380.0000000000
22271119771,180390.0000000000
22274574413,180400.0000000000
22276870943,180410.0000000000
22279167299,180420.0000000000
22281463962,180430.0000000000
22283760470,180440.0000000000
22286085157,180450.0000000000
22288387507,180460.0000000000
22290691975,180470.0000000000
22294146444,180480.0000000000
22296441282,180490.0000000000
22298736168,180500.0000000000
22301031041,180510.0000000000
22303325844,180520.0000000000
22305620708,180530.0000000000
22309112622,180540.0000000000
22313718656,180550.0000000000
22316016206,180560.0000000000
22318313752,180570.0000000000
22320610064,180580.0000000000
22322906301,180590.0000000000
22325200973,180600.0000000000
22327538077,180610.0000000000
22329835597,180620.0000000000
22333292492,180630.0000000000
22338868050,180640.0000000000
22341173255,180650.0000000000
22347142235,180660.0000000000
22349444910,180670.0000000000
22351745033,180680.0000000000
22354042294,180690.0000000000
22356336823,180700.0000000000
22358631367,180710.0000000000
22360925900,180720.0000000000
22363220433,180730.0000000000
22365514950,180740.0000000000
22367809484,180750.0000000000
22370104024,180760.0000000000
22372398553,180770.0000000000
22374693089,180780.0000000000
22376987626,180790.0000000000
22379282160,180800.0000000000
22381576700,180810.0000000000
22383871226,180820.0000000000
22386165744,180830.0000000000
22388460285,180840.0000000000
22390754820,180850.0000000000
22393049356,180860.0000000000
22395343884,180870.0000000000
22397638429,180880.0000000000
22399932961,180890.0000000000
22402227493,180900.0000000000
22404522026,180910.0000000000
22406816546,180920.0000000000
22409111083,180930.0000000000
22411405614,180940.0000000000
22413959449,180950.0000000000
22418565192,180960.0000000000
22420862040,180970.0000000000
22423158855,180980.0000000000
22425455409,180990.0000000000
22427752135,181000.0000000000
22430049037,181010.0000000000
22432388241,181020.0000000000
22435843736,181030.0000000000
22440449535,181040.0000000000
22443904288,181050.0000000000
22446200888,181060.0000000000
22448497301,181070.0000000000
22450794037,181080.0000000000
22453090614,181090.0000000000
22455415368,181100.0000000000
22457717789,181110.0000000000
22460022327,181120.0000000000
22463476887,181130.0000000000
22465771805,181140.0000000000
22468066754,181150.0000000000
22470361691,181160.0000000000
22472656568,181170.0000000000
22474951499,181180.0000000000
22478443509,181190.0000000000
22483049683,181200.0000000000
22485347300,181210.0000000000
22487644921,181220.0000000000
22489941300,181230.0000000000
22492237608,181240.0000000000
22494532344,181250.0000000000
22496869517,181260.0000000000
22499167094,181270.0000000000
22502624103,181280.0000000000
22508199821,181290.0000000000
22510505088,181300.0000000000
22516474244,181310.0000000000
22518776992,181320.0000000000
22521077181,181330.0000000000
22523374506,181340.0000000000
22525669108,181350.0000000000
22527963720,181360.0000000000
22530258324,181370.0000000000
22532552926,181380.0000000000
22534847505,181390.0000000000
22537142105,181400.0000000000
22539436709,181410.0000000000
22541731315,181420.0000000000
22544025915,181430.0000000000
22546320378,181440.0000000000
22548614851,181450.0000000000
22550909314,181460.0000000000
22553203781,181470.0000000000
22555498236,181480.0000000000
22557792710,181490.0000000000
22560087174,181500.0000000000
22562381635,181510.0000000000
22564676111,181520.0000000000
22566970574,181530.0000000000
22569265042,181540.0000000000
22571559509,181550.0000000000
22573853969,181560.0000000000
22576148434,181570.0000000000
22578442897,181580.0000000000
22580737370,181590.0000000000
22583031834,181600.0000000000
22586752084,181610.0000000000
22589048998,181620.0000000000
22591345876,181630.0000000000
22593642508,181640.0000000000
22595939302,181650.0000000000
22598236273,181660.0000000000
22600575544,181670.0000000000
22604031137,181680.0000000000
22608637077,181690.0000000000
22612091926,181700.0000000000
22614388595,181710.0000000000
22616685081,181720.0000000000
22618981884,181730.0000000000
22621278532,181740.0000000000
22623603352,181750.0000000000
22625905842,181760.0000000000
22628210448,181770.0000000000
22631665112,181780.0000000000
22633960098,181790.0000000000
22636255114,181800.0000000000
22638550118,181810.0000000000
22640845060,181820.0000000000
22643140057,181830.0000000000
22646632176,181840.0000000000
22651238491,181850.0000000000
22653536171,181860.0000000000
22655833857,181870.0000000000
22658130305,181880.0000000000
22660426676,181890.0000000000
22662721486,181900.0000000000
22665058727,181910.0000000000
22667356367,181920.0000000000
22670813483,181930.0000000000
22676389365,181940.0000000000
22678694705,181950.0000000000
22684664037,181960.0000000000
22686966853,181970.0000000000
22689267115,181980.0000000000
22691564504,181990.0000000000
22693859170,182000.0000000000
22696153851,182010.0000000000
22698448515,182020.0000000000
22700743195,182030.0000000000
22703037839,182040.0000000000
22705332502,182050.0000000000
22707627182,182060.0000000000
22709921853,182070.0000000000
22712216522,182080.0000000000
22714511044,182090.0000000000
22716805590,182100.0000000000
22719100121,182110.0000000000
22721394655,182120.0000000000
22723689183,182130.0000000000
22725983725,182140.0000000000
22728278258,182150.0000000000
22730572789,182160.0000000000
22732867326,182170.0000000000
22735161849,182180.0000000000
22737456389,182190.0000000000
22739750932,182200.0000000000
22742045457,182210.0000000000
22744339986,182220.0000000000
22746634527,182230.0000000000
22748929066,182240.0000000000
22751223599,182250.0000000000
22754943958,182260.0000000000
22757240944,182270.0000000000
22759537886,182280.0000000000
22761834583,182290.0000000000
22764131446,182300.0000000000
22766428480,182310.0000000000
22768767828,182320.0000000000
22772223524,182330.0000000000
22776829598,182340.0000000000
22780284555,182350.0000000000
22782581292,182360.0000000000
22784877841,182370.0000000000
22787174704,182380.0000000000
22789471423,182390.0000000000
22791796319,182400.0000000000
22794098876,182410.0000000000
22796403545,182420.0000000000
22799858318,182430.0000000000
22802153370,182440.0000000000
22804448450,182450.0000000000
22806743529,182460.0000000000
22809038538,182470.0000000000
22811333598,182480.0000000000
22814825826,182490.0000000000
22819432274,182500.0000000000
22821730026,182510.0000000000
22824027784,182520.0000000000
22826324295,182530.0000000000
22828620739,182540.0000000000
22830915619,182550.0000000000
22833252930,182560.0000000000
22835550635,182570.0000000000
22839007852,182580.0000000000
22844583902,182590.0000000000
22846889307,182600.0000000000
22852858813,182610.0000000000
22855161701,182620.0000000000
22857462024,182630.0000000000
22859759487,182640.0000000000
22862054224,182650.0000000000
22864348965,182660.0000000000
22866643706,182670.0000000000
22868938456,182680.0000000000
22871233167,182690.0000000000
22873527897,182700.0000000000
22875822641,182710.0000000000
22878117379,182720.0000000000
22880412115,182730.0000000000
22882706709,182740.0000000000
22885001324,182750.0000000000
22887295925,182760.0000000000
22889590527,182770.0000000000
22891885124,182780.0000000000
22894179720,182790.0000000000
22896474322,182800.0000000000
22898768930,182810.0000000000
22901063395,182820.0000000000
22903357859,182830.0000000000
22905652332,182840.0000000000
22907946795,182850.0000000000
22910241265,182860.0000000000
22912535729,182870.0000000000
22914830191,182880.0000000000
22917124661,182890.0000000000
22919419121,182900.0000000000
22921713592,182910.0000000000
22924288059,182920.0000000000
22926585114,182930.0000000000
22928882124,182940.0000000000
22931178876,182950.0000000000
22933475810,182960.0000000000
22935772923,182970.0000000000
22938112335,182980.0000000000
22941568141,182990.0000000000
22946174338,183000.0000000000
22949629412,183010.0000000000
22951926216,183020.0000000000
22954222834,183030.0000000000
22956519755,183040.0000000000
22958816549,183050.0000000000
22961141517,183060.0000000000
22963444136,183070.0000000000
22965748881,183080.0000000000
22969203757,183090.0000000000
22971498868,183100.0000000000
22973794026,183110.0000000000
22976089169,183120.0000000000
22978384244,183130.0000000000
22980679379,183140.0000000000
22984171699,183150.0000000000
22988778292,183160.0000000000
22991076114,183170.0000000000
22993373937,183180.0000000000
22995670524,183190.0000000000
22997967035,183200.0000000000
23000261987,183210.0000000000
23002599368,183220.0000000000
23004897138,183230.0000000000
23008354455,183240.0000000000
23013930676,183250.0000000000
23016236150,183260.0000000000
23022205837,183270.0000000000
23024508782,183280.0000000000
23026809180,183290.0000000000
23029106709,183300.0000000000
23031401509,183310.0000000000
23033696329,183320.0000000000
23035991136,183330.0000000000
23038285957,183340.0000000000
23040580740,183350.0000000000
23042875530,183360.0000000000
23045170334,183370.0000000000
23047465144,183380.0000000000
23049759954,183390.0000000000
23052054615,183400.0000000000
23054349295,183410.0000000000
23056643971,183420.0000000000
23058938644,183430.0000000000
23061233306,183440.0000000000
23063527968,183450.0000000000
23065822639,183460.0000000000
23068117310,183470.0000000000
23070411842,183480.0000000000
23072706383,183490.0000000000
23075000919,183500.0000000000
23077295455,183510.0000000000
23079589995,183520.0000000000
23081884527,183530.0000000000
23084179042,183540.0000000000
23086473584,183550.0000000000
23088768119,183560.0000000000
23091062657,183570.0000000000
23093637202,183580.0000000000
23095934330,183590.0000000000
23098231407,183600.0000000000
23100528225,183610.0000000000
23102825226,183620.0000000000
23105122406,183630.0000000000
23107461884,183640.0000000000
23110917804,183650.0000000000
23115524137,183660.0000000000
23118979313,183670.0000000000
23121276189,183680.0000000000
23123572876,183690.0000000000
23125869860,183700.0000000000
23128166721,183710.0000000000
23130491752,183720.0000000000
23132794450,183730.0000000000
23135099258,183740.0000000000
23138554243,183750.0000000000
23140849418,183760.0000000000
23143144646,183770.0000000000
23145439855,183780.0000000000
23147735004,183790.0000000000
23150030206,183800.0000000000
23153522621,183810.0000000000
23158129362,183820.0000000000
23160427245,183830.0000000000
23162725144,183840.0000000000
23165021800,183850.0000000000
23167318373,183860.0000000000
23169613404,183870.0000000000
23171950853,183880.0000000000
23174248693,183890.0000000000
23177706113,183900.0000000000
23183282504,183910.0000000000
23185588043,183920.0000000000
23191557908,183930.0000000000
23193860919,183940.0000000000
23196161386,183950.0000000000
23198458976,183960.0000000000
23200753857,183970.0000000000
23203048741,183980.0000000000
23205343612,183990.0000000000
23207638511,184000.0000000000
23209933364,184010.0000000000
23212228220,184020.0000000000
23214523083,184030.0000000000
23216817968,184040.0000000000
23219112847,184050.0000000000
23221407574,184060.0000000000
23223702327,184070.0000000000
23225997075,184080.0000000000
23228291815,184090.0000000000
23230586547,184100.0000000000
23232881273,184110.0000000000
23235176005,184120.0000000000
23237470748,184130.0000000000
23239765353,184140.0000000000
23242059964,184150.0000000000
23244354563,184160.0000000000
23246649174,184170.0000000000
23248943781,184180.0000000000
23251238386,184190.0000000000
23253532966,184200.0000000000
23255827431,184210.0000000000
23258121895,184220.0000000000
23260416359,184230.0000000000
23262710834,184240.0000000000
23265005295,184250.0000000000
23267299767,184260.0000000000
23269594236,184270.0000000000
23271888696,184280.0000000000
23274183153,184290.0000000000
23276477624,184300.0000000000
23279125288,184310.0000000000
23283731764,184320.0000000000
23287187033,184330.0000000000
23289483980,184340.0000000000
23291780742,184350.0000000000
23294077793,184360.0000000000
23296374720,184370.0000000000
23298699828,184380.0000000000
23301002592,184390.0000000000
23303307471,184400.0000000000
23306762558,184410.0000000000
23309057801,184420.0000000000
23311353094,184430.0000000000
23313648380,184440.0000000000
23315943595,184450.0000000000
23318238870,184460.0000000000
23321731384,184470.0000000000
23326338260,184480.0000000000
23328636218,184490.0000000000
23330934189,184500.0000000000
23333230909,184510.0000000000
23335527550,184520.0000000000
23337822650,184530.0000000000
23340160168,184540.0000000000
23342458072,184550.0000000000
23345915602,184560.0000000000
23351492153,184570.0000000000
23353797766,184580.0000000000
23359767812,184590.0000000000
23362070892,184600.0000000000
23364371425,184610.0000000000
23366669089,184620.0000000000
23368964041,184630.0000000000
23371258994,184640.0000000000
23373553930,184650.0000000000
23375848897,184660.0000000000
23378143819,184670.0000000000
23380438741,184680.0000000000
23382733677,184690.0000000000
23385028633,184700.0000000000
23387323575,184710.0000000000
23389618377,184720.0000000000
23391913201,184730.0000000000
23394208008,184740.0000000000
23396502816,184750.0000000000
23398797622,184760.0000000000
23401092418,184770.0000000000
23403387216,184780.0000000000
23405682034,184790.0000000000
23407976706,184800.0000000000
23410271389,184810.0000000000
23412566056,184820.0000000000
23414860730,184830.0000000000
23417155410,184840.0000000000
23419450078,184850.0000000000
23421744733,184860.0000000000
23424039266,184870.0000000000
23426333793,184880.0000000000
23428628335,184890.0000000000
23430922877,184900.0000000000
23433217405,184910.0000000000
23435511941,184920.0000000000
23437806483,184930.0000000000
23440101010,184940.0000000000
23442395537,184950.0000000000
23444690079,184960.0000000000
23447337815,184970.0000000000
23451944438,184980.0000000000
23455399804,184990.0000000000
23457696825,185000.0000000000
23459993655,185010.0000000000
23462290776,185020.0000000000
23464587775,185030.0000000000
23466912950,185040.0000000000
23469215783,185050.0000000000
23471520722,185060.0000000000
23474975923,185070.0000000000
23477271239,185080.0000000000
23479566598,185090.0000000000
23481861947,185100.0000000000
23484157233,185110.0000000000
23486452573,185120.0000000000
23489945201,185130.0000000000
23494552211,185140.0000000000
23496850239,185150.0000000000
23499148277,185160.0000000000
23501445061,185170.0000000000
23503741778,185180.0000000000
23506036948,185190.0000000000
23508374533,185200.0000000000
23510672511,185210.0000000000
23514130138,185220.0000000000
23519706862,185230.0000000000
23522012547,185240.0000000000
23527982774,185250.0000000000
23530285923,185260.0000000000
23532586525,185270.0000000000
23534884254,185280.0000000000
23537179266,185290.0000000000
23539474291,185300.0000000000
23541769301,185310.0000000000
23544064337,185320.0000000000
23546359328,185330.0000000000
23548654323,185340.0000000000
23550949327,185350.0000000000
23553244355,185360.0000000000
23555539363,185370.0000000000
23557834231,185380.0000000000
23560129125,185390.0000000000
23562423996,185400.0000000000
23564718882,185410.0000000000
23567013755,185420.0000000000
23569308622,185430.0000000000
23571603491,185440.0000000000
23573898375,185450.0000000000
23576193105,185460.0000000000
23578487862,185470.0000000000
23580782602,185480.0000000000
23583077344,185490.0000000000
23585372092,185500.0000000000
23587666835,185510.0000000000
23589961558,185520.0000000000
23592256161,185530.0000000000
23594550756,185540.0000000000
23596845365,185550.0000000000
23599139973,185560.0000000000
23601434567,185570.0000000000
23603729180,185580.0000000000
23606023642,185590.0000000000
23608318115,185600.0000000000
23610612584,185610.0000000000
23612907048,185620.0000000000
23615201505,185630.0000000000
23617495971,185640.0000000000
23621309407,185650.0000000000
23624764873,185660.0000000000
23627061962,185670.0000000000
23629358858,185680.0000000000
23631656056,185690.0000000000
23633953121,185700.0000000000
23636278367,185710.0000000000
23638581273,185720.0000000000
23640886275,185730.0000000000
23644341576,185740.0000000000
23646636968,185750.0000000000
23648932398,185760.0000000000
23651227817,185770.0000000000
23653523160,185780.0000000000
23655818576,185790.0000000000
23659311314,185800.0000000000
23663918463,185810.0000000000
23666216549,185820.0000000000
23668514656,185830.0000000000
23670811520,185840.0000000000
23673108301,185850.0000000000
23675403539,185860.0000000000
23677741201,185870.0000000000
23680039247,185880.0000000000
23683496974,185890.0000000000
23689073870,185900.0000000000
23691379621,185910.0000000000
23697350026,185920.0000000000
23699653254,185930.0000000000
23701953925,185940.0000000000
23704251724,185950.0000000000
23706546803,185960.0000000000
23708841897,185970.0000000000
23711136971,185980.0000000000
23713432078,185990.0000000000
23715727143,186000.0000000000
23718022207,186010.0000000000
23720317283,186020.0000000000
23722612379,186030.0000000000
23724907459,186040.0000000000
23727202382,186050.0000000000
23729497347,186060.0000000000
23731792295,186070.0000000000
23734087249,186080.0000000000
23736382190,186090.0000000000
23738677131,186100.0000000000
23740972068,186110.0000000000
23743267026,186120.0000000000
23745561822,186130.0000000000
23747856641,186140.0000000000
23750151457,186150.0000000000
23752446262,186160.0000000000
23754741084,186170.0000000000
23757035898,186180.0000000000
23759330686,186190.0000000000
23761625365,186200.0000000000
23763920026,186210.0000000000
23766214698,186220.0000000000
23768509373,186230.0000000000
23770804043,186240.0000000000
23773098725,186250.0000000000
23775393255,186260.0000000000
23777687803,186270.0000000000
23779982340,186280.0000000000
23782276877,186290.0000000000
23784571400,186300.0000000000
23786865934,186310.0000000000
23790679486,186320.0000000000
23794135053,186330.0000000000
23796432208,186340.0000000000
23798729180,186350.0000000000
23801026448,186360.0000000000
23803323574,186370.0000000000
23805648898,186380.0000000000
23807951872,186390.0000000000
23810256947,186400.0000000000
23813712349,186410.0000000000
23816007809,186420.0000000000
23818303312,186430.0000000000
23820598797,186440.0000000000
23822894213,186450.0000000000
23825189684,186460.0000000000
23828682539,186470.0000000000
23833289826,186480.0000000000
23835587986,186490.0000000000
23837886157,186500.0000000000
23840183079,186510.0000000000
23842479933,186520.0000000000
23844775248,186530.0000000000
23847112978,186540.0000000000
23849411091,186550.0000000000
23852868924,186560.0000000000
23858445985,186570.0000000000
23860751816,186580.0000000000
23866722403,186590.0000000000
23869025696,186600.0000000000
23871326431,186610.0000000000
23873624313,186620.0000000000
23875919455,186630.0000000000
23878214610,186640.0000000000
23880509753,186650.0000000000
23882804938,186660.0000000000
23885100069,186670.0000000000
23887395201,186680.0000000000
23889690353,186690.0000000000
23891985519,186700.0000000000
23894280671,186710.0000000000
23896575660,186720.0000000000
23898870694,186730.0000000000
23901165710,186740.0000000000
23903460729,186750.0000000000
23905755748,186760.0000000000
23908050755,186770.0000000000
23910345758,186780.0000000000
23912640792,186790.0000000000
23914935661,186800.0000000000
23917230547,186810.0000000000
23919525423,186820.0000000000
23921820303,186830.0000000000
23924115197,186840.0000000000
23926410075,186850.0000000000
23928704940,186860.0000000000
23930999690,186870.0000000000
23933294420,186880.0000000000
23935589163,186890.0000000000
23937883902,186900.0000000000
23940178641,186910.0000000000
23942473388,186920.0000000000
23944767992,186930.0000000000
23947062611,186940.0000000000
23949357213,186950.0000000000
23951651827,186960.0000000000
23953946420,186970.0000000000
23956240885,186980.0000000000
23958907455,186990.0000000000
23962363119,187000.0000000000
23964660352,187010.0000000000
23966957391,187020.0000000000
23969254731,187030.0000000000
23971551926,187040.0000000000
23973877316,187050.0000000000
23976180352,187060.0000000000
23978485502,187070.0000000000
23981941017,187080.0000000000
23984236548,187090.0000000000
23986532108,187100.0000000000
23988827669,187110.0000000000
23991123155,187120.0000000000
23993418692,187130.0000000000
23996911661,187140.0000000000
24001519074,187150.0000000000
24003817317,187160.0000000000
24006115552,187170.0000000000
24008412540,187180.0000000000
24010709473,187190.0000000000
24013004855,187200.0000000000
24015342651,187210.0000000000
24017640842,187220.0000000000
24021098772,187230.0000000000
24026676008,187240.0000000000
24028981911,187250.0000000000
24034952681,187260.0000000000
24037256043,187270.0000000000
24039556843,187280.0000000000
24041854796,187290.0000000000
24044150005,187300.0000000000
24046445229,187310.0000000000
24048740445,187320.0000000000
24051035702,187330.0000000000
24053330897,187340.0000000000
24055626104,187350.0000000000
24057921325,187360.0000000000
24060216553,187370.0000000000
24062511774,187380.0000000000
24064806839,187390.0000000000
24067101944,187400.0000000000
24069397025,187410.0000000000
24071692121,187420.0000000000
24073987207,187430.0000000000
24076282288,187440.0000000000
24078577360,187450.0000000000
24080872457,187460.0000000000
24083167401,187470.0000000000
24085462352,187480.0000000000
24087757302,187490.0000000000
24090052252,187500.0000000000
24092347209,187510.0000000000
24094642167,187520.0000000000
24096937099,187530.0000000000
24099231909,187540.0000000000
24101526710,187550.0000000000
24103821531,187560.0000000000
24106116333,187570.0000000000
24108411144,187580.0000000000
24110705967,187590.0000000000
24113000639,187600.0000000000
24115295330,187610.0000000000
24117590001,187620.0000000000
24119884684,187630.0000000000
24122179342,187640.0000000000
24124473872,187650.0000000000
24127140530,187660.0000000000
24130596303,187670.0000000000
24132893605,187680.0000000000
24135190701,187690.0000000000
24137488115,187700.0000000000
24139785388,187710.0000000000
24142110843,187720.0000000000
24144413948,187730.0000000000
24146719173,187740.0000000000
24150174790,187750.0000000000
24152470387,187760.0000000000
24154766023,187770.0000000000
24157061652,187780.0000000000
24159357204,187790.0000000000
24161652820,187800.0000000000
24165145887,187810.0000000000
24169753446,187820.0000000000
24172051754,187830.0000000000
24174350057,187840.0000000000
24176647123,187850.0000000000
24178944122,187860.0000000000
24181239575,187870.0000000000
24183577445,187880.0000000000
24185875699,187890.0000000000
24189333733,187900.0000000000
24194911143,187910.0000000000
24197217106,187920.0000000000
24203188057,187930.0000000000
24205491495,187940.0000000000
24207792368,187950.0000000000
24210090390,187960.0000000000
24212385666,187970.0000000000
24214680969,187980.0000000000
24216976249,187990.0000000000
24219271583,188000.0000000000
24221566845,188010.0000000000
24223862119,188020.0000000000
24226157408,188030.0000000000
24228452703,188040.0000000000
24230748002,188050.0000000000
24233043134,188060.0000000000
24235338302,188070.0000000000
24237633467,188080.0000000000
24239928627,188090.0000000000
24242223775,188100.0000000000
24244518926,188110.0000000000
24246814076,188120.0000000000
24249109240,188130.0000000000
24251404253,188140.0000000000
24253699278,188150.0000000000
24255994301,188160.0000000000
24258289322,188170.0000000000
24260584345,188180.0000000000
24262879373,188190.0000000000
24265174373,188200.0000000000
24267469249,188210.0000000000
24269764127,188220.0000000000
24272059017,188230.0000000000
24274353886,188240.0000000000
24276648773,188250.0000000000
24278943669,188260.0000000000
24281238409,188270.0000000000
24283533159,188280.0000000000
24285827907,188290.0000000000
24288122660,188300.0000000000
24290417382,188310.0000000000
24292711992,188320.0000000000
24295378723,188330.0000000000
24298834606,188340.0000000000
24301131975,188350.0000000000
24303426442,188360.0000000000
24305720917,188370.0000000000
24308015383,188380.0000000000
24310309853,188390.0000000000
24312604325,188400.0000000000
24314898783,188410.0000000000
24317193246,188420.0000000000
24319560927,188430.0000000000
24321856590,188440.0000000000
24324152295,188450.0000000000
24326447990,188460.0000000000
24328743618,188470.0000000000
24331039303,188480.0000000000
24334532468,188490.0000000000
24339140173,188500.0000000000
24341438550,188510.0000000000
24343736928,188520.0000000000
24346034062,188530.0000000000
24348331128,188540.0000000000
24350626660,188550.0000000000
24352964597,188560.0000000000
24355262926,188570.0000000000
24358721060,188580.0000000000
24364298642,188590.0000000000
24366604679,188600.0000000000
24372575807,188610.0000000000
24374879314,188620.0000000000
24377180255,188630.0000000000
24379478347,188640.0000000000
24381773697,188650.0000000000
24384069067,188660.0000000000
24386364414,188670.0000000000
24388659827,188680.0000000000
24390955158,188690.0000000000
24393250501,188700.0000000000
24395545859,188710.0000000000
24397841225,188720.0000000000
24400136587,188730.0000000000
24402431789,188740.0000000000
24404727036,188750.0000000000
24407022269,188760.0000000000
24409317500,188770.0000000000
24411612722,188780.0000000000
24413907939,188790.0000000000
24416203149,188800.0000000000
24418498386,188810.0000000000
24420793477,188820.0000000000
24423088571,188830.0000000000
24425383660,188840.0000000000
24427678758,188850.0000000000
24429973853,188860.0000000000
24432268952,188870.0000000000
24434564018,188880.0000000000
24436858964,188890.0000000000
24439153912,188900.0000000000
24441448869,188910.0000000000
24443743814,188920.0000000000
24446038770,188930.0000000000
24448333734,188940.0000000000
24450628549,188950.0000000000
24452923368,188960.0000000000
24455218175,188970.0000000000
24457513001,188980.0000000000
24459807800,188990.0000000000
24462102479,189000.0000000000
24464769295,189010.0000000000
24468225275,189020.0000000000
24470522713,189030.0000000000
24472817258,189040.0000000000
24475111800,189050.0000000000
24477406337,189060.0000000000
24479700883,189070.0000000000
24481995421,189080.0000000000
24484289956,189090.0000000000
24486584488,189100.0000000000
24488952240,189110.0000000000
24491247974,189120.0000000000
24493543748,189130.0000000000
24495839513,189140.0000000000
24498135207,189150.0000000000
24500430958,189160.0000000000
24503924236,189170.0000000000
24508532078,189180.0000000000
24510830529,189190.0000000000
24513128974,189200.0000000000
24515426179,189210.0000000000
24517723322,189220.0000000000
24520018922,189230.0000000000
24522356924,189240.0000000000
24524655333,189250.0000000000
24528113567,189260.0000000000
24533691324,189270.0000000000
24535997427,189280.0000000000
24541968738,189290.0000000000
24544272318,189300.0000000000
24546573330,189310.0000000000
24548871488,189320.0000000000
24551166907,189330.0000000000
24553462345,189340.0000000000
24555757768,189350.0000000000
24558053250,189360.0000000000
24560348648,189370.0000000000
24562644068,189380.0000000000
24564939499,189390.0000000000
24567234922,189400.0000000000
24569530352,189410.0000000000
24571825635,189420.0000000000
24574120948,189430.0000000000
24576416250,189440.0000000000
24578711557,189450.0000000000
24581006849,189460.0000000000
24583302140,189470.0000000000
24585597419,189480.0000000000
24587892723,189490.0000000000
24590187883,189500.0000000000
24592483040,189510.0000000000
24594778209,189520.0000000000
24597073376,189530.0000000000
24599368535,189540.0000000000
24601663715,189550.0000000000
24603958851,189560.0000000000
24606253865,189570.0000000000
24608548885,189580.0000000000
24610843909,189590.0000000000
24613138923,189600.0000000000
24615433949,189610.0000000000
24617728987,189620.0000000000
24620023874,189630.0000000000
24622318766,189640.0000000000
24624613643,189650.0000000000
24626908537,189660.0000000000
24629203395,189670.0000000000
24631498149,189680.0000000000
24634165052,189690.0000000000
24637621144,189700.0000000000
24639918649,189710.0000000000
24642213252,189720.0000000000
24644507871,189730.0000000000
24646802483,189740.0000000000
24649096950,189750.0000000000
24651391417,189760.0000000000
24653685892,189770.0000000000
24655980359,189780.0000000000
24658274831,189790.0000000000
24660569296,189800.0000000000
24662863764,189810.0000000000
24665158230,189820.0000000000
24667452694,189830.0000000000
24669747171,189840.0000000000
24672173963,189850.0000000000
24676781948,189860.0000000000
24679080468,189870.0000000000
24681378982,189880.0000000000
24683676262,189890.0000000000
24685973476,189900.0000000000
24688269149,189910.0000000000
24690607222,189920.0000000000
24692905697,189930.0000000000
24696364031,189940.0000000000
24701941967,189950.0000000000
24704248129,189960.0000000000
24710219622,189970.0000000000
24712523276,189980.0000000000
24714824366,189990.0000000000
24717122593,190000.0000000000
24719418082,190010.0000000000
24721713593,190020.0000000000
24724009088,190030.0000000000
24726304645,190040.0000000000
24728600111,190050.0000000000
24730895597,190060.0000000000
24733191096,190070.0000000000
24735486584,190080.0000000000
24737782093,190090.0000000000
24740077443,190100.0000000000
24742372823,190110.0000000000
24744668207,190120.0000000000
24746963581,190130.0000000000
24749258946,190140.0000000000
24751554307,190150.0000000000
24753849655,190160.0000000000
24756145025,190170.0000000000
24758440252,190180.0000000000
24760735489,190190.0000000000
24763030726,190200.0000000000
24765325963,190210.0000000000
24767621199,190220.0000000000
24769916444,190230.0000000000
24772211637,190240.0000000000
24774506728,190250.0000000000
24776801822,190260.0000000000
24779096916,190270.0000000000
24781392000,190280.0000000000
24783687099,190290.0000000000
24785982210,190300.0000000000
24788277170,190310.0000000000
24790572128,190320.0000000000
24792867076,190330.0000000000
24795162038,190340.0000000000
24797456963,190350.0000000000
24799751794,190360.0000000000
24802418771,190370.0000000000
24805874975,190380.0000000000
24808172550,190390.0000000000
24810467221,190400.0000000000
24812761916,190410.0000000000
24815056596,190420.0000000000
24817351132,190430.0000000000
24819645678,190440.0000000000
24821940219,190450.0000000000
24824234751,190459.0000000000
24826529292,190468.0000000000
24828823834,190477.0000000000
24831118372,190486.0000000000
24833412907,190495.0000000000
24835707447,190504.0000000000
24838001991,190513.0000000000
24840428854,190522.0000000000
24845036986,190531.0000000000
24847335572,190540.0000000000
24849634166,190549.0000000000
24851931513,190558.0000000000
24854228791,190567.0000000000
24856524535,190576.0000000000
24858862685,190585.0000000000
24861161232,190594.0000000000
24864619677,190603.0000000000
24870197770,190612.0000000000
24872504005,190621.0000000000
24878475684,190630.0000000000
24880779417,190639.0000000000
24883080572,190648.0000000000
24885378871,190657.0000000000
24887674435,190666.0000000000
24889970016,190675.0000000000
24892265584,190684.0000000000
24894561207,190693.0000000000
24896856744,190702.0000000000
24899152300,190711.0000000000
24901447866,190720.0000000000
24903743433,190729.0000000000
24906039010,190738.0000000000
24908334427,190747.0000000000
24910629887,190756.0000000000
24912925336,190765.0000000000
24915220772,190774.0000000000
24917516211,190783.0000000000
24919811647,190792.0000000000
24922107067,190801.0000000000
24924402507,190810.0000000000
24926697809,190819.0000000000
24928993117,190828.0000000000
24931288426,190837.0000000000
24933583733,190846.0000000000
24935879036,190855.0000000000
24938174350,190864.0000000000
24940469611,190873.0000000000
24942764780,190882.0000000000
24945059941,190891.0000000000
24947355103,190900.0000000000
24949650265,190909.0000000000
24951945435,190918.0000000000
24954240606,190927.0000000000
24956535634,190936.0000000000
24958830675,190945.0000000000
24961125689,190954.0000000000
24963420717,190963.0000000000
24965715724,190972.0000000000
24968010624,190981.0000000000
24970677684,190990.0000000000
24974133990,190999.0000000000
24976431634,191008.0000000000
24978726383,191017.0000000000
24981021148,191026.0000000000
24983315901,191035.0000000000
24985610506,191044.0000000000
24987905120,191053.0000000000
24990199582,191062.0000000000
24992494052,191071.0000000000
24994788527,191080.0000000000
24997082996,191089.0000000000
24999377463,191098.0000000000
25000000000,191098.0000000000
