0,597145021,597000000
0,1199842525,597625000
0,1202137015,598546875
0,1204431522,599603515
0,1206726055,600778075
0,1209020534,602180815
0,1410169984,628533213
0,1803671981,625466561
0,1805966601,622658240
0,1808261109,620575960
0,1810555613,618753965
0,1812850121,617159719
0,1815144610,616139754
0,1817439119,615122284
0,2014009221,613731998
0,2407529479,612515498
0,2409823993,611701060
0,2412118493,611113427
0,2414413000,610474248
0,2416707505,610164967
0,2419002014,610019346
0,2421296519,609891927
0,2423591024,610030436
0,2425885533,610026631
0,2428180022,610148302
0,2616729269,633754764
0,2619023758,630160418
0,3011415063,626890365
0,3013709546,624279069
0,3016004077,622119185
0,3018298582,620104286
0,3020593089,618591250
0,3022887595,617267343
0,3025182087,616233925
0,3027476594,615579684
0,3029771127,614882223
0,3032065607,614396945
0,3034360114,614222326
0,3036654597,614069535
0,3038949127,613935843
0,3041243633,614193862
0,3043538124,614294629
0,3220624596,613007800
0,3222919106,612131825
0,3225213594,611365346
0,3615328778,610444677
0,3617623283,609889092
0,3619917791,609402955
0,3622212282,608977585
0,3624506789,608855386
0,3626801322,608748462
0,3629095803,608779904
0,3631390309,609057416
0,3633684793,609300239
0,3635979322,609387709
0,3638273828,609839245
0,3640568319,610234339
0,3642862833,610580046
0,3645157335,611257540
0,3647451840,611725347
0,3649746345,612134678
0,3652040855,612867843
0,3654335362,613509362
0,3656629867,614070691
0,3658924375,614811854
0,3661218865,615460372
0,3663513372,616027825
0,3823400809,636524346
0,3825695293,632583802
0,3827989823,629135826
0,3830284330,626493847
0,3832578821,624057116
0,4219270670,621549976
0,4221565160,619606229
0,4223859673,617905450
0,4226154174,616542268
0,4228448681,615599484
0,4230743186,614649548
0,4233037695,613943354
0,4235332201,613575434
0,4237626686,613253504
0,4239921206,612846816
0,4242215707,612865964
0,4244510214,612882718
0,4246804748,612897378
0,4249099229,613285205
0,4251393734,613624554
0,4253688219,613796484
0,4255982748,614196923
0,4258277255,614672307
0,4260571747,615088268
0,4262866258,615702234
0,4265160760,616239454
0,4267455268,616709522
0,4269749773,617370831
0,4272044282,618074477
0,4274338788,618565167
0,4276633273,619244521
0,4278927802,619838955
0,4281222294,620484085
0,4283516799,621298574
0,4285811334,622011252
0,4288105814,622634845
0,4290400322,623430489
0,4292694805,624126677
0,4427352413,621610842
0,4429646895,619659486
0,4431941428,617952050
0,4434235932,616583043
0,4436530426,615635162
0,4438824957,614680766
0,4441119439,613970670
0,4642268973,638474336
0,4823240767,634165044
0,4825535274,630644413
0,4827829807,627563861
0,4830124289,624993378
0,4832418795,622994205
0,4834713279,621119929
0,4837007809,619604937
0,4839302315,618529319
0,4841596807,617588154
0,4843891320,616639634
0,4846185821,616184679
0,4848480329,615786594
0,4850774835,615438269
0,4853069344,615508485
0,4855363852,615569924
0,4857658335,615498683
0,4859952866,615686347
0,4862247372,615975553
0,4864541863,616228608
0,4866836395,616700032
0,4869130878,617112528
0,4871425384,617473462
0,4873719868,618039279
0,4876014398,618659369
0,4878308904,619201947
0,4880603398,619926703
0,4882897909,620435865
0,4885192412,621006381
0,4887486918,621755583
0,4889781426,622411135
0,4892075933,622984743
0,4894370441,623736650
0,4896664924,624394568
0,4898959456,624970247
0,4901253961,625848966
0,4903548452,626492845
0,4905842967,627056239
0,4908137466,627924209
0,4910431976,628683682
0,4912726459,629348221
0,4915020990,630304693
0,4917315497,631016606
0,4919609987,631639530
0,4921904499,632434588
0,4924199002,633255264
0,4926493508,633848356
0,4928788015,634617311
0,4931082523,635415147
0,4933377030,636113253
0,5030184995,648849096
0,5032479500,643367959
0,5034774006,638571964
0,5037068514,634750468
0,5039363021,631406659
0,5041657505,628355826
0,5043952035,625936347
0,5046246541,623944303
0,5048541033,622201265
0,5050835567,620926106
0,5053130047,619810342
0,5246258878,617834049
0,5427239130,616104792
0,5429533637,614841693
0,5431828151,613736481
0,5434122653,612894420
0,5436417160,612407617
0,5438711644,611856664
0,5441006176,611499581
0,5443300681,611437133
0,5445595174,611382491
0,5447889686,611209679
0,5450184188,611433469
0,5452478695,611629285
0,5454773202,611800624
0,5457067709,612325546
0,5459362217,612784852
0,5461656700,613061745
0,5463951222,613554026
0,5466245723,614109772
0,5468540231,614596050
0,5470834743,615271543
0,5473129246,615862600
0,5475423753,616379775
0,5477718237,617082303
0,5480012767,617822015
0,5482307274,618469263
0,5484601765,619285605
0,5486896279,619874904
0,5489190780,620515541
0,5491485288,621326098
0,5493779794,622035335
0,5496074303,622655918
0,5498368811,623448928
0,5500663296,624142812
0,5502957814,624749960
0,5505252333,625656215
0,5507546822,626324188
0,5509841336,626908664
0,5512135838,627795081
0,5514430346,628570695
0,5516724830,629249358
0,5519019360,630218188
0,5521313867,630940914
0,5523608359,631573299
0,5525902871,632376636
0,5528197374,633204556
0,5530491881,633803986
0,5532786387,634578487
0,5535080896,635381176
0,5537375403,636083529
0,5539669887,636948087
0,5541964418,637704576
0,5544258923,638366504
0,5546553417,639195691
0,5548847927,639921229
0,5551142430,640681075
0,5553436938,641595940
0,5555731424,642271447
0,5558025952,642987516
0,5560320461,643864076
0,5562614930,644631066
0,5564909465,645177182
0,5567203966,646030034
0,5569498473,646776279
0,5571792980,647429244
0,5574087487,648375588
0,5576381996,649203639
0,5578676481,649803184
0,5580971011,650577786
0,5583265517,651380562
0,5585560010,652082991
0,5587854502,652947617
0,5590149024,653704164
0,5592443532,654366143
0,5633045811,660070375
0,5635340319,653186578
0,5637634789,647163255
0,5639929322,642142848
0,5642223825,637874992
0,5644518333,634015618
0,5646812838,630888665
0,5649107346,628277581
0,5651401854,625992883
0,5653696339,624243772
0,5655990869,622713300
0,5658285376,621374137
0,5660579869,620452369
0,5662874380,619645822
0,5665168882,619065094
0,5667463389,618806957
0,5669757896,618456087
0,5850277081,616649076
0,6030118561,637567941
0,6032413067,633496948
0,6034707553,629934829
0,6037002083,627192975
0,6039296591,624793853
0,6041591083,622569621
0,6043885597,620873418
0,6046180097,619514240
0,6048474603,618324960
0,6050769110,617534340
0,6053063620,616842547
0,6055358126,616237228
0,6057652611,615957574
0,6059947131,615712877
0,6062241633,615623767
0,6064536141,615795796
0,6066830654,615821321
0,6069125156,615968655
0,6071419663,616347573
0,6073714147,616679126
0,6076008679,616969235
0,6078303186,617473080
0,6080597677,617913945
0,6082892191,618299701
0,6085186691,619012238
0,6087481200,619635708
0,6089775704,620056244
0,6092070215,620799213
0,6094364722,621449311
0,6096659207,622018147
0,6098953727,622765878
0,6101248229,623420143
0,6103542737,623992625
0,6105837248,624743546
0,6108131752,625525602
0,6110426259,626084901
0,6112720744,626824288
0,6115015274,627596252
0,6117309782,628271720
0,6119604274,629112755
0,6121898787,629848660
0,6124193290,630492577
0,6126487797,631306004
0,6128782302,632017753
0,6131076811,632765533
0,6133371320,633669841
0,6135665804,634336110
0,6137960326,634919096
0,6140254827,635804209
0,6142549334,636578682
0,6144843847,637256346
0,6147138349,638224302
0,6149432856,638946264
0,6151727339,639577981
0,6154021871,640505733
0,6156316378,641317516
0,6158610849,641902826
0,6160905384,642664972
0,6163199887,643456850
0,6165494393,644149743
0,6167788898,645006025
0,6170083408,645755271
0,6172377915,646410862
0,6174672399,647234504
0,6176966921,647955191
0,6179261422,648710792
0,6181555929,649621943
0,6183850442,650294200
0,6186144945,651007425
0,6188439451,651881496
0,6190733937,652646309
0,6193028467,653315520
0,6195322974,654151080
0,6197617446,654882195
0,6199911980,655521920
0,6202206482,656456680
0,6204500989,657274595
0,6206795495,657865270
0,6209090004,658757111
0,6211384512,659537472
0,6213678996,660220288
0,6215973516,661067752
0,6218268035,661809283
0,6220562527,662458122
0,6222857018,663275856
0,6225151542,664116374
0,6227446049,664726827
0,6229740533,665510973
0,6232035064,666322101
0,6234329570,667031838
0,6236624042,667902858
0,6238918576,668665000
0,6241213079,669331875
0,6243507584,670165390
0,6245802091,670894716
0,6248096601,671657876
0,6250391108,672575641
0,6252685594,673253685
0,6254980112,673846974
0,6257274632,674741102
0,6259569122,675523464
0,6261863615,676208031
0,6264158137,677182027
0,6266452645,677909273
0,6268747150,678545613
0,6271041660,679477411
0,6273336168,680292734
0,6275630637,680881142
0,6277925172,681645999
0,6280219674,682440249
0,6282514183,678260217
0,6284808689,674852689
0,6287103198,671996102
0,6289397706,669496589
0,6291692192,667559515
0,6293986711,665864575
0,6296281229,664381503
0,6298575720,663333815
0,6300870213,662417088
0,6303164737,661739952
0,6305459242,661397458
0,6307753750,660972775
0,6310048257,660726178
0,6312342766,660760405
0,6314637234,660790354
0,6316931771,660816559
0,6319226273,661214489
0,6321520779,661437677
0,6323815286,661632967
0,6326109794,662178846
0,6328404304,662656490
0,6330698786,662949428
0,6332993318,663455749
0,6335287824,664023780
0,6337582316,664520807
0,6453176367,679455706
0,6455470875,670148742
0,6634173548,661880149
0,6636468056,654895130
0,6638762564,648783238
0,6641057074,643560333
0,6643351580,639240291
0,6645646050,635335254
0,6647940586,631918347
0,6650235087,629303553
0,6652529595,627015608
0,6654824100,625013657
0,6657118611,623636949
0,6659413119,622307330
0,6661707602,621143913
0,6664002134,620500923
0,6666296639,619938307
0,6668591132,619321018
0,6670885623,619030890
0,6673180147,618902028
0,6675474656,618789274
0,6677769162,618940614
0,6680063672,619198037
0,6682358179,619298282
0,6684652649,619635996
0,6686947183,619931496
0,6689241686,620315059
0,6691536194,620900676
0,6693830700,621288091
0,6696125209,621752079
0,6698419717,622408069
0,6700714202,622982060
0,6703008732,623484302
0,6705303239,624173764
0,6707597730,624777043
0,6709892223,625304912
0,6712186746,626141798
0,6714481255,626874073
0,6716775761,627389813
0,6719070270,628216086
0,6721364778,628939075
0,6723659247,629571690
0,6725953783,630375228
0,6728248285,631078324
0,6730542792,631693533
0,6732837299,632481841
0,6735131807,633296610
0,6737426315,634009533
0,6739720800,634883341
0,6742015331,635647923
0,6744309839,636316932
0,6746604308,637152315
0,6748898822,637883275
0,6751193345,638522865
0,6753487853,639332506
0,6755782359,640040942
0,6758076868,640785824
0,6760371378,641687596
0,6762665846,642351646
0,6764960383,642932690
0,6767254883,643816103
0,6769549391,644589090
0,6771843896,645265453
0,6774138406,646232271
0,6776432915,646953237
0,6778727400,647584082
0,6781021931,648511071
0,6783316437,649322187
0,6785610908,649906913
0,6787905420,650668548
0,6790199944,651459979
0,6792494453,652152481
0,6794788959,653008420
0,6797083468,653882367
0,6799377976,654522071
0,6801672463,655331812
0,6803966982,656040335
0,6806261485,656785293
0,6808555992,657687131
0,6810850504,658351239
0,6813145007,659057334
0,6815439514,659925167
0,6817733999,660684521
0,6820028531,661348955
0,6822323038,662180335
0,6824617508,662907793
0,6826912022,663544318
0,6829206545,664476278
0,6831501052,665291743
0,6833795559,665880275
0,6836090067,666770240
0,6838384576,667548960
0,6840679062,668230340
0,6842973582,669076547
0,6845268084,669816978
0,6847562591,670464855
0,6849857103,671281748
0,6852151608,672121529
0,6854446114,672856337
0,6856740599,673749294
0,6859035130,674530632
0,6861329638,675214303
0,6863624107,676062515
0,6865918621,676804700
0,6868213145,677454112
0,6870507651,678272348
0,6872802158,678988304
0,6875096667,679739766
0,6877391175,680647295
0,6879685661,681316383
0,6881980181,681901835
0,6884274700,682789105
0,6886569191,683565466
0,6888863705,684244782
0,6891158206,685214184
0,6893452714,685937411
0,6895747197,686570234
0,6898041728,687498954
0,6900336237,688311584
0,6902630707,688897636
0,6904925242,689660431
0,6907219742,690452877
0,6909514253,691146267
0,6911808757,692002983
0,6914103268,692877610
0,6916397775,693517908
0,6918692259,694328169
0,6920986782,695037147
0,6923281298,695782503
0,6925575791,696684690
0,6927870282,697349103
0,6930164806,698055465
0,6932459313,698923531
0,6934753820,699683089
0,6937048328,700347702
0,6939342834,701179239
0,6941637308,701906834
0,6943931842,702543479
0,6946226345,703475544
0,6948520852,704291101
0,6950815358,704879713
0,6953109867,705769748
0,6955404375,706548529
0,6957698860,707229962
0,6959993381,708076216
0,6962287899,708816689
0,6964582390,709464602
0,6966876883,710281526
0,6969171405,711121335
0,6971465913,711856168
0,6973760419,712749147
0,6976099728,713530503
0,9637806694,710214190
0,9640101160,707312416
0,9642395602,704773364
0,9644690045,702801693
0,9646984512,701076481
0,9649278956,699691920
0,9651573420,698355430
0,9653867843,697186001
0,9656162308,696537750
0,9658456774,695970531
0,9660751195,695349214
0,9663045661,694930562
0,9665340103,694564241
0,9667634570,694493710
0,9669929012,694306996
0,9672223455,694268621
0,9674517924,694235043
0,9676812344,694205662
0,9679106810,694554954
0,9681401252,694735584
0,9683695695,694893636
0,9685990160,695031931
0,9688284605,695152939
0,9690579070,695508821
0,9692873492,695820218
0,9695167957,696217690
0,9697462424,696565478
0,9702926808,697119793
0,9705221237,697979818
0,9707515689,698732340
0,9709810127,699390797
0,9712104580,699966947
0,9714399033,700471078
0,9716693471,701162193
0,9718987932,701766918
0,9721282373,702296053
0,9723576834,702759046
0,9725871254,703164165
0,9728165704,703893644
0,9730460155,704531938
0,9732754595,704965445
0,9735049049,705469764
0,9737343498,705911043
0,9739637960,706547162
0,9741932398,706978766
0,9744226829,707481420
0,9746521279,707921242
0,9748815719,708181086
0,9751110172,708783450
0,9753404624,709310518
0,9755699062,709771703
0,9757993524,710175240
0,9760287966,710528335
0,9762582427,710837293
0,9764876845,711107631
0,9767171296,711094177
0,9769465749,711082404
0,9857106877,721822103
0,9861696073,708094340
0,9866285340,696082547
0,9870874518,685572228
0,9875463742,676375699
0,9880052972,668453736
0,9884642171,661397019
0,9889231384,655222391
0,9893820604,649819592
0,9898409816,645092143
0,9902999061,640955625
0,9907588265,637336171
0,9911030116,634044149
0,10246537888,630913630
0,10248832395,628049426
0,10251126890,625668247
0,10253421387,623584716
0,10255715897,621761626
0,10258010394,620166422
0,10260304912,618770619
0,10262599397,617549291
0,10264893884,616355629
0,10267188402,615436175
0,10269482877,614631653
0,10271777386,613802696
0,10274071883,613202359
0,10276366403,612677064
0,10278660908,612217431
0,10280955391,611690252
0,10283249894,611353970
0,10285544369,611059723
0,10287838875,610677257
0,10290133370,610467599
0,10292427867,610284149
0,10294722374,610123630
0,10297016874,609983176
0,10299311390,609860279
0,10301605876,609752744
0,10303900382,609533651
0,10306194883,609466944
0,10311659405,609408576
0,10313953876,609232504
0,10316248360,609203441
0,10318542852,609178010
0,10320837347,609030758
0,10323131852,609026913
0,10325426344,609023548
0,10327720846,609020604
0,10330015343,609018028
0,10332309858,609015774
0,10334604341,609013802
0,10336898831,608887076
0,10339193315,608901191
0,10341487809,608913542
0,10343782305,608799349
0,10346076807,608824430
0,10348371323,608846376
0,10350665823,608865579
0,10352960298,608757381
0,10355254780,608787708
0,10357549273,608814244
0,10359843767,608712463
0,10362138272,608748405
0,10364432764,608779854
0,10366727268,608807372
0,10369021765,608831450
0,10371316280,608852518
0,10373610760,608870953
0,10375905253,608762083
0,10378199738,608791822
0,10465842726,608692844
0,10470432031,608731238
0,10475021393,608764833
0,10479610689,608794228
0,10484199987,608819949
0,10488789313,608717455
0,10493378619,608752773
0,10497967938,608658676
0,10502557243,608701341
0,10507146550,608738673
0,10511735891,608771338
0,10516325203,608799920
0,10519767117,608699930
0,10855282053,608737438
0,10857576603,608770258
0,10859871138,608673975
0,10862165689,608714728
0,10864460253,608750387
0,10866754791,608656588
0,10869049365,608699514
0,10871343904,608737074
0,10873638453,608769939
0,10875933014,608673696
0,10878227521,608714484
0,10880522085,608750173
0,10882816623,608656401
0,10885111196,608699350
0,10887405756,608736931
0,10889700279,608769814
0,10891994848,608673587
0,10894289365,608714388
0,10896583916,608750089
0,10898878451,608656327
0,10901173002,608699286
0,10903467563,608736875
0,10905762104,608644765
0,10908056675,608689169
0,10910351215,608728022
0,10912645784,608762019
0,10914940327,608666766
0,10920404957,608708420
0,10922699469,608744867
0,10924994017,608651758
0,10927288553,608695288
0,10929583091,608733377
0,10931877639,608641704
0,10934172182,608686491
0,10936466740,608725679
0,10938761278,608634969
0,10941055848,608680597
0,10943350385,608720522
0,10945644938,608755456
0,10947939464,608661024
0,10950233990,608703396
0,10952528542,608740471
0,10954823083,608647912
0,10957117653,608691923
0,10959412207,608730432
0,10961706724,608764128
0,10964001271,608793612
0,10966295807,608819410
0,10968590344,608841983
0,10970884890,608736735
0,10973179436,608769643
0,10975473995,608798437
0,10977768532,608698632
0,10980063103,608736303
0,10982357635,608769265
0,10984652170,608798106
0,10986946719,608698342
0,11074591570,608736049
0,11079180969,608769042
0,11083770426,608672911
0,11088359831,608713797
0,11092949234,608624572
0,11097538647,608671500
0,11102128049,608712562
0,11106717465,608748491
0,11110159645,609279929
0,11114749047,609619937
0,11119338497,609917444
0,11123927914,610177763
0,11127369894,610280542
0,11328515184,635120474
0,11464039234,631855414
0,11466333838,628998487
0,11468628437,626498676
0,11470923030,624186341
0,11473217627,622288048
0,11475512219,620627042
0,11477806833,619048661
0,11480101426,617792578
0,11482396029,616693505
0,11484690634,615731816
0,11486985206,614765339
0,11489279813,614044671
0,11491574394,613414087
0,11493869007,612737326
0,11496163623,612270160
0,11498458201,611861390
0,11500752811,611503716
0,11503047383,611190751
0,11505341988,610916907
0,11507636565,610677293
0,11509931180,610342631
0,11512225773,610174802
0,11514520370,610027951
0,11516814981,609774457
0,11519109576,609677649
0,11521404199,609592942
0,11523698783,609518824
0,11529163532,609453971
0,11531458100,609397224
0,11533752687,609347571
0,11536047279,609304124
0,11538341870,609266108
0,11540636459,609232844
0,11542931067,609078738
0,11545225658,609068895
0,11547520252,609060283
0,11549814862,608927747
0,11552109454,608936778
0,11554404060,608944680
0,11556698627,608951595
0,11558993217,608832645
0,11561287814,608853564
0,11563582398,608871868
0,11565877012,608762884
0,11568171618,608792523
0,11570466190,608818457
0,11572760778,608716149
0,11575055369,608751630
0,11577349959,608782676
0,11579644547,608809841
0,11581939158,608708610
0,11584233749,608745033
0,11586528342,608776903
0,11588822954,608679790
0,11591117540,608719816
0,11593412129,608754839
0,11595706721,608785484
0,11683353460,608812298
0,11687942966,608710760
0,11692532510,608746915
0,11697122011,608778550
0,11701711510,608806231
0,11706301032,608830452
0,11710890540,608726645
0,11715480043,608760814
0,11718922308,608665712
0,11723511797,608707498
0,11728101343,608744060
0,11732690856,608776052
0,11736132912,608804045
0,12071662269,625578539
0,12073956937,623506221
0,12076251569,621817943
0,12078546217,620340700
0,12080840856,619048112
0,12083135503,617917098
0,12085430171,616927460
0,12087724806,616061527
0,12090019463,615303836
0,12092314122,614640856
0,12094608738,614060749
0,12096903408,613553155
0,12099198023,613109010
0,12101492689,612720383
0,12103787346,612380335
0,12106081981,612082793
0,12108376642,611822443
0,12110671258,611594637
0,12112965926,611270307
0,12115260548,611111518
0,12117555205,610972578
0,12119849841,610851005
0,12122144492,610744629
0,12124439159,610651550
0,12126733796,610570106
0,12129028474,610498842
0,12131323111,610436486
0,12136787966,610756925
0,12139082589,610662309
0,12141377230,610579520
0,12143671866,610507080
0,12145966519,610318695
0,12148261154,610278858
0,12150555805,610244000
0,12152850438,610213500
0,12155145086,610186812
0,12157439750,610163460
0,12159734385,610143027
0,12162029046,610125148
0,12164323667,610109504
0,12166618279,610095816
0,12168912961,610083839
0,12171207576,610073359
0,12173502246,610064189
0,12175796893,610056165
0,12178091521,610049144
0,12180386164,610043001
0,12182680795,610037625
0,12184975450,609907921
0,12187270083,609919430
0,12189564737,609929501
0,12191859370,609938313
0,12194154017,609946023
0,12196448683,609952770
0,12198743311,609958673
0,12201037957,609963838
0,12203332603,609968358
0,12290981236,620597313
0,12295570831,619522648
0,12300160472,618707317
0,12304750069,617868902
0,12309339677,617135289
0,12313929305,616493377
0,12318518900,615931704
0,12323108500,615565241
0,12326550840,614994585
0,12331140425,614745261
0,12335730068,614402103
0,12340319691,614101840
0,12343761811,613714110
0,12544907156,637999846
0,12680445649,634374865
0,12682740359,631203006
0,12685035047,628427630
0,12687329749,625999176
0,12689624410,623874279
0,12691919143,621889994
0,12694213842,620278744
0,12696508297,619118901
0,12698802737,618104038
0,12701097188,617216033
0,12703391640,616439028
0,12705686081,615759149
0,12707980542,615164255
0,12710274985,614643723
0,12712569428,614188257
0,12714863868,613789724
0,12717158321,613441008
0,12719452772,613135882
0,12721747215,612868896
0,12724041666,612760284
0,12726336119,612540248
0,12728630538,612347717
0,12730925021,612179252
0,12733219453,612031845
0,12735513906,611902864
0,12737808345,611790006
0,12740102798,611691255
0,12744425532,611854848
0,12746720198,611622992
0,12749014889,611420118
0,12751309583,611242603
0,12753604258,611087277
0,12755898980,610951367
0,12758193663,610832446
0,12760488351,610728390
0,12762783040,610637341
0,12765077760,610557673
0,12767372449,610487963
0,12769667152,610426967
0,12771961839,610248596
0,12774256482,610217521
0,12776551221,610190330
0,12778845876,610166538
0,12781140602,610145720
0,12783435303,610127505
0,12785729973,610111566
0,12788024671,610097620
0,12790319356,610085417
0,12792614033,610074739
0,12794908752,610065396
0,12797203439,610057221
0,12799498127,610050068
0,12801792816,610043809
0,12804087537,610038332
0,12806382219,610033540
0,12808676905,610029347
0,12810971618,609900678
0,12898622114,620538093
0,12903211829,619595831
0,12907801567,618646352
0,12912391273,617815558
0,12916980989,617088613
0,12921570705,616452536
0,12926160396,616020969
0,12930750093,615518347
0,12934192510,614953553
0,12938782191,614584358
0,12943371943,614261313
0,12947961673,613978648
0,12951403862,613606317
0,13152549200,638030527
0,13288095002,651276711
0,13290389763,646117122
0,13292684495,641602481
0,13294979261,637527170
0,13297273967,634086273
0,13299568745,631075488
0,13301863485,628441052
0,13304157994,626135920
0,13306452490,624118930
0,13308746984,622354063
0,13311041492,620809805
0,13313335987,619458579
0,13315630469,618276256
0,13317924998,617241724
0,13320219473,616336508
0,13322513969,615544444
0,13324808463,614851388
0,13327102970,614244964
0,13329397470,613714343
0,13331691961,613250050
0,13333986467,612718793
0,13336280944,612378943
0,13338575449,612081575
0,13340869967,611821378
0,13343164453,611593705
0,13345458947,611394491
0,13347753442,611220179
0,13352076276,611317656
0,13354370995,611152949
0,13356665729,611008830
0,13358960488,610757726
0,13361255195,610663010
0,13363549973,610580133
0,13365844697,610507616
0,13368139441,610444164
0,13370434186,610388643
0,13372728947,610340062
0,13375023692,610297554
0,13377318449,610260359
0,13379613157,610227814
0,13381907887,610199337
0,13384202659,610174419
0,13386497371,610152616
0,13388792139,610133539
0,13391086894,610116846
0,13393381619,610102240
0,13395676359,610089460
0,13397971109,609953277
0,13400265831,609959117
0,13402560593,609964227
0,13404855323,609968698
0,13407150066,609972610
0,13409444810,609976033
0,13411739574,609979028
0,13414034312,609981649
0,13416329051,609983942
0,13418623784,609985949
0,13506276219,620737705
0,13510866040,619645491
0,13515455865,618689804
0,13520045671,617978578
0,13524635462,617231255
0,13529225299,616702348
0,13533815086,616114554
0,13538404893,615600234
0,13541847374,615025204
0,13546437166,614647053
0,13551027017,614441171
0,13555616822,614136024
0,13559059109,613869021
0,13760204462,638260393
0,13895757581,651352843
0,13898052397,646183737
0,13900347186,641660769
0,13902641973,637703172
0,13904936765,634240275
0,13907231577,631210240
0,13909526373,628558960
0,13911820923,626239090
0,13914115473,624209203
0,13916410023,622433052
0,13918704574,620878920
0,13920999121,619394055
0,13923293661,618219798
0,13925588212,617192323
0,13927882773,616293282
0,13930177302,615506621
0,13932471852,614818293
0,13934766400,614216006
0,13937060856,613689005
0,13939355308,613227879
0,13941649728,612824394
0,13943944213,612471344
0,13946238643,612162426
0,13948533097,611892122
0,13950827537,611655606
0,13953121990,611448655
0,13955416443,611267573
0,13957710884,611109126
0,13960887496,610720485
0,13963182249,610505424
0,13965477037,610317246
0,13967771839,610152590
0,13970066602,610008516
0,13972361434,609882451
0,13974656179,609772144
0,13976951010,609550626
0,13979245789,609481797
0,13981540604,609421572
0,13983835391,609243875
0,13986130205,609213390
0,13988424968,609186716
0,13990719740,609163376
0,13993014564,609142954
0,13995309334,609125084
0,13997604125,609109448
0,13999898964,608970767
0,14002193725,608974421
0,14004488518,608977618
0,14006783311,608980415
0,14009078090,608982863
0,14011372904,608985005
0,14013667678,608986879
0,14015962484,608863519
0,14018257264,608880579
0,14020552084,608895506
0,14022846862,608783567
0,14025141657,608810621
0,14027436445,608834293
0,14115090793,608855006
0,14119680712,608873130
0,14124270647,608888988
0,14128860560,608777864
0,14133450439,608805631
0,14138040377,608829927
0,14142630240,608851186
0,14147220166,608869787
0,14150662702,608886063
0,14155252615,608900305
0,14159842562,608787766
0,14164432478,608814295
0,14167874852,608712508
0,14503433459,625498444
0,14505728319,623561138
0,14508023159,621865995
0,14510318006,620382745
0,14512612821,619084901
0,14514907718,617949288
0,14517202549,616955627
0,14519497153,616086173
0,14521791745,615325401
0,14524086352,614659725
0,14526380956,614077259
0,14528675527,613567601
0,14530970139,613121650
0,14533264748,612731443
0,14535559333,612390012
0,14537853946,612091260
0,14540148530,611829852
0,14542443134,611601120
0,14544737632,611400980
0,14547032141,611225857
0,14549326617,611072624
0,14551621124,610938546
0,14553915639,610821227
0,14556210126,610718573
0,14558504623,610628751
0,14560799117,610550157
0,14563093628,610481387
0,14565388123,610421213
0,14568564780,610493561
0,14570859618,610431865
0,14573154441,610377881
0,14575449296,610330645
0,14577744103,610289314
0,14580038991,610253149
0,14582333789,610221505
0,14584628644,610193816
0,14586923509,610169589
0,14589218358,610148390
0,14591513201,610129841
0,14593808058,610113610
0,14596102876,610099408
0,14598397703,610086982
0,14600692569,610076109
0,14602987391,609941595
0,14605282241,609948895
0,14607577101,609955283
0,14609871949,609960872
0,14612166776,609965763
0,14614461625,609970042
0,14616756446,609973786
0,14619051317,609977062
0,14621346145,609979929
0,14623640974,609982437
0,14625935840,609984632
0,14628230692,609986553
0,14630525527,609988233
0,14632820365,609989703
0,14635115207,609990990
0,14722771474,620617116
0,14727361505,619539976
0,14731951548,618597479
0,14736541529,617772794
0,14741131527,617176194
0,14745721564,616529169
0,14750311536,615963022
0,14754901571,615467644
0,14758344174,614909188
0,14762934197,614545539
0,14767524233,614227346
0,14772114247,614073927
0,14775556678,613689686
0,14976702085,638103475
0,15112269915,634465540
0,15114564796,631282347
0,15116859724,628372053
0,15119154604,625950546
0,15121449474,623831727
0,15123744414,621977761
0,15126039302,620355540
0,15128333960,618936097
0,15130628574,617694084
0,15132923268,616482323
0,15135217906,615547032
0,15137512534,614728653
0,15139807188,614012571
0,15142101853,613385999
0,15144396493,612837749
0,15146691148,612358030
0,15148985786,611813276
0,15151280448,611461616
0,15153574969,611153914
0,15155869564,610759674
0,15158164073,610539714
0,15160458636,610347249
0,15162753195,610178842
0,15165047737,610031486
0,15167342290,609902550
0,15169636806,609789731
0,15171931401,609566014
0,15174225932,609495262
0,15177402665,609433354
0,15179697548,609379184
0,15181991997,609581786
0,15184286454,609759062
0,15186580876,609914179
0,15188875358,610049906
0,15191169790,610168667
0,15193464244,610272583
0,15195758687,610363510
0,15198053140,610568071
0,15200347593,610622062
0,15202642015,610669304
0,15204936498,610710641
0,15207230930,610746810
0,15209525363,610778458
0,15211819825,610806150
0,15214114278,610955381
0,15216408731,610960958
0,15218703172,610965838
0,15220997623,610970108
0,15223292080,610973844
0,15225586501,610977113
0,15227880983,610979973
0,15230175417,610982476
0,15232469869,610984666
0,15234764310,610986582
0,15237058766,611113259
0,15239353219,611099101
0,15241647639,611086713
0,15243942123,611075873
0,15330465531,621566388
0,15335055663,620495589
0,15339645783,619433640
0,15344235884,618629435
0,15348825982,617800755
0,15353416130,617075660
0,15358006196,616566202
0,15362596314,615995426
0,15366039017,615495997
0,15370629116,615058997
0,15375219273,614801622
0,15379809384,614451419
0,15383251894,614019991
0,15584397308,638392492
0,15719972569,651468430
0,15722267510,646284876
0,15724562463,641749266
0,15726857427,637780607
0,15729152333,634308031
0,15731447329,631269527
0,15733742259,628610836
0,15736036973,626284481
0,15738331642,624248920
0,15740626360,622467805
0,15742921083,620909329
0,15745215746,619545662
0,15747510435,618352454
0,15749805163,617308397
0,15752099861,616394847
0,15754394571,615595491
0,15756689230,614896054
0,15758983965,614284047
0,15761278546,613748541
0,15763573165,613279973
0,15765867758,612869976
0,15768162357,612511229
0,15770456973,612197325
0,15772751555,611922659
0,15775046167,611682326
0,15777340736,611472035
0,15779635354,611288030
0,15781929972,611127026
0,15785106763,611111147
0,15787401700,610972253
0,15789696171,610850721
0,15791990701,610744380
0,15794285183,610651332
0,15796579688,610569915
0,15798874205,610498675
0,15801168695,610436340
0,15803463193,610381797
0,15805757689,610334072
0,15808052200,610292313
0,15810346676,610255773
0,15812641180,610223801
0,15814935699,610195825
0,15817230167,610171346
0,15819524663,610149927
0,15821819181,610131186
0,15824113691,610114787
0,15826408187,610100438
0,15828702660,610087883
0,15830997190,610076897
0,15833291670,610067284
0,15835586174,610058873
0,15837880696,610051513
0,15840175182,610045073
0,15842469677,610039438
0,15844764177,610034508
0,15847058687,610030194
0,15849353163,610026419
0,15851647669,610023116
0,15938173012,620645226
0,15942763244,619564572
0,15947353475,618619000
0,15951943685,617791625
0,15956533853,617067671
0,15961124121,616559212
0,15965714284,615989310
0,15970304515,615490646
0,15973747281,614929315
0,15978337496,614563150
0,15982927762,614242756
0,15987517942,613962411
0,15990960545,613592109
0,16192105971,638018095
0,16327688667,651140833
0,16329983682,645998228
0,16332278693,641498449
0,16334573679,637561142
0,16336868673,634115999
0,16339163702,631101499
0,16341458689,628463811
0,16343753446,626155834
0,16346048173,624136354
0,16348342945,622369309
0,16350637691,620823145
0,16352932441,619470251
0,16355227166,618286469
0,16357521925,617250660
0,16359816690,616344327
0,16362111455,615551286
0,16364406172,614857375
0,16366700928,614250203
0,16368995582,613718927
0,16371290262,613254061
0,16373584876,612847303
0,16375879562,612491390
0,16378174214,612179966
0,16380468850,611907470
0,16382763507,611669036
0,16385058132,611460406
0,16387352806,611277855
0,16389647447,611118123
0,16392824322,611103357
0,16395119317,610965437
0,16397413845,610844757
0,16399708398,610739162
0,16402002952,610771766
0,16404297517,610675295
0,16406592056,610590883
0,16408886634,610517022
0,16411181166,610452394
0,16413475718,610395844
0,16415770272,610346363
0,16418064727,610303067
0,16420359179,610265183
0,16422653602,610232035
0,16424948085,610203030
0,16427242519,610177651
0,16429536950,610155444
0,16431831415,610136013
0,16434125867,610119011
0,16436420321,610104134
0,16438714742,610091117
0,16441009212,610204727
0,16443303673,610179136
0,16445598095,610156744
0,16447892578,610137151
0,16450187010,610120007
0,16452481443,610105006
0,16454775907,610091880
0,16457070360,610080395
0,16459364813,610070345
0,16461659236,610061551
0,16547041209,609928857
0,16551631519,609812749
0,16556221872,609711155
0,16560812181,609622260
0,16565402463,609544477
0,16569992826,609351417
0,16574583070,609307489
0,16579173424,609269052
0,16582616248,609235420
0,16587206582,609205992
0,16591796949,609180243
0,16596387240,609157712
0,16599829909,609137998
0,16935418318,625870748
0,16937713356,623886904
0,16940008439,622276041
0,16942303485,620741535
0,16944598502,619398843
0,16946893619,618223987
0,16949188640,617195988
0,16951483432,616296489
0,16953778224,615509427
0,16956073053,614820748
0,16958367853,614218154
0,16960662627,613690884
0,16962957425,613229523
0,16965252233,612825832
0,16967547034,612472603
0,16969841883,612163527
0,16972136637,611893086
0,16974431448,611656450
0,16976726125,611449393
0,16979020877,611393218
0,16981315551,611219065
0,16983610260,611066681
0,16985905000,610933345
0,16988199672,610816676
0,16990494362,610714591
0,16992789052,610625267
0,16995083783,610547108
0,16997378481,610478719
0,17000555399,610543879
0,17002850481,610475894
0,17005145046,610416407
0,17007439656,610364356
0,17009734253,610318811
0,17012028870,610278959
0,17014323469,610244089
0,17016618071,610213577
0,17018912689,610186879
0,17021207275,610163519
0,17023501865,610143079
0,17025796385,610125194
0,17028090895,610109544
0,17030385373,610095851
0,17032679878,610083869
0,17034974385,610073385
0,17037268875,610064211
0,17039563364,610056184
0,17041857902,610049161
0,17044152393,610043015
0,17046446869,610037638
0,17048741382,610032933
0,17051035901,610028816
0,17053330379,610025214
0,17055624886,610022062
0,17057919403,610019304
0,17060213870,610016891
0,17062508371,610014779
0,17064802887,610012931
0,17067097398,610011314
0,17069391876,610009899
0,17154775746,620383661
0,17159366167,619335703
0,17163956619,618418740
0,17168547010,617616397
0,17173137413,617039347
0,17177727856,616409428
0,17182318233,615983249
0,17186908696,615485342
0,17190351590,614924674
0,17194942033,614559089
0,17199532472,614239202
0,17204122883,614084301
0,17207565610,613698763
0,17408711060,638111417
0,17544308777,634472489
0,17546603838,631288427
0,17548899010,628377373
0,17551194091,625955201
0,17553489141,623835800
0,17555784324,621981325
0,17558079403,620358659
0,17560374250,618938826
0,17562669064,617696472
0,17564963968,616484413
0,17567258817,615548861
0,17569553625,614730253
0,17571848510,614013971
0,17574143354,613387224
0,17576438209,612838821
0,17578733081,612358968
0,17581027911,611939097
0,17583322779,611571709
0,17585617481,611250245
0,17587912319,610843964
0,17590207029,610613468
0,17592501773,610411784
0,17594796578,610235311
0,17597091309,610080897
0,17599386053,609945784
0,17601680767,609827561
0,17603975573,609599115
0,17606270330,609524225
0,17609447295,609458696
0,17611742422,609401359
0,17614037061,609351189
0,17616331730,609307290
0,17618626350,609268878
0,17620921055,609110268
0,17623215689,609096484
0,17625510325,609084423
0,17627805008,609073870
0,17630099653,609064636
0,17632394298,609056556
0,17634688841,609049486
0,17636983425,608918300
0,17639277962,608928512
0,17641572492,608937448
0,17643867084,608945267
0,17646161612,608952108
0,17648456134,608958094
0,17650750736,608963332
0,17653045285,608967915
0,17655339739,609221925
0,17657634160,609444184
0,17659928644,609638661
0,17662223079,609808828
0,17664517511,609957724
0,17666811975,610088008
0,17669106431,610327007
0,17671400884,610411131
0,17673695304,610484739
0,17675989777,610549146
0,17678284234,610605502
0,17762523873,620904814
0,17767114416,619916712
0,17771704947,618927123
0,17776295472,618186232
0,17780885985,617412953
0,17785476498,616736333
0,17790066997,616269291
0,17794657540,615735629
0,17798100533,615268675
0,17802691057,614860090
0,17807281627,614627578
0,17811872151,614299130
0,17815314947,613886738
0,18016460393,638275895
0,18152065676,651491408
0,18154360792,646304982
0,18156655985,641766859
0,18158951141,637796001
0,18161246240,634321500
0,18163541459,631281312
0,18165836625,628621148
0,18168131506,626293504
0,18170426354,624256816
0,18172721305,622474714
0,18175016226,621040374
0,18177311094,619660327
0,18179606004,618452786
0,18181900936,617396187
0,18184195825,616471663
0,18186490732,615662705
0,18188785626,614954866
0,18191080554,614335507
0,18193375311,613793568
0,18195670172,613319372
0,18197964956,612904450
0,18200259750,612541393
0,18202554590,612223718
0,18204849406,611945753
0,18207144187,611702533
0,18209438935,611489716
0,18211733786,611303501
0,18214028616,611265563
0,18217205651,611232367
0,18219500814,611078321
0,18221795521,610943530
0,18224090247,610825588
0,18226384923,610722389
0,18228679653,610632090
0,18230974358,610553078
0,18233269054,610483943
0,18235563761,610423450
0,18237858495,610370518
0,18240153173,610324203
0,18242447751,610283677
0,18244742381,610248217
0,18247036991,610342189
0,18249331581,610299415
0,18251626197,610261988
0,18253920811,610229239
0,18256215370,610200584
0,18258510009,610175511
0,18260804622,610153572
0,18263099133,610134375
0,18265393610,610117578
0,18267688117,610102880
0,18269982625,610090020
0,18272277118,610078767
0,18274571606,610068921
0,18276866149,610060305
0,18279160637,610052766
0,18281455092,610046170
0,18283749611,610040398
0,18286044146,610160348
0,18370285686,620390304
0,18374876341,619341516
0,18379466941,618423826
0,18384057591,617745847
0,18388648183,617027616
0,18393238818,616524164
0,18397829440,615958643
0,18402420054,615463812
0,18405863157,614905835
0,18410453750,614542605
0,18415044445,614349779
0,18419635048,614056056
0,18423077945,613799049
0,18624223429,638199167
0,18759836287,651299271
0,18762131438,646136862
0,18764426667,641619754
0,18766721868,637667284
0,18769017039,634333873
0,18771312318,631292138
0,18773607508,628630620
0,18775902479,626301792
0,18778197362,624264068
0,18780492348,622481059
0,18782787335,620920926
0,18785082262,619555810
0,18787377226,618361333
0,18789672184,617316166
0,18791967145,616401645
0,18794262102,615601439
0,18796557031,614901259
0,18798852047,614288601
0,18801146838,613752525
0,18803441735,613283459
0,18805736564,612873026
0,18808031431,612638897
0,18810326332,612309034
0,18812621173,612020404
0,18814916040,611767853
0,18817210824,611546871
0,18819505711,611353512
0,18821800608,611184323
0,18824977716,611036282
0,18827272940,610906746
0,18829567670,610793402
0,18831862483,610694226
0,18834157197,610607447
0,18836451961,610531516
0,18838746712,610465076
0,18841041482,610531941
0,18843336249,610465448
0,18845631006,610407267
0,18847925772,610356358
0,18850220384,610311813
0,18852515050,610272836
0,18854809728,610238731
0,18857104374,610208889
0,18859399046,610182777
0,18861693685,610159929
0,18863988317,610139937
0,18866283016,610122444
0,18868577652,610107138
0,18870872252,610093745
0,18873166764,610082026
0,18875461305,610071772
0,18877755860,610062800
0,18880050432,610179950
0,18882344975,610157456
0,18884639542,610137774
0,18886934103,610120552
0,18889228549,610105483
0,18891522984,610092297
0,18893817469,610080759
0,18896111903,610070664
0,18979208435,609936831
0,18983799191,609819727
0,18988389906,609717261
0,18992980654,609502603
0,18997571330,609439777
0,19002162088,609384804
0,19006752790,609336703
0,19011343539,609294615
0,19014786710,609257788
0,19019377417,609225564
0,19023968209,609072368
0,19028558897,609063322
0,19032001890,609055406
0,19367620616,625798480
0,19369915855,623823670
0,19372211120,622095711
0,19374506357,620583747
0,19376801592,619260778
0,19379096930,618103180
0,19381392154,617090282
0,19383687171,616203996
0,19385982130,615428496
0,19388277176,614749934
0,19390572185,614156192
0,19392867200,613636668
0,19395162200,613182084
0,19397457193,612784323
0,19399752200,612436282
0,19402047234,612256746
0,19404342220,611974652
0,19406637261,611727820
0,19408932127,611511842
0,19411227073,611322861
0,19413521937,611157503
0,19415816891,611012815
0,19418111829,610886213
0,19420406704,610775436
0,19422701617,610678506
0,19424996476,610593692
0,19427291423,610519480
0,19429586344,610454545
0,19432763519,610522726
0,19435058822,610582385
0,19437353608,610509586
0,19439648445,610445887
0,19441943234,610390151
0,19444238047,610341382
0,19446532833,610298709
0,19448827692,610261370
0,19451122494,610228698
0,19453417284,610200110
0,19455712098,610175096
0,19458006783,610278209
0,19460301509,610243432
0,19462596213,610213003
0,19464890945,610186377
0,19467185654,610163079
0,19469480328,610142694
0,19471775006,610124857
0,19474069783,610234249
0,19476364476,610204967
0,19478659100,610179346
0,19480953684,610156927
0,19483248276,610137311
0,19485542866,610120147
0,19487837524,610105128
0,19490132105,610091987
0,19492426706,610080488
0,19494721313,610070427
0,19497015833,610186623
0,19499310328,610163295
0,19501604838,610142883
0,19503899361,610125022
0,19586997764,620109394
0,19591588604,619095719
0,19596179445,618333754
0,19600770272,617542034
0,19605361085,616974279
0,19609951940,616352494
0,19614542726,615808432
0,19619133600,615457378
0,19622576829,614900205
0,19627167660,614662679
0,19631758532,614329844
0,19636349355,614163613
0,19639792417,613768161
0,19840937940,638047140
0,19976565988,634416247
0,19978861315,631239216
0,19981156616,628459314
0,19983451889,626026899
0,19985747168,623898536
0,19988042581,622036219
0,19990337866,620406691
0,19992632907,618980854
0,19994927942,617733247
0,19997223037,616641591
0,19999518081,615686392
0,20001813184,614850593
0,20004108220,614119268
0,20006403247,613479359
0,20008698302,612919439
0,20010993409,612304509
0,20013288457,611891445
0,20015583522,611530014
0,20017878475,611213762
0,20020173457,610937041
0,20022468356,610694910
0,20024763357,610483046
0,20027058372,610297665
0,20029353305,610135456
0,20031648241,609993524
0,20033943176,609869333
0,20036238172,609760666
0,20038533129,609665582
0,20041710372,609582384
0,20044005750,609509586
0,20046300597,609445887
0,20048595457,609390151
0,20050890333,609341382
0,20053185184,609298709
0,20055480004,609261370
0,20057774910,609228698
0,20060069791,609200110
0,20062364638,609175096
0,20064659475,609153209
0,20066954235,609009057
0,20069249011,609007924
0,20071543749,609006933
0,20073838570,609006066
0,20076133314,609005307
0,20078428022,609004643
0,20080722747,609004062
0,20083017598,609003554
0,20085312353,609003109
0,20087607000,609002720
0,20089901672,609002380
0,20092196301,609002082
0,20094490925,609001821
0,20096785630,609001593
0,20099080290,609001393
0,20101374926,609001218
0,20103669579,609001065
0,20105964173,608875931
0,20108258718,608891439
0,20110553265,608905009
0,20112847874,608916882
0,20195948157,608927271
0,20200539080,608936362
0,20205130046,608944316
0,20208573734,609326276
0,20213164671,609785491
0,20217755607,610062304
0,20222346530,610429516
0,20226937502,610625826
0,20230380792,610672597
0,20234971743,610838522
0,20239562700,610983706
0,20244153649,611235742
0,20247596769,611206274
0,20440593307,634930489
0,20576229190,647564177
0,20578524565,641868654
0,20580819944,636885072
0,20583115268,632524438
0,20585410586,628708883
0,20587706087,625370272
0,20590001409,622448988
0,20592296492,619892864
0,20594591575,617656256
0,20596886749,615699224
0,20599219567,613986821
0,20600366734,612613468
0,20602622718,611661784
0,20604917110,610204061
0,20607211474,609053553
0,20609505857,608046858
0,20611800249,607166000
0,20614094635,606395250
0,20616388995,605720843
0,20618683399,605130737
0,20620977769,604489394
0,20623272134,604053219
0,20625566518,603671566
0,20627860908,603212620
0,20630155295,602936042
0,20632449657,602694036
0,20634744062,602482281
0,20637038431,602296995
0,20639332796,602134870
0,20641627179,601868011
0,20643921570,601509509
0,20646215935,601320820
0,20648510320,601155717
0,20650804711,601011252
0,20653099097,600884845
0,20655393457,600774239
0,20657687862,600677459
0,20659982232,600467776
0,20662276596,600409304
0,20664570980,600358141
0,20666865372,600313373
0,20669159758,600274201
0,20671454119,600239925
0,20673748523,600209934
0,20676042893,600183692
0,20678337257,600160730
0,20680631640,600140638
0,20682926032,599998058
0,20685220396,599998300
0,20687514781,599998512
0,20689809172,599998698
0,20692103559,599998860
0,20694397918,599999002
0,20696692323,599999126
0,20698986693,599874235
0,20701281058,599889955
0,20703575441,599903710
0,20705869833,599915746
0,20708164220,599926277
0,20710458580,599935492
0,20712752984,599943555
0,20793610415,599700610
0,20798201443,599488033
0,20802792542,599177028
0,20806236301,599029899
0,20810827370,598776161
0,20815418403,598679140
0,20820009470,598594247
0,20824600551,598519966
0,20828043936,598454970
0,20832634992,598398098
0,20837226056,598348335
0,20841817139,598179793
0,20845260329,598157318
0,21172753931,614887653
0,21175049355,612901696
0,21177344769,611163984
0,21179640167,609643486
0,21181935557,608188050
0,21184231091,607039543
0,21186526486,606034600
0,21188821629,605030275
0,21191116780,604276490
0,21193411982,603616928
0,21195744894,603039812
0,21198039344,602534835
0,21200333776,602092980
0,21202628247,601581357
0,21204922715,601008687
0,21207217148,600632601
0,21209511598,600303525
0,21211806077,599890584
0,21214100542,599654261
0,21216394970,599447478
0,21218689463,599266543
0,21220983909,598983225
0,21223278342,598860321
0,21225572814,598752780
0,21227867272,598533682
0,21230161736,598466971
0,21232456164,598408599
0,21234750657,598232524
0,21237045105,598203458
0,21239339537,598178025
0,21241634007,598155771
0,21243928478,598011299
0,21246222907,598009886
0,21248517359,598008650
0,21250811839,597882568
0,21253106306,597897247
0,21255400730,597910091
0,21257695223,597921329
0,21259989672,597806162
0,21262284104,597830391
0,21264578575,597851592
0,21266873033,597745143
0,21269167499,597777000
0,21271461926,597804875
0,21273756418,597704265
0,21276050867,597741231
0,21278345300,597773577
0,21280639768,597801879
0,21282934239,597701644
0,21285228671,597738938
0,21287523121,597771570
0,21289817601,597675123
0,21292112066,597715732
0,21294406493,597751265
0,21296700985,597782356
0,21298995433,597684561
0,21301289865,597723990
0,21303584338,597758491
0,21305878795,597663679
0,21308173259,597705719
0,21310467687,597742504
0,21391287902,597774691
0,21395879066,597677854
0,21400470258,597718122
0,21403914139,597628356
0,21408505294,597674811
0,21413096475,597715459
0,21417687664,597626026
0,21421131629,598047772
0,21424575092,598291800
0,21429166274,598630325
0,21433757461,598926534
0,21438348629,599185717
0,21441791927,599287502
0,21642937722,624001564
0,21770441115,620751368
0,21772736633,617782447
0,21775032097,615309641
0,21777327531,613145935
0,21779622996,611252693
0,21781918600,609471106
0,21784214029,608037217
0,21786509223,606782564
0,21788804456,605559743
0,21791099725,604614775
0,21793432667,603787928
0,21795727212,602939437
0,21798021695,602322007
0,21800316198,601781756
0,21802610742,601309036
0,21804905244,600770406
0,21807199729,600424105
0,21809494259,600121091
0,21811788808,599730954
0,21814083302,599514584
0,21816377824,599325261
0,21818672366,599159603
0,21820966850,598889652
0,21823261355,598778445
0,21825555888,598681139
0,21827850410,598470996
0,21830144906,598412121
0,21832439430,598360605
0,21834733973,598190529
0,21837028454,598166712
0,21839322960,598145873
0,21841617503,598127638
0,21843912004,597986683
0,21846206489,597988347
0,21848501021,597989803
0,21850795572,597866077
0,21853090064,597882817
0,21855384584,597897464
0,21857679127,597910281
0,21859973611,597796495
0,21862268116,597821933
0,21864562648,597844191
0,21866857172,597738667
0,21869151668,597771333
0,21871446189,597799916
0,21873740733,597699926
0,21876035217,597737435
0,21878329719,597770255
0,21880624262,597798973
0,21882918767,597699101
0,21885213252,597736713
0,21887507784,597769623
0,21889802332,597673420
0,21892096826,597714242
0,21894391346,597749961
0,21896685889,597781215
0,21898980372,597683563
0,21901274879,597723117
0,21903569409,597757727
0,21905863935,597663011
0,21908158430,597705134
0,21988980715,597616992
0,21993571987,597664868
0,21998163284,597706759
0,22001607266,597743414
0,22006198526,597775487
0,22010789842,597678551
0,22015381126,597718732
0,22018825201,597628890
0,22022268734,597675278
0,22026860050,597590868
0,22031451333,597642009
0,22036042648,597686757
0,22039486005,597725912
0,22375143353,614635173
0,22377438897,613680776
0,22379734434,612845679
0,22382029926,612114969
0,22384325434,611475597
0,22386621088,610916147
0,22388916597,610426628
0,22391211855,609998299
0,22393507116,609623511
0,22395802478,609295572
0,22398135472,609008625
0,22400430044,608757546
0,22402724599,608537852
0,22405019160,608345620
0,22407313746,608177417
0,22409608297,608030239
0,22411902864,607901459
0,22414197458,607788776
0,22416492033,607690179
0,22418786621,607603906
0,22421081196,607528417
0,22423375764,607462364
0,22425670298,607404568
0,22427964883,607353997
0,22430259480,607309747
0,22432554028,607271028
0,22434848620,607237149
0,22437143196,607207505
0,22439437766,607181566
0,22441732319,607158870
0,22444026881,607139011
0,22446321468,607121634
0,22448616019,607106429
0,22450910583,607093125
0,22453205180,607081484
0,22455499758,607071298
0,22457794344,607062385
0,22460088917,607054586
0,22462383485,607047762
0,22464678021,607041791
0,22466972604,607036567
0,22469267201,607031996
0,22471561753,607027996
0,22473856341,607024496
0,22476150916,607021434
0,22478445485,607018754
0,22480740042,607016409
0,22483034602,607014357
0,22485329187,607012562
0,22487623743,607010991
0,22489918307,607009617
0,22492212903,607008414
0,22494507481,607007362
0,22496802065,607006441
0,22499096638,607005635
0,22501391207,607004930
0,22503685742,607004313
0,22505980328,607003773
0,22508274923,607003301
0,22510569477,607002888
0,22512864064,607002527
0,22593688303,616752211
0,22598279719,615908184
0,22602871135,615044661
0,22609465957,614539078
0,22614057340,614346693
0,22618648743,614053356
0,22623240153,613921686
0,22626684290,613556475
0,22630127923,613361915
0,22634719323,613191675
0,22639310720,613167715
0,22643902158,613021750
0,22646196607,612644031
0,22648492799,612188527
0,22984157963,611789961
0,22986453542,611441215
0,22988749126,611136063
0,22991044694,610869055
0,22993340242,610635423
0,22995635945,610430995
0,22997931529,610252120
0,23000226837,610095605
0,23002522134,609958654
0,23004817564,609838822
0,23007150616,609733969
0,23009445225,609642222
0,23011739826,609561944
0,23014034464,609491701
0,23016329089,609430238
0,23018623687,609376458
0,23020918330,609329400
0,23023212975,609288225
0,23025507585,609252196
0,23027802242,609220671
0,23030096876,609193087
0,23032391479,609168951
0,23034686061,609147832
0,23036980721,609129353
0,23039275369,609113183
0,23041569954,609099035
0,23043864614,609086655
0,23046159247,609075823
0,23048453854,609066345
0,23050748454,609058051
0,23053043093,609050794
0,23055337720,609044444
0,23057632316,609038888
0,23059926959,609034027
0,23062221604,609029773
0,23064516220,609026051
0,23066810873,609022794
0,23069105506,609019944
0,23071400108,609017451
0,23073694693,609015269
0,23075989352,609013360
0,23078283988,609011690
0,23080578588,609010228
0,23082873262,609008949
0,23085167876,609007830
0,23087462481,609006851
0,23089757085,609005994
0,23092051721,609005244
0,23094346346,609004588
0,23096640950,609004014
0,23098935589,609003512
0,23101230235,609003073
0,23103524849,609002688
0,23105819502,609002352
0,23108114133,609002058
0,23110408739,609001800
0,23112703321,609001575
0,23114997982,609001378
0,23117292617,609001205
0,23119587218,609001054
0,23121881892,609000922
0,23202707976,609000806
0,23207299508,609000705
0,23211891058,609000616
0,23218486001,609000539
0,23223077512,609000471
0,23227668997,609000412
0,23232260533,609000360
0,23235704730,609000315
0,23239148469,609000275
0,23243739951,609000240
0,23248331464,609000210
0,23252923025,609000183
0,23255217525,609000160
0,23257513753,609000140
0,23593186762,609000122
0,23595482377,609000106
0,23597778029,609000092
0,23600073655,609000080
0,23602369239,609000070
0,23604664991,609000061
0,23606960649,609000053
0,23609256008,609000046
0,23611551343,609000040
0,23613846840,609000035
0,23616179951,609000030
0,23618474596,609000026
0,23620769245,609000022
0,23623063959,609000019
0,23625358623,609000016
0,23627653269,609000014
0,23629947989,609000012
0,23632242684,609000010
0,23634537331,609000008
0,23636832055,609000007
0,23639126749,609000006
0,23641421389,609000005
0,23643716017,609000004
0,23646010754,609125003
0,23648305442,609109377
0,23650600073,609095704
0,23652894808,609083741
0,23655189494,609073273
0,23657484137,609064113
0,23659778806,609056098
0,23662073504,609049085
0,23664368167,609042949
0,23666662809,609037580
0,23668957529,609032882
0,23671252224,609028771
0,23673546877,609025174
0,23675841597,609022027
0,23678136290,609019273
0,23680430927,609016863
0,23682725561,609014755
0,23685020295,609137910
0,23687314971,609120671
0,23689609618,609105587
0,23691904368,609092388
0,23694199030,609080839
0,23696493675,609070734
0,23698788348,609061892
0,23701083041,609054155
0,23703377703,609047385
0,23705672353,609041461
0,23707967068,609036278
0,23710261743,609031743
0,23712556416,609027775
0,23714851138,609024303
0,23717145827,609021265
0,23719440469,609018606
0,23721735100,609016280
0,23724029836,609139245
0,23726324511,609121839
0,23728619159,609106609
0,23730913910,609093282
0,23811741859,609081621
0,23816333507,609071418
0,23820925181,609062490
0,23827520259,609054678
0,23832111897,609047843
0,23836703466,609041862
0,23841295118,609036629
0,23844739386,609032050
0,23848183228,609028043
0,23852774814,609024537
0,23857366421,609021469
0,23861958108,609018785
0,23864252636,609016436
0,23866548924,609014381
0,24202229807,609012583
0,24204525460,609011010
0,24206819925,609259633
0,24209114383,609602178
0,24211408817,609776905
0,24213703262,609929791
0,24215997739,610063567
0,24218292175,610305621
0,24220586622,610392418
0,24222881088,610468365
0,24225175544,610659819
0,24227469978,610702341
0,24229764425,610739548
0,24232058899,610897104
0,24234353337,610909966
0,24236647782,610921220
0,24238942256,610931067
0,24241236706,611064683
0,24243531141,611056597
0,24245825606,611049522
0,24248120066,611168331
0,24250414498,611147289
0,24252708945,611128877
0,24255003419,611237767
0,24257297855,611208046
0,24259592303,611182040
0,24261886754,611159285
0,24264181224,611264374
0,24266475660,611231327
0,24268770125,611202411
0,24271064579,611302109
0,24273359018,611264345
0,24275653464,611231301
0,24277947936,611202388
0,24280242364,611302089
0,24282536822,611264327
0,24284831289,611231286
0,24287125746,611327375
0,24289420178,611286453
0,24291714625,611250646
0,24294009098,611344315
0,24296303536,611301275
0,24298597983,611263615
0,24300892436,611230663
0,24303186907,611326830
0,24305481341,611285976
0,24307775808,611250229
0,24310070265,611343950
0,24312364697,611300956
0,24314659144,611263336
0,24316953619,611230419
0,24319248047,611326616
0,24321542503,611285789
0,24323836969,611250065
0,24326131427,611343806
0,24328425859,611300830
0,24330720306,611263226
0,24333014780,611355322
0,24335309217,611310906
0,24337603664,611272042
0,24339898118,611238036
0,24419642786,620958281
0,24424234540,619963495
0,24428826341,618968058
0,24435421562,618472050
0,24440013324,617788043
0,24444604981,617064537
0,24449196761,616556469
0,24452641088,615861910
0,24456085036,615379171
0,24460676705,614956774
0,24465268417,614712177
0,24469860231,614373154
0,24472154817,613951509
0,24474451144,613457570
0,24675596788,637900373
0,24811287147,634287826
0,24813582851,631126847
0,24815877382,628360991
0,24818171899,625940867
0,24820466370,623823258
0,24822760885,621970350
0,24825055416,620474056
0,24827349892,619039799
0,24829644386,617784824
0,24831938931,616686721
0,24834233416,615725880
0,24836527907,614885145
0,24838822424,614149501
0,24841116958,613505813
0,24843411431,612942586
0,24845705924,612449762
0,24848000475,612143541
0,24850294967,611750598
0,24852589449,611406773
0,24854883969,611105926
0,24857178501,610842685
0,24859472970,610612349
0,24861767486,610410805
0,24864062014,610234454
0,24866356491,610080147
0,24868650988,609945128
0,24870945514,609826987
0,24873240013,609723613
0,24875534508,609633161
0,24877829043,609554015
0,24880123555,609484763
0,24882418029,609424167
0,24884712524,609371146
0,24887007073,609449752
0,24889301541,609393533
0,24891596047,609344341
0,24893890570,609301298
0,24896185098,609263635
0,24898479567,609230680
0,24900774083,609201845
0,24903068611,609176614
0,24905363091,609154537
0,24907657585,609135219
0,24909952114,609118316
0,24912246615,609103526
0,24914541108,609090585
0,24916835644,609079261
0,24919130160,609069353
0,24921424629,609060683
0,24923719123,609053097
0,24926013675,609171459
0,24928308144,609150026
0,24930602646,609131272
0,24932897169,609114863
0,24935191699,609100505
0,24937486166,609087941
0,24939780682,609076948
0,24942075217,609067329
0,24944369689,609058912
0,24946664185,609051548
0,24948958715,609045104
0,25028705239,609039466
0,25033297111,609034532
0,25037889015,609030215
0,25044484392,609026438
0,25049076283,609023133
0,25053668024,609020241
0,25058259909,609017710
0,25061704320,609015496
0,25065148371,609013559
0,25069740125,609011864
0,25074331953,609010381
0,25078923893,609009083
0,25081218508,609007947
0,25083514891,609006953
0,25419211618,625881083
0,25421507379,623895947
0,25423801980,622158953
0,25426096558,620764083
0,25428390992,619418572
0,25430685438,618241250
0,25432979912,617211093
0,25435274341,616309706
0,25437568798,615520992
0,25439863264,614830868
0,25442157721,614352009
0,25444452157,613808007
0,25446746601,613332006
0,25449041076,613040505
0,25451335516,612660441
0,25453629962,612327885
0,25455924415,612036899
0,25458218863,611782286
0,25460513320,611559500
0,25462807787,611364562
0,25465102245,611318991
0,25467396680,611154117
0,25469691125,611009852
0,25471985602,610883620
0,25474280028,610773167
0,25476574484,610676521
0,25478868951,610591955
0,25481163409,610642960
0,25483457843,610562590
0,25485752290,610492266
0,25488046766,610555732
0,25490341204,610486265
0,25492635649,610425481
0,25494930123,610372295
0,25497224552,610325758
0,25499519008,610285038
0,25501813474,610249408
0,25504107934,610343232
0,25506402367,610300328
0,25508696813,610262787
0,25510991287,610229938
0,25513285716,610201195
0,25515580172,610176045
0,25517874638,610154039
0,25520169097,610259784
0,25522463532,610227311
0,25524757998,610198897
0,25527052451,610299034
0,25529346891,610261654
0,25531641338,610228947
0,25533935810,610200328
0,25536230239,610175287
0,25538524697,610153376
0,25540819165,610134204
0,25543113620,610242428
0,25545408056,610212124
0,25547702502,610185608
0,25549996975,610162407
0,25552291415,610142106
0,25554585861,610124342
0,25556880316,610108799
0,25559174784,610220199
0,25637782097,610067674
0,25642374064,609934214
0,25646966094,609817437
0,25653561607,609715257
0,25658153626,609625849
0,25662745452,609547617
0,25667337454,609479164
0,25670781958,609419268
0,25674226072,609366859
0,25678817953,609321001
0,25683409877,609280875
0,25688001942,609370765
0,25690296598,609324419
0,25692593028,609283866
0,26028297720,609248382
0,26030593530,609217334
0,26032888187,609190167
0,26035182835,609166396
0,26037477307,609145596
0,26039771823,609127396
0,26042066353,609236471
0,26044360824,609206912
0,26046655327,609181048
0,26048949871,609158417
0,26051244357,609138614
0,26053538853,609121287
0,26055833366,609106126
0,26058127901,609092860
0,26060422378,609081252
0,26062716871,609071095
0,26065011402,609187208
0,26067305890,609163807
0,26069600396,609143331
0,26071894919,609125414
0,26074189427,609109737
0,26076483920,609096019
0,26078778436,609084016
0,26081072968,609198514
0,26083367434,609173699
0,26085661940,609151986
0,26087956482,609132987
0,26090250971,609116363
0,26092545463,609101817
0,26094839980,609089089
0,26097134516,609077952
0,26099428993,609068208
0,26101723485,609059682
0,26104018034,609177221
0,26106312505,609155068
0,26108607010,609135684
0,26110901532,609118723
0,26113196042,609103882
0,26115490535,609090896
0,26117785050,609079534
0,26120079583,609194592
0,26122374049,609170268
0,26124668554,609148984
0,26126963095,609130361
0,26129257584,609114065
0,26131552079,609099806
0,26133846614,609087330
0,26136141129,609076413
0,26138435603,609066861
0,26140730098,609058503
0,26143024648,609176190
0,26145319119,609154166
0,26147613623,609134895
0,26149908147,609118033
0,26152202653,609103278
0,26154497149,609090368
0,26156791665,609079072
0,26159086196,609194188
0,26161380674,609169914
0,26163675168,609148674
0,26165969700,609130089
0,26168264198,609113827
0,26246873384,609099598
0,26251465462,609087148
0,26256057616,609201254
0,26262653266,609176097
0,26267245392,609154084
0,26271837347,609134823
0,26276429444,609117970
0,26279874031,609103223
0,26283318230,609090320
0,26287910214,609079030
0,26292502248,609069151
0,26297094443,609060507
0,26299389137,609052943
0,26301685614,609046325
0,26637398301,609040534
0,26639694160,609035467
0,26641988893,609031033
0,26644283570,609027153
0,26646578102,609023758
0,26648872675,609020788
0,26651167277,609018189
0,26653461713,609265915
0,26655756180,609482675
0,26658050634,609797340
0,26660345071,610072672
0,26662639519,610188588
0,26664933972,610290014
0,26667228422,610503762
0,26669522880,610565791
0,26671817349,610620067
0,26674111807,610792558
0,26676406240,610818488
0,26678700686,610841177
0,26680995162,610861029
0,26683289590,611003400
0,26685584048,611002975
0,26687878502,611002603
0,26690172951,611127277
0,26692467407,611111367
0,26694761875,611097446
0,26697056329,611210265
0,26699350767,611308981
0,26701645215,611270358
0,26703939669,611236563
0,26706234118,611331992
0,26708528577,611290493
0,26710823043,611254181
0,26713117500,611347408
0,26715411935,611303982
0,26717706382,611265984
0,26720000856,611357736
0,26722295295,611438019
0,26724589743,611383266
0,26726884198,611335357
0,26729178647,611418437
0,26731473101,611366132
0,26733767570,611320365
0,26736062024,611405319
0,26738356465,611479654
0,26740650910,611419697
0,26742945365,611367234
0,26745239814,611446329
0,26747534272,611390537
0,26749828738,611341719
0,26752123197,611424004
0,26754417630,611371003
0,26756712077,611324627
0,26759006553,611409048
0,26761300993,611482917
0,26763595439,611422552
0,26765889892,611369733
0,26768184341,611448516
0,26770478797,611392451
0,26772773266,611343394
0,26775067719,611425469
0,26777362160,611497285
0,26854831962,620810124
0,26859424136,619833858
0,26864016415,618979625
0,26870612202,618357171
0,26875204438,617687524
0,26879796521,616976583
0,26884388715,616479510
0,26887833397,615794571
0,26891277656,615320249
0,26895869756,614905217
0,26900461901,614667064
0,26905054222,614458681
0,26907348957,613901345
0,26909645483,613413676
0,27110791213,637861966
0,27246513418,634254220
0,27248809347,631097442
0,27251104141,628460261
0,27253398854,626027728
0,27255693435,623899262
0,27257988085,622036854
0,27260282718,620407247
0,27262577215,618981341
0,27264871739,617733673
0,27267166243,616641963
0,27269460737,615686717
0,27271755255,614850877
0,27274049765,614244517
0,27276344257,613588952
0,27278638763,613015333
0,27280933289,612513416
0,27283227798,612074239
0,27285522291,611689959
0,27287816807,611353714
0,27290111343,611184499
0,27292405807,610911436
0,27294700314,610672506
0,27296994845,610463442
0,27299289325,610280511
0,27301583840,610120447
0,27303878365,609980391
0,27306172869,609857842
0,27308467367,609750611
0,27310761885,609656784
0,27313056394,609699686
0,27315350886,609612225
0,27317645394,609535696
0,27319939917,609468734
0,27322234424,609410142
0,27324528917,609358874
0,27326823436,609314014
0,27329117970,609274762
0,27331412447,609240416
0,27333706944,609210364
0,27336001476,609309068
0,27338295967,609270434
0,27340590470,609236629
0,27342884994,609207050
0,27345179500,609181168
0,27347473999,609158522
0,27349768515,609138706
0,27352063024,609246367
0,27354357515,609215571
0,27356652022,609188624
0,27358946544,609165046
0,27361241053,609144415
0,27363535547,609126363
0,27365830065,609110567
0,27368124602,609096746
0,27370419078,609084652
0,27372713573,609074070
0,27375008103,609189811
0,27377302593,609166084
0,27379597098,609145323
0,27381891623,609127157
0,27384186129,609111262
0,27386480629,609097354
0,27463952282,609085184
0,27468544568,609074536
0,27473136978,609065219
0,27479732899,609057066
0,27484325253,609049932
0,27488917441,609043690
0,27493509747,609038228
0,27496954510,609033449
0,27500398856,609029267
0,27504991079,609025608
0,27509583316,609022407
0,27514175744,609019606
0,27516470539,609017155
0,27518767134,609015010
0,27854495910,625888133
0,27856791908,623902116
0,27859086763,622289351
0,27861381515,620753182
0,27863676144,619409034
0,27865970850,618232904
0,27868265534,617328791
0,27870560092,616412692
0,27872854685,615611105
0,27875149227,615034716
0,27877443780,614405376
0,27879738370,613854704
0,27882032935,613497866
0,27884327468,613060632
0,27886622024,612678053
0,27888916607,612343296
0,27891211167,612175384
0,27893505719,611903461
0,27895800306,611665528
0,27898094903,611582337
0,27900389337,611384544
0,27902683785,611211476
0,27904978238,611060041
0,27907272687,611052535
0,27909567147,610920968
0,27911861601,610805847
0,27914156053,610830116
0,27916450508,610726351
0,27918744975,610635557
0,27921039430,610681112
0,27923333869,610595973
0,27925628317,610521476
0,27927922771,610456291
0,27930217220,610524254
0,27932511679,610458722
0,27934806147,610401381
0,27937100605,610476208
0,27939395039,610416682
0,27941689487,610364596
0,27943983942,610319021
0,27946278393,610279143
0,27948572851,610244250
0,27950867306,610213718
0,27953161754,610312003
0,27955456212,610273002
0,27957750681,610238876
0,27960045133,610334016
0,27962339574,610292264
0,27964634020,610255731
0,27966928475,610223764
0,27969222926,610320793
0,27971517381,610280693
0,27973811850,610245606
0,27976106308,610339905
0,27978400744,610297416
0,27980695191,610260239
0,27982989666,610227709
0,27985284095,610199245
0,27987578553,610174339
0,27989873008,610152546
0,27992167456,610258477
0,27994461914,610226167
0,27996756382,610197896
0,28073087242,610173159
0,28077679619,610026514
0,28082272135,609898199
0,28088868223,609785924
0,28093460688,609687683
0,28098053002,609726722
0,28102645398,609635881
0,28106090269,609681395
0,28109534676,609596220
0,28114127008,609646692
0,28118719352,609565855
0,28123311899,609495123
0,28125606744,609433232
0,28127903397,609379078
0,28463640256,609331693
0,28465936311,609290231
0,28468231216,609253952
0,28470526028,609222208
0,28472820727,609194432
0,28475115472,609295128
0,28477410217,609258237
0,28479704823,609225957
0,28481999493,609197712
0,28484294066,609172998
0,28486588679,609151373
0,28488883325,609132451
0,28491177941,609115894
0,28493472535,609101407
0,28495767164,609088731
0,28498061802,609202639
0,28500356404,609177309
0,28502651005,609155145
0,28504945649,609135751
0,28507240298,609118782
0,28509534791,609103934
0,28511829308,609090942
0,28514123800,609204574
0,28516418310,609179002
0,28518712819,609156626
0,28521007350,609262047
0,28523301844,609229291
0,28525596349,609200629
0,28527890871,609175550
0,28530185380,609153606
0,28532479879,609134405
0,28534774396,609117604
0,28537068905,609227903
0,28539363397,609199415
0,28541657905,609174488
0,28543952430,609152677
0,28546246939,609133592
0,28548541433,609116893
0,28550835952,609102281
0,28553130446,609214495
0,28555424958,609187683
0,28557719464,609164222
0,28560013995,609268694
0,28562308485,609235107
0,28564602993,609205718
0,28566897518,609180003
0,28569192022,609157502
0,28571486523,609137814
0,28573781038,609120587
0,28576075550,609230513
0,28578370045,609201698
0,28580664548,609176485
0,28582959074,609154424
0,28585253584,609135121
0,28587548079,609118230
0,28589842596,609103451
0,28592137109,609215519
0,28594431598,609188579
0,28596726104,609165006
0,28599020638,609269380
0,28601315129,609235707
0,28603609638,609206243
0,28605904161,609180462
0,28682236859,609157904
0,28686829366,609138166
0,28691421981,609120895
0,28698018241,609230783
0,28702610799,609201935
0,28707203222,609176693
0,28711795748,609154606
0,28715240682,609135280
0,28718685173,609118370
0,28723277613,609103573
0,28727870075,609090626
0,28732462734,609079297
0,28734757650,609069384
0,28737054358,609185711
0,29072799336,609162497
0,29075095451,609267184
0,29077390394,609233786
0,29079685253,609204562
0,29081980010,609178991
0,29084274807,609156617
0,29086569614,609137039
0,29088864277,609119909
0,29091158998,609229920
0,29093453630,609201180
0,29095748314,609176032
0,29098043016,609279028
0,29100337675,609244149
0,29102632318,609213630
0,29104927005,609186926
0,29107221694,609163560
0,29109516356,609143115
0,29111811028,609125225
0,29114105710,609234571
0,29116400418,609205249
0,29118694961,609179592
0,29120989536,609157143
0,29123284080,609137500
0,29125578651,609120312
0,29127873217,609105273
0,29130167799,609092113
0,29132462352,609080598
0,29134756928,609070523
0,29137051506,609186707
0,29139346057,609163368
0,29141640605,609142947
0,29143935179,609125078
0,29146229741,609109443
0,29148524293,609095762
0,29150818872,609083791
0,29153113435,609198317
0,29155408004,609173527
0,29157702547,609151836
0,29159997125,609132856
0,29162291572,609491249
0,29164586032,609679842
0,29166880488,609844861
0,29169174938,610114253
0,29171469395,610224971
0,29173763864,610321849
0,29176058316,610531617
0,29178352758,610715164
0,29180647206,610750768
0,29182941661,610781922
0,29185236110,610934181
0,29187530568,610942408
0,29189825036,610949607
0,29192119473,611080906
0,29194413932,611195792
0,29196708380,611171318
0,29199002834,611274903
0,29201297284,611365540
0,29203591741,611319847
0,29205886197,611279866
0,29208180647,611369882
0,29210475106,611323646
0,29212769576,611283190
0,29215064029,611372791
0,29290253984,620576192
0,29294846622,619504168
0,29299439337,618691147
0,29306035772,618229753
0,29310628421,617451033
0,29315220954,616894653
0,29319813610,616282821
0,29323258607,615747468
0,29326703184,615154034
0,29331295732,614884779
0,29335888313,614524181
0,29340481083,614333658
0,29342776070,613791950
0,29345072834,613442956
0,29546218591,637887586
0,29681973171,634276637
0,29684269338,631117057
0,29686564342,628352424
0,29688859259,625933371
0,29691154068,623941699
0,29693448924,622073986
0,29695743802,620439737
0,29698038521,619134769
0,29700333284,617867922
0,29702627966,616759431
0,29704922708,615789502
0,29707217461,614940814
0,29709512180,614198212
0,29711806894,613548435
0,29714101621,613104880
0,29716396370,612591770
0,29718691082,612142798
0,29720985811,611749948
0,29723280544,611406204
0,29725575312,611105428
0,29727869912,610842249
0,29730164540,610736967
0,29732459145,610519846
0,29734753787,610329865
0,29737048408,610288631
0,29739343033,610127552
0,29741637637,609986608
0,29743932271,609863282
0,29746226899,609755371
0,29748521511,609660949
0,29750816130,609578330
0,29753110744,609631038
0,29755405365,609552158
0,29757699967,609483138
0,29759994602,609422745
0,29762289217,609369901
0,29764583846,609323663
0,29766878447,609283205
0,29769173078,609372804
0,29771467586,609326203
0,29773762116,609285427
0,29776056628,609374748
0,29778351120,609327904
0,29780645626,609286916
0,29782940154,609251051
0,29785234657,609219669
0,29787529159,609192210
0,29789823678,609168183
0,29792118174,609272160
0,29794412681,609238140
0,29796707189,609208372
0,29799001714,609307325
0,29801296203,609268909
0,29803590725,609235295
0,29805885229,609205883
0,29808179735,609180147
0,29810474245,609157628
0,29812768774,609137924
0,29815063285,609245683
0,29817357778,609214972
0,29819652286,609188100
0,29821946814,609164587
0,29824241319,609144013
0,29899433109,609126011
0,29904025855,609235259
0,29908618682,609205851
0,29915215275,609180119
0,29919808056,609157604
0,29924400688,609137903
0,29928993452,609120665
0,29932438536,609105581
0,29935883195,609092383
0,29940475856,609080835
0,29945068564,609195730
0,29949661426,609171263
0,29951956470,609149855
0,29954253286,609131123
0,30290014610,625989732
0,30292310840,624116015
0,30294605893,622351513
0,30296900868,620807573
0,30299195729,619581626
0,30301490647,618383922
0,30303785593,617335931
0,30306080348,616543939
0,30308375176,615725946
0,30310669907,615010202
0,30312964708,614383926
0,30315259510,613960935
0,30317554292,613465818
0,30319849064,613032590
0,30322143844,612778516
0,30324438653,612431201
0,30326733435,612127300
0,30329028201,611986387
0,30331322996,611863088
0,30333617814,611630202
0,30335912473,611426426
0,30338207152,611373122
0,30340501818,611201481
0,30342796530,611051295
0,30345091186,611044883
0,30347385875,610914272
0,30349680529,610799988
0,30351975222,610699989
0,30354269901,610737490
0,30356564574,610645303
0,30358859250,610564640
0,30361153918,610619060
0,30363448599,610541677
0,30365743272,610473967
0,30368037944,610539721
0,30370332621,610597255
0,30372627300,610522598
0,30374921957,610457273
0,30377216641,610525113
0,30379511209,610459473
0,30381805810,610402038
0,30384100362,610476783
0,30386394914,610417185
0,30388689470,610365036
0,30390984056,610319406
0,30393278610,610404480
0,30395573174,610353920
0,30397867751,610309680
0,30400162300,610395970
0,30402456867,610346473
0,30404751447,610303163
0,30407046029,610390267
0,30409340560,610341483
0,30411635131,610298797
0,30413929691,610261447
0,30416224250,610353766
0,30418518820,610309545
0,30420813290,610270851
0,30423107728,610361994
0,30425402186,610316744
0,30427696634,610277151
0,30429991090,610242507
0,30432285539,610337193
0,30434579997,610295043
0,30508627083,610133162
0,30513219941,609991516
0,30517812898,609867576
0,30524409640,609759129
0,30529002529,609789237
0,30533595273,609690582
0,30538188146,609729259
0,30541633318,609638101
0,30545078057,609683338
0,30549670834,609597920
0,30554263651,609523180
0,30558856632,609457782
0,30561151728,609525559
0,30563448603,609459864
0,30899218137,609402381
0,30901514428,609352083
0,30903809551,609308072
0,30906104565,609394563
0,30908399488,609345242
0,30910694455,609302086
0,30912989458,609264325
0,30915284265,609231284
0,30917579155,609202373
0,30919873945,609177076
0,30922168798,609279941
0,30924463660,609244948
0,30926758512,609214329
0,30929053299,609312537
0,30931348166,609273469
0,30933643026,609239285
0,30935937866,609209374
0,30938232683,609183202
0,30940527539,609160301
0,30942822428,609140263
0,30945117126,609247730
0,30947411866,609216763
0,30949706582,609189667
0,30952001352,609290958
0,30954296059,609254588
0,30956590809,609222764
0,30958885521,609194918
0,30961180268,609295553
0,30963475007,609258608
0,30965769752,609226282
0,30968064463,609322996
0,30970359194,609282621
0,30972653926,609247293
0,30974948656,609216381
0,30977243380,609189333
0,30979538119,609165666
0,30981832868,609144957
0,30984127566,609251837
0,30986422310,609220357
0,30988716950,609192812
0,30991011587,609293710
0,30993306190,609256996
0,30995600803,609224871
0,30997895418,609196762
0,31000190055,609297166
0,31002484671,609260020
0,31004779306,609227517
0,31007073917,609324077
0,31009368532,609283567
0,31011663150,609248121
0,31013957787,609217105
0,31016252421,609189966
0,31018547013,609166220
0,31020841643,609145442
0,31023136255,609252261
0,31025430874,609220728
0,31027725516,609193137
0,31030020023,609293994
0,31032314525,609257244
0,31034609031,609225088
0,31036903539,609196952
0,31039198047,609297333
0,31041492557,609260166
0,31043787086,609227645
0,31117835973,609199189
0,31122428944,609174290
0,31127022008,609277503
0,31133618914,609242815
0,31138211913,609212463
0,31142804789,609185905
0,31147397763,609162666
0,31150843017,609142332
0,31154287833,609124540
0,31158880729,609108972
0,31163473660,609095350
0,31168066746,609208431
0,31170361906,609182377
0,31172658833,609159579
0,31508436617,609139631
0,31510732979,609122177
0,31513028118,609231904
0,31515323217,609202916
0,31517618191,609177551
0,31519913215,609155357
0,31522208270,609260937
0,31524503138,609228319
0,31526798100,609199779
0,31529092927,609299806
0,31531387845,609262330
0,31533682756,609229538
0,31535977666,609200845
0,31538272506,609175739
0,31540567434,609153771
0,31542862351,609134549
0,31545157246,609242730
0,31547452122,609212388
0,31549747052,609185839
0,31552041955,609287609
0,31554336738,609251657
0,31556631528,609220199
0,31558926301,609192674
0,31561221124,609168589
0,31563515893,609147515
0,31565810715,609129075
0,31568105461,609237940
0,31570400274,609208197
0,31572695063,609182172
0,31574989866,609159400
0,31577284630,609139475
0,31579579422,609122040
0,31581874212,609106785
0,31584168995,609218436
0,31586463779,609191131
0,31588758589,609167239
0,31591053352,609271334
0,31593348136,609237417
0,31595642930,609207739
0,31597937632,609181771
0,31600232318,609159049
0,31602526984,609139167
0,31604821668,609121771
0,31607116323,609231549
0,31609411020,609202605
0,31611705686,609177279
0,31614000380,609280119
0,31616295043,609245104
0,31618589720,609214466
0,31620884396,609187657
0,31623179086,609289199
0,31625473779,609253049
0,31627768442,609221417
0,31630063088,609318739
0,31632357786,609278896
0,31634652456,609244034
0,31636947156,609213529
0,31639241715,609186837
0,31641536278,609163482
0,31643830843,609143046
0,31646125405,609250165
0,31648419972,609218894
0,31650714554,609191532
0,31653009118,609292590
0,31727059805,609381016
0,31731652913,609333389
0,31736246087,609291715
0,31742843161,609255250
0,31747436273,609223343
0,31752029236,609320425
0,31756622347,609280371
0,31760067661,609370324
0,31763512587,609324033
0,31768105592,609408528
0,31771551413,609857462
0,31776144611,610250279
0,31778439831,610218994
0,31780736829,610191619
0,31981882657,635042666
0,32117670100,631787332
0,32119966523,628938915
0,32122261714,626446550
0,32124556873,624265731
0,32126851905,622357514
0,32129146983,620812824
0,32131442098,619336221
0,32133737038,618044193
0,32136032015,617038668
0,32138326928,616033834
0,32140621897,615154604
0,32142916867,614385278
0,32145211829,613837118
0,32147506730,613232478
0,32149801730,612703418
0,32152096682,612365490
0,32154391642,611944803
0,32156686570,611576702
0,32158981558,611254614
0,32161276513,610972787
0,32163571357,610726188
0,32165866205,610510414
0,32168161030,610446612
0,32170455915,610265785
0,32172750756,610107561
0,32175045593,610094115
0,32177340425,609957350
0,32179635289,609837681
0,32181930136,609732970
0,32184224992,609766348
0,32186519818,609670554
0,32188814682,609586734
0,32191109511,609638392
0,32193404355,609558593
0,32195699189,609488768
0,32197994057,609427672
0,32200288872,609374213
0,32202583719,609327436
0,32204878571,609286506
0,32207173326,609375692
0,32209468072,609328730
0,32211762810,609287638
0,32214057509,609376683
0,32216352250,609329597
0,32218646996,609288397
0,32220941722,609252347
0,32223236469,609220803
0,32225531194,609193202
0,32227825941,609169051
0,32230120658,609272919
0,32232415408,609238804
0,32234710172,609208953
0,32237004873,609307833
0,32239299572,609269353
0,32241594331,609235683
0,32243889059,609206222
0,32246183812,609305444
0,32248478433,609267263
0,32250773067,609233855
0,32253067648,609329623
0,32255362296,609288420
0,32257656913,609252367
0,32259951552,609220821
0,32262246171,609193218
0,32336298683,609169065
0,32340891913,609147931
0,32345485199,609129439
0,32352082411,609238259
0,32356675659,609208476
0,32361268732,609182416
0,32365861963,609159614
0,32369307356,609139662
0,32372752389,609122204
0,32377345496,609106928
0,32380791414,609093562
0,32385384713,609081866
0,32387679984,609071632
0,32389977039,609062678
0,32725771440,625929843
0,32728067877,624063612
0,32730363155,622430660
0,32732658364,620876827
0,32734953455,619517223
0,32737248587,618452570
0,32739543763,617395998
0,32741838762,616471498
0,32744133791,615787560
0,32746428764,615064115
0,32748723807,614431100
0,32751018791,614002212
0,32753313828,613626935
0,32755608791,613173568
0,32757903851,612776872
0,32760198854,612554763
0,32762493876,612235417
0,32764788875,611955989
0,32767083879,611836490
0,32769378921,611731928
0,32771673815,611515437
0,32773968723,611326007
0,32776263600,611285256
0,32778558546,611124599
0,32780853445,610984024
0,32783148336,610986021
0,32785443229,610862768
0,32787738165,610754922
0,32790033027,610785556
0,32792327970,610812361
0,32794622847,610710815
0,32796917768,610621963
0,32799212650,610669217
0,32801507556,610585564
0,32803802461,610512368
0,32806097344,610573322
0,32808392247,610626656
0,32810687145,610548324
0,32812982055,610479783
0,32815276862,610544810
0,32817571670,610476708
0,32819866467,610417119
0,32822161221,610489979
0,32824456022,610428731
0,32826750841,610375139
0,32829045581,610453246
0,32831340414,610521590
0,32833635189,610456391
0,32835929994,610399342
0,32838224766,610474424
0,32840519577,610415121
0,32842814413,610363230
0,32845109148,610442826
0,32847403912,610387472
0,32849698744,610339038
0,32851993488,610296658
0,32854288316,610384575
0,32856582998,610336503
0,32858877691,610294440
0,32861172325,610382635
0,32863467034,610334805
0,32865761722,610292954
0,32868056376,610381334
0,32870351082,610458667
0,32944405430,619401333
0,32948998747,618476166
0,32953592171,617791645
0,32960189545,617442689
0,32964782926,616762352
0,32969376099,616292058
0,32973969439,615755550
0,32977414922,615286106
0,32980860040,614750342
0,32985453261,614531549
0,32988899263,614090105
0,32993492675,613953841
0,32995788019,613459610
0,32998085088,613152158
0,33199230986,637758138
0,33335035062,634288370
0,33337331588,631127323
0,33339626915,628361407
0,33341922182,625941231
0,33344217327,623948577
0,33346512520,622080004
0,33348807768,620445003
0,33351102780,619139377
0,33353397897,617871954
0,33355692922,616762959
0,33357988002,615792589
0,33360283060,614943515
0,33362577520,614450575
0,33364871976,614019253
0,33367166430,613766846
0,33369460886,613545990
0,33371755358,613227741
0,33374049771,613074273
0,33376344255,612939988
0,33378638704,612697489
0,33380933161,612485302
0,33383227611,612424639
0,33385522070,612371559
0,33387816542,612200114
0,33390110956,612175099
0,33392405440,612153211
0,33394699910,612009059
0,33396994324,611882926
0,33399288796,611897560
0,33401583256,611785365
0,33403877713,611687194
0,33406172166,611726294
0,33408466623,611760507
0,33410761094,611665443
0,33413055506,611707262
0,33415349991,611743854
0,33417644439,611650872
0,33419938898,611569513
0,33422233350,611623323
0,33424527809,611670407
0,33426822265,611586606
0,33429116695,611638280
0,33431411177,611683495
0,33433705646,611598058
0,33436000060,611648300
0,33438294532,611692262
0,33440588993,611605729
0,33442883449,611530012
0,33445177900,611588760
0,33447472359,611640165
0,33449766830,611560144
0,33452061243,611615126
0,33454355729,611663235
0,33456650177,611580330
0,33458944632,611507788
0,33461239084,611569314
0,33463533545,611623149
0,33465828001,611545255
0,33468122452,611602098
0,33470416913,611651835
0,33472711383,611570355
0,33475005796,611624060
0,33477300267,611671052
0,33479594728,611587170
0,33552527291,620388773
0,33557120701,619465176
0,33561714278,618657029
0,33568311793,618199900
0,33572905294,617424912
0,33577498582,616871798
0,33582092008,616387823
0,33585537604,615839345
0,33588982785,615234426
0,33593576145,614955122
0,33597022207,614585731
0,33601615758,614387514
0,33603911160,613839074
0,33606208283,613484189
0,33807354180,637923665
0,33943166661,651183206
0,33945463247,646035305
0,33947758648,641530891
0,33950053930,637714529
0,33952349163,634375212
0,33954644407,631328310
0,33956939713,628662271
0,33959234777,626454487
0,33961529957,624397676
0,33963825041,622597966
0,33966120154,621148220
0,33968415294,619879692
0,33970709827,618644730
0,33973004297,617689138
0,33975298827,616852995
0,33977593345,615996370
0,33979887877,615246823
0,33982182344,614715970
0,33984476889,614126473
0,33986771410,613610663
0,33989065883,613284330
0,33991360419,612998788
0,33993654929,612623939
0,33995949459,612295946
0,33998243929,612133952
0,34000538474,611867208
0,34002833003,611633807
0,34005127449,611554581
0,34007422004,611485258
0,34009716536,611299600
0,34012011009,611262150
0,34014305538,611229381
0,34016600057,611075708
0,34018894586,610941244
0,34021189053,610948588
0,34023483598,610830014
0,34025778118,610726262
0,34028072593,610760479
0,34030367132,610790419
0,34032661642,610691616
0,34034956137,610605164
0,34037250641,610654518
0,34039545184,610572703
0,34041839713,610501115
0,34044134181,610563475
0,34046428715,610493040
0,34048723247,610431410
0,34051017718,610502483
0,34053312246,610564672
0,34055606768,610494088
0,34057901296,610432327
0,34060195763,610503286
0,34062490311,610440375
0,34064784832,610385328
0,34067079301,610462162
0,34069373841,610529391
0,34071668352,610463217
0,34073962846,610405314
0,34076257372,610479649
0,34078551896,610419692
0,34080846425,610367230
0,34083140891,610446326
0,34085435423,610390535
0,34087729956,610341718
0,34160664323,619174003
0,34165257845,618402252
0,34169851545,617601970
0,34176449225,617276723
0,34181042813,616742132
0,34185636240,616274365
0,34190229777,615865069
0,34193675463,615256935
0,34197120709,614849818
0,34201714224,614618590
0,34205160353,614291266
0,34209754037,614004857
0,34212049454,613629249
0,34214346664,613300592
0,34415492569,637763018
0,34551313466,651042640
0,34553610116,645912310
0,34555905575,641423271
0,34558200912,637620362
0,34560496207,634167816
0,34562791522,631146839
0,34565086843,628628484
0,34567381995,626424923
0,34569677226,624371807
0,34571972346,622575331
0,34574267535,621128414
0,34576562738,619737362
0,34578857330,618520191
0,34581151854,617580167
0,34583446446,616632646
0,34585741038,615803565
0,34588035585,615203119
0,34590330140,614677729
0,34592624734,614093012
0,34594919313,613581385
0,34597213841,613258711
0,34599508439,612851372
0,34601803023,612494950
0,34604097568,612308081
0,34606392124,612144570
0,34608686744,611876498
0,34610981156,611641935
0,34613275629,611561693
0,34615570090,611366481
0,34617864547,611195670
0,34620159000,611171211
0,34622453459,611024809
0,34624747929,610896707
0,34627042343,610909618
0,34629336827,610920915
0,34631631278,610805800
0,34633925735,610705075
0,34636220186,610741940
0,34638514646,610649197
0,34640809116,610568047
0,34643103529,610622041
0,34645398015,610669285
0,34647692485,610585624
0,34649986900,610512421
0,34652281371,610573368
0,34654575833,610501697
0,34656870290,610438984
0,34659164742,610509111
0,34661459203,610445472
0,34663753673,610389788
0,34666048086,610466064
0,34668342573,610532806
0,34670637022,610466205
0,34672931480,610407929
0,34675225930,610481937
0,34677520391,610421694
0,34679814849,610368982
0,34682109273,610447859
0,34684403760,610516876
0,34686698231,610452266
0,34688992644,610395732
0,34691287118,610471265
0,34693581578,610412356
0,34695876037,610360811
0,34698170487,610440709
0,34769963796,610260620
0,34774557454,610103042
0,34779151248,610090161
0,34785749133,609953890
0,34790342824,609834653
0,34794936338,609730321
0,34799530014,609639030
0,34802975763,609559151
0,34806421119,609489257
0,34811014724,609553099
0,34814460966,609483961
0,34819054740,609548465
0,34821350243,609479906
0,34823647504,609419917
0,35159475550,626242427
0,35161772273,624212123
0,35164067747,622560607
0,35166363173,621115531
0,35168658517,619726089
0,35170953870,618510327
0,35173249267,617571536
0,35175544481,616625094
0,35177839772,615796957
0,35180134927,615197337
0,35182430196,614672669
0,35184725473,614088585
0,35187020083,613702511
0,35189314683,613364697
0,35191609337,612944109
0,35193903988,612576095
0,35196198590,612379083
0,35198493206,612081697
0,35200787873,611821484
0,35203082468,611718798
0,35205377083,611628948
0,35207671732,611425329
0,35209966354,611247162
0,35212260972,611216266
0,35214555592,611064232
0,35216850272,610931203
0,35219144718,610939802
0,35221439275,610947326
0,35223733807,610828910
0,35226028280,610850296
0,35228322808,610869009
0,35230617330,610760382
0,35232911859,610665334
0,35235206329,610707167
0,35237500875,610618771
0,35239795398,610541424
0,35242089872,610598746
0,35244384410,610648902
0,35246678920,610567789
0,35248973428,610496815
0,35251267917,610559713
0,35253562465,610489748
0,35255856995,610428529
0,35258151444,610499962
0,35260445996,610562466
0,35262740532,610492157
0,35265035004,610555637
0,35267329544,610611182
0,35269624056,610534784
0,35271918563,610467936
0,35274213052,610534444
0,35276507601,610467638
0,35278802125,610409183
0,35281096598,610483035
0,35283391136,610547655
0,35285685668,610479198
0,35287980141,610419298
0,35290274642,610491885
0,35292569192,610430399
0,35294863723,610376599
0,35297158170,610454524
0,35299452726,610522708
0,35301747258,610457369
0,35304041734,610525197
0,35306336270,610584547
0,35378131361,619261478
0,35382725175,618478793
0,35387319060,617793943
0,35393917095,617319700
0,35398510924,616779737
0,35403104526,616307269
0,35407698363,615893860
0,35411144158,615407127
0,35414589625,614981236
0,35419183342,614733581
0,35422629671,614266883
0,35427223559,614108522
0,35429519125,613594956
0,35431816447,613145586
0,35632962361,637627387
0,35768800204,634048963
0,35771096943,631042842
0,35773392504,628287486
0,35775688003,625876550
0,35777983363,623766981
0,35780278792,622046108
0,35782574253,620415344
0,35784869527,618988426
0,35787164852,617864872
0,35789460090,616756763
0,35791755431,615787167
0,35794050724,615063771
0,35796345421,614305799
0,35798640073,613642574
0,35800934764,613062252
0,35803229491,612679470
0,35805524156,612219536
0,35807818833,611817094
0,35810113526,611589957
0,35812408210,611266212
0,35814702899,610982935
0,35816997564,610735068
0,35819292262,610643184
0,35821586942,610437786
0,35823881622,610258062
0,35826176336,610225804
0,35828470864,610072578
0,35830765495,609938505
0,35833060043,609946191
0,35835354604,609827917
0,35837649183,609724427
0,35839943742,609633873
0,35842238347,609679638
0,35844532880,609594683
0,35846827487,609520347
0,35849122038,609580303
0,35851416599,609507765
0,35853711209,609444294
0,35856005736,609513757
0,35858300321,609574537
0,35860594873,609502719
0,35862889331,609689879
0,35865183784,609978644
0,35867478243,610231313
0,35869772715,610327398
0,35872067128,610536473
0,35874361613,610719413
0,35876656062,610754486
0,35878950499,610785175
0,35881244973,610937028
0,35883539434,611069899
0,35885833891,611061161
0,35888128319,611178515
0,35890422804,611281200
0,35892717277,611246050
0,35895011691,611340293
0,35897306165,611422756
0,35899600625,611494911
0,35901895083,611433047
0,35904189535,611503916
0,35906483994,611565926
0,35908778465,611495185
0,35911072879,611558286
0,35913367366,611613500
0,35915661815,611536812
0,35986314291,620094710
0,35990908206,619082871
0,35995502229,618322512
0,36002100404,617907198
0,36006694396,617293798
0,36011288089,616757073
0,36015882048,616162438
0,36019327923,615642133
0,36022773499,615061866
0,36027367320,614804132
0,36030813736,614328615
0,36035407739,614162538
0,36037703377,613642220
0,36040000715,613311942
0,36241146674,637897949
0,36376993008,651160705
0,36379289822,646140616
0,36381585445,641623039
0,36383881004,637670159
0,36386176399,634336389
0,36388471911,631419340
0,36390767445,628741922
0,36393062735,626524181
0,36395358148,624583658
0,36397653438,622760700
0,36399948817,621165612
0,36402244184,619894910
0,36404538946,618658046
0,36406833658,617575790
0,36409128379,616753816
0,36411423193,616034589
0,36413717930,615280265
0,36416012624,614745231
0,36418307393,614277077
0,36420602141,613742442
0,36422896868,613274636
0,36425191588,612990306
0,36427486369,612741517
0,36429781123,612398827
0,36432075820,612223973
0,36434370621,612070976
0,36436665201,611812104
0,36438959869,611585591
0,36441254493,611512392
0,36443549117,611323343
0,36445843756,611157925
0,36448138349,611138184
0,36450433037,611120911
0,36452727645,610980797
0,36455022268,610983197
0,36457316895,610985297
0,36459611520,610862134
0,36461906167,610754367
0,36464200770,610785071
0,36466495418,610686937
0,36468790042,610601069
0,36471084516,610650935
0,36473379057,610694568
0,36475673589,610607747
0,36477968077,610531778
0,36480262567,610590305
0,36482557115,610516516
0,36484851625,610451951
0,36487146096,610520457
0,36489440653,610580399
0,36491735186,610507849
0,36494029659,610569367
0,36496324164,610623196
0,36498618712,610545296
0,36500913223,610477134
0,36503207714,610542492
0,36505502251,610474680
0,36507796784,610415345
0,36510091258,610488426
0,36512385798,610552372
0,36514680329,610483325
0,36516974818,610422909
0,36519269308,610495045
0,36521563856,610433164
0,36523858366,610379018
0,36594512633,618956640
0,36599106639,618212060
0,36603700822,617560552
0,36610299142,617240483
0,36614893235,616585422
0,36619487066,616137244
0,36624081116,615745088
0,36627527103,615276952
0,36630972743,614742333
0,36635566703,614524541
0,36639013184,614208973
0,36643607327,614057851
0,36645903001,613550619
0,36648200418,613231791
0,36849346397,637702817
0,36985201255,650989964
0,36987498150,645991218
0,36989793848,641492315
0,36992089424,637680775
0,36994384905,634345678
0,36996680490,631302468
0,36998976041,628639659
0,37001271409,626434701
0,37003566884,624380363
0,37005862236,622582817
0,37008157650,621134964
0,37010453099,619868093
0,37012747934,618634581
0,37015042662,617680258
0,37017337473,616845225
0,37019632338,615989571
0,37021927113,615240874
0,37024221883,614710764
0,37026516716,614121918
0,37028811524,613606678
0,37031106280,613280843
0,37033401087,612995737
0,37035695942,612621269
0,37037990713,612293610
0,37040285487,612131908
0,37042580350,611865419
0,37044874969,611632241
0,37047169694,611553210
0,37049464401,611484058
0,37051759100,611298550
0,37054053754,611261231
0,37056348434,611228577
0,37058643174,611075004
0,37060937821,610940628
0,37063232522,610948049
0,37065527210,610829542
0,37067821896,610725849
0,37070116572,610760117
0,37072411264,610790102
0,37074705985,610691339
0,37077000625,610729921
0,37079295176,610763680
0,37081589779,610668220
0,37083884350,610584692
0,37086178896,610636605
0,37088473469,610682029
0,37090768090,610596775
0,37093062616,610647178
0,37095357174,610691280
0,37097651784,610604870
0,37099946353,610529261
0,37102240905,610588103
0,37104535472,610514590
0,37106829931,610450266
0,37109124358,610518982
0,37111418845,610579109
0,37113713317,610506720
0,37116007731,610568380
0,37118302204,610622332
0,37120596667,610544540
0,37122891102,610476472
0,37125185557,610541913
0,37127480036,610599173
0,37129774509,610524276
0,37132068923,610583741
0,37134363410,610635773
0,37203873649,610431301
0,37208467794,610252388
0,37213062069,610220839
0,37219660580,610068234
0,37224254784,610059704
0,37228848741,609927241
0,37233442907,609811335
0,37236888959,609709918
0,37240334713,609746178
0,37244928763,609652905
0,37248375358,609571291
0,37252969590,609499879
0,37255265342,609562394
0,37257562822,609492094
0,37593425030,626305582
0,37595721999,624267384
0,37598017713,622608961
0,37600313366,621157840
0,37602608912,619763110
0,37604904534,618542721
0,37607200140,617599880
0,37609495593,616774895
0,37611791141,615928033
0,37614086509,615312028
0,37616382012,614773024
0,37618677536,614176396
0,37620972387,613654346
0,37623267191,613322552
0,37625562065,612907233
0,37627856968,612543828
0,37630151798,612350849
0,37632446652,612181992
0,37634741560,611909243
0,37637036385,611795587
0,37639331217,611696138
0,37641626089,611484120
0,37643920982,611298605
0,37646215808,611261279
0,37648510666,611228619
0,37650805591,611075041
0,37653100239,611065660
0,37655395050,611057452
0,37657689834,610925270
0,37659984549,610809611
0,37662279278,610833409
0,37664574020,610729232
0,37666868801,610638078
0,37669163505,610683318
0,37671458289,610722903
0,37673753050,610632540
0,37676047752,610678472
0,37678342517,610718663
0,37680637262,610628830
0,37682932020,610550226
0,37685226738,610606447
0,37687521351,610530641
0,37689816016,610464310
0,37692110615,610531271
0,37694405250,610589862
0,37696699897,610516129
0,37698994535,610451612
0,37701289136,610520160
0,37703583758,610455140
0,37705878406,610398247
0,37708173034,610473466
0,37710467668,610539282
0,37712762310,610471871
0,37715056784,610537887
0,37717351300,610595651
0,37719645839,610521194
0,37721940350,610456044
0,37724234840,610524038
0,37726529375,610458533
0,37728823900,610401216
0,37731118365,610476064
0,37733412909,610541556
0,37735707462,610473861
0,37738001950,610539628
0,37740296440,610597174
0,37742590991,610522527
0,37812102983,618957211
0,37816697289,618212559
0,37821291658,617560989
0,37827890323,617115865
0,37832484667,616601381
0,37837078715,616151208
0,37841673043,615757307
0,37845119137,615287643
0,37848565006,614876687
0,37853159152,614642101
0,37856605857,614311838
0,37861200182,614147858
0,37863496018,613754375
0,37865793559,613285078
0,38066939538,637749443
0,38202794517,634155762
0,38205091481,631136291
0,38207387248,628369254
0,38209682940,625948097
0,38211978468,623829584
0,38214274132,622100886
0,38216569770,620463275
0,38218865223,619030365
0,38221160792,617901569
0,38223456214,616788872
0,38225751755,615815263
0,38228047262,615088355
0,38230342166,614452310
0,38232636986,613770771
0,38234931865,613174424
0,38237226809,612777621
0,38239521672,612305418
0,38241816552,611892240
0,38244111455,611655710
0,38246406334,611323746
0,38248701203,611033277
0,38250996058,610779117
0,38253290991,610681727
0,38255585846,610471511
0,38257880707,610287572
0,38260175655,610251625
0,38262470354,610095171
0,38264765204,609958274
0,38267059972,609963489
0,38269354740,609968052
0,38271649507,609847045
0,38273944232,609741164
0,38276239054,609773518
0,38278533790,609676828
0,38280828575,609592224
0,38283123355,609643196
0,38285418111,609562796
0,38287712916,609492446
0,38290007642,609555890
0,38292302442,609611403
0,38294597189,609534977
0,38296891806,609468104
0,38299186491,609534591
0,38301481143,609467767
0,38303775805,609409296
0,38306070447,609483134
0,38308365138,609547742
0,38310659778,609479274
0,38312954382,609419364
0,38315249071,609491943
0,38317543733,609430450
0,38319838365,609376643
0,38322133029,609454562
0,38324427557,609397741
0,38326722110,609348023
0,38329016633,609429520
0,38331311185,609500830
0,38333605702,609438226
0,38335900243,609383447
0,38338194790,609460516
0,38340489306,609402951
0,38342783877,609352582
0,38345078425,609433509
0,38347372964,609379320
0,38349667494,609331905
0,38351962026,609290416
0,38420327571,617879114
0,38424921897,617144224
0,38429516343,616626196
0,38436115047,616422921
0,38440709485,615995055
0,38445303556,615620673
0,38449897917,615168088
0,38453344074,614772077
0,38456789979,614300567
0,38461384175,614137996
0,38464830891,613745746
0,38469425288,613652527
0,38471721164,613195961
0,38474018687,612921465
0,38675161674,637556281
0,38811023225,650986745
0,38813320241,645988401
0,38815616025,641489850
0,38817911723,637553618
0,38820207271,634234415
0,38822502988,631330113
0,38824798631,628663848
0,38827094101,626455867
0,38829389724,624523883
0,38831685185,622708397
0,38833980708,621119847
0,38836276256,619854866
0,38838571192,618623007
0,38840866012,617545131
0,38843160914,616726989
0,38845455912,616011115
0,38847750813,615259725
0,38850045674,614727259
0,38852340631,614261351
0,38854635550,613728682
0,38856930401,613262596
0,38859225276,612979771
0,38861520264,612732299
0,38863815122,612390761
0,38866110001,612216915
0,38868405003,612064800
0,38870699739,611806700
0,38872994572,611580862
0,38875289381,611508254
0,38877584178,611319722
0,38879878952,611154756
0,38882173696,611135411
0,38884468570,611118484
0,38886763333,610978673
0,38889058114,610981338
0,38891352948,610983670
0,38893647741,610860711
0,38895942528,610753122
0,38898237296,610783981
0,38900532129,610685983
0,38902826877,610600235
0,38905121515,610650205
0,38907416254,610693929
0,38909710945,610607187
0,38912005588,610656288
0,38914300272,610699252
0,38916594992,610611845
0,38918889637,610535364
0,38921184262,610593443
0,38923479004,610644262
0,38925773692,610563729
0,38928068319,610618262
0,38930363037,610665979
0,38932657603,610582731
0,38934952140,610509889
0,38937246704,610571152
0,38939541289,610499758
0,38941835806,610437288
0,38944130369,610507627
0,38946424968,610569173
0,38948719523,610498026
0,38951014076,610560772
0,38953308666,610615675
0,38955603233,610538715
0,38957897769,610471375
0,38960192321,610537453
0,39028558626,618845271
0,39033152974,618114612
0,39037747510,617475285
0,39044346272,617165874
0,39048940732,616520139
0,39053534879,616080121
0,39058129262,615695105
0,39061575482,615233216
0,39065021398,614829064
0,39069615664,614600431
0,39073062395,614275377
0,39077656883,614115954
0,39079952743,613601459
0,39082250308,613276276
0,39283393322,637741741
0,39419258458,651024023
0,39421555507,645896020
0,39423851291,641409017
0,39426147012,637607889
0,39428442613,634281902
0,39430738369,631246664
0,39433033993,628715831
0,39435329516,626501352
0,39437625179,624438683
0,39439920624,622633847
0,39442216168,621179616
0,39444511771,619907164
0,39446806709,618668768
0,39449101546,617710172
0,39451396501,616871400
0,39453691539,616012475
0,39455986424,615260915
0,39458281326,614728300
0,39460576312,614137262
0,39462871236,613620104
0,39465166108,613292591
0,39467461037,613006017
0,39469756051,612630264
0,39472050904,612426481
0,39474345836,612248170
0,39476640878,611967148
0,39478935596,611721254
0,39481230451,611631097
0,39483525312,611552209
0,39485820115,611358182
0,39488114908,611313409
0,39490409704,611274232
0,39492704617,611114953
0,39494999361,610975583
0,39497294185,610978635
0,39499589047,610856305
0,39501883845,610749266
0,39504178654,610780607
0,39506473476,610808031
0,39508768313,610707027
0,39511063078,610743648
0,39513357770,610775692
0,39515652547,610678730
0,39517947222,610593888
0,39520241907,610644652
0,39522536624,610564070
0,39524831344,610493561
0,39527126009,610556865
0,39529420688,610612256
0,39531715471,610535724
0,39534010142,610593758
0,39536304812,610644538
0,39538599557,610563970
0,39540894127,610493473
0,39543188685,610556788
0,39545483301,610612189
0,39547777894,610535665
0,39550072428,610593706
0,39552367043,610644492
0,39554661681,610563930
0,39556956220,610493438
0,39559250814,610556758
0,39561545437,610487163
0,39563840005,610426267
0,39566134561,610497983
0,39568429168,610560735
0,39636796185,618740643
0,39641390606,618023062
0,39645985164,617270179
0,39652584018,616986406
0,39657178505,616488105
0,39661772710,616052091
0,39666367164,615670579
0,39669813400,615086756
0,39673259364,614700911
0,39677853663,614363297
0,39680148082,613942884
0,39682447668,613325023
0,39687042179,612909395
0,39689338093,612545720
0,39691635697,612102505
0,40027500262,628589691
0,40029797317,626265979
0,40032093120,624357731
0,40034388894,622688014
0,40036684534,621102012
0,40038980273,619714260
0,40041275939,618624977
0,40043571490,617546854
0,40045867159,616603497
0,40048162625,615903059
0,40050458223,615290176
0,40052753832,614628904
0,40055048786,614175291
0,40057343678,613778379
0,40059638671,613306081
0,40061933692,612892820
0,40064228598,612656217
0,40066523555,612449189
0,40068818545,612143040
0,40071113487,612000160
0,40073408414,611875140
0,40075703381,611640747
0,40077998379,611435653
0,40080293274,611381196
0,40082588236,611208546
0,40084883281,611057477
0,40087178021,611050292
0,40089472928,611044005
0,40091767797,610913504
0,40094062618,610924316
0,40096357464,610933776
0,40098652298,610817054
0,40100947194,610714922
0,40103241960,610750556
0,40105536837,610781736
0,40107831700,610684019
0,40110126518,610723516
0,40112421382,610758076
0,40114716244,610663316
0,40117011064,610705401
0,40119305883,610742225
0,40121600593,610649446
0,40123895373,610568265
0,40126190071,610622231
0,40128484809,610669452
0,40130779529,610585770
0,40133074267,610637548
0,40135368986,610682854
0,40137663706,610597497
0,40139958472,610522809
0,40142253186,610582457
0,40144547889,610509649
0,40146842634,610445942
0,40149137225,610515199
0,40151431838,610575799
0,40153726491,610503824
0,40156021068,610565846
0,40158315656,610620115
0,40160610311,610542600
0,40162904932,610474775
0,40165199492,610540428
0,40167494141,610597874
0,40169788769,610523139
0,40172083355,610582746
0,40174377963,610634902
0,40176672609,610555539
0,40245040327,618861096
0,40249634842,618128459
0,40254229402,617487401
0,40260828334,617176475
0,40265422897,616654415
0,40270017124,616197613
0,40274611672,615797911
0,40278057901,615323172
0,40281503928,614907775
0,40286098250,614669303
0,40288392724,614210640
0,40290692349,613684310
0,40295286884,613598771
0,40297582828,613148924
0,40299880438,612755308
0,40501023473,637410894
0,40636895879,633859532
0,40639192955,630877090
0,40641488814,628142453
0,40643784591,625749646
0,40646080249,623780940
0,40648376042,622058322
0,40650671749,620426031
0,40652967282,618997777
0,40655262992,617873054
0,40657558492,616763922
0,40659854093,615793431
0,40662149723,615069252
0,40664444731,614310595
0,40666739626,613646770
0,40669034638,613190923
0,40671329712,612792057
0,40673624658,612318049
0,40675919598,611903292
0,40678214609,611665380
0,40680509604,611332207
0,40682804538,611040681
0,40685099523,610910595
0,40687394573,610796770
0,40689689507,610572173
0,40691984454,610375651
0,40694279541,610328694
0,40696574311,610162607
0,40698869222,610017281
0,40701164114,610015120
0,40703458989,609888230
0,40705753839,609777201
0,40708048691,609805050
0,40710343640,609829418
0,40712638446,609725740
0,40714933307,609635022
0,40717228191,609680644
0,40719523062,609595563
0,40721817929,609521117
0,40724112814,609580977
0,40726407687,609508354
0,40728702544,609444809
0,40730997239,609389207
0,40733292060,609465556
0,40735586788,609407361
0,40737881531,609356440
0,40740176272,609436885
0,40742471063,609382274
0,40744765788,609334489
0,40747060526,609417677
0,40749355345,609490467
0,40751650098,609429158
0,40753944786,609375513
0,40756239552,609453573
0,40758534197,609396876
0,40760828813,609347266
0,40763123486,609428857
0,40765418116,609375249
0,40767712723,609328342
0,40770007384,609412299
0,40772302059,609485761
0,40774596657,609425040
0,40776891289,609371910
0,40779185940,609450421
0,40781480579,609394118
0,40783775193,609344853
0,40786069857,609426746
0,40854438348,609373402
0,40859032889,609451726
0,40863627540,609395260
0,40870226500,609470852
0,40874821119,609411995
0,40879415421,609360495
0,40884009993,609440433
0,40887456286,609385378
0,40890902324,609337205
0,40895496723,609295054
0,40897791202,609258172
0,40900090844,609350900
0,40904685474,609307037
0,40906981402,609268657
0,40909279054,609360074
0,41245150975,626190064
0,41247448106,624291306
0,41249743969,622504892
0,41252039764,621066780
0,41254335475,619808432
0,41256629914,618582378
0,41258924296,617509580
0,41261218716,616695882
0,41263513168,615983896
0,41265807572,615235909
0,41268101988,614706420
0,41270396440,614243117
0,41272690855,613712727
0,41274985258,613248636
0,41277279700,612967556
0,41279574126,612596611
0,41281868530,612272034
0,41284162949,612113029
0,41286457403,611973900
0,41288751804,611727162
0,41291046221,611636266
0,41293340673,611556732
0,41295635111,611362140
0,41297929492,611191872
0,41300223912,611167888
0,41302518364,611146902
0,41304812768,611003539
0,41307107183,611003096
0,41309401635,611002709
0,41311696051,610877370
0,41313990454,610767698
0,41316284894,610796735
0,41318579343,610697143
0,41320873728,610610000
0,41323168147,610658750
0,41325462600,610701406
0,41327757003,610613730
0,41330051419,610662013
0,41332345871,610704261
0,41334640308,610616228
0,41336934691,610539199
0,41339229110,610596799
0,41341523563,610647199
0,41343817960,610566299
0,41346112382,610620511
0,41348406835,610667947
0,41350701250,610584453
0,41352995651,610511396
0,41355290093,610572471
0,41357584543,610500912
0,41359878924,610438298
0,41362173342,610508510
0,41364467796,610569946
0,41366762200,610498702
0,41369056615,610561364
0,41371351067,610616193
0,41373645505,610539168
0,41375939887,610471772
0,41378234307,610537800
0,41380528759,610470575
0,41382823159,610411753
0,41385117579,610485283
0,41387412030,610549622
0,41389706433,610480919
0,41392000851,610545804
0,41394295302,610602578
0,41396589739,610527255
0,41463843064,610336348
0,41468437683,610169304
0,41473032356,610148141
0,41479631431,610004623
0,41484226056,610004045
0,41488820414,609878539
0,41493415063,609768721
0,41496861370,609672630
0,41500307472,609713551
0,41504901894,609624357
0,41507196395,609671312
0,41509496090,609587398
0,41514090744,609638973
0,41516386727,609684101
0,41518684396,609598588
0,41854560048,609523764
0,41856857184,609458293
0,41859153068,609526006
0,41861448919,609460255
0,41863744634,609402723
0,41866039093,609477382
0,41868333544,609542709
0,41870627989,609474870
0,41872922425,609415511
0,41875216850,609488572
0,41877511320,609427500
0,41879805778,609374062
0,41882100211,609452304
0,41884394668,609520766
0,41886689129,609455670
0,41888983560,609398711
0,41891278006,609473872
0,41893572477,609414638
0,41895866916,609362808
0,41898161339,609442457
0,41900455809,609387149
0,41902750266,609338755
0,41905044723,609421410
0,41907339176,609493733
0,41909633619,609432016
0,41911928054,609378014
0,41914222480,609455762
0,41916516951,609398791
0,41918811407,609348942
0,41921105841,609430324
0,41923400299,609501533
0,41925694744,609438841
0,41927989212,609383985
0,41930283653,609460986
0,41932578111,609403362
0,41934872546,609352941
0,41937166972,609433823
0,41939461443,609379595
0,41941755899,609332145
0,41944050355,609415626
0,41946344809,609488672
0,41948639253,609427588
0,41950933688,609374139
0,41953228110,609452371
0,41955522585,609395824
0,41957817039,609346346
0,41960111477,609428052
0,41962405932,609499545
0,41964700378,609437101
0,41966994848,609382463
0,41969289301,609459655
0,41971583741,609402198
0,41973878177,609351923
0,41976172604,609432932
0,41978467073,609378815
0,41980761531,609331463
0,41983055988,609415030
0,41985350441,609488151
0,41987644884,609427132
0,41989939320,609373740
0,41992233742,609452022
0,41994528216,609395519
0,41996822670,609346079
0,41999117094,609427819
0,42001411567,609374341
0,42003706023,609327548
0,42006000478,609411604
0,42073254550,609485153
0,42077849226,609424508
0,42082443976,609371444
0,42089043096,609450013
0,42093637815,609393761
0,42098232178,609469540
0,42102826885,609410847
0,42106273245,609484491
0,42109719376,609423929
0,42114313871,609495937
0,42116608413,609433944
0,42118908091,609379701
0,42123502824,609332238
0,42125798811,609290708
0,42128096497,609379369
0,42456680772,608456947
0,42458977941,607649828
0,42461273868,606943599
0,42463569699,606325649
0,42465865428,605784942
0,42468159936,605311824
0,42470454387,604897846
0,42472748846,604535615
0,42475043325,604343663
0,42477337782,604050705
0,42479632232,603794366
0,42481926705,603570070
0,42484221184,603373811
0,42486515643,603202084
0,42488810049,603301823
0,42491104495,603514095
0,42493398895,603699833
0,42495693306,603737353
0,42497987747,603770183
0,42500282177,603923910
0,42502576557,603933421
0,42504870968,603941743
0,42507165415,604074025
0,42509459813,604064771
0,42511754223,604056674
0,42514048666,604174589
0,42516343075,604277765
0,42518637476,604243044
0,42520931887,604212663
0,42523226332,604311080
0,42525520730,604272195
0,42527815136,604238170
0,42530109585,604333398
0,42532403983,604416723
0,42534698393,604364632
0,42536992834,604319053
0,42539287266,604404171
0,42541581643,604353649
0,42543876055,604309442
0,42546170504,604395761
0,42548464900,604346290
0,42550759311,604303003
0,42553053752,604390127
0,42555348163,604466361
0,42557642562,604408065
0,42559936974,604357056
0,42562231420,604437424
0,42564525817,604382746
0,42566820224,604334902
0,42569114672,604418039
0,42571409070,604490784
0,42573703480,604429436
0,42575997922,604375756
0,42578292354,604453786
0,42580586732,604397062
0,42582881143,604347429
0,42585175590,604429000
0,42587469986,604375375
0,42589764397,604328453
0,42592058840,604412396
0,42594353250,604485846
0,42596647650,604425115
0,42598942061,604371975
0,42601236507,604450478
0,42603530906,604394168
0,42605825311,604344897
0,42608119759,604426784
0,42674229892,612373436
0,42678824579,611451756
0,42683419376,610770286
0,42690018570,610424000
0,42694613302,609746000
0,42699207727,609277750
0,42703802448,608743031
0,42707248860,608275152
0,42710694995,607740758
0,42715289569,607523163
0,42717584092,606957767
0,42719883783,606463046
0,42724478563,606405165
0,42726774563,605979519
0,42729072294,605732079
0,42930214795,630265569
0,43058806478,626732372
0,43061103692,623765825
0,43063399620,621045096
0,43065695464,618664459
0,43067991239,616581401
0,43070285780,614758725
0,43072580209,613163884
0,43074874681,611768398
0,43077169209,610547348
0,43079463667,609478929
0,43081758130,608544062
0,43084052648,607851054
0,43086347138,607119672
0,43088641599,606479713
0,43090936018,605919748
0,43093230512,605429779
0,43095524913,605001056
0,43097819333,604625924
0,43100113823,604422683
0,43102408253,604119847
0,43104702664,603854866
0,43106997108,603623007
0,43109291581,603420131
0,43111585961,603242614
0,43113880384,603087287
0,43116174876,602951376
0,43118469284,602832454
0,43120763698,602728397
0,43123058154,602762347
0,43125352610,602667053
0,43127647012,602583671
0,43129941430,602510712
0,43132235928,602446873
0,43134530327,602391013
0,43136824744,602342136
0,43139119233,602424369
0,43141413669,602371322
0,43143708080,602324906
0,43146002521,602409292
0,43148296998,602358130
0,43150591376,602313363
0,43152885797,602274192
0,43155180287,602239918
0,43157474698,602209928
0,43159769111,602183687
0,43162063567,602285726
0,43164358025,602250010
0,43166652425,602218758
0,43168946845,602191413
0,43171241362,602167486
0,43173535739,602146550
0,43175830158,602128231
0,43178124649,602237202
0,43180419083,602207551
0,43182713493,602181607
0,43185007936,602283906
0,43187302408,602248417
0,43189596786,602217364
0,43191891208,602190193
0,43194185701,602166418
0,43196480112,602145615
0,43198774524,602127413
0,43201068981,602236486
0,43203363436,602206925
0,43205657837,602181059
0,43207952255,602158426
0,43210246769,602138622
0,43276357431,602121294
0,43280952134,602106132
0,43285546978,602092865
0,43292146250,602081256
0,43296740995,602071099
0,43301335476,602062211
0,43305930211,602054434
0,43309376664,602047629
0,43312822818,602041675
0,43317417442,602036465
0,43319711977,602031906
0,43322011712,602152917
0,43326606506,602133802
0,43328902521,602117076
0,43331200300,602102441
0,43659790017,617964635
0,43662087276,616219055
0,43664383206,614566673
0,43666679061,613120838
0,43668974861,611855733
0,43671269458,610873766
0,43673563866,609889545
0,43675858353,609028351
0,43678152929,608399807
0,43680447387,607724831
0,43682741862,607134227
0,43685036428,606742448
0,43687330928,606274642
0,43689625390,605865311
0,43691919823,605507147
0,43694214365,605318753
0,43696508767,605028908
0,43698803202,604775294
0,43701097737,604678382
0,43703392167,604468584
0,43705686590,604285011
0,43707981059,604124384
0,43710275511,604108836
0,43712569890,603970231
0,43714864301,603848952
0,43717158748,603867833
0,43719453147,603759353
0,43721747558,603664433
0,43724042000,603706378
0,43726336410,603618080
0,43728630810,603540820
0,43730925220,603473217
0,43733219668,603539064
0,43735514067,603471681
0,43737808473,603412720
0,43740102922,603486130
0,43742397321,603425363
0,43744691731,603372192
0,43746986175,603325668
0,43749280606,603284959
0,43751574983,603249339
0,43753869395,603218171
0,43756163843,603315899
0,43758458240,603276411
0,43760752652,603241859
0,43763047096,603336626
0,43765341503,603294547
0,43767635905,603257728
0,43769930316,603225512
0,43772224763,603322323
0,43774519162,603282032
0,43776813569,603246778
0,43779108015,603340930
0,43781402415,603298313
0,43783696827,603261023
0,43785991269,603228395
0,43788285680,603199845
0,43790580080,603174864
0,43792874490,603153006
0,43795168939,603258880
0,43797463336,603226520
0,43799757746,603198205
0,43802052191,603298429
0,43804346598,603261125
0,43806640999,603228484
0,43808935411,603199923
0,43811229879,603299932
0,43813524257,603262440
0,43878490019,603104635
0,43883084781,603091555
0,43887679640,602955110
0,43894278984,602835721
0,43898873745,602731255
0,43903468276,602639848
0,43908063071,602684867
0,43911509532,602599258
0,43914955703,602524350
0,43919550373,602458806
0,43921844921,602401455
0,43924144705,602351273
0,43928739513,602307363
0,43931035574,602393942
0,43933333365,602344699
0,44261925848,602301611
0,44264223177,602263909
0,44266519087,602230920
0,44268814952,602202055
0,44271110801,602301798
0,44273405399,602264073
0,44275699818,602231063
0,44277994351,602202180
0,44280288938,602176907
0,44282583401,602154793
0,44284877889,602135443
0,44287172503,602118512
0,44289467005,602103698
0,44291761480,602090735
0,44294055957,602204393
0,44296350503,602178843
0,44298644917,602156487
0,44300939367,602136926
0,44303233966,602119810
0,44305528380,602104833
0,44307822811,602091728
0,44310117331,602205262
0,44312411784,602179604
0,44314706194,602157153
0,44317000638,602262508
0,44319295091,602229694
0,44321589492,602200982
0,44323883917,602175859
0,44326178409,602153876
0,44328472819,602134641
0,44330767232,602117810
0,44333061686,602228083
0,44335356137,602199572
0,44337650550,602174625
0,44339944968,602152796
0,44342239482,602133696
0,44344533865,602116984
0,44346828286,602102361
0,44349122778,602214565
0,44351417209,602187744
0,44353711622,602164276
0,44356006065,602268741
0,44358300518,602235148
0,44360594919,602205754
0,44362889344,602180034
0,44365183836,602157529
0,44367478245,602137837
0,44369772660,602120607
0,44372067116,602230531
0,44374361566,602201714
0,44376655976,602176499
0,44378950395,602154436
0,44381244908,602135131
0,44383539289,602118239
0,44385833714,602103459
0,44388128205,602215526
0,44390422616,602188585
0,44392717030,602165011
0,44395011486,602269384
0,44397305946,602235711
0,44399600347,602206247
0,44401894770,602180466
0,44404189263,602157907
0,44406483671,602138168
0,44408778087,602120897
0,44411072542,602230784
0,44413367013,602201936
0,44415661424,602176694
0,44480627723,602154607
0,44485222568,602135281
0,44489817414,602118370
0,44496416826,602103573
0,44501011646,602215626
0,44505606192,602188672
0,44510201050,602165088
0,44513647517,602144452
0,44517093742,602251395
0,44521688426,602219970
0,44523983000,602192473
0,44526282814,602168413
0,44530877638,602147361
0,44533173750,602128940
0,44535471541,602112822
0,44864066865,602223719
0,44866364194,602195754
0,44868660117,602171284
0,44870955995,602149873
0,44873251891,602131138
0,44875546490,602114745
0,44877840924,602100401
0,44880135505,602212850
0,44882430092,602186243
0,44884724569,602162962
0,44887019101,602267591
0,44889313729,602234142
0,44891608234,602204874
0,44893902722,602179264
0,44896197248,602156856
0,44898491796,602137249
0,44900786222,602120092
0,44903080718,602230080
0,44905375319,602201320
0,44907669746,602176155
0,44909964200,602154135
0,44912258754,602134868
0,44914553210,602118009
0,44916847634,602103257
0,44919142127,602090349
0,44921436582,602079055
0,44923730995,602069173
0,44926025466,602185526
0,44928319970,602162335
0,44930614371,602392043
0,44932908783,602593037
0,44935203252,602893907
0,44937497630,603032168
0,44939792041,603153147
0,44942086484,603384003
0,44944380884,603586002
0,44946675296,603637751
0,44948969718,603683032
0,44951264147,603847653
0,44953558549,603866696
0,44955852960,603883359
0,44958147408,604022939
0,44960441807,604020071
0,44962736218,604017562
0,44965030662,604140366
0,44967325071,604247820
0,44969619473,604216842
0,44971913885,604189736
0,44974208353,604291019
0,44976502731,604254641
0,44978797142,604222810
0,44981091585,604319958
0,44983385985,604404963
0,44985680398,604354342
0,44987974821,604310049
0,44990269250,604396292
0,44992563652,604346755
0,44994858062,604303410
0,44997152509,604390483
0,44999446910,604341672
0,45001741321,604298963
0,45004035765,604386592
0,45006330164,604463268
0,45008624576,604405359
0,45010918986,604354689
0,45013213455,604435352
0,45015507833,604380933
0,45017802241,604333316
0,45081623390,612041651
0,45086218316,611286444
0,45090813156,610500638
0,45097412636,610188058
0,45102007516,609664550
0,45106602077,609081481
0,45111197018,608696295
0,45114643472,608109258
0,45118089750,607720600
0,45122684449,607380525
0,45124979047,606832959
0,45127278893,606478839
0,45131873735,606293984
0,45134169895,606007236
0,45136467688,605631331
0,45337610250,630177414
0,45466213084,626655237
0,45468510419,623573332
0,45470806353,620876665
0,45473102279,618642081
0,45475398179,616561820
0,45477692791,614741592
0,45479987250,613148893
0,45482281864,611755281
0,45484576453,610535870
0,45486870944,609468886
0,45489165527,608535275
0,45491460156,607718365
0,45493754674,607003569
0,45496049209,606503122
0,45498343735,605940231
0,45500638296,605447702
0,45502932736,605016739
0,45505227278,604639646
0,45507521884,604309690
0,45509816320,604020978
0,45512110825,603893355
0,45514405380,603656685
0,45516699851,603449599
0,45518994300,603268399
0,45521288824,603109849
0,45523583282,602971117
0,45525877709,602849727
0,45528172230,602743511
0,45530466737,602650572
0,45532761150,602569250
0,45535055609,602623093
0,45537350079,602545206
0,45539644490,602477055
0,45541938901,602417423
0,45544233382,602365245
0,45546527787,602319589
0,45548822211,602279640
0,45551116682,602369685
0,45553411113,602323474
0,45555705527,602283039
0,45557999985,602247659
0,45560294445,602216701
0,45562588848,602189613
0,45564883272,602165911
0,45567177766,602145172
0,45569472178,602127025
0,45571766593,602111146
0,45574061051,602222252
0,45576355521,602194470
0,45578649933,602170161
0,45580944344,602148890
0,45583238825,602130278
0,45585533228,602113993
0,45587827654,602099743
0,45590122128,602212275
0,45592416557,602185740
0,45594710972,602162522
0,45597005428,602267206
0,45599299889,602233805
0,45601594292,602204579
0,45603888719,602179006
0,45606183232,602156630
0,45608477611,602137051
0,45610772038,602119919
0,45613066493,602229929
0,45615360964,602201187
0,45617655376,602176038
0,45619949799,602154033
0,45683771487,602134778
0,45688366461,602117930
0,45692961341,602103188
0,45699560874,602090289
0,45704155818,602079002
0,45708750393,602069126
0,45713345383,602060485
0,45716791859,602052924
0,45720238185,602046308
0,45724832902,602040519
0,45727127549,602160454
0,45729427395,602140397
0,45734022297,602247847
0,45736318458,602216866
0,45738616268,602189757
0,46067217363,618166037
0,46069514705,616270282
0,46071810649,614611496
0,46074106625,613285059
0,46076402525,611999426
0,46078697151,610874497
0,46080991636,609890184
0,46083286282,609153911
0,46085580875,608384672
0,46087875379,607711588
0,46090170013,607247639
0,46092464644,606716684
0,46094759174,606252098
0,46097053758,605970585
0,46099348285,605599261
0,46101642859,605274353
0,46103937314,604990058
0,46106231899,604866300
0,46108526509,604633012
0,46110820960,604428885
0,46113115514,604375274
0,46115410070,604203364
0,46117704555,604052943
0,46119999031,603921325
0,46122293587,603931159
0,46124588050,603814764
0,46126882490,603712918
0,46129177060,603748803
0,46131471569,603655202
0,46133765994,603573301
0,46136060500,603626638
0,46138354973,603548308
0,46140649396,603479769
0,46142943833,603419797
0,46145238347,603492322
0,46147532749,603430781
0,46149827160,603376933
0,46152121608,603454816
0,46154416008,603397964
0,46156710419,603348218
0,46159004845,603429690
0,46161299273,603500978
0,46163593676,603438355
0,46165888088,603383560
0,46168182534,603460615
0,46170476935,603403038
0,46172771347,603352658
0,46175065791,603433575
0,46177360191,603379378
0,46179654603,603331955
0,46181949027,603290460
0,46184243456,603379152
0,46186537859,603331758
0,46188832269,603290288
0,46191126717,603379002
0,46193421119,603331626
0,46195715529,603290172
0,46198009973,603378900
0,46200304373,603331537
0,46202598785,603290094
0,46204893197,603253832
0,46207187643,603347103
0,46209482044,603303715
0,46211776456,603265750
0,46214070900,603357531
0,46216365299,603312839
0,46218659711,603273734
0,46220954137,603239517
0,46223248567,603334577
0,46285924867,603167754
0,46290519894,603021784
0,46295114833,603019061
0,46301714399,602891678
0,46306309392,602780218
0,46310903995,602682690
0,46315499037,602597353
0,46318945544,602522683
0,46322391900,602457347
0,46326986657,602400178
0,46329281336,602350155
0,46331581186,602306385
0,46336176152,602268086
0,46338472315,602234575
0,46340770137,602205253
0,46669374153,602179596
0,46671671511,602157146
0,46673967480,602137502
0,46676263488,602120314
0,46678559392,602105274
0,46680854032,602092114
0,46683148567,602205599
0,46685443216,602179899
0,46687737821,602157411
0,46690032372,602262734
0,46692327008,602229892
0,46694621652,602201155
0,46696916197,602176010
0,46699210826,602154008
0,46701505361,602134757
0,46703799945,602117912
0,46706094450,602228173
0,46708389037,602199651
0,46710683659,602174694
0,46712978137,602152857
0,46715272725,602133749
0,46717567283,602117030
0,46719861782,602102401
0,46722156307,602214600
0,46724450868,602187775
0,46726745344,602164303
0,46729039831,602268765
0,46731334402,602235169
0,46733628923,602205772
0,46735923364,602180050
0,46738217914,602157543
0,46740512394,602137850
0,46742806828,602120618
0,46745101315,602230540
0,46747395831,602201722
0,46749690247,602176506
0,46751984683,602154442
0,46754279166,602135136
0,46756573569,602118244
0,46758867994,602103463
0,46761162470,602090530
0,46763456898,602079213
0,46765751316,602069311
0,46768045775,602185647
0,46770340223,602162441
0,46772634639,602142135
0,46774929064,602124368
0,46777223553,602108822
0,46779517956,602095219
0,46781812385,602083316
0,46784106859,602197901
0,46786401288,602173163
0,46788695706,602151517
0,46790990141,602132577
0,46793284623,602116004
0,46795579027,602101503
0,46797873451,602088815
0,46800167945,602077713
0,46802462346,602067998
0,46804756773,602059498
0,46807051230,602177060
0,46809345680,602154927
0,46811640096,602135561
0,46813934533,602118615
0,46816229010,602103788
0,46818523411,602090814
0,46820817838,602079462
0,46823112315,602194529
0,46825406747,602170212
0,46888083623,602273935
0,46892678668,602239693
0,46897273665,602209731
0,46903873266,602183514
0,46908468311,602160574
0,46913062976,602265502
0,46917658033,602232314
0,46921104596,602328274
0,46924550959,602287239
0,46929145759,602376334
0,46931440461,602329292
0,46933740324,602288130
0,46938335341,602252113
0,46940631515,602220598
0,46942929351,602193023
0,47271536320,602168895
0,47273833692,602147783
0,47276129691,602254310
0,47278425722,602222521
0,47280721640,602194705
0,47283016327,602295366
0,47285310863,602258445
0,47287605527,602226139
0,47289900146,602197871
0,47292194741,602173137
0,47294489386,602151494
0,47296784046,602132557
0,47299078636,602240987
0,47301373268,602210863
0,47303667816,602184505
0,47305962426,602161441
0,47308256965,602141260
0,47310551553,602123602
0,47312846191,602108151
0,47315140697,602219632
0,47317435311,602192178
0,47319729881,602168155
0,47322024428,602272135
0,47324318954,602238118
0,47326613530,602208353
0,47328908020,602182308
0,47331202550,602159519
0,47333497131,602139579
0,47335791662,602122131
0,47338086154,602231864
0,47340380705,602202881
0,47342675199,602177520
0,47344969659,602155330
0,47347264179,602135913
0,47349558699,602118923
0,47351853130,602104057
0,47354147616,602216049
0,47356442102,602189042
0,47358736518,602165411
0,47361030989,602269734
0,47363325390,602611017
0,47365619802,602784639
0,47367914214,602936559
0,47370208657,603194489
0,47372503064,603295177
0,47374797472,603383279
0,47377091921,603585369
0,47379386320,603762197
0,47381680731,603791922
0,47383975156,603817931
0,47386269587,603965689
0,47388563990,603969977
0,47390858403,603973729
0,47393152849,604102012
0,47395447250,604214260
0,47397741663,604187477
0,47400036107,604289042
0,47402330507,604377911
0,47404624919,604330672
0,47406919331,604289338
0,47409213774,604378170
0,47411508180,604330898
0,47413802589,604289535
0,47416097037,604378343
0,47418391438,604456050
0,47420685848,604399043
0,47422980272,604349162
0,47425274694,604430516
0,47427569107,604376701
0,47489100573,611829613
0,47493695634,610975911
0,47498290679,610353922
0,47504890328,609934681
0,47509485425,609442845
0,47514080152,609012489
0,47518675224,608510927
0,47522121821,608072061
0,47525568213,607563053
0,47530163077,607367671
0,47532457782,606821712
0,47534757660,606343998
0,47539352726,606300998
0,47541648914,605888373
0,47543946776,605527326
0,47745089427,630211410
0,47873703923,626684983
0,47876001322,623724360
0,47878297343,621008815
0,47880593388,618632713
0,47882889321,616553623
0,47885184053,614734420
0,47887478597,613142617
0,47889773276,611749789
0,47892067941,610656065
0,47894362539,609574056
0,47896657197,608627299
0,47898951883,607798886
0,47901246507,607074025
0,47903541143,606439771
0,47905835706,605884799
0,47908130366,605524199
0,47910424908,605083674
0,47912719510,604698214
0,47915014175,604485937
0,47917308703,604175194
0,47919603332,603903294
0,47921897915,603665382
0,47924192508,603457209
0,47926487042,603275057
0,47928781634,603115674
0,47931076169,603101214
0,47933370701,602963562
0,47935665297,602843116
0,47937959854,602737726
0,47940254381,602645510
0,47942548937,602564821
0,47944843445,602494218
0,47947137954,602557440
0,47949432477,602487760
0,47951727010,602426790
0,47954021490,602498441
0,47956315977,602436135
0,47958610479,602381618
0,47960904909,602333915
0,47963199423,602292175
0,47965493833,602255653
0,47967788260,602223696
0,47970082718,602320734
0,47972377164,602280642
0,47974671585,602245561
0,47976966019,602214865
0,47979260492,602188006
0,47981554905,602164505
0,47983849330,602143941
0,47986143805,602250948
0,47988438239,602219579
0,47990732657,602192131
0,47993027116,602293114
0,47995321566,602256474
0,47997615980,602224414
0,47999910408,602196362
0,48002204896,602171816
0,48004499304,602150339
0,48006793728,602131546
0,48009088190,602240102
0,48011382636,602210089
0,48013677055,602183827
0,48015971492,602160848
0,48018265961,602140742
0,48020560378,602123149
0,48022854802,602107755
0,48025149277,602219285
0,48027443702,602191874
0,48029738129,602167889
0,48091270163,602146902
0,48095865252,602128539
0,48100460353,602112471
0,48107060079,602223412
0,48111655191,602195485
0,48116249980,602171049
0,48120845071,602149667
0,48124291710,602130958
0,48127738128,602114588
0,48132333041,602100264
0,48134627760,602087731
0,48136927663,602076764
0,48141522767,602067168
0,48143818970,602058772
0,48146116859,602176425
0,48474729811,618029371
0,48477027259,616275699
0,48479323282,614616236
0,48481619343,613164206
0,48483915301,611893680
0,48486210067,610906970
0,48488504614,609918598
0,48490799309,609053773
0,48493094002,608422051
0,48495388625,607744294
0,48497683296,607151257
0,48499978010,606632349
0,48502272656,606303305
0,48504567308,605890391
0,48506861885,605529092
0,48509156596,605337955
0,48511451141,605045710
0,48513745757,604789996
0,48516040470,604691246
0,48518335000,604479840
0,48520629643,604294860
0,48522924252,604133002
0,48525218880,604116376
0,48527513418,603976829
0,48529808026,603854725
0,48532102588,603872884
0,48534397144,603763773
0,48536691754,603668301
0,48538986339,603584763
0,48541280889,603636667
0,48543575459,603557083
0,48545869981,603487447
0,48548164541,603551516
0,48550459067,603482576
0,48552753615,603422254
0,48555048143,603494472
0,48557342630,603432663
0,48559637147,603378580
0,48561931603,603331257
0,48564226153,603414849
0,48566520567,603362992
0,48568815008,603317618
0,48571109495,603402915
0,48573403965,603352550
0,48575698378,603308481
0,48577992803,603269920
0,48580287225,603361180
0,48582581636,603316032
0,48584876049,603276528
0,48587170497,603366962
0,48589464898,603321091
0,48591759311,603280954
0,48594053756,603370834
0,48596348157,603324479
0,48598642570,603283919
0,48600936994,603248429
0,48603231424,603342375
0,48605525827,603299578
0,48607820241,603262130
0,48610114688,603354363
0,48612409090,603310067
0,48614703502,603271308
0,48616997926,603237394
0,48619292348,603332719
0,48621586761,603291129
0,48623881173,603254737
0,48626175617,603347894
0,48628470023,603304407
0,48630764436,603266356
0,48633058880,603358061
0,48693445266,603188303
0,48698040418,603164765
0,48702635538,603019169
0,48709235341,602891772
0,48713830473,602780300
0,48718425316,602682762
0,48723020448,602722416
0,48726467120,602632114
0,48729913569,602553099
0,48734508518,602483961
0,48736803253,602423465
0,48739103185,602495531
0,48743698329,602433589
0,48745994559,602379390
0,48748292471,602331966
0,49076908456,602290470
0,49079205938,602254161
0,49081501966,602222390
0,49083798042,602194591
0,49086094029,602295267
0,49088388818,602258358
0,49090683381,602226063
0,49092978104,602197805
0,49095272820,602173079
0,49097567457,602151444
0,49099862143,602132513
0,49102156907,602240948
0,49104451556,602210829
0,49106746224,602184475
0,49109040848,602286415
0,49111335562,602250613
0,49113630122,602219286
0,49115924764,602191875
0,49118219512,602167890
0,49120514047,602146903
0,49122808704,602128540
0,49125103362,602237472
0,49127397994,602207788
0,49129692546,602181814
0,49131987182,602159087
0,49134281768,602139201
0,49136576338,602121800
0,49138870964,602106575
0,49141165598,602218253
0,49143460153,602190971
0,49145754736,602167099
0,49148049284,602271211
0,49150343868,602237309
0,49152638410,602207645
0,49154932984,602181689
0,49157227546,602158977
0,49159522037,602139104
0,49161816570,602121716
0,49164111076,602231501
0,49166405630,602202563
0,49168700058,602177242
0,49170994527,602155086
0,49173289037,602135700
0,49175583521,602118737
0,49177877948,602103894
0,49180172418,602215907
0,49182466850,602188918
0,49184761277,602165303
0,49187055713,602269640
0,49189350187,602235935
0,49191644602,602206443
0,49193939042,602180637
0,49196233511,602158057
0,49198527927,602138299
0,49200822354,602121011
0,49203116829,602230884
0,49205411261,602202023
0,49207705679,602176770
0,49210000121,602279673
0,49212294592,602244713
0,49214589009,602214123
0,49216883435,602187357
0,49219177904,602288937
0,49221472334,602252819
0,49223766763,602221216
0,49226061201,602318564
0,49228355669,602278743
0,49230650091,602243900
0,49232944530,602213412
0,49235238998,602186735
0,49295625937,602163393
0,49300221150,602142968
0,49304816289,602125097
0,49311416166,602109459
0,49316011339,602220776
0,49320606220,602193179
0,49325201412,602169031
0,49328648100,602147902
0,49332094583,602254414
0,49336689571,602222612
0,49338984334,602194785
0,49341284290,602170436
0,49345879464,602149131
0,49348175739,602255489
0,49350473658,602223552
0,49679092730,602320608
0,49681390215,602280532
0,49683686259,602245465
0,49685982360,602214781
0,49688278372,602187933
0,49690573174,602164441
0,49692867754,602143885
0,49695162522,602250899
0,49697457246,602219536
0,49699751899,602192094
0,49702046610,602293082
0,49704341401,602256446
0,49706636064,602224390
0,49708930759,602196341
0,49711225407,602171798
0,49713520135,602150323
0,49715814709,602131532
0,49718109404,602240090
0,49720404155,602210078
0,49722698706,602183818
0,49724993388,602160840
0,49727288070,602140735
0,49729582717,602123143
0,49731877284,602107750
0,49734171965,602219281
0,49736466561,602191870
0,49738761146,602167886
0,49741055797,602271900
0,49743350457,602237912
0,49745645027,602208173
0,49747939638,602182151
0,49750234209,602159382
0,49752528808,602139459
0,49754823364,602122026
0,49757117989,602231772
0,49759412554,602202800
0,49761707061,602177450
0,49764001620,602280268
0,49766296149,602245234
0,49768590717,602214579
0,49770885162,602187756
0,49773179676,602289286
0,49775474195,602253125
0,49777768694,602221484
0,49780063147,602318798
0,49782357643,602278948
0,49784652087,602244079
0,49786946513,602463569
0,49789240935,602780622
0,49791535349,602933044
0,49793829761,603066413
0,49796124211,603308111
0,49798418612,603519597
0,49800713025,603579647
0,49803007448,603757191
0,49805301872,603912542
0,49807596284,603923474
0,49809890699,603933039
0,49812185140,604066409
0,49814479548,604058107
0,49816773961,604050843
0,49819068384,604169487
0,49821362809,604273301
0,49823657221,604239138
0,49825951646,604209245
0,49828246066,604308089
0,49830540480,604269577
0,49832834893,604235879
0,49835129342,604331394
0,49837423744,604414969
0,49896665027,611488097
0,49901260292,610802084
0,49905855462,610076823
0,49912455411,609817220
0,49917050625,609340067
0,49921645546,608797558
0,49926240789,608447863
0,49929687502,607891880
0,49933134041,607530395
0,49937729048,607214095
0,49940023817,606812333
0,49942323818,606460791
0,49946919033,606278192
0,49949215332,605993418
0,49951513267,605619240
0,50000000000,605619240
