34277989,34.0000000000
70794402,34.2500000000
73088846,34.8437500000
75383274,35.6132810000
77677703,36.5366200000
79972132,37.5945420000
107267668,42.0202240000
109562084,41.6426960000
111856513,41.1873590000
114150971,40.9139390000
116445385,40.9246960000
118739814,40.9341090000
121034241,41.0673450000
144541211,44.0589260000
146878779,43.4265600000
149216348,42.9982400000
150624228,42.7484600000
152918657,42.5299020000
155213115,42.3386640000
157507530,42.4213310000
159801958,42.4936640000
162096401,42.6819560000
164605936,43.0967110000
166943505,43.3346220000
183047257,42.7927940000
185384811,42.5686940000
187722380,42.3726070000
190059949,42.2010310000
192397503,42.3009020000
194735072,42.5132890000
197072641,42.8241270000
199410195,43.3461110000
200603583,43.5528470000
203110857,43.8587410000
205448411,44.3763980000
207785980,44.8293480000
210123549,45.2256790000
213608287,45.9474690000
215945856,46.5790350000
218283425,47.2566550000
220620979,48.0995730000
222958548,46.9621260000
225296117,46.0918600000
227633671,45.5803770000
229971240,45.1328290000
232308808,44.7412250000
234646363,44.6485710000
236983931,44.5674990000
239321500,44.6215610000
241659054,44.9188650000
243996623,45.0540060000
246334177,45.2972550000
248671746,45.7600980000
251009315,46.4150850000
253346869,46.8631990000
255684438,47.5052990000
258022007,48.1921360000
260359561,48.7931190000
262697129,49.5689790000
265034698,50.2478560000
268519437,50.8418740000
270857006,51.6116390000
273194574,52.4101840000
275532129,52.9839110000
277869697,53.7359220000
280207266,54.5189310000
282544820,55.2040640000
284882389,56.0535560000
287219958,56.7968610000
289557512,57.4472530000
291895081,58.2663460000
294232650,59.1080520000
296570204,59.7195450000
298907773,60.5046010000
301245341,61.3165250000
303582896,62.0269590000
305920464,62.8985890000
308258033,63.6612650000
310595587,64.3286060000
312933156,65.1625300000
315270725,66.0172130000
317608279,66.6400610000
319945848,67.4350530000
322283417,68.2556710000
324620971,68.8487120000
326958540,69.6176230000
330443278,70.5404200000
332780847,71.3478670000
335118416,72.4293830000
337455970,73.2507100000
339793539,73.9693710000
342131107,74.9731990000
344468662,75.8515490000
346806230,76.4951050000
349143799,77.4332160000
351481353,78.1290640000
353818922,78.7379310000
356156491,79.6456890000
358494045,80.3149770000
360831614,80.9006040000
363169183,81.7880280000
365506737,82.5645240000
367844306,83.1189580000
370181874,83.9790880000
372519429,84.7317020000
374856997,85.3902390000
377194566,86.3414590000
379532120,87.0487760000
381869689,87.6676790000
384207258,88.5842190000
386544812,89.3861910000
388882381,89.9629170000
391219950,90.8425520000
393557504,91.6122330000
397042257,92.5357030000
399379811,93.5937400000
401717380,94.3945220000
404054949,95.2202060000
406392503,96.1926800000
408730072,97.0435950000
411067641,97.7881450000
413405195,98.6896260000
415742764,99.4784220000
418080332,100.2936190000
420417887,101.2569160000
422755455,101.9748010000
425093024,102.7279500000
427430578,103.6369560000
429768147,104.4323360000
432105716,105.1282940000
434443270,105.9872570000
436780839,106.7388490000
439118408,107.5214920000
441455962,108.4563050000
443793531,109.0242660000
446131100,109.6462320000
448468654,110.4404530000
450806223,111.0103960000
453143791,111.6340960000
455481346,112.4298340000
458966099,113.2511040000
461303668,113.9697160000
463641222,114.8485010000
465978791,115.6174380000
468316359,116.4152580000
470653914,117.3633500000
472991482,118.0679310000
475329037,118.8094390000
477666605,119.7082590000
480004174,120.6197260000
482341728,121.2922600000
484679297,122.1307270000
487016866,122.9893860000
489354420,123.7407120000
491691989,124.6481230000
494029558,125.4421070000
496367112,126.1368430000
498704681,126.9947370000
501042249,127.8703940000
503379804,128.5115940000
505717372,129.3226440000
508054941,130.1573130000
510392495,130.8876480000
512730064,131.7766920000
515067633,132.5546050000
517405187,133.2352790000
519742756,134.0808690000
522080325,134.9457600000
525565063,135.7025400000
527902632,136.6147220000
530240201,137.5378810000
532577755,138.3456450000
534915324,139.3024390000
537252893,140.1396340000
539590447,140.8721790000
541928016,141.7631560000
544265585,142.4177610000
546603139,142.9905400000
548940708,143.7417220000
551278276,144.5240060000
553615831,145.0835050000
555953399,145.8230660000
558290968,146.5951820000
560628522,147.2707840000
562966091,148.1119360000
565303660,148.8479440000
567641214,149.4919510000
569978783,150.3054570000
572316352,151.1422740000
574653906,151.7494890000
576991475,152.5308020000
579329029,153.3394510000
581666598,154.0470190000
584004167,155.0411410000
587488905,155.9109980000
589826474,156.6721230000
592164043,157.7131070000
594501597,158.6239680000
596839166,159.2959720000
599176735,160.2589750000
601520689,161.1016030000
1039396895,164.9639020000
1041734464,168.4684140000
1044072032,171.5348620000
1047556771,174.4680040000
1049894340,177.0345030000
1052231909,179.4051900000
1054569463,181.3545410000
1056907032,183.1852230000
1059244601,184.7870700000
1061582155,186.3136860000
1063919724,187.6494750000
1066257293,188.9432900000
1068594847,190.0753780000
1070932416,191.1909550000
1073269985,192.1670850000
1076754723,193.2711990000
1079092292,194.3622990000
1081429846,195.3170110000
1083767415,196.1523840000
1086104984,197.0083360000
1088442538,197.6322940000
1090780107,198.3032570000
1093117676,199.0153490000
1095455230,199.6384300000
1097792799,200.1836260000
1100130368,200.7856720000
1103658307,201.3124630000
1105995875,201.7734050000
1108333430,202.4267290000
1110670998,202.8733870000
1113008567,203.5142130000
1115346122,203.8249360000
1117683690,204.2218190000
1120021259,204.6940910000
1122358814,205.2323290000
1124696382,205.4532870000
1127033951,205.3966260000
1130518690,205.0970470000
1132856259,204.3349160000
1135193828,203.5430510000
1137531382,202.4751690000
1139868951,201.1657720000
1142206520,199.7700500000
1144544074,198.0487930000
1146881643,196.2926930000
1149219211,194.5061060000
1151556766,192.5678420000
1153894335,190.4968610000
1156231903,188.4347530000
1158569458,186.1304080000
1160907027,183.8641070000
1163244595,181.6310930000
1165582150,179.3022060000
1167919718,176.8894300000
1170257287,174.6532510000
1172594842,172.1965940000
1174932410,169.6720190000
1177269979,167.2130160000
1179607534,164.6863890000
1181945102,162.3505900000
1184282671,160.1817660000
1186620226,158.2840450000
1188957794,156.1235390000
1191295363,154.3580960000
1194780102,152.8133340000
1197117671,151.3366670000
1199455225,149.9195830000
1201792794,148.6796350000
1204130363,147.3446800000
1206467917,146.1765950000
1208805486,145.1545200000
1211143055,143.8852050000
1213480609,142.6495540000
1215818178,141.5683590000
1218155747,140.3723140000
1220493301,139.3257740000
1222830870,138.4100520000
1225168439,137.3587950000
1227505993,136.4389450000
1229843562,135.5090760000
1232181131,134.6954410000
1234518685,133.9835100000
1236856254,133.2355710000
1239193823,132.3311240000
1241531377,131.5397330000
1243868946,130.8472660000
1246206515,129.9913570000
1248544069,129.2424370000
1250881638,128.4621320000
1253219207,127.7793650000
1255556761,127.1819440000
1259041514,126.7842010000
1261379068,126.4361750000
1263716637,126.1316530000
1266054206,125.8651960000
1268391760,125.6320460000
1270729329,125.4280400000
1273066898,125.2495350000
1275404452,125.0933430000
1277742021,124.9566750000
1280079590,124.8370900000
1282417144,124.7324530000
1284754713,124.6408960000
1287092282,124.5607840000
1289429836,124.4906860000
1291767405,124.4293500000
1294104974,124.3756810000
1296442528,124.3287200000
1298780097,124.2876300000
1301117666,124.2516760000
1303455220,124.2202160000
1305792789,124.1926890000
1308130358,124.1686020000
1310467912,124.1475260000
1312805481,124.1290850000
1315143050,124.1129490000
1317480604,123.9738300000
1319818173,123.7271010000
1323302926,123.7612130000
1325640481,123.7910610000
1327978050,123.6921780000
1330315618,123.7306550000
1332653173,123.7643230000
1334990742,123.6687820000
1337328296,123.7101840000
1339665865,123.7464110000
1342003434,123.7781090000
1344340988,123.8058450000
1346678557,123.8301140000
1349016126,123.8513490000
1351353680,123.8699300000
1353691249,123.8861880000
1356028818,123.9004140000
1358366372,123.9128620000
1360703941,123.9237540000
1363041510,123.9332840000
1365379064,123.9416230000
1367716633,123.9489200000
1370054202,123.9553050000
1372391756,123.9608910000
1374729325,123.9657790000
1377066894,123.9700560000
1379404448,123.9737990000
1381742017,123.7270740000
1384079586,123.6361890000
1387564324,123.6816650000
1389901893,123.5964560000
1392239462,123.6468990000
1394577016,123.6910360000
1396914585,123.6046560000
1399252154,123.6540740000
1401589708,123.6973140000
1403927277,123.6101490000
1406264846,123.6588800000
1408602400,123.7015200000
1410939969,123.6138300000
1413277538,123.6621010000
1415615092,123.7043380000
1417952661,123.6162950000
1420290230,123.9142580000
1422627784,124.1749750000
1424965353,124.4031030000
1427302922,124.6027150000
1429640476,124.7773750000
1431978045,124.9302030000
1434315600,125.0639270000
1436653168,125.1809360000
1438990737,125.2833190000
1441328292,125.3729040000
1443665860,125.4512910000
1446003429,125.6448790000
1448340984,125.5642690000
1451825737,125.6187350000
1454163306,125.7913930000
1456500860,125.8174680000
1458838429,125.8402840000
1461175998,125.9852480000
1463513552,125.9870920000
1465851121,125.9887050000
1468188690,125.9901160000
1470526244,125.9913510000
1472863813,125.9924320000
1475201382,125.9933780000
1477538936,125.9942050000
1479876505,125.9949290000
1482214074,125.9955620000
1484551628,125.9961160000
1486889197,125.9966010000
1489226766,125.9970250000
1491564320,125.9973960000
1493901889,125.9977210000
1496239458,125.9980050000
1498577012,125.9982540000
1500914581,125.9984720000
1503252150,125.9986630000
1505589704,125.9988300000
1507927273,125.9989760000
1510264842,125.9991040000
1512602396,125.8742160000
1516087150,126.0149390000
1518424704,126.0130710000
1520762273,126.0114370000
1523099842,126.1350070000
1525437396,126.1181310000
1527774965,126.1033640000
1530112534,126.2154430000
1532450088,126.1885120000
1534787657,126.1649480000
1537125226,126.2693290000
1539462780,126.2356620000
1541800349,126.2062040000
1544137918,126.3054280000
1546475472,126.2672490000
1548813041,126.2338420000
1551150610,126.3296110000
1553488164,126.2884090000
1555825733,126.2523570000
1558163302,126.3458120000
1560500856,126.3025850000
1562838425,126.2647610000
1565175994,126.3566650000
1567513548,126.3120810000
1569851117,126.2730700000
1572188686,126.2389360000
1574526240,126.2090690000
1576863809,126.0579350000
1580348548,126.0506930000
1582686117,126.0443560000
1585023686,126.1638110000
1587361240,126.1433340000
1589698809,126.1254170000
1592036378,126.2347390000
1594373932,126.2053960000
1596711501,126.1797210000
1599049070,126.2822550000
1601386624,126.2469730000
1603724193,126.2161010000
1606061762,126.3140880000
1608399316,126.2748270000
1610736885,126.2404730000
1613074454,126.3354130000
1615412008,126.2934860000
1617749577,126.2568000000
1620087146,126.3497000000
1622424700,126.3059870000
1624762269,126.2677380000
1627099838,126.3592700000
1629437392,126.3143610000
1631774961,126.2750650000
1634112530,126.3656810000
1636450085,126.3199700000
1638787653,126.2799730000
1641125222,126.1199760000
1644609961,126.1049790000
1646947530,126.0918560000
1649285099,126.0803740000
1651622653,126.0703270000
1653960222,126.0615360000
1656297791,126.0538440000
1658635345,126.0471130000
1660972914,126.0412230000
1663310483,126.0360700000
1665648037,126.0315610000
1667985606,126.0276150000
1670323160,126.0241630000
1672660729,126.0211420000
1674998298,126.0184990000
1677335853,126.0161860000
1679673421,126.0141620000
1682010990,126.1373910000
1684348545,126.1202170000
1686686114,126.1051890000
1689023682,126.2170400000
1691361237,126.1899100000
1693698806,126.1661710000
1696036374,126.2703990000
1698373929,126.2365990000
1700711498,126.2070240000
1703049067,126.3061460000
1705386621,126.1428770000
1708871374,126.1250170000
1711208943,126.1093890000
1713546497,126.0957150000
1715884066,126.0837500000
1718221635,126.0732810000
1720559190,126.0641200000
1722896758,126.0561050000
1725234327,126.0490910000
1727571882,126.0429540000
1729909451,126.0375840000
1732247019,126.0328860000
1734584574,126.0287750000
1736922143,126.0251780000
1739259711,126.0220300000
1741597266,126.0192760000
1743934835,126.0168660000
1746272404,126.0147570000
1748609958,126.0129120000
1750947527,126.0112980000
1753285096,126.0098850000
1755622650,126.0086490000
1757960219,126.0075670000
1760297788,126.0066210000
1762635342,126.0057930000
1764972911,126.0050680000
1767310465,126.0044340000
1769648034,125.8788790000
1773132788,126.0190190000
1775470342,126.0166410000
1777807911,126.0145600000
1780145480,126.1377400000
1782483034,126.1205220000
1784820603,126.1054560000
1787158172,126.2172740000
1789495726,126.1901140000
1791833295,126.1663490000
1794170864,126.2705550000
1796508418,126.2367350000
1798845987,126.2071430000
1801183556,126.3062500000
1803521110,126.2679680000
1805858679,126.2344720000
1808196248,126.2051630000
1810533802,126.1795170000
1812871371,126.1570770000
1815208940,126.1374420000
1817546495,126.1202610000
1819884063,126.1052280000
1822221632,126.0920740000
1824559187,126.0805640000
1826896756,126.0704930000
1829234324,126.0616810000
1831571879,126.0539700000
1833909448,125.9222230000
1837394186,125.9319450000
1839731755,125.9404510000
1842069324,126.0728940000
1844406879,126.0637820000
1846744448,126.0558090000
1849082016,126.1738320000
1851419571,126.1521030000
1853757140,126.1330900000
1856094709,126.2414530000
1858432263,126.2112710000
1860769832,126.1848620000
1863107401,126.2867540000
1865444955,126.2509090000
1867782524,126.2195450000
1870120093,126.3171010000
1872457647,126.2774630000
1874795216,126.2427800000
1877132785,126.3374320000
1879470339,126.2952530000
1881807908,126.2583460000
1884145477,126.3510520000
1886483031,126.3071700000
1888820600,126.2687730000
1891158169,126.3601760000
1893495724,126.3151540000
1895833292,126.2757590000
1898170861,126.1162890000
1901655600,126.1017520000
1903993169,126.0890330000
1906330723,126.0779030000
1908668292,126.0681650000
1911005861,126.1846440000
1913343415,126.1615630000
1915680984,126.1413670000
1918018553,126.2486960000
1920356108,126.2176090000
1922693677,126.1904070000
1925031245,126.2916060000
1927368800,126.2551550000
1929706369,126.2232600000
1932043938,126.3203520000
1934381492,126.2803080000
1936719061,126.2452690000
1939056630,126.3396100000
1941394184,126.2971580000
1943731753,126.5100130000
1946069322,126.8212610000
1948406876,127.0936030000
1950744445,127.2069020000
1953082014,127.4310390000
1955419568,127.6271590000
1957757137,127.6737640000
1960094706,127.8395430000
1962432261,127.9846000000
1963622645,127.7365250000
1965960214,127.5194590000
1968297783,127.3295260000
1970635337,127.1633350000
1972972906,127.0179180000
1975310460,126.8906780000
1977648029,126.7793430000
1979985598,126.6819250000
1982323153,126.5966840000
1984660721,126.5220980000
1986998290,126.4568350000
1989335845,126.3997300000
1991673414,126.3497630000
1994010983,126.4310420000
1996348537,126.3771610000
1998686106,126.3300150000
2001023675,126.4137630000
2003361229,126.3620420000
2005698798,126.3167860000
2008036367,126.4021870000
2010373921,126.3519130000
2012711490,126.3079230000
2015049059,126.3944320000
2017386613,126.3451280000
2019724182,126.3019870000
2022061751,126.3892380000
2024399306,126.3405830000
2026736874,126.1730100000
2030221628,126.2763830000
2032559182,126.2418350000
2034896751,126.2116050000
2037234320,126.1851540000
2039571874,126.1620090000
2041909443,126.1417570000
2044247012,126.1240370000
2046584567,126.1085320000
2048922135,126.0949650000
2051259704,126.0830940000
2053597259,126.0727070000
2055934828,126.0636180000
2058272396,126.0556650000
2060609951,126.0487060000
2062947520,126.0426170000
2065285089,126.0372890000
2067622643,126.0326270000
2069960212,126.0285480000
2072297781,126.0249790000
2074635335,126.0218560000
2076972904,126.0191240000
2079310458,126.0167330000
2081648027,126.0146410000
2083985596,126.0128100000
2086323151,126.0112080000
2088660720,126.0098070000
2090998288,126.1335810000
2092188673,126.2418830000
2094526227,126.2116470000
2096863796,126.1851910000
2099201365,126.2870420000
2101538920,126.2511610000
2103876488,126.2197650000
2106214057,126.3172940000
2108551612,126.2776320000
2110889181,126.2429280000
2113226750,126.3375620000
2115564304,126.2953660000
2117901873,126.2584450000
2120239442,126.2261390000
2122576996,126.1978710000
2124914565,126.1731370000
2127252134,126.1514940000
2129589688,126.1325570000
2131927257,126.1159870000
2134264826,126.1014880000
2136602380,126.0888020000
2138939949,126.0777010000
2141277518,126.0679880000
2143615073,126.0594890000
2145952642,126.0520520000
2148290210,126.0455450000
2150627765,126.0398510000
2154112518,126.2848690000
2156450073,126.2492600000
2158787642,126.2181020000
2161125210,126.3158390000
2163462765,126.2763590000
2165800334,126.2418140000
2168137903,126.3365870000
2170475457,126.2945130000
2172813026,126.2576980000
2175150595,126.3504850000
2177488149,126.3066740000
2179825718,126.2683390000
2182163287,126.3597960000
2184500841,126.3148210000
2186838410,126.2754680000
2189175979,126.3660340000
2191513534,126.3202790000
2193851103,126.2802440000
2196188671,126.3702130000
2198526226,126.3239360000
2200863795,126.2834440000
2203201364,126.3730130000
2205538918,126.3263860000
2207876487,126.2855870000
2210214056,126.3748880000
2212551610,126.3280270000
2216036364,126.5370230000
2217226748,126.5948950000
2219564302,126.6455330000
2221901871,126.6898410000
2224239440,126.8536100000
2226576995,126.8719080000
2228914564,126.8879190000
2231252133,127.0269290000
2233589687,127.0235620000
2235927256,127.0206160000
2238264825,127.1430390000
2240602379,127.1251590000
2242939948,127.1095140000
2245277517,127.2208240000
2247615071,127.1932210000
2249952640,127.1690680000
2252290209,127.2729340000
2254627764,127.2388170000
2256965333,127.2089640000
2259302887,127.3078430000
2261640456,127.2693620000
2263978025,127.2356910000
2266315579,127.3312290000
2268653148,127.2898250000
2270990717,127.2535960000
2273328271,127.3468960000
2275665840,127.3035340000
2276856225,127.1405920000
2279193794,126.8730180000
2282678533,126.7638900000
2285016101,126.7934030000
2287353656,126.6942270000
2289691225,126.6074480000
2292028794,126.6565170000
2294366348,126.5744520000
2296703917,126.5026450000
2299041486,126.5648140000
2301379040,126.4942120000
2303716609,126.4324350000
2306054178,126.5033800000
2308391733,126.4404570000
2310729301,126.3853990000
2313066870,126.4622240000
2315404425,126.4044460000
2317741994,126.3538900000
2320079563,126.4346530000
2322417117,126.3803210000
2324754686,126.3327800000
2327092255,126.4161820000
2329429809,126.3641590000
2331767378,126.3186390000
2334104947,126.4038090000
2336442502,126.3533320000
2338780070,126.3091650000
2341117639,126.1455190000
2344602378,126.2523290000
2345792763,126.2207870000
2348130332,126.3181880000
2350467886,126.2784140000
2352805455,126.2436120000
2355143024,126.3381600000
2357480578,126.2958900000
2359818147,126.2589030000
2362155716,126.3515400000
2364493271,126.3075970000
2366830839,126.2691470000
2369168408,126.3605030000
2371505963,126.3154400000
2373843532,126.2760100000
2376181101,126.3665080000
2378518655,126.3206940000
2380856224,126.2806070000
2383193793,126.3705310000
2385531347,126.3242140000
2387868916,126.2836870000
2390206485,126.3732260000
2392544040,126.3265720000
2394881608,126.2857500000
2397219177,126.3750310000
2399556732,126.3281520000
2401894301,126.2871330000
2404231870,126.5012410000
2405422240,126.4385850000
2408906993,126.3837610000
2411244562,126.3357900000
2413582116,126.2938160000
2415919685,126.2570890000
2418257254,126.2249520000
2420594809,126.1968330000
2422932378,126.1722280000
2425269946,126.1506990000
2427607501,126.1318610000
2429945070,126.1153780000
2432282639,126.1009550000
2434620193,126.0883350000
2436957762,126.0772930000
2439295331,126.0676310000
2441632885,126.0591770000
2443970454,126.0517790000
2446308009,126.0453060000
2448645578,126.0396420000
2450983147,126.0346860000
2453320701,126.0303500000
2455658270,126.0265560000
2457995839,126.0232360000
2460333393,126.0203310000
2462670962,126.0177890000
2465008531,126.1405650000
2467346086,126.1229940000
2469683655,125.9826190000
2473168408,126.2347910000
2475505962,126.3304420000
2477843531,126.4141360000
2480181100,126.6123690000
2482518655,126.6608220000
2484856224,126.9532190000
2487193792,127.3340660000
2489531347,127.6673070000
2491868916,127.8338930000
2494206485,128.1046560000
2496544039,128.3415740000
2498881608,128.4238770000
2501219177,128.6208920000
2503556731,128.7932800000
2505894300,128.8191200000
2508231869,128.9667300000
2510569424,129.0958880000
2512906993,129.0839020000
2515244562,129.1984140000
2517582116,129.2986120000
2519919685,129.2612850000
2522257254,129.3536240000
2524594808,129.4344210000
2526932377,129.3801180000
2529269946,129.4576030000
2531607501,129.5254020000
2533945070,129.4597260000
2535135454,129.5272600000
2537473008,129.4613520000
2539810577,129.2786830000
2542148146,129.2438470000
2544485701,129.2133660000
2546823270,129.0616950000
2549160839,129.0539830000
2551498393,129.0472350000
2553835962,128.9163300000
2556173531,128.9267880000
2558511085,128.9359390000
2560848654,128.8189460000
2563186223,128.8415770000
2565523778,128.8613790000
2567861347,128.7537060000
2570198916,128.7844920000
2572536470,128.8114300000
2574874039,128.7100010000
2577211608,128.7462500000
2579549162,128.7779680000
2581886731,128.6807220000
2584224300,128.7206310000
2586561855,128.7555520000
2588899424,128.6611080000
2591236992,128.7034690000
2593574547,128.6155350000
2595912116,128.5385930000
2599396855,128.7212680000
2601734424,128.6311090000
2604071993,128.6772200000
2606409547,128.7175670000
2608747116,128.6278710000
2611084685,128.6743870000
2613422239,128.7150880000
2615759808,128.6257020000
2618097377,128.6724890000
2620434932,128.7134270000
2622772501,128.6242480000
2625110070,128.6712170000
2627447624,128.7123140000
2629785193,128.6232740000
2632122762,128.6703640000
2634460316,128.7115680000
2636797885,128.6226220000
2639135454,128.6697940000
2641473009,128.7110690000
2643810578,128.6221850000
2646148147,128.6694110000
2648485701,128.7107340000
2650823270,128.6218920000
2653160839,128.6691550000
2655498393,128.7105100000
2657835962,128.6216960000
2660173531,128.6689840000
2661363901,128.5853610000
2663701470,128.5121900000
2666039039,128.5731660000
2668376593,128.6265200000
2670714162,128.5482050000
2673051731,128.6046790000
2675389286,128.6540940000
2677726855,128.5723320000
2680064424,128.6257900000
2682401978,128.6725660000
2684739547,128.5884950000
2687077116,128.6399330000
2689414670,128.6849410000
2692899424,128.7243230000
2695236993,128.8837820000
2697574547,129.0233090000
2699912116,129.0203950000
2702249685,129.1428450000
2704587240,129.2499890000
2706924809,129.2187400000
2709262377,129.3163970000
2711599932,129.4018470000
2713937501,129.3516160000
2716275070,129.4326640000
2718612624,129.5035810000
2720950193,129.4406330000
2723287762,129.5105530000
2725625317,129.5717330000
2727962886,129.3752660000
2730300440,129.3283570000
2732638009,129.1623120000
2734975578,129.0170230000
2737313132,129.0148950000
2739650701,128.8880330000
2741988270,128.7770280000
2744325825,128.8048990000
2746663394,128.7042860000
2749000963,128.7412500000
2751338517,128.7735930000
2754823270,128.8018930000
2756013655,128.8266560000
2758351209,128.8483240000
2760688778,128.7422830000
2763026347,128.7744970000
2765363902,128.8026840000
2767701471,128.7023480000
2770039040,128.7395540000
2772376594,128.7721090000
2774714163,128.6755950000
2777051732,128.7161450000
2779389286,128.7516260000
2781726855,128.6576720000
2784064424,128.7004630000
2786401979,128.7379050000
2788739548,128.6456660000
2791077117,128.8149570000
2793414671,128.9630870000
2795752240,128.9677010000
2798089809,129.0967380000
2800427364,129.2096450000
2802764932,129.1834390000
2805102501,129.2855090000
2807440056,129.3748200000
2809777625,129.3279670000
2812115194,129.4119710000
2814452748,129.4854740000
2816790317,129.4247890000
2817980702,129.2466900000
2821465441,129.2158530000
2823803010,129.0638710000
2826140579,129.0558870000
2828478133,129.0489010000
2830815702,128.9177880000
2833153271,128.9280640000
2835490825,128.9370560000
2837828394,128.8199240000
2840165963,128.8424330000
2842503518,128.8621280000
2844841087,128.7543620000
2847178656,128.7850660000
2849516210,128.8119320000
2851853779,128.7104400000
2854191348,128.7466350000
2856528902,128.7783050000
2858866471,128.6810160000
2861204040,128.7208890000
2863541595,128.7557770000
2865879164,128.6613040000
2868216733,128.7036410000
2870554287,128.7406850000
2872891856,128.6480990000
2875229425,128.6920860000
2877566980,128.6055750000
2879904549,128.5298780000
2883389288,128.5886430000
2884579672,128.5150620000
2886917241,128.4506790000
2889254810,128.5193440000
2891592364,128.4544260000
2893929933,128.3976220000
2896267502,128.4729190000
2898605057,128.4138040000
2900942626,128.3620780000
2903280195,128.4418180000
2905617749,128.3865900000
2907955318,128.3382660000
2910292887,128.4209820000
2912630442,128.3683590000
2914968010,128.3223140000
2917305565,128.4070240000
2919643134,128.3561460000
2921980703,128.3116270000
2924318257,128.3976730000
2926655826,128.3479630000
2928993395,128.3044670000
2931330950,128.3914080000
2933668519,128.3424820000
2936006088,128.4246710000
2938343642,128.4965870000
2940681211,128.4345130000
2943018780,128.5051980000
2945356335,128.5670480000
2946546719,128.6211670000
2950031472,128.6685210000
2952369027,128.7099550000
2954706596,128.6212100000
2957044165,128.6685580000
2959381719,128.7099880000
2961719288,128.6212390000
2964056857,128.6685840000
2966394412,128.7100110000
2968731981,128.6212590000
2971069550,128.6686010000
2973407104,128.7100250000
2975744673,128.6212710000
2978082242,128.6686120000
2980419797,128.7100350000
2982757366,128.6212800000
2985094934,128.6686200000
2987432489,128.7100420000
2989770058,128.6212860000
2992107627,128.6686250000
2994445181,128.7100460000
2996782750,128.6212900000
2999120319,128.6686280000
3001457874,128.7100490000
3003795443,128.6212920000
3006133012,128.6686300000
3008470566,128.7100510000
3011955320,128.6212940000
3014292874,128.7936320000
3016630443,128.9444280000
3018968012,128.9513740000
3021305567,129.0824520000
3023643135,129.1971450000
3025980704,129.5475010000
3028318259,129.8540630000
3030655828,130.1223050000
3032993397,130.3570160000
3035330951,130.5623890000
3037668520,130.7420900000
3040006089,131.0243280000
3042343644,131.1462870000
3044681213,131.2530010000
3047018782,131.4713750000
3049356336,131.5374530000
3051693905,131.5952710000
3054031474,131.7708620000
3056369029,131.7995040000
3058706598,131.8245660000
3061044167,131.9714950000
3063381721,131.9750580000
3065719290,131.9781750000
3068056859,131.9809030000
3070394413,131.9832900000
3072731982,131.9853780000
3075069551,131.9872050000
3076259936,131.8638040000
3078597490,131.8808280000
3080935059,131.6457240000
3083272628,131.5650080000
3085610183,131.4943820000
3087947752,131.3075840000
3090285321,131.2691360000
3092622875,131.2354940000
3094960444,131.0810570000
3097297999,131.0709240000
3099635568,131.0620580000
3101973137,130.9293000000
3104310691,130.9381370000
3106648260,130.9458690000
3108985829,130.8276350000
3111323384,130.8491800000
3113660953,130.8680320000
3115998522,130.7595280000
3118336076,130.7895870000
3121820830,130.9408880000
3124158398,131.0732770000
3126495953,131.1891170000
3128833522,131.2904770000
3131171091,131.3791670000
3133508645,131.4567710000
3135846214,131.5246740000
3138183783,131.5840890000
3140521338,131.6360770000
3142858907,131.5565670000
3145196476,131.4869960000
3147534030,131.4261210000
3149871599,131.3728550000
3152209168,131.3262480000
3154546723,131.2854670000
3156884292,131.2497830000
3159221861,131.2185600000
3161559415,131.1912400000
3163896984,131.1673350000
3166234553,131.1464180000
3168572108,131.1281150000
3170909677,130.9871000000
3173247246,130.9887120000
3175584800,130.9901230000
3177922369,130.8663570000
3180259938,130.8830620000
3182597493,130.8976790000
3184935062,130.7854690000
3187272631,130.8122850000
3189610185,130.8357490000
3191947754,130.7312800000
3194285323,130.7648700000
3196622877,130.7942610000
3198960446,130.6949780000
3201298001,130.7331050000
3203635570,130.7664660000
3205973139,130.6706570000
3208310693,130.8368240000
3210648262,130.9822210000
3212985831,131.1094430000
3215323386,131.2207620000
3217660955,131.3181660000
3219998524,131.4033950000
3222336078,131.4779700000
3224673647,131.5432230000
3227011216,131.7253200000
3229348771,131.7596550000
3231686340,131.7896980000
3234023909,131.9409850000
3236361463,131.9483610000
3238699032,131.9548150000
3241036601,132.0854630000
3243374156,132.0747800000
3245711725,132.0654320000
3248049294,132.1822530000
3250386848,132.1594710000
3252724417,132.0145370000
3255061986,131.8877190000
3257399541,131.7767540000
3259737110,131.6796590000
3262074679,131.5947010000
3264412233,131.5203630000
3266749802,131.4553170000
3269087371,131.3984020000
3271424926,131.3486010000
3273762495,131.3050250000
3276100064,131.2668960000
3278437618,131.2335340000
3280775187,131.2043420000
3283112756,131.1787990000
3285450311,131.1564490000
3287787880,131.1368920000
3290125449,131.1197800000
3293610188,131.2298070000
3295947757,131.3260810000
3298285326,131.4103200000
3300622880,131.4840300000
3302960449,131.5485260000
3305298004,131.6049600000
3307635573,131.6543400000
3309973142,131.6975470000
3312310696,131.7353530000
3314648265,131.7684330000
3316985834,131.7973780000
3319323389,131.8227050000
3321660958,131.8448660000
3323998527,131.8642570000
3326336081,131.8812240000
3328673650,131.8960710000
3331011219,132.0340620000
3333348774,132.0298040000
3335686343,132.0260780000
3338023912,132.1478180000
3340361466,132.1293400000
3342699035,132.1131720000
3345036604,132.2240250000
3347374159,132.1960210000
3349711728,132.1715180000
3352049297,132.2750780000
3354386851,132.2406930000
3356724420,132.2106060000
3356767620,131.8092800000
3359105189,131.5831200000
3361442744,131.3852300000
3363780313,131.0870760000
3366117882,130.9511910000
3368455436,130.8322920000
3370793005,130.6032550000
3373130574,130.5278480000
3375468129,130.4618670000
3377805698,130.2791330000
3380143267,130.2442410000
3382480821,130.2137100000
3384818390,130.0619960000
3387155959,130.0542460000
3389493514,130.0474650000
3391831083,129.9165310000
3394168652,129.9269640000
3396506206,129.9360930000
3398843775,129.8190810000
3401181344,129.8416950000
3403518899,129.8614830000
3405856468,129.7537970000
3408194037,129.7845720000
3410531591,129.8115000000
3412869160,129.7100620000
3415206729,129.7463040000
3417544284,129.7780160000
3419881853,129.6807640000
3423366592,129.7206680000
3425704161,129.7555840000
3428041730,129.7861360000
3430379284,129.8128690000
3432716853,129.8362600000
3435054422,129.8567270000
3437391977,129.8746360000
3439729546,129.8903060000
3442067115,129.9040170000
3444404669,129.9160140000
3446742238,129.9265120000
3449079807,129.9356980000
3451417362,129.9437350000
3453754931,129.9507680000
3456092500,129.9569220000
3458430054,129.9623060000
3460767623,129.8420170000
3463105192,129.8617640000
3465442747,129.8790430000
3467780316,129.7691620000
3470117885,129.7980160000
3472455439,129.8232640000
3474793008,129.7203560000
3477130577,129.7553110000
3479468132,129.7858970000
3481805701,129.6876590000
3485290440,129.8517010000
3487628009,129.9952380000
3489965578,130.3708330000
3492303132,130.6994780000
3494640701,130.9870430000
3496978270,131.2386620000
3499315825,131.4588290000
3501653394,131.6514750000
3503990963,131.8200400000
3506328517,131.9675350000
3508666086,132.0965930000
3511003655,132.3345180000
3513341210,132.4177030000
3515678779,132.4904900000
3518016348,132.6791780000
3520353903,132.7192800000
3522691472,132.7543700000
3525029041,132.9100730000
3527366595,132.9213130000
3529704164,132.9311480000
3532041733,133.0647540000
3534379288,133.0566590000
3536716857,133.0495760000
3539054426,133.1683790000
3541391980,133.1473310000
3543729549,133.1289140000
3546067118,133.2377990000
3548404673,133.2080740000
3549595057,133.0570640000
3551932626,132.9249310000
3554270195,132.6843140000
3556607750,132.4737740000
3558945319,132.1645520000
3561282888,132.0189830000
3563620442,131.8916100000
3565958011,132.0301580000
3568295566,132.1513880000
3570633135,132.2574640000
3572970704,132.3502810000
3575308258,132.4314950000
3577645827,132.5025580000
3579983396,132.5647380000
3582320951,132.6191450000
3584658520,132.6667510000
3586996089,132.7084070000
3589333643,132.7448560000
3591671213,132.7767490000
3594008782,132.9296550000
3596346336,132.9384480000
3598683905,132.9461420000
3601021474,133.0778740000
3603359029,133.0681390000
3605696598,133.0596210000
3608034167,133.1771680000
3610371721,133.1550220000
3612709290,133.1356440000
3616194044,133.3686880000
3618531598,133.3226020000
3620869167,133.2822760000
3623206736,133.3719910000
3625544291,133.3254920000
3627881860,133.2848050000
3630219429,133.3742040000
3632556983,133.3274280000
3634894552,133.2864990000
3637232121,133.3756860000
3639569676,133.3287250000
3641907245,133.2876340000
3644244814,133.2516790000
3646582369,133.2202190000
3648919938,133.1926910000
3651257507,133.1686040000
3653595061,133.1475280000
3655932630,133.1290870000
3658270199,133.1129510000
3660607754,133.0988320000
3662945323,133.0864780000
3665282877,133.0756680000
3667620446,133.0662090000
3669958015,133.0579320000
3672295570,133.0506900000
3675780323,133.1693530000
3678117892,133.3981830000
3680455447,133.4734100000
3680498647,133.2892330000
3682836216,133.2530780000
3685173785,133.3464430000
3687511339,133.3031370000
3689848909,133.2652440000
3692186478,133.3570880000
3694524032,133.3124520000
3696861601,133.2733950000
3699199170,133.3642200000
3701536725,133.3186920000
3703874294,133.2788550000
3706211863,133.3689980000
3708549417,133.3228730000
3710886986,133.2825130000
3713224555,133.3721980000
3715562110,133.3256730000
3717899679,133.2849630000
3720237248,133.3743420000
3722574802,133.3275490000
3724912371,133.2866050000
3727249940,133.2507790000
3729587495,133.2194310000
3731925064,133.1920020000
3734262633,133.1680010000
3736600188,133.1470000000
3738937757,133.1286250000
3741275326,133.1125460000
3743612880,133.0984770000
3745950449,133.0861670000
3748288004,132.9503960000
3750625573,132.8315960000
3752963142,132.7276460000
3755300696,132.6366900000
3757638265,132.5571030000
3759975834,132.4874650000
3762313389,132.4265310000
3764650958,132.3732140000
3766988527,132.3265620000
3769326082,132.2857410000
3771663651,132.2500230000
3774001220,132.3437700000
3776338774,132.3007980000
3778676343,132.2631980000
3781013912,132.3552980000
3783351467,132.3108850000
3785689036,132.2720240000
3788026605,132.3630210000
3790364159,132.3176430000
3792701728,132.2779370000
3795039297,132.3681940000
3797376852,132.3221690000
3799714421,132.2818970000
3802051990,132.3716590000
3805536729,132.4502010000
3807874298,132.3939250000
3810211867,132.3446840000
3812549422,132.3015980000
3814886991,132.5138980000
3817224560,132.8246600000
3819562114,132.9715770000
3821899683,133.1001290000
3824237252,133.3376120000
3826574807,133.4204100000
3828912376,133.4928580000
3831249945,133.6812500000
3833587500,133.7210930000
3835925069,133.7559560000
3838262638,133.9114610000
3840600192,133.9225280000
3842937761,133.9322120000
3845275330,134.0656850000
3847612885,134.0574740000
3849950454,134.0502890000
3852288008,134.1690020000
3854625577,134.1478760000
3856963146,134.1293910000
3859300701,134.2382170000
3861638270,134.2084390000
3863975839,134.1823840000
3866313394,134.2845860000
3869798147,134.3740120000
3872135716,134.5772600000
3874473271,134.7551020000
3876810840,134.7857140000
3879148409,134.9374990000
3881485963,135.0703110000
3883823532,135.0615220000
3886161102,135.1788310000
3888498656,135.2814770000
3890836225,135.2462920000
3893173794,135.3405050000
3895511349,135.4229410000
3897848918,135.3700730000
3900186487,135.4488130000
3902524041,135.5177110000
3904861610,135.4529970000
3907199179,135.5213720000
3909536734,135.4562000000
3911874303,135.3991750000
3914211872,135.4742780000
3916549427,135.4149930000
3918886996,135.3631180000
3921224565,135.4427280000
3923562119,135.3873870000
3925899688,135.3389630000
3928237257,135.4215920000
3930574812,135.3688930000
3932912381,135.3227810000
3934102765,135.2824330000
3936440320,135.1221280000
3938777889,134.8568620000
3941115458,134.7497540000
3943453013,134.5310340000
3945790582,134.3396540000
3948128151,134.2971970000
3950465705,134.1350470000
3952803274,133.9931660000
3955140843,133.9940200000
3957478398,133.8697670000
3959815967,133.7610460000
3962153536,133.7909150000
3964491091,133.6920500000
3966828660,133.6055430000
3969166229,133.6548500000
3971503783,133.5729930000
3973841352,133.5013680000
3976178921,133.5636970000
3978516476,133.4932340000
3980854045,133.4315790000
3983191614,133.5026310000
3985529169,133.4398020000
3987866738,133.3848260000
3990204307,133.4617220000
3992541861,133.4040060000
3994879430,133.3535050000
3997216999,133.4343160000
3999554554,133.3800260000
4001892123,133.2075220000
4004229692,133.0565810000
4006567247,132.9245080000
4008904816,132.8089440000
4011242385,132.7078260000
4013579939,132.6193470000
4015917508,132.5419280000
4018255077,132.4741870000
4020592632,132.4149130000
4022930201,132.3630480000
4025267770,132.3176670000
4027605325,132.2779580000
4029942894,132.2432130000
4032280448,132.2128110000
4034618017,132.1862090000
4036955586,132.1629320000
4039293141,132.1425650000
4041630710,132.1247440000
4043968279,132.1091510000
4046305834,132.0955070000
4048643403,132.0835680000
4050980972,132.0731220000
4053318526,132.0639810000
4055656095,132.0559830000
4057993664,132.0489850000
4061478403,132.1678610000
4063815972,132.2718780000
4066153541,132.4878930000
4068491096,132.6769060000
4070828665,132.8422920000
4073166234,133.1120050000
4075503789,133.2230040000
4077841358,133.3201280000
4080178927,133.5301120000
4082516481,133.5888480000
4084854050,133.6402420000
4087191620,133.8102110000
4089529174,133.8339340000
4091866743,133.8546920000
4094204312,133.9978550000
4096541867,133.9981230000
4098879436,133.9983570000
4101217005,134.1235620000
4103554559,134.1081160000
4105892129,134.0946010000
4108229698,134.4577750000
4110567252,134.7755530000
4112904821,134.9286080000
4115242390,135.1875320000
4117579945,135.4140900000
4119917514,135.4873280000
4123402253,135.8014120000
4125739822,136.0762350000
4126930207,136.0667050000
4129267776,136.1833660000
4131605330,136.2854450000
4133942899,136.2497640000
4136280454,136.3435430000
4138618023,136.4256000000
4140955592,136.3724000000
4143293147,136.4508500000
4145630716,136.5194930000
4147968285,136.4545560000
4150305839,136.5227360000
4152643408,136.5823940000
4154980977,136.5095940000
4157318532,136.5708940000
4159656101,136.6245320000
4161993670,136.5464650000
4164331225,136.6031560000
4166668794,136.6527610000
4169006363,136.6961650000
4171343917,136.7341440000
4173681486,136.7673760000
4176019056,136.7964540000
4178356610,136.8218970000
4180694179,136.8441590000
4183031748,136.8636390000
4185369303,136.8806840000
4187706872,136.8955980000
4188897256,136.6586480000
4191234825,136.5763170000
4193572380,136.5042770000
4195909949,136.1912420000
4198247518,136.0423360000
4200585073,135.7870440000
4202922642,135.5636630000
4205260211,135.4932050000
4207597765,135.3065540000
4209935335,135.1432340000
4212272904,135.1253290000
4214610458,134.9846620000
4216948027,134.8615790000
4219285582,134.8788810000
4221623151,134.7690200000
4223960720,134.6728920000
4226298275,134.7137800000
4228635844,134.6245570000
4230973413,134.5464870000
4233310967,134.6031760000
4235648536,134.5277790000
4237986105,134.4618060000
4240323660,134.5290800000
4242661229,134.4629450000
4244998798,134.4050760000
4247336353,134.4794410000
4249673922,134.4195100000
4253158675,134.6170710000
4255496230,134.7899370000
4257833799,134.6911940000
4260171368,134.7297940000
4262508923,134.8885690000
4264846492,134.9024970000
4267184061,135.0396840000
4269521615,135.1597230000
4271859184,135.1397570000
4274196754,135.2472870000
4276534308,135.3413760000
4278871877,135.2987040000
4281209446,135.3863660000
4283547001,135.4630700000
4285884570,135.4051860000
4288222139,135.4795370000
4290559694,135.5445940000
4292897263,135.4765190000
4295234832,135.5419540000
4297572386,135.5992090000
4299909955,135.5243070000
4302247524,135.5837680000
4304585079,135.5107970000
4306922648,135.4469470000
4309260217,135.5160780000
4311597772,135.4515680000
4315082525,135.6451220000
4317420080,135.8144810000
4318610465,135.7126700000
4320948034,135.6235860000
4323285588,135.6706370000
4325623157,135.8368070000
4327960726,135.8572060000
4330298281,136.0000550000
4332635850,136.1250480000
4334973419,136.1094170000
4337310974,136.2207390000
4339648543,136.3181460000
4341986112,136.2783770000
4344323666,136.3685790000
4346661236,136.4475060000
4348998805,136.3915670000
4351336359,136.4676210000
4353673928,136.5341680000
4356011497,136.5923970000
4358349052,136.6433470000
4360686621,136.6879280000
4363024190,136.7269370000
4365361745,136.7610690000
4367699314,136.7909350000
4370036883,136.8170680000
4372374437,136.8399340000
4374712007,136.8599420000
4377049576,136.8774490000
4379387130,136.8927670000
4381724699,136.9061710000
4384062268,136.9178990000
4386399823,136.9281610000
4388737392,136.6871400000
4391074961,136.6012470000
4393412516,136.5260910000
4395750085,136.3353290000
4398087654,136.2934120000
4400425208,136.2567350000
4402762778,136.0996430000
4405100347,136.0871870000
4407437901,136.0762880000
4409775470,135.9417520000
4412113039,135.9490330000
4414450594,135.9554030000
4416788163,135.8359770000
4419125732,135.8564790000
4421463287,135.8744190000
4423800856,135.7651160000
4426138425,135.7944760000
4428475980,135.8201660000
4430813549,135.7176450000
4433151118,135.7529390000
4435488672,135.7838210000
4437826241,135.6858430000
4440163810,135.7251120000
4443648550,135.8844730000
4445986119,135.8989130000
4448323673,136.0365480000
4450661242,135.9069790000
4452998811,135.7936060000
4455336366,135.9444050000
4457673935,136.0763540000
4460011504,136.1918090000
4462349059,136.2928320000
4464686628,136.3812280000
4467024197,136.4585740000
4469361752,136.5262520000
4471699321,136.5854700000
4474036890,136.6372860000
4476374444,136.6826250000
4478712014,136.7222960000
4481049583,136.7570090000
4483387137,136.7873820000
4485724706,136.8139590000
4488062275,136.8372140000
4490399830,136.8575620000
4492737399,136.7503660000
4495074968,136.7815700000
4497412523,136.8088730000
4499750092,136.7077630000
4502087661,136.7442920000
4504425216,136.7762550000
4506762785,136.6792230000
4509100354,136.7193200000
4510290724,136.6294050000
4512628293,136.4257290000
4514965862,136.2475120000
4517303417,136.2165730000
4519640986,136.0645010000
4521978555,135.9314380000
4524316109,135.9400080000
4526653678,135.8225070000
4528991248,135.7196930000
4531328802,135.7547310000
4533666371,135.6603890000
4536003940,135.7028400000
4538341495,135.7399850000
4540679064,135.6474860000
4543016633,135.6915500000
4545354188,135.7301060000
4547691757,135.6388420000
4550029326,135.6839860000
4552366881,135.7234870000
4554704450,135.6330510000
4557042019,135.6789190000
4559379573,135.7190540000
4561717142,135.6291720000
4564054712,135.6755250000
4566392266,135.7160840000
4568729835,135.6265730000
4571067404,135.6732510000
4573404959,135.7140940000
4575742528,135.6248320000
4578080097,135.5467280000
4580417652,135.4783870000
4582755221,135.2935880000
4585092790,135.2568890000
4587430345,135.2247770000
4589767914,135.0716790000
4592105483,135.0627190000
4594443037,134.9298790000
4596780606,134.8136440000
4599118176,134.8369380000
4601455730,134.7323200000
4603793299,134.6407800000
4606130868,134.6856820000
4608468423,134.5999710000
4610805992,134.5249740000
4613143561,134.5843520000
4615481116,134.5113080000
4617818685,134.4473940000
4620156254,134.5164690000
4622493809,134.4519100000
4624831378,134.3954210000
4627168947,134.4709930000
4629506501,134.4121180000
4631844071,134.3606030000
4635328810,134.5655270000
4637666379,134.6198360000
4640003948,134.7923560000
4642341503,134.9433110000
4644679072,134.9503970000
4647016641,135.2065970000
4649354195,135.4307720000
4651691764,135.6269250000
4654029334,135.7985590000
4656366888,135.9487390000
4658704457,136.0801460000
4661042026,136.1951270000
4663379581,136.2957360000
4665717150,136.3837690000
4668054719,136.4607970000
4670392274,136.5281970000
4672729843,136.4621720000
4675067412,136.5294000000
4677404967,136.5882250000
4679742536,136.5146960000
4682080105,136.5753590000
4684417660,136.6284390000
4686755229,136.5498840000
4689092798,136.6061480000
4691430352,136.6553790000
4693767921,136.5734560000
4696105491,136.6267740000
4699590230,137.0484270000
4701927799,137.4173730000
4703118183,137.6152010000
4705455738,137.7883000000
4707793307,137.9397620000
4710130876,138.0722910000
4712468431,138.1882540000
4714806000,138.2897220000
4717143569,138.3785060000
4719481124,138.4561920000
4721818693,138.5241680000
4724156262,138.5836470000
4726493817,138.6356910000
4728831386,138.6812290000
4731168955,138.7210750000
4733506509,138.7559400000
4735844078,138.7864470000
4738181648,138.8131410000
4740519202,138.8364980000
4742856771,138.8569350000
4745194340,138.8748180000
4747531895,138.8904650000
4749869464,138.9041560000
4752207033,138.9161360000
4754544588,138.9266190000
4756882157,138.9357910000
4759219726,138.9438170000
4761557281,138.9508390000
4763894850,138.9569840000
4765085234,138.8373610000
4767422789,138.7326900000
4769760358,138.6411030000
4772097927,138.4359650000
4774435482,138.2564690000
4776773051,137.9744100000
4779110620,137.8526080000
4781448175,137.7460320000
4783785744,137.5277780000
4786123313,137.4618050000
4788460868,137.4040790000
4790798437,137.2285690000
4793136006,137.1999970000
4795473561,137.1749970000
4797811130,137.0281220000
4800148699,137.0246060000
4802486253,137.0215300000
4804823822,136.8938380000
4807161392,136.9071080000
4809498946,136.9187190000
4811836515,136.8038790000
4814174084,136.8283940000
4816511639,136.8498440000
4818849208,136.7436130000
4821186777,136.7756610000
4823524332,136.8037030000
4825861901,136.7032400000
4829346640,136.8653350000
4831684209,137.0071680000
4834021779,137.1312720000
4836359333,137.1148630000
4838696902,137.1005050000
4841034471,137.2129410000
4843372026,137.3113230000
4845709595,137.3974070000
4848047164,137.4727310000
4850384719,137.5386390000
4852722288,137.5963090000
4855059857,137.6467700000
4857397412,137.6909230000
4859734981,137.7295570000
4862072550,137.7633620000
4864410105,137.7929410000
4866747674,137.8188230000
4869085243,137.8414700000
4871422798,137.8612860000
4873760367,137.8786250000
4876097936,137.8937960000
4878435490,137.9070710000
4880773060,137.9186870000
4883110629,137.9288510000
4885448183,137.9377440000
4887785752,137.9455260000
4891270492,138.0773350000
4893608061,138.1926680000
4895945630,138.2935840000
4897136014,138.2568860000
4899473569,138.2247750000
4901811138,138.1966780000
4904148707,138.2970930000
4906486262,138.3849560000
4908823831,138.4618360000
4911161400,138.5291060000
4913498955,138.5879670000
4915836524,138.6394710000
4918174093,138.6845370000
4920511648,138.7239690000
4922849217,138.7584720000
4925186786,138.7886630000
4927524341,138.8150800000
4929861910,138.8381950000
4932199479,138.8584200000
4934537034,138.8761170000
4936874603,138.8916020000
4939212172,138.9051510000
4941549726,138.9170070000
4943887296,138.9273810000
4946224865,138.9364580000
4948562419,138.9444000000
4950899988,138.9513500000
4953237558,138.9574310000
4955575112,138.9627520000
4957912681,138.9674080000
4960250250,138.9714820000
4962587805,138.9750460000
4964925374,138.9781650000
4967262943,138.8558940000
4969600498,138.7489070000
4971938067,138.5302930000
4974275622,138.4640060000
4976613191,138.4060050000
4978950760,138.2302540000
4981288315,138.2014720000
4983625884,138.1762880000
4985963453,138.0292520000
4988301008,138.0255950000
4990638577,138.0223950000
4992976146,137.8945950000
4995313701,137.9077700000
4997651270,137.9192980000
4999988839,137.8043850000
5002326393,137.8288360000
5004663963,137.8502310000
5007001532,137.8689520000
5009339086,137.8853330000
5011676655,137.8996660000
5014014225,137.9122070000
5016351779,137.9231810000
5018689348,137.9327830000
5022174102,138.0661850000
5024511657,138.1829110000
5026849226,138.2850470000
5029186795,138.2494160000
5031524350,138.2182390000
5033861919,138.1909590000
5036199488,138.2920890000
5038537043,138.3805770000
5040874612,138.4580040000
5043212181,138.5257530000
5045549736,138.5850330000
5047887305,138.6369030000
5050224874,138.6822900000
5052562428,138.7220030000
5054899998,138.7567520000
5057237567,138.7871580000
5059575121,138.8137630000
5061912690,138.8370420000
5064250260,138.8574110000
5066587814,138.8752340000
5068925383,138.8908290000
5071262938,138.9044750000
5073600507,138.9164150000
5075938076,138.9268630000
5078275631,138.9360050000
5080613200,138.9440040000
5082950769,138.9510030000
5085288324,138.9571270000
5087625893,138.9624860000
5088816278,138.8421750000
5091153847,138.7369030000
5093491401,138.6447900000
5095828971,138.5641910000
5098166540,138.4936670000
5100504094,138.4319580000
5102841664,138.3779630000
5105179233,138.3307170000
5107516787,138.2893770000
5109854356,138.2532040000
5112191926,138.2215530000
5114529480,138.1938580000
5116867049,138.1696250000
5119204619,138.1484210000
5121542173,138.1298680000
5123879742,138.1136340000
5126217311,138.0994290000
5128554866,138.0870000000
5130892435,138.0761250000
5133230004,138.0666090000
5135567559,138.0582820000
5137905128,138.0509960000
5140242697,138.0446210000
5142580252,138.0390430000
5144917821,137.9091620000
5147255390,137.9205160000
5149592945,137.9304510000
5151930514,137.8141440000
5154268069,137.8373760000
5156605638,137.8577040000
5158943207,137.6254910000
5161280762,137.5473040000
5163618331,137.4788910000
5165955900,137.2940290000
5168293455,137.2572750000
5170631024,137.2251150000
5172968593,137.0719750000
5175306148,137.0629780000
5177643717,137.0551050000
5179981286,136.9232160000
5182318841,136.9328140000
5184656410,136.9412120000
5186993979,136.8235600000
5189331534,136.8456150000
5191669103,136.8649130000
5194006672,136.8817980000
5196344227,136.8965730000
5198681796,136.9095010000
5201019365,136.9208130000
5203356920,136.9307110000
5205694489,136.9393720000
5208032058,136.9469500000
5210369612,136.9535810000
5213854366,137.0843830000
5216191935,137.1988350000
5218529490,137.2989800000
5220867059,137.3866070000
5223204628,137.4632810000
5225542183,137.5303700000
5227879752,137.7140730000
5230217321,137.8748130000
5232554876,138.0154610000
5234892445,138.1385280000
5237230014,138.2462120000
5239567569,138.3404350000
5241905138,138.4228800000
5244242707,138.4950200000
5246580262,138.5581420000
5248917831,138.6133740000
5251255400,138.6617020000
5253592955,138.7039890000
5255930524,138.7409900000
5258268079,138.7733660000
5260605648,138.8016950000
5262943217,138.8264830000
5265280772,138.8481720000
5267618341,138.8671500000
5269955910,138.8837560000
5272293465,138.8982860000
5274631034,138.9110000000
5278115788,139.1721250000
5280453342,139.2756090000
5281643727,139.2411570000
5283981296,139.2110120000
5286318851,139.1846350000
5288656420,139.4115550000
5290993989,139.6101100000
5293331544,139.9088460000
5295669113,140.0452400000
5298006682,140.2895850000
5300344237,140.5033860000
5302681806,140.5654620000
5305019375,140.7447790000
5307356930,140.9016810000
5309694499,140.9139700000
5312032068,141.0497230000
5314369623,141.1685070000
5316707192,141.1474430000
5319044761,141.2540120000
5321382316,141.3472600000
5323719885,141.3038520000
5326057454,141.3908700000
5328395009,141.4670110000
5330732578,141.4086340000
5333070147,141.4825540000
5335407702,141.4222340000
5337745271,141.3694540000
5340082840,141.4482720000
5342420395,141.3922380000
5344757964,141.3432080000
5345948348,141.1753070000
5348285903,141.0283930000
5350623472,140.8998430000
5352961041,140.6623620000
5355298596,140.4545660000
5357636165,140.2727450000
5359973734,140.1136510000
5362311289,139.9744440000
5364648858,139.8526380000
5366986427,139.7460580000
5369323982,139.6528000000
5371661551,139.5712000000
5373999120,139.4998000000
5376336675,139.4373250000
5378674244,139.3826590000
5381011813,139.4598260000
5383349368,139.4023470000
5385686937,139.3520530000
5388024506,139.4330460000
5390362061,139.3789150000
5392699630,139.3315500000
5395037199,139.4151060000
5397374754,139.3632170000
5399712323,139.3178140000
5402049892,139.4030870000
5405534632,139.4777010000
5407872201,139.5429880000
5410209770,139.7251140000
5412547325,139.7594740000
5414884894,139.7895390000
5417222463,139.6908460000
5419560018,139.6044900000
5421897587,139.6539280000
5424235156,139.8221870000
5426572711,139.8444130000
5428910280,139.8638610000
5431247849,140.0058780000
5433585404,140.0051430000
5435922973,140.0045000000
5438260528,140.0039370000
5440598097,140.0034440000
5442935666,140.0030130000
5445273221,140.0026360000
5447610790,140.0023060000
5449948359,140.0020170000
5452285914,140.0017640000
5454623483,140.0015430000
5456961052,140.0013500000
5459298607,140.0011810000
5461636176,140.0010330000
5463973745,140.0009030000
5466311300,140.0007900000
5468648869,140.0006910000
5472133623,140.2506040000
5473323993,140.2192780000
5475661562,140.1918680000
5477999131,140.1678840000
5480336686,140.1468980000
5482674255,140.1285350000
5485011824,140.2374680000
5487349379,140.4577840000
5489686948,140.5255610000
5492024517,140.7098650000
5494362072,140.8711310000
5496699641,140.8872390000
5499037210,141.0263340000
5501374765,141.1480420000
5503712334,141.1295360000
5506049903,141.2383440000
5508387458,141.3335510000
5510725027,141.2918570000
5513062596,141.3803740000
5515400151,141.4578270000
5517737720,141.4005980000
5520075289,141.4755230000
5522412844,141.4160820000
5524750413,141.3640710000
5527087982,141.4435620000
5529425537,141.3881160000
5531763106,141.3396010000
5534100675,141.4221500000
5536438230,141.3693810000
5538775799,141.3232080000
5541113368,141.4078070000
5543450923,141.3568310000
5545788492,141.1872270000
5548126061,141.1638230000
5550463616,141.0183450000
5552801185,140.8910510000
5555138754,140.9046690000
5557476309,140.7915850000
5559813878,140.6926360000
5562151448,140.7310560000
5564489002,140.6396740000
5566826571,140.5597140000
5569164141,140.6147490000
5571501695,140.5379050000
5573839264,140.4706660000
5576176834,140.5368320000
5578514388,140.4697280000
5580851958,140.4110120000
5583189527,140.4846350000
5585527081,140.4240550000
5587864651,140.3710480000
5590202220,140.4496670000
5592539774,140.3934580000
5594877344,140.3442750000
5598362083,140.5512400000
5600699652,140.6073350000
5603037221,140.7814180000
5605374776,140.9337400000
5607712345,140.9420220000
5610049914,141.0742690000
5612387469,140.9399850000
5614725038,140.9474860000
5617062607,141.0790500000
5619400162,141.1941680000
5621737731,141.1698970000
5624075300,141.2736590000
5626412855,141.2394510000
5628750424,141.2095190000
5631087994,141.3083290000
5633425548,141.2697870000
5635763117,141.2360630000
5638100687,141.3315550000
5640438241,141.2901100000
5642775811,141.2538460000
5645113380,141.3471150000
5647450934,141.3037250000
5649788504,141.2657590000
5652126073,141.3575390000
5654463628,141.3128460000
5656801197,141.2737400000
5659138766,141.3645220000
5661476321,141.3189560000
5663813890,141.2790860000
5666151459,141.3692000000
5667341829,141.1980500000
5669679398,141.0482930000
5672016967,141.0422560000
5674354522,140.9119740000
5676692091,140.7979770000
5679029661,140.8232290000
5681367215,140.7203250000
5683704784,140.6302840000
5686042354,140.6764980000
5688379908,140.5919350000
5690717478,140.5179430000
5693055047,140.5782000000
5695392601,140.5059250000
5697730171,140.4426840000
5700067740,140.5123480000
5702405295,140.4483040000
5704742864,140.3922660000
5707080433,140.4682320000
5709417988,140.4097030000
5711755557,140.3584900000
5714093126,140.4386780000
5716430681,140.3838430000
5718768250,140.3358620000
5721105819,140.4188790000
5723443374,140.3665190000
5725780943,140.3207040000
5728118512,140.4056160000
5730456067,140.3549140000
5732793636,140.3105490000
5735131205,140.3967300000
5737468760,140.2221380000
5739806329,140.0693700000
5742143898,139.9356980000
5744481453,139.8187350000
5746819022,139.7163930000
5749156591,139.6268430000
5751494146,139.5484870000
5753831715,139.4799260000
5756169285,139.4199350000
5758506839,139.3674430000
5760844408,139.3215120000
5763181978,139.2813230000
5765519532,139.2461570000
5767857102,139.2153870000
5770194671,139.1884630000
5772532225,139.1649050000
5774869795,139.1442910000
5777207364,139.1262540000
5779544919,139.1104720000
5781882488,139.0966630000
5784220057,139.0845800000
5786557612,139.0740070000
5790042365,139.3147560000
5792379920,139.4004110000
5794717489,139.4753590000
5797055059,139.6659390000
5799392613,139.7076960000
5801730183,139.7442340000
5804067752,139.9012040000
5806405306,139.9135530000
5808742876,140.0493580000
5811080445,140.2931880000
5813418000,140.3815390000
5815755569,140.4588460000
5818093138,140.6514900000
5820430693,140.6950530000
5822768262,140.7331710000
5825105831,140.8915240000
5827443386,140.9050830000
5829780955,140.9169470000
5832118524,141.0523280000
5834456079,141.0457870000
5836793648,141.0400630000
5839131217,141.1600550000
5841468772,141.1400480000
5843806341,141.1225420000
5846143910,141.2322240000
5848481465,141.2031960000
5850819034,141.1777960000
5853156604,141.2805710000
5855494158,141.2454990000
5857831727,141.2148110000
5860169297,141.3129590000
5862506851,141.2738390000
5864844421,141.2396090000
5867181990,141.3346570000
5869519545,141.2928240000
5871857114,141.2562210000
5874194683,141.3491930000
5876532238,141.3055430000
5878869807,141.5173500000
5881207376,141.8276810000
5883544931,142.0992200000
5885882500,142.2118170000
5888220069,142.4353390000
5890557624,142.6309210000
5892895193,142.6770550000
5895232762,142.8424230000
5897570317,142.9871200000
5899907886,142.9887300000
5902245455,143.1151380000
5904583010,143.2257450000
5906920579,143.1975260000
5909258134,143.2978350000
5911595703,143.3856050000
5913933273,143.3374040000
5916270827,143.4202280000
5918608397,143.4926990000
5920945966,143.4311110000
5923283520,143.5022220000
5925621090,143.5644440000
5927958659,143.4938880000
5930296214,143.5571520000
5932633783,143.3625080000
5934971352,143.1921940000
5937308907,143.1681690000
5939646476,143.0221470000
5941984045,142.8943780000
5944321600,142.9075800000
5946659169,142.7941320000
5948996738,142.6948650000
5951334293,142.7330060000
5953671862,142.6413800000
5956009431,142.6862070000
5958346986,142.7254310000
5960684555,142.6347520000
5963022125,142.6804080000
5965359679,142.7203570000
5967697249,142.6303120000
5970034818,142.6765230000
5972372373,142.7169570000
5974709942,142.6273370000
5977047511,142.6739190000
5979385066,142.7146790000
5981722635,142.6253440000
5984060204,142.6721760000
5986397759,142.7131540000
5988735328,142.6240090000
5991072897,142.6710070000
5993410452,142.7121310000
5995748021,142.6231140000
5998085590,142.6702240000
6000423145,142.7114460000
6002760714,142.6225150000
6005098284,142.6697000000
6007435838,142.7109870000
6009773408,142.6221130000
6012110977,142.6693480000
6014448532,142.7106790000
6016786101,142.6218440000
6019123670,142.6691130000
6021461225,142.7104730000
6023798794,142.6216630000
6026136363,142.6689550000
6028473918,142.7103350000
6030811487,142.6215430000
6033149056,142.6688500000
6035486611,142.7102430000
6037824180,142.6214620000
6040161749,142.6687790000
6042499304,142.7101810000
6044836873,142.6214080000
6047174443,142.6687320000
6049511997,142.7101400000
6051849567,142.6213720000
6054187136,142.6687000000
6056524691,142.7101120000
6058862260,142.6213480000
6061199829,142.6686790000
6063537384,142.7100940000
6065874953,142.6213320000
6068212522,142.6686650000
6070550077,142.7100810000
6072887646,142.6213200000
6075225215,142.6686550000
6077562770,142.7100730000
6079900339,142.6213130000
6082237908,142.6686480000
6084575463,142.7100670000
6086913032,142.6213080000
6089250587,142.6686440000
6091588156,142.7100630000
6093925726,142.6213050000
6096263280,142.6686410000
6098600850,142.5850600000
6100938419,142.5119270000
6103275974,142.5729360000
6105613543,142.5013190000
6107951112,142.4386540000
6110288667,142.5088220000
6112626236,142.4452190000
6114963805,142.3895660000
6117301360,142.4658700000
6119638929,142.4076360000
6121976498,142.3566810000
6124314053,142.4370950000
6126651622,142.3824580000
6128989192,142.3346500000
6131326746,142.4178180000
6133664316,142.3655900000
6136001885,142.4448910000
6138339440,142.5142790000
6140677009,142.4499940000
6143014578,142.5187440000
6145352133,142.5789010000
6147689702,142.5065380000
6150027271,142.5682200000
6152364826,142.6221920000
6154702395,142.5444180000
6158187149,142.7263650000
6160524704,142.8855690000
6162862273,142.8998720000
6165199842,143.0373880000
6167537397,143.1577140000
6169874966,143.1379990000
6172212535,143.2457490000
6174550090,143.3400300000
6176887659,143.2975260000
6179225229,143.3853350000
6181562783,143.4621680000
6183900353,143.4043970000
6186237922,143.4788470000
6188575477,143.5439910000
6190913046,143.4759920000
6193250601,143.5414930000
6195588170,143.5988060000
6197925739,143.5239550000
6200263294,143.5834600000
6202600863,143.6355270000
6204938432,143.5560860000
6207275987,143.6115750000
6209613556,143.6601280000
6211951126,143.5776120000
6214288680,143.6304100000
6216626250,143.6766080000
6218963819,143.5920320000
6221301374,143.6430280000
6223638943,143.6876490000
6225976512,143.6016920000
6227166897,143.5264800000
6229504451,143.4606700000
6231842021,143.2780860000
6234179590,143.2433250000
6236517145,143.2129090000
6238854714,143.0612950000
6241192283,143.0536330000
6243529838,143.0469280000
6245867407,142.9160620000
6248204976,142.9265540000
6250542531,142.9357340000
6252880100,142.8187670000
6255217669,142.8414210000
6257555224,142.8612430000
6259892793,142.7535870000
6262230363,142.7843880000
6264567918,142.8113390000
6266905487,142.7099210000
6269243056,142.7461800000
6271580611,142.7779070000
6273918180,142.6806680000
6276255735,142.7205840000
6278593304,142.6305110000
6280930873,142.5516970000
6283268428,142.6077340000
6285605997,142.5317670000
6287943566,142.4652960000
6290281121,142.5321340000
6292618690,142.4656170000
6294956260,142.4074140000
6297293814,142.4814870000
6299631384,142.2963010000
6301968953,142.1342630000
6304306508,142.1174800000
6306644077,141.9777950000
6308981646,141.8555700000
6311319201,141.8736230000
6313656770,141.7644200000
6315994339,141.6688670000
6318331894,141.7102580000
6320669463,141.6214750000
6323007033,141.6687900000
6325344587,141.7101910000
6327682157,141.6214170000
6330019726,141.6687390000
6332357281,141.7101460000
6334694850,141.6213770000
6337032419,141.6687040000
6339369974,141.7101160000
6341707543,141.6213510000
6344045112,141.6686820000
6346382667,141.7100960000
6348720236,141.6213340000
6352204990,141.7936670000
6354542545,141.9444580000
6356880114,141.9514000000
6359217683,142.0824750000
6361555238,142.1971650000
6363892808,142.1725190000
6366230377,142.2759540000
6368567932,142.3664590000
6370905501,142.4456510000
6373243056,142.6399440000
6375580625,142.8099510000
6377918194,142.8337070000
6380255749,142.9794930000
6382593318,143.1070560000
6384930887,143.0936740000
6387268442,143.2069640000
6389606011,143.3060930000
6391943581,143.2678310000
6394281135,143.3593520000
6396618705,143.4394330000
6398956274,143.3845030000
6401293829,143.4614400000
6403631398,143.5287600000
6405968967,143.4626650000
6408306522,143.5298310000
6410644091,143.5886020000
6412981660,143.5150260000
6415319215,143.5756470000
6417656784,143.6286910000
6419994354,143.5501040000
6422331908,143.6063410000
6424669478,143.6555480000
6427007047,143.6986040000
6429344602,143.7362780000
6431682171,143.7692430000
6434019740,143.7980870000
6436357295,143.8233260000
6438694864,143.8454100000
6441032433,143.8647330000
6443369988,143.8816410000
6445707558,143.8964350000
6448045127,143.9093800000
6450382682,143.9207070000
6452720251,143.9306180000
6455057820,143.9392900000
6457395375,143.9468780000
6459732944,143.9535180000
6462070513,143.9593280000
6464408068,143.9644120000
6466745637,143.8438600000
6469083207,144.1133770000
6471420761,144.3492040000
6473758331,144.5555530000
6476095900,144.7361080000
6478433455,144.8940940000
6480771024,145.0323320000
6483108593,145.1532900000
6485446148,145.2591280000
6487783717,145.3517370000
6490121286,145.4327690000
6492458841,145.5036720000
6494796410,145.5657130000
6497133980,145.4949980000
6499471535,145.4331230000
6501809104,145.3789820000
6504146673,145.3316090000
6506484228,145.2901570000
6508821797,145.2538870000
6511159366,145.2221510000
6513496921,145.1943820000
6515834490,145.1700840000
6518172060,145.1488230000
6520509614,145.1302200000
6522847184,145.1139420000
6525184753,145.0996990000
6527522308,145.0872360000
6529859877,145.0763310000
6532197446,145.0667890000
6534535001,145.0584400000
6536872570,145.0511350000
6539210139,145.0447430000
6541547694,145.0391500000
6543885264,145.0342560000
6546222833,145.0299740000
6548560388,145.0262270000
6550897957,145.0229480000
6553235526,145.0200790000
6555573081,145.0175690000
6557910650,145.0153720000
6560248205,145.0134500000
6562585774,145.0117680000
6564923343,145.0102970000
6567260898,145.0090090000
6569598468,145.0078820000
6571936037,144.8818960000
6574273592,144.8966590000
6576611161,144.9095760000
6578948730,144.7958790000
6581286285,144.8213940000
6583623854,144.8437190000
6585961423,144.7382540000
6588298978,144.7709720000
6590636547,144.7996000000
6592974117,144.6996500000
6595311672,144.7371930000
6597649241,144.7700430000
6599986810,144.6737870000
6602324365,144.7145630000
6604661934,144.7502420000
6606999503,144.6564610000
6609337058,144.6994030000
6611674627,144.7369770000
6614012197,144.7698540000
6616349752,144.7986220000
6618687321,144.8237940000
6621024890,144.8458190000
6623362445,144.8650910000
6625700014,144.8819540000
6628037583,144.8967090000
6630375138,144.9096200000
6632712707,144.9209170000
6635050277,144.9308020000
6637387831,144.9394510000
6639725401,144.9470190000
6642062970,144.9536410000
6644400525,144.9594350000
6646738094,144.9645050000
6649075663,144.9689410000
6651413218,144.9728230000
6653750787,144.9762200000
6656088357,144.9791920000
6658425911,144.9817930000
6660763481,144.9840680000
6663101050,144.9860590000
6665438605,144.9878010000
6667776174,144.9893250000
6670113743,144.9906590000
6672451298,144.9918260000
6674788867,144.9928470000
6677126437,144.9937410000
6679463991,144.9945230000
6681801561,144.9952070000
6684139130,144.9958060000
6686476685,144.9963300000
6688814254,144.9967880000
6691151823,144.9971890000
6693489378,144.9975400000
6695826947,144.9978470000
6698164517,144.9981160000
6700502071,144.9983510000
6702839641,144.9985570000
6705177210,144.9987370000
6707514765,144.9988940000
6709852334,144.9990320000
6712189903,144.9991530000
6714527458,144.9992580000
6716865027,144.9993500000
6719202597,144.9994310000
6721540152,144.9995020000
6723877721,144.9995640000
6726215290,144.9996180000
6728552845,144.9996650000
6730890414,144.9997060000
6733227983,144.9997420000
6735565538,144.9997740000
6737903107,144.9998020000
6741387847,145.1248260000
6743725416,145.2342220000
6746062985,145.4549440000
6748400540,145.5230760000
6750738110,145.5826910000
6753075679,145.7598540000
6755413234,145.7898720000
6757750803,145.8161380000
6760088372,145.8391200000
6762425927,145.8592300000
6764763496,145.8768260000
6767101066,145.8922220000
6769438620,145.9056940000
6771776190,145.9174820000
6774113759,145.9277960000
6776451314,145.9368210000
6778788883,145.9447180000
6781126452,145.9516280000
6783464007,145.9576740000
6785801576,145.9629640000
6788139146,145.9675930000
6790476700,145.9716430000
6792814270,145.9751870000
6795151839,145.9782880000
6797489394,145.9810020000
6799826963,145.9833760000
6802164532,145.9854540000
6804502087,145.9872720000
6806839656,145.9888630000
6809177226,145.9902550000
6811514781,145.9914730000
6812705165,145.8675380000
6815042734,145.7590950000
6817380289,145.6642080000
6819717859,145.5811820000
6822055428,145.5085340000
6824392983,145.4449670000
6826730552,145.3893460000
6829068121,145.3406770000
6831405676,145.2980920000
6833743245,145.2608300000
6836080815,145.2282260000
6838418369,145.1996970000
6840755939,145.1747340000
6843093508,145.1528920000
6845431063,145.1337800000
6847768632,145.1170570000
6850106201,145.1024240000
6852443756,145.0896210000
6854781325,145.0784180000
6857118895,145.0686150000
6859456450,145.0600380000
6861794019,145.0525330000
6864131588,145.0459660000
6866469143,145.0402200000
6868806712,145.0351920000
6871144281,145.0307930000
6873481836,145.0269430000
6875819406,145.0235750000
6878156975,145.0206280000
6880494530,145.0180490000
6882832099,145.0157920000
6885169668,144.8888180000
6887507223,144.7777150000
6889844792,144.5555000000
6892182362,144.4860620000
6894519917,144.4253040000
6896857486,144.2471410000
6899195055,144.2162480000
6901532610,144.1892170000
6903870179,144.0405640000
6906207748,144.0354930000
6908545303,144.0310560000
6910882873,143.9021740000
6913220442,143.9144020000
6915557997,143.9251010000
6917895566,143.8094630000
6920233135,143.8332800000
6922570690,143.8541200000
6924908259,143.7473550000
6927245814,143.7789350000
6929583383,143.8065680000
6931920953,143.7057470000
6935405692,143.8675280000
6937743262,144.0090870000
6940080831,144.1329510000
6942418386,144.2413320000
6944755955,144.3361650000
6947093524,144.4191440000
6949431079,144.4917510000
6951768648,144.5552820000
6954106218,144.6108710000
6956443772,144.6595120000
6958781342,144.8270730000
6961118911,144.9736880000
6963456466,145.1019770000
6965794035,145.2142290000
6968131604,145.3124500000
6970469159,145.3983930000
6972806729,145.4735930000
6975144298,145.5393930000
6977481853,145.5969680000
6979819422,145.6473470000
6982156991,145.6914280000
6984494546,145.7299990000
6986832115,145.7637490000
6989169685,145.7932800000
6991507240,145.8191200000
6993844809,145.8417300000
6996182378,145.8615130000
6998519933,145.8788230000
7000857502,145.8939700000
7003195071,145.9072230000
7005532626,145.9188200000
7007870196,145.9289670000
7010207765,145.9378460000
7012545320,145.9456150000
7014882889,145.9524130000
7017220458,145.9583610000
7019558013,145.9635650000
7021895582,145.9681190000
7024233152,145.9721040000
7026570707,145.9755910000
7028908276,145.9786420000
7031245831,145.9813110000
7033583400,145.9836470000
7035920969,145.9856910000
7038258524,145.9874790000
7040596093,145.9890440000
7042933663,145.9904130000
7045271218,145.9916110000
7047608787,145.9926590000
7049946356,145.9935760000
7052283911,145.9943790000
7054621480,145.9950810000
7056959050,145.9956950000
7059296605,146.3712330000
7061634174,146.5748280000
7063971743,146.7529740000
7066309298,147.0338520000
7068646867,147.1546200000
7070984436,147.2602920000
7073321991,147.4777550000
7075659561,147.5430350000
7077997130,147.6001550000
7080334685,147.7751350000
7082672254,147.6782430000
7085009823,147.7184620000
7087347378,147.6286540000
7089684948,147.5500720000
7092022517,147.6063130000
7094360072,147.5305230000
7096697641,147.4642070000
7099035210,147.5311810000
7101372765,147.4647830000
7103710334,147.4066850000
7106047904,147.4808490000
7108385459,147.4207420000
7110723028,147.3681490000
7113060597,147.4471300000
7115398152,147.3912380000
7117735721,147.3423330000
7120073291,147.4245410000
7122410845,147.3714730000
7124748415,147.3250380000
7127085984,147.4094080000
7129423539,147.3582320000
7131761108,147.3134530000
7134098677,147.3992710000
7136436232,147.3493620000
7138773802,147.3056910000
7141111371,147.3924790000
7143448926,147.3434190000
7145786495,147.3004910000
7148124064,147.3879290000
7150461619,147.3394370000
7152799189,147.2970070000
7155136758,147.3848810000
7157474313,147.3367700000
7159811882,147.2946730000
7162149451,147.3828380000
7164487006,147.3349830000
7166824575,147.2931100000
7169162145,147.3814710000
7171499700,147.3337870000
7173837269,147.2920630000
7176174838,147.3805550000
7178512393,147.3329850000
7180849962,147.2913610000
7183187532,147.3799400000
7185525087,147.3324470000
7187862656,147.2908910000
7190200225,147.3795290000
7192537780,147.3320870000
7194875349,147.2905760000
7197212919,147.3792540000
7199550474,147.3318470000
7201888043,147.2903660000
7204225612,147.3790700000
7206563167,147.3316860000
7208900736,147.2902250000
7211238291,147.3789460000
7213575860,147.3315770000
7215913430,147.2901290000
7218250985,147.3788620000
7220588554,147.3315040000
7222926123,147.2900660000
7225263678,147.3788070000
7227601247,147.3314560000
7229938817,147.2900240000
7232276372,147.2537710000
7234613941,147.2220490000
7236951510,147.1942920000
7239289065,147.1700050000
7241626634,147.1487540000
7243964204,147.1301590000
7246301759,147.1138890000
7248639328,147.0996520000
7250976897,147.0871950000
7253314452,147.0762950000
7255652021,147.0667580000
7257989591,147.0584130000
7260327146,147.0511110000
7262664715,147.0447220000
7265002284,147.1641310000
7267339839,147.1436140000
7269677408,147.1256620000
7272014978,147.2349540000
7274352533,147.2055840000
7276690102,147.1798860000
7279027671,147.2824000000
7281365226,147.2471000000
7283702795,147.2162120000
7286040365,147.3141850000
7288377919,147.2749110000
7290715489,147.2405470000
7293053058,147.3354780000
7295390613,147.2935430000
7297728182,147.2568500000
7300065752,147.3497430000
7302403306,147.3060250000
7304740876,147.2677710000
7307078445,147.3592990000
7309416000,147.3143860000
7311753569,147.2750870000
7314091139,147.3657010000
7316428693,147.3199880000
7318766263,147.2799890000
7321103832,147.3699900000
7323441387,147.3237410000
7325778956,147.2832730000
7328116526,147.3728630000
7330454080,147.3262550000
7332791650,147.2854730000
7335129219,147.3747880000
7337466774,147.3279390000
7339804343,147.2869460000
7342141913,147.3760770000
7345626652,147.4540670000
7347964221,147.5223080000
7350301776,147.7070190000
7352639346,147.7436410000
7354976915,147.7756850000
7357314470,147.9287240000
7359652039,147.9376330000
7361989608,147.9454280000
7364327163,148.0772490000
7366664733,148.0675920000
7369002302,148.1841430000
7371339857,148.2861250000
7373677426,148.2503590000
7376014995,148.3440640000
7378352550,148.4260560000
7380690120,148.3727990000
7383027689,148.4511990000
7385365244,148.5197990000
7387702813,148.4548240000
7390040382,148.5229710000
7392377937,148.5825990000
7394715507,148.5097740000
7397053076,148.5710520000
7399390631,148.6246700000
7401728200,148.5465860000
7404065770,148.6032620000
7406403324,148.6528540000
7408740894,148.5712470000
7411078463,148.6248410000
7413416018,148.5467350000
7415753587,148.4783930000
7416943972,148.2935930000
7419281527,148.1318930000
7421619096,147.9904060000
7423956665,147.8666050000
7426294220,147.7582790000
7428631790,147.6634940000
7430969359,147.5805570000
7433306914,147.5079870000
7435644483,147.4444880000
7437982053,147.3889270000
7440319607,147.3403110000
7442657177,147.2977720000
7444994746,147.2605500000
7447332301,147.2279810000
7449669870,147.1994830000
7452007440,147.2995470000
7454344995,147.2621030000
7456682564,147.2293400000
7459020133,147.3256720000
7461357688,147.2849630000
7463695257,147.2493420000
7466032827,147.3431740000
7468370382,147.3002770000
7470707951,147.2627420000
7473045520,147.3548990000
7475383075,147.3105360000
7477720644,147.2717190000
7480058214,147.3627540000
7482395769,147.3174090000
7484733338,147.2777320000
7487070907,147.3680150000
7489408462,147.3220130000
7491746031,147.1567610000
7494083601,147.1371650000
7496421156,146.9950190000
7498758725,146.8706410000
7501096294,146.8868100000
7503433849,146.7759580000
7505771419,146.6789630000
7508108988,146.7190920000
7510446543,146.6292050000
7512784112,146.5505540000
7515121681,146.4817340000
7517459236,146.4215170000
7519796806,146.3688270000
7522134375,146.3227230000
7524471930,146.2823820000
7526809499,146.2470840000
7529147069,146.2161980000
7531484623,146.1891730000
7533822193,146.1655260000
7536159762,146.1448350000
7539644502,146.2517300000
7541982071,146.3452630000
7544319626,146.4271050000
7546657195,146.4987160000
7548994765,146.5613760000
7551332320,146.6162040000
7553669889,146.6641780000
7556007458,146.8311550000
7558345013,146.8522600000
7560682582,146.8707270000
7563020152,147.0118860000
7565357707,147.2604000000
7567695276,147.3528500000
7570032845,147.5587430000
7572370400,147.7389000000
7574707969,147.7715370000
7577045539,147.9250940000
7579383094,148.0594570000
7581720663,148.0520240000
7584058232,148.1705210000
7586395787,148.2742050000
7588733357,148.2399290000
7591070926,148.3349370000
7593408481,148.4180690000
7595746050,148.3658100000
7598083620,148.4450830000
7600421174,148.3894470000
7602758744,148.3407660000
7605096313,148.4231700000
7607433868,148.3702730000
7609771437,148.3239880000
7610961822,148.1584890000
7613299377,148.0136770000
7615636946,147.8869670000
7617974516,147.7760960000
7620312071,147.6790840000
7622649640,147.5941980000
7624987209,147.5199230000
7627324764,147.4549320000
7629662333,147.3980650000
7631999903,147.3483060000
7634337458,147.3047670000
7636675027,147.2666710000
7639012596,147.3583370000
7641350151,147.3135440000
7643687721,147.2743510000
7646025290,147.3650570000
7648362845,147.3194240000
7650700414,147.2794960000
7653037983,147.3695590000
7655375538,147.3233640000
7657713108,147.2829430000
7660050677,147.3725750000
7662388232,147.3260030000
7664725801,147.2852520000
7668210555,147.4995950000
7670548110,147.5621450000
7672885680,147.6168760000
7675223249,147.7897660000
7677560804,147.8160450000
7679898373,147.8390390000
7682235928,147.9841590000
7684573497,147.9861390000
7686911067,147.8628710000
7689248622,147.8800120000
7691586191,147.7700100000
7693923760,147.9237580000
7696261315,148.1832880000
7698598885,148.4103770000
7700936454,148.4840790000
7703274009,148.6735690000
7705611578,148.7143720000
7707949148,148.7500750000
7710286703,148.9063150000
7712624272,148.9180250000
7714961841,148.9282710000
7717299396,149.0622370000
7719636965,149.0544570000
7721974535,149.0476490000
7724312090,149.1666920000
7726649659,149.1458550000
7728987228,149.1276230000
7731324783,149.2366700000
7734809537,149.3320860000
7737147107,149.5405750000
7739484662,149.7230030000
7740675046,149.6326270000
7743012616,149.6785480000
7745350171,149.7187290000
7747687740,149.6288870000
7750025309,149.6752760000
7752362864,149.7158660000
7754700433,149.6263820000
7757038003,149.6730840000
7759375558,149.7139480000
7761713127,149.8747040000
7764050696,150.0153660000
7766388251,150.1384450000
7768725821,150.2461390000
7771063390,150.3403710000
7773400945,150.4228240000
7775738514,150.4949710000
7778076084,150.5580990000
7780413639,150.6133360000
7782751208,150.6616690000
7785088777,150.7039600000
7787426332,150.7409650000
7789763902,150.6483440000
7792101471,150.6923010000
7794439026,150.7307630000
7796776595,150.6394170000
7799114164,150.6844890000
7801451719,150.7239270000
7803789289,150.6334360000
7806126858,150.6792560000
7807317228,150.5943490000
7809654798,150.3950550000
7811992367,150.2206730000
7814329922,150.1930880000
7816667491,149.9189520000
7819005061,149.8040830000
7821342616,149.7035720000
7823680185,149.4906250000
7826017754,149.4292960000
7828355309,149.3756340000
7830692879,149.2036790000
7833030448,149.1782190000
7835368003,149.1559410000
7837705572,149.0114480000
7840043142,149.0100170000
7842380697,149.0087640000
7844718266,148.8826680000
7847055835,148.8973340000
7849393390,148.9101670000
7851730960,148.7963960000
7854068529,148.8218460000
7856406084,148.8441150000
7858743653,148.7386000000
7862228393,148.8962750000
7864565962,149.0342400000
7866903531,149.0299600000
7869241086,149.1512150000
7871578656,149.2573130000
7873916225,149.2251480000
7876253780,149.3220040000
7878591349,149.4067530000
7880928919,149.3559080000
7883266474,149.3114190000
7885604043,149.1474910000
7887941612,149.0040540000
7890279167,149.1285470000
7892616737,149.1124780000
7894954306,149.0984180000
7897291861,149.2111150000
7899629430,149.1847250000
7901967000,149.1616340000
7904304555,149.2664290000
7906642124,149.2331250000
7908979693,149.2039840000
7911317248,149.3034860000
7913654818,149.2655500000
7915992387,149.2323560000
7918329942,149.3283110000
7920667511,149.2872720000
7923005081,149.3763630000
7925342636,149.4543170000
7927680205,149.3975270000
7931164959,149.5978360000
7933502514,149.7731060000
7934692899,149.6764670000
7937030468,149.7169080000
7939368023,149.7522940000
7941705592,149.6582570000
7944043162,149.7009740000
7946380717,149.7383520000
7948718286,149.6460580000
7951055855,149.6903000000
7953393410,149.7290120000
7955730980,149.6378850000
7958068549,149.8081490000
7960406104,149.9571300000
7962743673,150.0874880000
7965081243,150.2015520000
7967418798,150.3013580000
7969756367,150.2636880000
7972093936,150.3557270000
7974431491,150.4362610000
7976769061,150.3817280000
7979106630,150.4590120000
7981444185,150.5266350000
7983781754,150.4608050000
7986119324,150.5282040000
7989604063,150.7121780000
7991941633,150.7481550000
7994279188,150.9046350000
7996616757,151.0415550000
7998954326,151.0363600000
8001291881,151.1568150000
8003629451,151.2622130000
8004819835,151.1044360000
8007157405,151.0913810000
8009494960,151.0799580000
8011832529,150.8199630000
8014170098,150.7174670000
8016507653,150.6277830000
8018845223,150.4243100000
8021182792,150.3712710000
8023520347,150.3248620000
8025857916,150.1592540000
8028195486,150.1393470000
8030533041,150.1219280000
8032870610,149.9816870000
8035208179,149.9839760000
8037545734,149.9859790000
8039883304,149.8627310000
8042220859,149.8798890000
8044558428,149.8949020000
8046895997,149.7830390000
8049233552,149.8101590000
8051571122,149.8338890000
8055055876,149.9796520000
8057393431,150.1071950000
8059731000,150.2187950000
8062068569,150.3164450000
8063258940,150.2768890000
8065596509,150.2422770000
8067934078,150.0869920000
8070271633,150.0761180000
8072609203,149.9416030000
8074946772,149.8239020000
8077284327,149.8459140000
8079621896,149.6151740000
8081959466,149.4132770000
8084297021,149.4866170000
8086634590,149.4257890000
8088972159,149.3725650000
8091309715,149.4509940000
8093647284,149.3946190000
8095984853,149.3452910000
8098322408,149.4271290000
8100659978,149.3737370000
8102997547,149.3270190000
8105335102,149.4111410000
8107672671,149.3597480000
8110010241,149.4397790000
8112347796,149.5098060000
8114685365,149.4460800000
8117022934,149.5153200000
8119360489,149.5759050000
8121698059,149.5039160000
8125182813,149.6909260000
8127520368,149.8545600000
8128710752,149.7477400000
8131048322,149.7792720000
8133385877,149.8068630000
8135723446,149.7060050000
8138061015,149.6177540000
8140398570,149.5405340000
8142736140,149.3479670000
8145073709,149.3044710000
8147411264,149.2664120000
8149748833,149.1081100000
8152086403,149.0945960000
8154423958,149.2077710000
8156761527,149.1817990000
8159099097,149.2840740000
8161436652,149.3735640000
8163774221,149.3268680000
8166111790,149.4110090000
8168449345,149.4846320000
8170786915,149.4240530000
8173124484,149.4960460000
8175462039,149.5590400000
8177799608,149.4891600000
8180137178,149.5530150000
8183621917,149.7338880000
8185959487,149.7671520000
8188297042,149.9212580000
8190634611,150.0561000000
8192972180,150.0490870000
8195309735,150.1679510000
8197647305,150.2719570000
8198837690,150.1129620000
8201175259,150.0988410000
8203512814,149.8364850000
8205850383,149.6069240000
8208187953,149.5310580000
8210525508,149.3396750000
8212863077,149.2972150000
8215200646,149.3850630000
8217538201,149.4619300000
8219875771,149.4041880000
8222213340,149.4786640000
8224550895,149.5438310000
8226888464,149.4758520000
8229226019,149.5413700000
8231563589,149.5986980000
8233901158,149.5238600000
8236238713,149.5833770000
8238576283,149.6354540000
8240913852,149.5560220000
8243251407,149.6115190000
8245588976,149.6600790000
8249073730,149.8275690000
8251411285,149.9741220000
8253748855,150.1023560000
8256086424,150.2145610000
8257276794,150.1877400000
8259614364,150.0392720000
8261951933,149.9093630000
8264289488,149.9206920000
8266627057,149.8056050000
8268964627,149.7049040000
8271302182,149.7417910000
8273639751,149.5240670000
8275977321,149.3335580000
8278314876,149.4168630000
8280652445,149.3647550000
8282990014,149.3191600000
8285327569,149.4042650000
8287665139,149.3537310000
8290002708,149.4345140000
8292340263,149.5051990000
8294677832,149.4420490000
8297015402,149.5117920000
8299352957,149.5728180000
8301690526,149.5012150000
8304028096,149.5635630000
8306365651,149.6181170000
8308703220,149.5408520000
8312187974,149.7232450000
8314525529,149.8828390000
8316863098,149.8974840000
8319200668,150.0352980000
8321538223,150.1558850000
8323875792,150.1363990000
8326213362,150.2443490000
8328550917,150.3388050000
8330888486,150.2964540000
8333226041,150.2593970000
8335563610,150.2269720000
8337901180,150.0736000000
8340238735,150.0644000000
8342576304,150.3063500000
8344913873,150.5180560000
8347251428,150.7032990000
8349588998,150.8653860000
8351926567,151.1322120000
8354264122,151.3656850000
8356601692,151.5699740000
8358939261,151.7487270000
8361276816,151.9051360000
8363614385,152.0419940000
8365951955,152.1617440000
8368289510,152.2665260000
8370627079,152.3582100000
8372964648,152.4384330000
8375302204,152.5086280000
8378786958,152.6950490000
8381124527,152.9831670000
8383462082,153.1102710000
8385799651,153.2214870000
8386990036,153.1938010000
8389327591,153.1695750000
8391665160,153.1483780000
8394002730,153.2548300000
8396340285,153.2229760000
8398677854,153.1951040000
8401015424,153.0457160000
8403352979,152.9150010000
8405690548,152.8006250000
8408028117,152.7005460000
8410365672,152.7379770000
8412703242,152.7707290000
8415040811,152.9243870000
8417378366,152.9338380000
8419715936,152.9421080000
8422053505,153.0743440000
8424391060,153.0650510000
8426728629,153.0569190000
8429066199,153.1748040000
8431403754,153.1529530000
8433741323,153.1338330000
8436078892,153.2421030000
8438416448,153.2118400000
8440754017,153.1853600000
8443091586,153.1621900000
8445429141,153.1419160000
8447766711,153.1241760000
8450104280,153.1086540000
8451294650,152.9700720000
8453632220,152.8488130000
8455969789,152.6177110000
8458307344,152.5404970000
8460644914,152.4729340000
8462982483,152.1638170000
8465320038,152.0183390000
8467657607,151.8910460000
8469995177,151.6546650000
8472332732,151.5728310000
8474670301,151.5012270000
8477007871,151.4385730000
8479345426,151.3837510000
8481682995,151.3357820000
8484020564,151.2938090000
8486358119,151.2570820000
8488695689,151.2249460000
8491033258,151.1968270000
8493370813,151.1722230000
8495708383,151.1506950000
8498045952,151.1318580000
8500383507,151.1153750000
8502721076,151.1009530000
8505058646,151.0883330000
8508543385,151.2022910000
8510880955,151.3020040000
8513218510,151.3892530000
8515556079,151.4655960000
8517893649,151.5323960000
8520231204,151.5908460000
8522568773,151.6419900000
8524906342,151.6867410000
8527243898,151.7258980000
8529581467,151.6351600000
8531919036,151.4307650000
8534256591,151.3769190000
8536594161,151.3298040000
8538931730,151.4135780000
8541269285,151.4868800000
8543606855,151.5510200000
8545944424,151.4821420000
8548281979,151.5468740000
8550619548,151.6035140000
8552957118,151.5280740000
8555294673,151.5870640000
8557632242,151.6386810000
8559969812,151.5588450000
8562307367,151.6139890000
8564644936,151.6622400000
8566982505,151.5794600000
8569320060,151.6320270000
8572804814,151.8030230000
8575142384,151.9526450000
8577479939,152.0835640000
8579817508,152.1981180000
8582155078,152.2983530000
8583345448,152.2610580000
8585683017,152.2284250000
8588020587,152.1998710000
8590358142,152.1748870000
8592695711,152.1530260000
8595033281,152.1338970000
8597370836,152.1171590000
8599708405,152.1025140000
8602045974,152.0896990000
8604383530,152.2034860000
8606721099,152.3030500000
8609058668,152.5151680000
8611396223,152.5757720000
8613733793,152.6288000000
8616071362,152.8002000000
8618408917,152.8251750000
8620746487,152.8470280000
8623084056,152.9911490000
8625421611,152.9922550000
8627759180,152.9932230000
8630096750,152.9940700000
8632434305,152.9948110000
8634771874,152.9954590000
8638256614,153.1210260000
8640594183,153.2308970000
8642931753,153.3270340000
8645269308,153.4111540000
8646459693,153.3597590000
8648797262,153.3147890000
8651134831,153.2754400000
8653472386,153.2410100000
8655809956,153.2108830000
8658147525,153.1845220000
8660485080,153.0364560000
8662822650,152.9068990000
8665160219,152.7935360000
8667497774,152.6943440000
8669835343,152.6075510000
8672172913,152.5316070000
8674510468,152.4651560000
8676848037,152.4070110000
8679185607,152.3561340000
8681523162,152.3116170000
8683860731,152.2726640000
8686198301,152.2385810000
8688535856,152.2087580000
8690873425,152.1826630000
8693210980,152.1598300000
8695548549,152.1398510000
8697886119,152.1223690000
8700223674,152.1070720000
8703708428,152.2186880000
8706045997,152.4413520000
8708383552,152.5111830000
8710721122,152.5722850000
8711911507,152.5007490000
8714249062,152.4381550000
8716586631,152.3833850000
8718924200,152.3354610000
8721261756,152.2935280000
8723599325,152.1318370000
8725936894,151.8653570000
8728274449,151.7571870000
8730612019,151.6625380000
8732949588,151.4547200000
8735287143,151.5228800000
8737624713,151.5825200000
8739962282,151.5097050000
8742299837,151.5709910000
8744637406,151.6246170000
8746974976,151.5465390000
8749312531,151.6032210000
8751650100,151.6528180000
8753987670,151.5712150000
8756325225,151.6248130000
8758662794,151.6717110000
8761000364,151.7127470000
8763337919,151.7486530000
8766822673,151.9050710000
8769160242,152.0419370000
8771497797,152.1616940000
8773835367,152.2664820000
8776172936,152.3581710000
8777363306,152.3133990000
8779700876,152.2742240000
8782038445,152.2399460000
8784376000,152.2099520000
8786713570,152.1837080000
8789051139,152.0357440000
8791388694,151.9062760000
8793726264,151.7929910000
8796063833,151.6938670000
8798401388,151.7321330000
8800738957,151.7656160000
8803076527,151.7949140000
8805414082,151.8205490000
8807751651,151.8429800000
8810089221,151.8626070000
8812426776,151.8797810000
8814764345,151.8948080000
8817101915,151.9079570000
8819439470,151.9194620000
8821777039,151.9295290000
8824114608,151.9383370000
8826452164,151.9460440000
8828789733,151.9527880000
8832274473,152.0836890000
8834612042,152.1982270000
8836949612,152.2984480000
8839287167,152.3861420000
8840477551,152.3378740000
8842815121,152.2956390000
8845152690,152.2586840000
8847490245,152.2263480000
8849827815,152.1980540000
8852165384,152.1732970000
8854502939,152.0266340000
8856840509,151.7733040000
8859178078,151.6766410000
8861515633,151.5920600000
8863853202,151.6430520000
8866190772,151.6876700000
8868528327,151.7267110000
8870865896,151.7608720000
8873203466,151.7907630000
8875541021,151.8169170000
8877878590,151.8398020000
8880216145,151.8598260000
8882553715,151.8773470000
8884891284,151.8926780000
8887228839,151.9060930000
8889566409,151.9178310000
8891903978,151.9281020000
8894241533,151.9370890000
8897726287,152.0699520000
8900063857,152.3112080000
8902401412,152.3973070000
8904738981,152.4726430000
8905929366,152.4135620000
8908266921,152.3618660000
8910604490,152.3166320000
8912942060,152.1520530000
8915279615,152.1330460000
8917617184,151.9914150000
8919954754,151.7424880000
8922292309,151.6496770000
8924629878,151.5684670000
8926967448,151.3724080000
8929305003,151.4508570000
8931642572,151.5194990000
8933980141,151.4545610000
8936317697,151.5227400000
8938655266,151.5823970000
8940992835,151.5095970000
8943330390,151.5708970000
8945667960,151.6245340000
8948005529,151.6714670000
8950343084,151.7125330000
8952680654,151.7484660000
8955018223,151.7799070000
8958502963,151.9324180000
8960840532,152.0658650000
8963178102,152.1826310000
8965515657,152.2848020000
8967853226,152.3742010000
8970190796,152.4524250000
8972528351,152.5208710000
8974865920,152.5807620000
8977203490,152.6331660000
8979541045,152.6790200000
8981878614,152.7191420000
8984216169,152.6292490000
8986553739,152.5505920000
8988891308,152.4817680000
8991228863,152.7965470000
8993566433,152.9469780000
8995904002,153.2036050000
8998241557,153.5531540000
9000579127,153.7340090000
9002916696,153.8922570000
9005254251,154.1557240000
9007591821,154.2612580000
9009929390,154.3536000000
9012266945,154.5594000000
9014604514,154.6144750000
9016942084,154.6626650000
9019279639,154.8298310000
9021617208,154.8511020000
9023954778,154.8697140000
9027439518,155.1359990000
9029777087,155.2439990000
9032114656,155.4634990000
9033305027,155.5305610000
9035642596,155.4642400000
9037980166,155.4062100000
9040317721,155.4804330000
9042655290,155.4203780000
9044992860,155.3678300000
9047330415,155.4468510000
9049667984,155.3909940000
9052005554,155.3421190000
9054343109,155.1743540000
9056680678,155.0275590000
9059018247,155.0241140000
9061355803,155.1460990000
9063693372,155.1278360000
9066030941,155.2368560000
9068368497,155.3322490000
9070706066,155.2907170000
9073043635,155.3793770000
9075381191,155.4569540000
9077718760,155.3998340000
9080056329,155.4748540000
9082393884,155.5404970000
9084731454,155.4729340000
9087069023,155.5388170000
9089406578,155.5964640000
9091744148,155.5219060000
9094081717,155.5816670000
9096419272,155.6339580000
9098756842,155.5547130000
9101094411,155.6103730000
9102284782,155.4090760000
9104622351,155.2329410000
9106959920,155.0788230000
9109297476,154.9439700000
9111635045,154.7009730000
9113972614,154.4883510000
9116310170,154.3023070000
9118647739,154.1395180000
9120985308,153.9970780000
9123322863,153.8724430000
9125660433,153.7633870000
9127998002,153.6679630000
9130335557,153.5844670000
9132673127,153.5114080000
9135010696,153.5724820000
9137348251,153.5009210000
9139685821,153.4383050000
9142023390,153.5085160000
9144360945,153.4449510000
9146698515,153.3893320000
9149036084,153.4656650000
9152520824,153.5324560000
9154858393,153.5908990000
9157195963,153.7670360000
9159533518,153.7961560000
9161871087,153.8216360000
9164208643,153.9689310000
9166546212,153.9728140000
9168883781,153.9762120000
9171221337,154.1041850000
9173558906,154.0911610000
9175896475,154.0797650000
9178234031,154.1947940000
9180571600,154.0454440000
9182909169,153.9147630000
9185246725,153.8004170000
9187584294,153.8253640000
9189921863,153.8471930000
9192259418,153.9912930000
9194596988,153.9923810000
9196934557,153.9933330000
9199272112,154.1191660000
9201609682,154.1042700000
9203947251,154.0912360000
9206284806,154.0798310000
9208622376,154.0698520000
9210959945,154.0611200000
9213297500,154.0534800000
9215635070,154.0467950000
9217972639,154.0409450000
9220310194,154.0358260000
9223794949,154.1563470000
9226132518,154.3868030000
9227322888,154.3384520000
9229660458,154.2961450000
9231998027,154.2591260000
9234335582,154.2267350000
9236673152,154.1983930000
9239010721,154.2985930000
9241348276,154.2612680000
9243685846,154.2286090000
9246023415,154.3250320000
9248360970,154.2844030000
9250698540,154.2488520000
9253036109,154.3427450000
9255373664,154.2999010000
9257711234,154.3874130000
9260048803,154.5889860000
9262386358,154.7653620000
9264723928,154.7946910000
9267061497,154.9453540000
9269399052,155.0771840000
9271736622,155.0675360000
9274074191,155.1840940000
9276411746,155.2860820000
9278749316,155.2503210000
9282234056,155.4690300000
9284571625,155.6604010000
9286909195,155.7028500000
9289246750,155.8649930000
9291584319,155.8818680000
9293921889,155.8966340000
9296259444,156.0345540000
9298597013,156.0302340000
9299787398,155.9014540000
9302124967,155.9137720000
9304462522,155.7995500000
9306800092,155.5746060000
9309137661,155.5027800000
9311475216,155.3149320000
9313812786,155.1505650000
9316150355,155.1317440000
9318487910,154.9902760000
9320825480,154.8664910000
9323163049,154.8831790000
9325500604,154.7727810000
9327838174,154.6761830000
9330175743,154.7166600000
9332513298,154.6270770000
9334850868,154.5486920000
9337188437,154.6051050000
9339525992,154.5294660000
9341863562,154.4632820000
9344201117,154.5303710000
9347685871,154.5890740000
9350023441,154.7654390000
9352360996,154.9197590000
9354698565,154.9297890000
9357036135,155.0635650000
9358226505,155.0556190000
9360564075,154.9236660000
9362901644,154.8082070000
9365239199,154.8321810000
9367576769,154.7281580000
9369914338,154.6371380000
9372251893,154.6824950000
9374589463,154.5971830000
9376927032,154.3975350000
9379264587,154.2228430000
9381602157,154.1949870000
9383939726,154.1706130000
9386277281,154.2742860000
9388614851,154.2400000000
9390952420,154.2100000000
9393289975,154.1837500000
9395627545,154.1607810000
9397965114,154.1406830000
9400302669,154.1230970000
9402640239,154.1077090000
9404977808,154.0942450000
9407315363,154.0824640000
9409652933,154.0721560000
9411990502,154.0631360000
9414328057,154.0552440000
9417812811,154.1733380000
9420150381,154.4016700000
9422487936,154.4764610000
9423678321,154.4169030000
9426015890,154.4897900000
9428353445,154.4285660000
9430691015,154.3749950000
9433028584,154.4531200000
9435366139,154.2714800000
9437703709,154.1125450000
9440041278,154.0984760000
9442378833,153.9611660000
9444716403,153.8410200000
9447053972,153.8608920000
9449391528,153.7532800000
9451729097,153.6591200000
9454066666,153.8267300000
9456404222,153.8483880000
9458741791,153.8673390000
9461079360,154.0089210000
9463416916,154.0078050000
9465754485,154.0068290000
9468092055,154.1309750000
9470429610,154.1146030000
9472767179,154.1002770000
9476251919,154.3377420000
9478589488,154.4205240000
9480927058,154.4929580000
9483264613,154.6813380000
9485602183,154.7211700000
9487939752,154.7560230000
9490277307,154.9115200000
9492614877,154.9225800000
9493805261,154.8072570000
9496142831,154.8313490000
9498480386,154.7274300000
9500817955,154.5115010000
9503155525,154.3225630000
9505493080,154.1572420000
9507830649,154.0125860000
9510168219,153.8860120000
9512505774,153.9002600000
9514843343,153.9127270000
9517180913,154.0486360000
9519518468,154.0425560000
9521856038,154.0372360000
9524193607,154.1575810000
9526531162,154.1378830000
9528868732,154.1206470000
9531206287,154.2305660000
9533543856,154.2017450000
9535881426,154.1765260000
9538218981,154.2794600000
9541703735,154.3695270000
9544041304,154.5733360000
9546378860,154.7516690000
9548716429,154.7827100000
9551053999,154.9348710000
9552244369,154.9430120000
9554581938,154.8251350000
9556919508,154.7219930000
9559257063,154.7567430000
9561594632,154.6621500000
9563932202,154.5793810000
9566269757,154.6319580000
9568607327,154.5529630000
9570944896,154.3588420000
9573282451,154.1889860000
9575620021,154.0403620000
9577957590,154.0353160000
9580295145,154.0309010000
9582632715,154.0270380000
9584970284,154.0236580000
9587307839,154.0207000000
9589645409,154.0181120000
9591982978,154.0158480000
9594320533,154.0138670000
9596658103,154.0121330000
9598995672,154.0106160000
9602480412,154.1342890000
9604817982,154.2425020000
9607155551,154.4621890000
9609493106,154.5294150000
9611830676,154.5882380000
9614168245,154.7647080000
9616505800,154.7941190000
9618843370,154.8198540000
9621180939,154.9673720000
9623518495,154.9714500000
9625856064,154.9750180000
9628193633,155.1031400000
9630531189,154.9652470000
9632868758,154.8445910000
9635206313,154.8640170000
9637543883,154.7560140000
9639881452,154.9115120000
9642219007,155.1725730000
9644556577,155.4010010000
9646894146,155.4758750000
9649231701,155.6663900000
9651569271,155.9580910000
9653906840,156.0883290000
9656244396,156.3272870000
9658581965,156.5363760000
9660919534,156.5943290000
9663257090,156.7700370000
9665594659,156.9237820000
9667932229,156.9333090000
9671416968,157.1916450000
9673754538,157.4176890000
9676092107,157.6154770000
9678429663,157.7885420000
9679620047,157.8149740000
9681957617,157.7131020000
9684295172,157.7489640000
9686632741,157.7803430000
9688970311,157.6828000000
9691307866,157.7224500000
9693645436,157.7571430000
9695983005,157.6625000000
9698320560,157.5796870000
9700658130,157.3822260000
9702995699,157.2094470000
9705333254,157.1832660000
9707670824,157.0353570000
9710008393,157.1559370000
9712345948,157.2614440000
9714683518,157.3537630000
9717021087,157.4345420000
9719358643,157.5052240000
9721696212,157.5670710000
9724033781,157.6211870000
9726371337,157.6685380000
9728708906,157.7099700000
9731046476,157.7462230000
9733384031,157.7779450000
9735721600,157.8057010000
9738059170,157.8299880000
9740396725,157.8512390000
9742734294,157.8698340000
9745071864,157.8861040000
9746262234,157.7753410000
9748599804,157.6784230000
9750937373,157.4686200000
9753274928,157.4100420000
9755612498,157.3587860000
9757950067,157.0639370000
9760287623,156.9309440000
9762625192,156.6895760000
9764962761,156.4783790000
9767300317,156.4185810000
9769637886,156.2412580000
9771975456,156.0861000000
9774313011,156.0753370000
9776650580,155.9409190000
9778988150,155.8233040000
9781325705,155.8453910000
9783663274,155.7397170000
9786000844,155.7722520000
9788338399,155.8007200000
9790675969,155.7006300000
9793013538,155.7380510000
9795351093,155.7707940000
9798835847,155.7994440000
9801173417,155.9495130000
9803510972,156.0808230000
9805848542,156.0707200000
9808186111,156.1868800000
9810523666,156.2885200000
9812861236,156.2524550000
9815198791,156.3458980000
9817536360,156.4276600000
9819873930,156.3742020000
9822211485,156.4524260000
9824549054,156.5208720000
9826886624,156.3307630000
9829224179,156.2894170000
9831561749,156.1282390000
9833899318,155.9872090000
9836236873,156.1138070000
9838574443,156.2245810000
9840912012,156.1965080000
9843249567,156.2969440000
9845587137,156.3848260000
9847924706,156.3367220000
9850262262,156.4196310000
9852599831,156.4921770000
9854937401,156.4306540000
9857274956,156.5018220000
9859612525,156.5640940000
9861950095,156.4935820000
9865434835,156.6818840000
9867772404,156.7216480000
9870109974,156.8814420000
9872447529,157.0212610000
9874785098,157.0186030000
9875975483,156.8912770000
9878313038,156.9048670000
9880650608,156.7917580000
9882988177,156.6927880000
9885325732,156.7311890000
9887663302,156.6397900000
9890000871,156.6848160000
9892338426,156.7242140000
9894675996,156.6336870000
9897013565,156.6794760000
9899351121,156.7195410000
9901688690,156.6295980000
9904026260,156.8008980000
9906363815,156.9507850000
9908701384,157.0819360000
9911038954,157.1966940000
9913376509,157.2971070000
9915714078,157.3849680000
9918051648,157.4618470000
9920389203,157.5291160000
9922726773,157.5879760000
9925064342,157.6394790000
9928549082,157.8095440000
9930886652,157.9583510000
9933224207,158.0885570000
9935561776,158.2024870000
9937899346,158.3021760000
9940236901,158.3894040000
9941427286,158.3407280000
9943764855,158.1731370000
9946102425,158.1514940000
9948439980,158.1325570000
9950777549,157.9909870000
9953115119,157.9921130000
9955452674,157.8680980000
9957790244,157.6345850000
9960127813,157.5552610000
9962465368,157.4858530000
9964802938,157.3001210000
9967140507,157.2626050000
9969478062,157.2297790000
9971815632,157.0760560000
9974153201,157.0665490000
9976490757,157.0582300000
9978828326,156.9259510000
9981165896,156.9352070000
9983503451,156.9433060000
9985841020,156.8253920000
9988178590,156.8472180000
9990516145,156.8663150000
9992853714,156.7580250000
9996338454,156.9132710000
9998676024,157.0491120000
10001013593,157.1679730000
10003351149,157.2719760000
10004541533,157.2379790000
10006879103,157.0832310000
10009216658,157.0728270000
10011554228,157.0637230000
10013891797,156.9307570000
10016229352,156.9394120000
10018566922,156.9469850000
10020904491,156.7036110000
10023242046,156.6156590000
10025579616,156.4137010000
10027917185,156.2369880000
10030254741,156.2073640000
10032592310,156.3064430000
10034929880,156.2681370000
10037267435,156.3596190000
10039605004,156.4396660000
10041942574,156.3847070000
10044280129,156.4616180000
10046617698,156.4039150000
10048955268,156.3534250000
10051292823,156.4342460000
10053630393,156.3799650000
10055967962,156.3324690000
10058305517,156.4159100000
10061790272,156.4889210000
10064127841,156.6778050000
10066465396,156.8430790000
10068802966,156.8626940000
10071140535,157.0048570000
10072330906,157.0042490000
10074668475,156.8787170000
10077006045,156.8938770000
10079343600,156.9071420000
10081681170,156.7937490000
10084018739,156.6945300000
10086356294,156.6077130000
10088693864,156.4067480000
10091031433,156.3559040000
10093368988,156.3114160000
10095706558,156.1474890000
10098044127,156.2540520000
10100381683,156.3472950000
10102719252,156.3038830000
10105056822,156.3908970000
10107394377,156.4670340000
10109731946,156.4086540000
10112069516,156.4825720000
10114407071,156.5472500000
10116744641,156.4788430000
10119082210,156.5439870000
10121419765,156.6009880000
10124904520,156.6508640000
10127242075,156.8195060000
10129579644,156.9670670000
10131917214,156.9711830000
10134254769,157.0997850000
10136592338,157.2123110000
10137782723,157.0607720000
10140120293,157.0531750000
10142457848,157.0465280000
10144795417,156.9157120000
10147132987,156.9262480000
10149470542,156.9354670000
10151808112,156.6935330000
10154145681,156.6068410000
10156483236,156.4059850000
10158820806,156.2302360000
10161158375,156.3264560000
10163495931,156.4106490000
10165833500,156.3593170000
10168171070,156.4394020000
10170508625,156.5094760000
10172846194,156.4457910000
10175183764,156.5150670000
10177521319,156.5756830000
10179858889,156.5037220000
10182196444,156.5657560000
10184534013,156.6200360000
10186871583,156.5425310000
10190356323,156.7247140000
10192693892,156.8841240000
10195031462,157.0236080000
10197369017,157.1456570000
10199706587,157.2524490000
10200896971,157.0958920000
10203234527,157.0839050000
10205572096,157.0734160000
10207909666,156.9392390000
10210247221,156.9468340000
10212584790,156.9534790000
10214922360,156.8342940000
10217259915,156.7300070000
10219597485,156.5137560000
10221935054,156.3245360000
10224272609,156.2839690000
10226610179,156.1234720000
10228947748,156.1080380000
10231285304,156.2195330000
10233622873,156.1920910000
10235960443,156.1680790000
10238297998,156.2720690000
10240635567,156.2380600000
10242973137,156.2083020000
10245310692,156.3072640000
10248795446,156.3938560000
10251133016,156.5946240000
10253470571,156.7702960000
10255808141,156.7990090000
10258145710,156.9491320000
10260483265,157.0804900000
10262820835,157.0704280000
10265158404,157.1866240000
10267495960,157.2882960000
10269833529,157.2522590000
10272171099,157.3457260000
10274508654,157.4275100000
10276846223,157.3740710000
10279183793,157.4523120000
10281521348,157.3957730000
10283858918,157.2213010000
10286196473,157.1936380000
10288534042,157.4194330000
10290871612,157.6170030000
10293209167,157.7898770000
10295546737,157.9411420000
10297884306,158.1984990000
10300221861,158.4236860000
10302559431,158.6207250000
10304897000,158.7931340000
10307234556,158.9439920000
10309572125,159.0759930000
10311909695,159.1914930000
10314247250,159.2925560000
10316584819,159.3809860000
10320069574,159.7083620000
10322407129,159.8698160000
10324744698,160.0110890000
10325935083,160.0097020000
10328272638,160.0084890000
10330610208,160.0074270000
10332947777,160.0064980000
10335285333,160.0056850000
10337622902,160.0049740000
10339960472,160.0043520000
10342298027,160.0038080000
10344635597,160.0033320000
10346973166,160.0029150000
10349310721,159.8775500000
10351648291,159.7678560000
10353985860,159.5468740000
10356323416,159.4785140000
10358660985,159.4186990000
10360998555,159.4913610000
10363336110,159.5549400000
10365673679,159.6105720000
10368011249,159.7842500000
10370348804,159.8112180000
10372686374,159.8348150000
10375023943,159.9804630000
10377361498,159.9829050000
10379699068,159.9850410000
10382036637,160.1119100000
10384374193,160.0979210000
10386711762,160.0856800000
10389049332,160.1999700000
10391386887,160.1749730000
10393724457,160.1531010000
10396062026,160.2589630000
10397252397,160.1015920000
10399589966,159.9638930000
10401927536,159.8434060000
10404265091,159.7379800000
10406602660,159.5207320000
10408940230,159.2056400000
10411277785,159.0549350000
10413615355,158.9230680000
10415952924,158.6826840000
10418290479,158.5973480000
10420628049,158.5226790000
10422965618,158.3323440000
10425303174,158.2908010000
10427640743,158.2544500000
10429978313,158.0976430000
10432315868,158.0854370000
10434653438,158.0747570000
10436991007,157.9404120000
10439328562,157.9478600000
10442813317,158.0793770000
10445150886,158.1944540000
10447488441,158.2951470000
10449826011,158.3832530000
10452163580,158.4603460000
10454501136,158.5278020000
10456838705,158.5868260000
10459176275,158.6384720000
10461513830,158.6836630000
10463851399,158.7232050000
10466188955,158.7578040000
10468526524,158.7880780000
10470864094,158.8145680000
10473201649,158.8377470000
10475539219,158.8580280000
10477876788,158.6257740000
10480214343,158.5475520000
10482551913,158.4791080000
10484889482,158.5442190000
10487227038,158.6011910000
10489564607,158.6510420000
10491902177,158.6946610000
10494239732,158.7328280000
10496577302,158.7662240000
10498914871,158.7954460000
10501252426,158.8210150000
10503589996,158.8433880000
10505927565,158.8629640000
10508265121,158.8800930000
10510602690,158.8950810000
10512940260,158.9081950000
10516425000,159.0446700000
10518762569,159.1640860000
10519952954,159.1435750000
10522290509,159.1256280000
10524628079,159.1099240000
10526965648,158.9711830000
10529303204,158.9747850000
10531640773,158.9779360000
10533978343,158.8556940000
10536315898,158.8737320000
10538653467,158.8895150000
10540991037,158.7783250000
10543328592,158.8060340000
10545666162,158.8302790000
10548003731,158.8514940000
10550341287,158.8700570000
10552678856,158.8862990000
10555016426,158.9005110000
10557353981,159.0379470000
10559691550,159.1582030000
10562029120,159.3884270000
10564366675,159.4648730000
10566704245,159.5317630000
10569041814,159.7152920000
10572526554,159.8758800000
10574864124,160.0163950000
10577201679,160.2643450000
10579539249,160.3563010000
10581876818,160.4367630000
10584214374,160.6321670000
10586551943,160.6781460000
10588889513,160.7183770000
10591227068,160.8785790000
10593564637,160.8937560000
10594755022,160.7820360000
10597092592,160.8092810000
10599430147,160.7081200000
10601767717,160.4946050000
10604105286,160.3077790000
10606442841,160.1443060000
10608780411,160.0012670000
10611117980,159.8761080000
10613455536,159.7665940000
10615793105,159.6707690000
10618130675,159.5869220000
10620468230,159.5135560000
10622805800,159.4493610000
10625143369,159.3931900000
10627480924,159.3440410000
10629818494,159.3010350000
10632156063,159.2634050000
10634493619,159.2304790000
10637978373,159.3266690000
10640315928,159.4108350000
10642653498,159.4844800000
10644991067,159.5489200000
10647328623,159.6053050000
10649666192,159.6546410000
10650856577,159.5728100000
10653194132,159.5012080000
10655531702,159.4385570000
10657869271,159.3837370000
10660206827,159.3357690000
10662544396,159.2937970000
10664881966,159.2570720000
10667219521,159.2249380000
10669557091,159.1968200000
10671894660,159.1722170000
10674232215,159.0256890000
10676569785,158.8974770000
10678907354,158.9102920000
10681244910,158.9215050000
10683582479,158.9313160000
10685920049,158.9399010000
10688257604,158.9474130000
10690595174,158.9539860000
10692932743,158.9597370000
10695270298,158.9647690000
10697607868,158.9691720000
10699945438,158.9730250000
10702282993,158.9763960000
10704620562,158.9793460000
10706958132,158.8569270000
10709295687,158.8748110000
10712780441,159.0154590000
10715118011,159.1385260000
10716308382,159.1212100000
10718645951,159.1060580000
10720983521,158.9678000000
10723321076,158.9718250000
10725658645,158.9753460000
10727996215,158.8534270000
10730333770,158.7467480000
10732671340,158.6534040000
10735008909,158.5717280000
10737346465,158.5002620000
10739684034,158.4377290000
10742021604,158.3830120000
10744359159,158.3351350000
10746696729,158.2932430000
10749034298,158.2565870000
10751371853,158.2245130000
10753709423,158.3214480000
10756046993,158.4062670000
10758384548,158.4804830000
10760722117,158.5454220000
10763059687,158.6022440000
10765397242,158.6519630000
10768881997,158.8204670000
10771219552,158.9679080000
10773557121,159.0969190000
10775894691,159.2098040000
10778232246,159.3085780000
10780569816,159.3950050000
10782907385,159.4706290000
10785244941,159.5368000000
10787582510,159.5947000000
10789920080,159.6453620000
10791110464,159.5646910000
10793448020,159.4941040000
10795785589,159.3073410000
10798123159,159.1439230000
10800460714,159.0009320000
10802798284,158.8758150000
10805135853,158.7663380000
10807473409,158.6705450000
10809810978,158.7117260000
10812148548,158.7477600000
10814486103,158.7792900000
10816823673,158.8068780000
10819161242,158.8310180000
10821498797,158.8521400000
10823836367,158.8706220000
10826173936,158.8867940000
10828511492,158.9009440000
10830849061,158.9133260000
10834333801,159.0491600000
10836671371,159.1680150000
10839008941,159.3970130000
10841346496,159.4723860000
10843684065,159.5383370000
10846021635,159.7210440000
10847212005,159.6309130000
10849549575,159.5520480000
10851887145,159.4830420000
10854224700,159.4226610000
10856562269,159.3698280000
10858899839,159.3235990000
10861237394,159.2831490000
10863574964,159.2477550000
10865912533,159.2167850000
10868250089,159.1896860000
10870587658,159.0409750000
10872925228,158.7858530000
10875262783,158.8126210000
10877600353,158.8360430000
10879937922,158.8565370000
10882275478,158.8744690000
10884613047,158.8901600000
10886950617,158.9038900000
10889288172,158.9159030000
10892772926,159.0514150000
10895110496,159.1699880000
10897448051,159.2737390000
10899785621,159.3645210000
10902123190,159.4439550000
10904460746,159.5134600000
10906798315,159.5742770000
10909135885,159.6274920000
10911473440,159.6740550000
10913811010,159.7147980000
10916148579,159.7504480000
10918486134,159.7816420000
10920823704,159.8089360000
10923161274,159.8328190000
10925498829,159.8537160000
10927836398,159.7470010000
10930173968,159.6536250000
10932511523,159.5719210000
10934849093,159.5004300000
10937186648,159.8128760000
10939524218,159.9612660000
10941861787,160.0911070000
10944199343,160.3297180000
10946536912,160.4135030000
10948874482,160.4868150000
10951212037,160.6759630000
10953549607,160.8414670000
10955887176,160.9862830000
10958224731,161.2379970000
10960562301,161.3332470000
10964047055,161.6665910000
10966384611,161.9582670000
10968722180,162.0884830000
10971059750,162.3274220000
10972250120,162.4114940000
10974587690,162.3600570000
10976925259,162.3150490000
10979262815,162.4006670000
10981600384,162.3505830000
10983937954,162.3067600000
10986275509,162.3934150000
10988613079,162.3442380000
10990950648,162.3012080000
10993288204,162.3885570000
10995625773,162.2149870000
10997963343,162.0631130000
11000300898,161.9302230000
11002638468,161.8139450000
11004976037,161.7122010000
11007313593,161.6231750000
11009651162,161.6702780000
11011988732,161.7114930000
11014326287,161.8725560000
11016663857,161.8884860000
11019001426,162.0274250000
11021338981,162.1489960000
11023676551,162.1303710000
11026014121,162.2390740000
11028351676,162.3341890000
11030689245,162.2924150000
11033026815,162.3808630000
11035364370,162.4582550000
11037701940,162.4009730000
11040039509,162.4758510000
11041229880,162.4163690000
11043567450,162.2393220000
11045905019,162.0844060000
11048242575,162.0738550000
11050580144,161.9396230000
11052917714,161.6971700000
11055255269,161.4850230000
11057592839,161.2993950000
11059930408,161.1369700000
11062267963,160.9948480000
11064605533,160.8704920000
11066943103,160.7616800000
11069280658,160.6664700000
11071618227,160.5831610000
11073955797,160.5102650000
11076293352,160.4464810000
11078630922,160.3906700000
11080968491,160.3418360000
11083306047,160.2991060000
11085643616,160.2617170000
11089128371,160.4790020000
11091465926,160.5441260000
11093803496,160.6011100000
11096141065,160.7759710000
11098478621,160.8039740000
11100816190,160.8284770000
11103153760,160.9749170000
11105491315,160.9780520000
11107828885,160.9807950000
11110166454,161.1081950000
11112504010,161.0946700000
11114841579,161.0828360000
11117179134,161.1974810000
11119516704,161.1727950000
11121854274,161.1511950000
11124191829,161.0072950000
11126529398,160.8813830000
11128866968,160.7712100000
11131204523,160.6748080000
11133542093,160.7154570000
11135879663,160.7510240000
11138217218,160.9071460000
11140554787,160.9187520000
11142892357,160.9289080000
11145229912,161.0627940000
11147567482,161.0549440000
11149905051,161.0480760000
11152242607,161.1670660000
11154580176,161.1461820000
11158064931,161.3779090000
11160402486,161.5806700000
11162740056,161.6330860000
11165077625,161.8039500000
11167415181,161.9534560000
11168605565,161.8342740000
11170943135,161.7299890000
11173280690,161.7637400000
11175618260,161.6682720000
11177955829,161.5847380000
11180293385,161.5116450000
11182630954,161.4476890000
11184968524,161.3917270000
11187306079,161.3427610000
11189643649,161.2999150000
11191981218,161.2624250000
11194318774,161.2296210000
11196656343,161.2009180000
11198993913,161.1758030000
11201331468,161.1538270000
11203669038,161.2595980000
11206006607,161.4771480000
11208344163,161.6675040000
11210681732,161.7090660000
11213019302,161.8704320000
11215356857,162.0116280000
11218841612,162.1351740000
11221179167,162.3682770000
11223516737,162.5722420000
11225854306,162.6257110000
11228191862,162.7974970000
11230529431,162.9478090000
11232867001,162.9543320000
11235204556,163.0850400000
11236394941,163.0744100000
11238732510,162.9401080000
11241070080,162.9475940000
11243407635,162.9541440000
11245745205,162.8348760000
11248082774,162.8555160000
11250420330,162.6235760000
11252757899,162.4206290000
11255095469,162.3680500000
11257433024,162.1970430000
11259770594,162.0474120000
11262108164,162.0414850000
11264445719,161.9112990000
11266783288,161.7973860000
11269120858,161.8227120000
11271458413,161.7198730000
11273795983,161.6298880000
11276133553,161.6761520000
11278471108,161.5916330000
11280808677,161.5176780000
11283146247,161.5779680000
11286630987,161.6307220000
11288968557,161.6768810000
11291306112,161.8422700000
11293643682,161.8619860000
11295981251,161.8792370000
11297171636,161.8943320000
11299509191,161.7825400000
11301846761,161.6847220000
11304184316,161.7241310000
11306521886,161.6336140000
11308859456,161.5544120000
11311197011,161.6101100000
11313534581,161.5338460000
11315872150,161.4671150000
11318209706,161.2837250000
11320547275,161.1232590000
11322884845,160.9828510000
11325222400,160.8599940000
11327559970,160.7524940000
11329897539,160.7834320000
11332235095,160.9355030000
11334572664,160.9435650000
11336910234,160.9506190000
11339247789,161.0817910000
11341585359,161.0715670000
11343922928,161.0626210000
11346260484,161.1797930000
11348598053,161.1573180000
11350935623,161.1376530000
11354420363,161.3704460000
11356757933,161.4491400000
11359095502,161.6429970000
11361433058,161.8126220000
11363770627,161.8360440000
11364961012,161.7315380000
11367298567,161.6400950000
11369636137,161.5600830000
11371973706,161.4900720000
11374311262,161.4288130000
11376648831,161.3752110000
11378986401,161.2033090000
11381323956,161.0528950000
11383661526,160.9212830000
11385999096,160.8061220000
11388336651,160.7053560000
11390674220,160.6171860000
11393011790,160.6650370000
11395349345,160.5819070000
11397686915,160.6341680000
11400024485,160.8048970000
11402362040,160.8292840000
11404699610,160.8506230000
11407037179,160.9942950000
11409374735,160.9950080000
11411712304,160.9956320000
11415197044,161.2461780000
11417534614,161.3404050000
11419872183,161.4228540000
11422209739,161.6199970000
11424547308,161.6674970000
11426884878,161.7090590000
11429222433,161.8704260000
11431560003,161.8866220000
11432750388,161.7757940000
11435087957,161.8038190000
11437425513,161.7033410000
11439763082,161.6154230000
11442100652,161.6634950000
11444438207,161.5805580000
11446775777,161.3829880000
11449113347,161.3351140000
11451450902,161.1682240000
11453788472,161.0221960000
11456126041,161.0194210000
11458463596,161.0169930000
11460801166,161.0148680000
11463138736,161.1380090000
11465476291,161.1207570000
11467813861,161.1056620000
11470151430,161.2174540000
11472488986,161.1902720000
11474826555,161.1664880000
11477164125,161.2706770000
11479501680,161.2368420000
11482986435,161.3322360000
11485323990,161.5407060000
11487661560,161.5981170000
11489999129,161.6483520000
11492336685,161.8173080000
11493527069,161.7151440000
11495864639,161.6257510000
11498202194,161.6725320000
11500539764,161.5884650000
11502877334,161.5149060000
11505214889,161.5755420000
11507552459,161.5035990000
11509890028,161.4406490000
11512227583,161.5105670000
11514565153,161.3217460000
11516902723,161.1565270000
11519240278,161.0119610000
11521577848,160.8854650000
11523915417,160.7747810000
11526252973,160.9279330000
11528590542,160.9369410000
11530928112,160.9448230000
11533265667,161.0767200000
11535603237,161.0671300000
11537940806,161.0587380000
11540278362,161.1763950000
11542615931,161.1543450000
11544953501,161.1350510000
11547291056,161.2431690000
11550775811,161.3377720000
11553113380,161.5455500000
11555450936,161.6023560000
11557788505,161.6520610000
11560126075,161.8205530000
11562463630,161.8429830000
11564801200,161.8626100000
11567138770,162.0047830000
11569476325,162.0041850000
11571813895,162.0036610000
11574151464,162.1282030000
11576489020,161.9871770000
11578826589,161.8637790000
11581164159,161.8808060000
11583501714,161.7707050000
11585839284,161.6743660000
11588176839,161.7150700000
11590514409,161.6256860000
11592851978,161.5474750000
11595189534,161.7290400000
11597527103,161.7629100000
11599864673,161.7925460000
11602202228,161.9434770000
11604539798,161.9505420000
11606877368,161.9567240000
11609214923,162.0871330000
11612699677,162.2012410000
11615037247,162.4260850000
11617374802,162.6228240000
11619712372,162.6699710000
11622049942,163.0862240000
11624387497,163.4504460000
11626725067,163.7691400000
11629062636,164.0479970000
11630253007,164.1669970000
11632590576,164.2711220000
11634928146,164.2372310000
11637265701,164.3325770000
11639603271,164.4160040000
11641940841,164.3640030000
11644278396,164.4435020000
11646615966,164.3880640000
11648953535,164.2145560000
11651291091,164.1877360000
11653628660,164.1642690000
11655966230,164.0187350000
11658303785,164.1413930000
11660641355,164.2487180000
11662978925,164.2176280000
11665316480,164.3154240000
11667654050,164.4009960000
11669991619,164.3508710000
11672329175,164.4320120000
11674666744,164.5030100000
11677004314,164.5651330000
11679341869,164.6194910000
11681679439,164.6670540000
11684017008,164.7086720000
11686354564,164.7450880000
11688692133,164.7769520000
11691029703,164.8048330000
11692220074,164.7042280000
11694557643,164.6161990000
11696895213,164.4141740000
11699232768,164.3624020000
11701570338,164.3171010000
11703907907,164.1524630000
11706245463,164.1334050000
11708583033,164.1167290000
11710920602,163.9771370000
11713258158,163.8549940000
11715595727,163.6231190000
11717933297,163.4202290000
11720270852,163.3677000000
11722608422,163.1967370000
11724945991,163.0471440000
11727283547,163.0412510000
11729621116,162.9110940000
11731958686,162.7972070000
11734296241,162.8225560000
11736633811,162.7197360000
11738971381,162.6297690000
11741308936,162.6760470000
11744793691,162.7165410000
11747131260,162.8769730000
11749468816,163.0173510000
11751806385,163.0151820000
11754143955,163.1382840000
11756481510,163.2459980000
11758819080,163.2152480000
11761156649,163.3133420000
11763494205,163.3991740000
11765831774,163.3492770000
11768169330,163.4306170000
11770506899,163.5017890000
11772844469,163.4390650000
11775182025,163.3841810000
11777519594,163.2111580000
11779857164,163.0597630000
11782194719,163.0522920000
11784532289,162.9207550000
11786869858,162.8056600000
11789207414,162.8299520000
11791544983,162.7262080000
11793882553,162.7604320000
11796220108,162.9153780000
11798557678,163.0509550000
11800895248,163.0445850000
11803232803,163.1640110000
11805570373,163.2685090000
11809055127,163.4849450000
11811392683,163.6743260000
11813730252,163.8400350000
11816067822,163.9850300000
11818405377,164.1119010000
11820742947,164.2229130000
11823080516,164.3200480000
11824270887,164.2800420000
11826608457,164.2450360000
11828946026,164.0894060000
11831283582,164.0782300000
11833621151,164.0684510000
11835958721,163.9348940000
11838296276,163.9430320000
11840633846,163.8251530000
11842971416,163.7220080000
11845308971,163.7567570000
11847646541,163.6621620000
11849984110,163.5793910000
11852321666,163.6319670000
11854659235,163.5529710000
11856996805,163.6088490000
11859334360,163.7827420000
11861671930,163.9348990000
11864009500,164.0680360000
11866347055,164.1845310000
11868684625,164.2864640000
11871022194,164.3756560000
11873359750,164.4536990000
11875697319,164.5219860000
11878034889,164.5817370000
11880372444,164.6340190000
11882710014,164.6797660000
11885047584,164.7197950000
11887385139,164.7548200000
11888575524,164.6604670000
11890913094,164.4529080000
11893250649,164.3962940000
11895588219,164.3467570000
11897925788,164.1784120000
11900263344,164.1561100000
11902600913,164.1365960000
11904938483,163.9945210000
11907276038,163.8702050000
11909613608,163.6364290000
11911951178,163.4318750000
11914288733,163.3778900000
11916626303,163.2056530000
11918963872,163.0549460000
11921301428,163.0480770000
11923638997,162.9170670000
11925976567,162.8024330000
11928314122,162.8271280000
11930651692,162.7237370000
11934136447,162.8832690000
11936474002,163.0228600000
11938811572,163.0200020000
11941149141,163.1425010000
11943486697,163.2496880000
11945824266,163.2184770000
11948161836,163.3161670000
11950499391,163.4016460000
11952836961,163.3514400000
11955174516,163.4325100000
11957512086,163.5034460000
11959849656,163.4405150000
11962187211,163.5104500000
11964524781,163.5716430000
11966862350,163.5001870000
11969199906,163.5626630000
11971537475,163.3673300000
11973875045,163.1964130000
11976212601,163.1718610000
11978550170,163.0253780000
11980887740,162.8972050000
11983225295,162.9100540000
11985562865,162.7962970000
11987900434,162.8217590000
11990237990,162.9690390000
11992575560,163.0979090000
11994913129,163.0856700000
11998397869,163.3249610000
12000735439,163.5343400000
12003073009,163.7175470000
12005410564,163.8778530000
12007748134,164.0181210000
12010085703,164.1408550000
12012423259,164.2482480000
12014760829,164.3422170000
12017098398,164.4244390000
12019435954,164.4963840000
12021773523,164.5593360000
12024111093,164.6144190000
12026448648,164.6626160000
12028786218,164.5797890000
12031123788,164.6323150000
12033461343,164.6782750000
12035798913,164.5934900000
12038136482,164.6443030000
12040474038,164.6887650000
12042811607,164.6026690000
12045149177,164.6523350000
12047486732,164.6957930000
12049824302,164.6088180000
12052161872,164.6577150000
12054499427,164.8255000000
12056836997,164.9723120000
12059174552,165.1007730000
12061512122,165.2131760000
12063849692,165.3115290000
12066187247,165.3975870000
12068524817,165.4728880000
12070862386,165.5387770000
12073199942,165.5964290000
12075537511,165.6468750000
12077875081,165.6910150000
12079065466,165.6046380000
12081403021,165.5290580000
12083740591,165.4629250000
12086078161,165.4050590000
12088415716,165.3544260000
12090753286,165.3101220000
12093090855,165.2713560000
12095428411,165.2374360000
12097765980,164.9577560000
12100103550,164.8380360000
12102441105,164.7332810000
12104778675,164.5166200000
12107116245,164.4520420000
12109453800,164.3955360000
12111791370,164.2210940000
12114128939,164.1934570000
12116466495,164.1692740000
12118804065,164.0231140000
12121141634,164.0202240000
12123479190,164.0176960000
12125816759,163.8904840000
12128154329,163.9041730000
12130491884,163.9161510000
12132829454,163.8016320000
12135167010,163.8264280000
12137504579,163.8481240000
12139842149,163.7421080000
12142179704,163.7743440000
12144517274,163.8025510000
12146854844,163.7022320000
12149192399,163.7394530000
12151529969,163.7720210000
12153867538,163.6755180000
12156205094,163.7160780000
12158542663,163.7515680000
12160880233,163.5326220000
12163217789,163.4660440000
12165555358,163.2827880000
12167892928,163.1224390000
12170230483,163.1071340000
12172568053,162.9687420000
12174905623,162.8476490000
12177243178,162.8666920000
12179580748,162.7583550000
12181918317,162.6635600000
12184255873,162.7056150000
12186593442,162.6174130000
12188931012,162.5402360000
12191268568,162.5977060000
12194753322,162.6479920000
12197090892,162.8169930000
12199428447,162.9648680000
12201766017,162.9692590000
12204103586,163.0981010000
12206441142,163.2108380000
12208778712,163.1844830000
12211116281,163.2864220000
12213453837,163.3756190000
12215791406,163.3286660000
12218128976,163.4125820000
12220466531,163.4860090000
12222804101,163.4252570000
12225141671,163.4970990000
12227479226,163.5599610000
12229816796,163.4899650000
12232154366,163.5537190000
12234491921,163.6095040000
12236829491,163.5333160000
12239167046,163.5916510000
12241504616,163.6426940000
12243842185,163.6873570000
12246179741,163.8514370000
12248517311,163.9950070000
12250854880,163.9956310000
12253192436,164.1211770000
12255530005,164.2310290000
12257867575,164.2021500000
12260205130,164.3018810000
12262542700,164.3891450000
12264880270,164.3405010000
12267217825,164.4229380000
12269555395,164.4950700000
12271892965,164.4331860000
12274230520,164.5040370000
12276568090,164.5660320000
12278905659,164.4952780000
12281243215,164.5583680000
12283580784,164.6135720000
12285918354,164.5368750000
12288255910,164.5947650000
12290593479,164.6454190000
12292931049,164.5647410000
12295268604,164.6191480000
12297606174,164.6667540000
12299943744,164.5834090000
12302281299,164.6354820000
12304618869,164.6810460000
12306956438,164.5959150000
12309293994,164.6464250000
12311631564,164.6906210000
12313969133,164.6042930000
12316306689,164.6537560000
12318644258,164.6970360000
12320981828,164.6099060000
12323319383,164.6586670000
12325656953,164.7013330000
12327994523,164.6136660000
12330332078,164.6619570000
12332669648,164.7042120000
12335007218,164.7411850000
12337344773,164.7735360000
12339682343,164.8018440000
12342019912,165.2016130000
12344357468,165.4264110000
12346695038,165.6231090000
12349032607,165.9202200000
12351370163,166.0551920000
12353707732,166.1732930000
12356045302,166.4016310000
12358382857,166.4764270000
12360720427,166.4168730000
12363057997,166.3647630000
12365395552,166.3191670000
12367733122,166.2792710000
12370070692,166.2443620000
12372408247,166.2138160000
12374745817,166.1870890000
12377083386,166.1637020000
12379420942,166.1432390000
12381758512,166.1253340000
12384096081,166.1096670000
12386433637,166.0959580000
12388771206,166.0839630000
12391108776,166.0734670000
12393446332,166.0642830000
12395783901,166.0562470000
12398121471,166.0492160000
12400459026,166.0430640000
12402796596,166.0376810000
12405134166,166.0329700000
12407471721,166.0288480000
12409809291,166.0252420000
12412146860,166.0220860000
12414484416,166.0193250000
12416821986,166.0169090000
12419159541,166.0147950000
12421497111,166.0129450000
12423834680,166.0113260000
12426172236,166.0099100000
12428509806,166.0086710000
12430847375,166.0075870000
12433184931,166.0066380000
12435522500,166.0058080000
12437860070,166.0050820000
12440197626,166.0044460000
12442535195,166.0038900000
12444872765,166.0034030000
12447210320,166.0029770000
12449547890,166.0026040000
12451885460,166.0022780000
12454223015,166.0019930000
12456560585,166.0017430000
12458898155,166.0015250000
12461235710,166.0013340000
12463573280,166.0011670000
12465910849,166.0010210000
12468248405,166.0008930000
12470585975,166.0007810000
12472923544,166.0006830000
12475261100,166.0005970000
12477598669,166.0005220000
12479936239,166.0004560000
12482273795,166.0003990000
12484611364,166.0003490000
12486948934,166.0003050000
12489286489,166.0002660000
12491624059,166.0002320000
12493961629,166.0002030000
12496299184,166.0001770000
12498636754,166.0001540000
12500974324,165.8751340000
12503311879,165.8907420000
12505649449,165.9043990000
12507987018,165.7913490000
12510324574,165.8174300000
12512662144,165.8402510000
12514999713,165.7352190000
12517337269,165.7683160000
12519674838,165.7972760000
12522012408,165.8226160000
12524349964,165.8447890000
12526687533,165.8641900000
12529025103,165.8811660000
12531362658,165.8960200000
12533700228,165.9090170000
12536037798,165.9203890000
12538375353,165.9303400000
12540712923,165.9390470000
12543050493,165.9466660000
12545388048,165.9533320000
12547725618,165.9591650000
12550063188,165.9642690000
12552400743,165.9687350000
12554738313,165.9726430000
12557075882,165.9760620000
12559413438,165.9790540000
12561751008,165.9816720000
12564088577,165.9839630000
12566426133,165.9859670000
12568763702,165.9877210000
12571101272,165.9892550000
12573438828,165.9905980000
12575776397,165.9917730000
12578113967,165.9928010000
12580451522,165.9937000000
12582789092,165.9944870000
12585126662,165.9951760000
12587464217,165.9957790000
12589801787,165.9963060000
12592139357,165.9967670000
12594476912,165.9971710000
12596814482,165.9975240000
12599152052,165.9978330000
12601489607,165.9981030000
12603827177,165.9983400000
12606164732,165.9985470000
12608502302,165.9987280000
12610839872,165.9988870000
12613177427,165.9990260000
12615514997,165.9991470000
12617852566,165.9992530000
12620190122,165.9993460000
12622527692,165.9994270000
12624865261,165.9994980000
12627202817,165.9995600000
12629540387,165.9996150000
12631877956,165.9996630000
12634215512,165.9997050000
12636553081,165.9997410000
12638890651,165.9997730000
12641228207,165.9998010000
12643565776,165.9998250000
12645903346,165.9998460000
12648240902,165.9998650000
12651725656,166.1248810000
12654063226,166.3592700000
12656400781,166.4393610000
12658738351,166.5094400000
12661075921,166.6957600000
12663413476,166.7337900000
12665751046,166.7670660000
12668088615,166.9211820000
12670426171,166.9310340000
12672763741,166.9396540000
12675101310,167.0721970000
12677438866,167.0631720000
12679776436,167.0552750000
12682114005,167.1733650000
12684451561,167.1516940000
12686789130,167.1327320000
12689126700,167.1161400000
12691464256,167.1016220000
12693801825,167.0889190000
12696139395,167.0778040000
12698476951,167.0680780000
12700814520,167.0595680000
12703152090,167.0521220000
12705489645,167.0456060000
12707827215,167.0399050000
12710164771,167.0349160000
12712502340,167.0305510000
12714839910,167.0267320000
12717177466,167.0233900000
12719515035,167.0204660000
12721852605,167.0179070000
12724190160,167.0156680000
12726527730,167.0137090000
12728865300,167.0119950000
12731202855,167.0104950000
12732393240,166.8841830000
12734730810,166.7736600000
12737068380,166.6769520000
12739405935,166.5923330000
12741743505,166.5182910000
12744081074,166.4535040000
12746418630,166.3968160000
12748756200,166.3472140000
12751093769,166.3038120000
12753431325,166.2658350000
12755768895,166.2326050000
12758106464,166.2035290000
12760444020,166.1780870000
12762781589,166.1558260000
12765119159,166.1363470000
12767456715,166.1193030000
12769794284,166.1043900000
12772131854,166.0913410000
12774469410,166.0799230000
12776806979,166.0699320000
12779144549,166.0611900000
12781482105,166.0535410000
12783819674,166.0468480000
12786157230,166.0409920000
12788494799,166.0358680000
12790832369,166.0313840000
12793169925,166.0274610000
12795507494,166.0240280000
12797845064,166.0210240000
12800182620,166.0183960000
12802520189,166.0160960000
12804857759,166.0140840000
12807195315,166.0123230000
12809532884,166.0107820000
12811870454,166.0094340000
12814208009,166.0082540000
12816545579,165.8822220000
12818883149,165.6469440000
12821220704,165.5660760000
12823558274,165.4953160000
12825895844,165.3084010000
12828233399,165.2698500000
12830570969,165.2361180000
12832908539,165.0816030000
12835246094,165.0714020000
12837583664,165.0624760000
12839921234,164.9296660000
12842258789,164.9384570000
12844596359,164.9461490000
12848081113,165.0778800000
12850418669,165.1931450000
12852756239,165.2940010000
12855093808,165.3822500000
12857431364,165.4594680000
12859768934,165.5270340000
12862106503,165.5861540000
12864444059,165.6378840000
12866781629,165.6831480000
12869119198,165.7227540000
12871456754,165.7574090000
12873794323,165.7877320000
12876131893,165.8142650000
12878469449,165.8374810000
12880807018,165.8577950000
12883144588,165.8755700000
12885482144,165.8911230000
12887819713,165.9047320000
12890157269,165.9166400000
12892494839,165.9270600000
12894832408,165.9361770000
12897169964,165.9441540000
12899507534,166.0761340000
12901845103,166.1916170000
12904182659,166.2926640000
12906520228,166.3810810000
12908857798,166.4584450000
12911195354,166.5261390000
12913532923,166.5853710000
12915870493,166.6371990000
12918208049,166.6825490000
12920545618,166.7222300000
12922883188,166.7569510000
12925220744,166.7873320000
12927558313,166.8139150000
12928748698,166.7121750000
12931086268,166.6231530000
12933423823,166.5452580000
12935761393,166.4771000000
12938098963,166.4174620000
12940436518,166.3652790000
12942774088,166.3196190000
12945111658,166.2796660000
12947449213,166.2447070000
12949786783,166.2141180000
12952124353,166.1873530000
12954461908,166.1639330000
12956799478,166.1434410000
12959137048,166.1255100000
12961474603,166.1098210000
12963812173,166.0960930000
12966149729,166.0840810000
12968487298,166.0735700000
12970824868,166.0643730000
12973162423,166.0563260000
12975499993,166.0492850000
12977837563,166.0431240000
12980175118,166.0377330000
12982512688,166.0330160000
12984850258,166.0288890000
12987187813,166.0252770000
12989525383,166.0221170000
12991862953,166.0193520000
12994200508,166.0169330000
12996538078,166.0148160000
12998875648,166.0129640000
13001213203,166.0113430000
13003550773,166.0099250000
13005888343,166.0086840000
13008225898,166.0075980000
13011710653,166.1316480000
13014048223,166.1151920000
13016385778,166.1007930000
13018723348,166.0881930000
13021060918,166.0771680000
13023398473,166.0675220000
13025736043,166.0590810000
13028073613,166.0516950000
13030411168,166.0452330000
13032748738,166.0395780000
13035086308,166.0346300000
13037423863,166.0303010000
13039761433,166.0265130000
13042099003,166.0231980000
13044436558,166.0202980000
13046774128,166.0177600000
13049111697,166.0155400000
13051449253,166.0135970000
13053786823,166.0118970000
13056124392,166.0104090000
13058461948,166.0091070000
13060799518,166.0079680000
13063137087,166.3819720000
13065474643,166.5842250000
13067812213,166.7611960000
13070149768,167.0410460000
13073634523,167.2859150000
13075972093,167.5001750000
13078309648,167.8126530000
13080647218,167.9610710000
13082984788,168.0909370000
13085322343,168.3295690000
13087659913,168.4133720000
13089997483,168.4867000000
13092335038,168.6758620000
13093525423,168.5913790000
13095862993,168.5174560000
13098200548,168.7027740000
13100538118,168.7399270000
13102875688,168.7724360000
13105213243,168.9258810000
13107550813,168.9351450000
13109888383,168.9432510000
13112225938,169.0753440000
13114563508,169.0659260000
13116901078,169.0576850000
13119238633,169.1754740000
13121576203,169.1535390000
13123913773,169.1343460000
13126251328,169.2425520000
13128588898,169.2122330000
13130926468,169.1857030000
13133264023,169.2874900000
13135601593,169.2515530000
13137939163,169.2201080000
13140276718,169.3175940000
13142614288,169.2778940000
13144951858,169.2431570000
13147289413,169.3377620000
13149626983,169.2955410000
13151964553,169.2585980000
13154302108,169.3512730000
13155492493,169.1823630000
13157830063,169.0345670000
13160167618,169.0302460000
13162505188,168.9014650000
13164842758,168.7887810000
13167180314,168.8151830000
13169517883,168.7132850000
13171855453,168.6241240000
13174193009,168.6711080000
13176530578,168.5872190000
13178868148,168.3888160000
13181205704,168.2152140000
13183543273,168.0633120000
13185880843,167.9303980000
13188218399,167.8140980000
13190555968,167.7123350000
13192893538,167.6232930000
13195231094,167.5453810000
13197568663,167.4772080000
13199906233,167.4175570000
13202243789,167.3653620000
13205728543,167.4446910000
13208066113,167.6391040000
13210403668,167.6842160000
13212741238,167.7236890000
13215078808,167.8832270000
13217416364,167.8978230000
13219753933,167.9105950000
13222091503,168.0467700000
13224429059,168.0409230000
13226766628,168.0358070000
13229104198,168.1563310000
13231441754,168.1367890000
13233779323,168.1196900000
13236116893,168.2297280000
13238454449,168.2010120000
13240792018,168.0508850000
13243129588,168.0445240000
13245467144,167.9139580000
13247804713,167.7997130000
13250142283,167.8247480000
13252479839,167.7216540000
13254817408,167.6314470000
13257154964,167.6775160000
13259492534,167.5928260000
13261830103,167.6437220000
13264167659,167.8132560000
13266505229,167.8365990000
13269989983,167.9820240000
13272327539,168.2342710000
13274665109,168.3299870000
13277002678,168.5387380000
13279340234,168.7213950000
13281677804,168.7562200000
13284015373,168.9116920000
13286352929,169.0477300000
13287543314,168.9167630000
13289880884,168.8021670000
13292218439,168.8268960000
13294556009,168.7235340000
13296893579,168.6330920000
13299231134,168.6789550000
13301568704,168.5940850000
13303906274,168.5198240000
13306243829,168.5798460000
13308581399,168.5073650000
13310918969,168.4439440000
13313256524,168.5134510000
13315594094,168.4492690000
13317931664,168.3931100000
13320269219,168.4689710000
13322606789,168.4103490000
13324944359,168.4840550000
13327281915,168.6735480000
13329619484,168.7143540000
13331957054,168.7500590000
13334294610,168.9063010000
13336632179,168.9180130000
13338969749,168.9282610000
13341307305,169.0622280000
13343644874,169.0544490000
13345982444,169.0476420000
13348320000,169.1666860000
13350657569,169.1458500000
13352995139,169.1276180000
13355332695,169.2366650000
13357670264,169.2070810000
13360007834,169.3061950000
13362345390,169.3929200000
13364682960,169.3438050000
13367020529,169.4258290000
13369358085,169.4976000000
13371695655,169.4354000000
13374033224,169.3809750000
13376370780,169.2083530000
13378708350,169.0573080000
13381045919,169.0501440000
13383383475,168.9188760000
13385721045,168.8040160000
13388058615,168.8285140000
13390396170,168.7249490000
13392733740,168.6343300000
13395071310,168.6800380000
13397408865,168.5950330000
13400893620,168.6456530000
13403231175,168.8149460000
13405568745,168.8380770000
13407906315,168.8583170000
13410243870,169.0010270000
13412581440,169.0008980000
13414919010,169.0007850000
13417256566,169.1256860000
13419594135,169.1099750000
13421931705,169.0962280000
13424269261,169.2091990000
13426606830,169.1830490000
13428944400,169.1601670000
13431281956,169.2651460000
13433619525,169.2320020000
13435957095,169.2030010000
13438294651,169.1776250000
13440632221,169.0304210000
13442969790,168.9016180000
13445307346,168.7889150000
13447644916,168.6903000000
13449982485,168.6040120000
13452320041,168.5285100000
13454657611,168.4624460000
13456995180,168.5296400000
13459332736,168.7134350000
13461670306,168.7492550000
13464007876,168.9055980000
13466345431,169.0423980000
13468683001,169.0370980000
13471020571,169.1574600000
13473358126,169.2627770000
13475695696,169.2299290000
13478033266,169.3261870000
13480370821,169.4104130000
13482708391,169.3591110000
13483898776,169.1892220000
13486236332,169.1655690000
13488573901,169.0198720000
13490911471,168.8923880000
13493249027,168.9058390000
13495586596,168.7926090000
13497924166,168.6935320000
13500261722,168.7318400000
13502599292,168.6403600000
13504936861,168.5603150000
13507274417,168.6152750000
13509611987,168.5383650000
13511949556,168.4710690000
13514287112,168.5371850000
13516624682,168.4700360000
13518962252,168.4112810000
13521299807,168.4848700000
13523637377,168.4242610000
13525974947,168.3712280000
13528312502,168.3248240000
13530650072,168.2842210000
13532987642,168.2486930000
13535325197,168.2176060000
13537662767,168.1904050000
13540000337,168.2916040000
13542337892,168.2551530000
13544675462,168.2232580000
13547013032,168.3203500000
13549350588,168.2803060000
13551688157,168.2452670000
13554025727,168.3396080000
13556363283,168.2971570000
13558700852,168.2600120000
13561038422,168.3525100000
13563375978,168.3084460000
13565713548,168.2698900000
13568051117,168.2361530000
13570388673,168.0816330000
13572726243,167.9464280000
13575063812,167.9531240000
13577401368,167.8339830000
13579738938,167.7297350000
13582076508,167.7635180000
13584414063,167.6680780000
13586751633,167.5845680000
13589089203,167.6364970000
13591426758,167.5569340000
13593764328,167.4873170000
13597249069,167.6764020000
13599586638,167.7168510000
13601924208,167.7522440000
13604261764,167.9082130000
13606599333,167.9196860000
13608936903,167.9297250000
13611274459,168.0635090000
13613612029,168.0555700000
13615949598,168.0486230000
13618287154,168.1675450000
13620624724,168.1466010000
13622962293,168.1282750000
13625299849,168.2372400000
13627637419,168.2075850000
13629974989,168.1816360000
13632312544,168.1589310000
13634650114,168.1390640000
13636987684,168.1216810000
13639325239,168.1064700000
13641662809,168.0931610000
13644000379,168.2065150000
13646337935,168.1807000000
13648675504,168.1581120000
13651013074,168.2633480000
13653350630,168.4804290000
13655688199,168.5453750000
13658025769,168.7272030000
13660363325,168.8863020000
13662700895,168.9005140000
13665038464,169.0379490000
13667376020,169.1582050000
13669713590,169.1384290000
13672051159,169.2461250000
13674388715,169.3403590000
13676726285,169.2978140000
13679063855,169.3855870000
13680254225,169.3373880000
13682591795,169.1702140000
13684929365,169.0239370000
13687266921,169.0209440000
13689604490,168.8933260000
13691942060,168.7816600000
13694279616,168.8089520000
13696617185,168.7078330000
13698954755,168.6193530000
13701292311,168.6669330000
13703629881,168.5835660000
13705967450,168.5106200000
13708305006,168.4467920000
13710642576,168.3909430000
13712980146,168.3420750000
13715317701,168.2993150000
13717655271,168.2619000000
13719992841,168.2291620000
13722330396,168.2005160000
13724667966,168.1754510000
13728152707,168.4035190000
13730490276,168.4780790000
13732827846,168.5433190000
13735165402,168.7254040000
13737502972,168.7597280000
13739840541,168.7897620000
13742178097,168.9410410000
13744515667,168.9484100000
13746853236,168.9548580000
13749190792,169.0855000000
13751528362,169.0748120000
13753865932,169.0654600000
13756203487,169.1822770000
13758541057,169.1594920000
13760878627,169.1395550000
13763216182,169.2471100000
13765553752,169.0912210000
13767891322,168.9548180000
13770228878,168.9604650000
13772566447,168.8404060000
13774904017,168.7353550000
13777241573,168.7684350000
13779579143,168.6723800000
13781916712,168.8383320000
13784254268,169.1085400000
13786591838,169.3449720000
13788929408,169.4268500000
13791266963,169.6234930000
13794751718,169.9205560000
13797089288,170.1804860000
13799426843,170.4079250000
13801764413,170.6069340000
13804101983,170.7810670000
13806439538,170.9334330000
13808777108,171.0667530000
13811114678,171.1834080000
13812305049,171.1604820000
13814642618,171.0154210000
13816980188,170.8884930000
13819317744,170.9024310000
13821655314,170.7896270000
13823992883,170.6909230000
13826330439,170.7295570000
13828668009,170.6383620000
13831005579,170.6835660000
13833343134,170.7231200000
13835680704,170.6327300000
13838018274,170.6786380000
13840355829,170.7188080000
13842693399,170.6289570000
13845030969,170.6753370000
13847368525,170.7159190000
13849706094,170.6264290000
13852043664,170.7981250000
13854381220,170.9483590000
13856718790,171.0798140000
13859056359,171.1948370000
13861393915,171.2954820000
13863731485,171.3835460000
13866069055,171.4606020000
13868406610,171.5280260000
13870744180,171.5870220000
13873081750,171.6386440000
13875419305,171.6838130000
13876609690,171.5983360000
13878947260,171.3985440000
13881284816,171.3487260000
13883622386,171.3051350000
13885959955,171.1419930000
13888297511,171.1242430000
13890635081,171.1087120000
13892972651,170.9701230000
13895310206,170.9738570000
13897647776,170.7271240000
13899985346,170.5112330000
13902322901,170.4473280000
13904660471,170.2664120000
13906998041,170.1081100000
13909335597,170.0945960000
13911673166,169.9577710000
13914010736,169.9630490000
13916348292,169.9676670000
13918685862,169.8467080000
13921023431,169.8658690000
13924508172,170.0076350000
13926845742,170.0066800000
13929183297,170.1308450000
13931520867,170.2394890000
13933858437,170.2095520000
13936195993,170.3083580000
13938533562,170.3948130000
13940871132,170.3454610000
13943208688,170.4272780000
13945546258,170.4988680000
13947883827,170.4365090000
13950221383,170.5069450000
13952558953,170.5685760000
13954896523,170.4975040000
13957234078,170.5603160000
13959571648,170.6152760000
13961909218,170.5383660000
13964246773,170.4710700000
13966584343,170.2871860000
13968921913,170.1262870000
13971259469,170.1105010000
13973597038,169.9716880000
13975934608,169.8502270000
13978272164,169.8689480000
13980609734,169.7603290000
13982947304,169.7902870000
13985284859,169.9415010000
13988769614,170.1988130000
13991107184,170.4239610000
13993444739,170.6209650000
13995782309,170.7933440000
13998119879,170.9441760000
14000457435,171.0761540000
14002795004,171.0666340000
14005132574,171.1833040000
14007470130,171.2853910000
14008660515,171.1247170000
14010998084,170.9841270000
14013335640,170.9861110000
14015673210,170.8628470000
14018010780,170.8799910000
14020348335,170.8949920000
14022685905,170.7831180000
14025023475,170.8102280000
14027361031,170.8339490000
14029698600,170.7297050000
14032036170,170.7634910000
14034373726,170.7930540000
14036711296,170.6939220000
14039048865,170.7321810000
14041386421,170.7656580000
14043723991,170.6699500000
14046061561,170.7112060000
14048399116,170.8723050000
14050736686,171.0132660000
14053074256,171.1366070000
14055411812,171.2445310000
14057749381,171.3389640000
14060086951,171.4215930000
14062424507,171.4938930000
14064762077,171.5571560000
14067099646,171.6125110000
14069437202,171.6609470000
14071774772,171.7033280000
14074112342,171.7404120000
14076449897,171.7728600000
14078787467,171.8012520000
14081125037,171.8260950000
14083462593,171.8478330000
14085800162,171.7418530000
14088137718,171.7741210000
14090475288,171.8023550000
14092812858,171.7020600000
14095150413,171.6143020000
14097487983,171.5375140000
14099825553,171.3453240000
14102163109,171.3021580000
14104500678,171.2643880000
14106838248,171.1063390000
14109175804,171.0930460000
14111513374,171.0814150000
14113850943,170.9462380000
14116188499,170.9529580000
14118526069,170.9588380000
14122010824,171.0889830000
14124348379,171.2028600000
14126685949,171.3025020000
14129023519,171.3896890000
14131361075,171.4659770000
14133698644,171.5327290000
14136036214,171.5911370000
14138373770,171.6422440000
14140711340,171.6869630000
14143048909,171.7260920000
14145386465,171.7603300000
14147724035,171.7902880000
14150061605,171.8165020000
14152399160,171.8394390000
14154736730,171.8595090000
14157074300,171.8770700000
14159411856,171.7674360000
14161749425,171.5465060000
14164086995,171.4781920000
14166424551,171.4184180000
14168762121,171.2411150000
14171099691,171.2109750000
14173437246,171.1846030000
14175774816,171.0365270000
14178112386,171.0319610000
14180449942,171.1529650000
14182787511,171.2588440000
14185125081,171.3514880000
14187462637,171.4325520000
14189800207,171.3784830000
14192137762,171.4561720000
14194475332,171.5241500000
14196812902,171.4586310000
14199150458,171.5263020000
14201488027,171.5855140000
14203825597,171.5123240000
14205015982,171.4482830000
14207353538,171.3922470000
14209691108,171.2182160000
14212028677,171.1909390000
14214366233,171.1670710000
14216703803,171.0211870000
14219041373,171.0185380000
14221378928,171.0162200000
14223716498,170.8891920000
14226054068,170.9030430000
14228391624,170.9151620000
14230729193,170.8007660000
14233066763,170.8256700000
14235404319,170.8474610000
14237741889,170.7415280000
14240079459,170.7738370000
14242417014,170.8021070000
14244754584,170.7018430000
14247092154,170.7391120000
14249429710,170.7717230000
14251767279,170.6752570000
14254104849,170.7158490000
14256442405,170.7513670000
14258779975,170.6574460000
14261117544,170.7002650000
14263455100,170.7377310000
14265792670,170.6455140000
14268130240,170.6898240000
14270467795,170.7285960000
14272805365,170.6375210000
14275142921,170.6828300000
14277480491,170.7224760000
14279818061,170.6321660000
14282155616,170.6781450000
14284493186,170.7183760000
14286830756,170.6285790000
14289168312,170.6750060000
14291505881,170.4656300000
14293843451,170.2824260000
14296181007,170.2471220000
14298518577,170.0912310000
14300856147,169.9548270000
14303193702,169.9604730000
14305531272,169.8404130000
14307868842,169.7353610000
14310206398,169.7684400000
14312543967,169.6723850000
14314881537,169.5883360000
14318366278,169.7647940000
14320703848,169.7941940000
14323041417,169.9449190000
14325378973,170.0768040000
14327716543,170.0672030000
14330054113,170.1838020000
14332391668,170.2858260000
14334729238,170.2500970000
14337066808,170.3438340000
14339404364,170.4258540000
14341741934,170.3726220000
14344079503,170.4510440000
14346417059,170.5196630000
14348754629,170.4547050000
14351092199,170.5228660000
14353429754,170.5825070000
14355767324,170.5096930000
14358104894,170.5709810000
14360442450,170.6246080000
14362780020,170.5465320000
14365117589,170.6032150000
14367455145,170.6528130000
14369792715,170.5712110000
14372130271,170.6248090000
14374467840,170.6717070000
14376805410,170.7127430000
14379142966,170.8736500000
14381480536,171.0144430000
14383818106,171.0126370000
14386155661,171.1360570000
14388493231,171.2440490000
14390830801,171.2135420000
14393168357,171.3118490000
14395505926,171.3978670000
14397843496,171.3481330000
14400181052,171.4296160000
14401371437,171.3759140000
14403709007,171.2039240000
14406046576,171.1784330000
14408384132,171.1561280000
14410721702,171.0116120000
14413059272,171.0101600000
14415396828,171.0088900000
14417734397,170.8827780000
14420071967,170.8974300000
14422409523,170.9102510000
14424747093,170.7964690000
14427084663,170.8219100000
14429422218,170.8441710000
14431759788,170.7386490000
14434097358,170.7713170000
14436434914,170.7999020000
14438772483,170.6999140000
14441110053,170.7374240000
14444594794,170.8952460000
14446932364,170.9083400000
14449269919,171.0447970000
14451607489,171.1641970000
14453945059,171.1436720000
14456282615,171.2507130000
14458620185,171.3443730000
14460957754,171.3013260000
14463295310,171.3886600000
14465632880,171.4650770000
14467970450,171.4069420000
14470308005,171.4810740000
14472645575,171.5459390000
14474983145,171.4776960000
14477320701,171.5429840000
14479658271,171.6001110000
14481995840,171.5250970000
14484333396,171.5844590000
14486670966,171.6364010000
14489008536,171.5568500000
14491346092,171.4872430000
14493683661,171.3013370000
14496021231,171.2636690000
14498358787,171.2307100000
14500696357,171.0768710000
14503033927,171.3172620000
14505371482,171.5276040000
14507709052,171.7116530000
14510046622,171.8726960000
14512384178,172.0136090000
14515868932,172.2619070000
14518206488,172.4791680000
14520544058,172.6692720000
14522881628,172.8356130000
14525219183,172.9811610000
14527556753,173.1085150000
14528747138,173.0949500000
14531084708,173.0830810000
14533422264,173.0726950000
14535759834,173.0636080000
14538097403,173.0556570000
14540434959,173.0486990000
14542772529,173.0426110000
14545110099,173.0372840000
14547447655,173.0326230000
14549785224,173.0285450000
14552122794,173.0249760000
14554460350,173.0218540000
14556797920,173.0191220000
14559135475,173.0167310000
14561473045,173.0146390000
14563810615,173.0128090000
14566148171,173.0112070000
14568485741,173.0098060000
14570823311,173.0085800000
14573160866,173.0075070000
14575498436,173.1315680000
14577836006,173.2401220000
14580173562,173.3351060000
14582511131,173.4182170000
14584848701,173.4909390000
14587186257,173.5545710000
14589523827,173.6102490000
14591861397,173.6589670000
14594198952,173.7015960000
14596536522,173.7388960000
14598874092,173.7715340000
14600064477,173.6750920000
14602402033,173.5907050000
14604739603,173.5168660000
14607077172,173.4522570000
14609414728,173.3957240000
14611752298,173.3462580000
14614089868,173.3029750000
14616427424,173.1401030000
14618764993,172.9975900000
14621102563,172.8728910000
14623440119,172.7637790000
14625777689,172.6683060000
14628115259,172.5847670000
14630452814,172.5116710000
14632790384,172.4477120000
14635127940,172.3917480000
14638612695,172.4677790000
14640950265,172.5343060000
14643287820,172.5925170000
14645625390,172.6434520000
14647962960,172.6880200000
14650300516,172.7270170000
14652638085,172.7611390000
14654975655,172.7909960000
14657313211,172.8171210000
14659650781,172.8399800000
14661988351,172.7349820000
14664325906,172.7681090000
14666663476,172.7970950000
14669001046,172.8224580000
14671338602,172.8446500000
14673676172,172.8640680000
14676013742,172.8810590000
14678351297,172.8959260000
14680688867,172.9089350000
14683026437,172.9203180000
14685363993,172.9302780000
14687701563,172.8139930000
14690039132,172.7122430000
14692376688,172.6232120000
14694714258,172.5453100000
14697051828,172.4771460000
14699389384,172.4175020000
14701726953,172.4903140000
14704064523,172.5540240000
14706402079,172.6097710000
14708739649,172.6585490000
14712224390,172.8262300000
14714561959,172.9729510000
14716899529,173.1013320000
14719237085,173.2136650000
14721574655,173.3119560000
14722765040,173.2729610000
14725102610,173.2388400000
14727440165,173.2089850000
14729777735,173.1828610000
14732115305,173.1600030000
14734452861,173.1400020000
14736790431,173.1225010000
14739127986,173.1071880000
14741465556,173.0937890000
14743803126,173.0820650000
14746140682,173.0718060000
14748478252,173.0628300000
14750815821,173.0549760000
14753153377,173.0481040000
14755490947,173.0420910000
14757828517,173.0368290000
14760166073,173.0322250000
14762503642,173.0281960000
14764841212,173.0246710000
14767178768,173.0215870000
14769516338,173.0188880000
14771853908,173.0165270000
14774191463,173.1394610000
14776529033,173.2470280000
14778866603,173.3411490000
14781204159,173.4235050000
14783541729,173.4955660000
14785879299,173.5586200000
14788216854,173.6137920000
14790554424,173.6620680000
14792891994,173.7043090000
14795229550,173.7412700000
14797567120,173.7736110000
14799904689,173.8019090000
14802242245,173.8266700000
14804579815,173.8483360000
14806917385,173.8672940000
14809254941,173.8838820000
14811592511,173.7733960000
14813930080,173.6767210000
14816267636,173.5921300000
14818605206,173.5181130000
14820942776,173.4533480000
14823280332,173.3966790000
14825617901,173.3470940000
14827955471,173.3037070000
14830293027,173.2657430000
14833777782,173.3575250000
14836115352,173.5628340000
14838452907,173.6174790000
14840790477,173.6652940000
14843128033,173.7071320000
14845465603,173.7437400000
14847803173,173.7757720000
14850140729,173.8038000000
14852478298,173.8283250000
14854815868,173.8497840000
14857153424,173.8685610000
14859490994,173.8849900000
14861828564,173.8993660000
14864166119,173.9119450000
14866503689,173.9229510000
14868841259,173.9325820000
14871178815,173.9410090000
14873516385,173.9483820000
14875853955,173.9548340000
14878191510,173.9604790000
14880529080,173.9654190000
14882866650,173.9697410000
14885204206,173.8485230000
14887541776,173.7424570000
14889879346,173.6496490000
14892216901,173.5684420000
14894554471,173.4973860000
14896892041,173.5602120000
14899229597,173.6151850000
14901567167,173.6632860000
14903904737,173.7053750000
14906242292,173.7422030000
14908579862,173.7744270000
14910917432,173.8026230000
14913254988,173.8272950000
14915592558,173.8488830000
14917930127,173.8677720000
14919120512,173.7593000000
14921458068,173.6643870000
14923795638,173.5813380000
14926133194,173.5086700000
14928470764,173.4450860000
14930808334,173.3894500000
14933145889,173.3407680000
14935483459,173.2981720000
14937821029,173.2609000000
14940158585,173.2282870000
14942496155,173.1997510000
14944833724,173.1747820000
14947171280,173.1529340000
14949508850,173.1338170000
14951846420,173.1170890000
14954183976,173.1024520000
14956521546,173.0896450000
14958859115,173.0784390000
14961196671,173.0686340000
14963534241,173.0600540000
14965871811,173.0525470000
14968209367,173.0459780000
14970546937,173.0402300000
14972884506,173.0352010000
14975222062,173.0308000000
14977559632,173.0269500000
14979897202,173.0235810000
14982234758,173.0206330000
14984572328,173.0180530000
14986909897,173.0157960000
14989247453,173.0138210000
14991585023,173.0120930000
14993922593,173.0105810000
14996260149,173.0092580000
14998597719,173.0081000000
15000935288,173.0070870000
15003272844,173.0062010000
15005610414,172.8804250000
15007947984,172.6453710000
15010285540,172.5646990000
15012623110,172.4941110000
15014960679,172.3073470000
15017298235,172.2689280000
15019635805,172.2353120000
15021973375,172.0808980000
15024310931,172.0707850000
15026648501,172.0619360000
15030133241,172.1791940000
15032470811,172.2817940000
15034808381,172.3715690000
15037145937,172.4501220000
15039483507,172.5188560000
15041821077,172.5789990000
15044158632,172.6316240000
15046496202,172.6776710000
15048833772,172.7179620000
15051171328,172.7532160000
15053508898,172.7840640000
15055846468,172.8110560000
15058184023,172.8346740000
15060521593,172.8553390000
15062859163,172.8734210000
15065196719,172.8892430000
15067534289,172.9030870000
15069871859,172.9152010000
15072209414,172.9258000000
15074546984,172.9350750000
15076884554,172.9431900000
15079222110,172.9502910000
15081559680,172.9565040000
15083897250,172.9619410000
15086234805,172.9666980000
15088572375,172.9708600000
15090909945,172.9745020000
15093247501,173.1026890000
15095585071,173.2148520000
15097922641,173.3129950000
15100260197,173.3988700000
15102597766,173.4740110000
15104935336,173.5397590000
15107272892,173.5972890000
15109610462,173.6476270000
15111948032,173.6916730000
15114285588,173.7302130000
15115475973,173.6389360000
15117813542,173.5590690000
15120151098,173.4891850000
15122488668,173.4280360000
15124826238,173.3745310000
15127163794,173.3277140000
15129501364,173.2867490000
15131838933,173.2509050000
15134176489,173.2195410000
15136514059,173.1920980000
15138851629,173.1680850000
15141189185,173.1470740000
15143526755,173.1286890000
15145864325,173.1126020000
15148201880,173.0985260000
15150539450,173.0862100000
15152877020,173.0754330000
15155214576,173.0660030000
15157552146,173.0577520000
15159889716,173.0505330000
15163374456,173.1692160000
15165712026,173.2730640000
15168049596,173.4889310000
15170387152,173.5528140000
15172724722,173.6087120000
15175062292,173.7826230000
15177399847,173.8097950000
15179737417,173.8335700000
15182074987,173.9793730000
15184412543,173.9819510000
15186750113,173.9842070000
15189087683,174.1111810000
15191425239,174.0972830000
15193762808,174.0851220000
15196100378,174.1994810000
15198437934,174.1745450000
15200775504,174.1527260000
15203113074,174.0086350000
15205450630,173.8825550000
15207788200,173.7722350000
15210125755,173.6757050000
15212463325,173.5912410000
15214800895,173.5173350000
15217138451,173.4526680000
15219476021,173.3960840000
15221813591,173.3465730000
15224151146,173.6782510000
15227635901,173.9684690000
15229973471,174.2224100000
15232311027,174.5696080000
15234648597,174.7484070000
15236986167,174.9048560000
15239323723,175.1667490000
15241661292,175.2709050000
15243998862,175.3620410000
15246336418,175.5667850000
15248673988,175.6209360000
15249864373,175.5433190000
15252201929,175.6004040000
15254539499,175.5253530000
15256877068,175.4596830000
15259214624,175.5272220000
15261552194,175.4613190000
15263889764,175.4036540000
15266227320,175.4781970000
15268564890,175.4184220000
15270902460,175.3661190000
15273240015,175.4453540000
15275577585,175.3896840000
15277915155,175.3409730000
15280252711,175.4233510000
15282590281,175.3704320000
15284927851,175.3241280000
15287265407,175.4086120000
15289602976,175.3575350000
15291940546,175.4378430000
15294278102,175.6331120000
15296615672,175.6789730000
15298953242,175.7191010000
15301290798,175.8792130000
15303628368,175.8943110000
15305965938,175.9075220000
15308303493,176.0440810000
15310641063,176.0385700000
15311831448,175.9087480000
15314169004,175.9201540000
15316506574,175.8051340000
15318844144,175.7044920000
15321181700,175.7414300000
15323519269,175.6487510000
15325856839,175.5676570000
15328194395,175.6216990000
15330531965,175.5439860000
15332869535,175.4759870000
15335207091,175.5414880000
15337544661,175.3488020000
15339882231,175.1802010000
15342219786,175.0326750000
15344557356,174.9035900000
15346894926,174.7906410000
15349232482,174.6918100000
15351570052,174.6053330000
15353907622,174.5296660000
15356245178,174.4634570000
15359729932,174.5305240000
15362067502,174.7142080000
15364405058,174.7499320000
15366742628,174.7811900000
15369080198,174.9335410000
15371417754,174.9418480000
15373755324,174.9491170000
15376092893,175.0804770000
15378430449,175.0704170000
15380768019,175.0616140000
15383105589,175.1789120000
15385443145,175.1565480000
15387780715,175.1369790000
15390118271,175.2448560000
15392455840,175.2142490000
15394793410,175.1874670000
15397130966,175.2890330000
15399468536,175.2529030000
15401806106,175.0962900000
15404143662,175.0842530000
15406481232,174.9487210000
15408818802,174.8301300000
15411156357,174.8513630000
15413493927,174.7449420000
15415831497,174.6518240000
15418169053,174.6953460000
15421653808,174.7334270000
15423991378,174.7667480000
15426328934,175.0459040000
15428666503,175.1651660000
15431004073,175.3945200000
15433341629,175.5952050000
15435679199,175.6458040000
15438016769,175.8150780000
15440354325,175.9631930000
15442691895,175.9677930000
15445029465,176.0968180000
15446219836,176.0847150000
15448557405,175.9491250000
15450894975,175.8304840000
15453232531,175.8516730000
15455570101,175.7452130000
15457907671,175.6520610000
15460245227,175.6955530000
15462582797,175.6086080000
15464920367,175.5325320000
15467257922,175.5909650000
15469595492,175.5170940000
15471933062,175.4524570000
15474270618,175.5208990000
15476608188,175.4557860000
15478945758,175.3988120000
15481283314,175.4739600000
15483620884,175.4147150000
15485958453,175.3628750000
15488296009,175.5675150000
15490633579,175.6215750000
15492971149,175.6688780000
15495308705,175.8352680000
15497646275,175.8558590000
15499983845,175.8738760000
15502321401,176.0146410000
15504658970,176.0128100000
15506996540,176.0112080000
15509334096,176.1348070000
15511671666,176.1179560000
15514009236,176.2282110000
15516346792,176.3246840000
15518684362,176.2840980000
15521021932,176.3735850000
15523359487,176.4518860000
15525697057,176.3954000000
15528034627,176.4709750000
15530372183,176.5371030000
15532709753,176.4699650000
15535047323,176.4112190000
15537384879,176.2348160000
15539722449,176.0804640000
15542060019,176.0704060000
15544397574,175.9366050000
15546735144,175.8195290000
15549072714,175.8420870000
15551410270,175.7368260000
15553747840,175.6447220000
15557232581,175.8141310000
15559570151,175.8373640000
15561907721,175.8576930000
15564245276,176.0004810000
15566582846,176.0004200000
15568920416,176.0003670000
15571257972,176.1253210000
15573595542,176.1096550000
15575933112,176.0959480000
15578270668,176.2089540000
15580608238,176.1828340000
15582945808,176.1599790000
15585283363,176.2649810000
15587620933,176.2318580000
15589958503,176.2028750000
15592296059,176.3025150000
15594633629,176.2647000000
15596971199,176.1066120000
15599308755,176.0932850000
15601646325,175.9566240000
15603983895,175.8370460000
15606321450,175.7324150000
15608659020,175.6408630000
15610996590,175.5607550000
15613334146,175.4906600000
15615671716,175.4293270000
15618009286,175.5006610000
15620346842,175.4380780000
15622684412,175.5083180000
15625021981,175.6947780000
15627359537,175.8579300000
15629697107,175.8756880000
15632034677,176.0162270000
15634372233,176.1391980000
15636709803,176.1217980000
15639047373,176.2315730000
15641384929,176.3276260000
15642575314,176.1616720000
15644912884,176.0164630000
15647250439,176.0144050000
15649588009,175.8876040000
15651925579,175.7766530000
15654263135,175.8045710000
15656600705,175.7039990000
15658938275,175.6159990000
15661275831,175.6639990000
15663613401,175.5809990000
15665950971,175.5083740000
15668288526,175.5698270000
15670626096,175.4985980000
15672963666,175.4362730000
15675301222,175.5067380000
15677638792,175.4433950000
15679976362,175.3879700000
15682313918,175.4644730000
15684651488,175.4064130000
15686989058,175.3556110000
15689326613,175.3111590000
15691664183,175.2722640000
15694001753,175.3632310000
15696339309,175.3178270000
15698676879,175.2780980000
15701014449,175.3683350000
15703352005,175.3222930000
15705689575,175.2820060000
15708027145,175.3717550000
15710364701,175.3252850000
15712702270,175.2846240000
15715039840,175.3740460000
15717377396,175.3272900000
15719714966,175.2863780000
15722052536,175.3755800000
15724390092,175.3286320000
15726727662,175.2875530000
15729065232,175.3766080000
15731402788,175.2045320000
15733740358,175.0539650000
15736077927,175.0472190000
15738415483,174.9163160000
15740753053,174.8017760000
15743090623,174.8265540000
15745428179,174.7232340000
15747765749,174.6328290000
15750103319,174.6787250000
15753588060,174.7188840000
15755925630,174.7540230000
15758263185,174.9097700000
15760600755,174.9210480000
15762938325,174.9309170000
15765275881,175.0645520000
15767613451,175.0564830000
15769951021,175.0494220000
15772288577,175.1682440000
15774626147,175.1472130000
15776963717,175.1288110000
15779301273,175.2377090000
15781638843,175.2079950000
15783976412,175.1819950000
15786313968,175.2842450000
15788651538,175.2487140000
15790989108,175.2176240000
15793326664,175.1904210000
15795664234,175.1666180000
15798001804,175.2707900000
15800339360,175.2369410000
15802676930,175.2073230000
15805014500,175.3064070000
15807352055,175.2681060000
15809689625,175.2345920000
15812027195,175.3302680000
15814364751,175.2889840000
15816702321,175.2528610000
15819039891,175.4712530000
15821377447,175.6623460000
15823715017,175.7045520000
15826052587,175.8664830000
15828390143,176.0081720000
15830727713,176.0071500000
15833065282,176.1312560000
15835402838,176.2398490000
15837740408,176.2098670000
15838930793,176.0586330000
15841268349,176.0513030000
15843605919,175.9198900000
15845943489,175.8049030000
15848281045,175.8292900000
15850618615,175.7256280000
15852956185,175.6349240000
15855293741,175.6805580000
15857631311,175.5954880000
15859968880,175.5210520000
15862306436,175.5809200000
15864644006,175.5083050000
15866981576,175.4447660000
15869319132,175.3891700000
15871656702,175.3405230000
15873994272,175.2979570000
15877479013,175.3857120000
15879816583,175.4624980000
15882154139,175.6546850000
15884491708,175.6978490000
15886829278,175.7356170000
15889166834,175.8936640000
15891504404,175.9069560000
15893841974,175.9185860000
15896179530,176.0537620000
15898517100,176.0470410000
15900854670,176.0411600000
15903192226,176.1610150000
15905529796,176.1408880000
15907867366,176.1232770000
15910204922,176.2328670000
15912542491,176.2037580000
15914880061,176.1782880000
15917217617,176.2810020000
15919555187,176.2458760000
15921892757,176.2151410000
15924230313,176.3132480000
15926567883,176.2740920000
15928905453,176.1148300000
15931243009,176.1004760000
15933580579,175.9629160000
15935918149,175.8425510000
15938255705,175.8622320000
15940593274,175.7544530000
15942930844,175.9101460000
15945268400,176.1713770000
15947605970,176.3999540000
15951090725,176.7249590000
15953428281,177.0093390000
15955765851,177.2581710000
15958103421,177.4758990000
15960440977,177.6664110000
15962778547,177.8331090000
15963968932,177.7289700000
15966306488,177.7628480000
15968644057,177.7924920000
15970981627,177.6934300000
15973319183,177.7317510000
15975656753,177.6402820000
15977994323,177.5602460000
15980331879,177.6152150000
15982669449,177.5383130000
15985007019,177.5960230000
15987344575,177.6465200000
15989682145,177.5657050000
15992019715,177.6199910000
15994357271,177.6674920000
15996694841,177.5840550000
15999032410,177.6360480000
16001369966,177.6815420000
16003707536,177.5963490000
16006045106,177.6468050000
16008382662,177.6909540000
16010720232,177.6045840000
16013057802,177.6540110000
16015395358,177.6972590000
16017732928,177.8601010000
16020070498,178.0025880000
16022408054,178.1272640000
16024745624,178.2363560000
16027083194,178.3318110000
16029420749,178.4153340000
16031758319,178.4884170000
16034095889,178.5523640000
16036433445,178.6083180000
16037623830,178.5322780000
16039961400,178.3407430000
16042298956,178.2981500000
16044636526,178.2608810000
16046974096,178.1032700000
16049311652,178.0903610000
16051649222,178.0790650000
16053986792,177.8191810000
16056324348,177.7167830000
16058661918,177.5021850000
16060999488,177.3144110000
16063337043,177.2751090000
16065674613,177.1157200000
16068012183,177.1012550000
16071496924,177.2135980000
16073834494,177.1868980000
16076172050,177.2885350000
16078509620,177.3774680000
16080847190,177.3302840000
16083184746,177.4139980000
16085522316,177.4872480000
16087859886,177.4263420000
16090197442,177.4980490000
16092535012,177.5607920000
16094872581,177.4906930000
16097210137,177.5543560000
16099547707,177.6100610000
16101885277,177.5338030000
16104222833,177.5920770000
16106560403,177.6430670000
16108897973,177.5626830000
16111235529,177.6173470000
16113573099,177.6651780000
16115910669,177.5820300000
16118248225,177.6342760000
16120585795,177.6799910000
16122923365,177.5949920000
16125260921,177.6456180000
16127598491,177.4399150000
16129936060,177.2599250000
16132273616,177.2274340000
16134611186,177.0740040000
16136948756,176.9397530000
16139286312,176.9472830000
16141623882,177.0788720000
16143961452,177.0690130000
16147446193,177.3103860000
16149783763,177.5215870000
16152121319,177.7063880000
16154458889,177.8680890000
16156796459,178.0095770000
16157986844,177.8833790000
16160324400,177.8979560000
16162661970,177.7857110000
16164999540,177.6874970000
16167337095,177.7265590000
16169674665,177.6357390000
16172012235,177.6812710000
16174349791,177.7211120000
16176687361,177.6309730000
16179024931,177.6771010000
16181362487,177.7174630000
16183700057,177.6277800000
16186037627,177.6743070000
16188375183,177.7150180000
16190712753,177.6256400000
16193050323,177.6724350000
16195387879,177.7133800000
16197725449,177.6242070000
16200063019,177.6711810000
16202400575,177.7122830000
16204738144,177.6232470000
16207075714,177.6703410000
16209413270,177.7115480000
16211750840,177.6226040000
16214088410,177.6697780000
16216425966,177.8360550000
16218763536,177.9815480000
16221101106,178.1088540000
16223438662,178.2202470000
16225776232,178.3177160000
16228113788,178.4030010000
16230451358,178.4776250000
16232788928,178.5429210000
16235126484,178.6000550000
16237464054,178.6500480000
16239801624,178.6937920000
16242139180,178.7320680000
16244476750,178.7655590000
16246814319,178.6698640000
16249151875,178.5861310000
16251489445,178.5128640000
16253827015,178.3237560000
16256164571,178.2832860000
16258502141,178.2478750000
16260839711,178.0918900000
16263177267,178.0804030000
16266662022,178.1953520000
16268999592,178.1709330000
16271337148,178.2745660000
16273674718,178.3652450000
16276012288,178.4445890000
16278349844,178.5140150000
16280687414,178.5747630000
16283024984,178.6279170000
16285362540,178.6744270000
16287700110,178.7151230000
16290037679,178.7507320000
16292375235,178.7818900000
16294712805,178.8091530000
16297050375,178.8330080000
16299387931,178.8538820000
16301725501,178.8721460000
16304063071,178.8881270000
16306400627,178.9021110000
16308738197,178.9143470000
16311075767,178.9250530000
16313413323,178.9344210000
16315750893,178.9426180000
16318088463,178.9497900000
16320426019,178.9560660000
16322763589,178.9615570000
16325101159,178.8413620000
16327438715,178.7361910000
16329776285,178.5191670000
16332113841,178.4542710000
16334451411,178.3974870000
16336788981,178.4728010000
16339126536,178.5387000000
16341464106,178.5963620000
16343801676,178.6468160000
16346139232,178.6909640000
16348476802,178.7295930000
16350814372,178.6383930000
16353151928,178.6835930000
16354342313,178.5981430000
16356679883,178.3983750000
16359017453,178.3485780000
16361355009,178.3050050000
16363692579,178.1418790000
16366030149,178.1241440000
16368367705,178.1086260000
16370705275,177.9700470000
16373042845,177.9737910000
16375380401,177.9770670000
16377717971,177.8549330000
16380055541,177.8730660000
16382393097,177.8889320000
16384730667,177.7778150000
16387068237,177.8055880000
16389405792,177.8298890000
16391743362,177.7261520000
16394080932,177.7603830000
16396418488,177.7903350000
16398756058,177.6915430000
16401093628,177.7301000000
16403431184,177.7638370000
16405768754,177.6683570000
16408106310,177.7098120000
16410443880,177.7460850000
16412781450,177.6528240000
16415119006,177.6962210000
16417456576,177.7341930000
16419794146,177.6424180000
16422131702,177.6871150000
16424469272,177.7262250000
16426806842,177.6354460000
16429144398,177.6810150000
16431481968,177.7208880000
16433819538,177.6307770000
16436157094,177.6769290000
16438494664,177.7173120000
16440832234,177.6276480000
16443169790,177.5491920000
16445507360,177.4805430000
16447844930,177.2954750000
16450182485,177.2585400000
16452520055,177.1012220000
16454857625,176.9635690000
16457195181,176.9681220000
16459532751,176.8471060000
16463017506,176.9912170000
16465355062,177.1173140000
16467692632,177.1026490000
16470030202,177.2148170000
16472367758,177.3129640000
16474705328,177.2738430000
16477042898,177.3646120000
16479380454,177.4440350000
16481718024,177.3885300000
16484055594,177.4649630000
16486393150,177.5318420000
16488730720,177.4653610000
16491068290,177.5321900000
16493405846,177.5906660000
16495743416,177.5168320000
16498080986,177.5772280000
16500418542,177.6300740000
16502756112,177.5513140000
16505093682,177.6073990000
16507431238,177.6564740000
16509768808,177.5744140000
16512106364,177.6276120000
16514443934,177.6741600000
16516781504,177.5898900000
16519119059,177.6411530000
16521456629,177.6860080000
16523794199,177.6002570000
16526131755,177.6502240000
16528469325,177.6939460000
16530806895,177.6072020000
16533144451,177.7813010000
16535482021,177.9336380000
16537819591,177.9419330000
16540157147,178.0741910000
16542494717,178.1899170000
16544832287,178.1661770000
16547169843,178.2704040000
16549507413,178.3616030000
16550697798,178.1914020000
16553035368,178.1674760000
16555372924,178.1465410000
16557710494,178.0032230000
16560048064,178.0028200000
16562385620,178.0024670000
16564723190,177.8771580000
16567060760,177.8925130000
16569398316,177.9059480000
16571735886,177.7927040000
16574073456,177.8186160000
16576411012,177.8412890000
16578748582,177.7361270000
16581086152,177.7691110000
16583423708,177.7979720000
16585761278,177.6982250000
16588098834,177.7359460000
16590436404,177.7689520000
16592773974,177.6728330000
16596258715,177.8387280000
16598596285,177.9838870000
16600933855,177.9859010000
16603271411,178.1126630000
16605608981,178.2235800000
16607946550,178.1956320000
16610284106,178.2961780000
16612621676,178.3841550000
16614959246,178.3361350000
16617296802,178.4191180000
16619634372,178.4917280000
16621971942,178.4302620000
16624309498,178.5014790000
16626647068,178.5637940000
16628984638,178.4933190000
16631322194,178.5566540000
16633659764,178.6120720000
16635997334,178.5355630000
16638334890,178.5936170000
16640672460,178.3944140000
16643010030,178.3451120000
16645347586,178.3019730000
16647685156,178.1392260000
16650022726,178.1218220000
16652360282,178.1065940000
16654697852,177.9682690000
16657035422,177.9722350000
16660520163,178.1007050000
16662857733,178.0881160000
16665195289,178.4521010000
16667532859,178.7705880000
16669870429,179.0492640000
16672207985,179.2931060000
16674545555,179.5064670000
16676883125,179.6931580000
16679220681,179.8565130000
16681558251,179.9994480000
16683895821,180.1245170000
16685086206,180.1089520000
16687423762,180.0953330000
16689761332,180.0834160000
16692098888,180.0729890000
16694436458,180.0638650000
16696774028,180.0558810000
16699111584,180.0488950000
16701449154,180.0427830000
16703786724,180.0374350000
16706124280,180.0327550000
16708461850,180.0286600000
16710799420,180.0250770000
16713136976,180.0219420000
16715474546,180.0191990000
16717812116,180.0167990000
16720149672,180.0146990000
16722487242,180.0128610000
16724824812,180.0112530000
16727162368,180.0098460000
16729499938,180.0086150000
16731837508,180.1325380000
16734175064,180.2409700000
16736512634,180.3358480000
16738850204,180.4188670000
16741187760,180.4915080000
16743525330,180.5550690000
16745862900,180.6106850000
16747053285,180.5343490000
16749390841,180.4675550000
16751728410,180.4091100000
16754065980,180.3579710000
16756403536,180.3132240000
16758741106,180.2740710000
16761078676,180.2398120000
16763416232,180.2098350000
16765753802,180.1836050000
16768091372,180.1606540000
16770428928,180.1405720000
16772766498,180.1230000000
16775104054,179.9826250000
16777441624,179.8597960000
16779779194,179.7523210000
16782116750,179.6582800000
16784454320,179.5759950000
16786791890,179.5039950000
16789129446,179.4409950000
16792614201,179.5108700000
16794951771,179.5720110000
16797289327,179.6255090000
16799626897,179.6723200000
16801964467,179.7132800000
16804302023,179.7491200000
16806639593,179.7804800000
16808977163,179.8079200000
16811314719,179.8319300000
16813652289,179.8529380000
16815989859,179.8713200000
16818327415,179.8874050000
16820664985,179.9014790000
16823002555,179.9137940000
16825340111,179.9245690000
16827677681,179.9339970000
16830015251,179.9422470000
16832352807,179.9494660000
16834690377,179.9557820000
16837027947,179.9613090000
16839365503,179.8411450000
16841703073,179.7360010000
16844040643,179.6440000000
16846378199,179.5635000000
16848715769,179.4930620000
16851053339,179.4314290000
16854538080,179.5025000000
16856875650,179.5646870000
16859213206,179.6191010000
16861550776,179.6667130000
16863888346,179.7083730000
16866225902,179.8698260000
16868563472,180.0110970000
16870901042,180.1347090000
16873238598,180.2428700000
16875576168,180.3375110000
16877913738,180.4203220000
16880251294,180.4927810000
16881441679,180.4311830000
16883779249,180.3772850000
16886116805,180.3301240000
16888454375,180.2888580000
16890791945,180.2527500000
16893129501,180.2211560000
16895467071,180.1935110000
16897804641,180.1693220000
16900142197,180.1481560000
16902479767,180.1296360000
16904817337,180.1134310000
16907154893,180.0992520000
16909492463,180.0868450000
16911830033,180.0759890000
16914167589,180.0664900000
16916505159,180.0581780000
16918842729,180.0509050000
16921180285,180.0445410000
16923517855,180.0389730000
16925855425,180.0341010000
16928192981,180.1548380000
16930530551,180.2604830000
16932868121,180.3529220000
16935205677,180.4338060000
16937543247,180.5045800000
16939880817,180.5665070000
16941071202,180.4956930000
16943408758,180.4337310000
16945746328,180.3795140000
16948083898,180.3320740000
16950421454,180.2905640000
16952759024,180.2542430000
16955096580,180.2224620000
16957434150,180.1946540000
16959771720,180.1703220000
16962109276,180.1490310000
16964446846,180.1304020000
16966784417,180.1141010000
16969121973,180.0998380000
16971459543,179.9623580000
16973797113,179.8420630000
16976134669,179.7368050000
16978472239,179.6447040000
16981956994,179.6891160000
16984294550,179.7279760000
16986632120,179.7619790000
16988969690,179.7917310000
16991307246,179.8177640000
16993644816,179.8405430000
16995982386,179.8604750000
16998319942,179.8779150000
17000657512,179.8931750000
17002995082,179.7815280000
17005332638,179.8088370000
17007670208,179.8327320000
17010007778,179.8536400000
17012345334,179.8719350000
17014682904,179.8879430000
17017020474,179.9019500000
17019358030,179.9142060000
17021695600,179.9249300000
17024033170,179.9343130000
17026370726,179.9425230000
17028708296,179.9497070000
17031045866,179.9559930000
17033383422,179.8364930000
17035720992,179.7319310000
17038058562,179.6404390000
17040396118,179.5603840000
17043880873,179.6153360000
17046218429,179.6634190000
17048555999,179.7054910000
17050893569,179.7423040000
17053231125,179.7745160000
17055568695,179.8027010000
17057906265,179.8273630000
17060243821,179.8489420000
17062581391,179.9928240000
17064918961,180.1187210000
17067256517,180.2288800000
17069594087,180.3252700000
17071931657,180.4096110000
17074269213,180.4834090000
17076606783,180.5479820000
17078944353,180.6044840000
17081281909,180.6539230000
17083619479,180.6971820000
17085957049,180.7350340000
17088294605,180.7681540000
17090632175,180.7971340000
17092969745,180.8224920000
17095307301,180.8446800000
17097644871,180.8640950000
17099982441,180.8810830000
17102319997,180.8959470000
17104657567,180.9089530000
17106995137,180.9203330000
17109332693,180.9302910000
17111670264,180.9390040000
17114007834,181.0716280000
17116345390,181.0626740000
17118682960,181.0548390000
17121020530,181.1729840000
17123358086,181.2763610000
17125695656,181.3668150000
17128033226,181.5709630000
17130370782,181.6245920000
17131561167,181.5465180000
17133898737,181.4782030000
17136236293,181.4184270000
17138573863,181.3661230000
17140911433,181.3203570000
17143248989,181.2803120000
17145586559,181.2452730000
17147924129,181.2146130000
17150261685,181.1877860000
17152599255,181.1643120000
17154936825,181.1437730000
17157274381,181.1258010000
17159611951,181.1100750000
17161949521,180.9713150000
17164287077,180.8499000000
17166624647,180.7436620000
17168962217,180.6507040000
17171299773,180.5693660000
17173637343,180.4981950000
17175974913,180.4359200000
17178312469,180.3814300000
17180650039,180.3337510000
17182987609,180.2920320000
17185325165,180.2555280000
17187662735,180.2235870000
17190000305,180.1956380000
17192337861,180.1711830000
17194675431,180.1497850000
17197013001,180.1310610000
17199350558,180.1146780000
17201688128,180.1003430000
17204025698,180.0878000000
17206363254,180.0768250000
17208700824,180.0672210000
17211038394,180.0588180000
17213375950,180.0514650000
17215713520,180.0450310000
17218051090,180.0394020000
17220388646,180.0344760000
17222726216,179.9051660000
17225063786,179.7920200000
17227401342,179.6930170000
17229738912,179.6063890000
17232076482,179.5305900000
17234414038,179.4642660000
17236751608,179.4062320000
17240236349,179.4804530000
17242573919,179.5453960000
17244911489,179.6022210000
17247249045,179.6519430000
17249586615,179.6954500000
17251924185,179.7335180000
17254261741,179.7668280000
17256599311,179.7959740000
17258936881,179.8214770000
17261274437,179.8437920000
17263612007,179.8633180000
17265949577,179.8804030000
17268287134,179.8953520000
17270624704,179.9084330000
17272962274,179.9198780000
17275299830,179.9298930000
17277637400,179.9386560000
17279974970,179.9463240000
17282312526,179.9530330000
17284650096,179.9589030000
17286987666,179.9640400000
17289325222,179.9685350000
17291662792,179.9724680000
17294000362,179.9759090000
17296337918,179.9789200000
17298675488,179.9815550000
17301013058,179.9838600000
17303350614,179.9858770000
17305688184,179.9876420000
17308025754,179.9891860000
17310363310,179.9905370000
17312700880,180.1167190000
17315038450,180.3521290000
17317376006,180.4331120000
17319713576,180.5039730000
17322051146,180.6909760000
17324388702,180.7296040000
17326726272,180.7634030000
17327916658,180.6679770000
17330254214,180.5844790000
17332591784,180.5114190000
17334929354,180.4474910000
17337266910,180.3915540000
17339604480,180.3426090000
17341942050,180.2997820000
17344279606,180.2623090000
17346617176,180.2295200000
17348954746,180.2008300000
17351292302,180.1757260000
17353629872,180.1537600000
17355967442,180.1345400000
17358304998,180.1177220000
17360642568,180.1030060000
17362980138,180.0901300000
17365317694,180.0788630000
17367655264,180.0690050000
17369992834,179.9353790000
17372330390,179.9434560000
17374667960,179.9505240000
17377005530,179.9567080000
17379343087,179.9621190000
17381680657,179.9668540000
17384018227,179.9709970000
17387502968,180.0996220000
17389840538,180.2121690000
17392178094,180.3106470000
17394515664,180.3968160000
17396853234,180.4722140000
17399190790,180.5381870000
17401528360,180.5959130000
17403865930,180.6464230000
17406203486,180.6906200000
17408541056,180.7292920000
17410878626,180.7631300000
17413216182,180.7927380000
17415553752,180.8186450000
17417891322,180.8413140000
17420228878,180.7361490000
17422566448,180.6441300000
17424904018,180.5636130000
17427241575,180.4931610000
17429579145,180.4315150000
17431916715,180.3775750000
17434254271,180.3303780000
17436591841,180.2890800000
17438929411,180.2529450000
17441266967,180.2213260000
17443604537,180.1936600000
17445942107,180.1694520000
17449426848,180.2732700000
17451764418,180.3641110000
17454101974,180.5685970000
17456439544,180.6225220000
17458777114,180.6697060000
17461114670,181.0859920000
17463452240,181.4502430000
17465789810,181.6439620000
17468127366,181.9384660000
17470464936,182.1961570000
17472802507,182.2966370000
17475140063,182.5095570000
17476330448,182.4458620000
17478668018,182.3901290000
17481005588,182.4663620000
17483343144,182.4080660000
17485680714,182.3570570000
17488018284,182.4374240000
17490355840,182.3827460000
17492693410,182.3349020000
17495030980,182.4180390000
17497368536,182.3657840000
17499706106,182.3200610000
17502043676,182.4050530000
17504381232,182.3544210000
17506718802,182.3101180000
17509056372,182.3963530000
17511393928,182.5968080000
17513731499,182.6472070000
17516069069,182.8163060000
17518406625,182.9642670000
17520744195,182.9687330000
17523081765,183.0976410000
17525419321,183.2104350000
17527756891,183.1841300000
17530094447,183.2861130000
17532432017,183.3753480000
17534769587,183.3284290000
17537107143,183.4123750000
17538297528,183.3608280000
17540635098,183.1907240000
17542972668,183.0418830000
17545310224,183.0366470000
17547647794,182.9070660000
17549985364,182.7936820000
17552322921,182.8194710000
17554660491,182.7170370000
17556998061,182.6274070000
17559335617,182.5489810000
17561673187,182.4803580000
17564010757,182.5453130000
17566348313,182.4771480000
17568685883,182.2925040000
17571023453,182.2559410000
17573361009,182.0989480000
17575698579,181.9615790000
17578036149,181.9663810000
17581520890,181.9705830000
17583858460,181.9742600000
17586196016,182.1024770000
17588533587,182.0896670000
17590871157,182.0784580000
17593208713,182.1936500000
17595546283,182.1694430000
17597883853,182.1482620000
17600221409,182.2547290000
17602558979,182.2228870000
17604896549,182.1950260000
17607234105,182.2956470000
17609571675,182.2586910000
17611909245,182.2263540000
17614246801,182.3230590000
17616584371,182.2826760000
17618921941,182.2473410000
17621259497,182.3414230000
17623597068,182.2987450000
17625934638,182.2614010000
17628272194,182.3537250000
17630609764,182.1845090000
17632947334,182.0364450000
17635284890,181.9068890000
17637622460,181.7935270000
17639960030,181.6943360000
17642297586,181.6075440000
17645782341,181.6566010000
17648119897,181.8245250000
17650457467,181.8464590000
17652795037,181.8656510000
17655132594,182.0074440000
17657470164,182.0065130000
17659807734,182.1306980000
17662145290,182.3643600000
17664482860,182.4438150000
17666820430,182.5133380000
17669157986,182.6991700000
17670348371,182.6117730000
17672685941,182.5353010000
17675023511,182.5933880000
17677361067,182.5192140000
17679698637,182.4543120000
17682036207,182.5225230000
17684373763,182.4572070000
17686711333,182.4000560000
17689048904,182.4750490000
17691386460,182.4156670000
17693724030,182.3637080000
17696061600,182.4432440000
17698399156,182.3878380000
17700736726,182.3393580000
17703074296,182.4219380000
17705411852,182.3691950000
17707749422,182.3230450000
17710086978,182.4076640000
17712424548,182.3567060000
17714762118,182.3121170000
17717099675,182.3981020000
17719437245,182.3483390000
17721774815,182.4297960000
17724112371,182.6260710000
17726449941,182.7978120000
17728787511,182.8230850000
17731125067,182.9701990000
17733462637,183.0989240000
17734653022,182.9615580000
17736990592,182.8413630000
17739328148,182.8611920000
17741665718,182.7535430000
17744003288,182.7843500000
17746340844,182.6863060000
17748678415,182.6005170000
17751015985,182.6504520000
17753353541,182.5691450000
17755691111,182.4980010000
17758028681,182.5607500000
17760366237,182.4906560000
17762703807,182.3043240000
17765041377,182.2662830000
17767378933,182.1079970000
17769716503,181.9694970000
17772054073,181.9733090000
17775538814,181.9766450000
17777876385,181.9795640000
17780213941,182.1071180000
17782551511,182.0937280000
17784889081,182.0820120000
17787226637,182.1967600000
17789564207,182.1721650000
17791901777,182.1506440000
17794239333,182.2568130000
17796576903,182.2247110000
17798914473,182.1966220000
17801252029,182.2970440000
17803589599,182.2599130000
17805927170,182.2274230000
17808264726,182.3239950000
17810602296,182.2834950000
17812939866,182.2480580000
17815277422,182.3420500000
17817614992,182.2992930000
17819952562,182.2618810000
17822290118,182.3541450000
17824627688,182.3098760000
17826965258,182.1461410000
17829302814,182.0028730000
17831640385,181.8775130000
17833977955,181.7678230000
17836315511,181.6718450000
17839800266,181.7128640000
17842137822,181.8737560000
17844475392,181.8895360000
17846812962,181.9033440000
17849150518,182.0404260000
17851488088,182.0353720000
17853825658,182.1559500000
17856163214,182.3864560000
17858500785,182.4631490000
17860838355,182.5302550000
17863175911,182.7139730000
17865513481,182.7497260000
17867851051,182.7810100000
17870188607,182.9333830000
17872526177,182.9417100000
17874863747,182.9489960000
17877201303,183.0803710000
17879538873,183.0703240000
17881876443,183.0615330000
17884214000,183.1788410000
17886551570,183.1564850000
17888889140,183.1369240000
17891226696,183.2448080000
17893564266,183.2142070000
17895901836,183.1874310000
17898239392,183.2890020000
17900576962,183.2528760000
17902914532,183.2212660000
17905252088,183.3186070000
17907589658,183.2787810000
17909927229,183.2439330000
17912264785,183.3384410000
17914602355,183.2961350000
17916939925,183.2591180000
17919277481,183.4767280000
17921615051,183.6671370000
17923952621,183.7087440000
17926290177,183.8701510000
17928627747,183.8863820000
17929818132,183.7755840000
17932155689,183.8036360000
17934493259,183.7031810000
17936830829,183.6152830000
17939168385,183.6633720000
17941505955,183.5804500000
17943843525,183.5078930000
17946181081,183.5694060000
17948518651,183.4982300000
17950856221,183.4359510000
17953193777,183.5064570000
17955531347,183.4431490000
17957868918,183.2627550000
17960206474,183.2299100000
17962544044,183.0761710000
17964881614,182.9416490000
17967219170,182.9489420000
17969556740,182.8303240000
17971894310,182.7265330000
17974231866,182.7607160000
17976569436,182.6656260000
17978907006,182.5824220000
17981244563,182.6346190000
17983582133,182.5552910000
17985919703,182.4858790000
17988257259,182.5501440000
17990594829,182.4813760000
17992932399,182.4212040000
17995269955,182.4935530000
17997607525,182.4318580000
17999945095,182.3778750000
18002282652,182.4556400000
18004620222,182.3986850000
18006957792,182.3488490000
18009295348,182.4302420000
18011632918,182.3764610000
18013970488,182.3294030000
18016308044,182.4132270000
18018645614,182.3615730000
18020983184,182.1913760000
18023320740,182.0424540000
18025658311,181.9121470000
18027995881,181.7981280000
18030333437,181.6983620000
18032671007,181.6110660000
18036155748,181.7846820000
18038493318,181.8115960000
18040830888,181.8351460000
18043168444,181.9807520000
18045506014,181.9831580000
18047843585,181.9852630000
18050181141,182.1121050000
18052518711,182.0980910000
18054856281,182.0858290000
18057193837,182.2001000000
18059531407,182.1750870000
18061868977,182.1532010000
18064206533,182.2590500000
18066544103,182.2266680000
18068881674,182.1983340000
18071219230,182.2985420000
18073556800,182.2612240000
18075894370,182.2285710000
18078231926,182.3249990000
18080569496,182.2843740000
18082907066,182.2488270000
18085244622,182.3427230000
18087582192,182.2998820000
18089919763,182.2623960000
18092257319,182.3545960000
18094594889,182.3102710000
18096932459,182.2714870000
18099270015,182.3625510000
18101607585,182.3172320000
18103945155,182.2775780000
18106282711,182.3678800000
18108620281,182.3218950000
18110957852,182.2816580000
18113295408,182.4964500000
18115632978,182.5593930000
18117970548,182.6144680000
18120308104,182.7876590000
18122645674,182.8142010000
18124983244,182.8374250000
18126173615,182.8577460000
18128511185,182.7505270000
18130848755,182.6567110000
18133186312,182.6996220000
18135523882,182.6121690000
18137861452,182.5356470000
18140199008,182.5936910000
18142536578,182.5194790000
18144874148,182.4545440000
18147211704,182.5227260000
18149549274,182.4573850000
18151886845,182.4002110000
18154224401,182.4751840000
18156561971,182.4157860000
18158899541,182.3638120000
18161237097,182.4433350000
18163574667,182.3879180000
18165912237,182.3394280000
18168249793,182.4219990000
18170587363,182.3692490000
18172924934,182.3230920000
18175262490,182.4077050000
18177600060,182.3567410000
18179937630,182.3121480000
18182275186,182.3981290000
18184612756,182.3483620000
18186950326,182.3048160000
18189287882,182.3917140000
18191625453,182.3427490000
18195110194,182.5499050000
18197447764,182.7311660000
18199785334,182.7647700000
18202122890,182.9191730000
18204460460,183.0542760000
18206798030,183.0474910000
18209135586,183.1665540000
18211473157,183.2707340000
18213810727,183.2368920000
18216148283,183.3322800000
18218485853,183.1657450000
18220823423,183.0200260000
18223160979,183.0175220000
18225498549,182.8903310000
18227836119,182.7790390000
18230173676,182.8066590000
18232511246,182.7058260000
18234848816,182.6175970000
18237186372,182.6653970000
18239523942,182.5822220000
18241861512,182.5094440000
18244199068,182.5707630000
18246536638,182.4994170000
18248874209,182.4369890000
18251211765,182.5073650000
18254696520,182.5689440000
18257034090,182.7478260000
18259371646,182.9043470000
18261709216,182.9163030000
18264046786,183.0517650000
18266384343,183.1702940000
18268721913,183.1490070000
18271059483,183.5053810000
18273397039,183.8172080000
18275734609,184.0900570000
18278072179,184.3287990000
18280409735,184.5376990000
18282747305,184.7204860000
18285084862,184.8804250000
18286275247,184.8953710000
18288612817,184.9084490000
18290950387,184.7948920000
18293287943,184.8205300000
18295625513,184.8429630000
18297963083,184.7375920000
18300300639,184.7703930000
18302638210,184.7990930000
18304975780,184.6992060000
18307313336,184.7368050000
18309650906,184.7697040000
18311988476,184.7984910000
18314326032,184.9486790000
18316663602,185.0800940000
18319001172,185.1950820000
18321338729,185.2956960000
18323676299,185.3837340000
18326013869,185.4607670000
18328351425,185.5281710000
18330688995,185.5871490000
18333026565,185.6387550000
18335364121,185.6839100000
18337701691,185.7234210000
18340039262,185.7579930000
18342376818,185.7882430000
18343567203,185.6897120000
18345904773,185.4784980000
18348242329,185.4186850000
18350579899,185.3663490000
18352917469,185.1955550000
18355255026,185.1711100000
18357592596,185.1497210000
18359930166,185.0060050000
18362267722,185.0052540000
18364605292,185.0045970000
18366942862,184.8790220000
18369280418,184.8941440000
18371617988,184.9073760000
18373955559,184.7939540000
18376293115,184.8197090000
18378630685,184.5922450000
18380968255,184.3932140000
18383305811,184.3440620000
18385643381,184.1760540000
18387980951,184.0290470000
18391465693,184.1504160000
18393803263,184.1316140000
18396140819,184.2401620000
18398478389,184.3351410000
18400815959,184.2932480000
18403153515,184.3815920000
18405491085,184.4588930000
18407828656,184.4015310000
18410166212,184.4763390000
18412503782,184.5417960000
18414841352,184.4740710000
18417178908,184.5398120000
18419516478,184.5973350000
18421854048,184.5226680000
18424191605,184.5823340000
18426529175,184.6345420000
18428866745,184.5552240000
18431204301,184.6108210000
18433541871,184.6594680000
18435879441,184.5770340000
18438216997,184.5049040000
18440554568,184.3167910000
18442892138,184.1521920000
18445229694,184.1331680000
18447567264,183.9915220000
18449904834,183.8675810000
18453389575,184.0091330000
18455727145,184.0079910000
18458064716,184.1319920000
18460402272,184.2404930000
18462739842,184.2104310000
18465077398,184.3091270000
18467414968,184.3954860000
18469752538,184.3460500000
18472090095,184.5527930000
18474427665,184.7336930000
18476765235,184.8919810000
18479102791,185.0304830000
18481440361,185.1516720000
18482630746,185.1327130000
18484968316,184.9911230000
18487305872,184.9922320000
18489643443,184.9932030000
18491981013,184.8690520000
18494318569,184.8854200000
18496656139,184.8997420000
18498993709,184.7872740000
18501331265,184.8138640000
18503668836,184.7121310000
18506006406,184.7481140000
18508343962,184.7795990000
18510681532,184.6821490000
18513019102,184.7218800000
18515356658,184.7566450000
18517694228,184.6620640000
18520031799,184.7043060000
18522369355,184.7412670000
18524706925,184.6486080000
18527044495,184.6925320000
18529382051,184.8559650000
18531719621,184.9989690000
18534057191,185.1240970000
18536394748,185.2335840000
18538732318,185.3293860000
18541069888,185.4132120000
18542260259,185.3615600000
18544597829,185.3163650000
18546935399,185.1518190000
18549272955,185.1328410000
18551610526,185.1162350000
18553948096,184.9767050000
18556285652,184.9796160000
18558623222,184.9821640000
18560960792,184.8593930000
18563298348,184.8769680000
18565635919,184.8923470000
18567973489,184.7808030000
18570311045,184.8082020000
18572648615,184.8321760000
18574986185,184.6031540000
18577323741,184.5277590000
18579661311,184.3367890000
18581998882,184.1696900000
18584336438,184.1484780000
18587821193,184.1299180000
18590158749,184.2386780000
18592496319,184.3338430000
18594833889,184.2921120000
18597171446,184.3805980000
18599509016,184.4580230000
18601846586,184.4007700000
18604184142,184.4756730000
18606521712,184.5412130000
18608859282,184.4735610000
18611196839,184.5393650000
18613534409,184.5969440000
18615871979,184.5223260000
18618209535,184.5820350000
18620547105,184.6342800000
18622884675,184.5549950000
18625222232,184.6106200000
18627559802,184.6592920000
18629897372,184.5768800000
18632234928,184.6297700000
18634572498,184.6760480000
18636910068,184.4665420000
18639247625,184.4082240000
18641585195,184.2321960000
18643922765,184.0781710000
18647407506,184.1933990000
18649745076,184.1692240000
18652082632,184.2730710000
18654420203,184.3639370000
18656757773,184.3184440000
18659095329,184.4036380000
18661432899,184.4781830000
18663770469,184.4184100000
18666108025,184.4911080000
18668445596,184.6797190000
18670783166,184.8447540000
18673120722,184.9891590000
18675458292,185.1155140000
18677795862,185.2260740000
18680133418,185.3228140000
18682470989,185.4074620000
18684808559,185.4815290000
18687146115,185.5463370000
18689483685,185.6030440000
18691821255,185.5276630000
18694158811,185.5867050000
18696496382,185.6383660000
18698833952,185.5585700000
18701171508,185.6137480000
18703509078,185.6620290000
18705846648,185.5792750000
18708184204,185.6318650000
18710521775,185.6778810000
18712859345,185.5931450000
18715196901,185.6440010000
18717534471,185.6885000000
18719872041,185.6024370000
18722209597,185.6521320000
18724547168,185.6956150000
18726884738,185.6086630000
18729222294,185.7825800000
18731559864,185.9347570000
18733897434,186.0679120000
18736234990,186.1844230000
18737425375,186.1613700000
18739762946,186.1411980000
18742100502,186.1235480000
18744438072,186.1081040000
18746775642,186.0945910000
18749113198,186.0827670000
18751450768,186.0724210000
18753788339,186.0633680000
18756125895,186.0554470000
18758463465,186.0485160000
18760801035,186.0424510000
18763138591,186.0371440000
18765476162,186.0325010000
18767813732,186.0284380000
18770151288,186.0248830000
18772488858,185.8967720000
18774826428,185.6596750000
18777163984,185.5772150000
18779501555,185.5050630000
18781839125,185.3169300000
18784176681,185.2773130000
18786514251,185.2426480000
18788851821,185.0873170000
18791189377,185.0764020000
18793526948,185.0668510000
18795864518,184.9334940000
18798202074,184.9418070000
18800539644,184.9490810000
18802877214,184.8304450000
18805214770,184.8516390000
18807552341,184.8701840000
18809889911,184.7614110000
18812227467,184.7912340000
18814565037,184.8173290000
18816902607,184.7151620000
18819240164,184.7507660000
18821577734,184.7819200000
18823915304,184.6841800000
18826252860,184.7236570000
18828590430,184.7581990000
18830928000,184.5384240000
18833265557,184.4711210000
18835603127,184.2872300000
18837940697,184.1263260000
18840278253,184.1105350000
18843763008,184.0967180000
18846100565,184.2096280000
18848438135,184.3084240000
18850775705,184.2698710000
18853113261,184.3611370000
18855450831,184.4409940000
18857788401,184.3858690000
18860125958,184.4626350000
18862463528,184.5298050000
18864801098,184.4635790000
18867138654,184.5306310000
18869476224,184.5893020000
18871813795,184.5156390000
18874151351,184.5761840000
18876488921,184.6291610000
18878826491,184.5505150000
18881164047,184.6067000000
18883501617,184.6558620000
18885839188,184.5738790000
18888176744,184.6271440000
18890514314,184.6737510000
18892851884,184.5895320000
18895189440,184.6408400000
18897527011,184.6857350000
18899864581,184.6000180000
18902202137,184.6500150000
18904539707,184.6937630000
18906877277,184.6070420000
18909214834,184.6561610000
18911552404,184.6991400000
18913889974,184.6117470000
18916227530,184.6602780000
18918565100,184.7027430000
18920902670,184.6149000000
18923240227,184.7880370000
18925577797,184.9395320000
18927915367,184.9470900000
18930252923,185.0787030000
18932590493,185.1938650000
18933780878,185.0446310000
18936118435,185.0390520000
18938456005,185.0341700000
18940793575,184.9048980000
18943131131,184.9167850000
18945468701,184.9271860000
18947806272,184.8112870000
18950143828,184.8348760000
18952481398,184.8555160000
18954818968,184.7485760000
18957156524,184.7800040000
18959494095,184.8075030000
18961831665,184.7065650000
18964169221,184.7432440000
18966506791,184.7753380000
18968844361,184.6784200000
18971181918,184.7186170000
18973519488,184.7537890000
18975857058,184.6595650000
18978194614,184.7021190000
18980532184,184.7393540000
18982869754,184.6469340000
18985207311,184.6910670000
18987544881,184.7296830000
18989882451,184.6384720000
18992220007,184.6836630000
18994557577,184.7232050000
18998042333,184.8828040000
19000379889,185.0224530000
19002717459,185.1446460000
19005055029,185.2515650000
19007392585,185.3451190000
19009730156,185.4269790000
19012067712,185.4986060000
19014405282,185.5612800000
19016742852,185.6161200000
19019080408,185.6641050000
19021417979,185.7060910000
19023755549,185.7428290000
19026093105,185.7749750000
19028430675,185.6781030000
19030768245,185.4683400000
19033105802,185.4097970000
19035443372,185.3585720000
19037780942,185.1887500000
19040118498,185.1651560000
19042456068,185.1445110000
19044793639,185.0014470000
19047131195,185.0012660000
19049468765,185.0011070000
19051806335,184.8759680000
19054143891,184.8914720000
19056481462,184.9050380000
19058819032,184.7919080000
19062303773,184.9429190000
19064641343,185.0750540000
19066978913,185.0656720000
19069316470,185.1824630000
19071654040,185.2846550000
19073991610,185.2490730000
19076329166,185.3429380000
19078666736,185.4250700000
19081004307,185.8719360000
19083341863,186.1379440000
19085679433,186.3707010000
19088017003,186.6993630000
19089207374,186.7369420000
19091544945,186.7698240000
19093882515,186.7985960000
19096220071,186.8237710000
19098557641,186.8457990000
19100895211,186.8650740000
19103232768,186.8819390000
19105570338,186.8966960000
19107907908,186.9096090000
19110245464,186.9209070000
19112583034,186.9307930000
19114920605,186.9394430000
19117258161,186.9470120000
19119595731,186.9536350000
19121933301,187.0844300000
19124270857,187.1988760000
19126608428,187.2990160000
19128945998,187.3866390000
19131283554,187.4633090000
19133621124,187.5303950000
19135958694,187.5890950000
19138296251,187.6404580000
19140633821,187.6854000000
19142971391,187.7247250000
19145308947,187.7591340000
19147646518,187.7892420000
19149984088,187.8155860000
19152321644,187.8386370000
19153512029,187.7338070000
19155849599,187.6420810000
19158187155,187.5618200000
19160524726,187.4915920000
19162862296,187.4301430000
19165199852,187.3763750000
19167537422,187.3293280000
19169874992,187.2881620000
19172212549,187.2521410000
19174550119,187.2206230000
19176887689,187.1930450000
19179225245,187.1689140000
19181562816,187.1477990000
19183900386,186.8793240000
19186237942,186.7694080000
19188575512,186.6732320000
19192060267,186.7140780000
19194397824,186.7498180000
19196735394,186.7810900000
19199072950,186.8084530000
19201410520,186.8323960000
19203748091,186.8533460000
19206085647,186.8716770000
19208423217,186.8877170000
19210760787,186.9017520000
19213098343,186.9140330000
19215435914,186.9247780000
19217773484,186.9341800000
19220111040,186.9424070000
19222448610,186.9496060000
19224786180,186.9559050000
19227123737,186.9614160000
19229461307,186.9662390000
19231798877,186.9704590000
19234136433,186.9741510000
19236474004,186.9773820000
19238811574,186.9802090000
19241149130,186.9826820000
19243486700,186.9848460000
19245824270,186.9867400000
19248161827,186.8633970000
19250499397,186.7554720000
19252836967,186.6610380000
19255174523,186.5784080000
19258659279,186.6311070000
19260996849,186.6772180000
19263334405,186.7175650000
19265671975,186.7528690000
19268009545,186.7837600000
19270347102,186.8107900000
19272684672,186.8344410000
19275022242,186.8551350000
19277359798,186.9982430000
19279697369,187.1234620000
19282034939,187.3580290000
19283225310,187.3132750000
19285562880,187.2741150000
19287900450,187.2398500000
19290238007,187.2098680000
19292575577,187.1836340000
19294913147,187.1606790000
19297250703,187.1405940000
19299588273,187.1230190000
19301925844,187.1076410000
19304263400,187.0941850000
19306600970,187.0824110000
19308938540,187.0721090000
19311276097,187.0630950000
19313613667,187.0552080000
19315951237,187.0483070000
19318288793,187.0422680000
19320626363,187.0369840000
19322963934,187.0323610000
19325301490,187.0283150000
19327639060,187.0247750000
19329976630,187.0216780000
19332314187,187.0189680000
19334651757,187.0165970000
19336989327,187.0145220000
19339326883,187.0127060000
19341664453,187.1361170000
19344002024,187.3691020000
19346339580,187.4479640000
19348677150,187.5169680000
19349867535,187.4523470000
19352205092,187.3958030000
19354542662,187.3463270000
19356880232,187.3030360000
19359217788,187.2651560000
19361555358,187.2320110000
19363892929,187.2030090000
19366230485,187.1776320000
19368568055,187.1554280000
19370905625,187.1359990000
19373243182,187.1189990000
19375580752,187.1041240000
19377918322,186.8411080000
19380255878,186.7359690000
19382593448,186.6439720000
19386078190,186.6884750000
19388415760,186.7274150000
19390753330,186.7614880000
19393090887,186.7913020000
19395428457,186.8173890000
19397766027,186.8402150000
19400103583,186.8601880000
19402441153,186.8776640000
19404778724,186.8929560000
19407116280,186.9063360000
19409453850,186.9180440000
19411791420,186.9282880000
19414128977,186.9372520000
19416466547,186.9450950000
19418804117,186.9519580000
19421141673,186.9579630000
19423479243,186.9632170000
19425816814,186.9678140000
19428154370,186.9718370000
19430491940,186.9753570000
19432829510,186.9784370000
19435167067,186.9811320000
19437504637,186.9834900000
19439842207,186.9855530000
19442179763,186.9873580000
19444517334,186.8639380000
19448002089,187.0059450000
19450339645,187.0052010000
19452677215,187.0045500000
19455014786,187.0039810000
19457352342,187.0034830000
19459689912,187.0030470000
19462027482,187.0026660000
19464365039,187.0023320000
19466702609,187.0020400000
19469040179,187.0017850000
19471377735,187.1265610000
19473715305,187.2357400000
19476052876,187.4562720000
19478390432,187.5242380000
19480728002,187.5837080000
19483065559,187.7607440000
19485403129,187.7906510000
19487740699,187.8168190000
19490078255,187.9647160000
19492415825,187.9691260000
19494753396,187.9729850000
19497090952,188.1013610000
19499428522,188.0886900000
19501766092,188.0776030000
19504103649,188.1929020000
19506441219,188.1687890000
19508778789,188.1476900000
19511116345,188.2542280000
19513453916,188.2224490000
19515791486,188.1946420000
19518129042,188.2953110000
19520466612,188.2583970000
19522804182,188.2260970000
19525141739,188.3228340000
19527479309,188.2824790000
19529816879,188.2471690000
19532154436,188.2162720000
19534492006,188.1892380000
19536829576,188.1655830000
19539167132,188.3948850000
19540357517,188.3455240000
19542695088,188.3023330000
19545032658,188.3895410000
19547370214,188.3408480000
19549707784,188.2982420000
19552045355,188.3859610000
19554382911,188.3377150000
19556720481,188.2955000000
19559058037,188.3835620000
19561395608,188.3356160000
19563733178,188.2936640000
19566070734,188.3819560000
19568408304,188.3342110000
19570745874,188.2924340000
19573083431,188.1308790000
19575421001,187.9895190000
19577758571,187.8658290000
19580096128,187.7576000000
19582433698,187.6629000000
19584771268,187.5800370000
19587108824,187.5075320000
19589446395,187.4440900000
19591783965,187.3885780000
19594121521,187.3400050000
19596459091,187.2975040000
19598796661,187.2603160000
19601134218,187.2277760000
19603471788,187.1993040000
19605809358,187.1743910000
19608146915,187.1525920000
19610484485,187.1335180000
19612822055,187.1168280000
19615159611,187.1022240000
19617497181,187.0894460000
19619834752,187.0782650000
19622172308,187.0684810000
19624509878,187.0599200000
19626847448,187.0524300000
19629185005,187.0458760000
19631522575,187.0401410000
19633860145,186.7851230000
19636197702,186.6869820000
19638535272,186.6011090000
19640872842,186.4009700000
19644357583,186.4758480000
19646695154,186.5413670000
19649032724,186.5986960000
19651370280,186.6488590000
19653707850,186.6927510000
19656045421,186.7311570000
19658382977,186.7647620000
19660720547,186.7941660000
19663058103,186.8198950000
19665395674,186.8424080000
19667733244,186.8621070000
19670070800,186.8793430000
19672408370,186.8944250000
19674745941,186.9076210000
19677083497,186.9191680000
19679421067,186.9292720000
19681758637,186.9381130000
19684096194,186.9458480000
19686433764,186.9526170000
19688771334,186.9585390000
19691108891,186.9637210000
19693446461,186.9682550000
19695784031,186.9722230000
19698121587,186.9756950000
19700459157,186.9787330000
19702796728,186.9813910000
19705134284,186.9837170000
19707471854,186.9857520000
19709809424,186.9875330000
19712146981,186.9890910000
19714484551,186.9904540000
19716822121,186.9916470000
19719159678,186.9926910000
19721497248,186.9936040000
19723834818,186.9944030000
19726172374,186.9951020000
19728509945,187.1207140000
19730847515,187.2306240000
19733185071,187.3267960000
19735522641,187.4109460000
19736713026,187.3595770000
19739050597,187.3146290000
19741388153,187.2753000000
19743725723,187.2408870000
19746063280,187.2107760000
19748400850,187.1844290000
19750738420,187.1613750000
19753075976,187.1412030000
19755413547,187.1235520000
19757751117,187.1081080000
19760088673,187.0945940000
19762426243,187.0827690000
19764763814,187.0724220000
19767101370,187.0633690000
19769438940,187.0554470000
19771776510,187.0485160000
19774114067,187.0424510000
19776451637,187.0371440000
19778789207,187.0325010000
19781126764,187.0284380000
19783464334,187.0248830000
19785801904,187.0217720000
19788139460,187.0190500000
19790477031,187.0166680000
19792814601,187.0145840000
19795152157,187.0127610000
19797489727,187.0111650000
19799827298,187.0097690000
19802164854,187.0085470000
19805649609,187.1324780000
19807987180,187.2409180000
19810324736,187.3358030000
19812662306,187.4188270000
19814999876,187.4914730000
19817337433,187.5550380000
19819675003,187.6106580000
19822012573,187.7843250000
19824350129,187.8112840000
19826687700,187.8348730000
19829025270,187.9805130000
19831362826,187.8579480000
19833700397,187.7507040000
19836037967,187.6568660000
19838375523,187.5747570000
19840713093,187.5029120000
19843050664,187.4400480000
19845388220,187.3850420000
19847725790,187.3369110000
19850063346,187.2947970000
19852400917,187.2579470000
19854738487,187.2257030000
19857076043,187.1974900000
19859413614,187.1728030000
19861751184,187.1512020000
19864088740,187.1323010000
19867573495,187.2407630000
19869911066,187.3356670000
19872248622,187.4187080000
19874586192,187.4913690000
19876923763,187.5549470000
19879261319,187.6105780000
19881598889,187.6592550000
19883936459,187.7018480000
19886274016,187.7391170000
19888611586,187.7717270000
19890949156,188.0502610000
19893286713,188.4189780000
19895624283,188.6166050000
19897961853,188.7895290000
19899152224,188.9408370000
19901489794,188.9482320000
19903827365,188.9547030000
19906164921,189.0853650000
19908502491,189.0746940000
19910840062,189.0653570000
19913177618,189.1821870000
19915515188,189.1594130000
19917852758,189.1394860000
19920190315,189.2470500000
19922527885,189.2161680000
19924865455,189.1891470000
19927203012,189.4155030000
19929540582,189.4885650000
19931878152,189.5524940000
19934215708,189.7334320000
19936553279,189.7667530000
19938890849,189.7959080000
19941228405,189.9464190000
19943565975,189.9531160000
19945903546,189.9589760000
19948241102,190.0891040000
19950578672,190.0779660000
19952916243,190.0682200000
19955253799,190.1846920000
19957591369,190.1616050000
19958781754,190.0164040000
19961119311,190.0143530000
19963456881,189.8875580000
19965794451,189.7766130000
19968132007,189.8045360000
19970469578,189.7039690000
19972807148,189.6159720000
19975144704,189.6639750000
19977482275,189.5809780000
19979819845,189.5083550000
19982157401,189.5698100000
19984494971,189.4985830000
19986832542,189.4362600000
19989170098,189.5067270000
19991507668,189.4433860000
19993845238,189.2629620000
19996182795,189.2300910000
19998520365,189.0763290000
20002005120,189.1917870000
20004342677,189.2928130000
20006680247,189.2562110000
20009017817,189.3491840000
20011355374,189.3055360000
20013692944,189.2673440000
20016030514,189.3589260000
20018368071,189.3140600000
20020705641,189.2748020000
20023043211,189.3654510000
20025380767,189.3197690000
20027718338,189.2797970000
20030055894,189.3698220000
20032393464,189.3235940000
20034731034,189.2831440000
20037068591,189.3727510000
20039406161,189.3261570000
20041743731,189.2853870000
20044081288,189.3747130000
20046418858,189.3278730000
20048756428,189.2868880000
20051093985,189.3760270000
20053431555,189.3290230000
20055769125,189.1628950000
20058106681,189.1425330000
20060444252,188.9997160000
20063929007,188.9997510000
20066266563,189.1247820000
20068604134,189.1091840000
20070941704,189.0955360000
20073279260,189.2085940000
20075616831,189.1825190000
20077954401,189.1597040000
20080291957,189.2647410000
20082629527,189.2316480000
20084967098,189.2026920000
20087304654,189.3023550000
20089642224,189.3895600000
20091979795,189.4658650000
20094317351,189.6576310000
20095507736,189.5754270000
20097845306,189.5034980000
20100182863,189.5655600000
20102520433,189.4948650000
20104858003,189.4330060000
20107195560,189.5038800000
20109533130,189.4408950000
20111870700,189.3857830000
20114208256,189.4625600000
20116545827,189.4047400000
20118883397,189.3541470000
20121220953,189.4348780000
20123558524,189.3805180000
20125896094,189.3329530000
20128233650,189.4163330000
20130571221,189.3642910000
20132908791,189.3187540000
20135246347,189.4039090000
20137583917,189.3534200000
20139921488,189.3092420000
20142259044,189.3955860000
20144596614,189.3461370000
20146934185,189.3028690000
20149271741,189.5150100000
20151609311,189.5756330000
20153946881,189.6286780000
20155137253,189.6750930000
20157474823,189.5907060000
20159812393,189.5168670000
20162149950,189.5772580000
20164487520,189.5051000000
20166825090,189.4419620000
20169162646,189.5117160000
20171500217,189.4477510000
20173837787,189.3917820000
20176175343,189.4678090000
20178512914,189.4093320000
20180850484,189.3581650000
20183188040,189.4383940000
20185525611,189.3835940000
20187863181,189.3356440000
20190200737,189.1686880000
20192538307,189.0226020000
20194875878,188.8947760000
20198360619,188.9079290000
20200698190,188.9194370000
20203035760,189.0545070000
20205373316,189.0476930000
20207710886,189.0417310000
20210048443,189.1615140000
20212386013,189.1413240000
20214723583,189.1236580000
20217061140,189.2332000000
20219398710,189.2040500000
20221736280,189.1785430000
20224073837,189.2812250000
20226411407,189.2460710000
20228748977,189.2153120000
20231086534,189.3133980000
20233424104,189.2742230000
20235761674,189.2399450000
20238099230,189.3349510000
20240436801,189.2930820000
20242774371,189.2564460000
20245111927,189.3493900000
20247449498,189.3057160000
20249787068,189.2675010000
20252124624,189.2340630000
20254462195,189.0798050000
20257946950,189.0698290000
20260284506,189.1861000000
20262622077,189.1628370000
20264959647,189.1424820000
20267297203,189.2496710000
20269634774,189.2184620000
20271972344,189.1911540000
20274309900,189.2922590000
20276647470,189.2557260000
20278985041,189.2237600000
20281322597,189.3207900000
20283660167,189.2806910000
20285997738,189.3706040000
20288335294,189.5742780000
20290672864,189.6274930000
20293010435,189.7990560000
20295347991,189.9491740000
20297685561,189.9555270000
20300023132,190.0860860000
20302360688,190.2003250000
20304698258,190.1752840000
20307035828,190.2783730000
20309373385,190.3685760000
20311710955,190.3225040000
20314048512,190.4071910000
20316386082,190.4812920000
20318723652,190.4211300000
20321061208,190.4934880000
20323398779,190.5568020000
20325736349,190.4872010000
20328073905,190.5513000000
20330411476,190.6073870000
20332749046,190.5314630000
20335086602,190.5900300000
20337424173,190.6412760000
20339761743,190.5611160000
20342099299,190.6159760000
20344436870,190.6639790000
20346774440,190.7059810000
20349111996,190.8677330000
20350302381,190.8842660000
20352639952,190.7737320000
20354977522,190.6770150000
20357315078,190.7173880000
20359652649,190.6277140000
20361990219,190.5492490000
20364327775,190.6055920000
20366665346,190.5298930000
20369002916,190.5886560000
20371340472,190.6400740000
20373678043,190.5600640000
20376015613,190.6150560000
20378353169,190.6631740000
20380690740,190.5802770000
20383028310,190.6327420000
20385365866,190.6786490000
20387703436,190.4688170000
20390041007,190.4102140000
20392378563,190.2339370000
20394716133,190.0796940000
20397053690,190.0697320000
20399391260,189.9360150000
20401728830,189.8190130000
20404066387,189.8416360000
20406403957,189.7364310000
20408741527,189.6443770000
20411079084,189.6888290000
20413416654,189.6027250000
20415754224,189.5273840000
20418091781,189.5864610000
20420429351,189.5131530000
20422766921,189.4490080000
20425104478,189.5178820000
20427442048,189.4531460000
20429779618,189.3965020000
20432117175,189.4719390000
20434454745,189.4129460000
20436792315,189.3613270000
20439129872,189.4411610000
20441467442,189.3860150000
20443805012,189.3377630000
20446142569,189.2955420000
20448480139,189.1335990000
20451964894,189.1168990000
20454302451,189.2272860000
20456640021,189.1988750000
20458977591,189.1740150000
20461315148,189.2772630000
20463652718,189.2426050000
20465990288,189.2122790000
20468327845,189.3107440000
20470665415,189.2719010000
20473002985,189.3629130000
20475340542,189.4425480000
20477678112,189.3872290000
20480015682,189.4638250000
20482353239,189.4058460000
20484690809,189.3551150000
20487028379,189.4357250000
20489365936,189.3812590000
20491703506,189.3336010000
20494041076,189.4169000000
20496378633,189.3647870000
20498716203,189.3191880000
20501053759,189.4042890000
20503391330,189.3537520000
20505728900,189.3095330000
20508066456,189.3958410000
20510404027,189.3463600000
20512741597,189.3030650000
20515079153,189.3901810000
20517416724,189.3414080000
20519754294,189.2987320000
20522091850,189.3863900000
20524429421,189.3380910000
20526766991,189.2958290000
20529104547,189.3838500000
20531442118,189.3358680000
20533779688,189.2938840000
20536117244,189.3821480000
20538454815,189.3343790000
20540792385,189.4175810000
20543129941,189.6153830000
20544320326,189.6634600000
20546657897,189.5805270000
20548995467,189.5079610000
20551333023,189.5694650000
20553670594,189.4982810000
20556008164,189.5609950000
20558345720,189.4908700000
20560683291,189.4295110000
20563020861,189.5008220000
20565358417,189.4382190000
20567695988,189.3834410000
20570033558,189.4605100000
20572371114,189.4029460000
20574708685,189.3525770000
20577046241,189.4335040000
20579383812,189.3793160000
20581721382,189.3319010000
20584058938,189.4154130000
20586396509,189.3634860000
20588734079,189.3180500000
20591071635,189.4032930000
20593409206,189.3528810000
20595746776,189.3087700000
20598084332,189.3951730000
20600421903,189.3457760000
20602759473,189.3025540000
20605097029,189.3897340000
20607434600,189.3410170000
20610919355,189.4233890000
20613256911,189.6204650000
20615594482,189.6679060000
20617932052,189.7094170000
20620269608,189.8707390000
20622607179,189.8868960000
20624944749,189.9010340000
20627282306,190.0384040000
20629619876,190.0336030000
20631957446,190.0294020000
20634295003,190.1507260000
20636632573,190.1318850000
20638970143,190.1153990000
20641307700,190.1009740000
20643645270,189.9633520000
20645982840,189.8429330000
20648320397,189.8625660000
20650657967,189.7547450000
20652995537,189.6604010000
20655333094,189.7028500000
20657670664,189.6149930000
20660008234,189.6631180000
20662345791,189.5802280000
20664683361,189.5076990000
20667020931,189.5692360000
20669358488,189.4980810000
20671696058,189.4358200000
20675180800,189.6313420000
20677518370,189.6774240000
20679855940,189.7177460000
20682193497,189.8780270000
20684531067,189.8932730000
20686868637,189.9066130000
20689206194,190.0432860000
20691543764,190.0378750000
20693881334,190.0331400000
20696218891,190.1539970000
20698556461,190.1347470000
20700894031,190.3679030000
20703231588,190.6969150000
20704421973,190.8598000000
20706759543,190.8773250000
20709097100,191.0176590000
20711434670,191.1404510000
20713772240,191.1228940000
20716109797,191.2325320000
20718447367,191.3284650000
20720784937,191.2874060000
20723122494,191.3764800000
20725460064,191.4544200000
20727797634,191.3976170000
20730135191,191.4729140000
20732472761,191.5387990000
20734810331,191.4714490000
20737147888,191.6625170000
20739485458,191.8297020000
20741823028,191.9759890000
20744160585,192.1039900000
20746498155,192.2159910000
20748835726,192.1889920000
20751173282,192.2903680000
20753510852,192.3790720000
20755848423,192.3316880000
20758185979,192.4152270000
20760523549,192.4883230000
20762861120,192.4272820000
20765198676,192.4988710000
20767536246,192.5615120000
20768726632,192.3663230000
20771064188,192.3205320000
20773401758,192.2804650000
20775739329,192.1204060000
20778076885,192.1053550000
20780414455,192.0921850000
20782752026,191.9556610000
20785089582,191.9612030000
20787427152,191.9660520000
20789764723,191.8452950000
20792102279,191.8646330000
20794439850,191.8815530000
20796777420,191.7713580000
20799114976,191.7999380000
20801452547,191.6999450000
20804937302,191.6124510000
20807274859,191.6608940000
20809612429,191.7032820000
20811949999,191.6153710000
20814287556,191.6634490000
20816625126,191.7055170000
20818962696,191.6173270000
20821300253,191.6651610000
20823637823,191.7070150000
20825975393,191.6186380000
20828312950,191.6663080000
20830650520,191.7080190000
20832988090,191.6195160000
20835325647,191.6670760000
20837663217,191.7086910000
20840000787,191.7451040000
20842338344,191.7769660000
20844675914,191.8048450000
20847013485,191.8292390000
20849351041,191.8505840000
20851688611,191.7442610000
20854026182,191.7762280000
20856363738,191.8041990000
20858701308,191.7036740000
20861038865,191.7407140000
20863376435,191.7731240000
20865714006,191.5514830000
20868051562,191.4825470000
20871536317,191.5472280000
20873873888,191.4788240000
20876211444,191.5439710000
20878549015,191.6009740000
20880886585,191.5258520000
20883224141,191.5851200000
20885561712,191.6369800000
20887899282,191.5573570000
20890236838,191.6126870000
20892574409,191.6611010000
20894911979,191.5784630000
20897249536,191.7561550000
20898439921,191.7866350000
20900777491,191.6883050000
20903115047,191.7272660000
20905452618,191.7613570000
20907790188,191.6661870000
20910127745,191.7079130000
20912465315,191.7444230000
20914802885,191.6513700000
20917140442,191.6949480000
20919478012,191.7330790000
20921815582,191.6414440000
20924153139,191.6862630000
20926490709,191.7254800000
20928828279,191.6347950000
20931165836,191.6804450000
20933503406,191.7203890000
20935840977,191.6303400000
20938178533,191.6765470000
20940516103,191.7169780000
20942853674,191.6273550000
20945191230,191.6739350000
20947528800,191.7146930000
20949866371,191.6253560000
20952203927,191.6721860000
20954541498,191.7131620000
20956879068,191.6240160000
20959216624,191.6710140000
20961554195,191.8371370000
20963891765,191.8574940000
20965082136,191.8753070000
20967419707,191.8908930000
20969757277,191.7795310000
20972094833,191.8070890000
20974432404,191.8312020000
20976769974,191.7273010000
20979107531,191.7613880000
20981445101,191.7912140000
20983782671,191.6923120000
20986120228,191.7307730000
20988457798,191.7644260000
20990795368,191.6688720000
20993132925,191.7102630000
20995470495,191.6214800000
20998955251,191.5437950000
21001292807,191.6008200000
21003630377,191.6507170000
21005967948,191.5693770000
21008305504,191.6232040000
21010643075,191.6703030000
21012980645,191.5865150000
21015318201,191.6382000000
21017655772,191.6834250000
21019993342,191.5979960000
21022330898,191.6482460000
21024668469,191.6922150000
21027006039,191.7306880000
21029343596,191.7643520000
21031681166,191.6688080000
21034018736,191.7102070000
21036356293,191.7464310000
21038693863,191.6531270000
21041031433,191.6964860000
21043368990,191.7344250000
21045706560,191.6426210000
21048044117,191.6872930000
21050381687,191.7263810000
21052719257,191.6355830000
21055056814,191.6811350000
21057394384,191.7209930000
21060879140,191.7558680000
21063216696,191.7863840000
21065554266,191.8130860000
21067891837,191.7114500000
21070229393,191.7475180000
21072566964,191.7790780000
21074904534,191.6816930000
21077242090,191.7214810000
21079579661,191.7562950000
21081917231,191.6617580000
21084254788,191.7040380000
21086592358,191.7410330000
21088929928,191.6484030000
21091267485,191.8173520000
21093605055,191.9651830000
21095942625,191.9695350000
21098280182,192.0983430000
21100617752,192.2110500000
21102955323,192.1846680000
21105292879,192.2865840000
21107630449,192.3757610000
21109968020,192.3287900000
21112305576,192.4126910000
21114643147,192.4861040000
21116980717,192.4253410000
21119318273,192.4971730000
21121655844,192.5600260000
21123993414,192.4900220000
21126330971,192.5537690000
21128668541,192.6095470000
21131006111,192.6583530000
21133343668,192.7010580000
21135681238,192.7384250000
21138018808,192.7711210000
21139209180,192.6747300000
21141546750,192.5903880000
21143884320,192.3915890000
21146221877,192.3426400000
21148559447,192.2998100000
21150897018,192.1373330000
21153234574,192.1201660000
21154424959,191.9801450000
21156762530,191.8576260000
21159100086,191.8754220000
21161437656,191.8909940000
21163775227,191.7796190000
21166112783,191.8071660000
21168450354,191.8312700000
21170787924,191.7273610000
21173125480,191.7614400000
21175463051,191.7912600000
21177800621,191.6923520000
21180138178,191.7308080000
21182475748,191.7644570000
21184813318,191.6688990000
21187150875,191.7102860000
21189488445,191.6215000000
21191826015,191.4188120000
21194163572,191.3664600000
21196501142,191.3206520000
21198838713,191.1555700000
21201176269,191.1361230000
21203513839,191.1191070000
21205851410,190.9792180000
21208188966,190.9818150000
21210526537,190.9840880000
21212864107,190.8610770000
21215201663,190.8784420000
21217539234,190.7686360000
21219876804,190.6725560000
21222214361,190.7134860000
21224551931,190.6243000000
21226889501,190.5462620000
21229227058,190.6029790000
21231564628,190.5276060000
21458847880,179.7116550000
21461185436,170.3726980000
21463523007,162.0761100000
21465860577,154.8165960000
21468198134,148.5895210000
21470535704,143.0158300000
21472873274,138.1388510000
21476358016,133.9964940000
21478695586,130.2469320000
21481033143,126.9660650000
21483370713,124.0953060000
21485708284,121.5833920000
21488045840,119.3854680000
21490383411,117.4622840000
21492720981,115.6544980000
21495058538,114.3226850000
21497396108,113.2823490000
21500924063,112.3720550000
21504452005,111.8255480000
21507979961,111.2223540000
21511507902,110.9445590000
21515035844,110.9514890000
21518563800,110.9575520000
21522091741,111.2128580000
21525619697,111.4362500000
21530294824,112.0067180000
21533822779,112.6308780000
21537350721,113.3020180000
21539688292,113.7642650000
21542025862,114.1687310000
21544363418,114.5226390000
21546700989,114.7073090000
21549038545,114.9938950000
21551376116,115.2446580000
21553713686,115.3390750000
21556051243,115.5466900000
21558388813,115.6033530000
21560726383,115.6529330000
21563063940,115.5713160000
21565401510,115.3749010000
21567739081,115.3280380000
21570076637,115.4120330000
21572414208,115.4855280000
21574751778,115.5498370000
21577089335,115.6061070000
21580574090,115.7803430000
21582911660,115.9328000000
21585249217,116.0662000000
21587586787,116.1829250000
21589924358,116.2850590000
21592261914,116.2494260000
21594599485,116.2182470000
21596937055,116.0659660000
21599274612,116.0577200000
21601612182,116.0505050000
21603949752,115.9191910000
21606287309,115.9292920000
21608624879,115.5631300000
21610962450,115.2427380000
21613300006,114.9623950000
21615637577,114.4670950000
21617975147,113.9087080000
21620312703,113.2951190000
21622650274,112.5082290000
21624987844,111.6947000000
21627325401,110.8578620000
21629662971,110.0006290000
21632000541,109.0005500000
21634338098,108.0004810000
21636675668,106.8754200000
21639013239,106.0159920000
21641350795,105.1389930000
21644835551,104.4966180000
21647173107,104.0595400000
21649510678,103.5520970000
21651848248,103.1080840000
21654185805,102.8445730000
21656523375,102.4890010000
21658860946,102.1778750000
21661198502,102.0306400000
21663536072,101.7768100000
21665873643,101.3047080000
21668211199,100.8916190000
21670548770,100.5301660000
21672886340,100.2138950000
21675223897,99.9371580000
21677561467,99.5700130000
21679899037,99.2487610000
21682236594,98.9676650000
21684574164,98.7217060000
21686911735,98.5064920000
21689249291,98.3181800000
21691586862,98.1534070000
21693924432,98.0092310000
21696261989,97.8830770000
21698599559,97.7726920000
21700937129,97.6761050000
21703274686,97.5915910000
21705612256,97.5176420000
21709096998,97.7029360000
21711434569,97.7400690000
21713772139,97.7725600000
21716109695,97.9259900000
21718447266,97.9352410000
21720784836,97.9433350000
21723122393,98.0754180000
21725459963,98.0659900000
21727797534,98.0577410000
21730135090,98.0505230000
21732472660,98.0442070000
21734810231,98.0386810000
21737147787,98.0338450000
21739485358,98.0296140000
21741822928,97.9009120000
21744160485,97.7882980000
21746498055,97.6897600000
21748835626,97.6035400000
21751173182,97.5280970000
21753510753,97.4620840000
21755848323,97.4043230000
21758185879,97.3537820000
21760523450,97.3095590000
21762861020,97.2708640000
21765198577,97.2370060000
21767536147,97.2073800000
21769873718,97.1814570000
21773358459,97.2837740000
21775696030,97.3733020000
21778033586,97.5766390000
21780371157,97.6295590000
21782708727,97.6758640000
21785046284,97.8413810000
21787383854,97.8612080000
21789721424,97.8785570000
21792058981,98.0187370000
21794396551,98.0163940000
21796734122,98.0143440000
21799071678,98.1375510000
21801409249,98.1203570000
21803746819,98.1053120000
21806084376,97.9671480000
21808421946,97.8462540000
21810759516,97.7404720000
21813097073,97.6479130000
21815434643,97.5669230000
21817772214,97.4960570000
21820109770,97.4340490000
21822447341,97.3797920000
21824784911,97.3323180000
21827122468,97.2907780000
21829460038,97.2544300000
21831797609,97.2226260000
21834135165,97.1947970000
21837619921,97.2954470000
21839957491,97.3835160000
21842295048,97.4605760000
21844632618,97.5280040000
21846970188,97.5870030000
21849307745,97.6386270000
21851645315,97.6837980000
21853982886,97.7233230000
21856320442,97.7579070000
21858658013,97.7881680000
21860995583,97.8146470000
21863333140,97.8378160000
21865670710,97.8580890000
21868008281,98.0008270000
21870345837,97.8757230000
21872683408,97.7662570000
21875020978,97.6704740000
21877358534,97.5866640000
21879696105,97.5133310000
21882033661,97.4491640000
21884371232,97.3930180000
21886708802,97.3438900000
21889046359,97.3009030000
21891383929,97.2632900000
21893721500,97.2303780000
21896059056,97.2015800000
21898396627,97.1763820000
21901881382,97.2793340000
21904218939,97.3694170000
21906556509,97.4482390000
21908894080,97.5172090000
21911231636,97.5775570000
21913569207,97.6303620000
21915906777,97.6765660000
21918244334,97.7169950000
21920581904,97.7523700000
21922919474,97.7833230000
21925257031,97.8104070000
21927594601,97.8341060000
21929932172,97.8548420000
21932269728,97.8729860000
21934607299,97.7638620000
21936944869,97.6683790000
21939282426,97.5848310000
21941619996,97.5117270000
21943957566,97.4477610000
21946295123,97.3917900000
21948632693,97.3428160000
21950970264,97.2999640000
21953307820,97.2624680000
21955645391,97.2296590000
21957982961,97.2009510000
21960320518,97.1758320000
21962658088,97.1538530000
21966142830,97.2596210000
21968480400,97.3521680000
21970817971,97.4331470000
21973155527,97.5040030000
21975493098,97.5660020000
21977830668,97.6202510000
21980168225,98.0427190000
21982505795,98.2873790000
21984843366,98.5014560000
21987180922,98.8137740000
21989518493,98.9620520000
21991856063,99.0917950000
21994193620,99.3303200000
21996531190,99.4140300000
21998868760,99.4872760000
22001206317,99.5513660000
22003543887,99.4824450000
22005881458,99.4221390000
22008219014,99.4943710000
22010556585,99.4325740000
22012894155,99.3785020000
22015231712,99.4561890000
22017569282,99.3991650000
22019906853,99.3492690000
22022244409,99.4306100000
22024581980,99.3767830000
22026919550,99.3296850000
22030404292,99.5384740000
22032741862,99.5961640000
22035079419,99.7716430000
22037416989,99.9251870000
22039754560,99.9345380000
22042092116,100.0677200000
22044429687,100.1842550000
22046767257,100.1612230000
22049104814,100.2660700000
22051442384,100.3578110000
22053779955,100.3130840000
22056117511,100.3989480000
22058455082,100.4740790000
22060792652,100.4148190000
22063130209,100.4879660000
22065467779,100.3019700000
22067805349,100.1392230000
22070142906,100.1218200000
22072480476,99.9815920000
22074818047,99.8588930000
22077155603,99.8765310000
22079493174,99.7669640000
22081830744,99.6710930000
22084168301,99.7122060000
22086505871,99.6231800000
22088843442,99.5452820000
22091180998,99.6021210000
22094665754,99.6518550000
22097003324,99.8203730000
22099340881,99.9678260000
22101678451,99.9718470000
22104016022,100.1003660000
22106353578,100.2128200000
22108691149,100.1862170000
22111028705,100.2879390000
22113366276,100.3769460000
22115703846,100.3298270000
22118041403,100.4135980000
22120378973,100.4868980000
22122716544,100.4260350000
22125054100,100.4977800000
22127391671,100.5605570000
22129729241,100.3654870000
22132066798,100.3198010000
22134404368,100.1548250000
22136741939,100.0104710000
22139079495,100.0091620000
22141417066,99.8830160000
22143754636,99.7726390000
22146092193,99.8010590000
22148429763,99.7009260000
22150767333,99.6133100000
22153104890,99.6616460000
22155442460,99.5789400000
22158927216,99.6315720000
22161264773,99.8026250000
22163602343,99.8272960000
22165939914,99.8488840000
22168277470,99.9927730000
22170615041,99.9936760000
22172952611,99.9944660000
22175290168,100.1201570000
22177627738,100.1051370000
22179965308,100.0919940000
22182302865,100.2054940000
22184640435,100.1798070000
22186978006,100.1573310000
22189315563,100.2626640000
22191653133,100.2298310000
22193990703,100.0761020000
22196328260,99.9415890000
22198665830,99.8238900000
22201003401,99.8459030000
22203340957,99.7401650000
22205678528,99.6476440000
22208016098,99.6916880000
22210353655,99.6052270000
22212691225,99.5295730000
22215028782,99.5883760000
22217366352,99.5148290000
22219703923,99.4504750000
22223188665,99.6441650000
22225526235,99.6886440000
22227863805,99.7275630000
22230201362,99.8866170000
22232538933,99.9007890000
22234876503,99.9131900000
22237214060,100.0490410000
22239551630,100.0429100000
22241889200,100.0375460000
22244226757,100.1578520000
22246564327,100.1381200000
22248901898,100.1208550000
22251239455,100.2307480000
22253577025,100.2019040000
22255914595,100.1766660000
22258252152,100.1545820000
22260589722,100.0102590000
22262927293,99.8839760000
22265264849,99.8984790000
22267602420,99.7861690000
22269939990,99.6878970000
22272277547,99.7269090000
22274615117,99.6360450000
22276952688,99.5565390000
22279290244,99.6119710000
22281627815,99.5354740000
22283965385,99.4685390000
22287450127,99.6599710000
22289787698,99.7024740000
22292125254,99.8646640000
22294462825,100.0065810000
22296800395,100.0057580000
22299137952,100.1300380000
22301475522,100.1137830000
22303813093,100.0995600000
22306150649,100.2121150000
22308488220,100.1856000000
22310825790,100.1624000000
22313163347,100.2671000000
22315500917,100.2337120000
22317838487,100.2044980000
22320176044,100.3039350000
22322513615,100.1409430000
22324851185,99.9983250000
22327188742,99.9985340000
22329526312,99.8737170000
22331863882,99.7645020000
22334201439,99.7939390000
22336539010,99.6946960000
22338876580,99.6078590000
22341214137,99.6568760000
22343551707,99.5747660000
22345889277,99.5029200000
22348226834,99.5650550000
22351711590,99.6194230000
22354049146,99.7919950000
22356386717,99.9429950000
22358724287,99.9501200000
22361061844,100.0813550000
22363399414,100.1961850000
22365736985,100.1716610000
22368074541,100.2752030000
22370412112,100.3658020000
22372749682,100.3200760000
22375087239,100.4050660000
22377424809,100.4794320000
22379762380,100.4195030000
22382099936,100.4920650000
22384437507,100.5555560000
22386775077,100.3611110000
22389112634,100.3159720000
22391450204,100.1514750000
22393787775,100.2575400000
22396125331,100.4753470000
22398462902,100.6659280000
22400800472,100.7076870000
22403138029,100.8692260000
22405475599,101.0105720000
22407813170,101.0092500000
22410150727,101.1330930000
22412488297,101.2414560000
22415973053,101.3362740000
22418310609,101.5442390000
22420648180,101.7262090000
22422985750,101.7604320000
22425323307,101.9153780000
22427660877,102.0509550000
22429998448,102.0445850000
22432336004,102.1640110000
22434673575,102.2685090000
22437011145,102.3599450000
22439348702,102.4399510000
22441686272,102.5099570000
22444023829,102.5712120000
22446361399,102.6248100000
22448698970,102.6717080000
22451036526,102.7127440000
22453374097,102.6236510000
22455711667,102.4206940000
22458049224,102.3681070000
22460386794,102.3220930000
22462724365,102.1568310000
22465061921,102.1372270000
22467399492,102.1200730000
22469737062,101.9800630000
22472074619,101.9825550000
22474412189,101.9847350000
22476749760,101.8616430000
22480234502,102.0039370000
22482572072,102.1284440000
22484909643,102.1123880000
22487247199,102.2233390000
22489584770,102.3204210000
22491922340,102.2803680000
22494259897,102.3703220000
22496597467,102.4490310000
22498935038,102.3929020000
22501272594,102.4687890000
22503610165,102.5351900000
22505947735,102.4682910000
22508285292,102.5347540000
22510622862,102.5929090000
22512960433,102.5187950000
22515297989,102.5789450000
22517635560,102.5065760000
22519973130,102.3182540000
22522310687,102.2784720000
22524648257,102.2436630000
22526985828,102.0882050000
22529323385,102.0771790000
22531660955,102.0675310000
22533998525,101.9340890000
22536336082,101.9423270000
22538673653,101.8245360000
22541011223,101.8464690000
22544495965,101.9906600000
22546833535,101.9918270000
22549171092,102.1178480000
22551508662,102.2281170000
22553846233,102.1996020000
22556183790,102.2996510000
22558521360,102.3871940000
22560858930,102.3387940000
22563196487,102.4214440000
22565534058,102.4937630000
22567871628,102.4320420000
22570209185,102.5030360000
22572546755,102.5651560000
22574884326,102.4945110000
22577221882,102.5576970000
22579559453,102.6129840000
22581897023,102.4113610000
22584234580,102.3599400000
22586572150,102.3149470000
22588909721,102.1505780000
22591247277,102.1317550000
22593584848,102.1152850000
22595922418,101.9758740000
22598259975,101.9788890000
22600597545,101.9815270000
22602935116,101.8588360000
22605272673,101.8764810000
22608757428,102.0169200000
22611094985,102.1398050000
22613432555,102.2473290000
22615770126,102.3414120000
22618107682,102.4237350000
22620445253,102.4957680000
22622782823,102.5587970000
22625120380,102.6139470000
22627457951,102.6622030000
22629795521,102.7044270000
22632133078,102.7413730000
22634470648,102.7737010000
22636808219,102.8019880000
22639145775,102.8267390000
22641483346,102.8483960000
22643820916,102.7423460000
22646158473,102.6495520000
22648496043,102.5683580000
22650833614,102.3723130000
22653171170,102.3257730000
22655508741,102.2850510000
22657846311,102.1244190000
22660183868,102.1088660000
22662521438,102.0952570000
22664859009,101.9583490000
22667196566,101.9635550000
22669534136,101.9681100000
22673018878,102.0970960000
22675356448,102.2099590000
22677694019,102.3087140000
22680031576,102.3951240000
22682369146,102.4707330000
22684706716,102.5368910000
22687044273,102.5947790000
22689381844,102.6454310000
22691719414,102.6897520000
22694056971,102.7285330000
22696394541,102.7624660000
22698732112,102.7921570000
22701069668,102.8181370000
22703407239,102.8408690000
22705744809,102.8607600000
22708082366,102.8781650000
22710419936,102.7683940000
22712757507,102.5473440000
22715095064,102.4789260000
22717432634,102.4190600000
22719770204,102.2416770000
22722107761,102.2114670000
22724445332,102.1850330000
22726782902,102.0369030000
22729120459,102.0322900000
22731458029,102.0282530000
22733795600,101.8997210000
22737280342,102.0372550000
22739617912,102.1575980000
22741955482,102.1378980000
22744293039,102.2456600000
22746630610,102.3399520000
22748968180,102.2974580000
22751305737,102.3852750000
22753643307,102.4621150000
22755980878,102.4043500000
22758318434,102.4788060000
22760656005,102.5439550000
22762993575,102.4759600000
22765331132,102.5414650000
22767668702,102.5987810000
22770006273,102.6489330000
22772343830,102.6928160000
22774681400,102.4812140000
22777018957,102.4210620000
22779356527,102.3684290000
22781694098,102.1973750000
22784031654,102.1727030000
22786369225,102.1511150000
22788706795,102.0072250000
22791044352,102.0063210000
22793381923,102.0055300000
22795719493,101.8798380000
22798057050,101.8948580000
22801541805,102.0330000000
22803879376,102.0288750000
22806216933,102.1502650000
22808554503,102.2564810000
22810892073,102.2244200000
22813229630,102.3213670000
22815567201,102.6561960000
22817904771,102.9491710000
22820242328,103.2055240000
22822579898,103.4298330000
22824917469,103.6261030000
22827255025,103.7978400000
22829592596,103.9481100000
22831930166,104.0795960000
22834267723,104.1946460000
22836605294,104.2953150000
22838942864,104.3834000000
22841280421,104.3354750000
22843617991,104.2935400000
22845955562,104.2568470000
22848293118,104.2247410000
22850630689,104.1966480000
22852968259,104.1720670000
22855305816,104.1505580000
22857643386,104.1317380000
22859980957,104.1152700000
22862318514,104.1008610000
22865803269,104.2132530000
22868140826,104.4365960000
22870478397,104.5070210000
22872815967,104.5686430000
22875153524,104.6225620000
22877491094,104.6697410000
22879828665,104.7110230000
22882166221,104.7471450000
22884503792,104.7787510000
22886841362,104.8064070000
22889178919,104.8306060000
22891516489,104.8517800000
22893854060,104.8703070000
22896191617,104.8865180000
22898529187,104.9007030000
22900866758,104.9131150000
22903204314,104.9239750000
22905541885,104.8084780000
22907879455,104.7074180000
22910217012,104.6189900000
22912554582,104.5416160000
22914892153,104.4739140000
22917229710,104.4146740000
22919567280,104.3628390000
22921904851,104.3174840000
22924242407,104.2777980000
22926579978,104.2430730000
22928917548,104.2126880000
22931255105,104.1861020000
22933592675,104.1628390000
22935930246,104.1424840000
22938267803,104.1246730000
22940605373,104.1090880000
22942942944,104.0954520000
22945280500,104.0835200000
22947618071,104.0730800000
22949955641,104.0639450000
22952293198,104.0559510000
22954630768,104.0489570000
22956968339,104.0428370000
22959305896,104.0374820000
22961643466,104.0327960000
22963981037,104.0286960000
22966318593,104.0251090000
22968656164,103.8969700000
22970993734,103.6598480000
22973331291,103.5773670000
22975668861,103.5051960000
22978006432,103.4420460000
22981491174,103.5117900000
22983828744,103.5728160000
22986166301,103.6262140000
22988503872,103.6729370000
22990841442,103.7138190000
22993178999,103.7495910000
22995516569,103.7808920000
22997854140,103.8082800000
23000191696,103.8322450000
23002529267,103.8532140000
23004866837,103.8715620000
23007204394,103.8876160000
23009541965,103.9016640000
23011879535,103.9139560000
23014217092,103.9247110000
23016554662,103.9341220000
23018892233,103.9423560000
23021229789,103.9495610000
23023567360,103.9558650000
23025904930,103.9613810000
23028242487,103.9662080000
23030580058,103.9704320000
23031770443,103.8491280000
23034108000,103.7429870000
23036445570,103.6501130000
23038783141,103.5688480000
23041120697,103.4977420000
23043458268,103.4355240000
23045795838,103.3810830000
23048133395,103.3334470000
23050470965,103.2917660000
23052808536,103.2552950000
23055146093,103.2233830000
23057483663,103.1954600000
23059821234,103.1710270000
23062158790,103.1496480000
23064496361,103.1309420000
23066833931,103.1145740000
23069171488,103.1002520000
23071509059,103.0877200000
23073846629,103.0767550000
23076184186,103.0671600000
23078521756,103.0587650000
23080859327,102.9264190000
23084344069,102.9356160000
23086681639,102.9436640000
23089019196,102.9507060000
23091356766,102.9568670000
23093694337,102.9622580000
23096031894,102.9669750000
23098369464,102.9711030000
23100707035,102.9747150000
23103044591,102.9778750000
23105382162,102.9806400000
23107719732,102.9830600000
23110057289,102.9851770000
23112394860,102.9870290000
23114732430,102.9886500000
23117069987,102.9900680000
23119407557,102.9913090000
23121745128,102.9923950000
23124082685,102.9933450000
23126420255,102.9941760000
23128757826,102.9949040000
23131095382,102.9955410000
23133432953,102.9960980000
23134623338,102.9965850000
23136960909,102.8720110000
23139298465,102.8880090000
23141636036,102.9020070000
23143973606,102.7892560000
23146311163,102.8155990000
23148648733,102.8386490000
23150986304,102.7338170000
23153323861,102.7670890000
23155661431,102.7962020000
23157999002,102.6966760000
23160336558,102.7345910000
23162674129,102.7677670000
23165011686,102.7967960000
23167349256,102.8221960000
23169686827,102.8444210000
23172024383,102.8638680000
23174361954,102.8808840000
23176699524,102.8957730000
23179037081,102.9088010000
23181374652,102.9202000000
23183712222,102.9301750000
23187196964,102.9389030000
23189534535,102.9465400000
23191872105,102.8282220000
23194209662,102.8496940000
23196547232,102.8684820000
23198884803,102.7599210000
23201222360,102.7899300000
23203559930,102.8161880000
23205897501,102.7141640000
23208235057,102.7498930000
23210572628,102.7811560000
23212910198,102.6835110000
23215247755,102.7230720000
23217585326,102.7576880000
23219922896,102.6629770000
23222260453,102.7051040000
23224598023,102.7419660000
23226935594,102.6492200000
23229273151,102.6930670000
23231610721,102.7314330000
23233948292,102.6400030000
23236285848,102.6850020000
23238623419,102.8493760000
23240960989,102.9932040000
23243298546,103.1190530000
23245636117,103.2291710000
23247973687,103.3255240000
23250311244,103.7848330000
23252648814,104.0617280000
23254986385,104.3040120000
23257323942,104.6410100000
23259661512,104.8108830000
23261999083,104.9595220000
23264336639,105.2145810000
23266674210,105.3127580000
23269011767,105.5236630000
23271349337,105.5832050000
23273686908,105.6353040000
23276024464,105.8058910000
23278362035,105.8301540000
23280699605,105.8513840000
23283037162,105.9949610000
23285374733,105.9955900000
23287712303,105.9961410000
23290049860,106.1216230000
23292387430,105.9814200000
23294725001,105.8587420000
23297062558,105.8763990000
23299400128,105.7668490000
23301737699,105.6709920000
23304075255,105.7121180000
23306412826,105.6231030000
23308750396,105.5452150000
23311087953,105.6020630000
23313425524,105.5268050000
23315763094,105.4609540000
23318100651,105.5283340000
23321585407,105.5872920000
23323922977,105.6388800000
23326260534,105.8090200000
23328598104,105.8328920000
23330935675,105.8537800000
23333273232,105.9970570000
23335610802,105.9974240000
23337948373,105.9977460000
23340285929,106.1230270000
23342623500,106.1076480000
23344961070,106.0941920000
23347298627,106.2074180000
23349636198,106.1814900000
23351973768,106.1588030000
23354311325,106.2639520000
23356648896,106.2309580000
23358986466,106.2020880000
23361324023,106.3018270000
23363661593,106.2640980000
23365999164,106.2310850000
23368336721,106.3271990000
23370674291,106.2862990000
23371864676,106.1255110000
23374202233,105.9848220000
23376539804,105.8617190000
23378877374,105.7540040000
23381214931,105.6597530000
23383552501,105.5772830000
23385890072,105.5051220000
23388227629,105.4419810000
23390565199,105.3867330000
23392902770,105.3383910000
23395240327,105.2960920000
23397577897,105.2590800000
23399915468,105.2266950000
23402253024,105.1983580000
23404590595,105.1735630000
23406928165,105.1518670000
23409265722,105.1328830000
23411603293,105.1162720000
23413940863,105.1017380000
23416278420,105.0890200000
23418615990,105.0778920000
23420953561,105.0681550000
23423291118,105.0596350000
23425628688,104.9271800000
23427966259,104.8112820000
23430303815,104.7098710000
23432641386,104.6211370000
23434978957,104.5434940000
23437316513,104.4755570000
23439654084,104.4161120000
23441991654,104.3640980000
23444329211,104.3185850000
23446666782,104.2787610000
23449004338,104.3689150000
23451341909,104.3228000000
23453679479,104.2824500000
23456017036,104.3721430000
23458354607,104.3256250000
23460692177,104.2849210000
23463029734,104.3743050000
23465367305,104.3275160000
23467704875,104.2865760000
23470042432,104.3757540000
23472380002,104.3287840000
23475864758,104.4126860000
23478202315,104.7361000000
23480539885,104.8940870000
23482877456,105.0323260000
23485215013,105.2782850000
23487552583,105.3684990000
23489890154,105.4474360000
23492227711,105.6415060000
23494565281,105.6863170000
23496902852,105.7255270000
23499240408,105.8848360000
23501577979,105.8992310000
23503915549,105.9118270000
23506253106,106.0478480000
23508590677,106.0418670000
23510928247,106.0366330000
23513265804,106.1570530000
23515603375,106.1374210000
23517940945,106.1202430000
23520278502,106.2302120000
23522616072,106.2014350000
23524953643,106.1762550000
23527291200,106.2792230000
23529628770,106.2443200000
23531966341,106.2137800000
23534303898,106.3120570000
23536641468,106.2730490000
23538979039,106.2389170000
23541316595,106.3340520000
23543654166,106.2922950000
23545991736,106.2557580000
23548329293,106.3487880000
23550666864,106.3051890000
23553004420,106.3920400000
23555341991,106.3430350000
23557679562,106.3001550000
23560017118,106.3876350000
23562354689,106.3391800000
23564692259,106.2967820000
23567029816,106.3846840000
23569367387,106.3365980000
23571704957,106.2945230000
23574042514,106.3827070000
23576380085,106.3348680000
23578717655,106.2930090000
23581055212,106.2563820000
23583392782,106.0993340000
23585730353,105.9619170000
23588067910,105.9666770000
23590405480,105.8458420000
23592743051,105.7401110000
23595080608,105.7725970000
23597418178,105.6760220000
23599755749,105.5915190000
23602093305,105.6425790000
23604430876,105.5622560000
23606768446,105.4919740000
23609106003,105.5554770000
23611443574,105.4860420000
23613781144,105.4252860000
23616118701,105.4971250000
23618456272,105.4349840000
23620793842,105.3806110000
23623131399,105.4580340000
23625468969,105.4007790000
23627806540,105.3506810000
23630144097,105.4318450000
23632481667,105.3778640000
23634819238,105.3306310000
23637156795,105.4143020000
23639494365,105.3625140000
23641831936,105.3171990000
23644169493,105.4025490000
23646507063,105.3522300000
23648844634,105.3082010000
23651182190,105.3946750000
23653519761,105.3453400000
23655857331,105.3021720000
23658194888,105.2644000000
23660532459,105.2313500000
23662870029,105.2024310000
23665207586,105.1771270000
23667545157,105.1549860000
23669882727,105.1356120000
23672220284,105.1186600000
23674557855,105.1038270000
23676895425,105.0908480000
23679232982,105.0794920000
23681570552,105.0695550000
23683908123,105.3108600000
23686245680,105.6470020000
23688583250,105.8161260000
23692067992,106.2141100000
23694405563,106.5623460000
23696743133,106.7420520000
23699080690,107.0242950000
23701418261,107.2712580000
23703755831,107.3623500000
23706093388,107.5670560000
23708430959,107.7461740000
23710768529,107.7779020000
23713106086,107.9306640000
23715443657,108.0643310000
23717781227,108.0562890000
23720118784,108.1742520000
23722456354,108.2774700000
23724793925,108.2427860000
23727131482,108.3374370000
23729469052,108.4202570000
23731806623,108.3677240000
23734144180,108.4467580000
23736481750,108.5159130000
23738819321,108.4514230000
23741156878,108.5199950000
23742347263,108.4549950000
23744684833,108.2731200000
23747022390,108.2389800000
23749359961,108.2091070000
23751697531,108.0579680000
23754035088,108.0507220000
23756372659,108.0443810000
23758710229,107.9138330000
23761047786,107.9246030000
23763385356,107.9340270000
23765722927,107.8172730000
23768060484,107.8401130000
23770398054,107.8600980000
23772735625,107.7525850000
23775073182,107.7835110000
23777410752,107.8105720000
23779748323,107.7092500000
23782085880,107.7455930000
23784423450,107.7773930000
23786761021,107.6802180000
23789098578,107.7201900000
23791436148,107.7551660000
23793773719,107.6607700000
23796111275,107.7031730000
23798448846,107.4902760000
23800786417,107.3039910000
23803123973,107.2659920000
23805461544,107.1077430000
23807799114,106.9692750000
23810136671,106.9731150000
23812474242,106.8514750000
23814811812,106.7450400000
23817149369,106.7769100000
23819486940,106.6797960000
23821824510,106.5948210000
23824162067,106.6454680000
23826499638,106.5647840000
23828837208,106.4941860000
23831174765,106.5574120000
23833512336,106.4877350000
23835849906,106.4267680000
23838187463,106.4984220000
23840525033,106.4361190000
23842862604,106.3816040000
23845200161,106.4589030000
23847537731,106.4015400000
23849875302,106.4763470000
23853360044,106.7918030000
23855697615,106.9428270000
23858035171,107.1999730000
23860372742,107.4249760000
23862710313,107.4968540000
23865047869,107.6847470000
23867385440,107.8491530000
23869723010,107.8680080000
23872060567,108.0095070000
23874398138,108.1333180000
23876735708,108.1166530000
23879073265,108.2270710000
23881410836,108.3236870000
23883748406,108.2832260000
23886085963,108.3728220000
23888423534,108.4512190000
23890761104,108.3948160000
23893098661,108.4704640000
23895436232,108.5366560000
23897773802,108.4695740000
23900111359,108.5358770000
23902448930,108.5938920000
23904786500,108.5196550000
23907124057,108.5796980000
23909461627,108.6322350000
23911799198,108.5532050000
23914136755,108.6090540000
23916474325,108.6579220000
23918811896,108.5756810000
23921149453,108.6287200000
23923487023,108.6751300000
23925824594,108.5907380000
23928162151,108.6418950000
23930499721,108.6866580000
23932837292,108.6008250000
23935174849,108.6507210000
23937512419,108.6943800000
23939849990,108.6075820000
23942187547,108.6566340000
23944525117,108.6995540000
23946862688,108.6121090000
23949200245,108.6605950000
23951537815,108.7030200000
23953875386,108.6151420000
23956212943,108.6632490000
23958550513,108.7053420000
23960888084,108.4921740000
23963225640,108.4306520000
23965563211,108.2518200000
23967900782,108.0953420000
23970238338,108.0834240000
23972575909,107.9479960000
23974913480,107.8294960000
23977251036,107.8508090000
23979588607,107.7444570000
23981926177,107.6513990000
23984263734,107.6949740000
23986601305,107.6081020000
23988938875,107.5320890000
23991276432,107.5905770000
23993614003,107.5167540000
23995951573,107.4521590000
23998289130,107.5206390000
24000626701,107.4555590000
24002964271,107.3986140000
24005301828,107.4737870000
24007639399,107.4145630000
24009976969,107.3627420000
24012314526,107.4423990000
24014652097,107.3870990000
24016989667,107.3387110000
24018909589,102.9213720000
24021380682,99.0562000000
24023718366,95.6741750000
24026056001,92.8399030000
24028393643,90.2349150000
24030731326,87.9555500000
24033068961,86.0861060000
24035406604,84.3253420000
24037750686,82.7846740000
24037800286,81.4365890000
24039046704,80.5070150000
24074981749,77.4436380000
24078466603,75.2631830000
24080804257,73.6052850000
24083141892,72.5296240000
24085479528,71.8384210000
24087817182,71.4836180000
24090154818,71.5481650000
24093639671,71.9796440000
24095977325,72.6071880000
24098314960,73.5312890000
24100652596,74.2148770000
24102990250,74.8130170000
24105327886,75.7113890000
24107665521,76.3724650000
24110003175,77.0759060000
24112340811,77.6914170000
24114678446,78.1049890000
24117016101,78.5918650000
24119353736,79.0178810000
24121691390,79.5156450000
24157317616,80.0761890000
24159655252,80.1916650000
24161992906,79.9177060000
24164330541,79.5529920000
24166668177,78.7338680000
24169005831,77.7671340000
24170196249,76.7962420000
24170239449,75.6967110000
24170700263,74.3596220000
24173080998,73.3146690000
24175418534,72.2753350000
24178077483,71.4909180000
24180415193,70.8045530000
24182752960,70.0789830000
24185090670,69.5691100000
24187428381,69.1229710000
24195502329,65.2325990000
24197839984,61.8285240000
24200177619,58.9749580000
24202515255,56.3530880000
24204852909,54.0589520000
24207190544,52.0515830000
24209528180,50.4201350000
24211865834,49.2426180000
24213601737,48.4622900000
24216263620,47.7795030000
24218601256,47.1820650000
24220938910,46.5343060000
24223276545,46.0925170000
24225614181,45.7059520000
24227951835,45.2427080000
24230289470,44.9623690000
24233774342,44.0920720000
24236111978,43.7055630000
24238449613,43.3673670000
24240787268,42.9464460000
24243124903,42.7031400000
24245462539,42.4902470000
24247800193,42.1789660000
24251285046,42.1565950000
24252475464,42.0120200000
24254813118,41.8855170000
24257150754,41.7748270000
24259488389,41.6779730000
24261826043,41.5932260000
24264163679,41.5190720000
24266501314,41.4541880000
24268838968,41.3974140000
24270901200,41.2227370000
24273238835,41.0698940000
24275576471,40.8111570000
24277914125,40.5847620000
24280251761,40.5116660000
24282589396,40.3227070000
24284927050,40.1573680000
24288411904,40.2626970000
24290749558,40.1048590000
24293087193,40.2167510000
24295424829,40.3146570000
24297762483,40.2753240000
24300100119,40.3659080000
24302437754,40.4451690000
24304775408,40.3895220000
24308260262,40.5908310000
24310597897,40.7669770000
24312935551,40.9211040000
24315273187,41.0559660000
24317610822,41.1739700000
24319948476,41.2772230000
24322286112,41.3675700000
24324623747,41.4466230000
24326961402,41.5157950000
24328151819,41.3263200000
24330489455,41.1605300000
24332827109,40.8904630000
24335164745,40.7791550000
24337502380,40.6817600000
24339840034,40.4715400000
24342177670,40.4125970000
24344515305,40.3610220000
24346852960,40.0658940000
24349190595,39.9326570000
24351528231,39.8160740000
24353865885,39.5890640000
24356203520,39.5154310000
24358541156,39.4510020000
24360878810,39.2696260000
24363216446,39.2359220000
24366701317,39.3314310000
24369038953,39.5400020000
24371376588,39.7225010000
24373714243,39.8821880000
24376051878,40.0219140000
24378389514,40.1441740000
24380727168,40.2511520000
24383064803,40.3447580000
24385402439,40.4266630000
24387740093,40.4983300000
24390077729,40.5610380000
24392415364,40.6159080000
24394753018,40.6639190000
24397090654,40.7059290000
24399428289,40.7426870000
24401765944,41.0248510000
24404103579,41.3967440000
24406441215,41.5971510000
24408778869,41.6475070000
24411116504,41.6915680000
24413454140,41.7301220000
24415791794,41.7638560000
24418129430,41.7933740000
24420467065,41.8192020000
24422804719,41.8418010000
24425142355,41.8615750000
24427479990,41.8788780000
24429817645,41.8940180000
24432155280,41.9072650000
24434492916,41.9188560000
24436830570,41.9289990000
24439168205,41.9378740000
24441505841,41.9456390000
24443843495,41.9524340000
24446181130,41.9583790000
24448518766,41.9635810000
24450856420,41.9681330000
24453194056,41.9721160000
24455531691,41.9756010000
24457869345,41.9786500000
24460206981,41.9813180000
24462544616,41.9836530000
24464882271,41.9856960000
24467219906,41.9874840000
24469557542,41.9890480000
24471895196,41.9904170000
24474232831,41.9916140000
24476570467,41.9926620000
24478908121,41.9935790000
24481245757,41.9943810000
24483583392,41.9950830000
24487068264,42.2456970000
24489405900,42.3399840000
24491743554,42.4224860000
24494081189,42.6196750000
24496418825,42.6672150000
24498756479,42.7088130000
24501094115,42.8702110000
24503431750,42.8864340000
24505769404,42.9006290000
24506959822,42.7880500000
24509297458,42.6895430000
24511635093,42.6033500000
24513972747,42.5279310000
24516310383,42.4619390000
24518648018,42.4041960000
24520985673,42.3536710000
24523323308,42.3094620000
24525660944,42.2707790000
24527998598,41.9869310000
24530336233,41.8635640000
24532673869,41.7556180000
24535011523,41.6611650000
24537349159,41.5785190000
24539686794,41.5062040000
24542024448,41.4429280000
24544362084,41.3875620000
24546699738,41.3391160000
24550184591,41.6717260000
24552522227,41.8377600000
24554859881,41.9830400000
24557197517,42.2351600000
24559535152,42.3307650000
24561872806,42.4144190000
24564210442,42.6126160000
24566548077,42.6610390000
24568885732,42.7034090000
24571223367,42.8654820000
24573561003,42.8822960000
24575898657,43.1470090000
24578236292,43.5036320000
24580573928,43.6906780000
24582911582,43.8543430000
24585249217,44.1225500000
24587586853,44.2322310000
24589924507,44.3282020000
24592262143,44.5371760000
24594599778,44.4700290000
24596937432,44.4112750000
24599275068,44.4848650000
24601612703,44.4242560000
24603950358,44.3712240000
24606287993,44.4498210000
24608625629,44.3935930000
24610963283,44.3443930000
24613300918,44.4263430000
24615638554,44.3730500000
24617976208,44.3264180000
24620313844,44.4106150000
24622651479,44.3592880000
24624989133,44.3143770000
24627326769,44.4000790000
24629664404,44.3500690000
24632002059,44.4313100000
24634339694,44.5023960000
24636677330,44.4395960000
24639014984,44.5096460000
24641352620,44.5709400000
24643690274,44.4995720000
24646027909,44.5621250000
24648365545,44.6168590000
24650703199,44.5397510000
24653040835,44.5972820000
24655378470,44.6476210000
24657716124,44.5666680000
24660053760,44.6208340000
24662391395,44.6682290000
24665876267,44.7097000000
24668213903,44.8709870000
24670551538,45.0121130000
24672889193,45.0105980000
24675226828,45.1342730000
24677564464,45.1174880000
24679902118,45.1028020000
24682239753,45.2149510000
24684577389,45.1880820000
24686915043,45.1645710000
24688105461,45.1439990000
24690443096,45.0009990000
24692780751,44.8758740000
24695118386,44.8913890000
24697456022,44.7799650000
24699793676,44.6824690000
24702131311,44.7221600000
24704468947,44.6318900000
24706806601,44.5529030000
24709144237,44.4837900000
24711481872,44.2983160000
24713819526,44.1360260000
24716157162,44.1190220000
24718494797,43.9791440000
24720832452,43.8567510000
24723170087,43.8746570000
24725507723,43.7653240000
24727845377,43.6696580000
24731330230,43.8359500000
24733667866,43.9814560000
24736005520,44.2337740000
24738343155,44.4545520000
24740680791,44.5227330000
24743018445,44.7073910000
24745356081,44.8689670000
24747693735,44.8853460000
24750031370,45.0246770000
24752369006,45.1465920000
24754706660,45.1282680000
24757044296,45.2372340000
24759381931,45.5825790000
24761719585,45.8847560000
24764057221,46.1491610000
24766394856,46.3805150000
24768732511,46.5829500000
24771070146,46.7600810000
24773407782,46.9150700000
24775745436,47.0506860000
24778083071,47.0443500000
24780420707,47.0388060000
24782758361,46.9089550000
24785095997,46.9203350000
24787433632,46.9302930000
24789771287,46.8140060000
24792108922,46.8372550000
24794446558,46.8575980000
24796784212,46.7503980000
24799121847,46.7815980000
24801459483,46.8088980000
24803797137,46.7077850000
24806134773,46.7443110000
24808472408,46.7762720000
24810810062,46.6792380000
24813147698,46.7193330000
24815485333,46.7544160000
24817822988,46.6601140000
24820160623,46.7025990000
24822498259,46.7397740000
24824835913,46.6473020000
24827173548,46.6913890000
24829511184,46.7299650000
24831848838,46.6387190000
24834186474,46.6838790000
24836524109,46.7233940000
24838861763,46.6329690000
24841199399,46.6788470000
24843537034,46.7189910000
24845874689,46.6291170000
24848212324,46.6754770000
24850549960,46.7160420000
24854034832,46.8765360000
24856372467,47.0169690000
24858710122,47.1398470000
24861047757,47.2473660000
24863385393,47.3414450000
24865723047,47.4237640000
24868060682,47.4957930000
24870398318,47.5588180000
24872735972,47.6139650000
24875073608,47.6622190000
24876264025,47.5794410000
24878601661,47.5070100000
24880939315,47.3186330000
24883276951,47.2788030000
24885614586,47.2439520000
24887952240,47.0884580000
24890289876,47.0774000000
24892627511,47.0677250000
24894965166,46.9342590000
24897302801,46.9424760000
24899640437,46.6996660000
24901978091,46.4872070000
24904315726,46.4263060000
24906653362,46.2480170000
24908991016,46.0920140000
24911328652,46.0805120000
24913666287,45.9454480000
24916003942,45.9522670000
24918341577,45.9582330000
24921826449,45.9634530000
24924164085,46.2180210000
24926501720,46.4407680000
24928839374,46.6356720000
24931177010,46.8062130000
24933514645,46.9554360000
24935852300,47.0860060000
24938189935,47.2002550000
24940527571,47.3002230000
24942865225,47.3876950000
24945202860,47.4642330000
24947540496,47.5312030000
24949878150,47.5898020000
24952215786,48.0160760000
24954553421,48.2640660000
24956891076,48.4810570000
24959228711,48.7959240000
24961566347,48.9464330000
24963904001,49.0781280000
24966241636,49.1933620000
24968579272,49.2941910000
24970916926,49.2574170000
24973254562,49.2252390000
24975592197,49.1970840000
24977929851,49.1724480000
24980267487,49.1508920000
24982605122,49.1320300000
24984942777,49.1155260000
24987280412,49.1010850000
24989618048,49.0884490000
24991955702,49.0773920000
24994293337,49.0677180000
24996630973,49.0592530000
24998968627,49.0518460000
25001306263,49.0453650000
25003643898,49.0396940000
25005981553,49.0347320000
25008319188,49.0303900000
25010656824,49.0265910000
25012994478,49.0232670000
25015332113,49.0203580000
25017669749,49.0178130000
25020007403,49.1405860000
25022345039,49.1230120000
25024682674,49.1076350000
25027020328,49.2191800000
25029357964,49.1917820000
25031695599,49.1678090000
25034033254,49.2718320000
25036370889,49.2378530000
25038708544,49.2081210000
25041046179,49.3071050000
25043383815,49.2687160000
25045721469,49.2351260000
25049206322,49.4557350000
25051543958,49.5237680000
25053881612,49.5832970000
25056219247,49.7603840000
25058556883,49.7903360000
25060894537,49.8165440000
25063232173,49.9644760000
25065569808,49.9689160000
25067907463,49.9728010000
25070245098,49.9762000000
25072582734,49.9791750000
25073773170,49.8567780000
25076110806,49.7496800000
25078448441,49.6559700000
25080786095,49.5739730000
25083123731,49.5022260000
25085461366,49.4394470000
25087799021,49.3845160000
25090136656,49.3364510000
25092474292,49.2943940000
25094811946,49.2575940000
25097149581,49.1003940000
25099487217,48.9628440000
25101824871,48.8424880000
25104162507,48.7371770000
25106500142,48.6450290000
25108837797,48.5644000000
25111175432,48.4938500000
25113513068,48.4321180000
25115850722,48.3781030000
25118188357,48.3308400000
25121673211,48.4144850000
25124010865,48.7376740000
25126348500,48.8954640000
25128686136,49.0335310000
25131023790,49.2793390000
25133361426,49.3694210000
25135699080,49.4482430000
25138036716,49.6422120000
25140374351,49.6869350000
25142712005,49.7260680000
25145049641,49.8853090000
25147387276,49.8996450000
25149724931,49.9121890000
25152062566,50.0481650000
25154400202,50.4171440000
25156737856,50.6150010000
25159075492,50.9131250000
25161413127,51.1739840000
25163750781,51.2772360000
25166088417,51.4925810000
25168426052,51.6810080000
25170763707,51.7208820000
25173101342,51.7557710000
25175438978,51.6612990000
25177776632,51.5786360000
25180114267,51.6313060000
25182451903,51.5523920000
25184789557,51.4833430000
25187127193,51.5479250000
25189464828,51.4794340000
25191802483,51.4195040000
25194140118,51.4920660000
25196477754,51.4305570000
25198815408,51.3767370000
25201153043,51.4546440000
25203490679,51.3978130000
25205828333,51.3480860000
25208165969,51.4295750000
25210503604,51.3758780000
25212841259,51.3288930000
25215178894,51.4127810000
25217516530,51.3611830000
25219854184,51.3160350000
25222191819,51.4015300000
25224529455,51.3513380000
25226867109,51.3074200000
25229204745,51.3939920000
25231542380,51.3447430000
25233880035,51.3016500000
25236217670,51.3889430000
25238555306,51.3403250000
25240892960,51.2977840000
25243230595,51.3855610000
25245568231,51.3373650000
25247905885,51.2951940000
25250243521,51.3832940000
25252581156,51.3353820000
25254918810,51.2934590000
25258403664,51.5067760000
25260741318,51.5684290000
25263078954,51.7473750000
25265416589,51.9039530000
25267754243,51.9159580000
25270091879,52.0514630000
25272429514,52.1700300000
25274767169,52.1487760000
25277104804,52.2551790000
25279442440,52.3482810000
25281780094,52.3047450000
25282970512,52.1416510000
25285308147,52.1239440000
25287645783,51.9834510000
25289983437,51.8605190000
25292321073,51.8779540000
25294658708,51.7682090000
25296996362,51.6721820000
25299333998,51.7131590000
25301671634,51.6240140000
25304009288,51.6710120000
25306346923,51.7121350000
25308684559,51.4981180000
25311022213,51.4358530000
25313359849,51.2563710000
25315697484,51.0993240000
25318035138,51.0869080000
25320372774,50.9510440000
25322710428,50.8321630000
25325048064,50.8531420000
25327385699,50.7464990000
25329723354,50.6531860000
25333208207,50.8215370000
25335545842,51.0938440000
25337883497,51.2071130000
25340221132,51.4312230000
25342558768,51.6273200000
25344896422,51.6739050000
25347234058,51.8396660000
25349571693,51.9847070000
25351909347,51.9866180000
25354246983,52.1132900000
25356584618,52.0991280000
25358922273,52.0867370000
25361259908,52.2008940000
25363597544,52.1757820000
25365935198,52.1538090000
25368272834,52.5095820000
25370610469,52.8208840000
25372948123,52.9682730000
25375285759,53.2222380000
25377623394,53.4444580000
25379961049,53.5139000000
25382298684,53.6996620000
25384636320,53.8622040000
25386973974,53.7544280000
25389311610,53.7851240000
25391649245,53.8119830000
25393986899,53.7104850000
25396324535,53.7466740000
25398662170,53.7783390000
25400999825,53.6810460000
25403337460,53.7209150000
25405675096,53.7558000000
25408012750,53.7863250000
25410350386,53.8130340000
25412688021,53.8364040000
25415025675,53.8568530000
25417363311,53.8747460000
25419700946,53.8904020000
25422038601,53.9041010000
25424376236,53.9160880000
25426713891,53.9265770000
25429051526,53.9357540000
25431389162,53.9437840000
25433726816,53.9508110000
25436064451,53.9569590000
25438402087,53.9623390000
25440739741,53.9670460000
25443077377,53.9711650000
25445415012,53.9747690000
25447752667,53.9779220000
25450090302,53.9806810000
25452427938,53.9830950000
25454765592,53.9852080000
25457103228,53.9870570000
25459440863,53.9886740000
25461778517,53.8650890000
25464116153,53.8819520000
25466453788,53.8967080000
25468791443,53.7846190000
25471129078,53.8115410000
25474613932,53.9600980000
25476951586,53.9650850000
25479289221,54.0944490000
25481626857,54.2076420000
25483964511,54.1816860000
25486302147,54.2839750000
25488639782,54.3734780000
25490977437,54.3267930000
25493315072,54.4109430000
25495652708,54.4845750000
25497990362,54.4240030000
25500327997,54.4960020000
25501518415,54.4340010000
25503856069,54.2547500000
25506193705,54.2229060000
25508531341,54.1950420000
25510868995,54.0456610000
25513206630,54.0399530000
25515544266,54.0349580000
25517881920,53.9055880000
25520219556,53.9173890000
25522557191,53.9277150000
25524894846,53.8117500000
25527232481,53.7102810000
25529570117,53.6214950000
25531907771,53.4188080000
25534245406,53.3664570000
25536583042,53.3206490000
25538920696,53.1555670000
25541258332,53.1361210000
25543595967,53.1191050000
25545933622,52.9792160000
25548271257,52.9818140000
25551756129,53.1090870000
25554093765,53.2204510000
25556431400,53.4428940000
25558769055,53.6375320000
25561106690,53.8078400000
25563444326,53.9568600000
25565781980,54.0872520000
25568119615,54.2013450000
25570457251,54.3011760000
25572794905,54.3885290000
25575132541,54.4649620000
25577470176,54.5318410000
25579807831,54.5903600000
25582145466,54.6415650000
25584483102,54.6863690000
25586820756,54.7255720000
25589158392,55.1348750000
25591496027,55.3680150000
25593833681,55.5720130000
25596171317,55.8755110000
25598508952,56.0160720000
25600846607,56.1390630000
25603184242,56.3716800000
25605521878,56.4502200000
25607859532,56.3939420000
25610197168,56.3446990000
25612534803,56.3016110000
25614872457,56.2639090000
25617210093,56.2309200000
25619547729,56.2020550000
25621885383,56.1767980000
25624223018,56.1546980000
25626560654,56.1353600000
25628898308,56.1184400000
25631235944,56.1036350000
25633573579,56.0906800000
25635911234,56.0793450000
25638248869,56.0694260000
25640586505,56.0607470000
25642924159,56.0531530000
25645261795,56.0465080000
25647599430,56.0406940000
25649937084,56.0356070000
25652274720,56.0311560000
25654612355,56.0272610000
25656950010,56.0238530000
25659287645,56.0208710000
25661625281,56.0182620000
25663962935,56.0159790000
25666300571,56.0139810000
25668638206,56.0122330000
25670975860,56.0107030000
25673313496,56.0093650000
25675651132,56.0081940000
25677988786,56.0071690000
25680326421,56.0062720000
25682664057,56.0054880000
25685001711,56.1298020000
25687339347,56.1135760000
25689676982,56.0993790000
25692014637,56.2119560000
25694352272,56.1854610000
25696689908,56.1622780000
25699027562,56.2669930000
25701365198,56.2336180000
25704850070,56.3294150000
25707187705,56.5382380000
25709525341,56.5959580000
25711862995,56.6464630000
25714200631,56.8156550000
25716538266,56.8386980000
25718875920,56.8588600000
25721213556,57.0015020000
25723551191,57.0013140000
25725888846,57.0011490000
25728226481,57.1260050000
25730564117,57.1102540000
25731754553,56.9714720000
25734092189,56.9750380000
25736429824,56.8531580000
25738767479,56.7465130000
25741105114,56.6531980000
25743442750,56.5715480000
25745780404,56.5001040000
25748118040,56.4375910000
25750455675,56.3828920000
25752793329,56.3350300000
25755130965,56.2931510000
25757468601,56.2565070000
25759806255,56.0994430000
25762143890,55.9620120000
25764481526,55.8417600000
25766819180,55.7365400000
25769156816,55.6444720000
25771494451,55.5639130000
25773832106,55.4934230000
25776169741,55.4317450000
25778507377,55.3777760000
25780845031,55.3305540000
25783182667,55.2892340000
25786667520,55.3780790000
25789005174,55.7058190000
25791342810,55.8675910000
25793680445,56.0091420000
25796018100,56.2579990000
25798355735,56.3507490000
25800693371,56.4319050000
25803031025,56.6279160000
25805368661,56.6744260000
25807706296,56.7151220000
25810043950,56.8757310000
25812381586,56.8912640000
25814719240,56.9048560000
25817056876,57.0417490000
25819394511,57.0365300000
25821732166,57.2819630000
25824069801,57.6217170000
25826407437,57.9190020000
25828745091,58.0541260000
25831082727,58.2973600000
25833420362,58.5101900000
25835758016,58.5714160000
25838095652,58.7499890000
25840433287,58.9062400000
25842770942,58.9179600000
25845108577,58.9282150000
25847446213,58.8121880000
25849783867,58.7106640000
25852121503,58.7468310000
25854459138,58.6534770000
25856796793,58.5717920000
25859134428,58.6253180000
25861472064,58.5471530000
25863809718,58.4787580000
25866147354,58.5439130000
25868484989,58.4759230000
25870822643,58.4164320000
25873160279,58.4893780000
25875497914,58.4282050000
25877835569,58.3746790000
25880173204,58.4528440000
25882510840,58.3962380000
25884848494,58.3467080000
25887186130,58.4283690000
25889523765,58.3748220000
25891861420,58.3279690000
25894199055,58.4119720000
25896536691,58.3604750000
25898874345,58.3154150000
25901211981,58.4009880000
25903549616,58.3508640000
25905887270,58.3070060000
25908224906,58.3936300000
25910562541,58.3444260000
25912900196,58.3013720000
25915237831,58.3887000000
25917575467,58.3401120000
25919913121,58.2975980000
25922250757,58.3853980000
25924588392,58.3372230000
25926926047,58.2950700000
25929263682,58.3831860000
25931601318,58.3352870000
25933938972,58.2933760000
25937423825,58.5067040000
25939761480,58.5683660000
25942099115,58.7473200000
25944436751,58.9039050000
25946774405,58.9159160000
25949112041,59.0514260000
25951449676,59.1699970000
25953787330,59.1487470000
25956124966,59.2551530000
25958462602,59.3482580000
25960800256,59.3047250000
25963137891,59.3916340000
25965475527,59.4676790000
25966665945,59.2842190000
25969003599,59.2486910000
25971341235,59.2176040000
25973678870,59.0654030000
25976016524,59.0572270000
25978354160,59.0500730000
25980691796,58.9188130000
25983029450,58.9289610000
25985367085,58.9378400000
25987704721,58.8206100000
25990042375,58.8430330000
25992380011,58.8626530000
25994717665,58.6298210000
25997055301,58.5510930000
25999392936,58.3572060000
26001730591,58.1875550000
26004068226,58.1641100000
26006405862,58.0185960000
26008743516,57.8912710000
26011081152,57.9048620000
26013418787,57.7917540000
26015756441,57.6927840000
26018094077,57.7311860000
26021578930,57.7647870000
26023916585,57.7941880000
26026254220,58.0699140000
26028591856,58.1861740000
26030929510,58.2879020000
26033267146,58.5019140000
26035604781,58.5641740000
26037942435,58.6186520000
26040280071,58.7913200000
26042617707,58.8174050000
26044955361,58.8402290000
26047292996,58.9852000000
26049630632,58.9870500000
26051968286,58.9886680000
26054305922,59.1150840000
26056643557,59.1006980000
26058981212,59.0881100000
26061318847,59.2020960000
26063656483,59.5518340000
26065994137,59.7328540000
26068331773,60.0162470000
26070669408,60.2642160000
26073007063,60.4811890000
26075344698,60.6710400000
26077682334,60.8371600000
26080019988,60.9825150000
26082357623,60.9847000000
26084695259,60.9866120000
26087032913,60.9882850000
26089370549,60.9897490000
26091708184,60.9910300000
26094045839,60.9921510000
26096383474,60.9931320000
26098721129,60.9939900000
26101058764,60.9947410000
26103396400,60.9953980000
26105734054,60.9959730000
26108071690,60.9964760000
26110409325,60.9969160000
26112746980,60.9973010000
26115084615,60.9976380000
26117422251,60.9979330000
26119759905,60.9981910000
26122097540,60.9984170000
26124435176,60.9986140000
26126772830,60.9987870000
26129110466,60.9989380000
26131448101,60.9990700000
26133785756,60.8741860000
26136123391,60.8899120000
26138461027,60.9036730000
26140798681,60.7907130000
26143136317,60.8168730000
26145473952,60.8397630000
26147811607,60.7347920000
26150149242,60.7679430000
26152486878,60.7969500000
26154824532,60.6973310000
26157162168,60.7351640000
26159499803,60.7682680000
26161837458,60.6722340000
26164175093,60.7132040000
26166512729,60.7490530000
26168850383,60.6554210000
26171188019,60.6984930000
26173525654,60.7361810000
26175863308,60.6441580000
26178200944,60.6886380000
26180538579,60.7275580000
26184023452,60.8866130000
26186361087,61.0257860000
26188698723,61.1475620000
26191036377,61.2541160000
26193374013,61.3473510000
26195711648,61.4289320000
26198049302,61.5003150000
26200386938,61.5627750000
26202724592,61.6174280000
26205062228,61.6652490000
26207399863,61.7070920000
26209737518,61.7437050000
26212075153,61.7757410000
26213265571,61.6787730000
26215603207,61.5939260000
26217940861,61.3946850000
26220278497,61.3453490000
26222616132,61.3021800000
26224953786,61.1394070000
26227291422,61.1219810000
26229629058,61.1067330000
26231966712,60.9683910000
26234304347,60.9723420000
26236641983,60.9757990000
26238979637,60.8538240000
26241317273,60.8720960000
26243654908,60.6380840000
26245992563,60.4333230000
26248330198,60.3791570000
26250667834,60.2067620000
26253005488,60.1809160000
26255343124,60.1583010000
26257680759,60.0135130000
26260018414,60.0118230000
26262356049,60.0103450000
26264693685,59.8840510000
26267031339,59.8985440000
26269368975,59.9112260000
26272853847,59.9223220000
26275191482,60.1820310000
26277529118,60.4092770000
26279866772,60.6081170000
26282204408,60.7821020000
26284542043,60.9343390000
26286879698,61.0675460000
26289217333,61.1841020000
26291554969,61.2860890000
26293892623,61.3753270000
26296230259,61.4534110000
26298567894,61.5217340000
26300905549,61.5815170000
26303243184,61.6338270000
26305580820,61.6795980000
26307918474,61.7196480000
26310256110,61.7546920000
26312593745,62.0353550000
26314931399,62.2809350000
26317269035,62.4958180000
26319606671,62.6838400000
26321944325,62.8483600000
26324281960,62.9923150000
26326619596,63.1182750000
26328957250,63.2284900000
26331294886,63.3249280000
26333632521,63.4093120000
26335970176,63.3581480000
26338307811,63.3133790000
26340645447,63.2742060000
26342983101,63.2399300000
26345320737,63.2099380000
26347658372,63.1836950000
26349996027,63.1607330000
26352333662,63.1406410000
26354671298,63.1230600000
26357008952,63.2326770000
26359346588,63.2035920000
26361684223,63.1781430000
26364021878,63.2808750000
26366359513,63.2457650000
26368697149,63.2150440000
26371034803,63.3131630000
26373372439,63.2740170000
26375710074,63.2397640000
26378047729,63.3347930000
26380385364,63.2929430000
26382723018,63.2563250000
26385060654,63.3492840000
26387398290,63.3056230000
26389735944,63.2674200000
26392073579,63.3589920000
26394411215,63.3141180000
26396748869,63.2748530000
26399086505,63.3654960000
26401424140,63.3198090000
26403761795,63.2798320000
26406099430,63.3698530000
26408437066,63.3236210000
26410774720,63.2831680000
26413112356,63.3727720000
26415449991,63.3261750000
26417787646,63.2854030000
26420125281,63.2497270000
26422462917,63.2185110000
26424800571,63.1911970000
26427138207,63.1672970000
26429475842,63.1463840000
26431813497,63.1280860000
26434151132,63.1120750000
26436488768,63.0980650000
26439973640,63.2108060000
26442311275,63.3094550000
26444648911,63.3957730000
26446986565,63.4713010000
26449324201,63.5373880000
26451661837,63.5952140000
26453999491,63.6458120000
26456337126,63.6900850000
26458674762,63.7288240000
26461012416,63.8877210000
26463350052,63.9017550000
26465687687,63.9140350000
26468025342,64.0497800000
26470362977,64.0435570000
26471553395,63.9131120000
26473891049,63.7989730000
26476228685,63.6991010000
26478566321,63.6117130000
26480903975,63.5352480000
26483241611,63.4683420000
26485579246,63.4097990000
26487916900,63.3585740000
26490254536,63.3137520000
26492592172,63.2745330000
26494929826,63.2402160000
26497267461,63.2101890000
26499605097,63.1839150000
26501942751,63.0359250000
26504280387,62.9064340000
26506618022,62.7931290000
26508955677,62.6939870000
26511293312,62.6072380000
26513630948,62.5313330000
26515968602,62.4649160000
26518306238,62.4068010000
26520643873,62.3559500000
26522981528,62.1864560000
26525319163,62.1631490000
26527656799,62.1427550000
26531141671,62.2499100000
26533479307,62.3436710000
26535816961,62.5507120000
26538154597,62.8568730000
26540492232,62.9997630000
26542829886,63.1247920000
26545167522,63.3591930000
26547505158,63.4392930000
26549842812,63.5093810000
26552180447,63.6957080000
26554518083,63.7337440000
26556855737,63.7670260000
26559193373,63.9211470000
26561531009,63.9310030000
26563868663,63.9396270000
26566206298,64.0721730000
26568543934,64.0631510000
26570881588,64.0552570000
26573219224,64.1733490000
26575556859,64.5266800000
26577894514,64.7108450000
26580232149,64.9969890000
26582569785,65.2473650000
26584907439,65.3414440000
26587245075,65.5487630000
26589582710,65.7301670000
26591920365,65.7638960000
26594258000,65.9184090000
26596595636,65.8036070000
26598933290,65.7031560000
26601270926,65.7402610000
26603608561,65.6477280000
26605946216,65.5667620000
26608283851,65.6209160000
26610621487,65.5433010000
26612959141,65.4753880000
26615296777,65.5409640000
26617634412,65.4733430000
26619972067,65.4141750000
26622309702,65.4874030000
26624647338,65.4264770000
26626984992,65.3731670000
26629322628,65.4515210000
26631660263,65.3950800000
26633997918,65.3456950000
26636335553,65.4274830000
26638673189,65.3740470000
26641010843,65.4522910000
26643348479,65.5207540000
26645686114,65.4556590000
26648023769,65.5237010000
26650361404,65.5832380000
26652699040,65.5103330000
26655036694,65.5715410000
26657374330,65.6250980000
26659711965,65.5469600000
26662049620,65.6035900000
26664387255,65.6531410000
26666724891,65.5714980000
26669062545,65.6250600000
26671400181,65.6719270000
26673737835,65.5879360000
26676075471,65.6394440000
26678413106,65.6845130000
26680750761,65.5989480000
26683088396,65.6490790000
26685426032,65.6929440000
26687763686,65.6063260000
26690101322,65.6555350000
26692438957,65.6985930000
26694776612,65.6112680000
26697114247,65.6598590000
26699451883,65.7023760000
26701789537,65.6145790000
26704127173,65.6627560000
26707612026,65.7049110000
26709949680,65.7417970000
26712287316,65.8990720000
26714624951,65.9116880000
26716962606,65.9227270000
26719300241,66.0573860000
26721637877,66.0502120000
26723975531,66.0439350000
26726313167,66.1634430000
26728650802,66.1430120000
26730988457,66.1251350000
26733326092,66.2344930000
26735663728,66.2051810000
26738001382,66.3045330000
26739191800,66.2664660000
26741529436,66.1081570000
26743867090,65.9696370000
26746204726,65.9734320000
26748542361,65.8517530000
26750880016,65.7452830000
26753217651,65.7771220000
26755555287,65.6799810000
26757892941,65.5949830000
26760230577,65.6456100000
26762568212,65.5649080000
26764905867,65.4942940000
26767243502,65.5575070000
26769581138,65.4878180000
26771918792,65.3018400000
26774256428,65.2641100000
26776594063,65.1060960000
26778931718,64.9678340000
26781269353,64.9718540000
26783606989,64.8503720000
26785944643,64.7440750000
26788282279,64.7760650000
26790619914,64.6790560000
26792957569,64.5941740000
26795295204,64.6449020000
26797632840,64.5642890000
26799970494,64.4937520000
26803455347,64.5570330000
26805793002,64.7374030000
26808130637,65.0202270000
26810468273,65.2676980000
26812805927,65.3592350000
26815143563,65.5643300000
26817481198,65.7437880000
26819818853,65.7758140000
26822156488,65.9288370000
26824494124,66.0627320000
26826831778,66.0548900000
26829169414,66.1730280000
26831507049,66.2763990000
26833844704,66.2418490000
26836182339,66.3366170000
26838519975,66.4195390000
26840857629,66.3670960000
26843195265,66.4462090000
26845532901,66.7654320000
26847870555,67.0447530000
26850208190,67.2891580000
26852545826,67.5030130000
26854883480,67.6901360000
26857221116,67.8538690000
26859558752,67.9971350000
26861896406,68.1224930000
26864234041,68.2321810000
26866571677,68.3281580000
26868909331,68.4121380000
26871246967,68.3606200000
26873584603,68.3155420000
26875922257,68.1510990000
26878259892,68.1322110000
26880597528,68.1156840000
26882935182,67.9762230000
26885272818,67.9791950000
26887610454,67.9817950000
26889948108,67.8590700000
26892285744,67.8766860000
26894623379,67.8921000000
26896961033,67.7805870000
26899298669,67.8080130000
26901636305,67.8320110000
26903973959,67.7280090000
26906311595,67.7620070000
26908649230,67.7917560000
26910986885,67.6927860000
26913324520,67.7311870000
26915662156,67.7647880000
26917999810,67.6691890000
26920337446,67.7105400000
26922675081,67.7467220000
26925012736,67.7783810000
26927350371,67.8060830000
26929688007,67.8303220000
26932025661,67.8515310000
26934363297,67.8700890000
26936700932,67.8863270000
26939038587,67.9005360000
26941376222,67.9129690000
26943713858,67.9238470000
26946051512,67.9333660000
26948389148,67.9416950000
26950726783,67.9489830000
26953064438,67.9553600000
26955402073,67.9609400000
26957739728,67.9658220000
26960077363,67.9700940000
26962414999,67.9738320000
26964752653,67.9771030000
26967090289,67.9799650000
26969427924,67.9824690000
26971765579,67.9846600000
26974103214,67.9865770000
26976440850,67.9882540000
26978778504,67.9897220000
26982263358,68.1160060000
26984600993,68.2265050000
26986938647,68.3231910000
26989276283,68.4077920000
26991613919,68.4818180000
26993951573,68.4215900000
26996289209,68.4938910000
26998626844,68.5571540000
27000964499,68.4875090000
27003302134,68.5515700000
27005639770,68.6076230000
27007977424,68.5316700000
27010315060,68.5902110000
27012652695,68.6414340000
27014990350,68.5612540000
27016180767,68.4910970000
27018518403,68.4297090000
27020856057,68.2509950000
27023193693,68.2196200000
27025531329,68.1921670000
27027868983,68.0431460000
27030206618,68.0377520000
27032544254,68.0330330000
27034881908,67.9039030000
27037219544,67.9159150000
27039557180,67.9264250000
27041894834,67.8106210000
27044232470,67.8342930000
27046570105,67.8550060000
27048907760,67.6231300000
27051245395,67.5452380000
27053583031,67.4770830000
27055920685,67.2924470000
27058258321,67.2558910000
27060595956,67.2239040000
27062933611,67.0709160000
27065271246,67.0620510000
27067608882,67.0542940000
27069946536,66.9225070000
27072284172,66.9321930000
27074621807,66.9406680000
27076959462,66.8230840000
27080444315,66.9701980000
27082781969,67.0989230000
27085119605,67.3365570000
27087457241,67.5444870000
27089794895,67.7264260000
27092132531,67.8856220000
27094470166,68.0249190000
27096807820,68.1468040000
27099145456,68.2534530000
27101483092,68.3467710000
27103820746,68.4284240000
27106158382,68.4998710000
27108496017,68.5623870000
27110833672,68.6170880000
27113171307,68.6649520000
27115508943,68.7068330000
27117846597,68.7434780000
27120184233,68.7755430000
27122521868,68.8036000000
27124859523,68.8281500000
27127197158,69.2246310000
27129534794,69.4465520000
27131872448,69.6407330000
27134210084,69.9356410000
27136547719,70.0686850000
27138885374,70.1850990000
27141223009,70.4119610000
27143560645,70.4854650000
27145898299,70.5497810000
27148235935,70.7310580000
27150573570,70.6396750000
27152911225,70.5597150000
27155248860,70.4897500000
27157586496,70.4285310000
27159924150,70.3749640000
27162261786,70.3280930000
27164599422,70.2870810000
27166937076,70.2511950000
27169274712,70.2197950000
27171612347,70.1923200000
27173950001,70.1682800000
27176287637,70.1472450000
27178625273,70.1288390000
27180962927,70.1127340000
27183300563,70.0986420000
27185638198,70.0863110000
27187975853,70.0755220000
27190313488,70.0660810000
27192651124,70.0578200000
27194988778,70.0505920000
27197326414,70.0442680000
27199664049,70.0387340000
27202001704,70.1588920000
27204339339,70.1390300000
27206676975,70.1216510000
27209014629,70.2314440000
27211352265,70.2025130000
27213689900,70.1771980000
27216027555,70.2800480000
27218365190,70.2450420000
27220702826,70.2144110000
27223040480,70.3126090000
27225378116,70.2735320000
27227715752,70.2393400000
27230053406,70.3344220000
27232391042,70.2926190000
27234728677,70.2560410000
27237066331,70.3490350000
27239403967,70.3054050000
27241741621,70.2672290000
27244079257,70.3588250000
27246416893,70.3139710000
27248754547,70.2747240000
27251092183,70.3653830000
27253429818,70.3197100000
27255767473,70.2797460000
27258105108,70.3697770000
27260442744,70.3235540000
27262780398,70.2831090000
27266265252,70.4977200000
27268602887,70.5605050000
27270940541,70.6154410000
27273278177,70.6635100000
27275615813,70.7055710000
27277953467,70.7423740000
27280291103,70.7745770000
27282628738,70.8027540000
27284966393,70.8274090000
27287304028,70.8489820000
27289641664,70.8678590000
27291979318,70.8843760000
27294316954,70.8988290000
27296654589,70.9114750000
27298992244,70.9225400000
27300182662,70.8072220000
27302520297,70.7063190000
27304857952,70.6180290000
27307195587,70.5407750000
27309533223,70.4731780000
27311870877,70.4140300000
27314208513,70.3622760000
27316546148,70.3169910000
27318883803,70.2773670000
27321221438,70.2426960000
27323559074,70.2123590000
27325896728,70.1858140000
27328234364,70.1625870000
27330571999,70.1422630000
27332909654,70.1244800000
27335247289,69.9839200000
27337584925,69.8609300000
27339922579,69.7533130000
27342260215,69.6591480000
27344597851,69.5767540000
27346935505,69.5046590000
27349273141,69.4415760000
27351610776,69.3863790000
27353948430,69.3380810000
27356286066,69.2958200000
27358623702,69.2588420000
27360961356,69.2264860000
27363298992,69.1981750000
27365636627,69.1734030000
27369121499,69.4017270000
27371459135,69.6015110000
27373796789,69.7763220000
27376134425,70.0542810000
27378472061,70.1724950000
27380809715,70.2759330000
27383147351,70.4914410000
27385484986,70.5550100000
27387822641,70.6106330000
27390160276,70.7843030000
27392497912,70.8112650000
27394835566,70.8348560000
27397173202,70.9804990000
27399510837,70.9829360000
27401848492,70.9850690000
27404186127,71.1119350000
27406523763,71.0979430000
27408861417,71.0857000000
27411199053,71.1999870000
27413536688,71.1749880000
27415874343,71.1531140000
27418211978,71.5089740000
27420549614,71.8203520000
27422887268,71.9678080000
27425224904,72.2218320000
27427562540,72.4441030000
27429900194,72.5135900000
27432237830,72.6993910000
27434575465,72.8619670000
27436913120,72.8792210000
27439250755,73.0193180000
27441588391,72.8919030000
27443926045,72.7804150000
27446263681,72.8078630000
27448601316,72.7068800000
27450938971,72.6185200000
27453276606,72.6662050000
27455614242,72.5829290000
27457951896,72.5100620000
27460289532,72.5713040000
27462627168,72.4998910000
27464964822,72.4374040000
27467302458,72.5077280000
27469640093,72.4442620000
27471977748,72.3887290000
27474315383,72.4651370000
27476653019,72.4069940000
27478990673,72.3561190000
27481328309,72.4366040000
27483665944,72.3820280000
27486003599,72.4592740000
27488341234,72.5268640000
27490678870,72.4610060000
27493016524,72.5283800000
27495354160,72.5873320000
27497691795,72.5139150000
27500029450,72.5746750000
27502367085,72.6278400000
27504704721,72.5493600000
27507042375,72.6056900000
27509380011,72.6549780000
27511717647,72.5731050000
27514055301,72.6264660000
27516392937,72.6731570000
27518730572,72.5890120000
27521068227,72.6403850000
27523405862,72.6853360000
27525743498,72.5996690000
27528081152,72.6497100000
27530418788,72.6934960000
27532756442,72.6068090000
27535094078,72.6559570000
27537431713,72.6989620000
27539769368,72.6115910000
27542107003,72.6601420000
27544444639,72.7026240000
27546782293,72.6147960000
27549119929,72.6629460000
27551457565,72.7050770000
27553795219,72.6169420000
27556132855,72.6648240000
27558470490,72.5817210000
27561955362,72.6340050000
27564292998,72.8047540000
27566630634,72.8291590000
27568968288,72.8505140000
27571305924,72.9941990000
27573643559,72.9949240000
27575981214,72.9955580000
27578318849,73.1211130000
27580656485,73.1059730000
27582994139,73.0927260000
27585331775,73.2061350000
27587669410,73.1803680000
27590007065,73.2828220000
27592344700,73.3724690000
27594682336,73.3259100000
27597019990,73.4101710000
27598210408,73.3588990000
27600548044,73.1890360000
27602885698,73.0404060000
27605223334,73.0353550000
27607560969,72.9059350000
27609898624,72.7926930000
27612236259,72.8186060000
27614573895,72.7162800000
27616911549,72.6267450000
27619249185,72.6734010000
27621586821,72.5892250000
27623924475,72.5155710000
27626262111,72.5761240000
27628599746,72.5041080000
27630937401,72.4410940000
27633275036,72.3859570000
27635612672,72.2127120000
27637950326,72.0611230000
27640287962,72.0534820000
27642625597,71.9217960000
27644963252,71.8065710000
27647300887,71.8307490000
27649638523,71.7269050000
27651976177,71.6360410000
27654313813,71.6815350000
27656651449,71.5963430000
27658989103,71.5218000000
27661326739,71.4565750000
27663664374,71.3995030000
27667149246,71.5995650000
27669486882,71.6496190000
27671824536,71.8184160000
27674162172,72.0911140000
27676499808,72.3297240000
27678837462,72.4135080000
27681175098,72.6118190000
27683512733,72.7853410000
27685850388,72.8121730000
27688188023,72.9606510000
27690525659,73.0905690000
27692863313,73.0792470000
27695200949,73.1943410000
27697538584,73.2950480000
27699876239,73.2581670000
27702213874,73.3508960000
27704551510,73.4320340000
27706889165,73.3780290000
27709226800,73.4557750000
27711564436,73.5238030000
27713902090,73.4583270000
27716239726,73.7760360000
27718577361,74.0540310000
27720915016,74.2972770000
27723252651,74.5101170000
27725590287,74.6963520000
27727927941,74.8593080000
27730265577,75.0018940000
27732603213,75.1266570000
27734940867,75.2358240000
27737278503,75.3313460000
27739616138,75.4149270000
27741953793,75.2380610000
27744291428,75.2083030000
27746629064,75.1822650000
27748966718,75.0344810000
27751304354,75.0301700000
27753641989,75.0263980000
27755979644,74.8980980000
27758317279,74.9108350000
27760654915,74.9219800000
27762992569,74.8067320000
27765330205,74.8308900000
27767667841,74.8520280000
27770005495,74.8705240000
27772343131,74.8867080000
27774680766,74.9008690000
27777018421,74.9132600000
27779356056,74.9241020000
27781693692,74.9335890000
27784031346,74.9418900000
27786368982,74.9491530000
27788706618,74.9555080000
27791044272,74.9610690000
27793381908,74.9659350000
27795719543,74.9701930000
27798057198,74.9739180000
27800394833,74.9771780000
27802732469,74.9800300000
27805070123,74.9825260000
27807407759,74.9847100000
27809745394,74.9866210000
27812083049,74.9882930000
27814420684,74.9897560000
27816758339,74.9910360000
27819095974,74.9921560000
27821433610,74.9931360000
27823771264,74.9939940000
27826108900,74.9947440000
27828446536,74.9954010000
27830784190,74.9959750000
27833121826,74.9964780000
27835459461,74.9969180000
27837797116,74.9973030000
27840134751,74.9976400000
27842472387,74.9979350000
27844810041,74.8731930000
27847147677,74.8890430000
27849485313,74.9029120000
27851822967,74.7900480000
27854160603,74.8162920000
27856498238,74.8392550000
27858835893,74.7343480000
27861173528,74.7675540000
27863511164,74.7966090000
27865848818,74.6970320000
27869333672,74.8599030000
27871671307,75.0024150000
27874008962,75.1271130000
27876346597,75.2362230000
27878684233,75.3316950000
27881021887,75.4152330000
27883359523,75.4883280000
27885697158,75.5522870000
27888034813,75.6082510000
27890372449,75.6572190000
27892710084,75.7000660000
27895047739,75.7375570000
27897385374,75.7703620000
27899723010,75.7990660000
27902060664,75.8241820000
27904398300,75.8461590000
27905588718,75.7403890000
27907926372,75.5228400000
27910264008,75.4574850000
27912601643,75.4002990000
27914939298,75.2252610000
27917276933,75.1971030000
27919614569,75.1724650000
27921952223,75.0259060000
27924289859,75.0226670000
27926627495,75.0198330000
27928965149,74.8923530000
27931302785,74.9058080000
27933640420,74.9175820000
27935978075,74.8028840000
27938315710,74.8275230000
27940653346,74.8490820000
27942991000,74.6179460000
27945328636,74.5407020000
27947666271,74.3481140000
27950003926,74.3045990000
27952341561,74.2665240000
27954679197,74.1082080000
27957016851,74.0946820000
27959354487,74.0828460000
27961692123,73.9474900000
27964029777,73.9540530000
27966367413,73.9597960000
27968705048,73.8398210000
27971042703,73.8598430000
27973380338,73.8773620000
27975717974,73.7676910000
27979202846,73.9217290000
27981540482,74.1815120000
27983878136,74.4088230000
27986215772,74.6077200000
27988553407,74.7817550000
27990891062,74.9340350000
27993228697,75.0672800000
27995566333,75.1838700000
27997903988,75.2858860000
28000241623,75.3751500000
28002579259,75.4532560000
28004916913,75.5215990000
28007254549,75.5813990000
28009592184,75.6337240000
28011929839,75.6795080000
28014267474,75.7195690000
28016605110,75.7546220000
28018942764,75.7852940000
28021280400,75.8121320000
28023618036,75.8356150000
28025955690,76.1061630000
28028293326,76.3428920000
28030630961,76.5500300000
28032968616,76.7312760000
28035306251,76.8898660000
28037643887,77.0286320000
28039981541,77.1500530000
28042319177,77.2562960000
28044656813,77.3492590000
28046994467,77.4306010000
28049332103,77.5017750000
28051669738,77.5640530000
28054007393,77.7435460000
28056345028,77.6506020000
28058682664,77.5692760000
28061020318,77.6231160000
28063357954,77.5452260000
28065695590,77.4770720000
28068033244,77.5424380000
28070370880,77.4746330000
28072708515,77.4153030000
28075046170,77.4883900000
28077383805,77.4273410000
28079721441,77.3739230000
28082059095,77.4521820000
28084396731,77.3956590000
28086734367,77.3462010000
28089072021,77.4279250000
28091409657,77.3744340000
28093747292,77.3276290000
28096084947,77.4116750000
28098422582,77.3602150000
28100760237,77.3151880000
28103097872,77.4007890000
28105435508,77.3506900000
28107773162,77.3068530000
28110110798,77.3934960000
28112448434,77.3443090000
28114786088,77.3012700000
28117123724,77.3886110000
28119461359,77.3400340000
28121799014,77.2975290000
28124136649,77.3853370000
28126474285,77.3371690000
28128811939,77.2950220000
28131149575,77.2581440000
28133487211,77.2258760000
28135824865,77.1976410000
28138162501,77.1729350000
28140500136,77.1513180000
28142837791,77.1324030000
28145175426,77.1158520000
28147513062,77.1013700000
28149850716,77.0886980000
28152188352,77.0776100000
28154525988,77.0679080000
28156863642,77.0594190000
28159201278,77.0519910000
28161538913,77.0454920000
28163876568,77.0398050000
28166214203,77.0348290000
28168551839,77.0304750000
28170889493,77.0266650000
28173227129,77.0233310000
28175564765,77.0204140000
28177902419,77.0178620000
28181387272,77.1406290000
28183724908,77.2480500000
28186062562,77.4670430000
28188400198,77.5336620000
28190737834,77.5919540000
28193075488,77.7679590000
28195413124,77.7969640000
28197750759,77.8223430000
28200088414,77.9695500000
28202426049,77.9733560000
28204763704,77.9766860000
28207101339,78.1046000000
28209438975,78.0915250000
28211776630,78.0800840000
28214114265,78.1950730000
28216451901,78.1706880000
28218789555,78.1493520000
28219979973,78.0056830000
28222317609,77.8799720000
28224655244,77.7699750000
28226992899,77.6737280000
28229330534,77.5895120000
28231668170,77.5158230000
28234005824,77.5763450000
28236343460,77.5043010000
28238681096,77.4412630000
28241018750,77.5111050000
28243356386,77.4472160000
28245694021,77.3913140000
28248031676,77.4673990000
28250369311,77.4089740000
28252706947,77.3578520000
28255044601,77.4381200000
28257382237,77.2583550000
28259719873,77.1010600000
28262057527,76.9634270000
28264395163,76.8429980000
28266732798,76.7376230000
28269070453,76.6454200000
28271408088,76.5647420000
28273745724,76.4941490000
28276083378,76.4323800000
28278421014,76.3783320000
28280758668,76.3310400000
28283096304,76.2896600000
28285433940,76.2534520000
28287771594,76.2217700000
28290109230,76.1940480000
28293594083,76.2947920000
28295931738,76.3829430000
28298269373,76.7100750000
28300607009,76.8713150000
28302944663,77.0124000000
28305282299,77.2608500000
28307619935,77.3532430000
28309957589,77.4340870000
28312295225,77.5048260000
28314632860,77.5667220000
28316970515,77.6208810000
28319308150,77.6682700000
28321645786,77.7097360000
28323983440,77.7460190000
28326321076,77.7777660000
28328658712,77.8055450000
28330996366,77.8298510000
28333334002,77.8511190000
28335671637,77.8697290000
28338009292,78.0110120000
28340346927,78.0096350000
28342684563,78.0084300000
28345022217,78.1323760000
28347359853,78.4908290000
28349697489,78.6794750000
28352035143,78.9695400000
28354372779,79.2233470000
28356710414,79.3204280000
28359048069,79.5303740000
28361385704,79.7140770000
28363723340,79.7498170000
28366060994,79.9060890000
28368398630,80.0428270000
28370736266,80.0374730000
28373073920,80.0327880000
28375411556,80.0286890000
28377749191,79.9001020000
28380086846,79.9125890000
28382424481,79.9235150000
28384762136,79.8080750000
28387099772,79.8320650000
28389437407,79.8530560000
28391775062,79.7464240000
28394112697,79.7781210000
28396450333,79.8058550000
28398787987,79.7051230000
28401125623,79.7419820000
28403463259,79.7742340000
28405800913,79.6774540000
28408138549,79.7177720000
28410476184,79.7530500000
28412813839,79.6589180000
28415151474,79.7015530000
28417489110,79.6138580000
28419826764,79.5371250000
28422164400,79.5949840000
28424502036,79.5206110000
28426839690,79.4555340000
28429177326,79.5235920000
28431514961,79.4581430000
28433852616,79.4008750000
28436190251,79.4757650000
28438527887,79.4162940000
28440865541,79.3642570000
28443203177,79.4437240000
28445540813,79.3882580000
28447878467,79.3397250000
28450216103,79.4222590000
28452553738,79.3694760000
28454891393,79.3232910000
28457229029,79.4078790000
28459566664,79.3568940000
28461904319,79.3122820000
28464241954,79.3982460000
28466579590,79.3484650000
28468917244,79.3049060000
28471254880,79.3917920000
28473592516,79.3428180000
28475930170,79.2999650000
28478267806,79.3874690000
28480605441,79.3390350000
28482943096,79.2966550000
28485280731,79.3845730000
28487618367,79.3365010000
28489956021,79.2944380000
28492293657,79.3826330000
28494631293,79.3348030000
28496968947,79.2929520000
28499306583,79.3813330000
28501644218,79.3336660000
28503981873,79.2919570000
28506319508,79.3804620000
28509804381,79.4579040000
28512142016,79.6506660000
28514479652,79.8193320000
28516817306,79.8419150000
28519154942,79.9866750000
28521492578,80.1133400000
28523830232,80.0991720000
28526167868,80.2117750000
28528505503,80.3103030000
28530843158,80.2715150000
28533180793,80.3625750000
28535518429,80.4422530000
28537856084,80.3869710000
28540193719,80.4635990000
28542531355,80.5306490000
28544869009,80.4643170000
28547206645,80.5312770000
28548397063,80.4648670000
28550734698,80.2817580000
28553072353,80.2465380000
28555409988,80.2157200000
28557747624,80.0637550000
28560085278,80.0557850000
28562422914,80.0488110000
28564760550,79.9177090000
28567098204,79.9279950000
28569435840,79.9369950000
28571773494,79.8198700000
28574111130,79.8423860000
28576448766,79.8620870000
28578786420,79.7543260000
28581124056,79.7850350000
28583461691,79.8119050000
28585799346,79.7104160000
28588136981,79.6216140000
28590474617,79.4189120000
28592812271,79.2415480000
28595149907,79.2113540000
28597487543,79.0599340000
28599825197,78.9274420000
28602162833,78.9365110000
28604500468,78.8194470000
28606838123,78.7170160000
28609175758,78.7523890000
28611513394,78.6583400000
28613851049,78.5760470000
28616188684,78.6290410000
28618526320,78.5504100000
28620863974,78.4816080000
28623201610,78.5464070000
28626686463,78.6031060000
28629024118,78.9027170000
28631361753,79.1648770000
28633699389,79.2692670000
28636037044,79.4856080000
28638374679,79.6749070000
28640712315,79.7155430000
28643049969,79.8761000000
28645387605,80.0165870000
28647725241,80.0145130000
28650062895,80.1376980000
28652400531,80.2454850000
28654738166,80.2147990000
28657075821,80.3129490000
28659413456,80.3988300000
28661751092,80.3489760000
28664088746,80.4303540000
28666426382,80.5015590000
28668764018,80.4388640000
28671101672,80.5090060000
28673439308,80.8203800000
28675776962,81.0928320000
28678114598,81.3312280000
28680452233,81.5398240000
28682789888,81.7223460000
28685127524,81.8820520000
28687465159,82.0217950000
28689802814,82.1440700000
28692140449,82.2510610000
28694478085,82.3446780000
28696815739,82.4265930000
28699153375,82.4982680000
28701491011,82.5609840000
28703828665,82.6158610000
28706166301,82.6638780000
28708503936,82.5808930000
28710841591,82.3832810000
28713179226,82.3353700000
28715516862,82.2934480000
28717854517,82.1317670000
28720192152,82.1152960000
28722529788,82.1008840000
28724867442,81.9632730000
28727205078,81.9678630000
28729542714,81.9718800000
28731880368,81.8503950000
28734218004,81.8690950000
28736555639,81.8854580000
28738893294,81.7747750000
28741230929,81.8029280000
28743568565,81.8275620000
28745906219,81.7241160000
28748243855,81.7586010000
28750581491,81.7887750000
28752919145,81.6901780000
28755256781,81.7289050000
28757594417,81.7627910000
28759932071,81.6674420000
28762269707,81.7090110000
28764607342,81.7453840000
28766944997,81.6522110000
28769282632,81.6956840000
28771620268,81.7337230000
28773957922,81.6420070000
28776295558,81.6867560000
28778633194,81.7259110000
28780970848,81.6351720000
28783308484,81.6807750000
28785646119,81.7206780000
28787983774,81.6305930000
28790321410,81.6767680000
28792659045,81.7171720000
28794996700,81.6275250000
28797334335,81.6740840000
28799671971,81.7148230000
28802009625,81.7504700000
28804347261,81.7816610000
28806684897,81.8089530000
28809022551,81.8328330000
28811360187,81.8537280000
28813697822,81.8720120000
28816035477,81.8880100000
28818373113,81.9020080000
28820710748,81.9142570000
28823048403,81.9249740000
28825386038,81.9343520000
28827723674,81.9425580000
28830061328,81.9497380000
28832398964,81.9560200000
28834736600,81.9615170000
28837074254,81.9663270000
28840559108,82.0955360000
28842896762,82.2085940000
28845234398,82.3075190000
28847572033,82.3940790000
28849909688,82.4698190000
28852247323,82.5360910000
28854584959,82.5940790000
28856922613,82.6448190000
28859260249,82.6892160000
28861597885,82.7280640000
28863935539,82.7620560000
28866273175,82.7917990000
28868610811,82.8178240000
28870948465,82.8405960000
28873286101,82.8605210000
28875623736,82.8779550000
28877961391,82.8932100000
28880299026,82.9065580000
28881489444,82.7932380000
28883827099,82.5690830000
28886164734,82.4979470000
28888502370,82.4357030000
28890840024,82.2562400000
28893177660,82.2242100000
28895515296,82.1961830000
28897852950,82.0466600000
28900190586,82.0408270000
28902528221,82.0357230000
28904865876,81.9062570000
28907203512,81.9179740000
28909541147,81.9282270000
28911878802,81.8121980000
28914216437,81.8356730000
28916554073,81.8562130000
28918891727,81.7491860000
28921229363,81.6555370000
28923566999,81.5735940000
28925904653,81.3768940000
28928242289,81.3297820000
28930579924,81.2885590000
28932917579,81.1274890000
28935255215,81.1115520000
28937592850,81.0976080000
28939930505,80.9604070000
28942268140,80.9653560000
28944605776,80.9696860000
28946943430,80.8484750000
28949281066,80.8674150000
28951618702,80.8839880000
28953956356,80.7734890000
28956293992,80.8018020000
28959778864,80.9515760000
28962116500,81.0826290000
28964454135,81.3223000000
28966791790,81.5320120000
28969129426,81.7155100000
28971467061,81.8760710000
28973804716,82.0165620000
28976142351,82.1394910000
28978479987,82.2470540000
28980817641,82.3411720000
28983155277,82.4235250000
28985492913,82.4955840000
28987830567,82.5586360000
28990168203,82.6138060000
28992505838,82.6620800000
28994843493,82.7043200000
28997181129,82.7412800000
28999518764,82.7736200000
29001856419,82.8019170000
29004194054,82.8266770000
29006531690,82.8483420000
29008869344,82.8672990000
29011206980,82.8838860000
29013544616,82.8984000000
29015882270,83.1611000000
29018219906,83.5159620000
29020557541,83.7014660000
29022895196,83.8637820000
29025232832,84.1308090000
29027570467,84.2394570000
29029908122,84.3345240000
29032245757,84.5427080000
29034583393,84.5998690000
29036921048,84.6498850000
29039258683,84.8186490000
29041596319,84.8413170000
29043933973,84.7361520000
29046271609,84.6441330000
29048609245,84.5636160000
29050946899,84.4931640000
29053284535,84.4315180000
29055622170,84.3775780000
29057959825,84.3303800000
29060297460,84.2890820000
29062635096,84.2529460000
29064972751,84.2213270000
29067310386,84.1936610000
29069648022,84.1694530000
29071985676,84.1482710000
29074323312,84.1297370000
29076660948,84.1135190000
29078998602,84.0993290000
29081336238,84.0869120000
29083673873,84.0760480000
29086011528,84.1915420000
29088349164,84.1675990000
29090686799,84.1466490000
29093024454,84.2533170000
29095362089,84.2216520000
29097699725,84.1939450000
29100037379,84.2947010000
29102375015,84.2578630000
29104712651,84.2256300000
29107050305,84.3224260000
29109387941,84.2821220000
29111725576,84.2468560000
29114063231,84.3409990000
29116400867,84.2983740000
29118738502,84.2610770000
29121076157,84.3534420000
29123413792,84.3092610000
29125751428,84.2706030000
29128089083,84.3617770000
29130426718,84.3165540000
29132764354,84.2769840000
29135102008,84.3673610000
29137439644,84.3214400000
29139777298,84.2812600000
29142114934,84.3711020000
29144452570,84.3247140000
29146790224,84.2841240000
29149127860,84.3736080000
29151465496,84.3269070000
29153803150,84.2860430000
29156140786,84.3752870000
29158478421,84.3283760000
29160816076,84.2873290000
29163153711,84.3764120000
29165491347,84.3293600000
29167829002,84.2881900000
29170166637,84.2521660000
29172504273,84.2206450000
29174841927,84.1930640000
29177179563,84.1689310000
29179517199,84.1478140000
29181854853,84.1293370000
29184192489,84.1131690000
29187677342,84.2240220000
29190014997,84.4460190000
29192352632,84.5152660000
29194690268,84.5758570000
29197027923,84.7538740000
29199365558,84.7846390000
29201703194,84.8115590000
29204040848,84.9601140000
29206378484,84.9650990000
29208716120,84.9694610000
29211053774,85.0982780000
29213391410,85.0859930000
29215729045,85.0752430000
29218066700,85.1908370000
29220404336,85.1669820000
29222741971,85.1461090000
29225079626,85.2528450000
29227417261,85.2212390000
29228607679,85.0685840000
29230945334,84.9350110000
29233282969,84.8181340000
29235620605,84.7158670000
29237958259,84.6263830000
29240295895,84.5480850000
29242633531,84.4795740000
29244971185,84.4196270000
29247308821,84.3671730000
29249646456,84.3212760000
29251984111,84.2811160000
29254321747,84.2459760000
29256659382,84.2152290000
29258997037,84.1883250000
29261334672,84.1647840000
29263672308,84.1441860000
29266009963,84.2511620000
29268347598,84.2197660000
29270685234,84.0672950000
29273022888,83.9338830000
29275360524,83.8171470000
29277698160,83.7150030000
29280035814,83.6256270000
29282373450,83.5474230000
29284711085,83.4789950000
29287048740,83.4191200000
29289386376,83.3667300000
29291724011,83.3208880000
29294061666,83.2807770000
29296399301,83.2456790000
29298736937,83.2149690000
29301074592,83.1880970000
29303412227,83.1645840000
29305749863,83.1440110000
29308087517,83.1260090000
29311572371,83.2352570000
29313910025,83.4558490000
29316247661,83.7738670000
29318585297,83.9271330000
29320922951,84.0612410000
29323260587,84.3035850000
29325598222,84.3906360000
29327935877,84.4668060000
29330273513,84.6584550000
29332611148,84.7011480000
29334948803,84.7385040000
29337286438,84.8961910000
29339624074,84.9091670000
29341961728,84.9205210000
29344299364,85.0554550000
29346637000,85.0485230000
29348974654,85.0424570000
29351312290,85.0371490000
29353649926,85.0325050000
29355987580,85.0284410000
29358325216,85.0248850000
29360662851,85.0217740000
29363000506,85.3940520000
29365338142,85.7197950000
29367675777,85.8798200000
29370013432,86.1448420000
29372351067,86.3767360000
29374688703,86.4546440000
29377026358,86.6478130000
29379363993,86.8168360000
29381701629,86.8397310000
29384039283,86.9847640000
29386376919,87.1116680000
29388714555,87.0977090000
29391052209,87.2104950000
29393389845,87.3091830000
29395727480,87.2705350000
29398065135,87.2367180000
29400402771,87.2071280000
29402740406,87.0562370000
29405078061,87.0492070000
29407415696,87.0430560000
29409753332,86.9126740000
29412090987,86.9235890000
29414428622,86.9331400000
29416766258,86.8164970000
29419103912,86.8394340000
29421441548,86.8595040000
29423779184,86.7520660000
29426116838,86.7830570000
29428454474,86.8101740000
29430792128,86.7089020000
29433129764,86.7452890000
29435467400,86.7771270000
29437805054,86.6799860000
29440142690,86.7199870000
29442480325,86.7549880000
29444817980,86.6606140000
29447155616,86.7030370000
29449493251,86.6151570000
29451830906,86.5382620000
29454168541,86.5959790000
29456506177,86.5214810000
29458843832,86.4562950000
29461181467,86.5242580000
29463519103,86.4587250000
29465856757,86.4013840000
29468194393,86.4762110000
29470532029,86.4166840000
29472869683,86.3645980000
29475207319,86.4440230000
29477544955,86.3885200000
29479882609,86.3399550000
29482220245,86.4224600000
29484557880,86.3696520000
29486895535,86.3234450000
29489233170,86.4080140000
29491570806,86.3570120000
29493908461,86.3123850000
29496246096,86.3983360000
29498583732,86.3485440000
29500921386,86.3049760000
29503259022,86.3918540000
29505596658,86.3428720000
29507934312,86.3000130000
29510271948,86.3875110000
29512609584,86.3390720000
29514947238,86.2966880000
29517284874,86.3846020000
29519622509,86.3365260000
29521960164,86.2944600000
29524297800,86.3826520000
29526635435,86.3348200000
29528973090,86.2929670000
29531310725,86.3813460000
29533648361,86.3336770000
29535986016,86.2919670000
29539470869,86.5054710000
29541808524,86.5672870000
29544146159,86.7463760000
29546483795,86.9030790000
29548821449,86.9151940000
29551159085,87.0507940000
29553496721,87.1694440000
29555834375,87.1482630000
29558172011,87.2547300000
29560509647,87.3478880000
29562847301,87.3044020000
29565184937,87.3913510000
29567522572,87.4674320000
29569860227,87.4090030000
29572197863,87.4828770000
29574535498,87.5475170000
29576873153,87.4790770000
29579210788,87.5441920000
29581548424,87.6011680000
29582738842,87.4010220000
29585076496,87.3508940000
29587414132,87.3070320000
29589751768,87.1436530000
29592089422,87.1256960000
29594427058,87.1099840000
29596764694,86.9712360000
29599102348,86.9748310000
29601439984,86.9779770000
29603777619,86.8557290000
29606115274,86.8737620000
29608452909,86.8895410000
29610790564,86.7783480000
29613128200,86.8060540000
29615465835,86.8302970000
29617803490,86.7265090000
29620141125,86.7606950000
29622478761,86.7906080000
29624816416,86.5667820000
29627154051,86.4959340000
29629491687,86.3089420000
29631829341,86.1453240000
29634166977,86.1271580000
29636504613,85.9862630000
29638842267,85.8629800000
29641179903,85.8801070000
29643517539,85.7700930000
29645855193,85.6738310000
29648192829,85.7146020000
29650530464,85.6252760000
29652868119,85.5471160000
29655205755,85.6037260000
29657543390,85.5282600000
29659881045,85.4622270000
29662218681,85.5294480000
29664556316,85.4632670000
29668041189,85.6553580000
29670378824,85.9484380000
29672716460,86.0798830000
29675054114,86.3198970000
29677391750,86.5299090000
29679729386,86.5886700000
29682067040,86.7650860000
29684404676,86.9194500000
29686742312,86.9295180000
29689079966,87.0633280000
29691417602,87.1804120000
29693755237,87.1578600000
29696092892,87.2631270000
29698430528,87.3552360000
29700768163,87.3108310000
29703105818,87.3969770000
29705443453,87.4723540000
29707781089,87.4133090000
29710118744,87.4866450000
29712456379,87.5508140000
29714794034,87.4819620000
29717131669,87.5467160000
29719469305,87.6033760000
29721806960,87.5279540000
29724144595,87.8369590000
29726482231,88.1073390000
29728819885,88.3439210000
29731157521,88.5509300000
29733495157,88.7320630000
29735832811,88.8905550000
29738170447,89.0292350000
29740508083,89.1505800000
29742845737,89.2567570000
29745183373,89.3496620000
29747521008,89.4309540000
29749858663,89.5020840000
29752196299,89.5643230000
29754533934,89.6187820000
29756871589,89.4164340000
29759209224,89.3643790000
29761546860,89.3188310000
29763884515,89.1539770000
29766222150,89.1347290000
29768559786,89.1178870000
29770897440,88.9781510000
29773235076,88.9808820000
29775572712,88.9832710000
29777910366,88.8603620000
29780248002,88.8778160000
29782585638,88.8930890000
29784923292,88.7814520000
29787260928,88.8087700000
29789598564,88.8326730000
29791936218,88.7285880000
29794273854,88.7625140000
29796611489,88.7921990000
29798949144,88.6931740000
29801286780,88.7315270000
29803624415,88.7650860000
29805962070,88.6694500000
29808299705,88.7107680000
29810637341,88.7469220000
29812974996,88.6535560000
29815312631,88.6968610000
29817650267,88.7347530000
29819987921,88.6429080000
29822325557,88.6875440000
29824663193,88.7266010000
29827000847,88.7607750000
29829338483,88.7906780000
29831676119,88.8168430000
29834013773,88.8397370000
29836351409,88.8597690000
29838689045,88.8772970000
29841026699,88.8926340000
29843364335,88.9060540000
29845701970,88.9177970000
29848039625,88.9280720000
29850377261,88.9370630000
29852714896,88.9449300000
29855052551,88.9518130000
29857390186,88.9578360000
29859727822,88.9631060000
29862065477,88.9677170000
29864403112,88.9717520000
29866740748,88.9752830000
29869078402,88.9783720000
29871416038,88.9810750000
29873753674,88.9834400000
29876091328,88.9855100000
29878428964,88.9873210000
29880766600,88.9889050000
29883104254,88.9902910000
29885441890,88.9915040000
29887779526,88.9925660000
29890117180,88.9934950000
29892454816,88.9943080000
29894792470,88.9950190000
29897130106,88.9956410000
29899467742,88.9961850000
29901805396,88.9966610000
29905290250,89.1220780000
29907627885,89.2318180000
29909965540,89.3278400000
29912303175,89.4118600000
29914640811,89.4853770000
29916978466,89.4247040000
29919316101,89.4966160000
29921653737,89.5595390000
29923991392,89.4895960000
29926329027,89.5533960000
29928666663,89.6092210000
29931004317,89.6580680000
29933341953,89.7008090000
29935679589,89.7382070000
29938017243,89.7709310000
29940354879,89.7995640000
29942692515,89.8246180000
29945030169,89.8465400000
29947367805,89.8657220000
29948558223,89.7575060000
29950895877,89.5378170000
29953233513,89.4705890000
29955571149,89.4117650000
29957908803,89.2352940000
29960246439,89.2058820000
29962584074,89.1801460000
29964921729,89.0326270000
29967259365,89.0285480000
29969597000,89.0249790000
29971934655,88.8968560000
29974272290,88.9097490000
29976609926,88.9210300000
29978947581,88.8059010000
29981285216,88.8301630000
29983622852,88.8513920000
29985960507,88.7449680000
29988298142,88.7768470000
29990635778,88.8047410000
29992973432,88.5791480000
29995311068,88.5067540000
29997648704,88.4434090000
29999986358,88.2629820000
30002323994,88.2301090000
30004661630,88.2013450000
30006999284,88.0511760000
30009336920,88.0447790000
30011674556,88.0391810000
30014012210,88.0342830000
30016349846,88.0299970000
30018687481,87.9012470000
30021025136,87.9135910000
30023362772,87.9243920000
30025700407,87.8088430000
30028038062,87.8327370000
30030375697,87.8536440000
30032713333,87.7469380000
30036198206,87.9035700000
30038535841,88.1656230000
30040873496,88.3949200000
30043211131,88.5955550000
30045548767,88.7711100000
30047886422,88.9247210000
30050224057,89.0591300000
30052561693,89.1767380000
30054899347,89.2796450000
30057236983,89.3696890000
30059574619,89.4484770000
30061912273,89.5174170000
30064249909,89.5777390000
30066587545,89.6305210000
30068925199,89.6767050000
30071262835,89.7171160000
30073600471,89.7524760000
30075938125,89.7834160000
30078275761,89.8104890000
30080613396,89.8341770000
30082951051,89.8549040000
30085288687,89.8730410000
30087626322,89.8889100000
30089963977,90.1527960000
30092301613,90.5086960000
30094639248,90.6951090000
30096976903,90.8582200000
30099314538,91.1259420000
30101652174,91.2351990000
30103989829,91.3307990000
30106327464,91.4144490000
30108665100,91.4876420000
30111002755,91.6766860000
30113340390,91.7171000000
30115678026,91.7524620000
30118015680,91.9084040000
30120353316,91.9198530000
30122690952,91.9298710000
30125028606,92.0636370000
30127366242,91.9306820000
30129703878,91.8143460000
30132041532,91.8375520000
30134379168,91.7328580000
30136716804,91.6412500000
30139054458,91.6860930000
30141392094,91.6003310000
30143729729,91.5252890000
30146067384,91.5846270000
30148405020,91.5115480000
30150742655,91.4476040000
30153080310,91.5166530000
30155417946,91.4520710000
30157755581,91.3955620000
30160093236,91.4711160000
30162430871,91.4122260000
30164768507,91.3606970000
30167106162,91.4406090000
30169443797,91.3855320000
30171781433,91.3373400000
30174119088,91.4201720000
30176456723,91.3676500000
30178794378,91.3216930000
30181132013,91.4064810000
30183469649,91.3556700000
30185807304,91.3112110000
30188144939,91.3973090000
30190482575,91.3476450000
30192820230,91.3041890000
30195157865,91.3911650000
30197495501,91.3422690000
30199833155,91.2994850000
30202170791,91.2620490000
30204508427,91.2292920000
30206846081,91.2006300000
30209183717,91.1755510000
30211521353,91.1536070000
30213859007,91.1344060000
30216196643,91.1176050000
30218534279,91.1029040000
30220871933,91.0900410000
30223209569,91.0787850000
30225547205,91.0689360000
30227884859,91.0603190000
30230222495,91.0527790000
30232560130,91.0461810000
30234897785,91.0404080000
30237235421,91.0353570000
30239573056,91.0309370000
30241910711,91.0270690000
30244248347,91.0236850000
30246585982,91.0207240000
30248923637,91.0181330000
30251261272,91.0158660000
30253598908,91.0138820000
30255936563,91.0121460000
30258274198,91.0106270000
30260611834,91.0092980000
30262949489,91.0081350000
30265287124,91.0071180000
30267624760,91.0062280000
30269962415,91.0054490000
30272300050,91.0047670000
30274637686,91.0041710000
30276975340,91.0036490000
30280460194,91.1281920000
30282797848,91.2371680000
30285135484,91.4575220000
30287473120,91.5253310000
30289810774,91.5846640000
30292148410,91.7615810000
30294486046,91.7913830000
30296823700,91.8174600000
30299161336,91.9652770000
30301498972,91.9696170000
30303836626,91.9734140000
30306174262,92.1017370000
30308511898,92.0890190000
30310849552,92.0778910000
30313187188,92.1931540000
30315524824,92.1690090000
30317862478,92.1478820000
30320200114,92.2543960000
30322537749,92.2225960000
30324875404,92.1947710000
30326065822,92.1704240000
30328403457,92.0241210000
30330741093,91.8961050000
30333078748,91.9090910000
30335416383,91.7954540000
30337754019,91.6960220000
30340091674,91.7340190000
30342429309,91.6422660000
30344766945,91.5619820000
30347104600,91.6167340000
30349442235,91.5396420000
30351779871,91.4721860000
30354117525,91.5381620000
30356455161,91.4708910000
30358792797,91.4120290000
30361130451,91.4855250000
30363468087,91.4248340000
30365805742,91.3717290000
30368143377,91.4502620000
30370481013,91.2689790000
30372818668,91.1103560000
30375156303,90.9715610000
30377493939,90.8501150000
30379831593,90.7438500000
30382169229,90.6508680000
30384506865,90.5695090000
30386844519,90.4983200000
30389182155,90.4360300000
30391519791,90.3815260000
30393857445,90.3338350000
30396195081,90.2921050000
30398532717,90.2555910000
30400870371,90.2236420000
30403208007,90.1956860000
30405545643,90.1712250000
30407883297,90.1498210000
30410220933,90.1310930000
30412558569,90.1147060000
30416043441,90.3503670000
30418381077,90.5565710000
30420718712,90.7369990000
30423056367,91.0198740000
30425394003,91.1423890000
30427731638,91.2495900000
30430069293,91.4683910000
30432406928,91.5348420000
30434744564,91.5929860000
30437082219,91.7688620000
30439419854,91.7977540000
30441757490,91.8230340000
30444095145,91.9701540000
30446432780,91.9738840000
30448770416,91.9771480000
30451108071,92.1050040000
30453445706,92.0918780000
30455783342,92.0803930000
30458120996,92.1953430000
30460458632,92.1709250000
30462796268,92.1495590000
30465133922,92.2558640000
30467471558,92.2238810000
30469809213,92.1958950000
30472146848,92.5464080000
30474484484,92.8531070000
30476822139,92.9964680000
30479159774,93.2469090000
30481497410,93.4660450000
30483835064,93.5327890000
30486172700,93.7161900000
30488510336,93.8766660000
30490847990,93.8920820000
30493185626,94.0305710000
30495523262,94.1517490000
30497860916,94.1327800000
30500198552,94.2411820000
30502536188,94.3360340000
30504873842,94.2940290000
30507211478,94.3822750000
30509549114,94.2094900000
30511886768,94.0583030000
30514224404,94.0510150000
30516562040,93.9196380000
30518899694,93.8046830000
30521237330,93.8290970000
30523574966,93.7254590000
30525912620,93.6347760000
30528250256,93.6804290000
30530587891,93.5953750000
30532925546,93.5209530000
30535263182,93.5808330000
30537600817,93.5082280000
30539938472,93.4446990000
30542276108,93.5141110000
30544613743,93.4498470000
30546951398,93.3936160000
30549289034,93.4694140000
30551626669,93.4107370000
30553964324,93.3593940000
30556301960,93.4394690000
30558639595,93.3845350000
30560977250,93.3364680000
30563314885,93.4194090000
30565652521,93.3669820000
30567990176,93.3211090000
30570327811,93.4059700000
30572665447,93.3552230000
30575003102,93.4358200000
30577340737,93.5063420000
30579678373,93.4430490000
30582016028,93.5126670000
30584353663,93.5735830000
30586691299,93.5018850000
30589028954,93.5641490000
30591366589,93.6186300000
30593704225,93.5413010000
30596041879,93.5986380000
30598379515,93.6488080000
30600717151,93.5677070000
30603054805,93.6217430000
30605392441,93.6690250000
30607730077,93.5853960000
30610067731,93.6372210000
30612405367,93.6825680000
30614743003,93.5972470000
30617080657,93.6475910000
30619418293,93.6916420000
30621755929,93.6051860000
30624093583,93.6545370000
30626431219,93.6977190000
30628768855,93.6105040000
30631106509,93.6591910000
30633444145,93.7017920000
30635781781,93.6140680000
30638119435,93.6623090000
30640457071,93.7045200000
30642794707,93.6164550000
30645132361,93.6643980000
30647469997,93.7063480000
30649807651,93.6180540000
30652145287,93.6657970000
30654482923,93.7075720000
30656820577,93.6191250000
30659158213,93.6667340000
30662643067,93.8333920000
30664980721,93.8542180000
30667318357,93.9974400000
30669655992,93.9977600000
30671993647,93.9980400000
30674331283,94.1232850000
30676668918,94.1078740000
30679006573,94.2193890000
30681344209,94.3169650000
30683681844,94.2773440000
30686019499,94.3676760000
30688357135,94.4467160000
30690694770,94.3908760000
30693032425,94.4670160000
30695370061,94.5336390000
30697707696,94.4669340000
30700045351,94.5335670000
30702382987,94.5918710000
30704720622,94.5178870000
30707058277,94.5781510000
30708248695,94.5058820000
30710586330,94.3176460000
30712923985,94.1529400000
30715261621,94.1338220000
30717599256,93.9920940000
30719936911,93.8680820000
30722274547,93.8845710000
30724612182,93.7739990000
30726949837,93.6772490000
30729287473,93.7175920000
30731625108,93.6278930000
30733962763,93.5494060000
30736300398,93.6057300000
30738638034,93.5300130000
30740975689,93.4637610000
30743313324,93.5307900000
30745650960,93.4644410000
30747988615,93.4063850000
30750326250,93.4805860000
30752663886,93.4205120000
30755001541,93.3679480000
30757339176,93.3219540000
30759676812,93.1567090000
30762014467,93.1371200000
30764352102,93.1199800000
30766689738,92.9799820000
30769027393,92.9824840000
30771365028,92.8596730000
30773702664,92.7522130000
30776040319,92.7831860000
30778377954,92.6852870000
30780715590,92.5996260000
30783053245,92.6496720000
30785390880,92.5684630000
30787728516,92.4974050000
30790066170,92.5602290000
30792403806,92.4902000000
30794741442,92.4289250000
30797079096,92.5003090000
30799416732,92.4377700000
30802901605,92.6330480000
30805239240,92.9289170000
30807576876,93.1878020000
30809914531,93.2893260000
30812252166,93.5031600000
30814589802,93.6902650000
30816927456,93.7289810000
30819265092,93.8878580000
30821602728,94.0268750000
30823940382,94.0235150000
30826278018,94.1455750000
30828615654,94.2523780000
30830953308,94.2208300000
30833290944,94.3182260000
30835628580,94.4034470000
30837966234,94.3530160000
30840303870,94.4338890000
30842641506,94.5046520000
30844979160,94.4415700000
30847316796,94.5113730000
30849654432,94.4474510000
30851992086,94.3915190000
30854329722,94.4675790000
30856667358,94.7841310000
30859005012,95.0611140000
30861342648,95.3034740000
30863680284,95.5155390000
30866017938,95.7010960000
30868355574,95.8634590000
30870693210,96.0055260000
30873030864,96.1298350000
30875368500,96.2386050000
30877706136,96.3337790000
30880043790,96.4170560000
30882381426,96.4899240000
30884719062,96.5536830000
30887056716,96.6094720000
30889394352,96.6582880000
30891731988,96.7010020000
30894069642,96.7383760000
30896407278,96.7710790000
30898744914,96.6746940000
30901082568,96.5903570000
30903420204,96.5165620000
30905757840,96.4519910000
30908095494,96.3954920000
30910433130,96.3460550000
30912770766,96.3027980000
30915108420,96.2649480000
30917446056,96.2318290000
30919783692,96.2028500000
30922121346,96.1774930000
30924458982,96.1553060000
30926796618,96.1358920000
30929134272,96.1189050000
30931471908,96.1040410000
30933809562,96.0910350000
30936147198,96.0796550000
30938484834,96.0696980000
30940822488,96.0609850000
30943160124,96.0533610000
30945497760,96.0466900000
30947835414,96.0408530000
30950173050,96.0357460000
30952510686,96.0312770000
30954848340,95.9023670000
30957185976,95.9145710000
30959523612,95.9252490000
30961861266,95.8095920000
30964198902,95.8333930000
30966536538,95.8542180000
30968874192,95.7474400000
30971211828,95.7790100000
30973549464,95.8066330000
30975887118,95.7058030000
30978224754,95.7425770000
30980562390,95.7747540000
30982900044,95.6779090000
30985237680,95.7181700000
30987575316,95.7533980000
30989912970,95.6592230000
30992250606,95.7018200000
30994588242,95.7390920000
30996925896,95.6467050000
30999263532,95.6908660000
31001601168,95.7295070000
31003938822,95.6383180000
31006276458,95.6835280000
31008614094,95.7230870000
31010951748,95.6327010000
31013289384,95.6786130000
31015627020,95.7187860000
31017964674,95.6289370000
31020302310,95.6753190000
31022639946,95.7159040000
31024977600,95.6264160000
31027315236,95.6731140000
31029652872,95.7139740000
31031990526,95.6247270000
31034328162,95.6716360000
31036665798,95.7126810000
31039003452,95.7485950000
31041341088,95.7800200000
31043678724,95.8075170000
31046016378,95.8315770000
31048354014,95.8526290000
31050691650,95.8710500000
31053029304,95.8871680000
31056514158,96.0262720000
31058851812,96.1479880000
31061189448,96.2544890000
31063527084,96.3476770000
31065864738,96.4292170000
31068202374,96.5005640000
31070540010,96.5629930000
31072877664,96.6176180000
31075215300,96.6654150000
31077552936,96.7072380000
31079890590,96.7438330000
31082228226,96.7758530000
31084565862,96.8038710000
31086903516,96.8283870000
31089241152,96.8498380000
31091578788,96.8686080000
31093916442,96.8850320000
31096254078,96.8994030000
31098591714,96.9119770000
31100929368,96.9229790000
31103267004,96.9326060000
31104457422,96.8160300000
31106795058,96.7140260000
31109132712,96.6247720000
31111470348,96.5466750000
31113807984,96.4783400000
31116145638,96.4185470000
31118483274,96.3662280000
31120820928,96.3204490000
31123158564,96.2803920000
31125496200,96.2453430000
31127833854,96.2146750000
31130171490,96.1878400000
31132509126,96.1643600000
31134846780,96.0188150000
31137184416,96.0164630000
31139522052,96.0144050000
31141859706,95.8876040000
31144197342,95.9016530000
31146534978,95.9139460000
31148872632,95.7997020000
31151210268,95.6997390000
31153547904,95.6122710000
31155885558,95.4107370000
31158223194,95.3593940000
31160560830,95.3144690000
31162898484,95.1501600000
31165236120,95.1313900000
31167573756,95.1149660000
31169911410,94.9755950000
31172249046,94.9786450000
31174586682,94.9813140000
31176924336,94.8586490000
31179261972,94.8763170000
31181599608,94.8917770000
31183937262,94.7803040000
31186274898,94.8077660000
31188612534,94.8317950000
31190950189,94.7278200000
31193287824,94.7618420000
31195625460,94.7916110000
31199110332,94.9426590000
31201447968,95.1998260000
31203785604,95.4248470000
31206123258,95.6217410000
31208460894,95.7940230000
31210798530,95.9447700000
31213136184,96.0766730000
31215473820,96.1920880000
31217811456,96.2930770000
31220149110,96.3814420000
31222486746,96.4587610000
31224824401,96.5264150000
31227162036,96.5856130000
31229499672,96.6374110000
31231837327,96.6827340000
31234174962,96.7223920000
31236512598,96.7570930000
31238850253,96.7874560000
31241187888,96.8140240000
31243525524,96.8372710000
31245863179,96.8576120000
31248200814,96.8754100000
31250538450,96.8909830000
31252876105,96.9046100000
31255213740,96.9165330000
31257551376,96.9269660000
31259889031,97.1860950000
31262226667,97.5378330000
31264564302,97.7206030000
31266901957,97.8805270000
31269239593,98.1454610000
31271577228,98.2522780000
31273914883,98.3457430000
31276252519,98.5525250000
31278590154,98.6084590000
31280927809,98.6574010000
31283265445,98.8252250000
31285603080,98.8470710000
31287940735,98.8661870000
31290278371,99.0079130000
31292616006,99.0069230000
31294953661,99.0060570000
31297291297,98.8802990000
31299628932,98.7702610000
31301966587,98.6739780000
31304304223,98.5897300000
31306641858,98.5160130000
31308979513,98.4515110000
31311317149,98.3950720000
31313654784,98.3456880000
31315992439,98.3024770000
31318330075,98.2646670000
31320667710,98.2315830000
31323005365,98.3276350000
31325343001,98.2866800000
31327680636,98.2508450000
31330018291,98.3444890000
31332355927,98.3014270000
31334693562,98.2637480000
31337031217,98.3557790000
31339368853,98.3113060000
31341706488,98.2723920000
31344044143,98.3633430000
31346381779,98.3179250000
31348719415,98.2781840000
31351057069,98.3684110000
31353394705,98.3223590000
31355732341,98.2820640000
31358069995,98.3718060000
31360407631,98.3253300000
31362745267,98.2846630000
31365082921,98.3740800000
31367420557,98.3273200000
31369758193,98.2864050000
31372095847,98.3756040000
31374433483,98.3286530000
31376771119,98.2875710000
31379108773,98.3766240000
31381446409,98.3295460000
31383784045,98.2883520000
31386121699,98.3773080000
31388459335,98.3301440000
31390796971,98.2888760000
31393134625,98.3777660000
31395472261,98.3305450000
31397809897,98.2892260000
31400147551,98.3780720000
31402485187,98.3308130000
31404822842,98.2894610000
31407160477,98.3782780000
31409498113,98.3309930000
31411835768,98.2896180000
31414173403,98.3784150000
31416511039,98.3311130000
31418848694,98.2897230000
31421186329,98.2535070000
31423523965,98.2218180000
31425861620,98.1940900000
31428199255,98.1698280000
31430536891,98.1485990000
31432874546,98.1300240000
31435212181,98.1137710000
31437549817,98.0995490000
31439887472,98.0871050000
31442225108,98.0762160000
31444562743,98.0666890000
31446900398,98.0583520000
31449238034,98.0510580000
31451575669,98.0446750000
31453913324,98.0390900000
31456250960,98.0342030000
31458588595,98.0299270000
31460926250,98.0261860000
31464411104,98.1479120000
31466748739,98.2544230000
31469086394,98.4726200000
31471424030,98.5385420000
31473761665,98.5962240000
31476099320,98.7716960000
31478436956,98.8002340000
31480774591,98.8252040000
31483112246,98.9720530000
31485449882,98.9755460000
31487787517,98.9786020000
31490125172,99.1062760000
31492462808,99.0929910000
31494800443,99.0813670000
31497138098,99.1961960000
31499475734,99.1716710000
31501813369,99.1502120000
31504151024,99.2564350000
31506488660,99.2243800000
31508826314,99.1963320000
31511163950,99.2967900000
31512354368,99.1346910000
31514692004,98.9928540000
31517029658,98.9937470000
31519367294,98.8695280000
31521704930,98.7608370000
31524042584,98.7907320000
31526380220,98.6918900000
31528717856,98.6054030000
31531055510,98.6547270000
31533393146,98.5728860000
31535730782,98.5012750000
31538068436,98.5636150000
31540406072,98.4931630000
31542743708,98.4315170000
31545081362,98.5025770000
31547418998,98.4397540000
31549756634,98.3847840000
31552094289,98.4616860000
31554431924,98.4039750000
31556769560,98.3534780000
31559107215,98.4342930000
31561444850,98.2550060000
31563782486,98.0981300000
31566120141,97.9608630000
31568457776,97.8407550000
31570795412,97.7356600000
31573133067,97.6437020000
31575470702,97.5632390000
31577808338,97.4928340000
31580145993,97.4312290000
31582483628,97.3773250000
31584821283,97.3301590000
31587158919,97.2888890000
31589496555,97.2527770000
31591834209,97.2211790000
31594171845,97.1935310000
31596509481,97.1693390000
31598847135,97.1481710000
31601184771,97.1296490000
31603522407,97.1134420000
31605860061,97.0992610000
31608197697,97.0868530000
31611682551,97.3259960000
31614020205,97.6602460000
31616357841,97.8277150000
31618695477,97.9742500000
31621033131,98.2274680000
31623370767,98.3240340000
31625708403,98.4085290000
31628046057,98.6074620000
31630383693,98.6565290000
31632721329,98.6994620000
31635058983,98.8620290000
31637396619,98.8792750000
31639734255,98.8943650000
31642071909,99.0325690000
31644409545,99.0284970000
31646747181,99.0249340000
31649084835,99.1468170000
31651422471,99.1284640000
31653760107,99.1124060000
31656097762,99.2233550000
31658435397,99.1954350000
31660773033,99.1710050000
31663110688,99.2746290000
31665448323,99.2403000000
31667785959,99.4602620000
31670123614,99.7777290000
31672461249,100.0555120000
31674798885,100.1735730000
31677136540,100.4018760000
31679474175,100.6016410000
31681811811,100.6514350000
31684149466,100.8200050000
31686487102,100.9675040000
31688824756,100.9715660000
31691162392,101.1001200000
31693500028,101.2126050000
31695837682,101.1860290000
31698175318,101.2877750000
31700512954,101.3768030000
31702850608,101.3297020000
31705188244,101.4134890000
31707525880,101.4868020000
31709863534,101.4259510000
31712201170,101.3727070000
31714538806,101.2011180000
31716876460,101.0509780000
31719214096,101.0446050000
31721551732,100.9140290000
31723889386,100.7997750000
31726227022,100.8248030000
31728564658,100.7217020000
31730902313,100.6314890000
31733239948,100.6775520000
31735577584,100.5928580000
31737915239,100.5187500000
31740252874,100.5789060000
31742590510,100.5065420000
31744928165,100.4432240000
31747265800,100.5128210000
31749603436,100.4487180000
31751941091,100.3926280000
31754278726,100.4685490000
31756616362,100.4099800000
31758954017,100.3587320000
31761291653,100.4388900000
31763629288,100.3840280000
31765966943,100.3360240000
31768304579,100.4190210000
31770642214,100.3666430000
31772979869,100.3208120000
31775317505,100.4057100000
31777655140,100.3549960000
31779992795,100.3106210000
31782330431,100.3967930000
31784668067,100.3471930000
31787005721,100.4287930000
31789343357,100.5001930000
31791680993,100.4376680000
31794018647,100.5079590000
31796356283,100.5694640000
31798693919,100.4982810000
31801031573,100.5609950000
31803369209,100.6158700000
31805706845,100.5388860000
31808044499,100.5965250000
31810382135,100.6469590000
31812719771,100.5660890000
31815057425,100.6203270000
31817395061,100.6677860000
31819732697,100.5843120000
31822070352,100.6362730000
31824407987,100.6817380000
31826745623,100.5965200000
31829083278,100.6469550000
31831420913,100.6910850000
31833758549,100.6046990000
31836096204,100.6541110000
31838433839,100.6973470000
31840771475,100.6101780000
31843109130,100.6589050000
31845446766,100.7015410000
31847784401,100.6138480000
31850122056,100.6621170000
31852459692,100.7043520000
31854797327,100.6163080000
31857134982,100.6642690000
31859472618,100.7062350000
31861810253,100.6179550000
31864147908,100.6657100000
31866485544,100.7074960000
31868823180,100.6190590000
31872308052,100.7916760000
31874645688,100.9427160000
31876983342,100.9498760000
31879320978,101.0811410000
31881658614,101.1959980000
31883996268,101.1714980000
31886333904,101.2750600000
31888671540,101.2406770000
31891009195,101.3355920000
31893346830,101.4186430000
31895684466,101.3663120000
31898022121,101.4455230000
31900359756,101.5148320000
31902697392,101.4504780000
31905035047,101.5191680000
31907372682,101.5792720000
31909710318,101.5068630000
31912047973,101.5685050000
31914385609,101.6224410000
31916723244,101.5446350000
31919060899,101.6015550000
31921398535,101.6513600000
31922588952,101.4449400000
31924926607,101.2643220000
31927264243,101.2312810000
31929601879,101.0773700000
31931939533,100.9426980000
31934277169,100.9498600000
31936614805,100.8311270000
31938952459,100.7272360000
31941290095,100.7613310000
31943627731,100.6661640000
31945965385,100.5828930000
31948303021,100.6350310000
31950640657,100.5556520000
31952978311,100.4861950000
31955315947,100.5504200000
31957653583,100.4816170000
31959991238,100.4214140000
31962328873,100.4937370000
31964666509,100.4320190000
31967004164,100.5030160000
31969341799,100.5651390000
31971679435,100.3694960000
31974017090,100.3233090000
31976354726,100.2828950000
31978692361,100.1225330000
31981030016,100.1072160000
31983367652,100.0938140000
31985705287,99.9570870000
31988042942,99.9624510000
31990380578,99.8421440000
31992718213,99.7368760000
31995055868,99.7697660000
31997393504,99.6735450000
31999731140,99.5893510000
32002068794,99.6406820000
32004406430,99.5605960000
32006744066,99.4905210000
32009081720,99.5542050000
32011419356,99.4849290000
32013756992,99.4243120000
32016094646,99.4962730000
32018432282,99.4342380000
32020769918,99.3799580000
32024254790,99.7074630000
32026592426,99.9940300000
32028930081,100.1197760000
32031267716,100.3548040000
32033605352,100.5604530000
32035943007,100.6153960000
32038280643,100.7884710000
32040618278,100.9399120000
32042955933,100.9474230000
32045293569,101.0789950000
32047631204,101.1941200000
32049968859,101.1698550000
32052306495,101.2736230000
32054644131,101.3644200000
32056981785,101.3188670000
32059319421,101.4040080000
32061657057,101.4785070000
32063994711,101.4186930000
32066332347,101.4913560000
32068669983,101.4299360000
32071007637,101.5011940000
32073345273,101.5635440000
32075682909,101.4931010000
32078020563,101.5564630000
32080358199,101.6119050000
32082695835,101.9104160000
32085033490,102.1716140000
32087371125,102.4001620000
32089708761,102.6001410000
32092046416,102.7751230000
32094384051,102.9282320000
32096721687,103.0622030000
32099059342,103.1794270000
32101396978,103.2819980000
32103734613,103.3717480000
32106072268,103.4502790000
32108409904,103.5189940000
32110747539,103.5791190000
32113085194,103.6317290000
32115422830,103.6777620000
32117760466,103.7180410000
32120098120,103.7532850000
32122435756,103.7841240000
32124773392,103.8111080000
32127111046,103.7097190000
32129448682,103.6210040000
32131786318,103.5433780000
32134123972,103.4754550000
32136461608,103.4160230000
32138799244,103.3640200000
32141136898,103.3185170000
32143474534,103.2787020000
32145812170,103.2438640000
32148149825,103.2133810000
32150487460,103.1867080000
32152825096,103.1633690000
32155162751,103.1429470000
32157500386,103.1250780000
32159838041,103.1094430000
32162175677,103.0957620000
32164513313,103.0837910000
32166850967,103.0733170000
32169188603,103.0641520000
32171526239,103.0561330000
32173863893,102.9241160000
32176201529,102.9336010000
32178539165,102.9419000000
32180876819,102.8241620000
32183214455,102.8461410000
32185552091,102.8653730000
32187889746,102.7572010000
32190227381,102.7875500000
32192565017,102.8141060000
32194902672,102.7123420000
32197240307,102.7482990000
32199577943,102.7797610000
32201915598,102.6822900000
32204253234,102.7220030000
32206590869,102.7567520000
32208928524,102.6621580000
32211266160,102.7043880000
32213603795,102.7413390000
32215941450,102.6486710000
32218279086,102.6925870000
32220616722,102.7310130000
32222954376,102.6396360000
32225292012,102.6846810000
32227629648,102.7240950000
32229967302,102.6335830000
32232304938,102.6793850000
32234642574,102.7194610000
32236980228,102.6295280000
32239317864,102.6758370000
32241655500,102.7163570000
32243993155,102.6268120000
32246330790,102.6734600000
32248668426,102.7142770000
32251006081,102.7499920000
32253343716,102.7812430000
32255681352,102.8085870000
32258019007,102.8325130000
32260356643,102.8534480000
32262694278,102.8717670000
32265031933,102.8877960000
32267369569,102.9018210000
32269707204,102.9140930000
32272044859,102.9248310000
32274382495,102.9342270000
32276720131,102.9424480000
32279057785,102.9496420000
32281395421,102.9559360000
32283733057,102.9614440000
32286070711,102.9662630000
32288408347,102.9704800000
32290745983,102.9741700000
32293083637,102.9773980000
32295421273,102.9802230000
32297758909,102.9826950000
32301243782,103.1098580000
32303581417,103.2211250000
32305919072,103.3184840000
32308256708,103.4036730000
32310594343,103.4782130000
32312931998,103.5434360000
32315269634,103.6005060000
32317607270,103.6504420000
32319944924,103.6941360000
32322282560,103.7323690000
32324620196,103.7658220000
32326957850,103.7950940000
32329295486,103.8207070000
32331633122,103.8431180000
32333970776,103.8627280000
32336308412,103.8798870000
32338646048,103.8949010000
32340983703,103.9080380000
32343321338,103.9195330000
32345658974,103.9295910000
32347996629,103.9383920000
32350334264,103.9460930000
32351524682,103.8278310000
32353862337,103.5993520000
32356199973,103.5244330000
32358537608,103.4588780000
32360875263,103.2765180000
32363212899,103.2419530000
32365550535,103.2117080000
32367888189,103.0602440000
32370225825,103.0527130000
32372563461,103.0461230000
32374901115,102.9153570000
32377238751,102.9259370000
32379576387,102.9351940000
32381914042,102.8182940000
32384251677,102.8410070000
32386589313,102.8608810000
32388926968,102.7532700000
32391264603,102.7841110000
32393602239,102.8110970000
32395939894,102.7097090000
32398277530,102.7459950000
32400615165,102.7777450000
32402952820,102.5555260000
32405290456,102.4860850000
32407628092,102.4253240000
32409965746,102.2471580000
32412303382,102.2162630000
32414641018,102.1892300000
32416978672,102.0405760000
32419316308,102.0355040000
32421653944,102.0310660000
32423991598,101.9021820000
32426329234,101.9144090000
32428666870,101.9251070000
32431004525,101.9344680000
32433342160,101.9426590000
32435679796,101.9498260000
32438017451,101.9560970000
32440355086,101.9615840000
32442692722,101.9663860000
32445030377,101.9705870000
32447368013,101.9742630000
32449705648,101.9774800000
32452043303,101.9802950000
32454380939,102.1077580000
32457865811,102.3442880000
32460203447,102.5512520000
32462541083,102.7323450000
32464878737,102.8908010000
32467216373,103.0294500000
32469554009,103.1507680000
32471891664,103.2569220000
32474229299,103.3498060000
32476566935,103.4310800000
32478904590,103.5021950000
32481242226,103.5644200000
32483579861,103.6188670000
32485917516,103.6665080000
32488255152,103.7081940000
32490592787,103.7446690000
32492930442,103.7765850000
32495268078,103.8045110000
32497605714,103.8289470000
32499943368,103.8503280000
32502281004,103.8690370000
32504618640,103.8854070000
32506956294,103.8997310000
32509293930,103.9122640000
32511631566,103.9232310000
32513969221,103.9328270000
32516306856,104.3162230000
32518644492,104.5266950000
32520982147,104.7108580000
32523319782,104.9970000000
32525657418,105.1223750000
32527995073,105.2320780000
32530332709,105.4530680000
32532670344,105.5214340000
32535007999,105.7062540000
32537345635,105.7429720000
32539683271,105.7751000000
32542020925,105.9282120000
32544358561,105.9371850000
32546696197,105.9450360000
32549033851,106.0769060000
32551371487,106.0672920000
32553709123,106.0588800000
32556046778,106.1765200000
32558384413,106.1544550000
32560722049,106.1351480000
32563059704,106.1182540000
32565397339,105.9784720000
32567734975,105.8561630000
32570072630,105.8741420000
32572410266,105.7648740000
32574747901,105.6692640000
32577085556,105.7106060000
32579423192,105.6217800000
32581760828,105.5440570000
32584098482,105.6010490000
32586436118,105.5259170000
32588773754,105.4601770000
32591111408,105.5276540000
32593449044,105.4616970000
32595786680,105.4039840000
32598124335,105.4784860000
32600461970,105.4186750000
32602799606,105.3663400000
32605137261,105.4455470000
32607474896,105.3898530000
32609812532,105.3411210000
32612150187,105.4234800000
32614487823,105.3705450000
32616825458,105.3242260000
32619163113,105.4086970000
32621500749,105.3576090000
32623838385,105.3129070000
32626176039,105.3987930000
32628513675,105.3489430000
32630851330,105.3053250000
32633188965,105.3921590000
32635526601,105.3431390000
32637864256,105.3002460000
32640201892,105.2627150000
32642539527,105.2298750000
32644877182,105.2011400000
32647214818,105.1759970000
32649552453,105.1539970000
32651890108,105.1347470000
32654227744,105.1179030000
32656565380,105.1031650000
32658903034,105.0902690000
32661240670,105.0789850000
32663578306,105.0691110000
32665915960,105.0604720000
32668253596,105.0529130000
32670591232,105.0462980000
32672928887,105.0405100000
32675266522,105.0354460000
32677604158,105.0310150000
32679941813,105.0271380000
32682279449,105.0237450000
32684617084,105.0207760000
32686954739,105.0181790000
32689292375,105.0159060000
32691630011,105.0139170000
32693967665,105.0121770000
32696305301,105.0106540000
32698642937,105.0093220000
32700980591,105.0081560000
32703318227,105.0071360000
32705655863,105.0062440000
32707993518,105.0054630000
32710331153,105.0047800000
32712668789,105.0041820000
32715006444,105.1286590000
32717344079,105.1125760000
32719681715,105.0985040000
32722019370,105.2111910000
32724357006,105.1847920000
32726694641,105.1616930000
32729032296,105.2664810000
32731369932,105.2331700000
32734854804,105.3290230000
32737192440,105.5378950000
32739530076,105.5956580000
32741867731,105.6462000000
32744205366,105.8154250000
32746543002,105.8384960000
32748880657,105.8586840000
32751218293,106.0013480000
32753555928,106.0011790000
32755893583,106.0010310000
32758231219,106.1259020000
32760568854,106.1101640000
32762906509,106.0963930000
32765244145,106.2093430000
32767581781,106.1831750000
32769919435,106.1602780000
32772257071,106.2652430000
32774594707,106.2320870000
32776932362,106.2030760000
32779269997,106.3026910000
32781607633,106.2648540000
32783945288,106.2317470000
32786282923,106.3277780000
32787473341,106.1618050000
32789810977,106.0165790000
32792148632,106.0145060000
32794486268,105.8876920000
32796823903,105.7767300000
32799161558,105.8046380000
32801499194,105.7040580000
32803836829,105.6160500000
32806174484,105.6640430000
32808512120,105.5810370000
32810849775,105.5084070000
32813187410,105.5698560000
32815525046,105.4986240000
32817862701,105.4362960000
32820200337,105.3817590000
32822537972,105.3340390000
32824875627,105.2922840000
32827213263,105.2557480000
32829550898,105.2237790000
32831888553,105.1958060000
32834226189,105.1713300000
32836563825,105.1499130000
32838901479,105.0061730000
32841239115,104.8804010000
32843576751,104.7703500000
32845914406,104.6740560000
32848252041,104.5897990000
32850589677,104.5160740000
32852927332,104.4515640000
32855264968,104.3951180000
32857602603,104.3457280000
32859940258,104.3025120000
32862277894,104.2646980000
32864615529,104.2316100000
32866953184,104.2026580000
32869290820,104.1773250000
32871628456,104.1551590000
32873966110,104.1357640000
32876303746,104.1187930000
32878641382,104.1039430000
32880979037,104.0909500000
32883316672,104.0795810000
32885654308,104.0696330000
32887991963,104.0609280000
32890329599,104.0533120000
32893814452,104.2966480000
32896152107,104.6345670000
32898489743,104.8052460000
32900827378,104.9545900000
32903165033,105.2102660000
32905502669,105.3089820000
32907840305,105.3953590000
32910177959,105.5959390000
32912515595,105.6464460000
32914853250,105.6906400000
32917190885,105.8543100000
32919528521,105.8725210000
32921866176,105.8884550000
32924203812,106.0273980000
32926541447,106.0239730000
32928879102,106.0209760000
32931216738,106.1433540000
32933554374,106.1254340000
32935892028,106.1097540000
32938229664,106.2210340000
32940567300,106.1934040000
32942904954,106.1692280000
32945242590,106.2730740000
32947580226,106.2389390000
32949917881,106.4590710000
32952255516,106.7766870000
32954593152,107.0546010000
32956930807,107.1727750000
32959268443,107.4011780000
32961606078,107.6010300000
32963943733,107.6509010000
32966281369,107.8195380000
32968619005,107.9670950000
32970956659,107.9712080000
32973294295,108.0998070000
32975631931,108.2123310000
32977969586,108.1857890000
32980307221,108.2875650000
32982644857,108.3766190000
32984982512,108.3295410000
32987320148,108.4133480000
32989657783,108.4866790000
32991995438,108.4258440000
32994333074,108.4976130000
32996670709,108.5604110000
32999008364,108.6153590000
33001346000,108.5384390000
33003683636,108.3461340000
33006021290,108.3028670000
33008358926,108.2650080000
33010696562,108.1068820000
33013034217,108.0935210000
33015371852,108.0818300000
33017709488,107.9466010000
33020047143,107.9532750000
33022384779,107.9591150000
33024722414,107.8392250000
33027060069,107.8593210000
33029397705,107.8769050000
33031735341,107.7672910000
33034072995,107.7963790000
33036410631,107.8218310000
33038748267,107.7191020000
33041085921,107.7542140000
33043423557,107.7849370000
33045761193,107.6868190000
33048098848,107.7259660000
33050436483,107.7602200000
33052774119,107.6651920000
33055111774,107.7070430000
33057449410,107.7436620000
33059787045,107.6507040000
33062124700,107.6943660000
33064462336,107.7325700000
33066799972,107.6409980000
33069137626,107.6858730000
33071475262,107.7251380000
33073812898,107.6344950000
33076150553,107.6801830000
33078488188,107.7201600000
33080825824,107.6301400000
33083163479,107.6763720000
33085501115,107.7168250000
33087838750,107.6272210000
33090176405,107.6738180000
33092514041,107.7145900000
33094851695,107.6252660000
33097189331,107.6721070000
33099526967,107.7130930000
33101864622,107.6239560000
33104202257,107.6709610000
33106539893,107.5870900000
33108877548,107.5137030000
33111215184,107.5744900000
33113552819,107.5026780000
33115890474,107.4398430000
33118228110,107.5098620000
33120565746,107.4461290000
33122903400,107.3903620000
33125241036,107.4665660000
33127578672,107.4082450000
33129916327,107.3572140000
33132253962,107.4375620000
33134591598,107.3828660000
33136929253,107.3350070000
33139266889,107.4181310000
33141604524,107.3658640000
33143942179,107.3201310000
33146279815,107.4051140000
33148617451,107.3544740000
33150955105,107.3101640000
33153292741,107.3963930000
33155630377,107.3468430000
33157968031,107.3034870000
33160305667,107.3905510000
33162643303,107.3417320000
33164980958,107.2990150000
33167318593,107.3866380000
33170803447,107.4633080000
33173141102,107.6553940000
33175478738,107.8234690000
33177816373,107.8455350000
33180154028,107.9898430000
33182491664,108.1161120000
33184829300,108.1015980000
33187166954,108.2138980000
33189504590,108.3121600000
33191842226,108.2731400000
33194179881,108.3639970000
33196517516,108.4434970000
33198855171,108.3880590000
33201192807,108.4645510000
33203530443,108.5314820000
33205868097,108.4650460000
33208205733,108.5319150000
33210543369,108.5904250000
33212881023,108.5166210000
33215218659,108.5770430000
33217556295,108.6299120000
33219893950,108.5511730000
33222231585,108.6072760000
33223422003,108.5313660000
33225759639,108.3399450000
33228097294,108.2974510000
33230434930,108.2602690000
33232772565,108.1027350000
33235110220,108.0898930000
33237447856,108.0786560000
33239785492,107.9438240000
33242123146,107.9508460000
33244460782,107.9569900000
33246798418,107.8373660000
33249136073,107.8576950000
33251473708,107.8754830000
33253811344,107.7660470000
33256148999,107.7952910000
33258486635,107.8208790000
33260824270,107.7182690000
33263161925,107.7534850000
33265499561,107.7842990000
33267837197,107.6862610000
33270174851,107.7254780000
33272512487,107.7597930000
33274850123,107.6648180000
33277187778,107.5817150000
33279525413,107.3840000000
33281863068,107.2110000000
33284200704,107.1846250000
33286538340,107.0365460000
33288875994,106.9069770000
33291213630,106.9186040000
33293551266,106.8037780000
33295888920,106.7033050000
33298226556,106.7403910000
33300564192,106.6478420000
33302901847,106.5668610000
33305239482,106.6210030000
33307577118,106.5433770000
33309914773,106.4754540000
33312252409,106.5410220000
33314590045,106.4733940000
33316927699,106.4142190000
33319265335,106.4874410000
33321602971,106.4265100000
33323940625,106.3731960000
33326278261,106.4515460000
33328615897,106.3951020000
33330953552,106.4707140000
33334438405,106.7868740000
33336776041,106.9385140000
33339113696,107.1961990000
33341451332,107.4216740000
33343788967,107.4939640000
33346126622,107.6822180000
33348464258,107.8469400000
33350801894,107.8660720000
33353139548,108.0078130000
33355477184,108.1318360000
33357814820,108.1153560000
33360152475,108.2259360000
33362490110,108.3226940000
33364827746,108.2823570000
33367165401,108.3720620000
33369503037,108.4505540000
33371840672,108.3942340000
33374178327,108.4699540000
33376515963,108.5362090000
33378853599,108.4691820000
33381191253,108.5355340000
33383528889,108.5935920000
33385866544,108.5193930000
33388204180,108.5794680000
33390541815,108.6320340000
33392879470,108.5530290000
33395217106,108.6089000000
33397554742,108.6577870000
33399892396,108.9505630000
33402230032,109.2067420000
33404567668,109.4308990000
33406905323,109.6270360000
33409242958,109.7986560000
33411580594,109.9488240000
33413918249,110.0802210000
33416255885,110.1951930000
33418593520,110.2957930000
33420931175,110.3838180000
33423268811,110.4608400000
33425606447,110.5282350000
33427944101,110.5872050000
33430281737,110.6388040000
33432619373,110.6839530000
33434957028,110.7234580000
33437294663,110.7580250000
33439632299,110.7882710000
33441969954,110.8147370000
33444307590,110.7128940000
33446645225,110.6237820000
33448982880,110.4208090000
33451320516,110.3682070000
33453658152,110.3221810000
33455995806,110.1569080000
33458333442,110.1372940000
33460671078,110.1201320000
33463008733,110.1051150000
33465346368,110.0919750000
33467684004,110.0804780000
33470021659,110.0704180000
33472359295,110.0616150000
33474696931,110.0539130000
33477034585,110.0471730000
33479372221,110.0412760000
33481709857,110.0361160000
33484047511,110.0316010000
33486385147,110.0276500000
33488722783,110.0241930000
33491060438,110.0211680000
33493398074,110.0185220000
33495735709,110.0162060000
33498073364,110.0141800000
33500411000,110.0124070000
33502748636,110.0108560000
33505086290,110.0094990000
33507423926,110.0083110000
33509761562,110.0072720000
33512099217,110.0063630000
33514436852,110.0055670000
33516774488,110.0048710000
33519112143,110.0042620000
33521449779,110.0037290000
33523787414,110.0032620000
33526125069,110.0028540000
33528462705,110.0024970000
33530800341,110.0021840000
33533137995,110.0019110000
33535475631,110.0016720000
33537813267,110.0014630000
33540150922,110.0012800000
33542488557,110.0011200000
33544826193,110.0009800000
33547163848,110.0008570000
33549501484,110.0007490000
33551839119,110.0006550000
33554176774,110.0005730000
33556514410,110.0005010000
33558852046,110.0004380000
33561189700,110.0003830000
33563527336,110.0003350000
33565864991,110.0002930000
33568202627,110.0002560000
33570540263,110.0002240000
33572877917,109.8751960000
33575215553,109.8907960000
33577553189,109.9044460000
33579890844,109.7913900000
33582228479,109.8174660000
33584566115,109.8402820000
33586903770,109.7352460000
33589241406,109.7683400000
33591579041,109.7972970000
33593916696,109.6976340000
33596254332,109.7354290000
33598591968,109.7685000000
33600929622,109.6724370000
33603267258,109.7133820000
33605604894,109.7492090000
33607942549,109.6555570000
33610280184,109.6986120000
33612617820,109.7362850000
33614955475,109.6442490000
33617293111,109.6887170000
33619630746,109.7276270000
33621968401,109.6366730000
33624306037,109.6820880000
33626643673,109.7218270000
33628981327,109.6315980000
33631318963,109.6776480000
33633656599,109.7179420000
33637141472,109.8781990000
33639479107,110.0184240000
33641816743,110.1411210000
33644154398,110.2484800000
33646492034,110.3424200000
33648829670,110.4246170000
33651167324,110.4965390000
33653504960,110.5594710000
33655842596,110.6145370000
33658180250,110.6627190000
33660517886,110.7048790000
33662855522,110.7417690000
33665193177,110.7740470000
33667530813,110.8022910000
33669868467,110.8270040000
33672206103,110.8486280000
33674543739,110.8675490000
33676881394,110.8841050000
33679219029,110.8985910000
33681556665,110.9112670000
33683894320,110.9223580000
33686231956,110.9320630000
33688569591,110.9405550000
33690907246,110.9479850000
33692097664,110.8294860000
33694435300,110.7258000000
33696772936,110.6350750000
33699110590,110.5556900000
33701448226,110.4862280000
33703785862,110.4254490000
33706123517,110.3722670000
33708461152,110.3257330000
33710798788,110.2850160000
33713136443,110.2493890000
33715474079,110.2182150000
33717811715,110.1909380000
33720149369,110.1670700000
33722487005,110.1461860000
33724824641,110.1279120000
33727162295,110.1119230000
33729499931,110.0979320000
33731837567,110.0856900000
33734175222,110.0749780000
33736512858,110.0656050000
33738850493,110.0574040000
33741188148,110.0502280000
33743525784,110.0439490000
33745863439,109.7884550000
33748201074,109.6898980000
33750538710,109.6036600000
33752876365,109.4032020000
33755214001,109.3528010000
33757551636,109.3087000000
33759889291,109.1451120000
33762226927,109.1269730000
33764564563,109.1111010000
33766902217,108.9722130000
33769239853,108.9756860000
33771577489,108.9787250000
33773915144,108.8563840000
33776252780,108.8743360000
33778590415,108.8900440000
33780928070,108.7787880000
33783265706,108.8064390000
33785603342,108.8306340000
33787940996,108.7268040000
33790278632,108.7609530000
33792616268,108.7908330000
33794953923,108.6919780000
33797291558,108.7304800000
33799629194,108.7641700000
33801966849,108.7936480000
33805451703,109.0694420000
33807789338,109.3107610000
33810126993,109.5219150000
33812464629,109.7066750000
33814802265,109.8683400000
33817139919,110.0097970000
33819477555,110.1335720000
33821815191,110.2418750000
33824152846,110.3366400000
33826490482,110.4195600000
33828828117,110.4921150000
33831165772,110.5556000000
33833503408,110.6111500000
33835841044,110.6597560000
33838178698,110.7022860000
33840516334,110.7395000000
33842853970,110.7720620000
33845191625,110.8005540000
33847529260,110.8254840000
33849866915,110.8472980000
33852204551,110.8663850000
33854542187,110.8830860000
33856879842,110.8977000000
33859217477,110.9104870000
33861555113,110.9216760000
33863892768,111.1814660000
33866230404,111.5337820000
33868568039,111.7170590000
33870905694,111.8774260000
33873243330,112.1427470000
33875580966,112.2499030000
33877918620,112.3436650000
33880256256,112.5507060000
33882593892,112.6068670000
33884931547,112.6560080000
33887269183,112.8240070000
33889606818,112.8460060000
33891944473,112.8652550000
33894282109,113.0070980000
33896619745,113.0062100000
33898957399,113.0054330000
33901295035,113.1297530000
33903632671,113.1135330000
33905970326,113.0993410000
33908307961,113.2119230000
33910645597,113.1854320000
33912983252,113.1622530000
33915320888,113.2669710000
33917658524,113.1085990000
33919996178,112.9700240000
33922333814,112.8487710000
33924671450,112.7426740000
33927009105,112.7748390000
33929346740,112.6779840000
33931684376,112.5932360000
33934022031,112.6440810000
33936359667,112.5635700000
33938697303,112.4931230000
33941034957,112.5564820000
33943372593,112.4869210000
33945710229,112.4260550000
33948047884,112.4977980000
33950385519,112.4355730000
33952723155,112.3811260000
33955060810,112.4584850000
33957398446,112.4011740000
33959736082,112.3510270000
33962073736,112.4321480000
33964411372,112.3781290000
33966749008,112.3308620000
33969086663,112.4145040000
33971424298,112.3626910000
33973761934,112.3173540000
33976099589,112.4026840000
33978437225,112.3523480000
33980774860,112.3083040000
33983112515,112.3947660000
33985450151,112.3454200000
33987787787,112.3022420000
33990125441,112.3894610000
33992463077,112.3407780000
33994800713,112.2981800000
33997138368,112.3859070000
33999476004,112.3376680000
34001813639,112.2954590000
34004151294,112.3835260000
34006488930,112.3355850000
34008826566,112.2936360000
34011164220,112.3819310000
34013501856,112.3341890000
34015839492,112.2924150000
34018177147,112.3808630000
34020514783,112.3332550000
34022852418,112.2915980000
34025190073,112.3801480000
34027527709,112.3326290000
34029865345,112.2910500000
34032202999,112.3796680000
34034540635,112.3322090000
34036878290,112.2906820000
34039215926,112.2543460000
34041553562,112.2225520000
34043891216,112.1947330000
34046228852,112.1703910000
34048566488,112.1490920000
34050904143,112.1304550000
34053241778,112.1141480000
34055579414,112.0998790000
34057917069,112.0873940000
34060254705,112.0764690000
34062592341,112.0669100000
34064929995,112.0585460000
34067267631,112.0512270000
34069605267,112.0448230000
34071942922,112.0392200000
34074280557,112.0343170000
34076618193,112.0300270000
34078955848,112.0262730000
34081293484,112.0229880000
34083631120,112.0201140000
34085968774,112.0175990000
34088306410,112.0153990000
34090644046,112.0134740000
34092981701,112.0117890000
34095319336,112.0103150000
34097656972,112.0090250000
34099994627,112.0078960000
34103479481,112.1319090000
34105817116,112.2404200000
34108154771,112.4603670000
34110492407,112.5278210000
34112830043,112.5868430000
34115167698,112.7634870000
34117505333,112.7930510000
34119842969,112.8189190000
34122180624,112.9665540000
34124518260,112.9707340000
34126855895,112.9743920000
34129193550,113.1025930000
34131531186,113.0897680000
34133868841,113.0785470000
34136206477,113.1937280000
34138544112,113.1695120000
34140881767,113.1483230000
34143219403,113.2547820000
34145557039,113.2229340000
34147894693,113.1950670000
34150232329,113.2956830000
34152569965,113.2587220000
34154907620,113.2263810000
34157245256,113.3230830000
34158435673,113.1576970000
34160773309,113.0129840000
34163110964,113.0113610000
34165448600,112.8849400000
34167786236,112.7743220000
34170123890,112.8025310000
34172461526,112.7022140000
34174799162,112.6144370000
34177136817,112.6626320000
34179474452,112.5798030000
34181812088,112.5073270000
34184149743,112.5689110000
34186487379,112.4977970000
34188825015,112.4355720000
34191162669,112.5061250000
34193500305,112.4428590000
34195837941,112.3875010000
34198175596,112.4640630000
34200513232,112.4060550000
34202850867,112.3552980000
34205188522,112.4358850000
34207526158,112.3813990000
34209863794,112.3337240000
34212201448,112.4170080000
34214539084,112.2398820000
34216876739,112.0848960000
34219214375,111.9492840000
34221552011,111.8306230000
34223889665,111.7267950000
34226227301,111.6359450000
34228564937,111.5564510000
34230902592,111.4868940000
34233240227,111.4260320000
34235577863,111.3727780000
34237915518,111.3261800000
34240253154,111.2854070000
34242590790,111.2497310000
34244928444,111.2185140000
34247266080,111.1911990000
34249603716,111.1672990000
34251941371,111.1463860000
34254279006,111.1280870000
34256616642,111.1120760000
34258954297,111.0980660000
34261291933,111.0858070000
34263629569,111.0750810000
34265967223,111.0656950000
34268304859,111.0574830000
34270642495,111.1752970000
34272980150,111.2783840000
34276465003,111.4935860000
34278802639,111.6818870000
34281140294,111.9716510000
34283477930,112.1001940000
34285815566,112.2126690000
34288153220,112.4360850000
34290490856,112.5065740000
34292828492,112.5682520000
34295166147,112.7472200000
34297503783,112.7788170000
34299841418,112.8064640000
34302179073,112.9556560000
34304516709,112.9611990000
34306854345,112.9660490000
34309191999,113.0952920000
34311529635,113.0833800000
34313867271,113.0729570000
34316204926,113.1888370000
34318542562,113.1652320000
34320880216,113.1445780000
34323217852,113.2515050000
34325555488,113.2200660000
34327893143,113.4425570000
34330230779,113.7622370000
34332568414,114.0419570000
34334906069,114.1617120000
34337243705,114.3914980000
34339581341,114.5925600000
34341918995,114.6434900000
34344256631,114.8130530000
34346594267,114.9614210000
34348931922,114.9662430000
34351269558,115.0954620000
34353607193,115.2085290000
34355944848,115.1824620000
34358282484,115.2846540000
34360620120,115.3740720000
34362957774,115.3273130000
34365295410,115.4113980000
34367633046,115.4849730000
34369970701,115.4243510000
34372308337,115.4963070000
34374645973,115.5592680000
34376983627,115.4893590000
34379321263,115.5531890000
34381658899,115.6090400000
34383996554,115.5329100000
34386334189,115.5912960000
34388671825,115.6423840000
34391009480,115.5620860000
34393347116,115.4918250000
34395684752,115.3053460000
34398022406,115.2671770000
34400360042,115.2337790000
34402697678,115.0795560000
34405035333,115.0696110000
34407372969,115.0609090000
34409710604,114.9282950000
34412048259,114.9372580000
34414385895,114.9451000000
34416723531,114.8269620000
34419061185,114.8485910000
34421398821,114.8675170000
34423736457,114.7590770000
34426074112,114.7891920000
34428411748,114.8155430000
34430749383,114.7136000000
34433087038,114.7494000000
34435424674,114.7807250000
34437762310,114.6831340000
34440099965,114.7227420000
34442437600,114.7573990000
34444775236,114.6627240000
34447112891,114.7048830000
34449450527,114.7417720000
34451788163,114.6490500000
34454125817,114.6929180000
34456463453,114.7313030000
34458801089,114.6398900000
34461138744,114.6849030000
34463476379,114.7242900000
34465814015,114.6337530000
34468151670,114.6795330000
34470489306,114.7195910000
34472826942,114.6296420000
34475164596,114.6759360000
34477502232,114.7164440000
34479839868,114.6268880000
34482177523,114.6735270000
34484515159,114.7143360000
34486852794,114.6250440000
34489190449,114.6719130000
34491528085,114.7129230000
34493865721,114.6238070000
34496203376,114.6708310000
34498541011,114.7119770000
34500878666,114.6229790000
34503216302,114.6701060000
34505553938,114.5863420000
34507891592,114.5130490000
34510229228,114.5739170000
34512566864,114.5021770000
34514904519,114.4394040000
34517242155,114.5094780000
34519579791,114.4457930000
34521917445,114.3900680000
34524255081,114.4663090000
34526592717,114.4080200000
34528930372,114.3570170000
34531268007,114.4373890000
34533605643,114.3827150000
34535943298,114.3348750000
34538280934,114.4180150000
34540618570,114.3657630000
34542956224,114.3200420000
34545293860,114.4050360000
34547631496,114.3544060000
34549969151,114.3101050000
34552306787,114.3963410000
34554644422,114.3467980000
34556982077,114.3034480000
34559319713,114.3905170000
34561657349,114.3417020000
34565142221,114.5489890000
34567479857,114.7303650000
34569817493,114.7640690000
34572155148,114.9185600000
34574492784,115.0537400000
34576830419,115.0470220000
34579168074,115.1661440000
34581505710,115.2703760000
34583843346,115.2365790000
34586181001,115.3320060000
34588518636,115.4155050000
34590856272,115.3635660000
34593193927,115.4431200000
34595531563,115.5127300000
34597869199,115.4486380000
34600206853,115.5175580000
34602544489,115.5778630000
34604882144,115.5056300000
34607219780,115.5674260000
34609557416,115.6214970000
34611895070,115.5438090000
34614232706,115.6008320000
34616570342,115.6507280000
34618907997,115.5693870000
34620098415,115.4982130000
34621288833,115.3109360000
34623626468,115.0220690000
34625964123,114.7693100000
34628301759,114.6731460000
34630639395,114.4640020000
34632977050,114.2810010000
34635314685,114.2458750000
34637652321,114.0901400000
34639989976,113.9538720000
34642327612,113.9596380000
34644665248,113.8396830000
34647002902,113.8597220000
34649340538,113.8772560000
34651678174,113.7675990000
34654015829,113.7966490000
34656353465,113.8220670000
34658691100,113.7193080000
34661028755,113.7543940000
34663366391,113.7850940000
34665704027,113.6869570000
34668041682,113.7260870000
34670379317,113.7603260000
34672716953,113.6652850000
34676201826,113.8321240000
34678539462,113.7281080000
34680877097,113.6370940000
34683214752,113.6824570000
34685552388,113.5971490000
34687890043,113.5225050000
34690227679,113.5821910000
34692565314,113.5094170000
34694902969,113.4457390000
34697240605,113.5150210000
34699578241,113.4506430000
34701915896,113.3943120000
34704253531,113.4700230000
34706591167,113.4112700000
34708928822,113.3598610000
34711266458,113.4398780000
34713604094,113.3848930000
34715941748,113.3367810000
34718279384,113.4196830000
34720617020,113.3672220000
34722954675,113.3213190000
34725292311,113.4061540000
34727629946,113.3553840000
34729967601,113.3109610000
34732305237,113.3970900000
34734642873,113.4724530000
34736980528,113.6633960000
34740465381,114.0804710000
34742803017,114.4454120000
34745140672,114.7647350000
34747478308,115.0441430000
34749815944,115.2886250000
34752153598,115.5025460000
34754491234,115.6897270000
34756828870,115.8535110000
34759166525,115.9968220000
34761504161,116.1222190000
34763841796,116.1069410000
34766179451,116.2185730000
34768517087,116.3162510000
34770854723,116.2767190000
34773192378,116.3671290000
34775530013,116.4462370000
34777867649,116.3904570000
34780205304,116.4666490000
34782542940,116.5333170000
34784880595,116.4666520000
34787218230,116.5333200000
34789555866,116.5916550000
34791893521,116.3926980000
34794231157,116.3436100000
34796568793,116.3006580000
34797759211,116.0130750000
34800096865,116.1364400000
34802434501,116.2443850000
34804772137,116.3388360000
34807109792,116.4214810000
34809447428,116.4937950000
34811785063,116.5570700000
34814122718,116.6124360000
34816460354,116.6608810000
34818797990,116.7032700000
34821135645,116.7403610000
34823473280,116.7728150000
34825810916,116.8012130000
34828148571,116.8260610000
34830486207,116.8478030000
34832823843,116.8668270000
34835161497,116.8834730000
34837499133,116.8980380000
34839836769,116.9107830000
34842174424,116.9219350000
34844512060,116.9316930000
34846849695,116.9402310000
34849187350,116.9477020000
34851524986,116.9542390000
34855009859,117.2099590000
34857347495,117.1837140000
34859685130,117.1607490000
34862022785,117.1406550000
34864360421,117.1230730000
34866698057,117.1076880000
34869035712,117.0942270000
34871373347,117.0824480000
34873710983,117.0721420000
34876048638,117.0631240000
34878386274,117.0552330000
34880723910,117.0483280000
34883061564,117.0422870000
34885399200,117.0370010000
34887736836,117.0323750000
34890074491,117.0283280000
34892412127,117.0247870000
34894749762,117.0216880000
34897087417,117.0189770000
34899425053,117.0166040000
34901762689,117.0145280000
34904100344,117.0127120000
34906437979,117.0111230000
34908775615,117.0097320000
34911113270,117.0085150000
34912303688,116.8824500000
34914641324,116.8971430000
34916978979,116.7850000000
34919316614,116.8118750000
34921654250,116.8353900000
34923991905,116.7309660000
34926329541,116.7645950000
34928667177,116.7940200000
34931004831,116.8197670000
34933342467,116.8422960000
34935680103,116.8620090000
34938017758,116.8792570000
34940355394,116.8943490000
34942693029,116.9075550000
34945030684,116.9191100000
34947368320,116.9292210000
34949705956,116.9380680000
34952043611,116.9458090000
34954381247,116.9525820000
34956718882,116.9585090000
34959056537,116.9636950000
34961394173,116.9682330000
34963731809,116.9722030000
34966069464,116.9756770000
34968407099,116.9787170000
34971891972,116.8563770000
34974229608,116.8743290000
34976567244,116.8900370000
34978904898,116.7787820000
34981242534,116.8064340000
34983580170,116.8306290000
34985917825,116.7268000000
34988255461,116.7609500000
34990593097,116.7908310000
34992930751,116.6919770000
34995268387,116.7304790000
34997606023,116.7641690000
34999943678,116.6686470000
35002281314,116.7100660000
35004618949,116.7463070000
35006956604,116.6530180000
35009294240,116.6963900000
35011631876,116.7343410000
35013969531,116.6425480000
35016307166,116.6872290000
35018644802,116.7263250000
35020982457,116.6355340000
35023320093,116.6810920000
35025657729,116.7209550000
35027995384,116.6308350000
35030333019,116.8019800000
35032670655,116.9517320000
35035008310,117.2077650000
35037345946,117.3067940000
35039683582,117.3934440000
35042021236,117.5942630000
35044358872,117.6449800000
35046696508,117.6893570000
35049034163,117.7281870000
35051371799,117.7621630000
35053709435,117.7918920000
35056047089,117.8179050000
35058384725,117.8406660000
35060722361,117.8605820000
35063060016,117.8780090000
35065397652,117.8932570000
35067735287,117.9065990000
35070072942,117.9182740000
35072410578,117.9284890000
35074748214,117.9374270000
35077085869,117.9452480000
35079423504,117.9520920000
35081761140,117.9580800000
35084098795,117.9633200000
35086436431,117.9679050000
35088774067,117.8469160000
35091111721,117.7410510000
35093449357,117.6484190000
35095786993,117.5673660000
35098124648,117.4964450000
35100462284,117.4343890000
35102799920,117.3800900000
35105137574,117.3325780000
35107475210,117.2910050000
35109812846,117.2546290000
35112150501,117.2228000000
35114488137,117.1949500000
35116825772,117.1705810000
35119163427,117.1492580000
35121501063,117.1306000000
35123838699,117.1142750000
35126176354,117.0999900000
35128513990,117.0874910000
35130851625,117.0765540000
35133189280,117.0669840000
35135526916,117.0586110000
35137864552,117.0512840000
35140202207,117.0448730000
35142539842,117.0392630000
35144877478,117.0343550000
35147215133,117.0300600000
35149552769,117.0263020000
35151890424,116.8980140000
35154228059,116.9107620000
35156565695,116.9219160000
35158903350,116.8066760000
35161240986,116.8308410000
35163578622,116.8519850000
35165916277,116.7454860000
35168253912,116.7773000000
35170591548,116.8051370000
35172929203,116.7044940000
35175266839,116.7414320000
35177604475,116.7737530000
35179942129,116.6770330000
35182279765,116.7174030000
35184617401,116.7527270000
35186955056,116.6586360000
35189292692,116.7013060000
35191630328,116.7386420000
35193967982,116.6463110000
35196305618,116.6905220000
35198643254,116.7292060000
35200980909,116.6380550000
35203318545,116.6832980000
35205656181,116.7228850000
35207993835,116.6325240000
35210331471,116.6784580000
35212669107,116.7186500000
35215006762,116.7538180000
35217344398,116.7845900000
35219682033,116.8115160000
35222019688,116.8350760000
35224357324,116.8556910000
35226694960,116.8737290000
35229032615,116.8895120000
35231370250,116.9033230000
35233707886,116.9154070000
35236045541,116.9259810000
35238383177,116.9352330000
35240720813,116.9433280000
35244205685,117.0754120000
35246543321,117.1909850000
35248880957,117.2921110000
35251218612,117.3805970000
35253556248,117.4580220000
35255893903,117.5257690000
35258231538,117.5850470000
35260569174,117.6369160000
35262906829,117.6823010000
35265244465,117.7220130000
35267582101,117.7567610000
35269919755,117.7871650000
35272257391,117.8137690000
35274595027,117.8370470000
35276932682,117.8574160000
35279270318,117.8752390000
35281607954,117.8908340000
35283945608,117.9044790000
35286283244,117.9164190000
35288620880,117.9268660000
35290958535,117.9360070000
35293296171,117.9440060000
35295633807,117.9510050000
35297971461,117.9571290000
35300309097,118.3374870000
35302646733,118.5453010000
35303837151,118.6021380000
35306174806,118.7768700000
35308512442,118.8047610000
35310850077,118.8291650000
35313187732,118.9755190000
35315525368,118.9785790000
35317863004,118.9812560000
35320200659,119.1085990000
35322538295,119.0950240000
35324875930,119.0831460000
35327213585,119.1977520000
35329551221,119.1730330000
35331888857,119.1514030000
35334226512,119.1324770000
35336564147,119.1159170000
35338901802,119.1014270000
35341239438,119.0887480000
35343577074,119.0776540000
35345914729,119.0679470000
35348252365,119.0594530000
35350590000,119.0520210000
35352927655,119.0455180000
35355265291,119.0398280000
35357602927,119.0348490000
35359940582,119.0304920000
35362278218,118.9016800000
35365763071,118.9139700000
35368100726,119.0497230000
35370438362,119.0435070000
35372775998,119.0380680000
35375113653,119.1583090000
35377451288,119.1385200000
35379788924,119.1212050000
35382126579,119.2310540000
35384464215,119.2021720000
35386801851,119.1769000000
35389139505,119.2797870000
35391477141,119.2448130000
35393814777,119.2142110000
35396152432,119.3124340000
35398490068,119.2733790000
35400827704,119.2392060000
35403165358,119.3343050000
35405502994,119.2925160000
35407840630,119.2559510000
35410178285,119.3489570000
35412515921,119.3053370000
35414853557,119.2671690000
35417191211,119.3587720000
35419528847,119.3139250000
35421866483,119.2746840000
35424204138,119.4903480000
35425394556,119.4290540000
35427732192,119.3754220000
35430069846,119.4534940000
35432407482,119.3968070000
35434745118,119.3472060000
35437082773,119.4288050000
35439420409,119.3752040000
35441758045,119.3283030000
35444095699,119.4122650000
35446433335,119.3607310000
35448770971,119.3156390000
35451108626,119.4011840000
35453446262,119.3510360000
35455783898,119.3071560000
35458121552,119.3937610000
35460459188,119.3445400000
35462796824,119.3014720000
35465134479,119.3887880000
35467472115,119.3401890000
35469809751,119.2976650000
35472147405,119.3854560000
35474485041,119.3372740000
35476822677,119.2951140000
35479160332,119.3832240000
35481497968,119.3353210000
35483835604,119.1684050000
35486173258,119.0223540000
35489658112,119.0195590000
35491995767,119.0171140000
35494333403,119.0149740000
35496671039,119.0131020000
35499008693,119.1364640000
35501346329,119.1194060000
35503683965,119.1044800000
35506021620,119.2164200000
35508359256,119.1893670000
35510696892,119.1656960000
35513034546,119.2699840000
35515372182,119.2362360000
35517709818,119.2067060000
35520047473,119.3058670000
35522385109,119.2676330000
35524722745,119.2341780000
35527060399,119.3299050000
35529398035,119.2886660000
35531735671,119.2525820000
35534073326,119.3460090000
35536410962,119.3027570000
35538748597,119.2649120000
35541086252,119.3567980000
35543423888,119.3121980000
35545761524,119.3981730000
35548099179,119.5984010000
35550436815,119.6486000000
35552774450,119.6925250000
35555112105,119.8559590000
35557449741,119.8739640000
35559787377,119.8897180000
35562125032,120.0285030000
35564462668,120.0249400000
35566800303,120.0218220000
35569137958,120.1440940000
35571475594,120.1260820000
35573813230,120.1103210000
35576150885,120.2215300000
35578488521,120.1938380000
35580826156,120.1696080000
35583163811,120.2734070000
35585501447,120.2392310000
35587839083,120.2093270000
35590176738,120.3081610000
35592514374,120.2696400000
35594852009,120.2359350000
35597189664,120.3314430000
35599527300,120.2900120000
35601864936,120.2537600000
35604202591,120.3470400000
35606540227,120.3036600000
35608877862,120.1407020000
35611215517,120.1231140000
35613553153,119.9827240000
35615890789,119.8598830000
35618228444,119.7523970000
35620566080,119.6583470000
35622903734,119.5760530000
35625241370,119.5040460000
35627579006,119.4410400000
35629916661,119.3859100000
35632254297,119.3376710000
35634591933,119.2954620000
35636929587,119.2585290000
35639267223,119.2262120000
35641604859,119.1979350000
35643942514,119.1731930000
35646280150,119.1515430000
35648617786,119.1326000000
35650955440,119.1160250000
35653293076,119.1015210000
35655630712,119.0888300000
35657968367,119.0777260000
35660306003,119.0680100000
35662643639,119.0595080000
35664981293,119.0520690000
35667318929,119.0455600000
35669656565,119.0398650000
35671994220,119.0348810000
35674331856,119.0305200000
35676669492,119.0267050000
35679007146,119.1483660000
35681344782,119.1298200000
35683682418,119.1135920000
35686020073,119.2243930000
35688357709,119.1963430000
35690695345,119.1718000000
35693032999,119.2753250000
35695370635,119.2409090000
35697708271,119.2107950000
35700045926,119.3094450000
35702383562,119.2707640000
35704721198,119.2369180000
35707058852,119.3323030000
35709396488,119.2907650000
35711734124,119.2544190000
35714071779,119.3476160000
35716409415,119.3041640000
35718747051,119.2661430000
35721084705,119.3578750000
35723422341,119.3131400000
35725759977,119.2739970000
35728097632,119.3647470000
35730435268,119.3191530000
35732772904,119.2792580000
35735110559,119.3693500000
35737448194,119.3231810000
35739785830,119.2827830000
35743270703,119.4974350000
35745608339,119.5602550000
35747945994,119.6152230000
35750283629,119.7883200000
35752621265,119.8147800000
35754958920,119.8379320000
35757296556,119.9831900000
35759634192,119.9852910000
35761971847,119.9871290000
35764309482,120.1137370000
35766647118,120.0995190000
35768984773,120.0870790000
35771322409,120.2011940000
35773660045,120.1760440000
35775997700,120.1540380000
35778335336,120.2597830000
35780672971,120.2273100000
35783010626,120.3238960000
35785348262,120.4084090000
35787685898,120.3573570000
35790023553,120.4376870000
35792361189,120.5079760000
35794698824,120.4444790000
35797036479,120.5139190000
35799374115,120.8246790000
35801711751,120.9715940000
35802902188,120.9751440000
35805239824,121.1032510000
35807577460,121.0903440000
35809915114,121.0790510000
35812252750,121.1941690000
35814590386,121.1698970000
35816928041,121.1486590000
35819265677,121.2550760000
35821603313,121.2231910000
35823940967,121.1952920000
35826278603,121.2958800000
35828616239,121.2588950000
35830953894,121.2265330000
35833291530,121.3232160000
35835629166,121.2828140000
35837966820,121.2474620000
35840304456,121.3415290000
35842642092,121.2988370000
35844979747,121.2614820000
35847317383,121.3537960000
35849655019,121.3095710000
35851992673,121.2708740000
35854330309,121.3620140000
35856667945,121.3167620000
35859005600,121.4021660000
35861343236,121.4768950000
35863680872,121.2922830000
35867165744,121.3807470000
35869503380,121.4581530000
35871841016,121.4008830000
35874178671,121.4757720000
35876516307,121.5413000000
35878853943,121.4736370000
35881191598,121.5394320000
35883529233,121.5970030000
35885866869,121.5223770000
35888204524,121.5820790000
35890542160,121.6343190000
35892879796,121.5550290000
35895217451,121.6106500000
35897555086,121.6593180000
35899892722,121.5769030000
35902230377,121.6297900000
35904568013,121.5510660000
35906905668,121.4821820000
35909243304,121.5469090000
35911580940,121.4785450000
35913918594,121.4187260000
35916256230,121.4913850000
35918593866,121.4299610000
35920931521,121.3762150000
35923269157,121.4541880000
35925606793,121.6474140000
35926797211,121.5664870000
35929134865,121.6206760000
35931472501,121.6680910000
35933810137,121.5845790000
35936147792,121.6365060000
35938485428,121.6819420000
35940823064,121.5966990000
35943160718,121.6471110000
35945498354,121.6912220000
35947835990,121.6048190000
35950173645,121.6542160000
35952511281,121.6974390000
35954848917,121.6102590000
35957186571,121.6589760000
35959524207,121.7016040000
35961861843,121.6139030000
35964199498,121.6621650000
35966537134,121.7043940000
35968874770,121.6163440000
35971212425,121.6643010000
35973550060,121.7062630000
35975887696,121.6179800000
35978225351,121.6657320000
35980562987,121.5825150000
35982900623,121.5097000000
35985238278,121.5709870000
35987575913,121.3746130000
35991060786,121.4527860000
35993398422,121.5211870000
35995736058,121.4560380000
35998073713,121.5240330000
36000411349,121.5835280000
36002748985,121.5105870000
36005086639,121.5717630000
36007424275,121.6252920000
36009761911,121.5471300000
36012099566,121.6037380000
36014437202,121.6532700000
36016774838,121.5716110000
36019112492,121.6251590000
36021450128,121.6720140000
36023787764,121.5880120000
36026125419,121.6395100000
36028463055,121.6845710000
36030800691,121.5989990000
36033138345,121.6491240000
36035475981,121.6929830000
36037813617,121.6063600000
36040151272,121.6555650000
36042488908,121.6986190000
36044826544,121.6112910000
36047164199,121.6598790000
36049501834,121.8273940000
36051839470,121.8489690000
36054177125,121.9928470000
36056514761,122.1187410000
36058852397,122.1038980000
36061190052,122.2159100000
36063527688,122.3139210000
36065865323,122.2746800000
36068202978,122.3653450000
36070540614,122.4446760000
36072878250,122.3890910000
36075215905,122.4654540000
36077553541,122.5322720000
36079891177,122.4657380000
36082228831,122.5325200000
36084566467,122.5909550000
36086904103,122.5170850000
36089241758,122.5774490000
36091579394,122.6302670000
36093917049,122.5514830000
36096254684,122.6075470000
36098592320,122.6566030000
36100929975,122.5745270000
36103267611,122.6277110000
36105605247,122.6742470000
36107942902,122.5899660000
36110280538,122.6412200000
36112618173,122.4360670000
36114955828,122.2565580000
36117293464,122.2244880000
36119631100,122.0714270000
36121968755,121.9374980000
36124306391,121.9453100000
36126644027,121.8271460000
36128981681,121.7237520000
36131319317,121.7582830000
36133656953,121.6634970000
36135994608,121.5805590000
36138332244,121.6329890000
36140669880,121.5538650000
36143007534,121.6096310000
36145345170,121.6584270000
36147682806,121.5761230000
36150020461,121.6291070000
36152358097,121.6754680000
36154695733,121.5910340000
36157033388,121.6421540000
36159371023,121.6868840000
36161708659,121.6010230000
36164046314,121.6508950000
36166383950,121.6945330000
36168721586,121.6077160000
36171059241,121.6567510000
36173396877,121.6996570000
36175734512,121.6121990000
36178072167,121.6606740000
36180409803,121.7030890000
36182747439,121.6152020000
36185085094,121.6633010000
36187422730,121.7053880000
36189760366,121.6172140000
36192098020,121.6650620000
36194435656,121.7069290000
36196773292,121.6185620000
36199110947,121.6662410000
36201448583,121.7079600000
36203786219,121.6194650000
36206123874,121.6670310000
36208461509,121.7086520000
36210799145,121.6200700000
36213136800,121.6675610000
36215474436,121.7091150000
36217812072,121.6204750000
36220149727,121.6679150000
36222487363,121.7094250000
36224824998,121.6207460000
36227162653,121.6681520000
36229500289,121.7096330000
36231837925,121.6209280000
36234175580,121.6683120000
36236513216,121.7097730000
36238850852,121.6210510000
36241188506,121.6684190000
36243526142,121.7098660000
36247011015,121.8711320000
36249348651,122.0122400000
36251686287,122.1357100000
36254023942,122.2437460000
36256361577,122.3382770000
36258699213,122.4209920000
36261036868,122.4933680000
36263374504,122.5566970000
36265712140,122.4871090000
36268049795,122.5512200000
36270387431,122.6073170000
36272725066,122.5314020000
36275062721,122.5899760000
36277400357,122.6412290000
36279737993,122.5610750000
36282075648,122.6159400000
36284413284,122.6639470000
36286750920,122.5809530000
36289088574,122.6333330000
36291426210,122.6791660000
36293763846,122.5942700000
36296101501,122.6449860000
36298439137,122.6893620000
36300776773,122.9781910000
36303114428,123.2309170000
36305452063,123.4520520000
36307789699,123.6455450000
36308980136,123.5648510000
36311317772,123.6192440000
36313655408,123.6668380000
36315993063,123.5834830000
36318330699,123.6355470000
36320668335,123.6811030000
36323005989,123.7209650000
36325343625,123.7558440000
36327681261,123.7863630000
36330018916,123.8130670000
36332356552,123.8364330000
36334694188,123.8568780000
36337031842,123.8747680000
36339369478,123.8904220000
36341707114,123.9041190000
36344044769,123.9161040000
36346382405,123.9265910000
36348720041,123.9357670000
36351057696,123.9437960000
36353395332,123.9508210000
36355732967,123.9569680000
36358070622,123.9623470000
36360408258,123.9670530000
36362745894,123.9711710000
36365083549,123.9747740000
36367421185,123.9779270000
36369758821,123.7306860000
36372096475,123.6393500000
36374434111,123.5594310000
36377918984,123.4895020000
36380256620,123.5533140000
36382594256,123.6091490000
36384931911,123.5330050000
36387269547,123.5913790000
36389607182,123.6424560000
36391944837,123.5621490000
36394282473,123.6168800000
36396620109,123.6647700000
36398957764,123.5816730000
36401295400,123.6339630000
36403633036,123.6797170000
36405970690,123.5947520000
36408308326,123.6454080000
36410645962,123.6897320000
36412983617,123.6035150000
36415321253,123.6530750000
36417658889,123.6964400000
36419996544,123.6093850000
36422334179,123.6582110000
36424671815,123.7009340000
36427009470,123.7383170000
36429347106,123.7710270000
36431684742,123.7996480000
36434022397,124.0746920000
36436360033,124.1903550000
36438697669,124.2915600000
36439888086,124.2551150000
36442225741,124.2232250000
36444563377,124.1953210000
36446901013,124.0459050000
36449238668,124.0401660000
36451576304,124.0351450000
36453913959,123.9057510000
36456251594,123.9175320000
36458589230,123.9278400000
36460926885,123.8118600000
36463264521,123.8353770000
36465602157,123.8559540000
36467939812,123.7489590000
36470277448,123.7803390000
36472615084,123.8077960000
36474952738,123.7068210000
36477290374,123.7434680000
36479628010,123.7755340000
36481965665,123.6785920000
36484303301,123.7187680000
36486640937,123.7539220000
36488978592,123.6596810000
36491316227,123.7022200000
36494801081,123.8644420000
36497138736,124.0063860000
36499476372,124.1305870000
36501814008,124.1142630000
36504151663,124.0999800000
36506489299,124.0874820000
36508826934,124.0765460000
36511164589,124.0669770000
36513502225,124.0586040000
36515839861,124.0512780000
36518177516,124.0448680000
36520515152,124.0392590000
36522852788,124.0343510000
36525190442,124.0300570000
36527528078,124.0262990000
36529865714,124.0230110000
36532203369,124.0201340000
36534541005,124.0176170000
36536878641,124.0154140000
36539216296,124.0134870000
36541553932,124.0118010000
36543891567,124.0103250000
36546229222,124.0090340000
36548566858,124.0079040000
36550904494,123.8819160000
36553242149,123.8966760000
36555579785,123.9095910000
36557917440,123.7958920000
36560255075,123.8214050000
36562592711,123.8437290000
36564930366,123.9882620000
36567268002,124.1147290000
36569605638,124.2253870000
36571943293,124.3222130000
36574280929,124.4069360000
36576618565,124.4810690000
36578956219,124.5459350000
36581293855,124.6026930000
36583631491,124.6523560000
36585969146,124.6958110000
36588306782,124.7338340000
36590644418,124.7671040000
36592982073,124.7962160000
36595319708,124.8216890000
36597657344,124.8439770000
36599994999,124.8634790000
36602332635,124.8805440000
36604670271,124.8954760000
36607007926,125.0335410000
36609345562,125.0293480000
36611683198,125.0256790000
36614020852,125.1474690000
36616358488,125.1290350000
36618696124,124.9879050000
36621033779,124.8644160000
36623371415,124.7563640000
36625709051,124.6618180000
36628046706,124.5790900000
36630384342,124.5067030000
36632721977,124.4433650000
36635059632,124.3879440000
36637397268,124.3394510000
36639734904,124.2970190000
36642072559,124.2598910000
36644410195,124.2274040000
36646747831,124.1989780000
36649085485,124.1741050000
36651423121,124.1523410000
36653760757,124.1332980000
36656098412,124.1166350000
36658436048,124.1020550000
36660773684,124.0892980000
36663111339,124.0781350000
36665448975,124.0683680000
36667786610,124.0598220000
36670124265,124.0523440000
36672461901,124.0458010000
36674799537,124.0400750000
36677137192,124.0350650000
36679474828,124.0306810000
36681812464,124.0268450000
36684150119,124.0234890000
36686487754,124.0205520000
36688825390,124.0179830000
36691163045,124.0157350000
36693500681,124.0137680000
36695838317,124.0120470000
36698175972,124.0105410000
36700513608,124.0092230000
36702851244,124.0080700000
36705188898,124.0070610000
36707526534,124.0061780000
36709864170,124.0054050000
36712201825,124.0047290000
36714539461,124.0041370000
36716877097,124.0036190000
36719214752,124.0031660000
36721552388,124.0027700000
36723890023,124.0024230000
36726227678,124.0021200000
36728565314,124.0018550000
36730902950,123.8766230000
36733240605,123.8920450000
36735578241,123.9055390000
36737915877,123.7923460000
36740253532,123.8183020000
36742591167,123.8410140000
36744928822,123.7358870000
36747266458,123.7689010000
36749604094,123.7977880000
36751941749,123.6980640000
36754279385,123.7358060000
36756617021,123.7688300000
36758954675,123.6727260000
36762439529,123.8386350000
36764777165,123.9838050000
36767114820,124.1108290000
36769452456,124.2219750000
36771790092,124.3192280000
36774127747,124.4043240000
36776465383,124.4787830000
36778803018,124.5439350000
36781140673,124.6009430000
36783478309,124.6508250000
36785815945,124.6944710000
36788153600,124.7326620000
36790491236,124.7660790000
36792828872,124.7953190000
36795166527,124.8209040000
36797504162,124.8432910000
36799841798,124.8628790000
36802179453,124.8800190000
36804517089,124.8950160000
36806854725,124.9081390000
36809192380,124.9196210000
36811530016,124.9296680000
36813867652,124.9384590000
36816205306,125.3211510000
36818542942,125.5310070000
36820880578,125.7146310000
36823218233,126.0003020000
36824408651,126.0002640000
36826746287,126.0002310000
36829083942,126.1252020000
36831421578,126.1095510000
36833759214,126.0958570000
36836096868,126.2088740000
36838434504,126.1827640000
36840772140,126.1599180000
36843109795,126.2649280000
36845447431,126.2318120000
36847785067,126.2028350000
36850122722,126.3024800000
36852460358,126.2646700000
36854797993,126.2315860000
36857135648,126.3276370000
36859473284,126.2866820000
36861810920,126.2508460000
36864148575,126.3444900000
36866486211,126.3014280000
36868823847,126.2637490000
36871161502,126.3557800000
36873499137,126.3113070000
36875836773,126.2723930000
36878174428,126.3633430000
36880512064,126.3179250000
36882849700,126.2781840000
36885187355,126.3684110000
36887524991,126.1973590000
36889862627,126.0476890000
36892200281,125.9167270000
36895685135,125.9271360000
36898022790,126.0612440000
36900360426,126.0535880000
36902698062,126.0468890000
36905035717,126.1660270000
36907373353,126.1452730000
36909710989,126.1271130000
36912048643,126.2362230000
36914386279,126.2066950000
36916723915,126.1808580000
36919061570,126.2832500000
36921399206,126.2478430000
36923736842,126.2168620000
36926074497,126.3147540000
36928412133,126.2754090000
36930749769,126.2409820000
36933087423,126.3358590000
36935425059,126.2938760000
36937762695,126.2571410000
36940100350,126.3499980000
36942437986,126.3062480000
36944775622,126.2679670000
36947113277,126.3594710000
36949450913,126.3145370000
36951788548,126.4002190000
36954126203,126.6001910000
36956463839,126.6501670000
36957654257,126.5688960000
36959991912,126.4977840000
36962329548,126.4355610000
36964667184,126.3811150000
36967004839,126.4584750000
36969342475,126.4011650000
36971680110,126.3510190000
36974017765,126.4321410000
36976355401,126.3781230000
36978693037,126.3308570000
36981030692,126.4144990000
36983368328,126.3626860000
36985705964,126.3173500000
36988043619,126.4026810000
36990381255,126.3523450000
36992718890,126.3083010000
36995056545,126.3947630000
36997394181,126.3454170000
36999731817,126.3022390000
37002069472,126.3894590000
37004407108,126.3407760000
37006744744,126.2981790000
37009082399,126.3859060000
37011420034,126.3376670000
37013757670,126.2954580000
37016095325,126.3835250000
37018432961,126.3355840000
37020770597,126.1686360000
37023108252,126.0225560000
37025445888,125.8947360000
37028930761,125.9078940000
37031268396,125.9194070000
37033606032,125.9294810000
37035943687,125.9382950000
37038281323,125.9460080000
37040618959,125.9527570000
37042956614,125.9586620000
37045294250,125.9638290000
37047631886,125.9683500000
37049969541,125.9723060000
37052307176,125.9757670000
37054644812,125.9787960000
37056982467,125.9814460000
37059320103,125.9837650000
37061657739,125.9857940000
37063995394,125.9875690000
37066333030,125.9891220000
37068670666,125.9904810000
37071008321,126.1166700000
37073345956,126.1020860000
37075683592,126.0893250000
37078021247,126.2031590000
37080358883,126.1777640000
37082696519,126.1555430000
37085034174,126.3861000000
37087371810,126.5878370000
37089709446,126.6393570000
37092047100,126.8094370000
37094384736,126.8332570000
37096722372,126.8540990000
37099060027,126.9973360000
37101397663,126.9976690000
37103735299,126.9979600000
37106072954,127.1232150000
37108410590,127.1078130000
37110748226,127.0943360000
37113085880,127.2075440000
37115423516,127.1816010000
37117761152,127.1589000000
37120098807,127.2640370000
37122436443,127.2310320000
37124774079,127.2021530000
37127111734,127.3018830000
37129449370,127.2641470000
37131787006,127.2311280000
37134124660,127.3272370000
37136462296,127.2863320000
37138799932,127.2505400000
37141137587,127.3442220000
37143475223,127.3011940000
37145812859,127.2635440000
37148150514,127.3556010000
37150488150,127.3111500000
37152825786,127.2722560000
37155163440,127.2382240000
37157501076,127.0834460000
37159838712,126.9480150000
37162176367,126.9545130000
37164514003,126.8351980000
37166851639,126.7307980000
37169189294,126.7644480000
37171526930,126.6688920000
37173864566,126.5852800000
37176202220,126.6371200000
37178539856,126.5574800000
37180877492,126.4877950000
37183215147,126.5518200000
37185552783,126.4828420000
37187890419,126.4224860000
37190228074,126.4946750000
37192565710,126.4328400000
37194903346,126.3787350000
37197241000,126.3313930000
37199578636,126.2899680000
37201916272,126.2537220000
37204253927,126.2220060000
37206591563,126.1942550000
37208929218,126.1699730000
37211266854,126.1487260000
37213604490,126.1301350000
37215942145,126.1138680000
37218279780,126.0996340000
37220617416,126.0871790000
37222955071,126.0762810000
37225292707,126.0667450000
37227630343,126.0584010000
37229967998,126.0511000000
37232305634,126.0447120000
37234643270,126.0391230000
37236980925,126.0342320000
37239318561,126.0299530000
37241656196,126.0262080000
37243993851,126.0229320000
37246331487,126.0200650000
37248669123,126.0175560000
37251006778,126.1403610000
37253344414,126.1228150000
37255682050,126.1074630000
37258019705,126.2190300000
37260357341,126.1916510000
37262694976,126.1676940000
37265032631,126.2717320000
37267370267,126.2377650000
37269707903,126.2080440000
37272045558,126.3070380000
37274383194,126.2686580000
37276720830,126.2350750000
37279058485,126.3306900000
37281396121,126.2893530000
37283733757,126.2531830000
37286071411,126.3465350000
37288409047,126.3032180000
37290746683,126.2653150000
37293084338,126.3571500000
37295421974,126.3125060000
37297759610,126.2734420000
37300097265,126.3642610000
37302434901,126.3187280000
37305919755,126.4038870000
37308257409,126.6034010000
37310595045,126.6529750000
37312932700,126.6963530000
37315270336,126.8593080000
37317607972,126.8768940000
37319945627,126.8922820000
37322283263,127.0307460000
37324620899,127.0269020000
37326958554,127.0235390000
37329296189,127.1455960000
37331633825,127.1273960000
37333971480,127.1114710000
37336309116,127.2225370000
37338646752,127.1947190000
37340984407,127.1703790000
37343322043,127.2740810000
37345659679,127.2398200000
37347997334,127.2098420000
37350334969,127.3086110000
37352672605,127.2700340000
37355010260,127.3612790000
37357347896,127.6911190000
37359685532,127.9797290000
37362023187,128.2322620000
37364360823,128.4532290000
37366698459,128.6465750000
37369036114,128.8157530000
37370226532,128.8387830000
37372564168,128.8589350000
37374901803,128.7515680000
37377239458,128.7826220000
37379577094,128.6847940000
37381914730,128.5991940000
37384252385,128.6492940000
37386590021,128.5681320000
37388927657,128.4971150000
37391265312,128.5599750000
37393602948,128.4899780000
37395940602,128.4287300000
37398278238,128.5001380000
37400615874,128.4376200000
37402953529,128.3829170000
37405291165,128.4600520000
37407628801,128.4025450000
37409966456,128.3522260000
37412304092,128.4331970000
37414641728,128.3790470000
37416979383,128.3316660000
37419317018,128.4152070000
37421654654,128.3633060000
37423992309,128.3178920000
37426329945,128.4031550000
37428667581,128.3527600000
37431005236,128.4336650000
37433342872,128.3794560000
37435680508,128.2070240000
37438018163,128.1811460000
37440355799,128.1585020000
37442693434,128.0136890000
37446178307,128.1369770000
37448515943,128.2448540000
37450853579,128.2142470000
37453191234,128.3124660000
37455528870,128.3984070000
37457866506,128.3486060000
37460204161,128.4300300000
37462541797,128.5012760000
37464879433,128.4386160000
37467217087,128.5087890000
37469554723,128.5701900000
37471892359,128.4989160000
37474230014,128.5615510000
37476567650,128.6163570000
37478905286,128.5393120000
37481242941,128.5968980000
37483580577,128.5222850000
37485918213,128.4569990000
37488255867,128.5248740000
37490593503,128.4592640000
37492931139,128.4018560000
37495268794,128.4766240000
37497606430,128.4170460000
37499944085,128.4899150000
37502281721,128.6786750000
37504619357,128.8438400000
37506957012,128.8633600000
37509294648,129.0054400000
37510485066,129.0047600000
37512822701,128.8791650000
37515160356,128.8942690000
37517497992,128.9074850000
37519835628,128.7940490000
37522173283,128.8197920000
37524510919,128.8423180000
37526848555,128.7370280000
37529186210,128.7698990000
37531523846,128.7986610000
37533861482,128.6988280000
37536199136,128.7364740000
37538536772,128.7694140000
37540874408,128.6732370000
37543212063,128.7140820000
37545549699,128.7498210000
37547887335,128.6560930000
37550224990,128.6990810000
37552562626,128.7366950000
37554900262,128.6446080000
37557237917,128.6890320000
37559575553,128.6029030000
37561913188,128.5275400000
37564250843,128.5865970000
37566588479,128.5132720000
37568926115,128.4491130000
37571263770,128.5179730000
37574748624,128.4532260000
37577086279,128.5215720000
37579423915,128.5813750000
37581761551,128.5087030000
37584099205,128.5701150000
37586436841,128.6238500000
37588774477,128.5458680000
37591112132,128.6026340000
37593449768,128.6523040000
37595787404,128.5707660000
37598125059,128.6244200000
37600462695,128.6713670000
37602800331,128.5874460000
37605137986,128.6390150000
37607475622,128.6841380000
37609813257,128.5986200000
37612150912,128.6487920000
37614488548,128.6926930000
37616826184,128.6061060000
37619163839,128.6553420000
37621501475,128.6984240000
37623839111,128.6111210000
37626176766,128.6597300000
37628514402,128.7022630000
37630852038,128.6144800000
37633189692,128.6626700000
37635527328,128.7048360000
37639012201,128.8667310000
37640202619,129.0083890000
37642540255,129.1323400000
37644877891,129.1157970000
37647215546,129.2263220000
37649553182,129.3230310000
37651890818,129.2826520000
37654228473,129.3723200000
37656566109,129.4507800000
37658903744,129.3944320000
37661241399,129.4701280000
37663579035,129.5363620000
37665916671,129.4693160000
37668254326,129.5356510000
37670591962,129.5936940000
37672929598,129.5194820000
37675267253,129.5795460000
37677604889,129.6321020000
37679942544,129.5530890000
37682280180,129.6089520000
37684617815,129.6578330000
37686955470,129.5756030000
37689293106,129.6286520000
37691630742,129.6750700000
37693968397,129.5906860000
37696306033,129.6418500000
37698643669,129.6866180000
37700981324,129.6007900000
37702171742,129.4006910000
37704509378,129.1006040000
37706847014,128.8380280000
37709184668,128.7332740000
37711522304,128.5166140000
37713859940,128.3270370000
37717344813,128.4111570000
37719682449,128.3597620000
37722020104,128.4397910000
37724357740,128.5098170000
37726695376,128.4460890000
37729033031,128.5153270000
37731370667,128.5759110000
37733708303,128.5039220000
37736045957,128.5659310000
37738383593,128.6201890000
37740721229,128.5426650000
37743058884,128.5998310000
37745396520,128.6498520000
37747734156,128.5686200000
37750071811,128.6225420000
37752409447,128.6697240000
37754747083,128.5860080000
37757084738,128.6377570000
37759422374,128.6830370000
37761760009,128.5976570000
37764097664,128.6479490000
37766435300,128.4419550000
37768772936,128.3867100000
37771110591,128.4633710000
37773448227,128.5304490000
37775785863,128.4641420000
37778123518,128.5311240000
37781608372,128.7147330000
37782798790,128.6253910000
37785136445,128.6722170000
37787474080,128.7131890000
37789811716,128.6240400000
37792149371,128.6710350000
37794487007,128.7121550000
37796824643,128.6231350000
37799162298,128.6702430000
37801499934,128.7114620000
37803837570,128.6225290000
37806175225,128.6697120000
37808512861,128.7109980000
37810850497,128.6221230000
37813188152,128.6693570000
37815525787,128.7106870000
37817863423,128.6218510000
37820201078,128.6691190000
37822538714,128.7104790000
37824876350,128.6216690000
37827214005,128.6689600000
37829551641,128.7103400000
37831889277,128.7465470000
37834226932,128.9032280000
37836564568,129.0403240000
37838902204,129.0352830000
37841239858,129.1558720000
37843577494,129.2613880000
37845915130,129.1037140000
37848252785,129.0907490000
37850590421,128.9544050000
37852928057,128.8351040000
37855265712,128.8557160000
37857603348,128.7487510000
37861088221,128.9051570000
37863425857,129.0420120000
37865763493,129.0367600000
37868101147,129.1571650000
37870438783,129.2625190000
37872776419,129.2297040000
37875114074,129.3259910000
37877451710,129.4102420000
37879789346,129.3589610000
37882127001,129.4390900000
37884464637,129.5092030000
37886802273,129.4455520000
37889139928,129.5148580000
37891477564,129.5755000000
37893815200,129.5035620000
37896152854,129.5656160000
37898490490,129.8699140000
37900828126,130.1361740000
37903165781,130.3691520000
37905503417,130.5730080000
37907841053,130.7513820000
37910178708,130.9074590000
37912516344,130.9190260000
37914853980,131.0541470000
37917191635,131.1723780000
37919529271,131.2758300000
37921866907,131.3663510000
37924204561,131.4455570000
37925394979,131.3898620000
37927732615,131.3411290000
37930070270,131.2984870000
37932407906,131.2611760000
37934745542,131.2285290000
37937083197,131.1999620000
37939420833,131.1749660000
37941758469,131.1530950000
37944096124,131.1339580000
37946433760,131.1172130000
37948771396,131.1025610000
37951109050,131.0897400000
37953446686,131.0785220000
37955784322,131.0687060000
37958121977,131.0601170000
37960459613,131.0526020000
37962797249,131.0460260000
37965134904,131.0402720000
37967472540,131.0352380000
37969810176,131.0308330000
37972147831,131.0269780000
37974485467,131.0236050000
37976823103,131.0206540000
37979160758,131.0180720000
37981498393,131.0158130000
37983836029,131.0138360000
37986173684,131.0121060000
37988511320,131.0105920000
37990848956,130.7592680000
37993186611,130.6643590000
37995524247,130.5813140000
37997861883,130.3836490000
38000199538,130.3356920000
38003684392,130.4187300000
38006022047,130.4913880000
38008359682,130.5549640000
38010697318,130.6105930000
38013034973,130.6592680000
38015372609,130.7018590000
38017710245,130.7391260000
38020047900,130.7717350000
38022385536,130.8002680000
38024723172,130.8252340000
38027060827,130.8470790000
38029398463,130.8661940000
38031736099,130.8829190000
38034073754,130.8975540000
38036411390,130.9103590000
38038749025,130.9215640000
38041086680,130.9313680000
38043424316,130.9399470000
38045761952,130.9474530000
38048099607,130.9540210000
38050437243,130.9597680000
38052774879,130.9647970000
38055112534,130.9691970000
38057450170,131.0980470000
38059787806,131.2107910000
38062125461,131.3094420000
38064463097,131.3957610000
38066800733,131.4712900000
38067991169,131.2873780000
38070328805,131.2514550000
38072666441,131.2200230000
38075004096,131.1925200000
38077341732,131.1684550000
38079679368,131.1473980000
38082017023,131.1289730000
38084354659,131.1128510000
38086692295,131.0987440000
38089029950,131.0864010000
38091367586,131.0756000000
38093705222,131.0661500000
38096042877,131.0578810000
38098380512,131.0506450000
38100718148,131.0443140000
38103055803,131.0387740000
38105393439,131.0339270000
38107731075,131.0296860000
38110068730,131.0259750000
38112406366,131.0227280000
38114744002,131.0198870000
38118228875,131.1424010000
38120566511,131.2496000000
38122904147,131.3434000000
38125241802,131.4254750000
38127579437,131.4972900000
38129917073,131.5601280000
38132254728,131.6151120000
38134592364,131.5382230000
38136930000,131.3459450000
38139267655,131.3027010000
38141605291,131.2648630000
38143942927,131.1067550000
38146280582,131.0934100000
38148618218,131.0817330000
38150955873,130.9465160000
38153293509,130.9532010000
38155631145,130.9590500000
38157968799,130.8391680000
38160306435,130.8592720000
38162644071,130.8768630000
38164981726,130.7672550000
38167319362,130.7963480000
38169656998,130.8218040000
38171994653,130.7190780000
38174332289,130.7541930000
38176669925,130.7849180000
38180154798,130.9368030000
38182492434,131.0697020000
38183682852,131.0609890000
38186020507,131.0533650000
38188358143,131.0466940000
38190695778,131.0408570000
38193033433,131.0357490000
38195371069,131.0312800000
38197708705,131.0273700000
38200046360,131.2739480000
38202383996,131.3647040000
38204721632,131.4441160000
38207059287,131.5136010000
38209396923,131.5744000000
38211734559,131.6276000000
38214072214,131.6741500000
38216409850,131.7148810000
38218747486,131.7505200000
38221085140,131.7817050000
38223422776,131.8089910000
38225760412,131.8328670000
38228098067,131.8537580000
38230435703,131.8720380000
38232773339,131.8880330000
38235110994,131.9020280000
38237448630,131.9142740000
38239786266,131.9249890000
38242123921,131.9343650000
38244461557,131.9425690000
38245651975,131.8247470000
38247989630,131.4716530000
38250327266,131.2876960000
38252664902,131.1267340000
38255002556,130.9858920000
38257340192,130.8626550000
38259677828,130.7548230000
38262015483,130.6604700000
38265500337,130.7029110000
38267837973,130.7400470000
38270175628,130.7725410000
38272513264,130.8009730000
38274850900,130.8258510000
38277188555,130.8476190000
38279526191,130.8666660000
38281863827,130.8833320000
38284201482,130.8979150000
38286539117,130.9106750000
38288876753,130.9218400000
38291214408,130.9316100000
38293552044,130.9401580000
38295889680,130.9476380000
38298227335,130.9541830000
38300564971,130.9599100000
38302902607,130.9649210000
38305240262,130.9693050000
38307577898,130.9731410000
38309915534,130.7264980000
38312253189,130.6356850000
38314590825,130.6812240000
38316928461,130.5960710000
38319266116,130.6465620000
38321603751,130.6907410000
38323941387,130.6043980000
38327426260,130.7788480000
38329763896,130.9314920000
38330954333,130.8150550000
38333291969,130.8381730000
38335629605,130.8584010000
38337967260,130.7511000000
38340304896,130.7822120000
38342642532,130.8094350000
38344980187,130.7082550000
38347317823,130.7447230000
38349655459,130.7766320000
38351993114,130.6795530000
38354330749,130.7196080000
38356668385,130.7546570000
38359006040,130.7853240000
38361343676,130.8121580000
38363681312,130.8356380000
38366018967,130.8561830000
38368356603,130.8741600000
38370694239,130.8898900000
38373031894,130.9036530000
38375369530,130.9156960000
38377707166,131.0512340000
38380044821,131.2948290000
38382382457,131.3829750000
38384720093,131.4601030000
38387057748,131.5275900000
38390542601,131.7116410000
38392880237,131.8726850000
38394070674,131.8885990000
38396408310,131.7775240000
38398745946,131.6803330000
38401083601,131.5952910000
38403421237,131.5208790000
38405758873,131.4557690000
38408096528,131.3987970000
38410434164,131.3489470000
38413919018,131.4303280000
38416256673,131.5015370000
38418594309,131.5638440000
38420931945,131.6183630000
38423269599,131.6660670000
38425607235,131.7078080000
38427944871,131.7443320000
38430282526,131.7762900000
38432620162,131.8042530000
38434957817,131.8287210000
38437295453,131.8501300000
38439633089,132.1188630000
38441970744,132.3540050000
38444308380,132.6847540000
38446646016,132.8491590000
38448983671,132.9930140000
38451321307,133.2438870000
38453658943,133.3384010000
38455996598,133.4211000000
38457187016,133.4934620000
38459524651,133.3067790000
38461862287,133.1434310000
38464199942,133.2505020000
38466537578,133.2191890000
38468875214,133.1917900000
38471212869,133.2928160000
38473550505,133.2562140000
38477035378,133.4741870000
38479373014,133.6649130000
38480563432,133.5817980000
38482901068,133.5090730000
38485238723,133.5704380000
38487576359,133.4991330000
38489913995,133.4367410000
38492251650,133.3821480000
38494589286,133.3343790000
38496926921,133.2925810000
38499264576,133.2560080000
38501602212,133.2240070000
38503939848,133.1960060000
38506277503,133.1715050000
38508615139,133.1500660000
38510952794,133.1313070000
38513290430,133.1148930000
38515628066,133.1005310000
38517965721,133.0879640000
38520303357,133.0769680000
38522640993,132.9423470000
38524978648,132.8245530000
38527316284,132.8464830000
38529653920,132.8656720000
38531991575,132.8824630000
38534329210,132.8971550000
38536666846,132.9100100000
38540151719,133.1712580000
38542489355,133.2748500000
38543679773,133.2404930000
38546017428,133.2104310000
38548355064,133.0591270000
38550692700,132.9267360000
38553030355,132.9358940000
38555367991,132.8189070000
38557705627,132.7165430000
38560043282,132.7519750000
38563528136,132.7829780000
38565865772,132.8101050000
38568203427,132.9588410000
38570541063,132.9639850000
38572878698,132.9684860000
38575216353,133.0974250000
38577553989,133.0852460000
38579891625,133.0745900000
38582229280,133.1902660000
38584566916,133.1664820000
38586904552,133.1456710000
38589242207,133.2524620000
38591579843,133.3459040000
38593917479,133.4276660000
38596255134,133.6242070000
38598592770,133.6711810000
38600930406,133.7122830000
38603268061,133.8732470000
38605605697,133.8890910000
38606796115,133.7779540000
38609133770,133.5557090000
38611471405,133.3612450000
38613809041,133.3160890000
38616146696,133.4015770000
38618484332,133.3513790000
38620821968,133.3074560000
38623159623,133.3940240000
38626644477,133.4697710000
38628982132,133.5360490000
38630172550,133.5940420000
38632510186,133.5197860000
38634847822,133.4548120000
38637185477,133.5229600000
38639523113,133.4575900000
38641860749,133.4003910000
38644198404,133.4753420000
38646536040,133.4159240000
38648873676,133.3639330000
38651211330,133.4434410000
38653548966,133.3880100000
38655886602,133.3395080000
38659371475,133.5470690000
38661709111,133.6036850000
38664046766,133.7782240000
38666384402,133.9309460000
38668722038,133.9395770000
38671059693,134.0721290000
38673397329,133.9381120000
38675734965,133.8208480000
38678072620,133.9682420000
38680410256,133.9722110000
38682747892,133.9756840000
38685085547,134.1037230000
38687423183,134.0907570000
38689760819,134.0794120000
38692098473,134.1944850000
38694436109,134.1701740000
38696773745,134.0239020000
38699111400,134.0209140000
38701449036,133.8932990000
38703786672,133.7816360000
38706124327,133.8089310000
38708461963,133.7078140000
38710799599,133.6193370000
38713137254,133.6669190000
38715474890,133.5835540000
38717812526,133.5106090000
38720150181,133.5717820000
38723635035,133.6253090000
38725972690,133.6721450000
38727163108,133.7131260000
38729500744,133.6239850000
38731838380,133.5459860000
38734176034,133.6027370000
38736513670,133.5273940000
38738851306,133.4614690000
38741188961,133.6537850000
38743526597,133.6970610000
38745864233,133.7349280000
38748201888,133.8930620000
38750539524,133.9064290000
38752877160,133.9181250000
38755214815,134.0533590000
38757552451,134.0466890000
38759890087,133.9158520000
38762227742,133.9263700000
38764565378,133.9355730000
38766903014,133.9436260000
38769240669,134.0756720000
38771578305,134.0662130000
38773915941,134.0579360000
38776253596,134.1756940000
38778591231,134.1537320000
38780928867,134.1345150000
38783266522,134.2427000000
38785604158,134.2123620000
38787941794,134.1858160000
38789132231,134.1625890000
38791469867,133.8922650000
38793807503,133.6557310000
38796145158,133.4487640000
38798482794,133.2676680000
38800820430,133.1092090000
38803158085,132.9705570000
38805495721,132.8492370000
38808980594,132.8680820000
38811318230,132.8845710000
38813655866,132.8989990000
38815993521,132.9116240000
38818331157,132.9226710000
38820668793,132.9323370000
38823006447,133.0657940000
38825344083,133.0575690000
38827681719,133.0503720000
38830019374,133.1690750000
38832357010,133.1479400000
38834694646,133.1294470000
38837032301,133.2382660000
38839369937,133.2084820000
38841707573,133.1824210000
38844045228,133.2846180000
38846382864,133.2490400000
38848720500,133.2179100000
38851058155,133.3156710000
38853395791,133.2762120000
38855733427,133.1166850000
38858071082,133.1020990000
38860408718,133.0893360000
38862746354,133.0781690000
38865084009,133.1933970000
38867421645,133.1692220000
38869759280,133.1480690000
38872096935,133.2545600000
38875581789,133.3477400000
38876772207,133.3042720000
38879109862,133.3912380000
38881447498,133.3423330000
38883785134,133.2995410000
38886122789,133.3870980000
38888460425,133.3387100000
38890798061,133.2963710000
38893135716,133.3843240000
38895473352,133.3362830000
38897810988,133.2942470000
38900148643,133.3824660000
38902486279,133.3346570000
38904823915,133.2928240000
38907161570,133.3812210000
38909499206,133.3335680000
38911836842,133.2918720000
38914174497,133.3803880000
38916512132,133.3328390000
38918849768,133.2912340000
38921187423,133.3798290000
38923525059,133.4573500000
38925862695,133.5251810000
38928200350,133.7095330000
38931685204,133.8708410000
38934022859,134.1369850000
38936360495,134.3698610000
38938698131,134.4486280000
38941035786,134.6425490000
38942226204,134.5622300000
38944563840,134.3669510000
38946901476,134.1960820000
38949239131,134.1715710000
38951576767,134.0251240000
38953914403,133.8969830000
38956252058,133.7848600000
38958589694,133.6867520000
38962074567,133.8509080000
38964412203,133.8695440000
38966749838,133.8858510000
38969087493,134.0251190000
38971425129,134.0219790000
38973762765,134.0192310000
38976100420,134.1418270000
38978438056,134.1240980000
38980775692,134.3585850000
38983113347,134.6887610000
38985450983,134.9776650000
38987788619,135.1054560000
38990126274,135.3422740000
38992463910,135.5494890000
38994801546,135.6058020000
38997139201,135.7800760000
38998329619,135.8075660000
39000667255,135.7066200000
39003004910,135.7432920000
39005342546,135.7753800000
39007680182,135.6784570000
39010017837,135.5936490000
39012355473,135.6444420000
39014693109,135.5638860000
39017030763,135.6184000000
39019368399,135.6661000000
39021706035,135.5828370000
39024043690,135.6349820000
39026381326,135.6806090000
39028718962,135.5955320000
39031056617,135.6460900000
39033394253,135.6903280000
39035731889,135.6040370000
39038069544,135.6535320000
39040407180,135.6968400000
39042744816,135.6097350000
39045082471,135.6585180000
39047420107,135.7012030000
39049757743,135.6135520000
39052095398,135.6618580000
39054433034,135.7041250000
39056770670,135.6161090000
39059108325,135.6640950000
39061445961,135.7060830000
39063783597,135.6178220000
39066121252,135.5405940000
39068458888,135.3480190000
39070796523,135.1795160000
39073134178,135.1570760000
39075471814,135.0124410000
39077809450,135.0108850000
39080147105,135.1345240000
39083631959,135.3677080000
39085969614,135.4467440000
39088307250,135.6409010000
39090644886,135.8107880000
39092982541,135.8344390000
39095320177,135.9801340000
39097657813,135.8576170000
39099995468,135.7504140000
39102333104,135.7816120000
39104670740,135.6839100000
39107008395,135.7234210000
39109346031,135.7579930000
39111683667,135.6632430000
39114021322,135.7053370000
39116358958,135.7421690000
39118696594,135.6493970000
39121034249,135.6932220000
39123371885,135.7315690000
39125709520,135.6401220000
39128047175,135.6851060000
39130384811,135.7244670000
39132722447,135.6339080000
39135060102,135.8046690000
39137397738,135.9540850000
39139735374,135.9598240000
39142073029,136.0898460000
39144410665,136.2036150000
39146748301,136.1781630000
39149085956,136.2808920000
39150276374,136.2457800000
39152614010,136.0900570000
39154951646,135.9537990000
39157289301,135.9595740000
39159626937,135.8396270000
39161964592,135.7346730000
39164302228,135.7678380000
39166639864,135.6718580000
39168977519,135.5878750000
39171315155,135.6393900000
39173652791,135.5594660000
39175990446,135.4895320000
39178328082,135.5533400000
39180665718,135.4841720000
39183003372,135.5486500000
39185341008,135.6050680000
39187678644,135.5294340000
39190016299,135.5882540000
39192353935,135.6397220000
39194691571,135.5597560000
39197029226,135.6147860000
39199366862,135.6629370000
39201704498,135.5800690000
39204042153,135.6325600000
39206379789,135.6784900000
39208717425,135.5936780000
39211055080,135.6444680000
39213392716,135.6889090000
39215730352,135.6027950000
39218068007,135.5274450000
39220405643,135.4615140000
39222743279,135.2788240000
39226228152,135.3689710000
39228565788,135.4478490000
39230903424,135.3918670000
39233241079,135.4678830000
39235578715,135.5343970000
39237916351,135.4675970000
39240254006,135.5341470000
39242591642,135.4673780000
39244929278,135.4089550000
39247266932,135.4828350000
39249604568,135.4224800000
39251942204,135.3696700000
39254279859,135.4484610000
39256617495,135.3924030000
39258955131,135.3433520000
39261292786,135.4254330000
39263630422,135.3722530000
39265968077,135.3257210000
39268305713,135.4100050000
39270643349,135.3587540000
39272981004,135.3139090000
39275318640,135.3996700000
39277656276,135.3497110000
39279993931,135.3059970000
39282331567,135.3927470000
39284669203,135.3436530000
39287006858,135.5506960000
39290491712,135.8568590000
39292829348,136.1247510000
39294019785,136.2341570000
39296357421,136.3298870000
39298695057,136.4136510000
39301032712,136.4869440000
39303370348,136.5510760000
39305707984,136.6071910000
39308045639,136.6562920000
39310383275,136.6992550000
39312720910,136.7368480000
39315058565,136.7697420000
39317396201,136.7985240000
39319733837,136.6987080000
39322071492,136.7363690000
39324409128,136.7693220000
39326746764,136.6731560000
39329084419,136.7140110000
39331422055,136.7497590000
39333759691,136.6560390000
39336097346,136.6990340000
39338434982,136.7366540000
39340772618,136.6445720000
39343110273,136.6890000000
39345447909,136.7278750000
39347785545,136.6368900000
39350123200,136.6822780000
39352460836,136.7219930000
39354798472,136.6317430000
39357136127,136.6777750000
39358326545,136.5930530000
39360664181,136.2689210000
39363001836,136.1103050000
39365339472,135.9715160000
39367677108,135.7250760000
39370014763,135.6344410000
39372352399,135.5551350000
39374690035,135.3607430000
39377027690,135.3156500000
39380512544,135.4011930000
39382850179,135.3510430000
39385187834,135.4321620000
39387525470,135.5031410000
39389863106,135.4402480000
39392200761,135.5102170000
39394538397,135.5714390000
39396876033,135.5000090000
39399213688,135.5625070000
39401551324,135.6171930000
39403888960,135.5400430000
39406226615,135.5975370000
39408564251,135.6478440000
39410901887,135.5668630000
39413239542,135.6210050000
39415577178,135.6683790000
39417914814,135.5848310000
39420252469,135.6367270000
39422590105,135.5571360000
39424927741,135.3624940000
39427265396,135.3171820000
39429603032,135.2775340000
39431940668,135.2428420000
39434278323,135.3374860000
39436615959,135.2953000000
39438953595,135.2583870000
39441291250,135.3510880000
39443628886,135.3072020000
39445966522,135.2688010000
39448304177,135.3602000000
39450641813,135.3151750000
39452979468,135.2757780000
39455317104,135.3663050000
39457654740,135.3205160000
39459992394,135.2804510000
39462330030,135.3703940000
39464667666,135.3240940000
39467005321,135.4085820000
39469342957,135.4825090000
39471680593,135.4221950000
39474018248,135.4944200000
39476355884,135.5576170000
39478693520,135.4879140000
39481031175,135.5519240000
39483368811,135.6079330000
39485706447,135.5319410000
39488044102,135.5904480000
39490381738,135.6416420000
39492719374,135.5614360000
39495057029,135.7412560000
39497394665,135.8985990000
39499732301,135.9112740000
39502069956,136.0473640000
39504407592,136.1664430000
39506745228,136.1456370000
39509082883,136.2524320000
39511420519,136.3458780000
39513758155,136.3026430000
39516095810,136.2648120000
39518433446,136.2317100000
39520771082,136.0777460000
39524255955,136.1930270000
39526593591,136.2938980000
39528931227,136.2571600000
39531268882,136.3500150000
39533606518,136.4312630000
39535944154,136.3773550000
39538281809,136.4551850000
39540619445,136.5232860000
39542957081,136.4578750000
39545294735,136.5256400000
39547632371,136.5849350000
39549970007,136.5118180000
39552307662,136.5728400000
39554645298,136.6262350000
39556982953,136.5479550000
39559320589,136.6044600000
39561658225,136.6539020000
39563995880,136.5721640000
39566333516,136.6256430000
39568671152,136.6724370000
39571008807,137.0883820000
39573346443,137.3273340000
39575684079,137.5364170000
39578021734,137.8443640000
39580359370,137.9888180000
39582697006,138.1152150000
39585034661,138.3508130000
39587372297,138.4319610000
39589709933,138.5029650000
39592047588,138.6900940000
39593238006,138.6038320000
39595575642,138.5283530000
39597913278,138.4623080000
39600250933,138.4045190000
39602588569,138.3539540000
39604926205,138.1847090000
39607263860,138.1616200000
39609601496,138.1414170000
39611939132,137.9987390000
39614276787,137.9988960000
39616614423,137.9990340000
39618952059,137.8741540000
39621289714,137.8898840000
39623627350,137.9036480000
39625964986,137.7906920000
39628302641,137.8168550000
39630640277,137.8397480000
39632977932,137.7347790000
39635315568,137.7679310000
39637653204,137.7969390000
39639990858,137.6973210000
39642328494,137.7351550000
39644666130,137.7682600000
39647003785,137.7972270000
39649341421,137.8225730000
39651679057,137.8447510000
39654016712,137.8641570000
39656354348,137.8811370000
39658691984,137.8959940000
39661029639,137.7839940000
39663367275,137.6859940000
39665704911,137.6002440000
39668042566,137.5252130000
39670380202,137.4595610000
39672717838,137.4021150000
39675055493,137.3518500000
39677393129,137.3078680000
39679730765,137.2693840000
39683215638,137.3607110000
39685553274,137.4406220000
39687890910,137.5105440000
39690228565,137.5717260000
39692566201,137.6252600000
39694903837,137.6721020000
39697241492,137.7130890000
39699579128,137.7489520000
39701916764,137.7803330000
39704254419,137.8077910000
39706592055,137.8318170000
39708929691,137.7278390000
39711267346,137.7618590000
39713604982,137.7916260000
39715942618,137.6926720000
39718280273,137.7310880000
39720617909,137.7647020000
39722955545,137.6691140000
39725293200,137.7104740000
39727630836,137.7466640000
39729968472,137.6533310000
39732306127,137.8216640000
39734643763,137.9689560000
39736981418,138.0978360000
39739319054,138.2106060000
39741656690,138.3092800000
39743994345,138.3956200000
39746331981,138.4711670000
39748669617,138.5372710000
39751007271,138.7201120000
39752197689,138.6300980000
39754535325,138.5513350000
39756872961,138.4824180000
39759210616,138.4221150000
39761548252,138.3693500000
39763885888,138.3231810000
39766223543,138.2827830000
39768561179,138.2474350000
39770898815,138.2165050000
39773236470,138.1894410000
39775574106,138.1657600000
39777911742,138.1450400000
39780249397,138.1269100000
39782587033,138.1110460000
39784924669,137.9721650000
39787262324,137.9756440000
39789599960,137.9786880000
39791937596,137.8563520000
39794275251,137.8743080000
39796612887,137.8900190000
39798950523,137.7787660000
39801288178,137.8064200000
39803625814,137.8306170000
39805963450,137.7267890000
39808301105,137.7609400000
39810638741,137.7908220000
39812976396,137.6919690000
39815314032,137.7304720000
39818798886,137.8891630000
39821136541,137.9030170000
39823474177,137.9151390000
39825811813,137.9257460000
39828149468,137.9350270000
39830487104,137.9431480000
39832824740,137.9502540000
39835162395,137.9564720000
39837500031,137.9619130000
39839837667,137.9666730000
39842175322,137.9708380000
39844512958,137.9744830000
39846850594,137.9776720000
39849188249,137.9804630000
39851525885,137.9829050000
39853863521,137.9850410000
39856201176,137.9869100000
39858538812,137.9885460000
39860876448,137.9899770000
39863214103,137.9912290000
39865551739,137.9923250000
39867889375,137.9932840000
39870227030,137.9941230000
39872564666,137.9948570000
39874902302,137.9954990000
39877239957,137.9960610000
39879577593,137.9965530000
39883062466,138.2469830000
39885400102,138.3411100000
39887737738,138.4234710000
39888928156,138.2455370000
39891265811,138.3398440000
39893603447,138.4223630000
39895941082,138.4945670000
39898278737,138.5577460000
39900616373,138.6130270000
39902954009,138.6613980000
39905291664,138.7037230000
39907629300,138.7407570000
39909966936,138.7731620000
39912304591,138.8015160000
39914642227,138.8263260000
39916979882,138.8480350000
39919317518,138.8670300000
39921655154,138.8836510000
39923992809,138.8981940000
39926330445,138.9109190000
39928668081,138.9220540000
39931005736,139.0567970000
39933343372,139.0496970000
39935681008,139.0434840000
39938018663,139.1630480000
39940356299,139.1426670000
39942693935,139.1248330000
39945031590,139.2342280000
39947369226,139.2049490000
39949706862,139.1793300000
39950897280,139.0319130000
39953234935,138.9029230000
39955572571,138.6650570000
39957910207,138.3319240000
39960247862,138.1654330000
39962585498,138.0197530000
39964923134,137.7672830000
39967260789,137.6713720000
39969598425,137.5874500000
39971936061,137.3890180000
39974273716,137.3403900000
39976611352,137.2978410000
39980096225,137.3856100000
39982433861,137.4624080000
39984771497,137.5296070000
39987109152,137.5884060000
39989446788,137.6398550000
39991784424,137.6848730000
39994122079,137.7242630000
39996459715,137.7587300000
39998797351,137.7888880000
40001135006,137.8152770000
40003472642,137.8383670000
40005810278,137.8585710000
40008147933,137.8762490000
40010485569,137.8917170000
40012823205,137.9052520000
40015160860,137.9170950000
40017498496,137.9274580000
40019836132,137.6865250000
40022173787,137.6007090000
40024511423,137.5256200000
40026849059,137.5849170000
40029186714,137.6368020000
40031524350,137.6822010000
40033861986,137.7219250000
40036199641,137.7566840000
40038537277,137.7870980000
40040874913,137.8137100000
40044359786,137.9619960000
40046697422,138.0917460000
40049035077,138.3302770000
40050225495,138.2889920000
40052563131,138.2528680000
40054900767,138.2212590000
40057238422,138.1936010000
40059576058,138.1694000000
40061913694,138.1482250000
40064251349,138.1296960000
40066588985,138.1134840000
40068926621,137.9742980000
40071264276,137.9775100000
40073601912,137.9803210000
40075939548,137.8577800000
40078277203,137.8755570000
40080614839,137.8911120000
40082952475,137.7797230000
40085290130,137.8072570000
40087627766,137.8313490000
40089965402,137.9774300000
40092303057,138.1052510000
40094640693,138.2170940000
40096978329,138.3149570000
40099315984,138.4005870000
40101653620,138.4755130000
40103991275,138.5410730000
40106328911,138.5984380000
40108666547,138.6486330000
40111004202,138.8175530000
40113341838,138.8403580000
40115679474,138.8603130000
40118017129,138.7527730000
40120354765,138.6586760000
40122692401,138.5763410000
40125030056,138.5042980000
40127367692,138.4412600000
40129705328,138.3861020000
40132042983,138.3378390000
40134380619,138.2956090000
40136718255,138.2586570000
40139055910,138.2263240000
40142540763,138.3230330000
40144878399,138.4076530000
40147216054,138.4816960000
40149553690,138.5464840000
40151891326,138.6031730000
40154228981,138.6527760000
40156566617,138.6961790000
40158904253,138.7341560000
40161241908,139.1423860000
40163579544,139.3745870000
40165917180,139.5777630000
40168254835,139.8805420000
40170592471,140.0204740000
40172930107,140.1429140000
40175267762,140.3750490000
40177605398,140.4531670000
40179943034,140.5215210000
40182280689,140.7063300000
40184618325,140.6180380000
40186955961,140.5407830000
40189293616,140.4731850000
40191631252,140.5390360000
40193968888,140.5966560000
40196306543,140.7720740000
40198644179,140.8005640000
40200981815,140.8254930000
40203319470,140.9723060000
40205657106,140.9757670000
40207994761,140.9787960000
40210332397,141.1064460000
40211522815,140.9681400000
40213860451,140.8471220000
40216198106,140.8662310000
40218535742,140.7579520000
40220873378,140.6632080000
40223211033,140.7053070000
40225548669,140.6171430000
40227886305,140.5400000000
40230223960,140.5975000000
40232561596,140.5228120000
40234899232,140.4574600000
40237236887,140.5252770000
40239574523,140.4596170000
40241912159,140.4021640000
40244249814,140.4768930000
40246587450,140.4172810000
40248925086,140.3651200000
40251262741,140.3194800000
40253600377,140.2795450000
40255938013,140.2446010000
40258275668,140.2140250000
40260613304,140.1872710000
40262950940,140.1638620000
40265288595,140.1433790000
40267626231,140.1254560000
40269963867,140.1097740000
40272301522,140.0960520000
40274639158,140.0840450000
40276976794,140.0735390000
40279314449,140.0643460000
40281652085,139.9313020000
40283989740,139.8148890000
40286327376,139.7130270000
40288665012,139.6238980000
40291002667,139.6709100000
40293340303,139.5870460000
40295677939,139.5136650000
40298015594,139.5744560000
40300353230,139.5026490000
40303838084,139.5648170000
40306175739,139.7442140000
40308513375,139.7761870000
40310851011,139.8041630000
40313188666,139.9536420000
40315526302,139.9594360000
40317863938,139.9645060000
40320201593,140.0939420000
40322539229,140.0821990000
40324876865,140.0719240000
40327214520,140.1879330000
40329552156,140.1644410000
40331889792,140.1438850000
40334227447,140.2508990000
40336565083,140.2195360000
40338902719,140.1920940000
40341240374,140.2930820000
40343578010,140.2564460000
40345915646,140.2243900000
40348253301,140.3213410000
40350590937,140.2811730000
40352928573,140.3710260000
40355266228,140.5746470000
40357603864,140.6278160000
40359941500,140.6743390000
40362279155,140.8400460000
40364616791,140.8600400000
40366954427,140.8775350000
40369292082,141.0178430000
40371629718,141.0156120000
40372820136,140.8886600000
40375157791,140.9025770000
40377495427,140.7897540000
40379833063,140.6910340000
40382170718,140.7296540000
40384508354,140.6384470000
40386845990,140.5586410000
40389183645,140.6138100000
40391521281,140.5370830000
40393858917,140.4699470000
40396196572,140.5362030000
40398534208,140.4691770000
40400871844,140.4105290000
40403209499,140.4842120000
40405547135,140.4236850000
40407884771,140.3707240000
40411369644,140.5743830000
40413707280,140.6275850000
40416044935,140.7991360000
40418382571,140.9492440000
40420720207,140.9555880000
40423057862,141.0861390000
40425395498,141.2003710000
40427733134,141.1753240000
40430070789,141.2784080000
40432408425,141.2436070000
40434746062,141.2131560000
40437083717,141.3115110000
40439421353,141.2725720000
40441758989,141.2385000000
40444096644,141.2086870000
40446434280,141.0576010000
40448771916,140.9254000000
40451109571,140.9347250000
40453447207,140.8178840000
40455784843,140.7156480000
40458122498,140.7511920000
40460460134,140.6572930000
40462797770,140.5751310000
40465135425,140.6282390000
40467473061,140.5497090000
40469810697,140.4809950000
40473295570,140.6708700000
40475633206,140.7120110000
40477970842,140.7480090000
40480308497,140.9045070000
40481498915,140.7914430000
40483836551,140.6925120000
40486174206,140.7309480000
40488511842,140.6395790000
40490849478,140.5596310000
40493187133,140.6146770000
40495524769,140.5378420000
40497862405,140.4706110000
40500200060,140.5367840000
40502537696,140.4696860000
40504875332,140.4109750000
40507212987,140.4846030000
40509550623,140.4240270000
40511888259,140.3710230000
40514225914,140.5746450000
40516563550,140.6278140000
40518901186,140.6743370000
40521238841,140.8400440000
40523576477,140.8600380000
40525914113,140.8775330000
40528251768,141.0178410000
40530589404,141.0156100000
40532927040,141.0136580000
40535264695,141.1369500000
40537602331,141.1198310000
40539939967,141.1048520000
40542277622,141.2167450000
40543468040,141.0646510000
40545805676,140.9315690000
40548143331,140.9401220000
40550480967,140.6976060000
40552818603,140.4854050000
40555156258,140.2997290000
40557493894,140.1372620000
40559831530,139.9951040000
40562169185,139.8707160000
40564506821,139.7618760000
40566844457,139.6666410000
40569182112,139.5833100000
40571519748,139.5103960000
40573857384,139.4465960000
40577342257,139.5157710000
40579679893,139.5762990000
40582017548,139.7542610000
40584355184,139.7849780000
40586692820,139.8118550000
40589030475,139.9603730000
40591368111,139.9653260000
40593705747,139.9696600000
40596043402,140.0984520000
40598381038,140.0861450000
40600718674,140.0753760000
40603056329,140.1909540000
40605393965,140.1670840000
40607731601,140.1461980000
40610069256,140.2529230000
40612406892,140.0963070000
40614744528,139.9592680000
40617082183,139.9643590000
40619419819,139.8438140000
40621757455,139.8633370000
40624095110,140.0054190000
40626432746,140.0047410000
40628770382,140.0041480000
40631108037,140.1286290000
40633445673,140.1125500000
40635783309,140.0984810000
40639268182,140.3361700000
40641605818,140.4191480000
40643943454,140.4917540000
40646281109,140.6802840000
40647471527,140.5952480000
40649809163,140.5208420000
40652146818,140.5807360000
40654484454,140.5081440000
40656822090,140.4446260000
40659159745,140.5140470000
40661497381,140.4497910000
40663835017,140.3935670000
40666172672,140.4693710000
40668510308,140.4106990000
40670847944,140.3593610000
40673185599,140.4394400000
40675523235,140.3845100000
40677860871,140.3364460000
40680198527,140.4193900000
40682536163,140.3669660000
40684873799,140.4460950000
40687211454,140.6403330000
40689549090,140.6852910000
40691886726,140.7246290000
40694224381,140.8840500000
40696562017,140.8985430000
40698899653,140.9112250000
40701237308,141.0473210000
40703574944,141.0414050000
40707059817,141.2862290000
40709397453,141.5004500000
40710587871,141.4378930000
40712925507,141.3831560000
40715263162,141.4602610000
40717600798,141.2777280000
40719938434,141.1180120000
40722276089,140.9782600000
40724613725,140.8559770000
40726951361,140.7489790000
40729289016,140.6553560000
40731626652,140.5734360000
40733964288,140.5017560000
40736301943,140.4390360000
40738639579,140.3841560000
40740977215,140.3361360000
40744462088,140.4191190000
40746799724,140.4917290000
40749137379,140.6802620000
40751475015,141.0952290000
40753812651,141.3333250000
40756150306,141.6666590000
40758487942,141.9583260000
40760825578,142.0885350000
40763163233,142.3274680000
40765500869,142.5365340000
40767838505,142.5944670000
40770176160,142.7701580000
40772513796,142.9238880000
40774851432,142.9334020000
40777189087,143.0667260000
40778379505,143.0583850000
40780717141,142.8010860000
40783054796,142.7009500000
40785392432,142.6133310000
40787730068,142.4116640000
40790067723,142.4852060000
40792405359,142.5495550000
40794742995,142.4808600000
40797080650,142.5457520000
40799418286,142.6025330000
40801755922,142.5272160000
40804093577,142.5863140000
40807578431,142.7630240000
40809916067,142.7926460000
40812253722,142.9435650000
40814591358,143.0756190000
40815781776,142.9411660000
40818119431,142.9485200000
40820457067,142.9549550000
40822794703,142.8355850000
40825132359,142.8561360000
40827469995,142.8741190000
40829807631,142.7648540000
40832145286,142.7942470000
40834482922,142.8199660000
40836820558,142.7174700000
40839158213,142.7527860000
40841495849,142.7836870000
40843833485,142.6857260000
40846171140,142.7250100000
40848508776,142.5093830000
40850846412,142.3207100000
40853184067,142.4056210000
40855521703,142.4799180000
40857859339,142.4199280000
40860196994,142.4924370000
40862534630,142.5558820000
40864872266,142.4863960000
40867209921,142.5505960000
40869547557,142.6067710000
40871885193,142.5309240000
40875370066,142.7145580000
40877707702,142.8752380000
40878898120,142.7658330000
40881235775,142.7951030000
40883573411,142.8207150000
40885911047,142.5931250000
40888248702,142.5189840000
40890586338,142.3291110000
40892923974,142.1629720000
40895261629,142.1426000000
40897599265,141.9997750000
40899936901,141.8748030000
40902274556,141.8904520000
40904612192,141.7791450000
40906949828,141.6817510000
40909287483,141.7215320000
40912772337,141.7563400000
40915109992,141.9117970000
40917447628,142.0478220000
40919785264,142.0418440000
40922122919,142.2866130000
40924460555,142.5007860000
40926798191,142.5631870000
40929135846,142.7427880000
40931473482,142.8999390000
40933811118,142.9124460000
40936148773,143.0483900000
40938486410,143.1673410000
40940824046,143.1464230000
40943161701,143.2531200000
40945499337,143.3464800000
40946689755,143.1781700000
40949027410,143.0308980000
40951365046,142.9020350000
40953702682,142.6642800000
40956040337,142.5812450000
40958377973,142.6335890000
40960715609,142.5543900000
40963053264,142.6100910000
40965390900,142.6588290000
40967728536,142.5764750000
40970066191,142.6294150000
40972403827,142.6757380000
40975888681,142.7162700000
40978226336,142.8767360000
40980563972,143.0171440000
40982901608,143.0150010000
40985239263,143.1381250000
40987576899,143.2458590000
40989914535,143.2151260000
40992252190,143.3132350000
40994589826,143.3990800000
40996927462,143.3491950000
40999265117,143.4305450000
41001602753,143.5017260000
41003940389,143.4390100000
41006278044,143.5091330000
41008615680,143.5704910000
41010953316,143.4991790000
41013290971,143.5617810000
41015628607,143.6165580000
41017966243,143.4144880000
41020303898,143.3626770000
41022641534,143.4423420000
41024979170,143.3870490000
41027316825,143.4636670000
41029654461,143.5307080000
41031992097,143.4643690000
41034329753,143.5313220000
41036667389,143.5899060000
41039005044,143.6411670000
41041342680,143.6860210000
41044827534,143.8502680000
41047165189,143.9939840000
41048355607,143.9947360000
41050693243,143.9953940000
41053030898,143.9959690000
41055368534,143.8714720000
41057706170,143.6375380000
41060043825,143.5578450000
41062381461,143.4881140000
41064719097,143.3020990000
41067056752,143.2643360000
41069394388,143.2312940000
41071732024,143.0773820000
41074069679,143.0677090000
41076407315,143.0592450000
41078744951,142.9268390000
41081082606,142.9359840000
41083420242,142.9439860000
41085757878,142.8259870000
41088095533,142.8477380000
41090433169,142.9917700000
41092770805,142.9927980000
41095108460,143.1186980000
41097446096,143.2288600000
41099783732,143.2002520000
41102121387,143.3002200000
41104459023,143.3876920000
41106796659,143.3392300000
41109134314,143.4218260000
41111471950,143.4940970000
41113809586,143.4323340000
41115000004,143.3782920000
41117337660,143.2060050000
41119675296,142.9302540000
41122012951,142.8139720000
41124350587,142.7122250000
41126688223,142.4981960000
41129025878,142.4359210000
41131363514,142.3814300000
41133701150,142.2087510000
41136038805,142.1826570000
41138376441,142.1598240000
41140714077,142.0148460000
41143051732,142.0129900000
41146536586,142.1363660000
41148874222,142.1193200000
41151211877,142.2294050000
41153549513,142.3257290000
41155887149,142.2850120000
41158224804,142.3743850000
41160562440,142.4525860000
41162900076,142.3960120000
41165237731,142.4715100000
41167575367,142.5375710000
41169913003,142.4703740000
41172250658,142.5365770000
41174588294,142.5945040000
41176925930,142.5201910000
41179263585,142.5801670000
41181601221,142.5076460000
41183938857,142.4441900000
41186276512,142.3886660000
41188614148,142.2150820000
41190951784,142.1881960000
41193289439,142.2896710000
41195627076,142.2534620000
41197964712,142.2217790000
41200302367,142.3190560000
41202640003,142.2791740000
41204977639,142.2442770000
41207315294,142.3387420000
41209652930,142.2963990000
41211990566,142.2593490000
41215475439,142.4769300000
41217813075,142.5423130000
41219003512,142.5995230000
41221341148,142.6495820000
41223678784,142.5683840000
41226016439,142.6223360000
41228354075,142.6695440000
41230691711,142.5858510000
41233029366,142.6376190000
41235367002,142.6829160000
41237704638,142.5975510000
41240042293,142.6478570000
41242379929,142.6918740000
41244717565,142.6053890000
41247055220,142.6547150000
41249392856,142.6978750000
41251730492,142.6106400000
41254068147,142.6593100000
41256405783,142.7018960000
41258743419,142.7391590000
41261081074,142.8967640000
41263418710,143.0346680000
41265756347,143.0303340000
41268094002,143.1515420000
41270431638,143.2575990000
41272769274,143.2253990000
41275106929,143.3222240000
41277444565,143.4069460000
41279782201,143.3560770000
41282119856,143.4365670000
41284457492,143.5069960000
41286795128,143.4436210000
41289132783,143.3881680000
41291470419,143.3396470000
41293808055,143.1721910000
41296145710,143.1506670000
41298483346,143.1318330000
41300820982,142.9903530000
41303158637,142.9915580000
41305496273,142.9926130000
41307833909,142.8685360000
41310171564,142.8849690000
41312509200,142.8993470000
41314846836,142.7869280000
41318331709,142.9385620000
41320669345,143.0712410000
41323007000,143.1873350000
41325344636,143.2889180000
41327682272,143.3778030000
41330019927,143.4555770000
41332357564,143.5236290000
41334695200,143.5831750000
41337032855,143.6352780000
41339370491,143.6808680000
41341708127,143.9707590000
41344045782,144.3494140000
41346383418,144.5557370000
41348721054,144.7362690000
41351058709,145.0192350000
41353396345,145.1418300000
41355733981,145.2491010000
41358071636,145.4679630000
41360409272,145.4094670000
41362746908,145.3582830000
41365084563,145.4384970000
41367422199,145.5086840000
41369759835,145.5700980000
41372097490,145.6238350000
41374435126,145.6708550000
41376772762,145.7119980000
41379110417,145.7479980000
41381448053,145.7794980000
41383785689,145.8070600000
41386123344,145.8311770000
41388460980,145.8522790000
41389651398,145.7457440000
41391989034,145.5275260000
41394326690,145.4615850000
41396664326,145.4038860000
41399001962,145.3534000000
41401339617,145.3092250000
41403677253,145.2705710000
41406014908,145.2367490000
41408352544,145.2071550000
41410690180,145.1812600000
41413027835,145.1586020000
41415365471,145.1387760000
41417703107,145.1214290000
41420040762,145.1062500000
41422378398,145.0929680000
41424716034,145.0813470000
41427053689,145.0711780000
41429391325,145.0622800000
41431728961,145.0544950000
41434066616,145.0476830000
41436404252,145.0417220000
41438741888,145.0365060000
41441079543,145.0319420000
41443417179,145.0279490000
41445754815,145.0244550000
41448092470,145.0213980000
41450430106,145.0187230000
41452767742,145.0163820000
41455105398,145.0143340000
41457443034,145.0125420000
41459780670,145.0109740000
41462118325,144.8846020000
41464455961,144.7740260000
41466793597,144.5522720000
41469131252,144.4832380000
41471468888,144.4228330000
41473806524,144.2449780000
41476144179,144.2143550000
41478481815,144.1875600000
41480819451,144.0391150000
41483157106,144.0342250000
41485494742,144.0299460000
41488979596,144.0262020000
41491317251,144.1479260000
41493654887,144.2544350000
41495992523,144.2226300000
41498330178,144.3198010000
41500667814,144.4048250000
41503005450,144.4792210000
41505343105,144.5443180000
41507680741,144.6012780000
41510018397,144.6511180000
41512356033,144.6947280000
41514693669,144.7328870000
41517031324,144.7662760000
41519368960,144.7954910000
41521706596,144.8210540000
41524044251,144.8434220000
41526381887,144.8629940000
41528719523,144.8801190000
41531057178,144.8951040000
41533394814,144.9082160000
41535732450,145.0446890000
41538070105,145.2891020000
41540407741,145.3779640000
41542745377,145.4557180000
41545083032,145.5237530000
41547420668,145.5832830000
41549758304,145.6353720000
41552095959,145.6809500000
41554433595,145.7208310000
41556771231,145.7557270000
41559108886,145.7862610000
41560299304,145.6879780000
41562636941,145.6019800000
41564974577,145.4017320000
41567312232,145.3515150000
41569649868,145.3075750000
41571987504,145.1441280000
41574325159,145.1261120000
41576662795,145.1103480000
41579000431,145.0965540000
41581338086,145.0844840000
41583675722,145.0739230000
41586013377,145.0646820000
41588351013,145.0565960000
41591835867,145.1745210000
41594173522,145.2777050000
41596511158,145.3679910000
41598848794,145.4469920000
41601186449,145.5161180000
41603524085,145.5766030000
41605861721,145.6295270000
41608199376,145.6758360000
41610537012,145.7163560000
41612874648,145.7518110000
41615212304,145.7828340000
41617549940,145.8099790000
41619887576,145.8337310000
41622225231,145.8545140000
41624562867,145.8726990000
41626900503,145.8886110000
41629238158,145.9025340000
41631575794,145.9147170000
41633913430,145.8003770000
41636251085,145.7003290000
41638588721,145.6127870000
41640926357,145.5361880000
41643264012,145.4691640000
41645601648,145.4105180000
41647939284,145.2342030000
41650276939,145.2049270000
41652614575,145.1793110000
41654952211,145.0318970000
41657289866,145.0279090000
41659627502,145.0244200000
41661965138,144.8963670000
41664302794,144.9093210000
41666640430,144.9206550000
41668978066,144.8055730000
41671315721,144.8298760000
41673653357,144.8511410000
41675990993,144.7447480000
41678328648,144.7766540000
41680666284,144.8045720000
41683003920,144.8290000000
41685341575,144.8503750000
41687679211,144.8690780000
41690016866,144.8854430000
41692354502,144.8997620000
41694692138,144.9122910000
41697029793,144.9232540000
41699367429,144.9328470000
41701705065,144.9412410000
41704042720,144.9485850000
41706380356,145.0800110000
41708717992,145.1950090000
41711055648,145.4206320000
41713393284,145.4930530000
41715730920,145.5564210000
41718068575,145.7368680000
41720406211,145.7697590000
41722743847,145.7985390000
41725081502,145.8237210000
41727419138,145.8457550000
41729756774,145.8650350000
41732094429,145.8819050000
41734432065,145.8966660000
41736769701,145.7845820000
41739107356,145.6865090000
41741444992,145.6006950000
41743782628,145.5256080000
41746120283,145.4599070000
41748457919,145.4024180000
41750795555,145.3521150000
41753133210,145.3081000000
41755470846,145.2695870000
41757808482,145.2358880000
41760146138,145.2064020000
41762483774,145.1806010000
41764821410,145.1580250000
41767159065,145.1382710000
41769496701,145.1209870000
41771834337,145.1058630000
41774171992,145.0926300000
41776509628,145.0810510000
41778847264,145.0709190000
41781184919,145.0620540000
41783522555,145.0542970000
41785860191,145.0475090000
41788197846,145.0415700000
41790535482,145.0363730000
41792873118,145.0318260000
41795210773,145.0278470000
41797548409,145.0243660000
41799886045,145.0213200000
41802223700,145.0186550000
41804561337,145.0163230000
41806898973,145.0142820000
41809236628,145.0124960000
41811574264,145.0109340000
41813911900,145.0095670000
41816249555,145.0083710000
41818587191,145.0073240000
41820924827,145.0064080000
41823262482,145.0056070000
41825600118,145.0049060000
41827937754,144.8792920000
41830275409,144.8943800000
41832613045,144.9075820000
41834950681,144.7941340000
41837288336,144.8198670000
41839625972,144.8423830000
41841963608,144.7370850000
41844301263,144.7699490000
41846638900,144.7987050000
41848976536,144.6988660000
41851314191,144.7365070000
41853651827,144.7694430000
41855989463,144.6732620000
41858327118,144.7141040000
41860664754,144.7498410000
41863002390,144.7811100000
41865340045,144.8084710000
41867677681,144.8324120000
41870015336,144.8533600000
41872352972,144.8716900000
41874690608,144.8877280000
41877028263,144.9017620000
41879365899,144.9140410000
41881703535,144.9247850000
41884041190,144.9341860000
41886378826,144.9424120000
41889863681,145.0746100000
41892201336,145.1902830000
41894538972,145.2914970000
41896876608,145.3800590000
41899214263,145.4575510000
41901551899,145.5253570000
41903889535,145.5846870000
41906227190,145.6366010000
41908564826,145.6820250000
41910902462,145.7217710000
41913240117,145.7565490000
41915577753,145.7869800000
41917915389,145.8136070000
41920253044,145.8369060000
41922590680,145.8572920000
41924928316,145.8751300000
41927265971,145.8907380000
41929603607,145.9043950000
41931941244,146.1663450000
41934278899,146.5205510000
41936616535,146.7054820000
41938954171,146.8672960000
41941291826,147.1338840000
41943629462,147.2421480000
41945967098,147.3368790000
41948304753,147.5447690000
41950642389,147.6016720000
41952980025,147.6514630000
41955317680,147.8200300000
41957655316,147.8425260000
41959992952,147.8622100000
41962330607,148.0044330000
41963521025,147.8788780000
41965858661,147.7690180000
41968196316,147.7978900000
41970533953,147.6981530000
41972871589,147.6108830000
41975209244,147.6595220000
41977546880,147.5770810000
41979884516,147.5049450000
41982222171,147.5668260000
41984559807,147.4959720000
41986897443,147.4339750000
41989235098,147.5047280000
41991572734,147.4416370000
41993910370,147.3864320000
41996248025,147.4631280000
41998585661,147.4052370000
42000923297,147.3545820000
42003260952,147.4352590000
42005598588,147.3808510000
42007936224,147.3332440000
42010273880,147.2915880000
42012611516,147.2551390000
42014949152,147.2232460000
42017286807,147.1953400000
42019624443,147.1709220000
42021962079,147.1495560000
42024299734,147.1308610000
42026637370,147.1145030000
42028975006,147.1001900000
42031312661,147.0876660000
42033650297,147.0767070000
42035987933,146.9421180000
42038325588,146.8243530000
42040663224,146.7213080000
42043000860,146.7561440000
42045338515,146.6616260000
42047676151,146.5789220000
42050013788,146.6315560000
42052351443,146.5526110000
42054689079,146.4835340000
42057026734,146.5480920000
42059364370,146.4795800000
42061702006,146.4196320000
42064039661,146.4921780000
42067524515,146.5556550000
42069862151,146.6111980000
42072199806,146.7847980000
42074537442,146.8116980000
42076875078,146.8352350000
42079212733,146.9808300000
42081550369,146.9832260000
42083888005,146.9853220000
42086225661,147.1121560000
42088563297,147.0981360000
42090900933,147.0858690000
42093238588,147.2001350000
42095576224,147.1751180000
42097913860,147.1532280000
42100251515,147.2590740000
42102589151,147.2266890000
42104926787,147.1983520000
42107264442,147.2985580000
42109602078,147.2612380000
42111939714,147.3535830000
42114277369,147.5593850000
42116615005,147.6144610000
42118952641,147.6626530000
42121290296,147.8298210000
42123627933,147.8510930000
42125965569,147.8697060000
42128303224,148.0109920000
42130640860,148.0096180000
42132978496,148.0084150000
42135316151,148.1323630000
42137653787,148.1158170000
42139991423,148.1013390000
42141181860,148.0886710000
42143519496,147.9525870000
42145857132,147.8335130000
42148194787,147.8543230000
42150532423,147.7475320000
42152870059,147.6540900000
42155207714,147.6973280000
42157545350,147.6101620000
42159882987,147.5338910000
42162220642,147.5921540000
42164558278,147.5181340000
42166895914,147.4533670000
42169233569,147.5216960000
42171571205,147.4564840000
42173908841,147.3994230000
42176246496,147.4744950000
42178584132,147.4151830000
42180921768,147.3632850000
42183259423,147.4428740000
42185597059,147.3875140000
42187934695,147.3390740000
42190272350,147.2966890000
42192609986,147.2596020000
42194947622,147.2271510000
42197285278,147.1987570000
42200770132,147.2989120000
42203107787,147.5115480000
42205445423,147.5726040000
42207783059,147.6260280000
42210120714,147.7977740000
42212458350,147.8230520000
42214795986,147.7201700000
42217133641,147.7551480000
42219471277,147.6607540000
42221808913,147.5781590000
42224146568,147.6308890000
42226484204,147.5520270000
42228821840,147.4830230000
42231159496,147.5476450000
42233497132,147.4791890000
42235834768,147.4192900000
42238172423,147.4918780000
42240510059,147.4303930000
42242847695,147.3765930000
42245185350,147.4545180000
42247522986,147.3977030000
42249860622,147.3479900000
42252198277,147.4294910000
42254535913,147.3758040000
42256873549,147.3288280000
42259211204,147.4127240000
42262696058,147.4861330000
42265033714,147.6753660000
42267371350,147.8409450000
42269708986,147.8608260000
42272046641,148.0032220000
42274384277,148.1278190000
42275574695,147.9868410000
42277912331,147.8634850000
42280249986,147.8805490000
42282587622,147.7704800000
42284925258,147.6741700000
42287262913,147.7148980000
42289600549,147.7505350000
42291938185,147.7817180000
42294275840,147.9340030000
42296613476,147.9422520000
42298951113,147.9494700000
42301288768,148.0807860000
42303626404,148.0706870000
42305964040,148.0618510000
42308301695,148.1791190000
42310639331,148.1567290000
42312976967,148.1371370000
42315314622,148.2449940000
42317652258,148.2143690000
42319989894,148.1875720000
42322327549,148.2891250000
42324665185,148.2529840000
42327002821,148.3463610000
42329340476,148.4280650000
42331678113,148.3745560000
42334015749,148.4527360000
42335206186,148.3961440000
42337543822,148.2216260000
42339881458,148.0689220000
42342219113,148.0603060000
42344556749,147.9277670000
42346894385,147.6867960000
42349232040,147.4759460000
42351569676,147.2914520000
42353907312,147.1300200000
42356244967,146.9887670000
42358582603,146.8651710000
42360920239,146.7570240000
42363257894,146.6623960000
42365595531,146.5795960000
42367933167,146.5071460000
42370270822,146.4437520000
42372608458,146.3882830000
42374946094,146.3397470000
42377283749,146.2972780000
42380768603,146.3851180000
42383106258,146.5869780000
42385443894,146.6386050000
42387781530,146.6837790000
42390119185,146.8483060000
42392456821,146.8672670000
42394794457,146.8838580000
42397132113,147.0233750000
42399469749,147.0204530000
42401807385,147.0178960000
42404145040,147.1406590000
42406482676,147.1230760000
42408820312,146.9826910000
42411157967,146.8598540000
42413495603,146.7523720000
42415833239,146.6583250000
42418170894,146.5760340000
42420508530,146.5040290000
42422846166,146.5660250000
42425183821,146.7452710000
42427521458,146.7771120000
42429859094,146.8049730000
42432196749,146.9543510000
42434534385,146.9600570000
42436872021,146.9650490000
42439209676,147.0944170000
42442694530,147.2076140000
42445032185,147.4316620000
42447369821,147.6277040000
42449707457,147.6742410000
42452045112,147.8399600000
42454382748,147.9849650000
42455573166,147.8618440000
42457910802,147.7541130000
42460248458,147.7848480000
42462586094,147.6867420000
42464923730,147.6008990000
42467261385,147.6507860000
42469599021,147.5694370000
42471936657,147.4982570000
42474274312,147.4359740000
42476611948,147.3814770000
42478949584,147.3337920000
42481287239,147.2920680000
42483624875,147.3805590000
42485962511,147.4579890000
42488300166,147.6507400000
42490637803,147.6943970000
42492975439,147.7325970000
42495313094,147.8910220000
42497650730,147.9046440000
42499988366,147.9165630000
42502326021,148.0519920000
42504663657,148.0454930000
42507001293,148.1648060000
42509338948,148.2692050000
42511676584,148.2355540000
42514014220,148.3311090000
42516351875,148.4147200000
42518689511,148.3628800000
42521027148,148.4425200000
42523364803,148.5122050000
42525702439,148.4481790000
42528040094,148.3921560000
42530377730,148.2181360000
42532715366,148.0658690000
42535053021,148.0576350000
42537390657,147.9254300000
42539728293,147.8097510000
42542065948,147.8335320000
42544403584,147.7293400000
42546741220,147.6381720000
42549078875,147.6834000000
42551416512,147.5979750000
42553754148,147.5232280000
42556091803,147.5828240000
42558429439,147.5099710000
42561914293,147.5712240000
42564251948,147.7498210000
42566589584,148.1560930000
42568927220,148.3865810000
42571264875,148.7132580000
42573602511,148.9991000000
42575940147,149.1242120000
42578277802,149.3586850000
42580615439,149.5638490000
42582953075,149.6183670000
42585290730,149.7910710000
42587628366,149.9421870000
42589966002,149.9494130000
42592303657,149.9557360000
42594641293,149.8362690000
42596978929,149.7317350000
42599316584,149.7652680000
42601654220,149.6696090000
42603991856,149.5859070000
42606329511,149.7626680000
42608667148,149.9173340000
42611004784,150.0526670000
42613342439,150.1710830000
42615680075,150.2746970000
42618017711,150.3653590000
42620355366,150.4446890000
42622693002,150.5141020000
42625030657,150.5748390000
42627368293,150.6279840000
42629705929,150.6744860000
42632043584,150.7151750000
42634381220,150.7507780000
42635571638,150.6569300000
42637909275,150.4498130000
42640246930,150.3935860000
42642584566,150.3443870000
42644922202,150.1763380000
42647259857,150.1542950000
42649597493,150.1350080000
42651935129,149.9931320000
42654272784,149.9939900000
42656610420,149.8697410000
42658948056,149.7610230000
42661285711,149.7908950000
42663623347,149.6920330000
42665960984,149.6055280000
42668298639,149.6548370000
42670636275,149.5729820000
42672973911,149.5013590000
42675311566,149.5636890000
42677649202,149.4932270000
42679986838,149.4315730000
42682324493,149.5026260000
42684662129,149.4397970000
42686999765,149.3848220000
42689337420,149.4617190000
42691675056,149.4040040000
42694012692,149.4785030000
42696350348,149.5436900000
42698687984,149.4757280000
42701025620,149.5412620000
42703363275,149.5986040000
42705700911,149.5237780000
42708038566,149.5833050000
42710376202,149.5103910000
42712713838,149.3215920000
42715051493,149.2813930000
42717389129,149.2462180000
42719726765,149.0904400000
42722064421,149.0791350000
42724402057,149.0692430000
42726739693,148.9355870000
42729077348,148.9436380000
42731414984,148.9506830000
42733752620,148.8318470000
42736090275,148.8528660000
42738427911,148.8712570000
42740765547,148.7623490000
42744250420,148.9170550000
42746588056,149.0524230000
42748925692,149.0458700000
42751263348,149.1651360000
42753600984,149.2694940000
42755938620,149.2358070000
42758276275,149.3313310000
42760613911,149.2899140000
42762951547,149.2536740000
42765289202,149.3469640000
42767626838,149.3035930000
42769964474,149.2656430000
42772302129,149.3574370000
42774639765,149.3127570000
42776977402,149.2736620000
42779315057,149.3644540000
42781652693,149.3188970000
42783990329,149.2790340000
42786327984,149.4941540000
42788665620,149.6823840000
42791003256,149.8470860000
42793340911,149.9912000000
42795678547,150.1173000000
42798016183,150.2276370000
42800353838,150.3241820000
42802691474,150.4086590000
42805029111,150.4825760000
42807366766,150.5472540000
42809704402,150.6038470000
42812042057,150.6533660000
42814379693,150.6966950000
42816717329,150.7346080000
42819054984,150.7677820000
42821392620,150.7968090000
42823730256,150.8222070000
42826067911,150.8444310000
42828405547,150.8638770000
42830743184,150.8808920000
42833080839,150.8957800000
42835418475,150.9088070000
42837756111,150.9202060000
42840093766,150.9301800000
42842431402,150.9389070000
42844769038,150.8215430000
42847106693,150.8438500000
42849444329,150.8633680000
42851781965,150.7554470000
42854119620,150.7860160000
42856457257,150.8127640000
42858794893,150.7111680000
42861132548,150.7472720000
42863470184,150.7788630000
42865807820,150.6815050000
42868145475,150.7213160000
42870483111,150.7561510000
42872820747,150.6616320000
42875158402,150.7039280000
42877496038,150.7409370000
42879833674,150.6483190000
42882171330,150.6922790000
42884508966,150.7307440000
42886846602,150.6394010000
42889184257,150.6844750000
42891521893,150.7239150000
42893859529,150.5084250000
42896197184,150.4448710000
42898534820,150.3892620000
42900872456,150.2156040000
42903210111,150.1886530000
42905547747,150.1650710000
42907885383,150.0194370000
42910223039,150.0170070000
42912560675,150.0148810000
42914898311,149.8880200000
42917235966,149.9020170000
42919573602,149.9142640000
42921911238,149.7999810000
42924248893,149.8249830000
42926586529,149.8468600000
42928924165,149.7410020000
42931261820,149.7733760000
42933599457,149.8017040000
42935937093,149.7014910000
42938274748,149.7388040000
42940612384,149.6464530000
42942950020,149.5656460000
42945287675,149.6199400000
42947625311,149.5424470000
42949962947,149.4746410000
42952300602,149.5403100000
42954638238,149.4727710000
42956975874,149.4136740000
42959313530,149.4869640000
42961651166,149.4260930000
42963988802,149.3728310000
42966326457,149.4512270000
42968664093,149.3948230000
42971001729,149.4704700000
42973339384,149.5366610000
42975677020,149.4695780000
42978014656,149.5358800000
42980352311,149.5938950000
42982689947,149.5196580000
42985027584,149.5797000000
42987365239,149.6322370000
42989702875,149.5532070000
42992040530,149.6090560000
42994378166,149.6579240000
42996715802,149.5756830000
42999053457,149.6287220000
43001391093,149.6751310000
43003728729,149.5907390000
43006066384,149.6418960000
43008404020,149.6866590000
43010741657,149.6008260000
43013079312,149.6507220000
43015416948,149.6943810000
43017754584,149.6075830000
43020092239,149.6566350000
43022429875,149.6995550000
43024767511,149.6121100000
43027105166,149.6605960000
43029442802,149.7030210000
43031780438,149.6151430000
43034118094,149.6632500000
43036455730,149.7053430000
43038793366,149.6171750000
43041131021,149.6650280000
43043468657,149.7068990000
43045806293,149.6185360000
43048143948,149.6662190000
43050481584,149.7079410000
43052819220,149.6194480000
43055156875,149.6670170000
43057494511,149.7086390000
43059832148,149.6200590000
43062169803,149.6675510000
43064507439,149.7091070000
43066845075,149.6204680000
43069182730,149.6679090000
43071520366,149.7094200000
43073858002,149.6207420000
43076195657,149.6681490000
43078533293,149.7096300000
43080870929,149.6209260000
43083208585,149.6683100000
43085546221,149.7097710000
43087883857,149.6210490000
43090221512,149.6684170000
43092559148,149.7098640000
43094896784,149.6211310000
43097234439,149.6684890000
43099572075,149.7099270000
43101909711,149.6211860000
43104247366,149.6685370000
43106585003,149.7099690000
43108922639,149.6212220000
43111260294,149.6685690000
43113597930,149.7099970000
43115935566,149.6212470000
43118273221,149.6685910000
43120610857,149.5850170000
43122948493,149.5118890000
43125286148,149.5729020000
43127623784,149.5012890000
43129961420,149.4386270000
43132299076,149.5087980000
43134636712,149.4451980000
43136974348,149.3895480000
43139312003,149.4658540000
43141649639,149.4076220000
43143987275,149.3566690000
43146324930,149.4370850000
43148662566,149.3824490000
43151000202,149.4596420000
43153337857,149.5271860000
43155675494,149.4612870000
43158013130,149.5286260000
43160350785,149.5875470000
43162688421,149.5141030000
43165026057,149.5748400000
43167363712,149.6279850000
43169701348,149.5494860000
43172038984,149.6058000000
43175523857,149.7800750000
43177861494,149.8075650000
43180199149,149.9566190000
43182536785,150.0870410000
43184874421,150.0761600000
43187212076,150.1916400000
43189549712,150.2926850000
43191887348,150.2560990000
43194225003,150.3490860000
43196562639,150.4304500000
43198900275,150.3766430000
43201237931,150.4545620000
43203575567,150.5227410000
43205913203,150.4573980000
43208250858,150.5252230000
43210588494,150.5845700000
43212926130,150.5114980000
43215263785,150.8225600000
43217601421,151.0947400000
43219939057,151.3328970000
43222276712,151.5412840000
43224614349,151.7236230000
43226951985,151.8831700000
43229289640,152.0227730000
43231627276,152.1449260000
43233964912,152.2518100000
43236302567,152.3453330000
43238640203,152.4271660000
43240977839,152.4987700000
43243315494,152.5614230000
43245653130,152.6162450000
43247990767,152.6642140000
43250328422,152.7061870000
43251518840,152.6179130000
43253856476,152.5406730000
43256194131,152.4730880000
43258531767,152.4139520000
43260869403,152.3622080000
43263207058,152.3169320000
43265544694,152.2773150000
43267882330,152.2426500000
43270219986,152.2123180000
43272557622,152.1857780000
43274895258,152.1625550000
43277232913,152.1422350000
43279570549,152.1244550000
43281908185,152.1088980000
43284245840,152.0952850000
43286583476,152.0833740000
43288921112,152.0729520000
43291258767,152.0638330000
43293596404,152.0558530000
43295934040,152.0488710000
43298271695,152.0427620000
43300609331,152.0374160000
43302946967,151.9077390000
43305284622,151.9192710000
43307622258,151.9293620000
43309959894,151.8131910000
43312297549,151.8365420000
43314635186,151.8569740000
43316972822,151.7498520000
43319310477,151.7811200000
43321648113,151.8084800000
43323985749,151.7074200000
43326323404,151.6189920000
43328661040,151.5416180000
43330998676,151.3489150000
43333336331,151.3053000000
43335673967,151.2671370000
43338011604,151.2337440000
43340349259,151.2045260000
43342686895,151.1789600000
43345024531,151.1565900000
43347362186,151.1370160000
43349699822,151.1198890000
43352037458,151.1049020000
43354375113,151.0917890000
43356712749,151.0803150000
43359050405,151.0702750000
43361388041,151.0614900000
43364872895,151.1788030000
43367210550,151.2814520000
43369548186,151.3712700000
43371885822,151.4498610000
43374223477,151.5186280000
43376561113,151.5787990000
43378898749,151.6314490000
43381236405,151.6775170000
43383574041,151.7178270000
43385911677,151.7530980000
43388249332,151.7839600000
43390586968,151.8109650000
43392924604,151.8345940000
43395262259,151.8552690000
43397599895,151.8733600000
43399937531,151.8891900000
43402275187,151.9030410000
43404612823,152.0401600000
43406950459,152.1601400000
43409288114,152.2651220000
43411625750,152.3569810000
43413963386,152.4373580000
43416301041,152.5076880000
43418638677,152.5692270000
43420976313,152.6230730000
43423313969,152.6701880000
43425651605,152.7114140000
43427989241,152.7474870000
43430326896,152.7790510000
43432664532,152.8066690000
43435002168,152.9558350000
43437339823,152.9613550000
43439677459,152.9661850000
43440867877,152.8454110000
43443205532,152.7397340000
43445543169,152.6472670000
43447880805,152.5663580000
43450218460,152.4955630000
43452556096,152.4336170000
43454893732,152.3794140000
43457231387,152.3319870000
43459569023,152.2904880000
43461906659,152.2541770000
43464244314,152.2224040000
43466581951,152.1946030000
43468919587,152.1702770000
43471257242,152.1489920000
43473594878,152.1303680000
43475932514,152.1140720000
43478270169,152.0998130000
43480607805,152.0873360000
43482945441,152.0764190000
43485283096,152.0668660000
43487620733,152.0585070000
43489958369,151.9261930000
43492296024,151.9354180000
43494633660,151.9434900000
43496971296,151.8255530000
43500456169,151.9723580000
43502793805,152.1008130000
43505131460,152.2132110000
43507469096,152.3115590000
43509806733,152.3976140000
43512144388,152.4729120000
43514482024,152.5387980000
43516819660,152.4714480000
43519157315,152.4125170000
43521494951,152.3609520000
43523832587,152.3158330000
43526170242,152.2763530000
43528507878,152.2418080000
43530845515,152.2115820000
43533183170,152.1851340000
43535520806,152.1619920000
43537858442,152.1417430000
43540196097,152.1240250000
43542533733,152.1085210000
43544871369,152.0949550000
43547209024,152.0830850000
43549546660,152.0726990000
43551884297,152.0636110000
43554221952,152.0556590000
43556559588,152.0487010000
43558897224,152.0426130000
43562382097,152.1622860000
43564719733,152.2670000000
43567057388,152.4836250000
43569395024,152.5481710000
43571732661,152.6046490000
43574070316,152.7790670000
43576407952,152.8066830000
43577598370,152.7058470000
43579936006,152.6176160000
43582273661,152.5404140000
43584611297,152.4728620000
43586948933,152.2887540000
43589286588,152.2526590000
43591624225,152.2210760000
43593961861,152.3184410000
43596299516,152.4036350000
43598637152,152.4781800000
43600974788,152.5434070000
43603312443,152.6004810000
43605650079,152.6504200000
43607987715,152.6941170000
43610325370,152.7323520000
43612663007,152.7658080000
43615000643,152.9200820000
43617338298,152.9300710000
43619675934,152.9388120000
43622013570,153.0714600000
43624351225,153.0625270000
43626688861,153.0547110000
43629026497,153.1728720000
43631364152,153.1512630000
43633701789,153.1323550000
43636039425,153.2408100000
43637229862,153.0857080000
43639567498,152.9499940000
43641905134,152.8312440000
43644242789,152.7273380000
43646580425,152.6364200000
43648918061,152.5568670000
43651255716,152.3622580000
43653593353,152.1919750000
43655930989,151.9179780000
43658268644,151.8032300000
43660606280,151.7028260000
43662943916,151.4899720000
43665281571,151.4287250000
43667619207,151.3751340000
43669956843,151.2032420000
43672294499,151.1778360000
43674632135,151.1556060000
43676969771,151.0111550000
43679307426,151.0097600000
43681645062,151.0085400000
43683982698,150.8824720000
43686320353,150.8971630000
43689805207,151.0350170000
43692142863,151.1556390000
43694480499,151.2611840000
43696818135,151.3535360000
43699155790,151.4343440000
43701493426,151.5050510000
43703831062,151.5669190000
43706168717,151.6210540000
43708506353,151.6684220000
43710843989,151.7098690000
43713181645,151.6211350000
43715519281,151.5434930000
43717856917,151.3505560000
43720194572,151.3067360000
43722532208,151.2683940000
43724869844,151.1098440000
43727207499,151.0961130000
43729545135,151.2090980000
43731882772,151.3079600000
43734220427,151.3944650000
43736558063,151.4701560000
43738895699,151.5363860000
43741233354,151.5943370000
43743570990,151.6450440000
43745908626,151.6894130000
43748246281,151.7282360000
43750583917,151.7622060000
43754068791,152.0419300000
43756406427,152.1616880000
43758744063,152.2664770000
43761081718,152.4831670000
43763419354,152.5477710000
43765756990,152.6042990000
43766947408,152.4037610000
43769285063,152.3532900000
43771622700,152.3091280000
43773960336,152.1454870000
43776297991,152.1273010000
43778635627,152.1113880000
43780973263,151.9724640000
43783310918,151.9759060000
43785648554,151.9789170000
43787986190,151.8565520000
43790323846,151.9994830000
43792661482,152.1245470000
43794999118,152.2339780000
43797336773,152.3297300000
43799674409,152.4135130000
43802012045,152.6118230000
43804349700,152.6603450000
43806687336,152.7028010000
43809024972,152.8649500000
43811362628,152.8818310000
43813700264,152.8966020000
43816037900,153.0345260000
43818375555,153.0302100000
43820713191,153.0264330000
43824198064,153.2731280000
43826535700,153.3639870000
43828873337,153.4434880000
43830063774,153.5130520000
43832401410,153.4489200000
43834739046,153.3928050000
43837076701,153.4687040000
43839414337,153.4101160000
43841751973,153.2338510000
43844089628,153.0796190000
43846427264,152.9446660000
43848764901,152.8265820000
43851102556,152.7232590000
43853440192,152.6328510000
43855777828,152.5537440000
43858115483,152.4845260000
43860453119,152.4239600000
43862790755,152.6209650000
43865128410,152.9183440000
43867466047,153.0535510000
43869803683,153.1718570000
43872141338,153.4003740000
43874478974,153.4753270000
43876816610,153.5409110000
43879154265,153.7232970000
43882639119,153.8828840000
43884976755,154.0225230000
43887314411,154.2697070000
43889652047,154.3609930000
43891989683,154.4408680000
43894327338,154.6357590000
43896664974,154.6812890000
43899002610,154.8461270000
43900193047,154.8653610000
43902530683,154.7571900000
43904868320,154.6625410000
43907205975,154.4547230000
43909543611,154.2728820000
43911881247,154.1137710000
43914218902,153.9745490000
43916556538,153.8527300000
43918894174,153.7461380000
43921231829,153.9028700000
43923569466,153.9150110000
43925907102,153.9256340000
43928244757,154.0599290000
43930582393,154.0524370000
43932920029,154.0458820000
43935257684,154.1651460000
43937595320,154.1445020000
43939932956,154.1264390000
43942270612,154.2356340000
43945755466,154.3311790000
43948093121,154.5397810000
43950430757,154.7223080000
43952768393,154.7570190000
43955106048,154.9123910000
43957443684,154.9233420000
43958634102,154.8079240000
43960971739,154.7069330000
43963309394,154.6185660000
43965647030,154.5412450000
43967984666,154.4735890000
43970322321,154.4143900000
43972659957,154.3625910000
43974997593,154.3172670000
43977335248,154.1526080000
43979672885,154.0085320000
43982010521,154.0074650000
43984348176,154.0065310000
43986685812,154.0057140000
43989023448,154.1299990000
43991361103,154.1137490000
43993698739,154.0995300000
43996036375,154.2120880000
43998374031,154.1855770000
44000711667,154.1623790000
44003049303,154.2670810000
44005386958,154.2336950000
44007724594,154.2044830000
44010062249,154.3039220000
44012399885,154.2659310000
44015884740,154.3576890000
44018222395,154.5629770000
44020560031,154.6176040000
44021750449,154.5404030000
44024088104,154.5978520000
44026425740,154.5231200000
44028763376,154.4577300000
44031101031,154.5255130000
44033438668,154.4598230000
44035776304,154.2773450000
44038113959,154.2426760000
44040451595,154.0873410000
44042789231,153.9514230000
44045126886,153.9574950000
44047464522,153.8378080000
44049802158,153.7330820000
44052139814,153.6414460000
44054477450,153.6862650000
44056815086,153.7254810000
44059152741,153.8847950000
44061490377,153.8991950000
44063828013,153.9117950000
44066165668,154.0478200000
44068503305,154.0418420000
44070840941,154.0366110000
44074325814,154.2820340000
44076663450,154.3717790000
44079001086,154.5753060000
44081338741,154.7533920000
44083676377,154.7842180000
44086014013,154.9361900000
44088351669,155.0691660000
44090689305,155.0605200000
44091879723,154.9279550000
44094217378,154.9369600000
44096555014,154.8198400000
44098892650,154.5923600000
44101230305,154.3933150000
44103567941,154.2191500000
44105905578,154.0667560000
44108243233,153.9334110000
44110580869,153.8167340000
44112918505,153.8396420000
44115256160,153.9846860000
44117593796,153.9866000000
44119931432,153.9882750000
44122269088,154.1147400000
44124606724,154.1003970000
44126944360,154.0878470000
44129282015,154.2018660000
44131619651,154.1766320000
44133957287,154.1545530000
44137442160,154.2602330000
44139779797,154.3527030000
44142117452,154.5586150000
44144455088,154.6137880000
44146792724,154.6620640000
44149130379,154.8293060000
44151468015,154.8506420000
44153805651,154.8693110000
44156143306,155.0106470000
44158480943,155.0093160000
44160818579,155.0081510000
44163156234,155.1321320000
44165493870,155.1156150000
44167831506,155.1011630000
44170169161,155.0885170000
44172506797,154.9524520000
44174844434,154.8333950000
44177182089,154.9792200000
44179519725,154.9818170000
44181857361,154.9840890000
44184195016,155.1110770000
44186532652,155.0971920000
44188870288,155.0850430000
44191207943,155.1994120000
44193545580,155.1744850000
44195883216,155.1526740000
44198220871,155.2585890000
44200558507,155.2262650000
44202896143,155.1979810000
44205233798,155.2982330000
44208718652,155.3859530000
44211056289,155.5877080000
44213393944,155.7642440000
44214584362,155.6687130000
44216921998,155.5851230000
44219259653,155.6369820000
44221597289,155.5573590000
44223934925,155.4876890000
44226272581,155.5517270000
44228610217,155.3577610000
44230947853,155.1880400000
44233285508,155.0395350000
44235623144,154.9095930000
44237960780,154.7958930000
44240298435,154.6964060000
44242636071,154.6093550000
44244973708,154.5331850000
44247311363,154.7165360000
44249648999,154.7519690000
44251986635,154.7829720000
44254324290,154.9351000000
44256661926,154.9432120000
44258999562,154.9503100000
44261337218,155.0815210000
44263674854,155.0713300000
44266012490,155.1874130000
44268350145,155.2889860000
44270687781,155.2528620000
44273025417,155.3462540000
44275363072,155.4279720000
44277700709,155.3744750000
44280038345,155.4526650000
44282376000,155.5210810000
44284713636,155.4559450000
44285904054,155.2739510000
44288241709,155.2397070000
44290579345,154.9597430000
44292916981,154.7147750000
44295254637,154.5004280000
44297592273,154.3128740000
44299929909,154.1487640000
44302267564,154.0051680000
44304605200,153.8795220000
44306942836,153.7695810000
44309280491,153.6733830000
44311618128,153.5892100000
44313955764,153.5155580000
44316293419,153.4511130000
44318631055,153.3947230000
44320968691,153.3453820000
44323306346,153.3022090000
44325643982,153.2644320000
44327981618,153.2313780000
44331466492,153.3274550000
44333804128,153.4115230000
44336141783,153.6100820000
44338479419,153.6588210000
44340817055,153.7014680000
44343154710,153.8637840000
44345492347,153.8808110000
44347829983,153.8957090000
44350167638,154.0337450000
44352505274,154.0295260000
44354842910,154.0258350000
44357180565,154.1476050000
44359518201,154.1291540000
44361855838,153.9880090000
44364193493,153.8645070000
44366531129,153.7564430000
44368868765,153.7868870000
44371206420,153.9385260000
44373544056,153.9462100000
44375881692,153.9529330000
44378219348,154.0838160000
44380556984,154.0733390000
44382894620,154.0641710000
44385232275,154.1811490000
44387569911,154.1585050000
44389907547,154.1386910000
44392245202,154.2463540000
44394582838,154.2155590000
44396920475,154.1886140000
44399258130,154.2900370000
44402742984,154.3787820000
44405080639,154.5814340000
44407418275,154.7587540000
44408608693,154.6639090000
44410946329,154.5809200000
44413283985,154.6333050000
44415621621,154.5541410000
44417959257,154.4848730000
44420296912,154.4242630000
44422634548,154.3712300000
44424972184,154.3248260000
44427309840,154.2842220000
44429647476,154.2486940000
44431985112,154.2176070000
44434322767,154.1904060000
44436660403,154.1666050000
44438998039,154.1457790000
44441335694,154.3775560000
44443673330,154.4553610000
44446010967,154.6484400000
44448348622,154.8173850000
44450686258,154.8402110000
44453023894,154.9851840000
44455361549,155.1120360000
44457699185,155.0980310000
44460036821,155.2107770000
44462374477,155.3094290000
44464712113,155.2707500000
44467049749,155.3619060000
44469387404,155.4416670000
44471725040,155.3864580000
44474062676,155.4631500000
44477547550,155.6552560000
44479885186,155.6983490000
44481075623,155.7360550000
44483413259,155.7690480000
44485750895,155.5479170000
44488088550,155.4794270000
44490426186,155.2944980000
44492763823,155.1326850000
44495101478,155.1160990000
44497439114,154.9765860000
44499776750,154.8545120000
44502114405,154.8726980000
44504452041,154.7636100000
44506789677,154.6681580000
44509127333,154.7096380000
44511464969,154.9959330000
44513802605,155.1214410000
44516140260,155.3562600000
44518477896,155.5617270000
44520815532,155.6165110000
44523153187,155.7894470000
44525490824,155.9407660000
44528975678,156.0731700000
44531313333,156.3140230000
44533650969,156.5247700000
44535988605,156.5841730000
44538326260,156.7611510000
44540663896,156.9160070000
44543001533,157.0515060000
44545339188,157.1700670000
44547676824,157.2738080000
44550014460,157.3645820000
44552352115,157.4440090000
44554689751,157.5135070000
44555880169,157.3243180000
44558217825,157.1587780000
44560555461,156.8889300000
44562893097,156.6528130000
44565230752,156.6962110000
44567568388,156.7341840000
44569906024,156.6424110000
44572243680,156.6871090000
44574581316,156.7262200000
44576918952,156.6354420000
44579256607,156.6810110000
44581594243,156.7208840000
44583931879,156.6307730000
44586269534,156.6769260000
44588607171,156.7173100000
44590944807,156.6276460000
44593282462,156.6741900000
44595620098,156.7149160000
44597957734,156.6255510000
44601442607,156.7973570000
44603780243,156.8226870000
44606117899,156.9698510000
44607308317,156.9736190000
44609645953,156.8519160000
44611983589,156.7454260000
44614321244,156.7772470000
44616658880,156.6800910000
44618996516,156.5950790000
44621334172,156.6456940000
44623671808,156.5649820000
44626009444,156.6193590000
44628347099,156.6669390000
44630684735,156.5835710000
44633022371,156.5106240000
44635360027,156.4467960000
44637697663,156.3909460000
44640035299,156.4670770000
44642372954,156.5336920000
44644710590,156.4669800000
44647048226,156.5336070000
44649385881,156.5919060000
44651723518,156.5179170000
44654061154,156.5781770000
44656398809,156.6309040000
44658736445,156.5520410000
44661074100,156.6080350000
44663411736,156.6570300000
44665749372,156.5749010000
44668087028,156.6280380000
44670424664,156.6745330000
44672762300,156.5902160000
44676247173,156.7664390000
44678584809,156.9206340000
44679775227,156.8055540000
44682112883,156.8298590000
44684450519,156.7261260000
44686788155,156.5103600000
44689125810,156.4465650000
44691463446,156.3907440000
44693801082,156.2169010000
44696138737,156.1897880000
44698476374,156.0410640000
44700814010,155.9109310000
44703151665,155.9220640000
44705489301,155.8068060000
44707826937,155.7059550000
44710164592,155.7427100000
44712502229,155.8998710000
44714839865,155.9123870000
44717177520,156.0483380000
44719515156,156.1672950000
44721852792,156.1463830000
44724190447,156.2530850000
44727675301,156.4714490000
44730012938,156.6625170000
44732350593,156.8297020000
44734688229,156.9759890000
44737025865,157.1039900000
44739363520,157.2159910000
44741701156,157.3139920000
44744038793,157.3997430000
44746376448,157.4747750000
44748714084,157.5404280000
44751051720,157.5978740000
44753389375,157.6481390000
44754579793,157.5671210000
44756917429,157.2462300000
44759255085,157.0904510000
44761592721,156.8291440000
44763930357,156.7255010000
44766268012,156.7598130000
44768605648,156.7898360000
44770943284,156.6911060000
44773280940,156.7297170000
44775618576,156.7635020000
44777956212,156.6680640000
44780293867,156.7095560000
44782631503,156.6208610000
44784969139,156.5432530000
44787306794,156.6003460000
44789644431,156.5253020000
44791982067,156.4596390000
44794319722,156.5271840000
44796657358,156.4612860000
44800142231,156.6536250000
44802479867,156.8219210000
44804817504,156.8441800000
44807155159,156.9886570000
44809492795,157.1150740000
44811830431,157.1006890000
44814168086,157.2131020000
44816505722,157.3114640000
44818843359,157.2725310000
44821181014,157.3634640000
44823518650,157.4430310000
44825856286,157.3876520000
44828193941,157.4641950000
44830531577,157.5311700000
44832869213,157.3397730000
44835206869,157.2973010000
44837544505,157.3851380000
44839882141,157.3369950000
44842219796,157.4198700000
44844557432,157.4923860000
44846895068,157.4308370000
44849232724,157.5019820000
44851570360,157.5642340000
44853907996,157.4937040000
44856245651,157.5569910000
44858583287,157.6123670000
44860920923,157.5358210000
44863258579,157.5938430000
44865596215,157.6446120000
44867933851,157.5640350000
44870271506,157.6185300000
44872609142,157.6662130000
44876094015,157.8329360000
44878431652,157.9788190000
44879622070,157.9814660000
44881959706,157.8587820000
44884297361,157.7514340000
44886634997,157.5325040000
44888972633,157.3409410000
44891310288,157.2983230000
44893647925,157.1360320000
44895985561,156.9940280000
44898323216,156.9947740000
44900660852,156.8704270000
44902998488,156.7616230000
44905336143,156.7914200000
44907673780,156.6924920000
44910011416,156.7309300000
44912349071,156.8895630000
44914686707,157.0283670000
44917024343,157.1498210000
44919361998,157.2560930000
44921699634,157.3490810000
44924037271,157.4304450000
44926374926,157.5016390000
44928712562,157.5639340000
44931050198,157.6184420000
44933387853,157.6661360000
44935725489,157.7078690000
44938063126,157.7443850000
44940400781,157.7763360000
44942738417,157.8042940000
44945076072,157.8287570000
44947413708,157.8501620000
44949751344,157.8688910000
44952089000,157.8852790000
44953279418,157.7746190000
44955617054,157.4277910000
44957954690,157.1243170000
44960292345,156.9837770000
44962629981,156.7358040000
44964967617,156.5188280000
44967305273,156.4539740000
44969642909,156.2722270000
44971980545,156.1131980000
44974318200,156.0990480000
44976655836,155.9616670000
44978993472,155.8414580000
44981331128,155.8612750000
44983668764,155.7536150000
44986006400,155.7844130000
44988344055,155.8113610000
44990681691,155.7099400000
44993019327,155.7461970000
44995356983,155.7779220000
44997694619,155.6806810000
45001179492,155.8455950000
45003517128,155.9898950000
45005854764,155.9911580000
45008192419,156.1172630000
45010530056,156.2276050000
45012867692,156.1991540000
45015205347,156.2992590000
45017542983,156.3868510000
45019880619,156.3384940000
45022218274,156.4211820000
45024555911,156.4935340000
45026893547,156.4318420000
45029231202,156.5028610000
45031568838,156.3150030000
45033906474,156.1506270000
45036244129,156.2567980000
45038581766,156.3496980000
45040919402,156.3059850000
45043257057,156.3927360000
45045594693,156.4686440000
45047932329,156.4100630000
45050269984,156.4838050000
45052607621,156.5483290000
45054945257,156.4797870000
45057282912,156.5448130000
45059620548,156.6017110000
45061958184,156.5264970000
45064295839,156.5856840000
45066633476,156.5124730000
45068971112,156.4484130000
45071308767,156.5173610000
45073646403,156.4526900000
45077131276,156.6461030000
45079468912,156.8153400000
45080659330,156.7134220000
45082996967,156.6242440000
45085334622,156.6712130000
45087672258,156.5873110000
45090009894,156.6388970000
45092347549,156.6840340000
45094685185,156.5985290000
45097022822,156.6487120000
45099360477,156.6926230000
45101698113,156.6060450000
45104035749,156.6552890000
45106373404,156.6983770000
45108711040,156.6110790000
45111048677,156.7846940000
45113386332,156.9366070000
45115723968,157.0695310000
45118061604,157.1858390000
45120399259,157.2876090000
45122736895,157.3766570000
45126221769,157.5795740000
45128559405,157.7571270000
45130897041,157.9124860000
45133234696,158.0484250000
45135572332,158.1673710000
45137909969,158.2714490000
45140247624,158.3625170000
45142585260,158.4422020000
45144922896,158.3869260000
45147260551,158.4635600000
45149598187,158.5306150000
45151935824,158.4642880000
45154273479,158.5312520000
45155463897,158.4648450000
45157801533,158.1567390000
45160139188,158.2621460000
45162476824,158.3543770000
45164814460,158.4350790000
45167152116,158.5056940000
45169489752,158.5674820000
45171827388,158.6215460000
45174165043,158.6688520000
45176502679,158.7102450000
45178840315,158.7464640000
45181177971,158.7781560000
45183515607,158.8058860000
45185853243,158.8301500000
45188190898,158.8513810000
45190528534,158.8699580000
45192866170,158.8862130000
45195203826,158.9004360000
45197541462,158.9128810000
45199879098,158.9237700000
45202216753,158.9332980000
45204554389,158.9416350000
45206892025,158.9489300000
45209229681,158.9553130000
45211567317,158.9608980000
45213904953,158.9657850000
45216242608,158.9700610000
45218580244,158.9738030000
45220917881,158.9770770000
45223255536,158.9799420000
45225593172,158.9824490000
45227930808,158.9846420000
45230268463,158.9865610000
45232606099,158.9882400000
45234943736,158.7397100000
45237281391,158.6472460000
45239619027,158.6913400000
45241956663,158.7299220000
45244294318,158.7636810000
45246631954,158.7932200000
45248969591,158.6940670000
45251307246,158.7323080000
45253644882,158.7657690000
45255982518,158.6700470000
45258320173,158.7112910000
45260657809,158.7473790000
45262995446,158.6539560000
45265333101,158.6972110000
45267670737,158.7350590000
45270008373,158.7681760000
45272346028,158.7971540000
45274683664,158.8225090000
45278168538,158.9696950000
45280506174,159.0984830000
45282843810,159.2111720000
45285181465,159.1847750000
45287519101,159.1616780000
45289856738,159.1414680000
45292194393,159.1237840000
45294532029,159.1083110000
45296869665,159.0947720000
45299207320,159.0829250000
45301544956,159.0725590000
45303882593,159.0634890000
45306220248,159.0555520000
45308557884,159.0486080000
45310895520,159.0425320000
45313233175,159.0372150000
45315570811,159.1575630000
45317908448,159.2628670000
45320246103,159.3550080000
45322583739,159.4356320000
45324921375,159.5061780000
45327259030,159.5679050000
45329596667,159.6219160000
45331934303,159.6691760000
45334271958,159.7105290000
45336609594,159.7467120000
45338947230,159.7783730000
45341284885,159.8060760000
45343622522,159.8303160000
45345960158,159.8515260000
45348297813,159.8700850000
45350635449,159.8863240000
45352973085,159.9005330000
45355310740,159.9129660000
45356501159,159.7988450000
45358838795,159.6989890000
45361176450,159.6116150000
45363514086,159.5351630000
45365851722,159.4682670000
45368189377,159.4097330000
45370527014,159.3585160000
45372864650,159.3137010000
45375202305,159.2744880000
45377539941,159.2401770000
45379877577,159.2101540000
45382215232,159.1838840000
45384552869,159.1608980000
45386890505,159.1407850000
45389228160,159.1231860000
45391565796,159.1077870000
45393903432,159.0943130000
45396241087,159.0825230000
45398578724,159.0722070000
45400916360,159.0631810000
45403254015,159.0552830000
45405591651,159.0483720000
45407929287,159.0423250000
45410266943,159.0370340000
45412604579,159.0324040000
45414942215,159.0283530000
45417279870,159.0248080000
45419617506,159.0217070000
45421955142,159.0189930000
45424292798,159.0166180000
45426630434,159.0145400000
45428968070,158.8877220000
45431305725,158.9017560000
45433643361,158.9140360000
45435980997,158.6747810000
45438318653,158.5904330000
45440656289,158.5166280000
45442993925,158.3270490000
45445331580,158.2861670000
45448816434,158.3753960000
45451154090,158.4534710000
45453491726,158.5217870000
45455829362,158.5815630000
45458167017,158.6338670000
45460504653,158.6796330000
45462842289,158.7196780000
45465179945,158.7547180000
45467517581,158.7853780000
45469855217,158.8122050000
45472192872,158.8356790000
45474530508,158.8562190000
45476868145,158.8741910000
45479205800,158.8899170000
45481543436,158.9036770000
45483881072,158.9157170000
45486218727,158.9262520000
45488556363,158.9354700000
45490894000,158.9435360000
45493231655,158.9505940000
45495569291,158.9567690000
45497906927,158.9621720000
45500244582,158.9669000000
45502582219,158.9710370000
45504919855,158.9746570000
45507257510,158.9778240000
45509595146,158.9805960000
45513080000,159.2330210000
45515417656,159.3288930000
45517755292,159.5377810000
45520092947,159.8455580000
45522430583,159.9898630000
45524768219,160.1161300000
45527105874,160.3516130000
45528296293,160.3076610000
45530633929,160.2692030000
45532971565,160.2355520000
45535309220,160.2061080000
45537646856,160.1803440000
45539984492,160.1578010000
45542322148,160.1380750000
45544659784,160.1208150000
45546997420,160.1057130000
45549335075,160.0924980000
45551672711,160.0809350000
45554010347,160.1958180000
45556348003,160.1713400000
45558685639,160.1499220000
45561023275,160.2561810000
45563360930,160.2241580000
45565698566,160.1961380000
45568036203,160.2966200000
45570373858,160.2595420000
45572711494,160.2270990000
45575049130,160.3237110000
45577386785,160.2832470000
45579724421,160.2478410000
45582062058,160.3418600000
45584399713,160.2991270000
45586737349,160.2617360000
45589074985,160.3540190000
45591412640,160.3097660000
45592603059,160.1460450000
45594940695,160.0027890000
45597278350,159.8774400000
45599615986,159.7677600000
45601953622,159.6717900000
45604291277,159.5878160000
45606628914,159.3893390000
45608966550,159.0906710000
45611304205,158.9543370000
45613641841,158.8350440000
45615979477,158.6056630000
45618317133,158.5299550000
45620654769,158.4637100000
45622992405,158.2807460000
45625330060,158.2456520000
45627667696,158.2149450000
45630005332,158.1880760000
45632342988,158.1645660000
45634680624,158.1439950000
45637018260,158.1259950000
45639355915,158.1102450000
45641693551,158.0964640000
45644031187,158.0844060000
45646368843,158.0738550000
45648706479,158.0646230000
45651044115,158.0565450000
45654528988,158.1744760000
45656866625,158.2776660000
45659204280,158.3679570000
45661541916,158.4469620000
45663879552,158.5160910000
45666217207,158.5765790000
45668554843,158.6295060000
45670892480,158.4258170000
45673230135,158.3725890000
45675567771,158.3260150000
45677905407,158.1602630000
45680243062,158.1402300000
45682580699,158.1227010000
45684918335,157.9823630000
45687255990,158.1095670000
45689593626,158.2208710000
45691931262,158.3182620000
45694268918,158.4034790000
45696606554,158.4780440000
45698944190,158.5432880000
45701281845,158.6003770000
45703619481,158.6503290000
45705957117,158.6940370000
45708294773,158.7322820000
45710632409,158.7657460000
45712970045,158.6700270000
45715307700,158.7112730000
45718792554,158.8723630000
45721130210,159.0133170000
45723467846,159.1366520000
45725805482,159.2445700000
45728143137,159.3389980000
45730480773,159.4216230000
45732818410,159.4939200000
45735156065,159.5571800000
45737493701,159.6125320000
45739831337,159.6609650000
45742168992,159.7033440000
45744506629,159.7404260000
45746844265,159.7728720000
45749181920,159.8012630000
45751519556,159.8261050000
45753857192,159.9728410000
45756194847,160.2262350000
45758532484,160.3229550000
45760870120,160.4075850000
45763207775,160.6066360000
45765545411,160.6558060000
45767883047,160.6988300000
45770220703,160.8614760000
45772558339,160.8787910000
45774895975,160.8939420000
45777233630,161.0321990000
45779571266,161.0281740000
45781908902,161.0246520000
45784246558,161.1465700000
45786584194,161.1282480000
45788921830,161.1122170000
45791259485,161.0981890000
45793597121,161.0859150000
45795934758,161.0751750000
45798272413,161.0657780000
45799462831,160.9325550000
45801800467,160.8159850000
45804138122,160.7139860000
45806475759,160.6247370000
45808813395,160.7966440000
45811151050,161.0720630000
45813488686,161.1880550000
45815826322,161.1645480000
45818163977,161.2689790000
45820501614,161.2353560000
45822839250,161.2059360000
45825176905,161.3051940000
45827514541,161.2670440000
45829852177,161.2336630000
45832189833,161.3294550000
45834527469,161.2882730000
45836865105,161.2522380000
45839202760,161.3457080000
45841540396,161.3024940000
45843878033,161.2646820000
45846215688,161.3565960000
45848553324,161.3120210000
45850890960,161.2730180000
45853228615,161.3638900000
45855566251,161.3184030000
45857903888,161.2786020000
45860241543,161.3687760000
45862579179,161.3226790000
45864916815,161.2823440000
45867254470,161.3720510000
45869592107,161.3255440000
45871929743,161.2848510000
45874267398,161.3742440000
45876605034,161.3274630000
45878942670,161.1615300000
45881280326,161.0163380000
45883617962,160.8892950000
45885955598,160.7781330000
45888293253,160.6808660000
45890630889,160.5957570000
45892968526,160.5212870000
45895306181,160.4561260000
45897643817,160.3991100000
45899981453,160.3492210000
45902319108,160.3055680000
45904656745,160.2673720000
45906994381,160.2339500000
45909332036,160.2047060000
45911669672,160.1791170000
45914007308,160.2817270000
45916344964,160.2465110000
45918682600,160.2156970000
45921020236,160.3137340000
45923357891,160.2745170000
45926842745,160.3652020000
45929180401,160.5695510000
45931518037,160.6233570000
45933855673,160.6704370000
45936193328,160.8366320000
45938530964,160.8570530000
45940868600,160.8749210000
45943206256,161.0155550000
45945543892,161.0136100000
45947881528,161.0119080000
45950219183,161.1354190000
45952556819,161.1184910000
45954894456,161.1036790000
45957232111,161.2157190000
45959569747,161.1887540000
45961907383,161.2901590000
45964245038,161.5038890000
45966582675,161.5659020000
45968920311,161.6201640000
45971257966,161.7926430000
45973595602,161.8185620000
45975933238,161.8412410000
45978270894,161.9860850000
45980608530,161.9878240000
45982946166,161.9893460000
45985283821,162.1156770000
45987621457,162.1012170000
45989959094,162.0885640000
45992296749,162.2024930000
45994634385,162.1771810000
45996972021,162.1550330000
45999309676,162.2606530000
46001647313,162.2280710000
46003984949,162.1995620000
46006322604,162.2996160000
46007513022,162.1371640000
46009850658,161.9950180000
46012188313,161.9956400000
46014525950,161.8711850000
46016863586,161.7622860000
46019201241,161.7920000000
46021538877,161.6930000000
46023876513,161.6063750000
46026214169,161.6555780000
46028551805,161.5736300000
46030889441,161.5019260000
46033227096,161.5641850000
46035564732,161.4936610000
46037902369,161.4319530000
46040240024,161.5029580000
46042577660,161.4400880000
46044915296,161.3850770000
46047252951,161.4619420000
46049590588,161.4041990000
46051928224,161.3536740000
46054265879,161.4344640000
46056603515,161.3801560000
46058941151,161.3326360000
46061278807,161.4160560000
46063616443,161.3640490000
46065954079,161.3185420000
46068291734,161.4037240000
46070629370,161.3532580000
46072967007,161.3091000000
46075304662,161.2704620000
46077642298,161.2366540000
46079979934,161.2070720000
46082317589,161.1811880000
46084655226,161.1585390000
46086992862,161.0137210000
46089330517,160.8870050000
46091668153,160.7761290000
46094005789,160.8041120000
46096343445,160.7035980000
46098681081,160.6156480000
46102165954,160.7886920000
46104503590,160.8151050000
46106841226,160.8382160000
46109178882,160.9834390000
46111516518,160.9855090000
46113854154,160.9873200000
46116191809,161.1139050000
46118529445,161.0996660000
46120867082,161.0872070000
46123204737,161.2013060000
46125542373,161.1761420000
46127880009,161.1541240000
46130217665,161.2598580000
46132555301,161.2273750000
46134892937,161.1989530000
46137230592,161.2990830000
46139568228,161.2616970000
46141905864,161.2289840000
46144243520,161.3253610000
46146581156,161.2846900000
46148918792,161.2491030000
46151256447,161.3429650000
46153594083,161.3000940000
46155931720,161.2625820000
46158269375,161.3547590000
46160607011,161.3104140000
46164091865,161.5216120000
46166429521,161.7064100000
46168767157,161.7431080000
46171104812,162.0252190000
46173442448,162.2720660000
46175780084,162.3630570000
46178117740,162.5676740000
46180455376,162.7467140000
46182793012,162.7783740000
46183983430,162.6810770000
46186321085,162.7209420000
46188658721,162.6308240000
46190996358,162.5519710000
46193334013,162.6079740000
46195671649,162.5319770000
46198009285,162.5904790000
46200346941,162.6416690000
46202684577,162.5614600000
46205022213,162.6162770000
46207359868,162.6642420000
46209697504,162.5812110000
46212035140,162.6335590000
46214372796,162.6793640000
46216710432,162.5944430000
46219048068,162.6451370000
46221385723,162.6894940000
46223723360,162.6033070000
46226060996,162.6528930000
46228398651,162.6962810000
46230736287,162.6092450000
46233073923,162.6580890000
46235411579,162.7008270000
46237749215,162.6132230000
46240086851,162.6615700000
46242424506,162.7038730000
46243614924,162.4908880000
46245952560,162.3045270000
46248290216,162.2664610000
46250627852,162.1081530000
46252965488,161.9696330000
46255303143,161.8484280000
46257640779,161.7423740000
46259978416,161.6495770000
46262316071,161.4433790000
46264653707,161.2629560000
46266991343,161.1050860000
46269328999,160.9669500000
46271666635,160.8460810000
46274004271,160.8653200000
46276341926,160.7571550000
46278679562,160.6625100000
46281017199,160.7046960000
46283354854,160.6166090000
46285692490,160.5395320000
46288030126,160.5970900000
46290367781,160.5224530000
46292705418,160.4571460000
46295043054,160.5250020000
46297380709,160.4593760000
46299718345,160.4019540000
46302055981,160.4767090000
46304393637,160.4171200000
46306731273,160.3649800000
46309068909,160.4443570000
46312553782,160.5138120000
46314891419,160.5745850000
46317229074,160.7527610000
46319566710,160.7836650000
46321904346,160.8107060000
46324242001,160.7093670000
46326579638,160.6206960000
46328917274,160.5431090000
46331254929,160.4752200000
46333592565,160.4158170000
46335930201,160.3638390000
46338267857,160.3183590000
46340605493,160.2785640000
46342943129,160.2437430000
46345280784,160.4632750000
46347618420,160.5303650000
46349956057,160.5890690000
46352293712,160.7654350000
46354631348,160.7947550000
46356968984,160.8204100000
46359306639,160.8428580000
46361644276,160.8625000000
46363981912,160.8796870000
46366319567,160.8947260000
46368657203,160.9078850000
46370994839,160.9193990000
46373332495,160.9294740000
46376817349,161.0632890000
46379155004,161.3053770000
46381492640,161.3922040000
46383830277,161.4681780000
46386167932,161.6596550000
46388505568,161.7021980000
46390843204,161.7394230000
46393180860,161.8969950000
46394371278,161.7848700000
46396708914,161.6867610000
46399046550,161.7259150000
46401384205,161.6351750000
46403721841,161.5557780000
46406059478,161.7363050000
46408397133,161.8942660000
46410734769,161.9074820000
46413072405,162.0440460000
46415410060,162.1635400000
46417747697,162.1430970000
46420085333,162.2502090000
46422422988,162.3439320000
46424760624,162.3009400000
46427098260,162.3883220000
46429435916,162.4647810000
46431773552,162.4066830000
46434111207,162.4808470000
46436448843,162.4207410000
46438786480,162.3681480000
46441124135,162.4471290000
46443461771,162.3912370000
46445799407,162.3423320000
46448137062,162.4245400000
46450474699,162.3714720000
46452812335,162.3250380000
46455149990,162.4094080000
46457487626,162.3582320000
46459825262,162.3134530000
46462162918,162.3992710000
46464500554,162.3493620000
46466838190,162.3056910000
46469175845,162.3924790000
46471513482,162.3434190000
46473851118,162.1754910000
46476188773,162.1535540000
46478526409,162.0093590000
46480864045,161.8831890000
46483201701,161.8977900000
46485539337,161.7855660000
46487876973,161.6873700000
46490214628,161.7264480000
46492552264,162.0106420000
46494889901,162.1343110000
46497227556,162.3675220000
46499565192,162.5715810000
46501902828,162.6251330000
46504240484,162.7969910000
46506578120,162.9473670000
46508915756,162.9539460000
46511253411,163.0847020000
46513591047,163.1991140000
46515928684,163.1742240000
46518266339,163.2774460000
46520603975,163.3677650000
46524088829,163.5717940000
46526426485,163.7503190000
46528764121,163.9065290000
46531101757,164.0432120000
46533439412,164.1628100000
46535777048,164.2674580000
46538114704,164.3590250000
46540452340,164.3141460000
46542789976,164.1498770000
46545127631,164.1311420000
46547465267,164.1147490000
46549802904,163.9754050000
46552140559,163.9784790000
46554478195,163.9811690000
46556815831,163.8585220000
46559153487,164.0012060000
46561491123,164.1260550000
46563828759,164.1102980000
46566166414,164.2215100000
46568504050,164.3188210000
46570841687,164.2789680000
46573179342,164.3690970000
46575516978,164.4479590000
46577854614,164.3919640000
46580192269,164.4679680000
46582529906,164.5344720000
46584867542,164.4676630000
46587205197,164.5342050000
46589542833,164.5924290000
46591880470,164.5183750000
46594218125,164.5785780000
46596555761,164.6312550000
46598893397,164.5523480000
46601231052,164.6083040000
46603568689,164.6572660000
46604759107,164.4501070000
46607096743,164.3938430000
46609434398,164.3446120000
46611772034,164.1765350000
46614109690,164.1544680000
46616447326,164.1351590000
46618784962,163.9932640000
46621122617,163.9941060000
46623460253,163.9948420000
46625797890,163.8704860000
46628135545,163.8866750000
46630473181,163.9008400000
46632810817,163.7882350000
46635148473,163.8147050000
46637486109,163.8378660000
46639823745,163.7331320000
46642161400,163.7664900000
46644499036,163.7956780000
46646836673,163.6962180000
46649174328,163.7341900000
46651511964,163.7674160000
46653849600,163.6714890000
46656187256,163.7125520000
46658524892,163.7484830000
46660862528,163.6549220000
46663200183,163.6980560000
46665537819,163.7357990000
46667875456,163.6438240000
46670213111,163.6883460000
46672550747,163.7273020000
46674888383,163.6363890000
46677226038,163.6818400000
46679563675,163.7216100000
46681901311,163.6314080000
46684238966,163.6774820000
46686576602,163.4677960000
46688914239,163.2843210000
46691251894,163.2487800000
46693589530,163.0926820000
46695927166,162.9560960000
46698264821,162.9615840000
46700602458,162.8413860000
46702940094,162.7362120000
46705277749,162.7691850000
46707615385,162.6730360000
46709953021,162.5889060000
46712290677,162.6402920000
46714628313,162.5602550000
46716965949,162.4902230000
46719303604,162.5539450000
46721641241,162.4847010000
46723978877,162.4241130000
46726316532,162.4960980000
46728654168,162.4340850000
46730991804,162.3798240000
46733329460,162.4573460000
46736814314,162.5251770000
46739151969,162.7095290000
46741489606,162.8708370000
46743827242,162.8869820000
46746164897,163.0261090000
46748502533,163.1478450000
46750840169,163.1293640000
46753177825,163.2381930000
46755515461,163.3334180000
46757853097,163.2917400000
46760190752,163.3802720000
46762528388,163.4577380000
46764866025,163.4005200000
46767203680,163.4754550000
46769541316,163.6660230000
46771878952,163.7077700000
46774216608,163.8692980000
46776554244,164.0106350000
46778891880,164.0093050000
46781229535,164.1331410000
46783567171,164.2414980000
46785904808,164.2113100000
46788242463,164.3098960000
46790580099,164.3961590000
46792917735,164.3466390000
46795255391,164.4283090000
46797593027,164.4997700000
46799930663,164.4372980000
46802268318,164.5076350000
46804605954,164.5691800000
46806943591,164.4980320000
46809281246,164.5607780000
46811618882,164.6156800000
46813956518,164.5387200000
46816294174,164.5963800000
46818631810,164.6468320000
46820969446,164.5659780000
46823307101,164.6202300000
46825644737,164.6677010000
46827982374,164.5842380000
46830320029,164.6362080000
46832657665,164.6816820000
46834995301,164.5964710000
46837332957,164.6469120000
46839670593,164.6910480000
46842008229,164.7296670000
46844345884,164.7634580000
46846683520,164.7930250000
46849021157,164.8188960000
46851358812,164.8415340000
46853696448,164.8613420000
46856034084,164.8786740000
46858371740,164.8938390000
46860709376,164.9071090000
46863047012,164.9187200000
46865384667,164.9288800000
46867722304,164.9377700000
46870059940,164.9455480000
46872397595,164.9523540000
46874735231,164.9583090000
46877072867,164.9635200000
46879410523,164.9680800000
46881748159,164.9720700000
46884085795,164.9755610000
46886423450,164.9786150000
46888761087,164.9812880000
46891098723,164.9836270000
46893436378,164.9856730000
46895774014,164.9874630000
46898111669,164.9890300000
46900449306,164.8654010000
46902786942,164.6322250000
46905124597,164.5531960000
46907462233,164.4840460000
46909799870,164.2985400000
46912137525,164.2612220000
46914475161,164.2285690000
46916812797,164.0749970000
46919150453,164.0656220000
46921488089,164.0574190000
46923825725,163.9252410000
46926163380,163.9345850000
46928501016,163.9427610000
46930838653,163.8249150000
46933176308,163.8468000000
46935513944,163.8659500000
46937851580,163.7577060000
46940189236,163.7879920000
46942526872,163.8144930000
46944864508,163.7126810000
46947202163,163.7485950000
46949539799,163.7800200000
46951877436,163.6825170000
46954215091,163.7222020000
46956552727,163.7569260000
46958890363,163.6623100000
46961228019,163.7045210000
46963565655,163.7414550000
46965903291,163.6487730000
46968240946,163.6926760000
46970578582,163.7310910000
46972916219,163.6397040000
46975253874,163.6847410000
46977591510,163.7241480000
46979929146,163.6336290000
46982266802,163.6794250000
46984604438,163.7194960000
46986942074,163.6295590000
46989279729,163.6758640000
46991617366,163.7163810000
46993955002,163.6268330000
46996292657,163.6734780000
46998630293,163.7142930000
47000967929,163.6250060000
47003305585,163.6718800000
47005643221,163.5878950000
47007980857,163.5144080000
47010318512,163.5751070000
47012656149,163.5032180000
47014993785,163.4403150000
47017331440,163.5102750000
47019669076,163.4464900000
47022006712,163.5156780000
47024344368,163.5762180000
47026682004,163.5041900000
47029019640,163.5661660000
47031357295,163.6203950000
47033694932,163.5428450000
47036032568,163.5999890000
47038370223,163.6499900000
47040707859,163.5687410000
47043045496,163.6226480000
47045383151,163.6698170000
47047720787,163.5860890000
47050058423,163.6378270000
47052396079,163.6830980000
47054733715,163.5977100000
47057071351,163.6479960000
47059409006,163.6919960000
47061746642,163.6054960000
47064084279,163.6548090000
47066421934,163.6979570000
47068759570,163.6107120000
47071097206,163.6593730000
47073434862,163.7019510000
47075772498,163.6142070000
47078110134,163.6624310000
47080447789,163.7046270000
47082785426,163.6165480000
47085123081,163.6644790000
47087460717,163.7064190000
47089798353,163.6181160000
47092136009,163.6658510000
47094473645,163.7076190000
47096811281,163.6191660000
47099148936,163.6667700000
47101486572,163.7084230000
47103824209,163.6198700000
47106161864,163.6673860000
47108499500,163.7089620000
47110837136,163.6203410000
47113174792,163.6677980000
47115512428,163.7093230000
47117850064,163.6206570000
47120187719,163.6680740000
47122525355,163.7095640000
47124862992,163.6208680000
47127200647,163.6682590000
47129538283,163.7097260000
47131875919,163.6210100000
47134213575,163.6683830000
47136551211,163.7098350000
47138888847,163.6211050000
47141226502,163.6684660000
47143564139,163.7099070000
47145901775,163.6211680000
47148239430,163.6685220000
47150577066,163.7099560000
47152914703,163.6212110000
47155252358,163.6685590000
47157589994,163.7099890000
47159927630,163.6212400000
47162265285,163.6685850000
47164602922,163.7100110000
47166940558,163.6212590000
47169278213,163.6686010000
47171615849,163.7100250000
47173953486,163.6212710000
47176291141,163.6686120000
47178628777,163.7100350000
47180966413,163.6212800000
47184451287,163.7936200000
47186788923,163.8194170000
47189126578,163.9669890000
47191464214,164.0961150000
47193801851,164.0841000000
47196139506,164.1985870000
47198477142,164.2987630000
47200814778,164.2614170000
47203152434,164.3537390000
47205490070,164.4345210000
47207827706,164.3802050000
47210165361,164.4576790000
47212502998,164.5254690000
47214840634,164.8347850000
47217178289,165.1054360000
47219515925,165.3422560000
47221853561,165.5494740000
47224191217,165.7307890000
47226528853,165.8894400000
47228866489,166.0282600000
47231204144,166.1497270000
47233541781,166.2560110000
47235879417,166.3490090000
47238217072,166.4303820000
47240554708,166.5015840000
47242892345,166.5638860000
47245230000,166.6184000000
47247567636,166.6661000000
47249905272,166.7078370000
47252242928,166.7443570000
47254580564,166.7763120000
47256918200,166.8042730000
47259255855,166.8287380000
47261593492,166.8501450000
47263931128,166.8688760000
47266268783,166.8852660000
47267459201,166.7746070000
47269796837,166.6777810000
47272134493,166.5930580000
47274472129,166.5189250000
47276809765,166.4540590000
47279147420,166.3973010000
47281485057,166.3476380000
47283822693,166.3041830000
47286160348,166.2661600000
47288497984,166.2328900000
47290835620,166.2037780000
47293173276,166.1783050000
47295510912,166.1560160000
47297848548,166.1365140000
47300186203,166.1194490000
47302523840,166.1045170000
47304861476,166.0914520000
47307199131,166.0800200000
47309536767,166.0700170000
47311874404,166.0612640000
47314212059,166.0536060000
47316549695,166.0469050000
47318887331,166.0410410000
47321224987,166.0359100000
47323562623,166.0314210000
47325900259,166.0274930000
47328237914,166.0240560000
47330575551,166.0210490000
47332913187,166.0184170000
47335250842,166.0161140000
47337588478,166.0140990000
47339926114,166.0123360000
47342263770,166.0107940000
47344601406,166.0094440000
47346939042,166.0082630000
47349276698,165.8822300000
47351614334,165.7719510000
47353951970,165.5504570000
47356289625,165.4816490000
47358627261,165.4214420000
47360964898,165.2437610000
47363302553,165.2132900000
47365640189,165.1866280000
47367977825,165.0382990000
47370315481,165.0335110000
47372653117,165.0293220000
47374990753,164.9006560000
47377328408,164.9130740000
47379666045,164.9239390000
47382003681,164.9334460000
47384341336,164.9417650000
47386678972,164.9490440000
47389016609,164.9554130000
47391354264,164.9609860000
47393691900,164.9658620000
47396029536,164.9701290000
47398367192,164.9738620000
47400704828,164.9771290000
47404189701,165.1049870000
47406527337,165.2168630000
47408864974,165.3147550000
47411202629,165.4004100000
47413540265,165.4753580000
47415877901,165.5409380000
47418215557,165.5983200000
47420553193,165.6485300000
47422890829,165.6924630000
47425228484,165.7309050000
47427566121,165.7645410000
47429903757,165.7939730000
47432241412,165.8197260000
47434579048,165.9672600000
47436916685,166.0963520000
47439254340,166.2093080000
47441591976,166.3081440000
47443929612,166.3946260000
47446267268,166.4702970000
47448604904,166.5365090000
47450942540,166.5944450000
47453280195,166.6451390000
47455617832,166.6894960000
47457955468,166.7283090000
47460293123,166.7622700000
47462630759,166.7919860000
47464968395,166.8179870000
47467306051,166.8407380000
47469643687,166.8606450000
47471981323,166.8780640000
47474318979,166.8933060000
47476656615,166.9066420000
47478994251,166.9183110000
47481331906,166.9285220000
47483669542,166.9374560000
47486007179,167.0702740000
47487197616,166.9364890000
47489535252,166.8194270000
47491872888,166.7169980000
47494210544,166.6273730000
47496548180,166.5489510000
47498885816,166.4803320000
47501223471,166.4202900000
47503561108,166.3677530000
47505898744,166.3217830000
47508236399,166.2815600000
47510574035,166.2463650000
47512911672,166.2155690000
47515249327,166.1886220000
47517586963,166.1650440000
47519924599,166.1444130000
47522262255,166.1263610000
47524599891,166.1105650000
47526937527,166.0967440000
47529275182,166.0846510000
47531612819,166.0740690000
47533950455,166.0648100000
47536288110,166.0567080000
47538625746,166.0496190000
47540963382,166.0434160000
47544448256,166.1629890000
47546785892,166.2676150000
47549123547,166.3591630000
47551461184,166.4392670000
47553798820,166.5093580000
47556136475,166.5706880000
47558474111,166.6243520000
47560811748,166.6713080000
47563149403,166.7123940000
47565487039,166.7483440000
47567824675,166.7798010000
47570162331,166.6823250000
47572499967,166.5970340000
47574837603,166.5224040000
47577175258,166.4571030000
47579512895,166.3999650000
47581850531,166.3499690000
47584188186,166.3062220000
47586525822,166.2679440000
47588863459,166.2344510000
47591201114,166.2051440000
47593538750,166.1795010000
47595876386,166.1570630000
47598214042,166.1374300000
47600551678,166.1202510000
47602889314,166.1052190000
47605226969,166.0920660000
47607564606,166.0805570000
47609902242,166.0704870000
47612239897,166.0616760000
47614577533,166.0539660000
47616915170,166.0472200000
47619252825,166.0413170000
47621590461,166.0361520000
47625075315,166.2816330000
47627412971,166.3714280000
47628603389,166.3249990000
47630941025,166.2843740000
47633278680,166.2488270000
47635616317,166.2177230000
47637953953,166.1905070000
47640291608,166.1666930000
47642629244,166.1458560000
47644966881,166.1276240000
47647304536,166.1116710000
47649642172,166.0977120000
47651979808,165.9604980000
47654317464,166.0904350000
47656655100,166.2041300000
47658992736,166.3036130000
47661330391,166.3906610000
47663668028,166.4668280000
47666005664,166.6584740000
47668343319,166.7011640000
47670680955,166.7385180000
47673018592,166.8962030000
47675356247,166.9091770000
47677693883,166.9205290000
47680031519,167.0554620000
47682369175,167.0485290000
47684706811,167.0424620000
47687044447,167.1621540000
47689382102,167.1418840000
47691719739,167.1241480000
47694057375,167.2336290000
47696395030,167.2044250000
47698732666,167.1788710000
47701070303,167.2815120000
47703407958,167.2463230000
47705745594,167.2155320000
47706936012,167.0635900000
47709273668,166.8056410000
47711611304,166.5799350000
47713948940,166.2574430000
47716286595,166.1002620000
47718624232,165.9627290000
47720961868,165.7173870000
47723299523,165.6277130000
47725637159,165.5492480000
47727974795,165.3555920000
47730312451,165.3111430000
47732650087,165.2722500000
47734987723,165.1132180000
47737325379,165.0990650000
47739663015,165.0866810000
47742000651,165.0758450000
47744338306,165.0663640000
47746675943,165.0580680000
47749013579,165.0508090000
47751351234,165.0444570000
47753688870,165.0388990000
47756026507,165.0340360000
47758364162,165.0297810000
47760701798,165.0260580000
47764186671,165.1478000000
47766524308,165.2543250000
47768861944,165.3475340000
47771199599,165.4290920000
47773537235,165.5004550000
47775874872,165.5628980000
47778212527,165.6175350000
47780550163,165.6653430000
47782887799,165.7071750000
47785225455,165.7437780000
47787563091,165.7758050000
47789900727,165.5538290000
47792238383,165.4846000000
47794576019,165.5490250000
47796913655,165.6053960000
47799251310,165.6547210000
47801588947,165.6978800000
47803926583,165.7356450000
47806264238,165.7686890000
47808601874,165.7976020000
47810939511,165.8229010000
47813277166,165.8450380000
47815614802,165.8644080000
47817952438,165.8813570000
47820290094,165.8961870000
47822627730,165.9091630000
47824965366,165.9205170000
47827303021,165.9304520000
47829640658,165.9391450000
47831978294,165.8217510000
47834315949,165.8440320000
47836653585,165.8635280000
47838991222,165.7555870000
47841328877,165.7861380000
47843666513,165.8128700000
47847151387,165.9612610000
47848341805,165.9661030000
47850679441,165.9703400000
47853017077,165.9740470000
47855354732,165.9772910000
47857692369,165.9801290000
47860030005,165.9826120000
47862367660,165.9847850000
47864705296,165.9866860000
47867042933,165.9883500000
47869380588,165.9898060000
47871718224,165.9910800000
47874055860,166.2421950000
47876393516,166.3369200000
47878731152,166.4198050000
47881068788,166.6173290000
47883406444,166.6651620000
47885744080,166.7070160000
47888081716,166.8686390000
47890419371,166.8850590000
47892757008,166.8994260000
47895094644,167.0369970000
47897432299,167.0323720000
47899769935,167.0283250000
47902107572,167.1497840000
47904445227,167.1310610000
47907930081,167.2396780000
47910267737,167.3347180000
47912605373,167.4178780000
47914943009,167.4906430000
47917280664,167.5543120000
47919618301,167.6100230000
47921955937,167.6587700000
47924293592,167.7014230000
47926631228,167.7387450000
47928968865,167.7714010000
47930159302,167.5499750000
47932496938,167.3562280000
47934834574,167.4366990000
47937172230,167.6321110000
47939509866,167.6780970000
47941847502,167.7183340000
47944185157,167.8785420000
47946522794,167.8937240000
47948860430,167.9070080000
47951198085,168.0436320000
47953535721,168.0381780000
47955873358,168.0334050000
47958211013,168.1542290000
47960548649,168.1349500000
47962886285,168.1180810000
47965223941,168.2283200000
47967561577,168.1997800000
47969899213,168.1748070000
47972236868,168.2779560000
47974574505,168.2432110000
47976912141,168.2128090000
47979249796,168.3112070000
47981587432,168.2723060000
47983925069,168.2382670000
47987409942,168.4584830000
47989747578,168.5261720000
47990937996,168.4604000000
47993275652,168.5278500000
47995613288,168.4618680000
47997950924,168.4041340000
48000288580,168.4786170000
48002626216,168.4187890000
48004963852,168.3664400000
48007301507,168.4456350000
48009639144,168.3899300000
48011976780,168.3411880000
48014314435,168.1735390000
48016652071,168.1518460000
48018989708,168.1328650000
48021327363,168.1162560000
48023664999,168.1017240000
48026002635,168.2140080000
48028340291,168.1872570000
48030677927,168.1638490000
48033015563,168.2683670000
48035353219,168.2348210000
48037690855,168.2054680000
48040028491,168.3047840000
48042366146,168.2666860000
48044703783,168.2333500000
48047041419,168.3291810000
48049379074,168.2880330000
48051716710,168.2520280000
48054054347,168.3455240000
48056392002,168.3023330000
48058729638,168.2645410000
48061067274,168.3564730000
48063404930,168.3119130000
48065742566,168.2729230000
48068080202,168.3638070000
48070417857,168.3183310000
48072755494,168.2785390000
48075093130,168.2437210000
48077430785,168.0882550000
48079768422,167.9522230000
48082106058,167.9581950000
48084443713,167.8384200000
48086781349,167.7336170000
48089118986,167.7669140000
48091456641,167.6710490000
48093794277,167.5871670000
48096131913,167.6387710000
48098469569,167.6839240000
48100807205,167.7234330000
48103144860,167.8830030000
48105482496,167.8976270000
48107820133,167.9104230000
48110157788,168.0466200000
48112495424,168.0407920000
48114833060,168.0356930000
48117170716,168.1562310000
48119508352,168.1367020000
48121845988,168.1196140000
48124183644,168.2296620000
48126521280,168.2009540000
48130006134,168.4258340000
48132343790,168.6226040000
48134681426,168.6697780000
48137019062,168.8360550000
48139356717,168.9815480000
48141694354,168.9838540000
48144031990,169.1108720000
48146369645,169.2220130000
48148707281,169.1942610000
48151044918,169.2949780000
48153382573,169.3831050000
48155720209,169.2102160000
48158057845,169.1839390000
48160395501,169.2859460000
48162733137,169.2502020000
48165070773,169.3439260000
48167408429,169.4259350000
48169746065,169.3726930000
48172083701,169.4511060000
48174421356,169.5197170000
48176758993,169.4547520000
48179096629,169.5229080000
48181434284,169.5825440000
48183771920,169.5097260000
48186109557,169.5710100000
48188447212,169.6246330000
48190784848,169.5465530000
48193122484,169.6032330000
48195460140,169.5278280000
48197797776,169.4618490000
48200135412,169.5291170000
48202473068,169.4629770000
48204810704,169.4051040000
48207148359,169.4794660000
48209485995,169.4195320000
48211823632,169.3670900000
48214161287,169.4462030000
48216498923,169.3904270000
48218836559,169.3416230000
48221174215,169.4239200000
48223511851,169.3709300000
48225849487,169.3245630000
48228187143,169.4089920000
48230524779,169.3578680000
48232862415,169.3131340000
48235200070,169.3989920000
48237537707,169.3491180000
48239875343,169.3054780000
48242212998,169.3922930000
48244550634,169.3432560000
48246888271,169.3003490000
48249225926,169.3878050000
48251563562,169.3393290000
48253901198,169.2969120000
48256238854,169.3847980000
48258576490,169.3366980000
48260914126,169.2946100000
48263251782,169.3827830000
48265589418,169.3349350000
48267927054,169.2930680000
48270264709,169.3814340000
48272602346,169.3337540000
48274939982,169.2920340000
48277277637,169.3805290000
48279615273,169.3329620000
48281952910,169.2913410000
48284290565,169.3799230000
48286628201,169.3324320000
48288965838,169.2908780000
48291303493,169.3795180000
48293641129,169.3320780000
48295978765,169.2905680000
48298316421,169.1292470000
48300654057,168.9880910000
48302991693,168.8645790000
48305329348,168.7565060000
48307666985,168.6619420000
48310004621,168.7041990000
48312342276,168.6161740000
48314679913,168.5391520000
48317017549,168.5967580000
48319355204,168.5221630000
48321692840,168.4568920000
48324030477,168.5247800000
48326368132,168.4591820000
48328705768,168.4017840000
48331043404,168.4765610000
48333381060,168.4169900000
48335718696,168.3648660000
48338056332,168.4442570000
48340393988,168.3887240000
48342731624,168.3401330000
48345069260,168.4226160000
48347406915,168.3697890000
48349744552,168.3235650000
48352082188,168.4081190000
48354419843,168.3571040000
48356757479,168.3124660000
48359095116,168.3984070000
48361432771,168.3486060000
48363770407,168.3050300000
48366108044,168.3919010000
48368445699,168.3429130000
48370783335,168.3000480000
48373120971,168.3875420000
48375458627,168.3390990000
48377796263,168.2967110000
48380133899,168.3846220000
48382471554,168.3365440000
48384809191,168.2944760000
48387146846,168.3826660000
48389484482,168.3348320000
48391822119,168.2929780000
48394159774,168.3813550000
48396497410,168.3336850000
48398835046,168.2919740000
48401172702,168.3804770000
48403510338,168.3329170000
48405847974,168.2913020000
48408185630,168.3798890000
48410523266,168.3324020000
48412860902,168.2908510000
48415198557,168.3794940000
48417536194,168.3320570000
48419873830,168.2905490000
48422211485,168.3792300000
48424549121,168.3318260000
48426886758,168.2903470000
48429224413,168.3790530000
48431562049,168.3316710000
48433899686,168.2902120000
48436237341,168.3789350000
48438574977,168.3315680000
48440912613,168.2901220000
48443250269,168.3788560000
48445587905,168.3314990000
48447925541,168.2900610000
48450263197,168.3788030000
48452600833,168.3314520000
48454938469,168.2900200000
48457276124,168.3787670000
48459613761,168.3314210000
48461951397,168.2899930000
48464289052,168.3787430000
48466626688,168.3314000000
48468964325,168.2899750000
48471301980,168.3787280000
48473639616,168.3313870000
48475977252,168.2899630000
48478314908,168.2537170000
48480652544,168.2220020000
48482990180,168.1942510000
48485327836,168.1699690000
48487665472,168.1487220000
48490003108,168.2551310000
48492340764,168.2232390000
48494678400,168.1953340000
48497016036,168.2959170000
48499353691,168.2589270000
48501691328,168.2265610000
48504028964,168.3232400000
48506366619,168.2828350000
48508704255,168.2474800000
48511041892,168.3415450000
48513379547,168.2988510000
48515717183,168.2614940000
48518054820,168.3538070000
48520392475,168.3095810000
48522730111,168.2708830000
48525067747,168.3620220000
48527405403,168.3167690000
48529743039,168.2771720000
48532080675,168.3675250000
48534418331,168.3215840000
48536755967,168.2813860000
48539093603,168.3712120000
48541431258,168.3248100000
48543768895,168.2842080000
48546106531,168.3736820000
48548444186,168.3269710000
48550781822,168.2860990000
48553119459,168.3753360000
48555457114,168.3284190000
48557794750,168.2873660000
48560132387,168.3764450000
48562470042,168.3293890000
48564807678,168.2882150000
48567145334,168.3771880000
48569482970,168.3300390000
48571820606,168.2887840000
48574158261,168.3776860000
48576495898,168.3304750000
48578833534,168.2891650000
48581171189,168.3780190000
48583508825,168.3307660000
48585846462,168.2894200000
48588184117,168.3782420000
48590521753,168.3309610000
48592859390,168.2895900000
48595197045,168.3783910000
48597534681,168.3310920000
48599872317,168.2897050000
48602209973,168.3784910000
48604547609,168.3311790000
48606885245,168.2897810000
48609222901,168.3785580000
48611560537,168.3312380000
48613898173,168.2898330000
48616235828,168.3786030000
48618573465,168.3312770000
48620911101,168.2898670000
48623248756,168.3786330000
48625586392,168.3313030000
48629071247,168.5398900000
48631408902,168.7224030000
48633746538,168.7571020000
48636084175,168.9124640000
48638421830,169.0484060000
48640759466,169.0423550000
48643097103,169.1620600000
48645434758,169.2668020000
48647772394,169.2334510000
48650110030,169.3292690000
48652447686,169.4131100000
48654785322,169.7364710000
48657122958,170.0194120000
48659460614,170.2669850000
48661798250,170.3586110000
48664135886,170.5637840000
48666473541,170.7433110000
48668811178,170.7753970000
48671148833,170.9284720000
48673486469,171.0624130000
48675824106,171.0546110000
48678161761,171.1727840000
48680499397,171.2761860000
48682837033,171.2416620000
48685174689,171.3364540000
48687512325,171.4193970000
48689849961,171.3669720000
48692187617,171.4461000000
48694525253,171.5153370000
48696862889,171.4509190000
48699200544,171.5195540000
48701538181,171.5796090000
48703875817,171.5071570000
48706213472,171.5687620000
48708551109,171.6226660000
48710888745,171.5448320000
48713226400,171.6017280000
48714416818,171.5265120000
48716754455,171.3356980000
48719092091,171.2937350000
48721429746,171.2570180000
48723767382,171.0998900000
48726105019,171.0874030000
48728442674,171.0764770000
48730780310,170.9419170000
48733117947,170.9491770000
48735455602,170.9555290000
48737793238,170.8360870000
48740130874,170.8565760000
48742468530,170.8745040000
48744806166,170.7651910000
48747143802,170.7945420000
48749481458,170.8202240000
48751819094,170.7176960000
48754156749,170.7529840000
48756494385,170.7838610000
48758832022,170.6858780000
48761169677,170.7251430000
48763507313,170.7595000000
48765844950,170.6645620000
48768182605,170.7064910000
48770520241,170.7431790000
48772857877,170.6502810000
48775195533,170.6939950000
48777533169,170.7322450000
48779870805,170.6407140000
48782208461,170.6856240000
48784546097,170.7249210000
48786883733,170.6343050000
48789221389,170.6800160000
48791559025,170.7200140000
48793896661,170.6300120000
48796234316,170.6762600000
48798571953,170.4667270000
48800909589,170.2833860000
48803247244,170.2479620000
48805584881,170.0919660000
48807922517,169.9554700000
48810260172,169.9610360000
48812597808,169.8409060000
48814935445,169.7357920000
48817273100,169.7688180000
48819610736,169.6727150000
48821948372,169.5886250000
48824286028,169.6400460000
48826623664,169.5600400000
48828961300,169.4900350000
48831298956,169.5537800000
48833636592,169.4845570000
48835974228,169.4239870000
48838311884,169.4959880000
48840649520,169.4339890000
48842987156,169.3797400000
48845324811,169.4572720000
48847662448,169.4001130000
48850000084,169.4750980000
48852337739,169.5407100000
48854675376,169.4731210000
48858160249,169.6639800000
48860497885,169.8309820000
48862835522,169.8521090000
48865173177,169.9955950000
48867510813,170.1211450000
48869848449,170.1060010000
48872186105,170.2177500000
48874523741,170.3155310000
48876861377,170.2760890000
48879199033,170.3665770000
48881536669,170.4457540000
48883874305,170.3900340000
48886211961,170.5912790000
48888549597,170.7673690000
48890887233,170.7964470000
48893224888,170.9468910000
48895562525,171.0785290000
48897900161,171.0687120000
48900237816,171.1851230000
48902575453,171.2869820000
48904913089,171.2511090000
48907250744,171.3447200000
48909588380,171.4266300000
48911926017,171.3733010000
48914263672,171.4516380000
48916601308,171.5201830000
48918938945,171.4551600000
48921276600,171.5232650000
48923614236,171.5828560000
48925951872,171.5099990000
48928289528,171.5712490000
48930627164,171.6248420000
48932964800,171.5467360000
48935302456,171.6033940000
48937640092,171.6529690000
48939977728,171.5713470000
48942315384,171.6249280000
48944653020,171.6718120000
48946990656,171.5878350000
48949328311,171.6393550000
48951665948,171.6844350000
48954003584,171.7238800000
48956341239,171.7583950000
48958678876,171.7885950000
48961016512,171.8150200000
48963354167,171.8381420000
48965691803,171.8583740000
48968029440,171.8760770000
48970367095,171.8915670000
48972704731,171.9051210000
48975042368,171.9169800000
48977380023,171.9273570000
48979717659,171.9364370000
48982055295,171.9443820000
48984392951,171.9513340000
48986730587,171.9574170000
48989068223,171.9627390000
48991405879,171.9673960000
48993743515,171.9714710000
48996081151,171.9750370000
48998418807,171.9781570000
49000756443,171.9808870000
49003094079,171.9832760000
49005431735,171.9853660000
49007769371,171.9871950000
49010107007,171.9887950000
49012444662,171.9901950000
49014782299,171.9914200000
49017119935,171.9924920000
49019457590,171.9934300000
49021795227,171.8692510000
49024132863,171.8855940000
49026470518,171.8998940000
49028808154,171.6624070000
49031145791,171.5796060000
49033483446,171.5071550000
49035821082,171.3187600000
49038158738,171.2789150000
49040496374,171.2440500000
49042834010,171.0885430000
49045171666,171.0774750000
49047509302,171.0677900000
49049846938,170.9343160000
49052184593,170.9425260000
49054522230,170.9497100000
49056859866,170.8309960000
49059197521,170.8521210000
49061535158,170.8706050000
49063872794,170.7617790000
49066210449,170.7915560000
49068548085,170.8176110000
49070885722,170.7154090000
49073223377,170.7509820000
49075561013,170.7821090000
49077898650,170.6843450000
49080236305,170.7238010000
49082573941,170.7583250000
49084911578,170.6635340000
49087249233,170.7055920000
49089586869,170.7423930000
49091924505,170.6495930000
49094262161,170.6933930000
49096599797,170.7317180000
49098937433,170.6402530000
49101275089,170.6852210000
49103612725,170.7245680000
49105950361,170.6339970000
49108288017,170.6797470000
49110625653,170.7197780000
49112963289,170.6298050000
49115300944,170.6760790000
49117638581,170.7165690000
49119976217,170.6269970000
49122313872,170.6736220000
49124651509,170.5894190000
49126989145,170.5157410000
49129326800,170.5762730000
49131664437,170.5042380000
49134002073,170.5662080000
49136339728,170.6204320000
49138677364,170.5428780000
49141015001,170.6000180000
49143352656,170.6500150000
49145690292,170.5687630000
49148027929,170.6226670000
49150365584,170.6698330000
49152703220,170.5861030000
49155040856,170.6378400000
49157378512,170.6831100000
49159716148,170.5977210000
49162053784,170.6480050000
49164391440,170.6920040000
49166729076,170.6055030000
49169066712,170.6548150000
49171404368,170.6979630000
49173742004,170.6107170000
49176079640,170.6593770000
49178417296,170.7019540000
49180754932,170.6142090000
49183092568,170.6624320000
49185430223,170.7046280000
49187767860,170.6165490000
49190105496,170.6644800000
49192443151,170.7064200000
49194780788,170.6181170000
49197118424,170.6658520000
49199456079,170.7076200000
49201793716,170.6191670000
49204131352,170.6667710000
49206469007,170.7084240000
49208806643,170.6198710000
49211144280,170.6673870000
49213481935,170.7089630000
49215819571,170.6203420000
49218157227,170.6677990000
49220494863,170.7093240000
49222832499,170.6206580000
49225170155,170.6680750000
49227507791,170.7095650000
49229845427,170.6208690000
49232183083,170.6682600000
49234520719,170.7097270000
49236858355,170.6210110000
49239196010,170.6683840000
49241533647,170.7098360000
49243871283,170.6211060000
49246208938,170.6684670000
49248546575,170.7099080000
49250884211,170.6211690000
49253221866,170.6685220000
49255559503,170.7099560000
49257897139,170.6212110000
49260234794,170.6685590000
49262572430,170.7099890000
49264910067,170.6212400000
49267247722,170.6685850000
49269585358,170.7100110000
49271922995,170.6212590000
49274260650,170.6686010000
49276598286,170.7100250000
49278935923,170.6212710000
49281273578,170.6686120000
49283611214,170.7100350000
49285948850,170.6212800000
49288286506,170.6686200000
49290624142,170.7100420000
49292961778,170.6212860000
49295299434,170.6686250000
49297637070,170.7100460000
49299974706,170.6212900000
49302312362,170.6686280000
49304649998,170.5850490000
49306987634,170.5119170000
49309325290,170.5729270000
49311662926,170.5013110000
49314000562,170.5636470000
49316338217,170.6181910000
49318675854,170.5409170000
49321013490,170.5983020000
49323351145,170.6485140000
49325688782,170.5674490000
49328026418,170.6215170000
49330364073,170.6688270000
49332701710,170.5852230000
49335039346,170.6370700000
49337377001,170.6824360000
49339714637,170.5971310000
49342052274,170.6474890000
49344389929,170.6915520000
49346727565,170.6051080000
49350212439,170.7794690000
49352550075,170.9320350000
49354887711,170.9405300000
49357225367,171.0729630000
49359563003,171.1888420000
49361900639,171.1652360000
49364238295,171.2695810000
49366575931,171.3608830000
49368913567,171.3157720000
49371251223,171.4013000000
49373588859,171.4761370000
49375926495,171.7916190000
49378264151,172.0676660000
49380601787,172.3092070000
49382939423,172.5205560000
49385277079,172.7054860000
49387614715,172.8673000000
49389952351,173.0088870000
49392290006,173.1327760000
49394627643,173.2411790000
49396965279,173.3360310000
49399302934,173.4190270000
49401640571,173.4916480000
49403978207,173.5551920000
49406315862,173.6107930000
49408653499,173.6594430000
49410991135,173.7020120000
49413328790,173.7392600000
49415666426,173.7718520000
49418004063,173.9253700000
49420341718,173.9346980000
49422679354,173.9428600000
49425016991,174.0750020000
49427354646,174.0656260000
49429692282,174.0574220000
49432029919,174.1752440000
49433220356,174.0283380000
49435557992,173.8997950000
49437895628,173.7873200000
49440233284,173.6889050000
49442570920,173.6027910000
49444908556,173.5274420000
49447246212,173.4615110000
49449583848,173.4038220000
49451921484,173.3533440000
49454259140,173.3091760000
49456596776,173.2705290000
49458934412,173.2367120000
49461272068,173.2071230000
49463609704,173.1812320000
49465947340,173.1585780000
49468284996,173.1387550000
49470622632,173.1214100000
49472960268,173.1062330000
49475297923,173.0929530000
49477635560,173.0813330000
49479973196,173.0711660000
49482310851,173.0622700000
49484648488,173.0544860000
49486986124,172.9226750000
49489323779,172.9323400000
49491661416,172.9407970000
49493999052,172.8231970000
49496336707,172.8452970000
49498674344,172.8646340000
49501011980,172.8815540000
49503349635,172.8963590000
49505687271,172.9093140000
49508024908,172.9206490000
49510362563,172.9305670000
49512700199,172.9392460000
49515037836,172.9468400000
49517375491,172.9534850000
49519713127,172.9592990000
49522050764,172.8393860000
49524388419,172.7344620000
49526726055,172.6426540000
49529063692,172.5623220000
49531401347,172.4920310000
49533738983,172.4305270000
49536076619,172.3767110000
49538414275,172.3296220000
49540751911,172.2884190000
49543089547,172.2523660000
49545427203,172.2208200000
49547764839,172.1932170000
49550102475,172.1690640000
49552440131,172.1479310000
49554777767,172.1294390000
49557115403,172.1132590000
49559453059,172.0991010000
49561790695,172.0867130000
49564128331,172.0758730000
49566465987,172.0663880000
49568803623,172.0580890000
49571141259,172.0508270000
49573478915,172.0444730000
49575816551,172.0389130000
49578154187,172.0340480000
49581639061,172.1547920000
49583976697,172.2604430000
49586314352,172.3528870000
49588651989,172.4337760000
49590989625,172.3795540000
49593327280,172.4571090000
49595664917,172.5249700000
49598002553,172.5843480000
49600340208,172.6363040000
49602677844,172.6817660000
49605015481,172.7215450000
49607353136,172.8813510000
49609690772,173.0211820000
49612028409,173.2685340000
49614366064,173.3599670000
49616703700,173.4399710000
49619041337,173.6349740000
49621378992,173.6806020000
49623716628,173.7205260000
49626054265,173.8804600000
49628391920,173.8954020000
49630729556,173.9084760000
49633067192,174.0449160000
49635404848,174.0393010000
49637742484,174.0343880000
49640080120,174.1550890000
49642417776,174.1357020000
49644755412,174.1187390000
49647093048,174.2288960000
49649430704,174.2002840000
49651768340,174.1752480000
49654105976,174.2783420000
49656443632,174.2435490000
49658781268,174.2131050000
49661118904,174.3114660000
49663456560,174.2725320000
49665794196,174.2384650000
49668131832,174.3336560000
49670469488,174.2919490000
49672807124,174.2554550000
49675144760,174.2235230000
49677482416,174.1955820000
49679820052,174.1711340000
49682157688,174.1497420000
49684495344,174.1310240000
49686832980,174.1146460000
49689170635,174.1003150000
49691508271,174.0877750000
49693845908,174.0768030000
49696183563,174.0672020000
49698521199,174.0588010000
49700858836,174.0514500000
49703196491,174.0450180000
49705534127,174.0393900000
49707871764,174.0344660000
49710209419,174.0301570000
49712547055,174.0263870000
49714884692,174.0230880000
49717222347,174.0202020000
49719559983,174.0176760000
49721897620,174.0154660000
49724235275,174.0135320000
49726572911,174.0118400000
49728910548,174.0103600000
49731248203,174.0090650000
49733585839,174.0079310000
49735923475,174.0069390000
49738261131,174.0060710000
49740598767,174.0053120000
49742936403,174.0046480000
49745274059,174.0040670000
49747611695,174.0035580000
49749949331,174.0031130000
49752286987,174.0027230000
49753477405,173.7523820000
49755815041,173.5333340000
49758152677,173.3416670000
49760490333,173.1739580000
49762827969,173.0272130000
49765165625,172.8988110000
49767503261,172.7864590000
49769840897,172.5631510000
49772178553,172.4927570000
49774516189,172.4311620000
49776853825,172.2522660000
49779191481,172.2207320000
49781529117,172.1931400000
49783866753,172.0439970000
49786204408,172.0384970000
49788542045,172.0336840000
49790879681,171.9044730000
49793217336,171.9164130000
49795554973,171.9268610000
49797892609,171.8110030000
49800230264,171.8346270000
49802567901,171.8552980000
49804905537,171.7483850000
49807243192,171.7798360000
49809580829,171.8073560000
49811918465,171.7064360000
49814256120,171.7431310000
49816593757,171.7752390000
49818931393,171.6783340000
49821269048,171.7185420000
49823606685,171.7537240000
49825944321,171.6595080000
49828281976,171.7020690000
49830619613,171.7393100000
49832957249,171.6468960000
49835294904,171.6910340000
49838779759,171.8546540000
49841117395,171.9978220000
49843455050,172.1230940000
49845792687,172.2327070000
49848130323,172.3286180000
49850467978,172.4125400000
49852805615,172.4859720000
49855143251,172.5502250000
49857480906,172.6064460000
49859818543,172.6556400000
49862156179,172.6986850000
49864493834,172.7363490000
49866831470,172.7693050000
49869169126,172.7981410000
49871506762,172.8233730000
49873844398,172.8454510000
49876182054,172.8647690000
49878519690,172.8816720000
49880857326,172.8964630000
49883194982,172.9094050000
49885532618,172.9207290000
49887870254,172.9306370000
49890207910,172.9393070000
49892545546,172.9468930000
49894883182,172.9535310000
49897220838,172.9593390000
49899558474,172.9644210000
49901896110,172.9688680000
49904233766,172.9727590000
49906571402,172.9761640000
49908909038,172.9791430000
49911246694,172.9817500000
49913584330,172.9840310000
49915921966,172.9860270000
49918259622,172.9877730000
49920597258,172.9893010000
49922934894,172.9906380000
49925272550,172.9918080000
49926462968,172.9928320000
49928800604,172.9937280000
49931138240,172.9945120000
49933475896,172.9951980000
49935813532,172.9957980000
49938151168,172.9963230000
49940488824,172.9967820000
49942826460,172.9971840000
49945164096,172.9975360000
49947501752,172.9978440000
49949839388,172.9981130000
49952177043,172.9983480000
49954514680,172.9985540000
49956852316,172.9987340000
49959189971,172.9988920000
49961527608,172.9990300000
49963865244,172.9991510000
49966202899,172.9992570000
49968540536,172.9993490000
49970878172,172.9994300000
49973215827,172.9995010000
49975553464,172.9995630000
49977891100,172.9996170000
49980228755,172.9996640000
49982566392,172.9997060000
49984904028,172.9997420000
49987241683,172.9997740000
49989579320,172.9998020000
49991916956,172.9998260000
49994254611,172.9998470000
49996592248,172.9998660000
49998929884,172.9998820000
50000000000,172.9998820000
