0,34277989,34000000
0,70794402,34250000
0,73088846,34843750
0,75383274,35613281
0,77677703,36536620
0,79972132,37594542
0,107267668,42020224
0,109562084,41642696
0,111856513,41187359
0,114150971,40913939
0,116445385,40924696
0,118739814,40934109
0,121034241,41067345
0,144541211,44058926
0,146878779,43426560
0,149216348,42998240
0,150624228,42748460
0,152918657,42529902
0,155213115,42338664
0,157507530,42421331
0,159801958,42493664
0,162096401,42681956
0,164605936,43096711
0,166943505,43334622
0,183047257,42792794
0,185384811,42568694
0,187722380,42372607
0,190059949,42201031
0,192397503,42300902
0,194735072,42513289
0,197072641,42824127
0,199410195,43346111
0,200603583,43552847
0,203110857,43858741
0,205448411,44376398
0,207785980,44829348
0,210123549,45225679
0,213608287,45947469
0,215945856,46579035
0,218283425,47256655
0,220620979,48099573
0,222958548,46962126
0,225296117,46091860
0,227633671,45580377
0,229971240,45132829
0,232308808,44741225
0,234646363,44648571
0,236983931,44567499
0,239321500,44621561
0,241659054,44918865
0,243996623,45054006
0,246334177,45297255
0,248671746,45760098
0,251009315,46415085
0,253346869,46863199
0,255684438,47505299
0,258022007,48192136
0,260359561,48793119
0,262697129,49568979
0,265034698,50247856
0,268519437,50841874
0,270857006,51611639
0,273194574,52410184
0,275532129,52983911
0,277869697,53735922
0,280207266,54518931
0,282544820,55204064
0,284882389,56053556
0,287219958,56796861
0,289557512,57447253
0,291895081,58266346
0,294232650,59108052
0,296570204,59719545
0,298907773,60504601
0,301245341,61316525
0,303582896,62026959
0,305920464,62898589
0,308258033,63661265
0,310595587,64328606
0,312933156,65162530
0,315270725,66017213
0,317608279,66640061
0,319945848,67435053
0,322283417,68255671
0,324620971,68848712
0,326958540,69617623
0,330443278,70540420
0,332780847,71347867
0,335118416,72429383
0,337455970,73250710
0,339793539,73969371
0,342131107,74973199
0,344468662,75851549
0,346806230,76495105
0,349143799,77433216
0,351481353,78129064
0,353818922,78737931
0,356156491,79645689
0,358494045,80314977
0,360831614,80900604
0,363169183,81788028
0,365506737,82564524
0,367844306,83118958
0,370181874,83979088
0,372519429,84731702
0,374856997,85390239
0,377194566,86341459
0,379532120,87048776
0,381869689,87667679
0,384207258,88584219
0,386544812,89386191
0,388882381,89962917
0,391219950,90842552
0,393557504,91612233
0,397042257,92535703
0,399379811,93593740
0,401717380,94394522
0,404054949,95220206
0,406392503,96192680
0,408730072,97043595
0,411067641,97788145
0,413405195,98689626
0,415742764,99478422
0,418080332,100293619
0,420417887,101256916
0,422755455,101974801
0,425093024,102727950
0,427430578,103636956
0,429768147,104432336
0,432105716,105128294
0,434443270,105987257
0,436780839,106738849
0,439118408,107521492
0,441455962,108456305
0,443793531,109024266
0,446131100,109646232
0,448468654,110440453
0,450806223,111010396
0,453143791,111634096
0,455481346,112429834
0,458966099,113251104
0,461303668,113969716
0,463641222,114848501
0,465978791,115617438
0,468316359,116415258
0,470653914,117363350
0,472991482,118067931
0,475329037,118809439
0,477666605,119708259
0,480004174,120619726
0,482341728,121292260
0,484679297,122130727
0,487016866,122989386
0,489354420,123740712
0,491691989,124648123
0,494029558,125442107
0,496367112,126136843
0,498704681,126994737
0,501042249,127870394
0,503379804,128511594
0,505717372,129322644
0,508054941,130157313
0,510392495,130887648
0,512730064,131776692
0,515067633,132554605
0,517405187,133235279
0,519742756,134080869
0,522080325,134945760
0,525565063,135702540
0,527902632,136614722
0,530240201,137537881
0,532577755,138345645
0,534915324,139302439
0,537252893,140139634
0,539590447,140872179
0,541928016,141763156
0,544265585,142417761
0,546603139,142990540
0,548940708,143741722
0,551278276,144524006
0,553615831,145083505
0,555953399,145823066
0,558290968,146595182
0,560628522,147270784
0,562966091,148111936
0,565303660,148847944
0,567641214,149491951
0,569978783,150305457
0,572316352,151142274
0,574653906,151749489
0,576991475,152530802
0,579329029,153339451
0,581666598,154047019
0,584004167,155041141
0,587488905,155910998
0,589826474,156672123
0,592164043,157713107
0,594501597,158623968
0,596839166,159295972
0,599176735,160258975
0,601520689,161101603
0,1039396895,164963902
0,1041734464,168468414
0,1044072032,171534862
0,1047556771,174468004
0,1049894340,177034503
0,1052231909,179405190
0,1054569463,181354541
0,1056907032,183185223
0,1059244601,184787070
0,1061582155,186313686
0,1063919724,187649475
0,1066257293,188943290
0,1068594847,190075378
0,1070932416,191190955
0,1073269985,192167085
0,1076754723,193271199
0,1079092292,194362299
0,1081429846,195317011
0,1083767415,196152384
0,1086104984,197008336
0,1088442538,197632294
0,1090780107,198303257
0,1093117676,199015349
0,1095455230,199638430
0,1097792799,200183626
0,1100130368,200785672
0,1103658307,201312463
0,1105995875,201773405
0,1108333430,202426729
0,1110670998,202873387
0,1113008567,203514213
0,1115346122,203824936
0,1117683690,204221819
0,1120021259,204694091
0,1122358814,205232329
0,1124696382,205453287
0,1127033951,205396626
0,1130518690,205097047
0,1132856259,204334916
0,1135193828,203543051
0,1137531382,202475169
0,1139868951,201165772
0,1142206520,199770050
0,1144544074,198048793
0,1146881643,196292693
0,1149219211,194506106
0,1151556766,192567842
0,1153894335,190496861
0,1156231903,188434753
0,1158569458,186130408
0,1160907027,183864107
0,1163244595,181631093
0,1165582150,179302206
0,1167919718,176889430
0,1170257287,174653251
0,1172594842,172196594
0,1174932410,169672019
0,1177269979,167213016
0,1179607534,164686389
0,1181945102,162350590
0,1184282671,160181766
0,1186620226,158284045
0,1188957794,156123539
0,1191295363,154358096
0,1194780102,152813334
0,1197117671,151336667
0,1199455225,149919583
0,1201792794,148679635
0,1204130363,147344680
0,1206467917,146176595
0,1208805486,145154520
0,1211143055,143885205
0,1213480609,142649554
0,1215818178,141568359
0,1218155747,140372314
0,1220493301,139325774
0,1222830870,138410052
0,1225168439,137358795
0,1227505993,136438945
0,1229843562,135509076
0,1232181131,134695441
0,1234518685,133983510
0,1236856254,133235571
0,1239193823,132331124
0,1241531377,131539733
0,1243868946,130847266
0,1246206515,129991357
0,1248544069,129242437
0,1250881638,128462132
0,1253219207,127779365
0,1255556761,127181944
0,1259041514,126784201
0,1261379068,126436175
0,1263716637,126131653
0,1266054206,125865196
0,1268391760,125632046
0,1270729329,125428040
0,1273066898,125249535
0,1275404452,125093343
0,1277742021,124956675
0,1280079590,124837090
0,1282417144,124732453
0,1284754713,124640896
0,1287092282,124560784
0,1289429836,124490686
0,1291767405,124429350
0,1294104974,124375681
0,1296442528,124328720
0,1298780097,124287630
0,1301117666,124251676
0,1303455220,124220216
0,1305792789,124192689
0,1308130358,124168602
0,1310467912,124147526
0,1312805481,124129085
0,1315143050,124112949
0,1317480604,123973830
0,1319818173,123727101
0,1323302926,123761213
0,1325640481,123791061
0,1327978050,123692178
0,1330315618,123730655
0,1332653173,123764323
0,1334990742,123668782
0,1337328296,123710184
0,1339665865,123746411
0,1342003434,123778109
0,1344340988,123805845
0,1346678557,123830114
0,1349016126,123851349
0,1351353680,123869930
0,1353691249,123886188
0,1356028818,123900414
0,1358366372,123912862
0,1360703941,123923754
0,1363041510,123933284
0,1365379064,123941623
0,1367716633,123948920
0,1370054202,123955305
0,1372391756,123960891
0,1374729325,123965779
0,1377066894,123970056
0,1379404448,123973799
0,1381742017,123727074
0,1384079586,123636189
0,1387564324,123681665
0,1389901893,123596456
0,1392239462,123646899
0,1394577016,123691036
0,1396914585,123604656
0,1399252154,123654074
0,1401589708,123697314
0,1403927277,123610149
0,1406264846,123658880
0,1408602400,123701520
0,1410939969,123613830
0,1413277538,123662101
0,1415615092,123704338
0,1417952661,123616295
0,1420290230,123914258
0,1422627784,124174975
0,1424965353,124403103
0,1427302922,124602715
0,1429640476,124777375
0,1431978045,124930203
0,1434315600,125063927
0,1436653168,125180936
0,1438990737,125283319
0,1441328292,125372904
0,1443665860,125451291
0,1446003429,125644879
0,1448340984,125564269
0,1451825737,125618735
0,1454163306,125791393
0,1456500860,125817468
0,1458838429,125840284
0,1461175998,125985248
0,1463513552,125987092
0,1465851121,125988705
0,1468188690,125990116
0,1470526244,125991351
0,1472863813,125992432
0,1475201382,125993378
0,1477538936,125994205
0,1479876505,125994929
0,1482214074,125995562
0,1484551628,125996116
0,1486889197,125996601
0,1489226766,125997025
0,1491564320,125997396
0,1493901889,125997721
0,1496239458,125998005
0,1498577012,125998254
0,1500914581,125998472
0,1503252150,125998663
0,1505589704,125998830
0,1507927273,125998976
0,1510264842,125999104
0,1512602396,125874216
0,1516087150,126014939
0,1518424704,126013071
0,1520762273,126011437
0,1523099842,126135007
0,1525437396,126118131
0,1527774965,126103364
0,1530112534,126215443
0,1532450088,126188512
0,1534787657,126164948
0,1537125226,126269329
0,1539462780,126235662
0,1541800349,126206204
0,1544137918,126305428
0,1546475472,126267249
0,1548813041,126233842
0,1551150610,126329611
0,1553488164,126288409
0,1555825733,126252357
0,1558163302,126345812
0,1560500856,126302585
0,1562838425,126264761
0,1565175994,126356665
0,1567513548,126312081
0,1569851117,126273070
0,1572188686,126238936
0,1574526240,126209069
0,1576863809,126057935
0,1580348548,126050693
0,1582686117,126044356
0,1585023686,126163811
0,1587361240,126143334
0,1589698809,126125417
0,1592036378,126234739
0,1594373932,126205396
0,1596711501,126179721
0,1599049070,126282255
0,1601386624,126246973
0,1603724193,126216101
0,1606061762,126314088
0,1608399316,126274827
0,1610736885,126240473
0,1613074454,126335413
0,1615412008,126293486
0,1617749577,126256800
0,1620087146,126349700
0,1622424700,126305987
0,1624762269,126267738
0,1627099838,126359270
0,1629437392,126314361
0,1631774961,126275065
0,1634112530,126365681
0,1636450085,126319970
0,1638787653,126279973
0,1641125222,126119976
0,1644609961,126104979
0,1646947530,126091856
0,1649285099,126080374
0,1651622653,126070327
0,1653960222,126061536
0,1656297791,126053844
0,1658635345,126047113
0,1660972914,126041223
0,1663310483,126036070
0,1665648037,126031561
0,1667985606,126027615
0,1670323160,126024163
0,1672660729,126021142
0,1674998298,126018499
0,1677335853,126016186
0,1679673421,126014162
0,1682010990,126137391
0,1684348545,126120217
0,1686686114,126105189
0,1689023682,126217040
0,1691361237,126189910
0,1693698806,126166171
0,1696036374,126270399
0,1698373929,126236599
0,1700711498,126207024
0,1703049067,126306146
0,1705386621,126142877
0,1708871374,126125017
0,1711208943,126109389
0,1713546497,126095715
0,1715884066,126083750
0,1718221635,126073281
0,1720559190,126064120
0,1722896758,126056105
0,1725234327,126049091
0,1727571882,126042954
0,1729909451,126037584
0,1732247019,126032886
0,1734584574,126028775
0,1736922143,126025178
0,1739259711,126022030
0,1741597266,126019276
0,1743934835,126016866
0,1746272404,126014757
0,1748609958,126012912
0,1750947527,126011298
0,1753285096,126009885
0,1755622650,126008649
0,1757960219,126007567
0,1760297788,126006621
0,1762635342,126005793
0,1764972911,126005068
0,1767310465,126004434
0,1769648034,125878879
0,1773132788,126019019
0,1775470342,126016641
0,1777807911,126014560
0,1780145480,126137740
0,1782483034,126120522
0,1784820603,126105456
0,1787158172,126217274
0,1789495726,126190114
0,1791833295,126166349
0,1794170864,126270555
0,1796508418,126236735
0,1798845987,126207143
0,1801183556,126306250
0,1803521110,126267968
0,1805858679,126234472
0,1808196248,126205163
0,1810533802,126179517
0,1812871371,126157077
0,1815208940,126137442
0,1817546495,126120261
0,1819884063,126105228
0,1822221632,126092074
0,1824559187,126080564
0,1826896756,126070493
0,1829234324,126061681
0,1831571879,126053970
0,1833909448,125922223
0,1837394186,125931945
0,1839731755,125940451
0,1842069324,126072894
0,1844406879,126063782
0,1846744448,126055809
0,1849082016,126173832
0,1851419571,126152103
0,1853757140,126133090
0,1856094709,126241453
0,1858432263,126211271
0,1860769832,126184862
0,1863107401,126286754
0,1865444955,126250909
0,1867782524,126219545
0,1870120093,126317101
0,1872457647,126277463
0,1874795216,126242780
0,1877132785,126337432
0,1879470339,126295253
0,1881807908,126258346
0,1884145477,126351052
0,1886483031,126307170
0,1888820600,126268773
0,1891158169,126360176
0,1893495724,126315154
0,1895833292,126275759
0,1898170861,126116289
0,1901655600,126101752
0,1903993169,126089033
0,1906330723,126077903
0,1908668292,126068165
0,1911005861,126184644
0,1913343415,126161563
0,1915680984,126141367
0,1918018553,126248696
0,1920356108,126217609
0,1922693677,126190407
0,1925031245,126291606
0,1927368800,126255155
0,1929706369,126223260
0,1932043938,126320352
0,1934381492,126280308
0,1936719061,126245269
0,1939056630,126339610
0,1941394184,126297158
0,1943731753,126510013
0,1946069322,126821261
0,1948406876,127093603
0,1950744445,127206902
0,1953082014,127431039
0,1955419568,127627159
0,1957757137,127673764
0,1960094706,127839543
0,1962432261,127984600
0,1963622645,127736525
0,1965960214,127519459
0,1968297783,127329526
0,1970635337,127163335
0,1972972906,127017918
0,1975310460,126890678
0,1977648029,126779343
0,1979985598,126681925
0,1982323153,126596684
0,1984660721,126522098
0,1986998290,126456835
0,1989335845,126399730
0,1991673414,126349763
0,1994010983,126431042
0,1996348537,126377161
0,1998686106,126330015
0,2001023675,126413763
0,2003361229,126362042
0,2005698798,126316786
0,2008036367,126402187
0,2010373921,126351913
0,2012711490,126307923
0,2015049059,126394432
0,2017386613,126345128
0,2019724182,126301987
0,2022061751,126389238
0,2024399306,126340583
0,2026736874,126173010
0,2030221628,126276383
0,2032559182,126241835
0,2034896751,126211605
0,2037234320,126185154
0,2039571874,126162009
0,2041909443,126141757
0,2044247012,126124037
0,2046584567,126108532
0,2048922135,126094965
0,2051259704,126083094
0,2053597259,126072707
0,2055934828,126063618
0,2058272396,126055665
0,2060609951,126048706
0,2062947520,126042617
0,2065285089,126037289
0,2067622643,126032627
0,2069960212,126028548
0,2072297781,126024979
0,2074635335,126021856
0,2076972904,126019124
0,2079310458,126016733
0,2081648027,126014641
0,2083985596,126012810
0,2086323151,126011208
0,2088660720,126009807
0,2090998288,126133581
0,2092188673,126241883
0,2094526227,126211647
0,2096863796,126185191
0,2099201365,126287042
0,2101538920,126251161
0,2103876488,126219765
0,2106214057,126317294
0,2108551612,126277632
0,2110889181,126242928
0,2113226750,126337562
0,2115564304,126295366
0,2117901873,126258445
0,2120239442,126226139
0,2122576996,126197871
0,2124914565,126173137
0,2127252134,126151494
0,2129589688,126132557
0,2131927257,126115987
0,2134264826,126101488
0,2136602380,126088802
0,2138939949,126077701
0,2141277518,126067988
0,2143615073,126059489
0,2145952642,126052052
0,2148290210,126045545
0,2150627765,126039851
0,2154112518,126284869
0,2156450073,126249260
0,2158787642,126218102
0,2161125210,126315839
0,2163462765,126276359
0,2165800334,126241814
0,2168137903,126336587
0,2170475457,126294513
0,2172813026,126257698
0,2175150595,126350485
0,2177488149,126306674
0,2179825718,126268339
0,2182163287,126359796
0,2184500841,126314821
0,2186838410,126275468
0,2189175979,126366034
0,2191513534,126320279
0,2193851103,126280244
0,2196188671,126370213
0,2198526226,126323936
0,2200863795,126283444
0,2203201364,126373013
0,2205538918,126326386
0,2207876487,126285587
0,2210214056,126374888
0,2212551610,126328027
0,2216036364,126537023
0,2217226748,126594895
0,2219564302,126645533
0,2221901871,126689841
0,2224239440,126853610
0,2226576995,126871908
0,2228914564,126887919
0,2231252133,127026929
0,2233589687,127023562
0,2235927256,127020616
0,2238264825,127143039
0,2240602379,127125159
0,2242939948,127109514
0,2245277517,127220824
0,2247615071,127193221
0,2249952640,127169068
0,2252290209,127272934
0,2254627764,127238817
0,2256965333,127208964
0,2259302887,127307843
0,2261640456,127269362
0,2263978025,127235691
0,2266315579,127331229
0,2268653148,127289825
0,2270990717,127253596
0,2273328271,127346896
0,2275665840,127303534
0,2276856225,127140592
0,2279193794,126873018
0,2282678533,126763890
0,2285016101,126793403
0,2287353656,126694227
0,2289691225,126607448
0,2292028794,126656517
0,2294366348,126574452
0,2296703917,126502645
0,2299041486,126564814
0,2301379040,126494212
0,2303716609,126432435
0,2306054178,126503380
0,2308391733,126440457
0,2310729301,126385399
0,2313066870,126462224
0,2315404425,126404446
0,2317741994,126353890
0,2320079563,126434653
0,2322417117,126380321
0,2324754686,126332780
0,2327092255,126416182
0,2329429809,126364159
0,2331767378,126318639
0,2334104947,126403809
0,2336442502,126353332
0,2338780070,126309165
0,2341117639,126145519
0,2344602378,126252329
0,2345792763,126220787
0,2348130332,126318188
0,2350467886,126278414
0,2352805455,126243612
0,2355143024,126338160
0,2357480578,126295890
0,2359818147,126258903
0,2362155716,126351540
0,2364493271,126307597
0,2366830839,126269147
0,2369168408,126360503
0,2371505963,126315440
0,2373843532,126276010
0,2376181101,126366508
0,2378518655,126320694
0,2380856224,126280607
0,2383193793,126370531
0,2385531347,126324214
0,2387868916,126283687
0,2390206485,126373226
0,2392544040,126326572
0,2394881608,126285750
0,2397219177,126375031
0,2399556732,126328152
0,2401894301,126287133
0,2404231870,126501241
0,2405422240,126438585
0,2408906993,126383761
0,2411244562,126335790
0,2413582116,126293816
0,2415919685,126257089
0,2418257254,126224952
0,2420594809,126196833
0,2422932378,126172228
0,2425269946,126150699
0,2427607501,126131861
0,2429945070,126115378
0,2432282639,126100955
0,2434620193,126088335
0,2436957762,126077293
0,2439295331,126067631
0,2441632885,126059177
0,2443970454,126051779
0,2446308009,126045306
0,2448645578,126039642
0,2450983147,126034686
0,2453320701,126030350
0,2455658270,126026556
0,2457995839,126023236
0,2460333393,126020331
0,2462670962,126017789
0,2465008531,126140565
0,2467346086,126122994
0,2469683655,125982619
0,2473168408,126234791
0,2475505962,126330442
0,2477843531,126414136
0,2480181100,126612369
0,2482518655,126660822
0,2484856224,126953219
0,2487193792,127334066
0,2489531347,127667307
0,2491868916,127833893
0,2494206485,128104656
0,2496544039,128341574
0,2498881608,128423877
0,2501219177,128620892
0,2503556731,128793280
0,2505894300,128819120
0,2508231869,128966730
0,2510569424,129095888
0,2512906993,129083902
0,2515244562,129198414
0,2517582116,129298612
0,2519919685,129261285
0,2522257254,129353624
0,2524594808,129434421
0,2526932377,129380118
0,2529269946,129457603
0,2531607501,129525402
0,2533945070,129459726
0,2535135454,129527260
0,2537473008,129461352
0,2539810577,129278683
0,2542148146,129243847
0,2544485701,129213366
0,2546823270,129061695
0,2549160839,129053983
0,2551498393,129047235
0,2553835962,128916330
0,2556173531,128926788
0,2558511085,128935939
0,2560848654,128818946
0,2563186223,128841577
0,2565523778,128861379
0,2567861347,128753706
0,2570198916,128784492
0,2572536470,128811430
0,2574874039,128710001
0,2577211608,128746250
0,2579549162,128777968
0,2581886731,128680722
0,2584224300,128720631
0,2586561855,128755552
0,2588899424,128661108
0,2591236992,128703469
0,2593574547,128615535
0,2595912116,128538593
0,2599396855,128721268
0,2601734424,128631109
0,2604071993,128677220
0,2606409547,128717567
0,2608747116,128627871
0,2611084685,128674387
0,2613422239,128715088
0,2615759808,128625702
0,2618097377,128672489
0,2620434932,128713427
0,2622772501,128624248
0,2625110070,128671217
0,2627447624,128712314
0,2629785193,128623274
0,2632122762,128670364
0,2634460316,128711568
0,2636797885,128622622
0,2639135454,128669794
0,2641473009,128711069
0,2643810578,128622185
0,2646148147,128669411
0,2648485701,128710734
0,2650823270,128621892
0,2653160839,128669155
0,2655498393,128710510
0,2657835962,128621696
0,2660173531,128668984
0,2661363901,128585361
0,2663701470,128512190
0,2666039039,128573166
0,2668376593,128626520
0,2670714162,128548205
0,2673051731,128604679
0,2675389286,128654094
0,2677726855,128572332
0,2680064424,128625790
0,2682401978,128672566
0,2684739547,128588495
0,2687077116,128639933
0,2689414670,128684941
0,2692899424,128724323
0,2695236993,128883782
0,2697574547,129023309
0,2699912116,129020395
0,2702249685,129142845
0,2704587240,129249989
0,2706924809,129218740
0,2709262377,129316397
0,2711599932,129401847
0,2713937501,129351616
0,2716275070,129432664
0,2718612624,129503581
0,2720950193,129440633
0,2723287762,129510553
0,2725625317,129571733
0,2727962886,129375266
0,2730300440,129328357
0,2732638009,129162312
0,2734975578,129017023
0,2737313132,129014895
0,2739650701,128888033
0,2741988270,128777028
0,2744325825,128804899
0,2746663394,128704286
0,2749000963,128741250
0,2751338517,128773593
0,2754823270,128801893
0,2756013655,128826656
0,2758351209,128848324
0,2760688778,128742283
0,2763026347,128774497
0,2765363902,128802684
0,2767701471,128702348
0,2770039040,128739554
0,2772376594,128772109
0,2774714163,128675595
0,2777051732,128716145
0,2779389286,128751626
0,2781726855,128657672
0,2784064424,128700463
0,2786401979,128737905
0,2788739548,128645666
0,2791077117,128814957
0,2793414671,128963087
0,2795752240,128967701
0,2798089809,129096738
0,2800427364,129209645
0,2802764932,129183439
0,2805102501,129285509
0,2807440056,129374820
0,2809777625,129327967
0,2812115194,129411971
0,2814452748,129485474
0,2816790317,129424789
0,2817980702,129246690
0,2821465441,129215853
0,2823803010,129063871
0,2826140579,129055887
0,2828478133,129048901
0,2830815702,128917788
0,2833153271,128928064
0,2835490825,128937056
0,2837828394,128819924
0,2840165963,128842433
0,2842503518,128862128
0,2844841087,128754362
0,2847178656,128785066
0,2849516210,128811932
0,2851853779,128710440
0,2854191348,128746635
0,2856528902,128778305
0,2858866471,128681016
0,2861204040,128720889
0,2863541595,128755777
0,2865879164,128661304
0,2868216733,128703641
0,2870554287,128740685
0,2872891856,128648099
0,2875229425,128692086
0,2877566980,128605575
0,2879904549,128529878
0,2883389288,128588643
0,2884579672,128515062
0,2886917241,128450679
0,2889254810,128519344
0,2891592364,128454426
0,2893929933,128397622
0,2896267502,128472919
0,2898605057,128413804
0,2900942626,128362078
0,2903280195,128441818
0,2905617749,128386590
0,2907955318,128338266
0,2910292887,128420982
0,2912630442,128368359
0,2914968010,128322314
0,2917305565,128407024
0,2919643134,128356146
0,2921980703,128311627
0,2924318257,128397673
0,2926655826,128347963
0,2928993395,128304467
0,2931330950,128391408
0,2933668519,128342482
0,2936006088,128424671
0,2938343642,128496587
0,2940681211,128434513
0,2943018780,128505198
0,2945356335,128567048
0,2946546719,128621167
0,2950031472,128668521
0,2952369027,128709955
0,2954706596,128621210
0,2957044165,128668558
0,2959381719,128709988
0,2961719288,128621239
0,2964056857,128668584
0,2966394412,128710011
0,2968731981,128621259
0,2971069550,128668601
0,2973407104,128710025
0,2975744673,128621271
0,2978082242,128668612
0,2980419797,128710035
0,2982757366,128621280
0,2985094934,128668620
0,2987432489,128710042
0,2989770058,128621286
0,2992107627,128668625
0,2994445181,128710046
0,2996782750,128621290
0,2999120319,128668628
0,3001457874,128710049
0,3003795443,128621292
0,3006133012,128668630
0,3008470566,128710051
0,3011955320,128621294
0,3014292874,128793632
0,3016630443,128944428
0,3018968012,128951374
0,3021305567,129082452
0,3023643135,129197145
0,3025980704,129547501
0,3028318259,129854063
0,3030655828,130122305
0,3032993397,130357016
0,3035330951,130562389
0,3037668520,130742090
0,3040006089,131024328
0,3042343644,131146287
0,3044681213,131253001
0,3047018782,131471375
0,3049356336,131537453
0,3051693905,131595271
0,3054031474,131770862
0,3056369029,131799504
0,3058706598,131824566
0,3061044167,131971495
0,3063381721,131975058
0,3065719290,131978175
0,3068056859,131980903
0,3070394413,131983290
0,3072731982,131985378
0,3075069551,131987205
0,3076259936,131863804
0,3078597490,131880828
0,3080935059,131645724
0,3083272628,131565008
0,3085610183,131494382
0,3087947752,131307584
0,3090285321,131269136
0,3092622875,131235494
0,3094960444,131081057
0,3097297999,131070924
0,3099635568,131062058
0,3101973137,130929300
0,3104310691,130938137
0,3106648260,130945869
0,3108985829,130827635
0,3111323384,130849180
0,3113660953,130868032
0,3115998522,130759528
0,3118336076,130789587
0,3121820830,130940888
0,3124158398,131073277
0,3126495953,131189117
0,3128833522,131290477
0,3131171091,131379167
0,3133508645,131456771
0,3135846214,131524674
0,3138183783,131584089
0,3140521338,131636077
0,3142858907,131556567
0,3145196476,131486996
0,3147534030,131426121
0,3149871599,131372855
0,3152209168,131326248
0,3154546723,131285467
0,3156884292,131249783
0,3159221861,131218560
0,3161559415,131191240
0,3163896984,131167335
0,3166234553,131146418
0,3168572108,131128115
0,3170909677,130987100
0,3173247246,130988712
0,3175584800,130990123
0,3177922369,130866357
0,3180259938,130883062
0,3182597493,130897679
0,3184935062,130785469
0,3187272631,130812285
0,3189610185,130835749
0,3191947754,130731280
0,3194285323,130764870
0,3196622877,130794261
0,3198960446,130694978
0,3201298001,130733105
0,3203635570,130766466
0,3205973139,130670657
0,3208310693,130836824
0,3210648262,130982221
0,3212985831,131109443
0,3215323386,131220762
0,3217660955,131318166
0,3219998524,131403395
0,3222336078,131477970
0,3224673647,131543223
0,3227011216,131725320
0,3229348771,131759655
0,3231686340,131789698
0,3234023909,131940985
0,3236361463,131948361
0,3238699032,131954815
0,3241036601,132085463
0,3243374156,132074780
0,3245711725,132065432
0,3248049294,132182253
0,3250386848,132159471
0,3252724417,132014537
0,3255061986,131887719
0,3257399541,131776754
0,3259737110,131679659
0,3262074679,131594701
0,3264412233,131520363
0,3266749802,131455317
0,3269087371,131398402
0,3271424926,131348601
0,3273762495,131305025
0,3276100064,131266896
0,3278437618,131233534
0,3280775187,131204342
0,3283112756,131178799
0,3285450311,131156449
0,3287787880,131136892
0,3290125449,131119780
0,3293610188,131229807
0,3295947757,131326081
0,3298285326,131410320
0,3300622880,131484030
0,3302960449,131548526
0,3305298004,131604960
0,3307635573,131654340
0,3309973142,131697547
0,3312310696,131735353
0,3314648265,131768433
0,3316985834,131797378
0,3319323389,131822705
0,3321660958,131844866
0,3323998527,131864257
0,3326336081,131881224
0,3328673650,131896071
0,3331011219,132034062
0,3333348774,132029804
0,3335686343,132026078
0,3338023912,132147818
0,3340361466,132129340
0,3342699035,132113172
0,3345036604,132224025
0,3347374159,132196021
0,3349711728,132171518
0,3352049297,132275078
0,3354386851,132240693
0,3356724420,132210606
0,3356767620,131809280
0,3359105189,131583120
0,3361442744,131385230
0,3363780313,131087076
0,3366117882,130951191
0,3368455436,130832292
0,3370793005,130603255
0,3373130574,130527848
0,3375468129,130461867
0,3377805698,130279133
0,3380143267,130244241
0,3382480821,130213710
0,3384818390,130061996
0,3387155959,130054246
0,3389493514,130047465
0,3391831083,129916531
0,3394168652,129926964
0,3396506206,129936093
0,3398843775,129819081
0,3401181344,129841695
0,3403518899,129861483
0,3405856468,129753797
0,3408194037,129784572
0,3410531591,129811500
0,3412869160,129710062
0,3415206729,129746304
0,3417544284,129778016
0,3419881853,129680764
0,3423366592,129720668
0,3425704161,129755584
0,3428041730,129786136
0,3430379284,129812869
0,3432716853,129836260
0,3435054422,129856727
0,3437391977,129874636
0,3439729546,129890306
0,3442067115,129904017
0,3444404669,129916014
0,3446742238,129926512
0,3449079807,129935698
0,3451417362,129943735
0,3453754931,129950768
0,3456092500,129956922
0,3458430054,129962306
0,3460767623,129842017
0,3463105192,129861764
0,3465442747,129879043
0,3467780316,129769162
0,3470117885,129798016
0,3472455439,129823264
0,3474793008,129720356
0,3477130577,129755311
0,3479468132,129785897
0,3481805701,129687659
0,3485290440,129851701
0,3487628009,129995238
0,3489965578,130370833
0,3492303132,130699478
0,3494640701,130987043
0,3496978270,131238662
0,3499315825,131458829
0,3501653394,131651475
0,3503990963,131820040
0,3506328517,131967535
0,3508666086,132096593
0,3511003655,132334518
0,3513341210,132417703
0,3515678779,132490490
0,3518016348,132679178
0,3520353903,132719280
0,3522691472,132754370
0,3525029041,132910073
0,3527366595,132921313
0,3529704164,132931148
0,3532041733,133064754
0,3534379288,133056659
0,3536716857,133049576
0,3539054426,133168379
0,3541391980,133147331
0,3543729549,133128914
0,3546067118,133237799
0,3548404673,133208074
0,3549595057,133057064
0,3551932626,132924931
0,3554270195,132684314
0,3556607750,132473774
0,3558945319,132164552
0,3561282888,132018983
0,3563620442,131891610
0,3565958011,132030158
0,3568295566,132151388
0,3570633135,132257464
0,3572970704,132350281
0,3575308258,132431495
0,3577645827,132502558
0,3579983396,132564738
0,3582320951,132619145
0,3584658520,132666751
0,3586996089,132708407
0,3589333643,132744856
0,3591671213,132776749
0,3594008782,132929655
0,3596346336,132938448
0,3598683905,132946142
0,3601021474,133077874
0,3603359029,133068139
0,3605696598,133059621
0,3608034167,133177168
0,3610371721,133155022
0,3612709290,133135644
0,3616194044,133368688
0,3618531598,133322602
0,3620869167,133282276
0,3623206736,133371991
0,3625544291,133325492
0,3627881860,133284805
0,3630219429,133374204
0,3632556983,133327428
0,3634894552,133286499
0,3637232121,133375686
0,3639569676,133328725
0,3641907245,133287634
0,3644244814,133251679
0,3646582369,133220219
0,3648919938,133192691
0,3651257507,133168604
0,3653595061,133147528
0,3655932630,133129087
0,3658270199,133112951
0,3660607754,133098832
0,3662945323,133086478
0,3665282877,133075668
0,3667620446,133066209
0,3669958015,133057932
0,3672295570,133050690
0,3675780323,133169353
0,3678117892,133398183
0,3680455447,133473410
0,3680498647,133289233
0,3682836216,133253078
0,3685173785,133346443
0,3687511339,133303137
0,3689848909,133265244
0,3692186478,133357088
0,3694524032,133312452
0,3696861601,133273395
0,3699199170,133364220
0,3701536725,133318692
0,3703874294,133278855
0,3706211863,133368998
0,3708549417,133322873
0,3710886986,133282513
0,3713224555,133372198
0,3715562110,133325673
0,3717899679,133284963
0,3720237248,133374342
0,3722574802,133327549
0,3724912371,133286605
0,3727249940,133250779
0,3729587495,133219431
0,3731925064,133192002
0,3734262633,133168001
0,3736600188,133147000
0,3738937757,133128625
0,3741275326,133112546
0,3743612880,133098477
0,3745950449,133086167
0,3748288004,132950396
0,3750625573,132831596
0,3752963142,132727646
0,3755300696,132636690
0,3757638265,132557103
0,3759975834,132487465
0,3762313389,132426531
0,3764650958,132373214
0,3766988527,132326562
0,3769326082,132285741
0,3771663651,132250023
0,3774001220,132343770
0,3776338774,132300798
0,3778676343,132263198
0,3781013912,132355298
0,3783351467,132310885
0,3785689036,132272024
0,3788026605,132363021
0,3790364159,132317643
0,3792701728,132277937
0,3795039297,132368194
0,3797376852,132322169
0,3799714421,132281897
0,3802051990,132371659
0,3805536729,132450201
0,3807874298,132393925
0,3810211867,132344684
0,3812549422,132301598
0,3814886991,132513898
0,3817224560,132824660
0,3819562114,132971577
0,3821899683,133100129
0,3824237252,133337612
0,3826574807,133420410
0,3828912376,133492858
0,3831249945,133681250
0,3833587500,133721093
0,3835925069,133755956
0,3838262638,133911461
0,3840600192,133922528
0,3842937761,133932212
0,3845275330,134065685
0,3847612885,134057474
0,3849950454,134050289
0,3852288008,134169002
0,3854625577,134147876
0,3856963146,134129391
0,3859300701,134238217
0,3861638270,134208439
0,3863975839,134182384
0,3866313394,134284586
0,3869798147,134374012
0,3872135716,134577260
0,3874473271,134755102
0,3876810840,134785714
0,3879148409,134937499
0,3881485963,135070311
0,3883823532,135061522
0,3886161102,135178831
0,3888498656,135281477
0,3890836225,135246292
0,3893173794,135340505
0,3895511349,135422941
0,3897848918,135370073
0,3900186487,135448813
0,3902524041,135517711
0,3904861610,135452997
0,3907199179,135521372
0,3909536734,135456200
0,3911874303,135399175
0,3914211872,135474278
0,3916549427,135414993
0,3918886996,135363118
0,3921224565,135442728
0,3923562119,135387387
0,3925899688,135338963
0,3928237257,135421592
0,3930574812,135368893
0,3932912381,135322781
0,3934102765,135282433
0,3936440320,135122128
0,3938777889,134856862
0,3941115458,134749754
0,3943453013,134531034
0,3945790582,134339654
0,3948128151,134297197
0,3950465705,134135047
0,3952803274,133993166
0,3955140843,133994020
0,3957478398,133869767
0,3959815967,133761046
0,3962153536,133790915
0,3964491091,133692050
0,3966828660,133605543
0,3969166229,133654850
0,3971503783,133572993
0,3973841352,133501368
0,3976178921,133563697
0,3978516476,133493234
0,3980854045,133431579
0,3983191614,133502631
0,3985529169,133439802
0,3987866738,133384826
0,3990204307,133461722
0,3992541861,133404006
0,3994879430,133353505
0,3997216999,133434316
0,3999554554,133380026
0,4001892123,133207522
0,4004229692,133056581
0,4006567247,132924508
0,4008904816,132808944
0,4011242385,132707826
0,4013579939,132619347
0,4015917508,132541928
0,4018255077,132474187
0,4020592632,132414913
0,4022930201,132363048
0,4025267770,132317667
0,4027605325,132277958
0,4029942894,132243213
0,4032280448,132212811
0,4034618017,132186209
0,4036955586,132162932
0,4039293141,132142565
0,4041630710,132124744
0,4043968279,132109151
0,4046305834,132095507
0,4048643403,132083568
0,4050980972,132073122
0,4053318526,132063981
0,4055656095,132055983
0,4057993664,132048985
0,4061478403,132167861
0,4063815972,132271878
0,4066153541,132487893
0,4068491096,132676906
0,4070828665,132842292
0,4073166234,133112005
0,4075503789,133223004
0,4077841358,133320128
0,4080178927,133530112
0,4082516481,133588848
0,4084854050,133640242
0,4087191620,133810211
0,4089529174,133833934
0,4091866743,133854692
0,4094204312,133997855
0,4096541867,133998123
0,4098879436,133998357
0,4101217005,134123562
0,4103554559,134108116
0,4105892129,134094601
0,4108229698,134457775
0,4110567252,134775553
0,4112904821,134928608
0,4115242390,135187532
0,4117579945,135414090
0,4119917514,135487328
0,4123402253,135801412
0,4125739822,136076235
0,4126930207,136066705
0,4129267776,136183366
0,4131605330,136285445
0,4133942899,136249764
0,4136280454,136343543
0,4138618023,136425600
0,4140955592,136372400
0,4143293147,136450850
0,4145630716,136519493
0,4147968285,136454556
0,4150305839,136522736
0,4152643408,136582394
0,4154980977,136509594
0,4157318532,136570894
0,4159656101,136624532
0,4161993670,136546465
0,4164331225,136603156
0,4166668794,136652761
0,4169006363,136696165
0,4171343917,136734144
0,4173681486,136767376
0,4176019056,136796454
0,4178356610,136821897
0,4180694179,136844159
0,4183031748,136863639
0,4185369303,136880684
0,4187706872,136895598
0,4188897256,136658648
0,4191234825,136576317
0,4193572380,136504277
0,4195909949,136191242
0,4198247518,136042336
0,4200585073,135787044
0,4202922642,135563663
0,4205260211,135493205
0,4207597765,135306554
0,4209935335,135143234
0,4212272904,135125329
0,4214610458,134984662
0,4216948027,134861579
0,4219285582,134878881
0,4221623151,134769020
0,4223960720,134672892
0,4226298275,134713780
0,4228635844,134624557
0,4230973413,134546487
0,4233310967,134603176
0,4235648536,134527779
0,4237986105,134461806
0,4240323660,134529080
0,4242661229,134462945
0,4244998798,134405076
0,4247336353,134479441
0,4249673922,134419510
0,4253158675,134617071
0,4255496230,134789937
0,4257833799,134691194
0,4260171368,134729794
0,4262508923,134888569
0,4264846492,134902497
0,4267184061,135039684
0,4269521615,135159723
0,4271859184,135139757
0,4274196754,135247287
0,4276534308,135341376
0,4278871877,135298704
0,4281209446,135386366
0,4283547001,135463070
0,4285884570,135405186
0,4288222139,135479537
0,4290559694,135544594
0,4292897263,135476519
0,4295234832,135541954
0,4297572386,135599209
0,4299909955,135524307
0,4302247524,135583768
0,4304585079,135510797
0,4306922648,135446947
0,4309260217,135516078
0,4311597772,135451568
0,4315082525,135645122
0,4317420080,135814481
0,4318610465,135712670
0,4320948034,135623586
0,4323285588,135670637
0,4325623157,135836807
0,4327960726,135857206
0,4330298281,136000055
0,4332635850,136125048
0,4334973419,136109417
0,4337310974,136220739
0,4339648543,136318146
0,4341986112,136278377
0,4344323666,136368579
0,4346661236,136447506
0,4348998805,136391567
0,4351336359,136467621
0,4353673928,136534168
0,4356011497,136592397
0,4358349052,136643347
0,4360686621,136687928
0,4363024190,136726937
0,4365361745,136761069
0,4367699314,136790935
0,4370036883,136817068
0,4372374437,136839934
0,4374712007,136859942
0,4377049576,136877449
0,4379387130,136892767
0,4381724699,136906171
0,4384062268,136917899
0,4386399823,136928161
0,4388737392,136687140
0,4391074961,136601247
0,4393412516,136526091
0,4395750085,136335329
0,4398087654,136293412
0,4400425208,136256735
0,4402762778,136099643
0,4405100347,136087187
0,4407437901,136076288
0,4409775470,135941752
0,4412113039,135949033
0,4414450594,135955403
0,4416788163,135835977
0,4419125732,135856479
0,4421463287,135874419
0,4423800856,135765116
0,4426138425,135794476
0,4428475980,135820166
0,4430813549,135717645
0,4433151118,135752939
0,4435488672,135783821
0,4437826241,135685843
0,4440163810,135725112
0,4443648550,135884473
0,4445986119,135898913
0,4448323673,136036548
0,4450661242,135906979
0,4452998811,135793606
0,4455336366,135944405
0,4457673935,136076354
0,4460011504,136191809
0,4462349059,136292832
0,4464686628,136381228
0,4467024197,136458574
0,4469361752,136526252
0,4471699321,136585470
0,4474036890,136637286
0,4476374444,136682625
0,4478712014,136722296
0,4481049583,136757009
0,4483387137,136787382
0,4485724706,136813959
0,4488062275,136837214
0,4490399830,136857562
0,4492737399,136750366
0,4495074968,136781570
0,4497412523,136808873
0,4499750092,136707763
0,4502087661,136744292
0,4504425216,136776255
0,4506762785,136679223
0,4509100354,136719320
0,4510290724,136629405
0,4512628293,136425729
0,4514965862,136247512
0,4517303417,136216573
0,4519640986,136064501
0,4521978555,135931438
0,4524316109,135940008
0,4526653678,135822507
0,4528991248,135719693
0,4531328802,135754731
0,4533666371,135660389
0,4536003940,135702840
0,4538341495,135739985
0,4540679064,135647486
0,4543016633,135691550
0,4545354188,135730106
0,4547691757,135638842
0,4550029326,135683986
0,4552366881,135723487
0,4554704450,135633051
0,4557042019,135678919
0,4559379573,135719054
0,4561717142,135629172
0,4564054712,135675525
0,4566392266,135716084
0,4568729835,135626573
0,4571067404,135673251
0,4573404959,135714094
0,4575742528,135624832
0,4578080097,135546728
0,4580417652,135478387
0,4582755221,135293588
0,4585092790,135256889
0,4587430345,135224777
0,4589767914,135071679
0,4592105483,135062719
0,4594443037,134929879
0,4596780606,134813644
0,4599118176,134836938
0,4601455730,134732320
0,4603793299,134640780
0,4606130868,134685682
0,4608468423,134599971
0,4610805992,134524974
0,4613143561,134584352
0,4615481116,134511308
0,4617818685,134447394
0,4620156254,134516469
0,4622493809,134451910
0,4624831378,134395421
0,4627168947,134470993
0,4629506501,134412118
0,4631844071,134360603
0,4635328810,134565527
0,4637666379,134619836
0,4640003948,134792356
0,4642341503,134943311
0,4644679072,134950397
0,4647016641,135206597
0,4649354195,135430772
0,4651691764,135626925
0,4654029334,135798559
0,4656366888,135948739
0,4658704457,136080146
0,4661042026,136195127
0,4663379581,136295736
0,4665717150,136383769
0,4668054719,136460797
0,4670392274,136528197
0,4672729843,136462172
0,4675067412,136529400
0,4677404967,136588225
0,4679742536,136514696
0,4682080105,136575359
0,4684417660,136628439
0,4686755229,136549884
0,4689092798,136606148
0,4691430352,136655379
0,4693767921,136573456
0,4696105491,136626774
0,4699590230,137048427
0,4701927799,137417373
0,4703118183,137615201
0,4705455738,137788300
0,4707793307,137939762
0,4710130876,138072291
0,4712468431,138188254
0,4714806000,138289722
0,4717143569,138378506
0,4719481124,138456192
0,4721818693,138524168
0,4724156262,138583647
0,4726493817,138635691
0,4728831386,138681229
0,4731168955,138721075
0,4733506509,138755940
0,4735844078,138786447
0,4738181648,138813141
0,4740519202,138836498
0,4742856771,138856935
0,4745194340,138874818
0,4747531895,138890465
0,4749869464,138904156
0,4752207033,138916136
0,4754544588,138926619
0,4756882157,138935791
0,4759219726,138943817
0,4761557281,138950839
0,4763894850,138956984
0,4765085234,138837361
0,4767422789,138732690
0,4769760358,138641103
0,4772097927,138435965
0,4774435482,138256469
0,4776773051,137974410
0,4779110620,137852608
0,4781448175,137746032
0,4783785744,137527778
0,4786123313,137461805
0,4788460868,137404079
0,4790798437,137228569
0,4793136006,137199997
0,4795473561,137174997
0,4797811130,137028122
0,4800148699,137024606
0,4802486253,137021530
0,4804823822,136893838
0,4807161392,136907108
0,4809498946,136918719
0,4811836515,136803879
0,4814174084,136828394
0,4816511639,136849844
0,4818849208,136743613
0,4821186777,136775661
0,4823524332,136803703
0,4825861901,136703240
0,4829346640,136865335
0,4831684209,137007168
0,4834021779,137131272
0,4836359333,137114863
0,4838696902,137100505
0,4841034471,137212941
0,4843372026,137311323
0,4845709595,137397407
0,4848047164,137472731
0,4850384719,137538639
0,4852722288,137596309
0,4855059857,137646770
0,4857397412,137690923
0,4859734981,137729557
0,4862072550,137763362
0,4864410105,137792941
0,4866747674,137818823
0,4869085243,137841470
0,4871422798,137861286
0,4873760367,137878625
0,4876097936,137893796
0,4878435490,137907071
0,4880773060,137918687
0,4883110629,137928851
0,4885448183,137937744
0,4887785752,137945526
0,4891270492,138077335
0,4893608061,138192668
0,4895945630,138293584
0,4897136014,138256886
0,4899473569,138224775
0,4901811138,138196678
0,4904148707,138297093
0,4906486262,138384956
0,4908823831,138461836
0,4911161400,138529106
0,4913498955,138587967
0,4915836524,138639471
0,4918174093,138684537
0,4920511648,138723969
0,4922849217,138758472
0,4925186786,138788663
0,4927524341,138815080
0,4929861910,138838195
0,4932199479,138858420
0,4934537034,138876117
0,4936874603,138891602
0,4939212172,138905151
0,4941549726,138917007
0,4943887296,138927381
0,4946224865,138936458
0,4948562419,138944400
0,4950899988,138951350
0,4953237558,138957431
0,4955575112,138962752
0,4957912681,138967408
0,4960250250,138971482
0,4962587805,138975046
0,4964925374,138978165
0,4967262943,138855894
0,4969600498,138748907
0,4971938067,138530293
0,4974275622,138464006
0,4976613191,138406005
0,4978950760,138230254
0,4981288315,138201472
0,4983625884,138176288
0,4985963453,138029252
0,4988301008,138025595
0,4990638577,138022395
0,4992976146,137894595
0,4995313701,137907770
0,4997651270,137919298
0,4999988839,137804385
0,5002326393,137828836
0,5004663963,137850231
0,5007001532,137868952
0,5009339086,137885333
0,5011676655,137899666
0,5014014225,137912207
0,5016351779,137923181
0,5018689348,137932783
0,5022174102,138066185
0,5024511657,138182911
0,5026849226,138285047
0,5029186795,138249416
0,5031524350,138218239
0,5033861919,138190959
0,5036199488,138292089
0,5038537043,138380577
0,5040874612,138458004
0,5043212181,138525753
0,5045549736,138585033
0,5047887305,138636903
0,5050224874,138682290
0,5052562428,138722003
0,5054899998,138756752
0,5057237567,138787158
0,5059575121,138813763
0,5061912690,138837042
0,5064250260,138857411
0,5066587814,138875234
0,5068925383,138890829
0,5071262938,138904475
0,5073600507,138916415
0,5075938076,138926863
0,5078275631,138936005
0,5080613200,138944004
0,5082950769,138951003
0,5085288324,138957127
0,5087625893,138962486
0,5088816278,138842175
0,5091153847,138736903
0,5093491401,138644790
0,5095828971,138564191
0,5098166540,138493667
0,5100504094,138431958
0,5102841664,138377963
0,5105179233,138330717
0,5107516787,138289377
0,5109854356,138253204
0,5112191926,138221553
0,5114529480,138193858
0,5116867049,138169625
0,5119204619,138148421
0,5121542173,138129868
0,5123879742,138113634
0,5126217311,138099429
0,5128554866,138087000
0,5130892435,138076125
0,5133230004,138066609
0,5135567559,138058282
0,5137905128,138050996
0,5140242697,138044621
0,5142580252,138039043
0,5144917821,137909162
0,5147255390,137920516
0,5149592945,137930451
0,5151930514,137814144
0,5154268069,137837376
0,5156605638,137857704
0,5158943207,137625491
0,5161280762,137547304
0,5163618331,137478891
0,5165955900,137294029
0,5168293455,137257275
0,5170631024,137225115
0,5172968593,137071975
0,5175306148,137062978
0,5177643717,137055105
0,5179981286,136923216
0,5182318841,136932814
0,5184656410,136941212
0,5186993979,136823560
0,5189331534,136845615
0,5191669103,136864913
0,5194006672,136881798
0,5196344227,136896573
0,5198681796,136909501
0,5201019365,136920813
0,5203356920,136930711
0,5205694489,136939372
0,5208032058,136946950
0,5210369612,136953581
0,5213854366,137084383
0,5216191935,137198835
0,5218529490,137298980
0,5220867059,137386607
0,5223204628,137463281
0,5225542183,137530370
0,5227879752,137714073
0,5230217321,137874813
0,5232554876,138015461
0,5234892445,138138528
0,5237230014,138246212
0,5239567569,138340435
0,5241905138,138422880
0,5244242707,138495020
0,5246580262,138558142
0,5248917831,138613374
0,5251255400,138661702
0,5253592955,138703989
0,5255930524,138740990
0,5258268079,138773366
0,5260605648,138801695
0,5262943217,138826483
0,5265280772,138848172
0,5267618341,138867150
0,5269955910,138883756
0,5272293465,138898286
0,5274631034,138911000
0,5278115788,139172125
0,5280453342,139275609
0,5281643727,139241157
0,5283981296,139211012
0,5286318851,139184635
0,5288656420,139411555
0,5290993989,139610110
0,5293331544,139908846
0,5295669113,140045240
0,5298006682,140289585
0,5300344237,140503386
0,5302681806,140565462
0,5305019375,140744779
0,5307356930,140901681
0,5309694499,140913970
0,5312032068,141049723
0,5314369623,141168507
0,5316707192,141147443
0,5319044761,141254012
0,5321382316,141347260
0,5323719885,141303852
0,5326057454,141390870
0,5328395009,141467011
0,5330732578,141408634
0,5333070147,141482554
0,5335407702,141422234
0,5337745271,141369454
0,5340082840,141448272
0,5342420395,141392238
0,5344757964,141343208
0,5345948348,141175307
0,5348285903,141028393
0,5350623472,140899843
0,5352961041,140662362
0,5355298596,140454566
0,5357636165,140272745
0,5359973734,140113651
0,5362311289,139974444
0,5364648858,139852638
0,5366986427,139746058
0,5369323982,139652800
0,5371661551,139571200
0,5373999120,139499800
0,5376336675,139437325
0,5378674244,139382659
0,5381011813,139459826
0,5383349368,139402347
0,5385686937,139352053
0,5388024506,139433046
0,5390362061,139378915
0,5392699630,139331550
0,5395037199,139415106
0,5397374754,139363217
0,5399712323,139317814
0,5402049892,139403087
0,5405534632,139477701
0,5407872201,139542988
0,5410209770,139725114
0,5412547325,139759474
0,5414884894,139789539
0,5417222463,139690846
0,5419560018,139604490
0,5421897587,139653928
0,5424235156,139822187
0,5426572711,139844413
0,5428910280,139863861
0,5431247849,140005878
0,5433585404,140005143
0,5435922973,140004500
0,5438260528,140003937
0,5440598097,140003444
0,5442935666,140003013
0,5445273221,140002636
0,5447610790,140002306
0,5449948359,140002017
0,5452285914,140001764
0,5454623483,140001543
0,5456961052,140001350
0,5459298607,140001181
0,5461636176,140001033
0,5463973745,140000903
0,5466311300,140000790
0,5468648869,140000691
0,5472133623,140250604
0,5473323993,140219278
0,5475661562,140191868
0,5477999131,140167884
0,5480336686,140146898
0,5482674255,140128535
0,5485011824,140237468
0,5487349379,140457784
0,5489686948,140525561
0,5492024517,140709865
0,5494362072,140871131
0,5496699641,140887239
0,5499037210,141026334
0,5501374765,141148042
0,5503712334,141129536
0,5506049903,141238344
0,5508387458,141333551
0,5510725027,141291857
0,5513062596,141380374
0,5515400151,141457827
0,5517737720,141400598
0,5520075289,141475523
0,5522412844,141416082
0,5524750413,141364071
0,5527087982,141443562
0,5529425537,141388116
0,5531763106,141339601
0,5534100675,141422150
0,5536438230,141369381
0,5538775799,141323208
0,5541113368,141407807
0,5543450923,141356831
0,5545788492,141187227
0,5548126061,141163823
0,5550463616,141018345
0,5552801185,140891051
0,5555138754,140904669
0,5557476309,140791585
0,5559813878,140692636
0,5562151448,140731056
0,5564489002,140639674
0,5566826571,140559714
0,5569164141,140614749
0,5571501695,140537905
0,5573839264,140470666
0,5576176834,140536832
0,5578514388,140469728
0,5580851958,140411012
0,5583189527,140484635
0,5585527081,140424055
0,5587864651,140371048
0,5590202220,140449667
0,5592539774,140393458
0,5594877344,140344275
0,5598362083,140551240
0,5600699652,140607335
0,5603037221,140781418
0,5605374776,140933740
0,5607712345,140942022
0,5610049914,141074269
0,5612387469,140939985
0,5614725038,140947486
0,5617062607,141079050
0,5619400162,141194168
0,5621737731,141169897
0,5624075300,141273659
0,5626412855,141239451
0,5628750424,141209519
0,5631087994,141308329
0,5633425548,141269787
0,5635763117,141236063
0,5638100687,141331555
0,5640438241,141290110
0,5642775811,141253846
0,5645113380,141347115
0,5647450934,141303725
0,5649788504,141265759
0,5652126073,141357539
0,5654463628,141312846
0,5656801197,141273740
0,5659138766,141364522
0,5661476321,141318956
0,5663813890,141279086
0,5666151459,141369200
0,5667341829,141198050
0,5669679398,141048293
0,5672016967,141042256
0,5674354522,140911974
0,5676692091,140797977
0,5679029661,140823229
0,5681367215,140720325
0,5683704784,140630284
0,5686042354,140676498
0,5688379908,140591935
0,5690717478,140517943
0,5693055047,140578200
0,5695392601,140505925
0,5697730171,140442684
0,5700067740,140512348
0,5702405295,140448304
0,5704742864,140392266
0,5707080433,140468232
0,5709417988,140409703
0,5711755557,140358490
0,5714093126,140438678
0,5716430681,140383843
0,5718768250,140335862
0,5721105819,140418879
0,5723443374,140366519
0,5725780943,140320704
0,5728118512,140405616
0,5730456067,140354914
0,5732793636,140310549
0,5735131205,140396730
0,5737468760,140222138
0,5739806329,140069370
0,5742143898,139935698
0,5744481453,139818735
0,5746819022,139716393
0,5749156591,139626843
0,5751494146,139548487
0,5753831715,139479926
0,5756169285,139419935
0,5758506839,139367443
0,5760844408,139321512
0,5763181978,139281323
0,5765519532,139246157
0,5767857102,139215387
0,5770194671,139188463
0,5772532225,139164905
0,5774869795,139144291
0,5777207364,139126254
0,5779544919,139110472
0,5781882488,139096663
0,5784220057,139084580
0,5786557612,139074007
0,5790042365,139314756
0,5792379920,139400411
0,5794717489,139475359
0,5797055059,139665939
0,5799392613,139707696
0,5801730183,139744234
0,5804067752,139901204
0,5806405306,139913553
0,5808742876,140049358
0,5811080445,140293188
0,5813418000,140381539
0,5815755569,140458846
0,5818093138,140651490
0,5820430693,140695053
0,5822768262,140733171
0,5825105831,140891524
0,5827443386,140905083
0,5829780955,140916947
0,5832118524,141052328
0,5834456079,141045787
0,5836793648,141040063
0,5839131217,141160055
0,5841468772,141140048
0,5843806341,141122542
0,5846143910,141232224
0,5848481465,141203196
0,5850819034,141177796
0,5853156604,141280571
0,5855494158,141245499
0,5857831727,141214811
0,5860169297,141312959
0,5862506851,141273839
0,5864844421,141239609
0,5867181990,141334657
0,5869519545,141292824
0,5871857114,141256221
0,5874194683,141349193
0,5876532238,141305543
0,5878869807,141517350
0,5881207376,141827681
0,5883544931,142099220
0,5885882500,142211817
0,5888220069,142435339
0,5890557624,142630921
0,5892895193,142677055
0,5895232762,142842423
0,5897570317,142987120
0,5899907886,142988730
0,5902245455,143115138
0,5904583010,143225745
0,5906920579,143197526
0,5909258134,143297835
0,5911595703,143385605
0,5913933273,143337404
0,5916270827,143420228
0,5918608397,143492699
0,5920945966,143431111
0,5923283520,143502222
0,5925621090,143564444
0,5927958659,143493888
0,5930296214,143557152
0,5932633783,143362508
0,5934971352,143192194
0,5937308907,143168169
0,5939646476,143022147
0,5941984045,142894378
0,5944321600,142907580
0,5946659169,142794132
0,5948996738,142694865
0,5951334293,142733006
0,5953671862,142641380
0,5956009431,142686207
0,5958346986,142725431
0,5960684555,142634752
0,5963022125,142680408
0,5965359679,142720357
0,5967697249,142630312
0,5970034818,142676523
0,5972372373,142716957
0,5974709942,142627337
0,5977047511,142673919
0,5979385066,142714679
0,5981722635,142625344
0,5984060204,142672176
0,5986397759,142713154
0,5988735328,142624009
0,5991072897,142671007
0,5993410452,142712131
0,5995748021,142623114
0,5998085590,142670224
0,6000423145,142711446
0,6002760714,142622515
0,6005098284,142669700
0,6007435838,142710987
0,6009773408,142622113
0,6012110977,142669348
0,6014448532,142710679
0,6016786101,142621844
0,6019123670,142669113
0,6021461225,142710473
0,6023798794,142621663
0,6026136363,142668955
0,6028473918,142710335
0,6030811487,142621543
0,6033149056,142668850
0,6035486611,142710243
0,6037824180,142621462
0,6040161749,142668779
0,6042499304,142710181
0,6044836873,142621408
0,6047174443,142668732
0,6049511997,142710140
0,6051849567,142621372
0,6054187136,142668700
0,6056524691,142710112
0,6058862260,142621348
0,6061199829,142668679
0,6063537384,142710094
0,6065874953,142621332
0,6068212522,142668665
0,6070550077,142710081
0,6072887646,142621320
0,6075225215,142668655
0,6077562770,142710073
0,6079900339,142621313
0,6082237908,142668648
0,6084575463,142710067
0,6086913032,142621308
0,6089250587,142668644
0,6091588156,142710063
0,6093925726,142621305
0,6096263280,142668641
0,6098600850,142585060
0,6100938419,142511927
0,6103275974,142572936
0,6105613543,142501319
0,6107951112,142438654
0,6110288667,142508822
0,6112626236,142445219
0,6114963805,142389566
0,6117301360,142465870
0,6119638929,142407636
0,6121976498,142356681
0,6124314053,142437095
0,6126651622,142382458
0,6128989192,142334650
0,6131326746,142417818
0,6133664316,142365590
0,6136001885,142444891
0,6138339440,142514279
0,6140677009,142449994
0,6143014578,142518744
0,6145352133,142578901
0,6147689702,142506538
0,6150027271,142568220
0,6152364826,142622192
0,6154702395,142544418
0,6158187149,142726365
0,6160524704,142885569
0,6162862273,142899872
0,6165199842,143037388
0,6167537397,143157714
0,6169874966,143137999
0,6172212535,143245749
0,6174550090,143340030
0,6176887659,143297526
0,6179225229,143385335
0,6181562783,143462168
0,6183900353,143404397
0,6186237922,143478847
0,6188575477,143543991
0,6190913046,143475992
0,6193250601,143541493
0,6195588170,143598806
0,6197925739,143523955
0,6200263294,143583460
0,6202600863,143635527
0,6204938432,143556086
0,6207275987,143611575
0,6209613556,143660128
0,6211951126,143577612
0,6214288680,143630410
0,6216626250,143676608
0,6218963819,143592032
0,6221301374,143643028
0,6223638943,143687649
0,6225976512,143601692
0,6227166897,143526480
0,6229504451,143460670
0,6231842021,143278086
0,6234179590,143243325
0,6236517145,143212909
0,6238854714,143061295
0,6241192283,143053633
0,6243529838,143046928
0,6245867407,142916062
0,6248204976,142926554
0,6250542531,142935734
0,6252880100,142818767
0,6255217669,142841421
0,6257555224,142861243
0,6259892793,142753587
0,6262230363,142784388
0,6264567918,142811339
0,6266905487,142709921
0,6269243056,142746180
0,6271580611,142777907
0,6273918180,142680668
0,6276255735,142720584
0,6278593304,142630511
0,6280930873,142551697
0,6283268428,142607734
0,6285605997,142531767
0,6287943566,142465296
0,6290281121,142532134
0,6292618690,142465617
0,6294956260,142407414
0,6297293814,142481487
0,6299631384,142296301
0,6301968953,142134263
0,6304306508,142117480
0,6306644077,141977795
0,6308981646,141855570
0,6311319201,141873623
0,6313656770,141764420
0,6315994339,141668867
0,6318331894,141710258
0,6320669463,141621475
0,6323007033,141668790
0,6325344587,141710191
0,6327682157,141621417
0,6330019726,141668739
0,6332357281,141710146
0,6334694850,141621377
0,6337032419,141668704
0,6339369974,141710116
0,6341707543,141621351
0,6344045112,141668682
0,6346382667,141710096
0,6348720236,141621334
0,6352204990,141793667
0,6354542545,141944458
0,6356880114,141951400
0,6359217683,142082475
0,6361555238,142197165
0,6363892808,142172519
0,6366230377,142275954
0,6368567932,142366459
0,6370905501,142445651
0,6373243056,142639944
0,6375580625,142809951
0,6377918194,142833707
0,6380255749,142979493
0,6382593318,143107056
0,6384930887,143093674
0,6387268442,143206964
0,6389606011,143306093
0,6391943581,143267831
0,6394281135,143359352
0,6396618705,143439433
0,6398956274,143384503
0,6401293829,143461440
0,6403631398,143528760
0,6405968967,143462665
0,6408306522,143529831
0,6410644091,143588602
0,6412981660,143515026
0,6415319215,143575647
0,6417656784,143628691
0,6419994354,143550104
0,6422331908,143606341
0,6424669478,143655548
0,6427007047,143698604
0,6429344602,143736278
0,6431682171,143769243
0,6434019740,143798087
0,6436357295,143823326
0,6438694864,143845410
0,6441032433,143864733
0,6443369988,143881641
0,6445707558,143896435
0,6448045127,143909380
0,6450382682,143920707
0,6452720251,143930618
0,6455057820,143939290
0,6457395375,143946878
0,6459732944,143953518
0,6462070513,143959328
0,6464408068,143964412
0,6466745637,143843860
0,6469083207,144113377
0,6471420761,144349204
0,6473758331,144555553
0,6476095900,144736108
0,6478433455,144894094
0,6480771024,145032332
0,6483108593,145153290
0,6485446148,145259128
0,6487783717,145351737
0,6490121286,145432769
0,6492458841,145503672
0,6494796410,145565713
0,6497133980,145494998
0,6499471535,145433123
0,6501809104,145378982
0,6504146673,145331609
0,6506484228,145290157
0,6508821797,145253887
0,6511159366,145222151
0,6513496921,145194382
0,6515834490,145170084
0,6518172060,145148823
0,6520509614,145130220
0,6522847184,145113942
0,6525184753,145099699
0,6527522308,145087236
0,6529859877,145076331
0,6532197446,145066789
0,6534535001,145058440
0,6536872570,145051135
0,6539210139,145044743
0,6541547694,145039150
0,6543885264,145034256
0,6546222833,145029974
0,6548560388,145026227
0,6550897957,145022948
0,6553235526,145020079
0,6555573081,145017569
0,6557910650,145015372
0,6560248205,145013450
0,6562585774,145011768
0,6564923343,145010297
0,6567260898,145009009
0,6569598468,145007882
0,6571936037,144881896
0,6574273592,144896659
0,6576611161,144909576
0,6578948730,144795879
0,6581286285,144821394
0,6583623854,144843719
0,6585961423,144738254
0,6588298978,144770972
0,6590636547,144799600
0,6592974117,144699650
0,6595311672,144737193
0,6597649241,144770043
0,6599986810,144673787
0,6602324365,144714563
0,6604661934,144750242
0,6606999503,144656461
0,6609337058,144699403
0,6611674627,144736977
0,6614012197,144769854
0,6616349752,144798622
0,6618687321,144823794
0,6621024890,144845819
0,6623362445,144865091
0,6625700014,144881954
0,6628037583,144896709
0,6630375138,144909620
0,6632712707,144920917
0,6635050277,144930802
0,6637387831,144939451
0,6639725401,144947019
0,6642062970,144953641
0,6644400525,144959435
0,6646738094,144964505
0,6649075663,144968941
0,6651413218,144972823
0,6653750787,144976220
0,6656088357,144979192
0,6658425911,144981793
0,6660763481,144984068
0,6663101050,144986059
0,6665438605,144987801
0,6667776174,144989325
0,6670113743,144990659
0,6672451298,144991826
0,6674788867,144992847
0,6677126437,144993741
0,6679463991,144994523
0,6681801561,144995207
0,6684139130,144995806
0,6686476685,144996330
0,6688814254,144996788
0,6691151823,144997189
0,6693489378,144997540
0,6695826947,144997847
0,6698164517,144998116
0,6700502071,144998351
0,6702839641,144998557
0,6705177210,144998737
0,6707514765,144998894
0,6709852334,144999032
0,6712189903,144999153
0,6714527458,144999258
0,6716865027,144999350
0,6719202597,144999431
0,6721540152,144999502
0,6723877721,144999564
0,6726215290,144999618
0,6728552845,144999665
0,6730890414,144999706
0,6733227983,144999742
0,6735565538,144999774
0,6737903107,144999802
0,6741387847,145124826
0,6743725416,145234222
0,6746062985,145454944
0,6748400540,145523076
0,6750738110,145582691
0,6753075679,145759854
0,6755413234,145789872
0,6757750803,145816138
0,6760088372,145839120
0,6762425927,145859230
0,6764763496,145876826
0,6767101066,145892222
0,6769438620,145905694
0,6771776190,145917482
0,6774113759,145927796
0,6776451314,145936821
0,6778788883,145944718
0,6781126452,145951628
0,6783464007,145957674
0,6785801576,145962964
0,6788139146,145967593
0,6790476700,145971643
0,6792814270,145975187
0,6795151839,145978288
0,6797489394,145981002
0,6799826963,145983376
0,6802164532,145985454
0,6804502087,145987272
0,6806839656,145988863
0,6809177226,145990255
0,6811514781,145991473
0,6812705165,145867538
0,6815042734,145759095
0,6817380289,145664208
0,6819717859,145581182
0,6822055428,145508534
0,6824392983,145444967
0,6826730552,145389346
0,6829068121,145340677
0,6831405676,145298092
0,6833743245,145260830
0,6836080815,145228226
0,6838418369,145199697
0,6840755939,145174734
0,6843093508,145152892
0,6845431063,145133780
0,6847768632,145117057
0,6850106201,145102424
0,6852443756,145089621
0,6854781325,145078418
0,6857118895,145068615
0,6859456450,145060038
0,6861794019,145052533
0,6864131588,145045966
0,6866469143,145040220
0,6868806712,145035192
0,6871144281,145030793
0,6873481836,145026943
0,6875819406,145023575
0,6878156975,145020628
0,6880494530,145018049
0,6882832099,145015792
0,6885169668,144888818
0,6887507223,144777715
0,6889844792,144555500
0,6892182362,144486062
0,6894519917,144425304
0,6896857486,144247141
0,6899195055,144216248
0,6901532610,144189217
0,6903870179,144040564
0,6906207748,144035493
0,6908545303,144031056
0,6910882873,143902174
0,6913220442,143914402
0,6915557997,143925101
0,6917895566,143809463
0,6920233135,143833280
0,6922570690,143854120
0,6924908259,143747355
0,6927245814,143778935
0,6929583383,143806568
0,6931920953,143705747
0,6935405692,143867528
0,6937743262,144009087
0,6940080831,144132951
0,6942418386,144241332
0,6944755955,144336165
0,6947093524,144419144
0,6949431079,144491751
0,6951768648,144555282
0,6954106218,144610871
0,6956443772,144659512
0,6958781342,144827073
0,6961118911,144973688
0,6963456466,145101977
0,6965794035,145214229
0,6968131604,145312450
0,6970469159,145398393
0,6972806729,145473593
0,6975144298,145539393
0,6977481853,145596968
0,6979819422,145647347
0,6982156991,145691428
0,6984494546,145729999
0,6986832115,145763749
0,6989169685,145793280
0,6991507240,145819120
0,6993844809,145841730
0,6996182378,145861513
0,6998519933,145878823
0,7000857502,145893970
0,7003195071,145907223
0,7005532626,145918820
0,7007870196,145928967
0,7010207765,145937846
0,7012545320,145945615
0,7014882889,145952413
0,7017220458,145958361
0,7019558013,145963565
0,7021895582,145968119
0,7024233152,145972104
0,7026570707,145975591
0,7028908276,145978642
0,7031245831,145981311
0,7033583400,145983647
0,7035920969,145985691
0,7038258524,145987479
0,7040596093,145989044
0,7042933663,145990413
0,7045271218,145991611
0,7047608787,145992659
0,7049946356,145993576
0,7052283911,145994379
0,7054621480,145995081
0,7056959050,145995695
0,7059296605,146371233
0,7061634174,146574828
0,7063971743,146752974
0,7066309298,147033852
0,7068646867,147154620
0,7070984436,147260292
0,7073321991,147477755
0,7075659561,147543035
0,7077997130,147600155
0,7080334685,147775135
0,7082672254,147678243
0,7085009823,147718462
0,7087347378,147628654
0,7089684948,147550072
0,7092022517,147606313
0,7094360072,147530523
0,7096697641,147464207
0,7099035210,147531181
0,7101372765,147464783
0,7103710334,147406685
0,7106047904,147480849
0,7108385459,147420742
0,7110723028,147368149
0,7113060597,147447130
0,7115398152,147391238
0,7117735721,147342333
0,7120073291,147424541
0,7122410845,147371473
0,7124748415,147325038
0,7127085984,147409408
0,7129423539,147358232
0,7131761108,147313453
0,7134098677,147399271
0,7136436232,147349362
0,7138773802,147305691
0,7141111371,147392479
0,7143448926,147343419
0,7145786495,147300491
0,7148124064,147387929
0,7150461619,147339437
0,7152799189,147297007
0,7155136758,147384881
0,7157474313,147336770
0,7159811882,147294673
0,7162149451,147382838
0,7164487006,147334983
0,7166824575,147293110
0,7169162145,147381471
0,7171499700,147333787
0,7173837269,147292063
0,7176174838,147380555
0,7178512393,147332985
0,7180849962,147291361
0,7183187532,147379940
0,7185525087,147332447
0,7187862656,147290891
0,7190200225,147379529
0,7192537780,147332087
0,7194875349,147290576
0,7197212919,147379254
0,7199550474,147331847
0,7201888043,147290366
0,7204225612,147379070
0,7206563167,147331686
0,7208900736,147290225
0,7211238291,147378946
0,7213575860,147331577
0,7215913430,147290129
0,7218250985,147378862
0,7220588554,147331504
0,7222926123,147290066
0,7225263678,147378807
0,7227601247,147331456
0,7229938817,147290024
0,7232276372,147253771
0,7234613941,147222049
0,7236951510,147194292
0,7239289065,147170005
0,7241626634,147148754
0,7243964204,147130159
0,7246301759,147113889
0,7248639328,147099652
0,7250976897,147087195
0,7253314452,147076295
0,7255652021,147066758
0,7257989591,147058413
0,7260327146,147051111
0,7262664715,147044722
0,7265002284,147164131
0,7267339839,147143614
0,7269677408,147125662
0,7272014978,147234954
0,7274352533,147205584
0,7276690102,147179886
0,7279027671,147282400
0,7281365226,147247100
0,7283702795,147216212
0,7286040365,147314185
0,7288377919,147274911
0,7290715489,147240547
0,7293053058,147335478
0,7295390613,147293543
0,7297728182,147256850
0,7300065752,147349743
0,7302403306,147306025
0,7304740876,147267771
0,7307078445,147359299
0,7309416000,147314386
0,7311753569,147275087
0,7314091139,147365701
0,7316428693,147319988
0,7318766263,147279989
0,7321103832,147369990
0,7323441387,147323741
0,7325778956,147283273
0,7328116526,147372863
0,7330454080,147326255
0,7332791650,147285473
0,7335129219,147374788
0,7337466774,147327939
0,7339804343,147286946
0,7342141913,147376077
0,7345626652,147454067
0,7347964221,147522308
0,7350301776,147707019
0,7352639346,147743641
0,7354976915,147775685
0,7357314470,147928724
0,7359652039,147937633
0,7361989608,147945428
0,7364327163,148077249
0,7366664733,148067592
0,7369002302,148184143
0,7371339857,148286125
0,7373677426,148250359
0,7376014995,148344064
0,7378352550,148426056
0,7380690120,148372799
0,7383027689,148451199
0,7385365244,148519799
0,7387702813,148454824
0,7390040382,148522971
0,7392377937,148582599
0,7394715507,148509774
0,7397053076,148571052
0,7399390631,148624670
0,7401728200,148546586
0,7404065770,148603262
0,7406403324,148652854
0,7408740894,148571247
0,7411078463,148624841
0,7413416018,148546735
0,7415753587,148478393
0,7416943972,148293593
0,7419281527,148131893
0,7421619096,147990406
0,7423956665,147866605
0,7426294220,147758279
0,7428631790,147663494
0,7430969359,147580557
0,7433306914,147507987
0,7435644483,147444488
0,7437982053,147388927
0,7440319607,147340311
0,7442657177,147297772
0,7444994746,147260550
0,7447332301,147227981
0,7449669870,147199483
0,7452007440,147299547
0,7454344995,147262103
0,7456682564,147229340
0,7459020133,147325672
0,7461357688,147284963
0,7463695257,147249342
0,7466032827,147343174
0,7468370382,147300277
0,7470707951,147262742
0,7473045520,147354899
0,7475383075,147310536
0,7477720644,147271719
0,7480058214,147362754
0,7482395769,147317409
0,7484733338,147277732
0,7487070907,147368015
0,7489408462,147322013
0,7491746031,147156761
0,7494083601,147137165
0,7496421156,146995019
0,7498758725,146870641
0,7501096294,146886810
0,7503433849,146775958
0,7505771419,146678963
0,7508108988,146719092
0,7510446543,146629205
0,7512784112,146550554
0,7515121681,146481734
0,7517459236,146421517
0,7519796806,146368827
0,7522134375,146322723
0,7524471930,146282382
0,7526809499,146247084
0,7529147069,146216198
0,7531484623,146189173
0,7533822193,146165526
0,7536159762,146144835
0,7539644502,146251730
0,7541982071,146345263
0,7544319626,146427105
0,7546657195,146498716
0,7548994765,146561376
0,7551332320,146616204
0,7553669889,146664178
0,7556007458,146831155
0,7558345013,146852260
0,7560682582,146870727
0,7563020152,147011886
0,7565357707,147260400
0,7567695276,147352850
0,7570032845,147558743
0,7572370400,147738900
0,7574707969,147771537
0,7577045539,147925094
0,7579383094,148059457
0,7581720663,148052024
0,7584058232,148170521
0,7586395787,148274205
0,7588733357,148239929
0,7591070926,148334937
0,7593408481,148418069
0,7595746050,148365810
0,7598083620,148445083
0,7600421174,148389447
0,7602758744,148340766
0,7605096313,148423170
0,7607433868,148370273
0,7609771437,148323988
0,7610961822,148158489
0,7613299377,148013677
0,7615636946,147886967
0,7617974516,147776096
0,7620312071,147679084
0,7622649640,147594198
0,7624987209,147519923
0,7627324764,147454932
0,7629662333,147398065
0,7631999903,147348306
0,7634337458,147304767
0,7636675027,147266671
0,7639012596,147358337
0,7641350151,147313544
0,7643687721,147274351
0,7646025290,147365057
0,7648362845,147319424
0,7650700414,147279496
0,7653037983,147369559
0,7655375538,147323364
0,7657713108,147282943
0,7660050677,147372575
0,7662388232,147326003
0,7664725801,147285252
0,7668210555,147499595
0,7670548110,147562145
0,7672885680,147616876
0,7675223249,147789766
0,7677560804,147816045
0,7679898373,147839039
0,7682235928,147984159
0,7684573497,147986139
0,7686911067,147862871
0,7689248622,147880012
0,7691586191,147770010
0,7693923760,147923758
0,7696261315,148183288
0,7698598885,148410377
0,7700936454,148484079
0,7703274009,148673569
0,7705611578,148714372
0,7707949148,148750075
0,7710286703,148906315
0,7712624272,148918025
0,7714961841,148928271
0,7717299396,149062237
0,7719636965,149054457
0,7721974535,149047649
0,7724312090,149166692
0,7726649659,149145855
0,7728987228,149127623
0,7731324783,149236670
0,7734809537,149332086
0,7737147107,149540575
0,7739484662,149723003
0,7740675046,149632627
0,7743012616,149678548
0,7745350171,149718729
0,7747687740,149628887
0,7750025309,149675276
0,7752362864,149715866
0,7754700433,149626382
0,7757038003,149673084
0,7759375558,149713948
0,7761713127,149874704
0,7764050696,150015366
0,7766388251,150138445
0,7768725821,150246139
0,7771063390,150340371
0,7773400945,150422824
0,7775738514,150494971
0,7778076084,150558099
0,7780413639,150613336
0,7782751208,150661669
0,7785088777,150703960
0,7787426332,150740965
0,7789763902,150648344
0,7792101471,150692301
0,7794439026,150730763
0,7796776595,150639417
0,7799114164,150684489
0,7801451719,150723927
0,7803789289,150633436
0,7806126858,150679256
0,7807317228,150594349
0,7809654798,150395055
0,7811992367,150220673
0,7814329922,150193088
0,7816667491,149918952
0,7819005061,149804083
0,7821342616,149703572
0,7823680185,149490625
0,7826017754,149429296
0,7828355309,149375634
0,7830692879,149203679
0,7833030448,149178219
0,7835368003,149155941
0,7837705572,149011448
0,7840043142,149010017
0,7842380697,149008764
0,7844718266,148882668
0,7847055835,148897334
0,7849393390,148910167
0,7851730960,148796396
0,7854068529,148821846
0,7856406084,148844115
0,7858743653,148738600
0,7862228393,148896275
0,7864565962,149034240
0,7866903531,149029960
0,7869241086,149151215
0,7871578656,149257313
0,7873916225,149225148
0,7876253780,149322004
0,7878591349,149406753
0,7880928919,149355908
0,7883266474,149311419
0,7885604043,149147491
0,7887941612,149004054
0,7890279167,149128547
0,7892616737,149112478
0,7894954306,149098418
0,7897291861,149211115
0,7899629430,149184725
0,7901967000,149161634
0,7904304555,149266429
0,7906642124,149233125
0,7908979693,149203984
0,7911317248,149303486
0,7913654818,149265550
0,7915992387,149232356
0,7918329942,149328311
0,7920667511,149287272
0,7923005081,149376363
0,7925342636,149454317
0,7927680205,149397527
0,7931164959,149597836
0,7933502514,149773106
0,7934692899,149676467
0,7937030468,149716908
0,7939368023,149752294
0,7941705592,149658257
0,7944043162,149700974
0,7946380717,149738352
0,7948718286,149646058
0,7951055855,149690300
0,7953393410,149729012
0,7955730980,149637885
0,7958068549,149808149
0,7960406104,149957130
0,7962743673,150087488
0,7965081243,150201552
0,7967418798,150301358
0,7969756367,150263688
0,7972093936,150355727
0,7974431491,150436261
0,7976769061,150381728
0,7979106630,150459012
0,7981444185,150526635
0,7983781754,150460805
0,7986119324,150528204
0,7989604063,150712178
0,7991941633,150748155
0,7994279188,150904635
0,7996616757,151041555
0,7998954326,151036360
0,8001291881,151156815
0,8003629451,151262213
0,8004819835,151104436
0,8007157405,151091381
0,8009494960,151079958
0,8011832529,150819963
0,8014170098,150717467
0,8016507653,150627783
0,8018845223,150424310
0,8021182792,150371271
0,8023520347,150324862
0,8025857916,150159254
0,8028195486,150139347
0,8030533041,150121928
0,8032870610,149981687
0,8035208179,149983976
0,8037545734,149985979
0,8039883304,149862731
0,8042220859,149879889
0,8044558428,149894902
0,8046895997,149783039
0,8049233552,149810159
0,8051571122,149833889
0,8055055876,149979652
0,8057393431,150107195
0,8059731000,150218795
0,8062068569,150316445
0,8063258940,150276889
0,8065596509,150242277
0,8067934078,150086992
0,8070271633,150076118
0,8072609203,149941603
0,8074946772,149823902
0,8077284327,149845914
0,8079621896,149615174
0,8081959466,149413277
0,8084297021,149486617
0,8086634590,149425789
0,8088972159,149372565
0,8091309715,149450994
0,8093647284,149394619
0,8095984853,149345291
0,8098322408,149427129
0,8100659978,149373737
0,8102997547,149327019
0,8105335102,149411141
0,8107672671,149359748
0,8110010241,149439779
0,8112347796,149509806
0,8114685365,149446080
0,8117022934,149515320
0,8119360489,149575905
0,8121698059,149503916
0,8125182813,149690926
0,8127520368,149854560
0,8128710752,149747740
0,8131048322,149779272
0,8133385877,149806863
0,8135723446,149706005
0,8138061015,149617754
0,8140398570,149540534
0,8142736140,149347967
0,8145073709,149304471
0,8147411264,149266412
0,8149748833,149108110
0,8152086403,149094596
0,8154423958,149207771
0,8156761527,149181799
0,8159099097,149284074
0,8161436652,149373564
0,8163774221,149326868
0,8166111790,149411009
0,8168449345,149484632
0,8170786915,149424053
0,8173124484,149496046
0,8175462039,149559040
0,8177799608,149489160
0,8180137178,149553015
0,8183621917,149733888
0,8185959487,149767152
0,8188297042,149921258
0,8190634611,150056100
0,8192972180,150049087
0,8195309735,150167951
0,8197647305,150271957
0,8198837690,150112962
0,8201175259,150098841
0,8203512814,149836485
0,8205850383,149606924
0,8208187953,149531058
0,8210525508,149339675
0,8212863077,149297215
0,8215200646,149385063
0,8217538201,149461930
0,8219875771,149404188
0,8222213340,149478664
0,8224550895,149543831
0,8226888464,149475852
0,8229226019,149541370
0,8231563589,149598698
0,8233901158,149523860
0,8236238713,149583377
0,8238576283,149635454
0,8240913852,149556022
0,8243251407,149611519
0,8245588976,149660079
0,8249073730,149827569
0,8251411285,149974122
0,8253748855,150102356
0,8256086424,150214561
0,8257276794,150187740
0,8259614364,150039272
0,8261951933,149909363
0,8264289488,149920692
0,8266627057,149805605
0,8268964627,149704904
0,8271302182,149741791
0,8273639751,149524067
0,8275977321,149333558
0,8278314876,149416863
0,8280652445,149364755
0,8282990014,149319160
0,8285327569,149404265
0,8287665139,149353731
0,8290002708,149434514
0,8292340263,149505199
0,8294677832,149442049
0,8297015402,149511792
0,8299352957,149572818
0,8301690526,149501215
0,8304028096,149563563
0,8306365651,149618117
0,8308703220,149540852
0,8312187974,149723245
0,8314525529,149882839
0,8316863098,149897484
0,8319200668,150035298
0,8321538223,150155885
0,8323875792,150136399
0,8326213362,150244349
0,8328550917,150338805
0,8330888486,150296454
0,8333226041,150259397
0,8335563610,150226972
0,8337901180,150073600
0,8340238735,150064400
0,8342576304,150306350
0,8344913873,150518056
0,8347251428,150703299
0,8349588998,150865386
0,8351926567,151132212
0,8354264122,151365685
0,8356601692,151569974
0,8358939261,151748727
0,8361276816,151905136
0,8363614385,152041994
0,8365951955,152161744
0,8368289510,152266526
0,8370627079,152358210
0,8372964648,152438433
0,8375302204,152508628
0,8378786958,152695049
0,8381124527,152983167
0,8383462082,153110271
0,8385799651,153221487
0,8386990036,153193801
0,8389327591,153169575
0,8391665160,153148378
0,8394002730,153254830
0,8396340285,153222976
0,8398677854,153195104
0,8401015424,153045716
0,8403352979,152915001
0,8405690548,152800625
0,8408028117,152700546
0,8410365672,152737977
0,8412703242,152770729
0,8415040811,152924387
0,8417378366,152933838
0,8419715936,152942108
0,8422053505,153074344
0,8424391060,153065051
0,8426728629,153056919
0,8429066199,153174804
0,8431403754,153152953
0,8433741323,153133833
0,8436078892,153242103
0,8438416448,153211840
0,8440754017,153185360
0,8443091586,153162190
0,8445429141,153141916
0,8447766711,153124176
0,8450104280,153108654
0,8451294650,152970072
0,8453632220,152848813
0,8455969789,152617711
0,8458307344,152540497
0,8460644914,152472934
0,8462982483,152163817
0,8465320038,152018339
0,8467657607,151891046
0,8469995177,151654665
0,8472332732,151572831
0,8474670301,151501227
0,8477007871,151438573
0,8479345426,151383751
0,8481682995,151335782
0,8484020564,151293809
0,8486358119,151257082
0,8488695689,151224946
0,8491033258,151196827
0,8493370813,151172223
0,8495708383,151150695
0,8498045952,151131858
0,8500383507,151115375
0,8502721076,151100953
0,8505058646,151088333
0,8508543385,151202291
0,8510880955,151302004
0,8513218510,151389253
0,8515556079,151465596
0,8517893649,151532396
0,8520231204,151590846
0,8522568773,151641990
0,8524906342,151686741
0,8527243898,151725898
0,8529581467,151635160
0,8531919036,151430765
0,8534256591,151376919
0,8536594161,151329804
0,8538931730,151413578
0,8541269285,151486880
0,8543606855,151551020
0,8545944424,151482142
0,8548281979,151546874
0,8550619548,151603514
0,8552957118,151528074
0,8555294673,151587064
0,8557632242,151638681
0,8559969812,151558845
0,8562307367,151613989
0,8564644936,151662240
0,8566982505,151579460
0,8569320060,151632027
0,8572804814,151803023
0,8575142384,151952645
0,8577479939,152083564
0,8579817508,152198118
0,8582155078,152298353
0,8583345448,152261058
0,8585683017,152228425
0,8588020587,152199871
0,8590358142,152174887
0,8592695711,152153026
0,8595033281,152133897
0,8597370836,152117159
0,8599708405,152102514
0,8602045974,152089699
0,8604383530,152203486
0,8606721099,152303050
0,8609058668,152515168
0,8611396223,152575772
0,8613733793,152628800
0,8616071362,152800200
0,8618408917,152825175
0,8620746487,152847028
0,8623084056,152991149
0,8625421611,152992255
0,8627759180,152993223
0,8630096750,152994070
0,8632434305,152994811
0,8634771874,152995459
0,8638256614,153121026
0,8640594183,153230897
0,8642931753,153327034
0,8645269308,153411154
0,8646459693,153359759
0,8648797262,153314789
0,8651134831,153275440
0,8653472386,153241010
0,8655809956,153210883
0,8658147525,153184522
0,8660485080,153036456
0,8662822650,152906899
0,8665160219,152793536
0,8667497774,152694344
0,8669835343,152607551
0,8672172913,152531607
0,8674510468,152465156
0,8676848037,152407011
0,8679185607,152356134
0,8681523162,152311617
0,8683860731,152272664
0,8686198301,152238581
0,8688535856,152208758
0,8690873425,152182663
0,8693210980,152159830
0,8695548549,152139851
0,8697886119,152122369
0,8700223674,152107072
0,8703708428,152218688
0,8706045997,152441352
0,8708383552,152511183
0,8710721122,152572285
0,8711911507,152500749
0,8714249062,152438155
0,8716586631,152383385
0,8718924200,152335461
0,8721261756,152293528
0,8723599325,152131837
0,8725936894,151865357
0,8728274449,151757187
0,8730612019,151662538
0,8732949588,151454720
0,8735287143,151522880
0,8737624713,151582520
0,8739962282,151509705
0,8742299837,151570991
0,8744637406,151624617
0,8746974976,151546539
0,8749312531,151603221
0,8751650100,151652818
0,8753987670,151571215
0,8756325225,151624813
0,8758662794,151671711
0,8761000364,151712747
0,8763337919,151748653
0,8766822673,151905071
0,8769160242,152041937
0,8771497797,152161694
0,8773835367,152266482
0,8776172936,152358171
0,8777363306,152313399
0,8779700876,152274224
0,8782038445,152239946
0,8784376000,152209952
0,8786713570,152183708
0,8789051139,152035744
0,8791388694,151906276
0,8793726264,151792991
0,8796063833,151693867
0,8798401388,151732133
0,8800738957,151765616
0,8803076527,151794914
0,8805414082,151820549
0,8807751651,151842980
0,8810089221,151862607
0,8812426776,151879781
0,8814764345,151894808
0,8817101915,151907957
0,8819439470,151919462
0,8821777039,151929529
0,8824114608,151938337
0,8826452164,151946044
0,8828789733,151952788
0,8832274473,152083689
0,8834612042,152198227
0,8836949612,152298448
0,8839287167,152386142
0,8840477551,152337874
0,8842815121,152295639
0,8845152690,152258684
0,8847490245,152226348
0,8849827815,152198054
0,8852165384,152173297
0,8854502939,152026634
0,8856840509,151773304
0,8859178078,151676641
0,8861515633,151592060
0,8863853202,151643052
0,8866190772,151687670
0,8868528327,151726711
0,8870865896,151760872
0,8873203466,151790763
0,8875541021,151816917
0,8877878590,151839802
0,8880216145,151859826
0,8882553715,151877347
0,8884891284,151892678
0,8887228839,151906093
0,8889566409,151917831
0,8891903978,151928102
0,8894241533,151937089
0,8897726287,152069952
0,8900063857,152311208
0,8902401412,152397307
0,8904738981,152472643
0,8905929366,152413562
0,8908266921,152361866
0,8910604490,152316632
0,8912942060,152152053
0,8915279615,152133046
0,8917617184,151991415
0,8919954754,151742488
0,8922292309,151649677
0,8924629878,151568467
0,8926967448,151372408
0,8929305003,151450857
0,8931642572,151519499
0,8933980141,151454561
0,8936317697,151522740
0,8938655266,151582397
0,8940992835,151509597
0,8943330390,151570897
0,8945667960,151624534
0,8948005529,151671467
0,8950343084,151712533
0,8952680654,151748466
0,8955018223,151779907
0,8958502963,151932418
0,8960840532,152065865
0,8963178102,152182631
0,8965515657,152284802
0,8967853226,152374201
0,8970190796,152452425
0,8972528351,152520871
0,8974865920,152580762
0,8977203490,152633166
0,8979541045,152679020
0,8981878614,152719142
0,8984216169,152629249
0,8986553739,152550592
0,8988891308,152481768
0,8991228863,152796547
0,8993566433,152946978
0,8995904002,153203605
0,8998241557,153553154
0,9000579127,153734009
0,9002916696,153892257
0,9005254251,154155724
0,9007591821,154261258
0,9009929390,154353600
0,9012266945,154559400
0,9014604514,154614475
0,9016942084,154662665
0,9019279639,154829831
0,9021617208,154851102
0,9023954778,154869714
0,9027439518,155135999
0,9029777087,155243999
0,9032114656,155463499
0,9033305027,155530561
0,9035642596,155464240
0,9037980166,155406210
0,9040317721,155480433
0,9042655290,155420378
0,9044992860,155367830
0,9047330415,155446851
0,9049667984,155390994
0,9052005554,155342119
0,9054343109,155174354
0,9056680678,155027559
0,9059018247,155024114
0,9061355803,155146099
0,9063693372,155127836
0,9066030941,155236856
0,9068368497,155332249
0,9070706066,155290717
0,9073043635,155379377
0,9075381191,155456954
0,9077718760,155399834
0,9080056329,155474854
0,9082393884,155540497
0,9084731454,155472934
0,9087069023,155538817
0,9089406578,155596464
0,9091744148,155521906
0,9094081717,155581667
0,9096419272,155633958
0,9098756842,155554713
0,9101094411,155610373
0,9102284782,155409076
0,9104622351,155232941
0,9106959920,155078823
0,9109297476,154943970
0,9111635045,154700973
0,9113972614,154488351
0,9116310170,154302307
0,9118647739,154139518
0,9120985308,153997078
0,9123322863,153872443
0,9125660433,153763387
0,9127998002,153667963
0,9130335557,153584467
0,9132673127,153511408
0,9135010696,153572482
0,9137348251,153500921
0,9139685821,153438305
0,9142023390,153508516
0,9144360945,153444951
0,9146698515,153389332
0,9149036084,153465665
0,9152520824,153532456
0,9154858393,153590899
0,9157195963,153767036
0,9159533518,153796156
0,9161871087,153821636
0,9164208643,153968931
0,9166546212,153972814
0,9168883781,153976212
0,9171221337,154104185
0,9173558906,154091161
0,9175896475,154079765
0,9178234031,154194794
0,9180571600,154045444
0,9182909169,153914763
0,9185246725,153800417
0,9187584294,153825364
0,9189921863,153847193
0,9192259418,153991293
0,9194596988,153992381
0,9196934557,153993333
0,9199272112,154119166
0,9201609682,154104270
0,9203947251,154091236
0,9206284806,154079831
0,9208622376,154069852
0,9210959945,154061120
0,9213297500,154053480
0,9215635070,154046795
0,9217972639,154040945
0,9220310194,154035826
0,9223794949,154156347
0,9226132518,154386803
0,9227322888,154338452
0,9229660458,154296145
0,9231998027,154259126
0,9234335582,154226735
0,9236673152,154198393
0,9239010721,154298593
0,9241348276,154261268
0,9243685846,154228609
0,9246023415,154325032
0,9248360970,154284403
0,9250698540,154248852
0,9253036109,154342745
0,9255373664,154299901
0,9257711234,154387413
0,9260048803,154588986
0,9262386358,154765362
0,9264723928,154794691
0,9267061497,154945354
0,9269399052,155077184
0,9271736622,155067536
0,9274074191,155184094
0,9276411746,155286082
0,9278749316,155250321
0,9282234056,155469030
0,9284571625,155660401
0,9286909195,155702850
0,9289246750,155864993
0,9291584319,155881868
0,9293921889,155896634
0,9296259444,156034554
0,9298597013,156030234
0,9299787398,155901454
0,9302124967,155913772
0,9304462522,155799550
0,9306800092,155574606
0,9309137661,155502780
0,9311475216,155314932
0,9313812786,155150565
0,9316150355,155131744
0,9318487910,154990276
0,9320825480,154866491
0,9323163049,154883179
0,9325500604,154772781
0,9327838174,154676183
0,9330175743,154716660
0,9332513298,154627077
0,9334850868,154548692
0,9337188437,154605105
0,9339525992,154529466
0,9341863562,154463282
0,9344201117,154530371
0,9347685871,154589074
0,9350023441,154765439
0,9352360996,154919759
0,9354698565,154929789
0,9357036135,155063565
0,9358226505,155055619
0,9360564075,154923666
0,9362901644,154808207
0,9365239199,154832181
0,9367576769,154728158
0,9369914338,154637138
0,9372251893,154682495
0,9374589463,154597183
0,9376927032,154397535
0,9379264587,154222843
0,9381602157,154194987
0,9383939726,154170613
0,9386277281,154274286
0,9388614851,154240000
0,9390952420,154210000
0,9393289975,154183750
0,9395627545,154160781
0,9397965114,154140683
0,9400302669,154123097
0,9402640239,154107709
0,9404977808,154094245
0,9407315363,154082464
0,9409652933,154072156
0,9411990502,154063136
0,9414328057,154055244
0,9417812811,154173338
0,9420150381,154401670
0,9422487936,154476461
0,9423678321,154416903
0,9426015890,154489790
0,9428353445,154428566
0,9430691015,154374995
0,9433028584,154453120
0,9435366139,154271480
0,9437703709,154112545
0,9440041278,154098476
0,9442378833,153961166
0,9444716403,153841020
0,9447053972,153860892
0,9449391528,153753280
0,9451729097,153659120
0,9454066666,153826730
0,9456404222,153848388
0,9458741791,153867339
0,9461079360,154008921
0,9463416916,154007805
0,9465754485,154006829
0,9468092055,154130975
0,9470429610,154114603
0,9472767179,154100277
0,9476251919,154337742
0,9478589488,154420524
0,9480927058,154492958
0,9483264613,154681338
0,9485602183,154721170
0,9487939752,154756023
0,9490277307,154911520
0,9492614877,154922580
0,9493805261,154807257
0,9496142831,154831349
0,9498480386,154727430
0,9500817955,154511501
0,9503155525,154322563
0,9505493080,154157242
0,9507830649,154012586
0,9510168219,153886012
0,9512505774,153900260
0,9514843343,153912727
0,9517180913,154048636
0,9519518468,154042556
0,9521856038,154037236
0,9524193607,154157581
0,9526531162,154137883
0,9528868732,154120647
0,9531206287,154230566
0,9533543856,154201745
0,9535881426,154176526
0,9538218981,154279460
0,9541703735,154369527
0,9544041304,154573336
0,9546378860,154751669
0,9548716429,154782710
0,9551053999,154934871
0,9552244369,154943012
0,9554581938,154825135
0,9556919508,154721993
0,9559257063,154756743
0,9561594632,154662150
0,9563932202,154579381
0,9566269757,154631958
0,9568607327,154552963
0,9570944896,154358842
0,9573282451,154188986
0,9575620021,154040362
0,9577957590,154035316
0,9580295145,154030901
0,9582632715,154027038
0,9584970284,154023658
0,9587307839,154020700
0,9589645409,154018112
0,9591982978,154015848
0,9594320533,154013867
0,9596658103,154012133
0,9598995672,154010616
0,9602480412,154134289
0,9604817982,154242502
0,9607155551,154462189
0,9609493106,154529415
0,9611830676,154588238
0,9614168245,154764708
0,9616505800,154794119
0,9618843370,154819854
0,9621180939,154967372
0,9623518495,154971450
0,9625856064,154975018
0,9628193633,155103140
0,9630531189,154965247
0,9632868758,154844591
0,9635206313,154864017
0,9637543883,154756014
0,9639881452,154911512
0,9642219007,155172573
0,9644556577,155401001
0,9646894146,155475875
0,9649231701,155666390
0,9651569271,155958091
0,9653906840,156088329
0,9656244396,156327287
0,9658581965,156536376
0,9660919534,156594329
0,9663257090,156770037
0,9665594659,156923782
0,9667932229,156933309
0,9671416968,157191645
0,9673754538,157417689
0,9676092107,157615477
0,9678429663,157788542
0,9679620047,157814974
0,9681957617,157713102
0,9684295172,157748964
0,9686632741,157780343
0,9688970311,157682800
0,9691307866,157722450
0,9693645436,157757143
0,9695983005,157662500
0,9698320560,157579687
0,9700658130,157382226
0,9702995699,157209447
0,9705333254,157183266
0,9707670824,157035357
0,9710008393,157155937
0,9712345948,157261444
0,9714683518,157353763
0,9717021087,157434542
0,9719358643,157505224
0,9721696212,157567071
0,9724033781,157621187
0,9726371337,157668538
0,9728708906,157709970
0,9731046476,157746223
0,9733384031,157777945
0,9735721600,157805701
0,9738059170,157829988
0,9740396725,157851239
0,9742734294,157869834
0,9745071864,157886104
0,9746262234,157775341
0,9748599804,157678423
0,9750937373,157468620
0,9753274928,157410042
0,9755612498,157358786
0,9757950067,157063937
0,9760287623,156930944
0,9762625192,156689576
0,9764962761,156478379
0,9767300317,156418581
0,9769637886,156241258
0,9771975456,156086100
0,9774313011,156075337
0,9776650580,155940919
0,9778988150,155823304
0,9781325705,155845391
0,9783663274,155739717
0,9786000844,155772252
0,9788338399,155800720
0,9790675969,155700630
0,9793013538,155738051
0,9795351093,155770794
0,9798835847,155799444
0,9801173417,155949513
0,9803510972,156080823
0,9805848542,156070720
0,9808186111,156186880
0,9810523666,156288520
0,9812861236,156252455
0,9815198791,156345898
0,9817536360,156427660
0,9819873930,156374202
0,9822211485,156452426
0,9824549054,156520872
0,9826886624,156330763
0,9829224179,156289417
0,9831561749,156128239
0,9833899318,155987209
0,9836236873,156113807
0,9838574443,156224581
0,9840912012,156196508
0,9843249567,156296944
0,9845587137,156384826
0,9847924706,156336722
0,9850262262,156419631
0,9852599831,156492177
0,9854937401,156430654
0,9857274956,156501822
0,9859612525,156564094
0,9861950095,156493582
0,9865434835,156681884
0,9867772404,156721648
0,9870109974,156881442
0,9872447529,157021261
0,9874785098,157018603
0,9875975483,156891277
0,9878313038,156904867
0,9880650608,156791758
0,9882988177,156692788
0,9885325732,156731189
0,9887663302,156639790
0,9890000871,156684816
0,9892338426,156724214
0,9894675996,156633687
0,9897013565,156679476
0,9899351121,156719541
0,9901688690,156629598
0,9904026260,156800898
0,9906363815,156950785
0,9908701384,157081936
0,9911038954,157196694
0,9913376509,157297107
0,9915714078,157384968
0,9918051648,157461847
0,9920389203,157529116
0,9922726773,157587976
0,9925064342,157639479
0,9928549082,157809544
0,9930886652,157958351
0,9933224207,158088557
0,9935561776,158202487
0,9937899346,158302176
0,9940236901,158389404
0,9941427286,158340728
0,9943764855,158173137
0,9946102425,158151494
0,9948439980,158132557
0,9950777549,157990987
0,9953115119,157992113
0,9955452674,157868098
0,9957790244,157634585
0,9960127813,157555261
0,9962465368,157485853
0,9964802938,157300121
0,9967140507,157262605
0,9969478062,157229779
0,9971815632,157076056
0,9974153201,157066549
0,9976490757,157058230
0,9978828326,156925951
0,9981165896,156935207
0,9983503451,156943306
0,9985841020,156825392
0,9988178590,156847218
0,9990516145,156866315
0,9992853714,156758025
0,9996338454,156913271
0,9998676024,157049112
0,10001013593,157167973
0,10003351149,157271976
0,10004541533,157237979
0,10006879103,157083231
0,10009216658,157072827
0,10011554228,157063723
0,10013891797,156930757
0,10016229352,156939412
0,10018566922,156946985
0,10020904491,156703611
0,10023242046,156615659
0,10025579616,156413701
0,10027917185,156236988
0,10030254741,156207364
0,10032592310,156306443
0,10034929880,156268137
0,10037267435,156359619
0,10039605004,156439666
0,10041942574,156384707
0,10044280129,156461618
0,10046617698,156403915
0,10048955268,156353425
0,10051292823,156434246
0,10053630393,156379965
0,10055967962,156332469
0,10058305517,156415910
0,10061790272,156488921
0,10064127841,156677805
0,10066465396,156843079
0,10068802966,156862694
0,10071140535,157004857
0,10072330906,157004249
0,10074668475,156878717
0,10077006045,156893877
0,10079343600,156907142
0,10081681170,156793749
0,10084018739,156694530
0,10086356294,156607713
0,10088693864,156406748
0,10091031433,156355904
0,10093368988,156311416
0,10095706558,156147489
0,10098044127,156254052
0,10100381683,156347295
0,10102719252,156303883
0,10105056822,156390897
0,10107394377,156467034
0,10109731946,156408654
0,10112069516,156482572
0,10114407071,156547250
0,10116744641,156478843
0,10119082210,156543987
0,10121419765,156600988
0,10124904520,156650864
0,10127242075,156819506
0,10129579644,156967067
0,10131917214,156971183
0,10134254769,157099785
0,10136592338,157212311
0,10137782723,157060772
0,10140120293,157053175
0,10142457848,157046528
0,10144795417,156915712
0,10147132987,156926248
0,10149470542,156935467
0,10151808112,156693533
0,10154145681,156606841
0,10156483236,156405985
0,10158820806,156230236
0,10161158375,156326456
0,10163495931,156410649
0,10165833500,156359317
0,10168171070,156439402
0,10170508625,156509476
0,10172846194,156445791
0,10175183764,156515067
0,10177521319,156575683
0,10179858889,156503722
0,10182196444,156565756
0,10184534013,156620036
0,10186871583,156542531
0,10190356323,156724714
0,10192693892,156884124
0,10195031462,157023608
0,10197369017,157145657
0,10199706587,157252449
0,10200896971,157095892
0,10203234527,157083905
0,10205572096,157073416
0,10207909666,156939239
0,10210247221,156946834
0,10212584790,156953479
0,10214922360,156834294
0,10217259915,156730007
0,10219597485,156513756
0,10221935054,156324536
0,10224272609,156283969
0,10226610179,156123472
0,10228947748,156108038
0,10231285304,156219533
0,10233622873,156192091
0,10235960443,156168079
0,10238297998,156272069
0,10240635567,156238060
0,10242973137,156208302
0,10245310692,156307264
0,10248795446,156393856
0,10251133016,156594624
0,10253470571,156770296
0,10255808141,156799009
0,10258145710,156949132
0,10260483265,157080490
0,10262820835,157070428
0,10265158404,157186624
0,10267495960,157288296
0,10269833529,157252259
0,10272171099,157345726
0,10274508654,157427510
0,10276846223,157374071
0,10279183793,157452312
0,10281521348,157395773
0,10283858918,157221301
0,10286196473,157193638
0,10288534042,157419433
0,10290871612,157617003
0,10293209167,157789877
0,10295546737,157941142
0,10297884306,158198499
0,10300221861,158423686
0,10302559431,158620725
0,10304897000,158793134
0,10307234556,158943992
0,10309572125,159075993
0,10311909695,159191493
0,10314247250,159292556
0,10316584819,159380986
0,10320069574,159708362
0,10322407129,159869816
0,10324744698,160011089
0,10325935083,160009702
0,10328272638,160008489
0,10330610208,160007427
0,10332947777,160006498
0,10335285333,160005685
0,10337622902,160004974
0,10339960472,160004352
0,10342298027,160003808
0,10344635597,160003332
0,10346973166,160002915
0,10349310721,159877550
0,10351648291,159767856
0,10353985860,159546874
0,10356323416,159478514
0,10358660985,159418699
0,10360998555,159491361
0,10363336110,159554940
0,10365673679,159610572
0,10368011249,159784250
0,10370348804,159811218
0,10372686374,159834815
0,10375023943,159980463
0,10377361498,159982905
0,10379699068,159985041
0,10382036637,160111910
0,10384374193,160097921
0,10386711762,160085680
0,10389049332,160199970
0,10391386887,160174973
0,10393724457,160153101
0,10396062026,160258963
0,10397252397,160101592
0,10399589966,159963893
0,10401927536,159843406
0,10404265091,159737980
0,10406602660,159520732
0,10408940230,159205640
0,10411277785,159054935
0,10413615355,158923068
0,10415952924,158682684
0,10418290479,158597348
0,10420628049,158522679
0,10422965618,158332344
0,10425303174,158290801
0,10427640743,158254450
0,10429978313,158097643
0,10432315868,158085437
0,10434653438,158074757
0,10436991007,157940412
0,10439328562,157947860
0,10442813317,158079377
0,10445150886,158194454
0,10447488441,158295147
0,10449826011,158383253
0,10452163580,158460346
0,10454501136,158527802
0,10456838705,158586826
0,10459176275,158638472
0,10461513830,158683663
0,10463851399,158723205
0,10466188955,158757804
0,10468526524,158788078
0,10470864094,158814568
0,10473201649,158837747
0,10475539219,158858028
0,10477876788,158625774
0,10480214343,158547552
0,10482551913,158479108
0,10484889482,158544219
0,10487227038,158601191
0,10489564607,158651042
0,10491902177,158694661
0,10494239732,158732828
0,10496577302,158766224
0,10498914871,158795446
0,10501252426,158821015
0,10503589996,158843388
0,10505927565,158862964
0,10508265121,158880093
0,10510602690,158895081
0,10512940260,158908195
0,10516425000,159044670
0,10518762569,159164086
0,10519952954,159143575
0,10522290509,159125628
0,10524628079,159109924
0,10526965648,158971183
0,10529303204,158974785
0,10531640773,158977936
0,10533978343,158855694
0,10536315898,158873732
0,10538653467,158889515
0,10540991037,158778325
0,10543328592,158806034
0,10545666162,158830279
0,10548003731,158851494
0,10550341287,158870057
0,10552678856,158886299
0,10555016426,158900511
0,10557353981,159037947
0,10559691550,159158203
0,10562029120,159388427
0,10564366675,159464873
0,10566704245,159531763
0,10569041814,159715292
0,10572526554,159875880
0,10574864124,160016395
0,10577201679,160264345
0,10579539249,160356301
0,10581876818,160436763
0,10584214374,160632167
0,10586551943,160678146
0,10588889513,160718377
0,10591227068,160878579
0,10593564637,160893756
0,10594755022,160782036
0,10597092592,160809281
0,10599430147,160708120
0,10601767717,160494605
0,10604105286,160307779
0,10606442841,160144306
0,10608780411,160001267
0,10611117980,159876108
0,10613455536,159766594
0,10615793105,159670769
0,10618130675,159586922
0,10620468230,159513556
0,10622805800,159449361
0,10625143369,159393190
0,10627480924,159344041
0,10629818494,159301035
0,10632156063,159263405
0,10634493619,159230479
0,10637978373,159326669
0,10640315928,159410835
0,10642653498,159484480
0,10644991067,159548920
0,10647328623,159605305
0,10649666192,159654641
0,10650856577,159572810
0,10653194132,159501208
0,10655531702,159438557
0,10657869271,159383737
0,10660206827,159335769
0,10662544396,159293797
0,10664881966,159257072
0,10667219521,159224938
0,10669557091,159196820
0,10671894660,159172217
0,10674232215,159025689
0,10676569785,158897477
0,10678907354,158910292
0,10681244910,158921505
0,10683582479,158931316
0,10685920049,158939901
0,10688257604,158947413
0,10690595174,158953986
0,10692932743,158959737
0,10695270298,158964769
0,10697607868,158969172
0,10699945438,158973025
0,10702282993,158976396
0,10704620562,158979346
0,10706958132,158856927
0,10709295687,158874811
0,10712780441,159015459
0,10715118011,159138526
0,10716308382,159121210
0,10718645951,159106058
0,10720983521,158967800
0,10723321076,158971825
0,10725658645,158975346
0,10727996215,158853427
0,10730333770,158746748
0,10732671340,158653404
0,10735008909,158571728
0,10737346465,158500262
0,10739684034,158437729
0,10742021604,158383012
0,10744359159,158335135
0,10746696729,158293243
0,10749034298,158256587
0,10751371853,158224513
0,10753709423,158321448
0,10756046993,158406267
0,10758384548,158480483
0,10760722117,158545422
0,10763059687,158602244
0,10765397242,158651963
0,10768881997,158820467
0,10771219552,158967908
0,10773557121,159096919
0,10775894691,159209804
0,10778232246,159308578
0,10780569816,159395005
0,10782907385,159470629
0,10785244941,159536800
0,10787582510,159594700
0,10789920080,159645362
0,10791110464,159564691
0,10793448020,159494104
0,10795785589,159307341
0,10798123159,159143923
0,10800460714,159000932
0,10802798284,158875815
0,10805135853,158766338
0,10807473409,158670545
0,10809810978,158711726
0,10812148548,158747760
0,10814486103,158779290
0,10816823673,158806878
0,10819161242,158831018
0,10821498797,158852140
0,10823836367,158870622
0,10826173936,158886794
0,10828511492,158900944
0,10830849061,158913326
0,10834333801,159049160
0,10836671371,159168015
0,10839008941,159397013
0,10841346496,159472386
0,10843684065,159538337
0,10846021635,159721044
0,10847212005,159630913
0,10849549575,159552048
0,10851887145,159483042
0,10854224700,159422661
0,10856562269,159369828
0,10858899839,159323599
0,10861237394,159283149
0,10863574964,159247755
0,10865912533,159216785
0,10868250089,159189686
0,10870587658,159040975
0,10872925228,158785853
0,10875262783,158812621
0,10877600353,158836043
0,10879937922,158856537
0,10882275478,158874469
0,10884613047,158890160
0,10886950617,158903890
0,10889288172,158915903
0,10892772926,159051415
0,10895110496,159169988
0,10897448051,159273739
0,10899785621,159364521
0,10902123190,159443955
0,10904460746,159513460
0,10906798315,159574277
0,10909135885,159627492
0,10911473440,159674055
0,10913811010,159714798
0,10916148579,159750448
0,10918486134,159781642
0,10920823704,159808936
0,10923161274,159832819
0,10925498829,159853716
0,10927836398,159747001
0,10930173968,159653625
0,10932511523,159571921
0,10934849093,159500430
0,10937186648,159812876
0,10939524218,159961266
0,10941861787,160091107
0,10944199343,160329718
0,10946536912,160413503
0,10948874482,160486815
0,10951212037,160675963
0,10953549607,160841467
0,10955887176,160986283
0,10958224731,161237997
0,10960562301,161333247
0,10964047055,161666591
0,10966384611,161958267
0,10968722180,162088483
0,10971059750,162327422
0,10972250120,162411494
0,10974587690,162360057
0,10976925259,162315049
0,10979262815,162400667
0,10981600384,162350583
0,10983937954,162306760
0,10986275509,162393415
0,10988613079,162344238
0,10990950648,162301208
0,10993288204,162388557
0,10995625773,162214987
0,10997963343,162063113
0,11000300898,161930223
0,11002638468,161813945
0,11004976037,161712201
0,11007313593,161623175
0,11009651162,161670278
0,11011988732,161711493
0,11014326287,161872556
0,11016663857,161888486
0,11019001426,162027425
0,11021338981,162148996
0,11023676551,162130371
0,11026014121,162239074
0,11028351676,162334189
0,11030689245,162292415
0,11033026815,162380863
0,11035364370,162458255
0,11037701940,162400973
0,11040039509,162475851
0,11041229880,162416369
0,11043567450,162239322
0,11045905019,162084406
0,11048242575,162073855
0,11050580144,161939623
0,11052917714,161697170
0,11055255269,161485023
0,11057592839,161299395
0,11059930408,161136970
0,11062267963,160994848
0,11064605533,160870492
0,11066943103,160761680
0,11069280658,160666470
0,11071618227,160583161
0,11073955797,160510265
0,11076293352,160446481
0,11078630922,160390670
0,11080968491,160341836
0,11083306047,160299106
0,11085643616,160261717
0,11089128371,160479002
0,11091465926,160544126
0,11093803496,160601110
0,11096141065,160775971
0,11098478621,160803974
0,11100816190,160828477
0,11103153760,160974917
0,11105491315,160978052
0,11107828885,160980795
0,11110166454,161108195
0,11112504010,161094670
0,11114841579,161082836
0,11117179134,161197481
0,11119516704,161172795
0,11121854274,161151195
0,11124191829,161007295
0,11126529398,160881383
0,11128866968,160771210
0,11131204523,160674808
0,11133542093,160715457
0,11135879663,160751024
0,11138217218,160907146
0,11140554787,160918752
0,11142892357,160928908
0,11145229912,161062794
0,11147567482,161054944
0,11149905051,161048076
0,11152242607,161167066
0,11154580176,161146182
0,11158064931,161377909
0,11160402486,161580670
0,11162740056,161633086
0,11165077625,161803950
0,11167415181,161953456
0,11168605565,161834274
0,11170943135,161729989
0,11173280690,161763740
0,11175618260,161668272
0,11177955829,161584738
0,11180293385,161511645
0,11182630954,161447689
0,11184968524,161391727
0,11187306079,161342761
0,11189643649,161299915
0,11191981218,161262425
0,11194318774,161229621
0,11196656343,161200918
0,11198993913,161175803
0,11201331468,161153827
0,11203669038,161259598
0,11206006607,161477148
0,11208344163,161667504
0,11210681732,161709066
0,11213019302,161870432
0,11215356857,162011628
0,11218841612,162135174
0,11221179167,162368277
0,11223516737,162572242
0,11225854306,162625711
0,11228191862,162797497
0,11230529431,162947809
0,11232867001,162954332
0,11235204556,163085040
0,11236394941,163074410
0,11238732510,162940108
0,11241070080,162947594
0,11243407635,162954144
0,11245745205,162834876
0,11248082774,162855516
0,11250420330,162623576
0,11252757899,162420629
0,11255095469,162368050
0,11257433024,162197043
0,11259770594,162047412
0,11262108164,162041485
0,11264445719,161911299
0,11266783288,161797386
0,11269120858,161822712
0,11271458413,161719873
0,11273795983,161629888
0,11276133553,161676152
0,11278471108,161591633
0,11280808677,161517678
0,11283146247,161577968
0,11286630987,161630722
0,11288968557,161676881
0,11291306112,161842270
0,11293643682,161861986
0,11295981251,161879237
0,11297171636,161894332
0,11299509191,161782540
0,11301846761,161684722
0,11304184316,161724131
0,11306521886,161633614
0,11308859456,161554412
0,11311197011,161610110
0,11313534581,161533846
0,11315872150,161467115
0,11318209706,161283725
0,11320547275,161123259
0,11322884845,160982851
0,11325222400,160859994
0,11327559970,160752494
0,11329897539,160783432
0,11332235095,160935503
0,11334572664,160943565
0,11336910234,160950619
0,11339247789,161081791
0,11341585359,161071567
0,11343922928,161062621
0,11346260484,161179793
0,11348598053,161157318
0,11350935623,161137653
0,11354420363,161370446
0,11356757933,161449140
0,11359095502,161642997
0,11361433058,161812622
0,11363770627,161836044
0,11364961012,161731538
0,11367298567,161640095
0,11369636137,161560083
0,11371973706,161490072
0,11374311262,161428813
0,11376648831,161375211
0,11378986401,161203309
0,11381323956,161052895
0,11383661526,160921283
0,11385999096,160806122
0,11388336651,160705356
0,11390674220,160617186
0,11393011790,160665037
0,11395349345,160581907
0,11397686915,160634168
0,11400024485,160804897
0,11402362040,160829284
0,11404699610,160850623
0,11407037179,160994295
0,11409374735,160995008
0,11411712304,160995632
0,11415197044,161246178
0,11417534614,161340405
0,11419872183,161422854
0,11422209739,161619997
0,11424547308,161667497
0,11426884878,161709059
0,11429222433,161870426
0,11431560003,161886622
0,11432750388,161775794
0,11435087957,161803819
0,11437425513,161703341
0,11439763082,161615423
0,11442100652,161663495
0,11444438207,161580558
0,11446775777,161382988
0,11449113347,161335114
0,11451450902,161168224
0,11453788472,161022196
0,11456126041,161019421
0,11458463596,161016993
0,11460801166,161014868
0,11463138736,161138009
0,11465476291,161120757
0,11467813861,161105662
0,11470151430,161217454
0,11472488986,161190272
0,11474826555,161166488
0,11477164125,161270677
0,11479501680,161236842
0,11482986435,161332236
0,11485323990,161540706
0,11487661560,161598117
0,11489999129,161648352
0,11492336685,161817308
0,11493527069,161715144
0,11495864639,161625751
0,11498202194,161672532
0,11500539764,161588465
0,11502877334,161514906
0,11505214889,161575542
0,11507552459,161503599
0,11509890028,161440649
0,11512227583,161510567
0,11514565153,161321746
0,11516902723,161156527
0,11519240278,161011961
0,11521577848,160885465
0,11523915417,160774781
0,11526252973,160927933
0,11528590542,160936941
0,11530928112,160944823
0,11533265667,161076720
0,11535603237,161067130
0,11537940806,161058738
0,11540278362,161176395
0,11542615931,161154345
0,11544953501,161135051
0,11547291056,161243169
0,11550775811,161337772
0,11553113380,161545550
0,11555450936,161602356
0,11557788505,161652061
0,11560126075,161820553
0,11562463630,161842983
0,11564801200,161862610
0,11567138770,162004783
0,11569476325,162004185
0,11571813895,162003661
0,11574151464,162128203
0,11576489020,161987177
0,11578826589,161863779
0,11581164159,161880806
0,11583501714,161770705
0,11585839284,161674366
0,11588176839,161715070
0,11590514409,161625686
0,11592851978,161547475
0,11595189534,161729040
0,11597527103,161762910
0,11599864673,161792546
0,11602202228,161943477
0,11604539798,161950542
0,11606877368,161956724
0,11609214923,162087133
0,11612699677,162201241
0,11615037247,162426085
0,11617374802,162622824
0,11619712372,162669971
0,11622049942,163086224
0,11624387497,163450446
0,11626725067,163769140
0,11629062636,164047997
0,11630253007,164166997
0,11632590576,164271122
0,11634928146,164237231
0,11637265701,164332577
0,11639603271,164416004
0,11641940841,164364003
0,11644278396,164443502
0,11646615966,164388064
0,11648953535,164214556
0,11651291091,164187736
0,11653628660,164164269
0,11655966230,164018735
0,11658303785,164141393
0,11660641355,164248718
0,11662978925,164217628
0,11665316480,164315424
0,11667654050,164400996
0,11669991619,164350871
0,11672329175,164432012
0,11674666744,164503010
0,11677004314,164565133
0,11679341869,164619491
0,11681679439,164667054
0,11684017008,164708672
0,11686354564,164745088
0,11688692133,164776952
0,11691029703,164804833
0,11692220074,164704228
0,11694557643,164616199
0,11696895213,164414174
0,11699232768,164362402
0,11701570338,164317101
0,11703907907,164152463
0,11706245463,164133405
0,11708583033,164116729
0,11710920602,163977137
0,11713258158,163854994
0,11715595727,163623119
0,11717933297,163420229
0,11720270852,163367700
0,11722608422,163196737
0,11724945991,163047144
0,11727283547,163041251
0,11729621116,162911094
0,11731958686,162797207
0,11734296241,162822556
0,11736633811,162719736
0,11738971381,162629769
0,11741308936,162676047
0,11744793691,162716541
0,11747131260,162876973
0,11749468816,163017351
0,11751806385,163015182
0,11754143955,163138284
0,11756481510,163245998
0,11758819080,163215248
0,11761156649,163313342
0,11763494205,163399174
0,11765831774,163349277
0,11768169330,163430617
0,11770506899,163501789
0,11772844469,163439065
0,11775182025,163384181
0,11777519594,163211158
0,11779857164,163059763
0,11782194719,163052292
0,11784532289,162920755
0,11786869858,162805660
0,11789207414,162829952
0,11791544983,162726208
0,11793882553,162760432
0,11796220108,162915378
0,11798557678,163050955
0,11800895248,163044585
0,11803232803,163164011
0,11805570373,163268509
0,11809055127,163484945
0,11811392683,163674326
0,11813730252,163840035
0,11816067822,163985030
0,11818405377,164111901
0,11820742947,164222913
0,11823080516,164320048
0,11824270887,164280042
0,11826608457,164245036
0,11828946026,164089406
0,11831283582,164078230
0,11833621151,164068451
0,11835958721,163934894
0,11838296276,163943032
0,11840633846,163825153
0,11842971416,163722008
0,11845308971,163756757
0,11847646541,163662162
0,11849984110,163579391
0,11852321666,163631967
0,11854659235,163552971
0,11856996805,163608849
0,11859334360,163782742
0,11861671930,163934899
0,11864009500,164068036
0,11866347055,164184531
0,11868684625,164286464
0,11871022194,164375656
0,11873359750,164453699
0,11875697319,164521986
0,11878034889,164581737
0,11880372444,164634019
0,11882710014,164679766
0,11885047584,164719795
0,11887385139,164754820
0,11888575524,164660467
0,11890913094,164452908
0,11893250649,164396294
0,11895588219,164346757
0,11897925788,164178412
0,11900263344,164156110
0,11902600913,164136596
0,11904938483,163994521
0,11907276038,163870205
0,11909613608,163636429
0,11911951178,163431875
0,11914288733,163377890
0,11916626303,163205653
0,11918963872,163054946
0,11921301428,163048077
0,11923638997,162917067
0,11925976567,162802433
0,11928314122,162827128
0,11930651692,162723737
0,11934136447,162883269
0,11936474002,163022860
0,11938811572,163020002
0,11941149141,163142501
0,11943486697,163249688
0,11945824266,163218477
0,11948161836,163316167
0,11950499391,163401646
0,11952836961,163351440
0,11955174516,163432510
0,11957512086,163503446
0,11959849656,163440515
0,11962187211,163510450
0,11964524781,163571643
0,11966862350,163500187
0,11969199906,163562663
0,11971537475,163367330
0,11973875045,163196413
0,11976212601,163171861
0,11978550170,163025378
0,11980887740,162897205
0,11983225295,162910054
0,11985562865,162796297
0,11987900434,162821759
0,11990237990,162969039
0,11992575560,163097909
0,11994913129,163085670
0,11998397869,163324961
0,12000735439,163534340
0,12003073009,163717547
0,12005410564,163877853
0,12007748134,164018121
0,12010085703,164140855
0,12012423259,164248248
0,12014760829,164342217
0,12017098398,164424439
0,12019435954,164496384
0,12021773523,164559336
0,12024111093,164614419
0,12026448648,164662616
0,12028786218,164579789
0,12031123788,164632315
0,12033461343,164678275
0,12035798913,164593490
0,12038136482,164644303
0,12040474038,164688765
0,12042811607,164602669
0,12045149177,164652335
0,12047486732,164695793
0,12049824302,164608818
0,12052161872,164657715
0,12054499427,164825500
0,12056836997,164972312
0,12059174552,165100773
0,12061512122,165213176
0,12063849692,165311529
0,12066187247,165397587
0,12068524817,165472888
0,12070862386,165538777
0,12073199942,165596429
0,12075537511,165646875
0,12077875081,165691015
0,12079065466,165604638
0,12081403021,165529058
0,12083740591,165462925
0,12086078161,165405059
0,12088415716,165354426
0,12090753286,165310122
0,12093090855,165271356
0,12095428411,165237436
0,12097765980,164957756
0,12100103550,164838036
0,12102441105,164733281
0,12104778675,164516620
0,12107116245,164452042
0,12109453800,164395536
0,12111791370,164221094
0,12114128939,164193457
0,12116466495,164169274
0,12118804065,164023114
0,12121141634,164020224
0,12123479190,164017696
0,12125816759,163890484
0,12128154329,163904173
0,12130491884,163916151
0,12132829454,163801632
0,12135167010,163826428
0,12137504579,163848124
0,12139842149,163742108
0,12142179704,163774344
0,12144517274,163802551
0,12146854844,163702232
0,12149192399,163739453
0,12151529969,163772021
0,12153867538,163675518
0,12156205094,163716078
0,12158542663,163751568
0,12160880233,163532622
0,12163217789,163466044
0,12165555358,163282788
0,12167892928,163122439
0,12170230483,163107134
0,12172568053,162968742
0,12174905623,162847649
0,12177243178,162866692
0,12179580748,162758355
0,12181918317,162663560
0,12184255873,162705615
0,12186593442,162617413
0,12188931012,162540236
0,12191268568,162597706
0,12194753322,162647992
0,12197090892,162816993
0,12199428447,162964868
0,12201766017,162969259
0,12204103586,163098101
0,12206441142,163210838
0,12208778712,163184483
0,12211116281,163286422
0,12213453837,163375619
0,12215791406,163328666
0,12218128976,163412582
0,12220466531,163486009
0,12222804101,163425257
0,12225141671,163497099
0,12227479226,163559961
0,12229816796,163489965
0,12232154366,163553719
0,12234491921,163609504
0,12236829491,163533316
0,12239167046,163591651
0,12241504616,163642694
0,12243842185,163687357
0,12246179741,163851437
0,12248517311,163995007
0,12250854880,163995631
0,12253192436,164121177
0,12255530005,164231029
0,12257867575,164202150
0,12260205130,164301881
0,12262542700,164389145
0,12264880270,164340501
0,12267217825,164422938
0,12269555395,164495070
0,12271892965,164433186
0,12274230520,164504037
0,12276568090,164566032
0,12278905659,164495278
0,12281243215,164558368
0,12283580784,164613572
0,12285918354,164536875
0,12288255910,164594765
0,12290593479,164645419
0,12292931049,164564741
0,12295268604,164619148
0,12297606174,164666754
0,12299943744,164583409
0,12302281299,164635482
0,12304618869,164681046
0,12306956438,164595915
0,12309293994,164646425
0,12311631564,164690621
0,12313969133,164604293
0,12316306689,164653756
0,12318644258,164697036
0,12320981828,164609906
0,12323319383,164658667
0,12325656953,164701333
0,12327994523,164613666
0,12330332078,164661957
0,12332669648,164704212
0,12335007218,164741185
0,12337344773,164773536
0,12339682343,164801844
0,12342019912,165201613
0,12344357468,165426411
0,12346695038,165623109
0,12349032607,165920220
0,12351370163,166055192
0,12353707732,166173293
0,12356045302,166401631
0,12358382857,166476427
0,12360720427,166416873
0,12363057997,166364763
0,12365395552,166319167
0,12367733122,166279271
0,12370070692,166244362
0,12372408247,166213816
0,12374745817,166187089
0,12377083386,166163702
0,12379420942,166143239
0,12381758512,166125334
0,12384096081,166109667
0,12386433637,166095958
0,12388771206,166083963
0,12391108776,166073467
0,12393446332,166064283
0,12395783901,166056247
0,12398121471,166049216
0,12400459026,166043064
0,12402796596,166037681
0,12405134166,166032970
0,12407471721,166028848
0,12409809291,166025242
0,12412146860,166022086
0,12414484416,166019325
0,12416821986,166016909
0,12419159541,166014795
0,12421497111,166012945
0,12423834680,166011326
0,12426172236,166009910
0,12428509806,166008671
0,12430847375,166007587
0,12433184931,166006638
0,12435522500,166005808
0,12437860070,166005082
0,12440197626,166004446
0,12442535195,166003890
0,12444872765,166003403
0,12447210320,166002977
0,12449547890,166002604
0,12451885460,166002278
0,12454223015,166001993
0,12456560585,166001743
0,12458898155,166001525
0,12461235710,166001334
0,12463573280,166001167
0,12465910849,166001021
0,12468248405,166000893
0,12470585975,166000781
0,12472923544,166000683
0,12475261100,166000597
0,12477598669,166000522
0,12479936239,166000456
0,12482273795,166000399
0,12484611364,166000349
0,12486948934,166000305
0,12489286489,166000266
0,12491624059,166000232
0,12493961629,166000203
0,12496299184,166000177
0,12498636754,166000154
0,12500974324,165875134
0,12503311879,165890742
0,12505649449,165904399
0,12507987018,165791349
0,12510324574,165817430
0,12512662144,165840251
0,12514999713,165735219
0,12517337269,165768316
0,12519674838,165797276
0,12522012408,165822616
0,12524349964,165844789
0,12526687533,165864190
0,12529025103,165881166
0,12531362658,165896020
0,12533700228,165909017
0,12536037798,165920389
0,12538375353,165930340
0,12540712923,165939047
0,12543050493,165946666
0,12545388048,165953332
0,12547725618,165959165
0,12550063188,165964269
0,12552400743,165968735
0,12554738313,165972643
0,12557075882,165976062
0,12559413438,165979054
0,12561751008,165981672
0,12564088577,165983963
0,12566426133,165985967
0,12568763702,165987721
0,12571101272,165989255
0,12573438828,165990598
0,12575776397,165991773
0,12578113967,165992801
0,12580451522,165993700
0,12582789092,165994487
0,12585126662,165995176
0,12587464217,165995779
0,12589801787,165996306
0,12592139357,165996767
0,12594476912,165997171
0,12596814482,165997524
0,12599152052,165997833
0,12601489607,165998103
0,12603827177,165998340
0,12606164732,165998547
0,12608502302,165998728
0,12610839872,165998887
0,12613177427,165999026
0,12615514997,165999147
0,12617852566,165999253
0,12620190122,165999346
0,12622527692,165999427
0,12624865261,165999498
0,12627202817,165999560
0,12629540387,165999615
0,12631877956,165999663
0,12634215512,165999705
0,12636553081,165999741
0,12638890651,165999773
0,12641228207,165999801
0,12643565776,165999825
0,12645903346,165999846
0,12648240902,165999865
0,12651725656,166124881
0,12654063226,166359270
0,12656400781,166439361
0,12658738351,166509440
0,12661075921,166695760
0,12663413476,166733790
0,12665751046,166767066
0,12668088615,166921182
0,12670426171,166931034
0,12672763741,166939654
0,12675101310,167072197
0,12677438866,167063172
0,12679776436,167055275
0,12682114005,167173365
0,12684451561,167151694
0,12686789130,167132732
0,12689126700,167116140
0,12691464256,167101622
0,12693801825,167088919
0,12696139395,167077804
0,12698476951,167068078
0,12700814520,167059568
0,12703152090,167052122
0,12705489645,167045606
0,12707827215,167039905
0,12710164771,167034916
0,12712502340,167030551
0,12714839910,167026732
0,12717177466,167023390
0,12719515035,167020466
0,12721852605,167017907
0,12724190160,167015668
0,12726527730,167013709
0,12728865300,167011995
0,12731202855,167010495
0,12732393240,166884183
0,12734730810,166773660
0,12737068380,166676952
0,12739405935,166592333
0,12741743505,166518291
0,12744081074,166453504
0,12746418630,166396816
0,12748756200,166347214
0,12751093769,166303812
0,12753431325,166265835
0,12755768895,166232605
0,12758106464,166203529
0,12760444020,166178087
0,12762781589,166155826
0,12765119159,166136347
0,12767456715,166119303
0,12769794284,166104390
0,12772131854,166091341
0,12774469410,166079923
0,12776806979,166069932
0,12779144549,166061190
0,12781482105,166053541
0,12783819674,166046848
0,12786157230,166040992
0,12788494799,166035868
0,12790832369,166031384
0,12793169925,166027461
0,12795507494,166024028
0,12797845064,166021024
0,12800182620,166018396
0,12802520189,166016096
0,12804857759,166014084
0,12807195315,166012323
0,12809532884,166010782
0,12811870454,166009434
0,12814208009,166008254
0,12816545579,165882222
0,12818883149,165646944
0,12821220704,165566076
0,12823558274,165495316
0,12825895844,165308401
0,12828233399,165269850
0,12830570969,165236118
0,12832908539,165081603
0,12835246094,165071402
0,12837583664,165062476
0,12839921234,164929666
0,12842258789,164938457
0,12844596359,164946149
0,12848081113,165077880
0,12850418669,165193145
0,12852756239,165294001
0,12855093808,165382250
0,12857431364,165459468
0,12859768934,165527034
0,12862106503,165586154
0,12864444059,165637884
0,12866781629,165683148
0,12869119198,165722754
0,12871456754,165757409
0,12873794323,165787732
0,12876131893,165814265
0,12878469449,165837481
0,12880807018,165857795
0,12883144588,165875570
0,12885482144,165891123
0,12887819713,165904732
0,12890157269,165916640
0,12892494839,165927060
0,12894832408,165936177
0,12897169964,165944154
0,12899507534,166076134
0,12901845103,166191617
0,12904182659,166292664
0,12906520228,166381081
0,12908857798,166458445
0,12911195354,166526139
0,12913532923,166585371
0,12915870493,166637199
0,12918208049,166682549
0,12920545618,166722230
0,12922883188,166756951
0,12925220744,166787332
0,12927558313,166813915
0,12928748698,166712175
0,12931086268,166623153
0,12933423823,166545258
0,12935761393,166477100
0,12938098963,166417462
0,12940436518,166365279
0,12942774088,166319619
0,12945111658,166279666
0,12947449213,166244707
0,12949786783,166214118
0,12952124353,166187353
0,12954461908,166163933
0,12956799478,166143441
0,12959137048,166125510
0,12961474603,166109821
0,12963812173,166096093
0,12966149729,166084081
0,12968487298,166073570
0,12970824868,166064373
0,12973162423,166056326
0,12975499993,166049285
0,12977837563,166043124
0,12980175118,166037733
0,12982512688,166033016
0,12984850258,166028889
0,12987187813,166025277
0,12989525383,166022117
0,12991862953,166019352
0,12994200508,166016933
0,12996538078,166014816
0,12998875648,166012964
0,13001213203,166011343
0,13003550773,166009925
0,13005888343,166008684
0,13008225898,166007598
0,13011710653,166131648
0,13014048223,166115192
0,13016385778,166100793
0,13018723348,166088193
0,13021060918,166077168
0,13023398473,166067522
0,13025736043,166059081
0,13028073613,166051695
0,13030411168,166045233
0,13032748738,166039578
0,13035086308,166034630
0,13037423863,166030301
0,13039761433,166026513
0,13042099003,166023198
0,13044436558,166020298
0,13046774128,166017760
0,13049111697,166015540
0,13051449253,166013597
0,13053786823,166011897
0,13056124392,166010409
0,13058461948,166009107
0,13060799518,166007968
0,13063137087,166381972
0,13065474643,166584225
0,13067812213,166761196
0,13070149768,167041046
0,13073634523,167285915
0,13075972093,167500175
0,13078309648,167812653
0,13080647218,167961071
0,13082984788,168090937
0,13085322343,168329569
0,13087659913,168413372
0,13089997483,168486700
0,13092335038,168675862
0,13093525423,168591379
0,13095862993,168517456
0,13098200548,168702774
0,13100538118,168739927
0,13102875688,168772436
0,13105213243,168925881
0,13107550813,168935145
0,13109888383,168943251
0,13112225938,169075344
0,13114563508,169065926
0,13116901078,169057685
0,13119238633,169175474
0,13121576203,169153539
0,13123913773,169134346
0,13126251328,169242552
0,13128588898,169212233
0,13130926468,169185703
0,13133264023,169287490
0,13135601593,169251553
0,13137939163,169220108
0,13140276718,169317594
0,13142614288,169277894
0,13144951858,169243157
0,13147289413,169337762
0,13149626983,169295541
0,13151964553,169258598
0,13154302108,169351273
0,13155492493,169182363
0,13157830063,169034567
0,13160167618,169030246
0,13162505188,168901465
0,13164842758,168788781
0,13167180314,168815183
0,13169517883,168713285
0,13171855453,168624124
0,13174193009,168671108
0,13176530578,168587219
0,13178868148,168388816
0,13181205704,168215214
0,13183543273,168063312
0,13185880843,167930398
0,13188218399,167814098
0,13190555968,167712335
0,13192893538,167623293
0,13195231094,167545381
0,13197568663,167477208
0,13199906233,167417557
0,13202243789,167365362
0,13205728543,167444691
0,13208066113,167639104
0,13210403668,167684216
0,13212741238,167723689
0,13215078808,167883227
0,13217416364,167897823
0,13219753933,167910595
0,13222091503,168046770
0,13224429059,168040923
0,13226766628,168035807
0,13229104198,168156331
0,13231441754,168136789
0,13233779323,168119690
0,13236116893,168229728
0,13238454449,168201012
0,13240792018,168050885
0,13243129588,168044524
0,13245467144,167913958
0,13247804713,167799713
0,13250142283,167824748
0,13252479839,167721654
0,13254817408,167631447
0,13257154964,167677516
0,13259492534,167592826
0,13261830103,167643722
0,13264167659,167813256
0,13266505229,167836599
0,13269989983,167982024
0,13272327539,168234271
0,13274665109,168329987
0,13277002678,168538738
0,13279340234,168721395
0,13281677804,168756220
0,13284015373,168911692
0,13286352929,169047730
0,13287543314,168916763
0,13289880884,168802167
0,13292218439,168826896
0,13294556009,168723534
0,13296893579,168633092
0,13299231134,168678955
0,13301568704,168594085
0,13303906274,168519824
0,13306243829,168579846
0,13308581399,168507365
0,13310918969,168443944
0,13313256524,168513451
0,13315594094,168449269
0,13317931664,168393110
0,13320269219,168468971
0,13322606789,168410349
0,13324944359,168484055
0,13327281915,168673548
0,13329619484,168714354
0,13331957054,168750059
0,13334294610,168906301
0,13336632179,168918013
0,13338969749,168928261
0,13341307305,169062228
0,13343644874,169054449
0,13345982444,169047642
0,13348320000,169166686
0,13350657569,169145850
0,13352995139,169127618
0,13355332695,169236665
0,13357670264,169207081
0,13360007834,169306195
0,13362345390,169392920
0,13364682960,169343805
0,13367020529,169425829
0,13369358085,169497600
0,13371695655,169435400
0,13374033224,169380975
0,13376370780,169208353
0,13378708350,169057308
0,13381045919,169050144
0,13383383475,168918876
0,13385721045,168804016
0,13388058615,168828514
0,13390396170,168724949
0,13392733740,168634330
0,13395071310,168680038
0,13397408865,168595033
0,13400893620,168645653
0,13403231175,168814946
0,13405568745,168838077
0,13407906315,168858317
0,13410243870,169001027
0,13412581440,169000898
0,13414919010,169000785
0,13417256566,169125686
0,13419594135,169109975
0,13421931705,169096228
0,13424269261,169209199
0,13426606830,169183049
0,13428944400,169160167
0,13431281956,169265146
0,13433619525,169232002
0,13435957095,169203001
0,13438294651,169177625
0,13440632221,169030421
0,13442969790,168901618
0,13445307346,168788915
0,13447644916,168690300
0,13449982485,168604012
0,13452320041,168528510
0,13454657611,168462446
0,13456995180,168529640
0,13459332736,168713435
0,13461670306,168749255
0,13464007876,168905598
0,13466345431,169042398
0,13468683001,169037098
0,13471020571,169157460
0,13473358126,169262777
0,13475695696,169229929
0,13478033266,169326187
0,13480370821,169410413
0,13482708391,169359111
0,13483898776,169189222
0,13486236332,169165569
0,13488573901,169019872
0,13490911471,168892388
0,13493249027,168905839
0,13495586596,168792609
0,13497924166,168693532
0,13500261722,168731840
0,13502599292,168640360
0,13504936861,168560315
0,13507274417,168615275
0,13509611987,168538365
0,13511949556,168471069
0,13514287112,168537185
0,13516624682,168470036
0,13518962252,168411281
0,13521299807,168484870
0,13523637377,168424261
0,13525974947,168371228
0,13528312502,168324824
0,13530650072,168284221
0,13532987642,168248693
0,13535325197,168217606
0,13537662767,168190405
0,13540000337,168291604
0,13542337892,168255153
0,13544675462,168223258
0,13547013032,168320350
0,13549350588,168280306
0,13551688157,168245267
0,13554025727,168339608
0,13556363283,168297157
0,13558700852,168260012
0,13561038422,168352510
0,13563375978,168308446
0,13565713548,168269890
0,13568051117,168236153
0,13570388673,168081633
0,13572726243,167946428
0,13575063812,167953124
0,13577401368,167833983
0,13579738938,167729735
0,13582076508,167763518
0,13584414063,167668078
0,13586751633,167584568
0,13589089203,167636497
0,13591426758,167556934
0,13593764328,167487317
0,13597249069,167676402
0,13599586638,167716851
0,13601924208,167752244
0,13604261764,167908213
0,13606599333,167919686
0,13608936903,167929725
0,13611274459,168063509
0,13613612029,168055570
0,13615949598,168048623
0,13618287154,168167545
0,13620624724,168146601
0,13622962293,168128275
0,13625299849,168237240
0,13627637419,168207585
0,13629974989,168181636
0,13632312544,168158931
0,13634650114,168139064
0,13636987684,168121681
0,13639325239,168106470
0,13641662809,168093161
0,13644000379,168206515
0,13646337935,168180700
0,13648675504,168158112
0,13651013074,168263348
0,13653350630,168480429
0,13655688199,168545375
0,13658025769,168727203
0,13660363325,168886302
0,13662700895,168900514
0,13665038464,169037949
0,13667376020,169158205
0,13669713590,169138429
0,13672051159,169246125
0,13674388715,169340359
0,13676726285,169297814
0,13679063855,169385587
0,13680254225,169337388
0,13682591795,169170214
0,13684929365,169023937
0,13687266921,169020944
0,13689604490,168893326
0,13691942060,168781660
0,13694279616,168808952
0,13696617185,168707833
0,13698954755,168619353
0,13701292311,168666933
0,13703629881,168583566
0,13705967450,168510620
0,13708305006,168446792
0,13710642576,168390943
0,13712980146,168342075
0,13715317701,168299315
0,13717655271,168261900
0,13719992841,168229162
0,13722330396,168200516
0,13724667966,168175451
0,13728152707,168403519
0,13730490276,168478079
0,13732827846,168543319
0,13735165402,168725404
0,13737502972,168759728
0,13739840541,168789762
0,13742178097,168941041
0,13744515667,168948410
0,13746853236,168954858
0,13749190792,169085500
0,13751528362,169074812
0,13753865932,169065460
0,13756203487,169182277
0,13758541057,169159492
0,13760878627,169139555
0,13763216182,169247110
0,13765553752,169091221
0,13767891322,168954818
0,13770228878,168960465
0,13772566447,168840406
0,13774904017,168735355
0,13777241573,168768435
0,13779579143,168672380
0,13781916712,168838332
0,13784254268,169108540
0,13786591838,169344972
0,13788929408,169426850
0,13791266963,169623493
0,13794751718,169920556
0,13797089288,170180486
0,13799426843,170407925
0,13801764413,170606934
0,13804101983,170781067
0,13806439538,170933433
0,13808777108,171066753
0,13811114678,171183408
0,13812305049,171160482
0,13814642618,171015421
0,13816980188,170888493
0,13819317744,170902431
0,13821655314,170789627
0,13823992883,170690923
0,13826330439,170729557
0,13828668009,170638362
0,13831005579,170683566
0,13833343134,170723120
0,13835680704,170632730
0,13838018274,170678638
0,13840355829,170718808
0,13842693399,170628957
0,13845030969,170675337
0,13847368525,170715919
0,13849706094,170626429
0,13852043664,170798125
0,13854381220,170948359
0,13856718790,171079814
0,13859056359,171194837
0,13861393915,171295482
0,13863731485,171383546
0,13866069055,171460602
0,13868406610,171528026
0,13870744180,171587022
0,13873081750,171638644
0,13875419305,171683813
0,13876609690,171598336
0,13878947260,171398544
0,13881284816,171348726
0,13883622386,171305135
0,13885959955,171141993
0,13888297511,171124243
0,13890635081,171108712
0,13892972651,170970123
0,13895310206,170973857
0,13897647776,170727124
0,13899985346,170511233
0,13902322901,170447328
0,13904660471,170266412
0,13906998041,170108110
0,13909335597,170094596
0,13911673166,169957771
0,13914010736,169963049
0,13916348292,169967667
0,13918685862,169846708
0,13921023431,169865869
0,13924508172,170007635
0,13926845742,170006680
0,13929183297,170130845
0,13931520867,170239489
0,13933858437,170209552
0,13936195993,170308358
0,13938533562,170394813
0,13940871132,170345461
0,13943208688,170427278
0,13945546258,170498868
0,13947883827,170436509
0,13950221383,170506945
0,13952558953,170568576
0,13954896523,170497504
0,13957234078,170560316
0,13959571648,170615276
0,13961909218,170538366
0,13964246773,170471070
0,13966584343,170287186
0,13968921913,170126287
0,13971259469,170110501
0,13973597038,169971688
0,13975934608,169850227
0,13978272164,169868948
0,13980609734,169760329
0,13982947304,169790287
0,13985284859,169941501
0,13988769614,170198813
0,13991107184,170423961
0,13993444739,170620965
0,13995782309,170793344
0,13998119879,170944176
0,14000457435,171076154
0,14002795004,171066634
0,14005132574,171183304
0,14007470130,171285391
0,14008660515,171124717
0,14010998084,170984127
0,14013335640,170986111
0,14015673210,170862847
0,14018010780,170879991
0,14020348335,170894992
0,14022685905,170783118
0,14025023475,170810228
0,14027361031,170833949
0,14029698600,170729705
0,14032036170,170763491
0,14034373726,170793054
0,14036711296,170693922
0,14039048865,170732181
0,14041386421,170765658
0,14043723991,170669950
0,14046061561,170711206
0,14048399116,170872305
0,14050736686,171013266
0,14053074256,171136607
0,14055411812,171244531
0,14057749381,171338964
0,14060086951,171421593
0,14062424507,171493893
0,14064762077,171557156
0,14067099646,171612511
0,14069437202,171660947
0,14071774772,171703328
0,14074112342,171740412
0,14076449897,171772860
0,14078787467,171801252
0,14081125037,171826095
0,14083462593,171847833
0,14085800162,171741853
0,14088137718,171774121
0,14090475288,171802355
0,14092812858,171702060
0,14095150413,171614302
0,14097487983,171537514
0,14099825553,171345324
0,14102163109,171302158
0,14104500678,171264388
0,14106838248,171106339
0,14109175804,171093046
0,14111513374,171081415
0,14113850943,170946238
0,14116188499,170952958
0,14118526069,170958838
0,14122010824,171088983
0,14124348379,171202860
0,14126685949,171302502
0,14129023519,171389689
0,14131361075,171465977
0,14133698644,171532729
0,14136036214,171591137
0,14138373770,171642244
0,14140711340,171686963
0,14143048909,171726092
0,14145386465,171760330
0,14147724035,171790288
0,14150061605,171816502
0,14152399160,171839439
0,14154736730,171859509
0,14157074300,171877070
0,14159411856,171767436
0,14161749425,171546506
0,14164086995,171478192
0,14166424551,171418418
0,14168762121,171241115
0,14171099691,171210975
0,14173437246,171184603
0,14175774816,171036527
0,14178112386,171031961
0,14180449942,171152965
0,14182787511,171258844
0,14185125081,171351488
0,14187462637,171432552
0,14189800207,171378483
0,14192137762,171456172
0,14194475332,171524150
0,14196812902,171458631
0,14199150458,171526302
0,14201488027,171585514
0,14203825597,171512324
0,14205015982,171448283
0,14207353538,171392247
0,14209691108,171218216
0,14212028677,171190939
0,14214366233,171167071
0,14216703803,171021187
0,14219041373,171018538
0,14221378928,171016220
0,14223716498,170889192
0,14226054068,170903043
0,14228391624,170915162
0,14230729193,170800766
0,14233066763,170825670
0,14235404319,170847461
0,14237741889,170741528
0,14240079459,170773837
0,14242417014,170802107
0,14244754584,170701843
0,14247092154,170739112
0,14249429710,170771723
0,14251767279,170675257
0,14254104849,170715849
0,14256442405,170751367
0,14258779975,170657446
0,14261117544,170700265
0,14263455100,170737731
0,14265792670,170645514
0,14268130240,170689824
0,14270467795,170728596
0,14272805365,170637521
0,14275142921,170682830
0,14277480491,170722476
0,14279818061,170632166
0,14282155616,170678145
0,14284493186,170718376
0,14286830756,170628579
0,14289168312,170675006
0,14291505881,170465630
0,14293843451,170282426
0,14296181007,170247122
0,14298518577,170091231
0,14300856147,169954827
0,14303193702,169960473
0,14305531272,169840413
0,14307868842,169735361
0,14310206398,169768440
0,14312543967,169672385
0,14314881537,169588336
0,14318366278,169764794
0,14320703848,169794194
0,14323041417,169944919
0,14325378973,170076804
0,14327716543,170067203
0,14330054113,170183802
0,14332391668,170285826
0,14334729238,170250097
0,14337066808,170343834
0,14339404364,170425854
0,14341741934,170372622
0,14344079503,170451044
0,14346417059,170519663
0,14348754629,170454705
0,14351092199,170522866
0,14353429754,170582507
0,14355767324,170509693
0,14358104894,170570981
0,14360442450,170624608
0,14362780020,170546532
0,14365117589,170603215
0,14367455145,170652813
0,14369792715,170571211
0,14372130271,170624809
0,14374467840,170671707
0,14376805410,170712743
0,14379142966,170873650
0,14381480536,171014443
0,14383818106,171012637
0,14386155661,171136057
0,14388493231,171244049
0,14390830801,171213542
0,14393168357,171311849
0,14395505926,171397867
0,14397843496,171348133
0,14400181052,171429616
0,14401371437,171375914
0,14403709007,171203924
0,14406046576,171178433
0,14408384132,171156128
0,14410721702,171011612
0,14413059272,171010160
0,14415396828,171008890
0,14417734397,170882778
0,14420071967,170897430
0,14422409523,170910251
0,14424747093,170796469
0,14427084663,170821910
0,14429422218,170844171
0,14431759788,170738649
0,14434097358,170771317
0,14436434914,170799902
0,14438772483,170699914
0,14441110053,170737424
0,14444594794,170895246
0,14446932364,170908340
0,14449269919,171044797
0,14451607489,171164197
0,14453945059,171143672
0,14456282615,171250713
0,14458620185,171344373
0,14460957754,171301326
0,14463295310,171388660
0,14465632880,171465077
0,14467970450,171406942
0,14470308005,171481074
0,14472645575,171545939
0,14474983145,171477696
0,14477320701,171542984
0,14479658271,171600111
0,14481995840,171525097
0,14484333396,171584459
0,14486670966,171636401
0,14489008536,171556850
0,14491346092,171487243
0,14493683661,171301337
0,14496021231,171263669
0,14498358787,171230710
0,14500696357,171076871
0,14503033927,171317262
0,14505371482,171527604
0,14507709052,171711653
0,14510046622,171872696
0,14512384178,172013609
0,14515868932,172261907
0,14518206488,172479168
0,14520544058,172669272
0,14522881628,172835613
0,14525219183,172981161
0,14527556753,173108515
0,14528747138,173094950
0,14531084708,173083081
0,14533422264,173072695
0,14535759834,173063608
0,14538097403,173055657
0,14540434959,173048699
0,14542772529,173042611
0,14545110099,173037284
0,14547447655,173032623
0,14549785224,173028545
0,14552122794,173024976
0,14554460350,173021854
0,14556797920,173019122
0,14559135475,173016731
0,14561473045,173014639
0,14563810615,173012809
0,14566148171,173011207
0,14568485741,173009806
0,14570823311,173008580
0,14573160866,173007507
0,14575498436,173131568
0,14577836006,173240122
0,14580173562,173335106
0,14582511131,173418217
0,14584848701,173490939
0,14587186257,173554571
0,14589523827,173610249
0,14591861397,173658967
0,14594198952,173701596
0,14596536522,173738896
0,14598874092,173771534
0,14600064477,173675092
0,14602402033,173590705
0,14604739603,173516866
0,14607077172,173452257
0,14609414728,173395724
0,14611752298,173346258
0,14614089868,173302975
0,14616427424,173140103
0,14618764993,172997590
0,14621102563,172872891
0,14623440119,172763779
0,14625777689,172668306
0,14628115259,172584767
0,14630452814,172511671
0,14632790384,172447712
0,14635127940,172391748
0,14638612695,172467779
0,14640950265,172534306
0,14643287820,172592517
0,14645625390,172643452
0,14647962960,172688020
0,14650300516,172727017
0,14652638085,172761139
0,14654975655,172790996
0,14657313211,172817121
0,14659650781,172839980
0,14661988351,172734982
0,14664325906,172768109
0,14666663476,172797095
0,14669001046,172822458
0,14671338602,172844650
0,14673676172,172864068
0,14676013742,172881059
0,14678351297,172895926
0,14680688867,172908935
0,14683026437,172920318
0,14685363993,172930278
0,14687701563,172813993
0,14690039132,172712243
0,14692376688,172623212
0,14694714258,172545310
0,14697051828,172477146
0,14699389384,172417502
0,14701726953,172490314
0,14704064523,172554024
0,14706402079,172609771
0,14708739649,172658549
0,14712224390,172826230
0,14714561959,172972951
0,14716899529,173101332
0,14719237085,173213665
0,14721574655,173311956
0,14722765040,173272961
0,14725102610,173238840
0,14727440165,173208985
0,14729777735,173182861
0,14732115305,173160003
0,14734452861,173140002
0,14736790431,173122501
0,14739127986,173107188
0,14741465556,173093789
0,14743803126,173082065
0,14746140682,173071806
0,14748478252,173062830
0,14750815821,173054976
0,14753153377,173048104
0,14755490947,173042091
0,14757828517,173036829
0,14760166073,173032225
0,14762503642,173028196
0,14764841212,173024671
0,14767178768,173021587
0,14769516338,173018888
0,14771853908,173016527
0,14774191463,173139461
0,14776529033,173247028
0,14778866603,173341149
0,14781204159,173423505
0,14783541729,173495566
0,14785879299,173558620
0,14788216854,173613792
0,14790554424,173662068
0,14792891994,173704309
0,14795229550,173741270
0,14797567120,173773611
0,14799904689,173801909
0,14802242245,173826670
0,14804579815,173848336
0,14806917385,173867294
0,14809254941,173883882
0,14811592511,173773396
0,14813930080,173676721
0,14816267636,173592130
0,14818605206,173518113
0,14820942776,173453348
0,14823280332,173396679
0,14825617901,173347094
0,14827955471,173303707
0,14830293027,173265743
0,14833777782,173357525
0,14836115352,173562834
0,14838452907,173617479
0,14840790477,173665294
0,14843128033,173707132
0,14845465603,173743740
0,14847803173,173775772
0,14850140729,173803800
0,14852478298,173828325
0,14854815868,173849784
0,14857153424,173868561
0,14859490994,173884990
0,14861828564,173899366
0,14864166119,173911945
0,14866503689,173922951
0,14868841259,173932582
0,14871178815,173941009
0,14873516385,173948382
0,14875853955,173954834
0,14878191510,173960479
0,14880529080,173965419
0,14882866650,173969741
0,14885204206,173848523
0,14887541776,173742457
0,14889879346,173649649
0,14892216901,173568442
0,14894554471,173497386
0,14896892041,173560212
0,14899229597,173615185
0,14901567167,173663286
0,14903904737,173705375
0,14906242292,173742203
0,14908579862,173774427
0,14910917432,173802623
0,14913254988,173827295
0,14915592558,173848883
0,14917930127,173867772
0,14919120512,173759300
0,14921458068,173664387
0,14923795638,173581338
0,14926133194,173508670
0,14928470764,173445086
0,14930808334,173389450
0,14933145889,173340768
0,14935483459,173298172
0,14937821029,173260900
0,14940158585,173228287
0,14942496155,173199751
0,14944833724,173174782
0,14947171280,173152934
0,14949508850,173133817
0,14951846420,173117089
0,14954183976,173102452
0,14956521546,173089645
0,14958859115,173078439
0,14961196671,173068634
0,14963534241,173060054
0,14965871811,173052547
0,14968209367,173045978
0,14970546937,173040230
0,14972884506,173035201
0,14975222062,173030800
0,14977559632,173026950
0,14979897202,173023581
0,14982234758,173020633
0,14984572328,173018053
0,14986909897,173015796
0,14989247453,173013821
0,14991585023,173012093
0,14993922593,173010581
0,14996260149,173009258
0,14998597719,173008100
0,15000935288,173007087
0,15003272844,173006201
0,15005610414,172880425
0,15007947984,172645371
0,15010285540,172564699
0,15012623110,172494111
0,15014960679,172307347
0,15017298235,172268928
0,15019635805,172235312
0,15021973375,172080898
0,15024310931,172070785
0,15026648501,172061936
0,15030133241,172179194
0,15032470811,172281794
0,15034808381,172371569
0,15037145937,172450122
0,15039483507,172518856
0,15041821077,172578999
0,15044158632,172631624
0,15046496202,172677671
0,15048833772,172717962
0,15051171328,172753216
0,15053508898,172784064
0,15055846468,172811056
0,15058184023,172834674
0,15060521593,172855339
0,15062859163,172873421
0,15065196719,172889243
0,15067534289,172903087
0,15069871859,172915201
0,15072209414,172925800
0,15074546984,172935075
0,15076884554,172943190
0,15079222110,172950291
0,15081559680,172956504
0,15083897250,172961941
0,15086234805,172966698
0,15088572375,172970860
0,15090909945,172974502
0,15093247501,173102689
0,15095585071,173214852
0,15097922641,173312995
0,15100260197,173398870
0,15102597766,173474011
0,15104935336,173539759
0,15107272892,173597289
0,15109610462,173647627
0,15111948032,173691673
0,15114285588,173730213
0,15115475973,173638936
0,15117813542,173559069
0,15120151098,173489185
0,15122488668,173428036
0,15124826238,173374531
0,15127163794,173327714
0,15129501364,173286749
0,15131838933,173250905
0,15134176489,173219541
0,15136514059,173192098
0,15138851629,173168085
0,15141189185,173147074
0,15143526755,173128689
0,15145864325,173112602
0,15148201880,173098526
0,15150539450,173086210
0,15152877020,173075433
0,15155214576,173066003
0,15157552146,173057752
0,15159889716,173050533
0,15163374456,173169216
0,15165712026,173273064
0,15168049596,173488931
0,15170387152,173552814
0,15172724722,173608712
0,15175062292,173782623
0,15177399847,173809795
0,15179737417,173833570
0,15182074987,173979373
0,15184412543,173981951
0,15186750113,173984207
0,15189087683,174111181
0,15191425239,174097283
0,15193762808,174085122
0,15196100378,174199481
0,15198437934,174174545
0,15200775504,174152726
0,15203113074,174008635
0,15205450630,173882555
0,15207788200,173772235
0,15210125755,173675705
0,15212463325,173591241
0,15214800895,173517335
0,15217138451,173452668
0,15219476021,173396084
0,15221813591,173346573
0,15224151146,173678251
0,15227635901,173968469
0,15229973471,174222410
0,15232311027,174569608
0,15234648597,174748407
0,15236986167,174904856
0,15239323723,175166749
0,15241661292,175270905
0,15243998862,175362041
0,15246336418,175566785
0,15248673988,175620936
0,15249864373,175543319
0,15252201929,175600404
0,15254539499,175525353
0,15256877068,175459683
0,15259214624,175527222
0,15261552194,175461319
0,15263889764,175403654
0,15266227320,175478197
0,15268564890,175418422
0,15270902460,175366119
0,15273240015,175445354
0,15275577585,175389684
0,15277915155,175340973
0,15280252711,175423351
0,15282590281,175370432
0,15284927851,175324128
0,15287265407,175408612
0,15289602976,175357535
0,15291940546,175437843
0,15294278102,175633112
0,15296615672,175678973
0,15298953242,175719101
0,15301290798,175879213
0,15303628368,175894311
0,15305965938,175907522
0,15308303493,176044081
0,15310641063,176038570
0,15311831448,175908748
0,15314169004,175920154
0,15316506574,175805134
0,15318844144,175704492
0,15321181700,175741430
0,15323519269,175648751
0,15325856839,175567657
0,15328194395,175621699
0,15330531965,175543986
0,15332869535,175475987
0,15335207091,175541488
0,15337544661,175348802
0,15339882231,175180201
0,15342219786,175032675
0,15344557356,174903590
0,15346894926,174790641
0,15349232482,174691810
0,15351570052,174605333
0,15353907622,174529666
0,15356245178,174463457
0,15359729932,174530524
0,15362067502,174714208
0,15364405058,174749932
0,15366742628,174781190
0,15369080198,174933541
0,15371417754,174941848
0,15373755324,174949117
0,15376092893,175080477
0,15378430449,175070417
0,15380768019,175061614
0,15383105589,175178912
0,15385443145,175156548
0,15387780715,175136979
0,15390118271,175244856
0,15392455840,175214249
0,15394793410,175187467
0,15397130966,175289033
0,15399468536,175252903
0,15401806106,175096290
0,15404143662,175084253
0,15406481232,174948721
0,15408818802,174830130
0,15411156357,174851363
0,15413493927,174744942
0,15415831497,174651824
0,15418169053,174695346
0,15421653808,174733427
0,15423991378,174766748
0,15426328934,175045904
0,15428666503,175165166
0,15431004073,175394520
0,15433341629,175595205
0,15435679199,175645804
0,15438016769,175815078
0,15440354325,175963193
0,15442691895,175967793
0,15445029465,176096818
0,15446219836,176084715
0,15448557405,175949125
0,15450894975,175830484
0,15453232531,175851673
0,15455570101,175745213
0,15457907671,175652061
0,15460245227,175695553
0,15462582797,175608608
0,15464920367,175532532
0,15467257922,175590965
0,15469595492,175517094
0,15471933062,175452457
0,15474270618,175520899
0,15476608188,175455786
0,15478945758,175398812
0,15481283314,175473960
0,15483620884,175414715
0,15485958453,175362875
0,15488296009,175567515
0,15490633579,175621575
0,15492971149,175668878
0,15495308705,175835268
0,15497646275,175855859
0,15499983845,175873876
0,15502321401,176014641
0,15504658970,176012810
0,15506996540,176011208
0,15509334096,176134807
0,15511671666,176117956
0,15514009236,176228211
0,15516346792,176324684
0,15518684362,176284098
0,15521021932,176373585
0,15523359487,176451886
0,15525697057,176395400
0,15528034627,176470975
0,15530372183,176537103
0,15532709753,176469965
0,15535047323,176411219
0,15537384879,176234816
0,15539722449,176080464
0,15542060019,176070406
0,15544397574,175936605
0,15546735144,175819529
0,15549072714,175842087
0,15551410270,175736826
0,15553747840,175644722
0,15557232581,175814131
0,15559570151,175837364
0,15561907721,175857693
0,15564245276,176000481
0,15566582846,176000420
0,15568920416,176000367
0,15571257972,176125321
0,15573595542,176109655
0,15575933112,176095948
0,15578270668,176208954
0,15580608238,176182834
0,15582945808,176159979
0,15585283363,176264981
0,15587620933,176231858
0,15589958503,176202875
0,15592296059,176302515
0,15594633629,176264700
0,15596971199,176106612
0,15599308755,176093285
0,15601646325,175956624
0,15603983895,175837046
0,15606321450,175732415
0,15608659020,175640863
0,15610996590,175560755
0,15613334146,175490660
0,15615671716,175429327
0,15618009286,175500661
0,15620346842,175438078
0,15622684412,175508318
0,15625021981,175694778
0,15627359537,175857930
0,15629697107,175875688
0,15632034677,176016227
0,15634372233,176139198
0,15636709803,176121798
0,15639047373,176231573
0,15641384929,176327626
0,15642575314,176161672
0,15644912884,176016463
0,15647250439,176014405
0,15649588009,175887604
0,15651925579,175776653
0,15654263135,175804571
0,15656600705,175703999
0,15658938275,175615999
0,15661275831,175663999
0,15663613401,175580999
0,15665950971,175508374
0,15668288526,175569827
0,15670626096,175498598
0,15672963666,175436273
0,15675301222,175506738
0,15677638792,175443395
0,15679976362,175387970
0,15682313918,175464473
0,15684651488,175406413
0,15686989058,175355611
0,15689326613,175311159
0,15691664183,175272264
0,15694001753,175363231
0,15696339309,175317827
0,15698676879,175278098
0,15701014449,175368335
0,15703352005,175322293
0,15705689575,175282006
0,15708027145,175371755
0,15710364701,175325285
0,15712702270,175284624
0,15715039840,175374046
0,15717377396,175327290
0,15719714966,175286378
0,15722052536,175375580
0,15724390092,175328632
0,15726727662,175287553
0,15729065232,175376608
0,15731402788,175204532
0,15733740358,175053965
0,15736077927,175047219
0,15738415483,174916316
0,15740753053,174801776
0,15743090623,174826554
0,15745428179,174723234
0,15747765749,174632829
0,15750103319,174678725
0,15753588060,174718884
0,15755925630,174754023
0,15758263185,174909770
0,15760600755,174921048
0,15762938325,174930917
0,15765275881,175064552
0,15767613451,175056483
0,15769951021,175049422
0,15772288577,175168244
0,15774626147,175147213
0,15776963717,175128811
0,15779301273,175237709
0,15781638843,175207995
0,15783976412,175181995
0,15786313968,175284245
0,15788651538,175248714
0,15790989108,175217624
0,15793326664,175190421
0,15795664234,175166618
0,15798001804,175270790
0,15800339360,175236941
0,15802676930,175207323
0,15805014500,175306407
0,15807352055,175268106
0,15809689625,175234592
0,15812027195,175330268
0,15814364751,175288984
0,15816702321,175252861
0,15819039891,175471253
0,15821377447,175662346
0,15823715017,175704552
0,15826052587,175866483
0,15828390143,176008172
0,15830727713,176007150
0,15833065282,176131256
0,15835402838,176239849
0,15837740408,176209867
0,15838930793,176058633
0,15841268349,176051303
0,15843605919,175919890
0,15845943489,175804903
0,15848281045,175829290
0,15850618615,175725628
0,15852956185,175634924
0,15855293741,175680558
0,15857631311,175595488
0,15859968880,175521052
0,15862306436,175580920
0,15864644006,175508305
0,15866981576,175444766
0,15869319132,175389170
0,15871656702,175340523
0,15873994272,175297957
0,15877479013,175385712
0,15879816583,175462498
0,15882154139,175654685
0,15884491708,175697849
0,15886829278,175735617
0,15889166834,175893664
0,15891504404,175906956
0,15893841974,175918586
0,15896179530,176053762
0,15898517100,176047041
0,15900854670,176041160
0,15903192226,176161015
0,15905529796,176140888
0,15907867366,176123277
0,15910204922,176232867
0,15912542491,176203758
0,15914880061,176178288
0,15917217617,176281002
0,15919555187,176245876
0,15921892757,176215141
0,15924230313,176313248
0,15926567883,176274092
0,15928905453,176114830
0,15931243009,176100476
0,15933580579,175962916
0,15935918149,175842551
0,15938255705,175862232
0,15940593274,175754453
0,15942930844,175910146
0,15945268400,176171377
0,15947605970,176399954
0,15951090725,176724959
0,15953428281,177009339
0,15955765851,177258171
0,15958103421,177475899
0,15960440977,177666411
0,15962778547,177833109
0,15963968932,177728970
0,15966306488,177762848
0,15968644057,177792492
0,15970981627,177693430
0,15973319183,177731751
0,15975656753,177640282
0,15977994323,177560246
0,15980331879,177615215
0,15982669449,177538313
0,15985007019,177596023
0,15987344575,177646520
0,15989682145,177565705
0,15992019715,177619991
0,15994357271,177667492
0,15996694841,177584055
0,15999032410,177636048
0,16001369966,177681542
0,16003707536,177596349
0,16006045106,177646805
0,16008382662,177690954
0,16010720232,177604584
0,16013057802,177654011
0,16015395358,177697259
0,16017732928,177860101
0,16020070498,178002588
0,16022408054,178127264
0,16024745624,178236356
0,16027083194,178331811
0,16029420749,178415334
0,16031758319,178488417
0,16034095889,178552364
0,16036433445,178608318
0,16037623830,178532278
0,16039961400,178340743
0,16042298956,178298150
0,16044636526,178260881
0,16046974096,178103270
0,16049311652,178090361
0,16051649222,178079065
0,16053986792,177819181
0,16056324348,177716783
0,16058661918,177502185
0,16060999488,177314411
0,16063337043,177275109
0,16065674613,177115720
0,16068012183,177101255
0,16071496924,177213598
0,16073834494,177186898
0,16076172050,177288535
0,16078509620,177377468
0,16080847190,177330284
0,16083184746,177413998
0,16085522316,177487248
0,16087859886,177426342
0,16090197442,177498049
0,16092535012,177560792
0,16094872581,177490693
0,16097210137,177554356
0,16099547707,177610061
0,16101885277,177533803
0,16104222833,177592077
0,16106560403,177643067
0,16108897973,177562683
0,16111235529,177617347
0,16113573099,177665178
0,16115910669,177582030
0,16118248225,177634276
0,16120585795,177679991
0,16122923365,177594992
0,16125260921,177645618
0,16127598491,177439915
0,16129936060,177259925
0,16132273616,177227434
0,16134611186,177074004
0,16136948756,176939753
0,16139286312,176947283
0,16141623882,177078872
0,16143961452,177069013
0,16147446193,177310386
0,16149783763,177521587
0,16152121319,177706388
0,16154458889,177868089
0,16156796459,178009577
0,16157986844,177883379
0,16160324400,177897956
0,16162661970,177785711
0,16164999540,177687497
0,16167337095,177726559
0,16169674665,177635739
0,16172012235,177681271
0,16174349791,177721112
0,16176687361,177630973
0,16179024931,177677101
0,16181362487,177717463
0,16183700057,177627780
0,16186037627,177674307
0,16188375183,177715018
0,16190712753,177625640
0,16193050323,177672435
0,16195387879,177713380
0,16197725449,177624207
0,16200063019,177671181
0,16202400575,177712283
0,16204738144,177623247
0,16207075714,177670341
0,16209413270,177711548
0,16211750840,177622604
0,16214088410,177669778
0,16216425966,177836055
0,16218763536,177981548
0,16221101106,178108854
0,16223438662,178220247
0,16225776232,178317716
0,16228113788,178403001
0,16230451358,178477625
0,16232788928,178542921
0,16235126484,178600055
0,16237464054,178650048
0,16239801624,178693792
0,16242139180,178732068
0,16244476750,178765559
0,16246814319,178669864
0,16249151875,178586131
0,16251489445,178512864
0,16253827015,178323756
0,16256164571,178283286
0,16258502141,178247875
0,16260839711,178091890
0,16263177267,178080403
0,16266662022,178195352
0,16268999592,178170933
0,16271337148,178274566
0,16273674718,178365245
0,16276012288,178444589
0,16278349844,178514015
0,16280687414,178574763
0,16283024984,178627917
0,16285362540,178674427
0,16287700110,178715123
0,16290037679,178750732
0,16292375235,178781890
0,16294712805,178809153
0,16297050375,178833008
0,16299387931,178853882
0,16301725501,178872146
0,16304063071,178888127
0,16306400627,178902111
0,16308738197,178914347
0,16311075767,178925053
0,16313413323,178934421
0,16315750893,178942618
0,16318088463,178949790
0,16320426019,178956066
0,16322763589,178961557
0,16325101159,178841362
0,16327438715,178736191
0,16329776285,178519167
0,16332113841,178454271
0,16334451411,178397487
0,16336788981,178472801
0,16339126536,178538700
0,16341464106,178596362
0,16343801676,178646816
0,16346139232,178690964
0,16348476802,178729593
0,16350814372,178638393
0,16353151928,178683593
0,16354342313,178598143
0,16356679883,178398375
0,16359017453,178348578
0,16361355009,178305005
0,16363692579,178141879
0,16366030149,178124144
0,16368367705,178108626
0,16370705275,177970047
0,16373042845,177973791
0,16375380401,177977067
0,16377717971,177854933
0,16380055541,177873066
0,16382393097,177888932
0,16384730667,177777815
0,16387068237,177805588
0,16389405792,177829889
0,16391743362,177726152
0,16394080932,177760383
0,16396418488,177790335
0,16398756058,177691543
0,16401093628,177730100
0,16403431184,177763837
0,16405768754,177668357
0,16408106310,177709812
0,16410443880,177746085
0,16412781450,177652824
0,16415119006,177696221
0,16417456576,177734193
0,16419794146,177642418
0,16422131702,177687115
0,16424469272,177726225
0,16426806842,177635446
0,16429144398,177681015
0,16431481968,177720888
0,16433819538,177630777
0,16436157094,177676929
0,16438494664,177717312
0,16440832234,177627648
0,16443169790,177549192
0,16445507360,177480543
0,16447844930,177295475
0,16450182485,177258540
0,16452520055,177101222
0,16454857625,176963569
0,16457195181,176968122
0,16459532751,176847106
0,16463017506,176991217
0,16465355062,177117314
0,16467692632,177102649
0,16470030202,177214817
0,16472367758,177312964
0,16474705328,177273843
0,16477042898,177364612
0,16479380454,177444035
0,16481718024,177388530
0,16484055594,177464963
0,16486393150,177531842
0,16488730720,177465361
0,16491068290,177532190
0,16493405846,177590666
0,16495743416,177516832
0,16498080986,177577228
0,16500418542,177630074
0,16502756112,177551314
0,16505093682,177607399
0,16507431238,177656474
0,16509768808,177574414
0,16512106364,177627612
0,16514443934,177674160
0,16516781504,177589890
0,16519119059,177641153
0,16521456629,177686008
0,16523794199,177600257
0,16526131755,177650224
0,16528469325,177693946
0,16530806895,177607202
0,16533144451,177781301
0,16535482021,177933638
0,16537819591,177941933
0,16540157147,178074191
0,16542494717,178189917
0,16544832287,178166177
0,16547169843,178270404
0,16549507413,178361603
0,16550697798,178191402
0,16553035368,178167476
0,16555372924,178146541
0,16557710494,178003223
0,16560048064,178002820
0,16562385620,178002467
0,16564723190,177877158
0,16567060760,177892513
0,16569398316,177905948
0,16571735886,177792704
0,16574073456,177818616
0,16576411012,177841289
0,16578748582,177736127
0,16581086152,177769111
0,16583423708,177797972
0,16585761278,177698225
0,16588098834,177735946
0,16590436404,177768952
0,16592773974,177672833
0,16596258715,177838728
0,16598596285,177983887
0,16600933855,177985901
0,16603271411,178112663
0,16605608981,178223580
0,16607946550,178195632
0,16610284106,178296178
0,16612621676,178384155
0,16614959246,178336135
0,16617296802,178419118
0,16619634372,178491728
0,16621971942,178430262
0,16624309498,178501479
0,16626647068,178563794
0,16628984638,178493319
0,16631322194,178556654
0,16633659764,178612072
0,16635997334,178535563
0,16638334890,178593617
0,16640672460,178394414
0,16643010030,178345112
0,16645347586,178301973
0,16647685156,178139226
0,16650022726,178121822
0,16652360282,178106594
0,16654697852,177968269
0,16657035422,177972235
0,16660520163,178100705
0,16662857733,178088116
0,16665195289,178452101
0,16667532859,178770588
0,16669870429,179049264
0,16672207985,179293106
0,16674545555,179506467
0,16676883125,179693158
0,16679220681,179856513
0,16681558251,179999448
0,16683895821,180124517
0,16685086206,180108952
0,16687423762,180095333
0,16689761332,180083416
0,16692098888,180072989
0,16694436458,180063865
0,16696774028,180055881
0,16699111584,180048895
0,16701449154,180042783
0,16703786724,180037435
0,16706124280,180032755
0,16708461850,180028660
0,16710799420,180025077
0,16713136976,180021942
0,16715474546,180019199
0,16717812116,180016799
0,16720149672,180014699
0,16722487242,180012861
0,16724824812,180011253
0,16727162368,180009846
0,16729499938,180008615
0,16731837508,180132538
0,16734175064,180240970
0,16736512634,180335848
0,16738850204,180418867
0,16741187760,180491508
0,16743525330,180555069
0,16745862900,180610685
0,16747053285,180534349
0,16749390841,180467555
0,16751728410,180409110
0,16754065980,180357971
0,16756403536,180313224
0,16758741106,180274071
0,16761078676,180239812
0,16763416232,180209835
0,16765753802,180183605
0,16768091372,180160654
0,16770428928,180140572
0,16772766498,180123000
0,16775104054,179982625
0,16777441624,179859796
0,16779779194,179752321
0,16782116750,179658280
0,16784454320,179575995
0,16786791890,179503995
0,16789129446,179440995
0,16792614201,179510870
0,16794951771,179572011
0,16797289327,179625509
0,16799626897,179672320
0,16801964467,179713280
0,16804302023,179749120
0,16806639593,179780480
0,16808977163,179807920
0,16811314719,179831930
0,16813652289,179852938
0,16815989859,179871320
0,16818327415,179887405
0,16820664985,179901479
0,16823002555,179913794
0,16825340111,179924569
0,16827677681,179933997
0,16830015251,179942247
0,16832352807,179949466
0,16834690377,179955782
0,16837027947,179961309
0,16839365503,179841145
0,16841703073,179736001
0,16844040643,179644000
0,16846378199,179563500
0,16848715769,179493062
0,16851053339,179431429
0,16854538080,179502500
0,16856875650,179564687
0,16859213206,179619101
0,16861550776,179666713
0,16863888346,179708373
0,16866225902,179869826
0,16868563472,180011097
0,16870901042,180134709
0,16873238598,180242870
0,16875576168,180337511
0,16877913738,180420322
0,16880251294,180492781
0,16881441679,180431183
0,16883779249,180377285
0,16886116805,180330124
0,16888454375,180288858
0,16890791945,180252750
0,16893129501,180221156
0,16895467071,180193511
0,16897804641,180169322
0,16900142197,180148156
0,16902479767,180129636
0,16904817337,180113431
0,16907154893,180099252
0,16909492463,180086845
0,16911830033,180075989
0,16914167589,180066490
0,16916505159,180058178
0,16918842729,180050905
0,16921180285,180044541
0,16923517855,180038973
0,16925855425,180034101
0,16928192981,180154838
0,16930530551,180260483
0,16932868121,180352922
0,16935205677,180433806
0,16937543247,180504580
0,16939880817,180566507
0,16941071202,180495693
0,16943408758,180433731
0,16945746328,180379514
0,16948083898,180332074
0,16950421454,180290564
0,16952759024,180254243
0,16955096580,180222462
0,16957434150,180194654
0,16959771720,180170322
0,16962109276,180149031
0,16964446846,180130402
0,16966784417,180114101
0,16969121973,180099838
0,16971459543,179962358
0,16973797113,179842063
0,16976134669,179736805
0,16978472239,179644704
0,16981956994,179689116
0,16984294550,179727976
0,16986632120,179761979
0,16988969690,179791731
0,16991307246,179817764
0,16993644816,179840543
0,16995982386,179860475
0,16998319942,179877915
0,17000657512,179893175
0,17002995082,179781528
0,17005332638,179808837
0,17007670208,179832732
0,17010007778,179853640
0,17012345334,179871935
0,17014682904,179887943
0,17017020474,179901950
0,17019358030,179914206
0,17021695600,179924930
0,17024033170,179934313
0,17026370726,179942523
0,17028708296,179949707
0,17031045866,179955993
0,17033383422,179836493
0,17035720992,179731931
0,17038058562,179640439
0,17040396118,179560384
0,17043880873,179615336
0,17046218429,179663419
0,17048555999,179705491
0,17050893569,179742304
0,17053231125,179774516
0,17055568695,179802701
0,17057906265,179827363
0,17060243821,179848942
0,17062581391,179992824
0,17064918961,180118721
0,17067256517,180228880
0,17069594087,180325270
0,17071931657,180409611
0,17074269213,180483409
0,17076606783,180547982
0,17078944353,180604484
0,17081281909,180653923
0,17083619479,180697182
0,17085957049,180735034
0,17088294605,180768154
0,17090632175,180797134
0,17092969745,180822492
0,17095307301,180844680
0,17097644871,180864095
0,17099982441,180881083
0,17102319997,180895947
0,17104657567,180908953
0,17106995137,180920333
0,17109332693,180930291
0,17111670264,180939004
0,17114007834,181071628
0,17116345390,181062674
0,17118682960,181054839
0,17121020530,181172984
0,17123358086,181276361
0,17125695656,181366815
0,17128033226,181570963
0,17130370782,181624592
0,17131561167,181546518
0,17133898737,181478203
0,17136236293,181418427
0,17138573863,181366123
0,17140911433,181320357
0,17143248989,181280312
0,17145586559,181245273
0,17147924129,181214613
0,17150261685,181187786
0,17152599255,181164312
0,17154936825,181143773
0,17157274381,181125801
0,17159611951,181110075
0,17161949521,180971315
0,17164287077,180849900
0,17166624647,180743662
0,17168962217,180650704
0,17171299773,180569366
0,17173637343,180498195
0,17175974913,180435920
0,17178312469,180381430
0,17180650039,180333751
0,17182987609,180292032
0,17185325165,180255528
0,17187662735,180223587
0,17190000305,180195638
0,17192337861,180171183
0,17194675431,180149785
0,17197013001,180131061
0,17199350558,180114678
0,17201688128,180100343
0,17204025698,180087800
0,17206363254,180076825
0,17208700824,180067221
0,17211038394,180058818
0,17213375950,180051465
0,17215713520,180045031
0,17218051090,180039402
0,17220388646,180034476
0,17222726216,179905166
0,17225063786,179792020
0,17227401342,179693017
0,17229738912,179606389
0,17232076482,179530590
0,17234414038,179464266
0,17236751608,179406232
0,17240236349,179480453
0,17242573919,179545396
0,17244911489,179602221
0,17247249045,179651943
0,17249586615,179695450
0,17251924185,179733518
0,17254261741,179766828
0,17256599311,179795974
0,17258936881,179821477
0,17261274437,179843792
0,17263612007,179863318
0,17265949577,179880403
0,17268287134,179895352
0,17270624704,179908433
0,17272962274,179919878
0,17275299830,179929893
0,17277637400,179938656
0,17279974970,179946324
0,17282312526,179953033
0,17284650096,179958903
0,17286987666,179964040
0,17289325222,179968535
0,17291662792,179972468
0,17294000362,179975909
0,17296337918,179978920
0,17298675488,179981555
0,17301013058,179983860
0,17303350614,179985877
0,17305688184,179987642
0,17308025754,179989186
0,17310363310,179990537
0,17312700880,180116719
0,17315038450,180352129
0,17317376006,180433112
0,17319713576,180503973
0,17322051146,180690976
0,17324388702,180729604
0,17326726272,180763403
0,17327916658,180667977
0,17330254214,180584479
0,17332591784,180511419
0,17334929354,180447491
0,17337266910,180391554
0,17339604480,180342609
0,17341942050,180299782
0,17344279606,180262309
0,17346617176,180229520
0,17348954746,180200830
0,17351292302,180175726
0,17353629872,180153760
0,17355967442,180134540
0,17358304998,180117722
0,17360642568,180103006
0,17362980138,180090130
0,17365317694,180078863
0,17367655264,180069005
0,17369992834,179935379
0,17372330390,179943456
0,17374667960,179950524
0,17377005530,179956708
0,17379343087,179962119
0,17381680657,179966854
0,17384018227,179970997
0,17387502968,180099622
0,17389840538,180212169
0,17392178094,180310647
0,17394515664,180396816
0,17396853234,180472214
0,17399190790,180538187
0,17401528360,180595913
0,17403865930,180646423
0,17406203486,180690620
0,17408541056,180729292
0,17410878626,180763130
0,17413216182,180792738
0,17415553752,180818645
0,17417891322,180841314
0,17420228878,180736149
0,17422566448,180644130
0,17424904018,180563613
0,17427241575,180493161
0,17429579145,180431515
0,17431916715,180377575
0,17434254271,180330378
0,17436591841,180289080
0,17438929411,180252945
0,17441266967,180221326
0,17443604537,180193660
0,17445942107,180169452
0,17449426848,180273270
0,17451764418,180364111
0,17454101974,180568597
0,17456439544,180622522
0,17458777114,180669706
0,17461114670,181085992
0,17463452240,181450243
0,17465789810,181643962
0,17468127366,181938466
0,17470464936,182196157
0,17472802507,182296637
0,17475140063,182509557
0,17476330448,182445862
0,17478668018,182390129
0,17481005588,182466362
0,17483343144,182408066
0,17485680714,182357057
0,17488018284,182437424
0,17490355840,182382746
0,17492693410,182334902
0,17495030980,182418039
0,17497368536,182365784
0,17499706106,182320061
0,17502043676,182405053
0,17504381232,182354421
0,17506718802,182310118
0,17509056372,182396353
0,17511393928,182596808
0,17513731499,182647207
0,17516069069,182816306
0,17518406625,182964267
0,17520744195,182968733
0,17523081765,183097641
0,17525419321,183210435
0,17527756891,183184130
0,17530094447,183286113
0,17532432017,183375348
0,17534769587,183328429
0,17537107143,183412375
0,17538297528,183360828
0,17540635098,183190724
0,17542972668,183041883
0,17545310224,183036647
0,17547647794,182907066
0,17549985364,182793682
0,17552322921,182819471
0,17554660491,182717037
0,17556998061,182627407
0,17559335617,182548981
0,17561673187,182480358
0,17564010757,182545313
0,17566348313,182477148
0,17568685883,182292504
0,17571023453,182255941
0,17573361009,182098948
0,17575698579,181961579
0,17578036149,181966381
0,17581520890,181970583
0,17583858460,181974260
0,17586196016,182102477
0,17588533587,182089667
0,17590871157,182078458
0,17593208713,182193650
0,17595546283,182169443
0,17597883853,182148262
0,17600221409,182254729
0,17602558979,182222887
0,17604896549,182195026
0,17607234105,182295647
0,17609571675,182258691
0,17611909245,182226354
0,17614246801,182323059
0,17616584371,182282676
0,17618921941,182247341
0,17621259497,182341423
0,17623597068,182298745
0,17625934638,182261401
0,17628272194,182353725
0,17630609764,182184509
0,17632947334,182036445
0,17635284890,181906889
0,17637622460,181793527
0,17639960030,181694336
0,17642297586,181607544
0,17645782341,181656601
0,17648119897,181824525
0,17650457467,181846459
0,17652795037,181865651
0,17655132594,182007444
0,17657470164,182006513
0,17659807734,182130698
0,17662145290,182364360
0,17664482860,182443815
0,17666820430,182513338
0,17669157986,182699170
0,17670348371,182611773
0,17672685941,182535301
0,17675023511,182593388
0,17677361067,182519214
0,17679698637,182454312
0,17682036207,182522523
0,17684373763,182457207
0,17686711333,182400056
0,17689048904,182475049
0,17691386460,182415667
0,17693724030,182363708
0,17696061600,182443244
0,17698399156,182387838
0,17700736726,182339358
0,17703074296,182421938
0,17705411852,182369195
0,17707749422,182323045
0,17710086978,182407664
0,17712424548,182356706
0,17714762118,182312117
0,17717099675,182398102
0,17719437245,182348339
0,17721774815,182429796
0,17724112371,182626071
0,17726449941,182797812
0,17728787511,182823085
0,17731125067,182970199
0,17733462637,183098924
0,17734653022,182961558
0,17736990592,182841363
0,17739328148,182861192
0,17741665718,182753543
0,17744003288,182784350
0,17746340844,182686306
0,17748678415,182600517
0,17751015985,182650452
0,17753353541,182569145
0,17755691111,182498001
0,17758028681,182560750
0,17760366237,182490656
0,17762703807,182304324
0,17765041377,182266283
0,17767378933,182107997
0,17769716503,181969497
0,17772054073,181973309
0,17775538814,181976645
0,17777876385,181979564
0,17780213941,182107118
0,17782551511,182093728
0,17784889081,182082012
0,17787226637,182196760
0,17789564207,182172165
0,17791901777,182150644
0,17794239333,182256813
0,17796576903,182224711
0,17798914473,182196622
0,17801252029,182297044
0,17803589599,182259913
0,17805927170,182227423
0,17808264726,182323995
0,17810602296,182283495
0,17812939866,182248058
0,17815277422,182342050
0,17817614992,182299293
0,17819952562,182261881
0,17822290118,182354145
0,17824627688,182309876
0,17826965258,182146141
0,17829302814,182002873
0,17831640385,181877513
0,17833977955,181767823
0,17836315511,181671845
0,17839800266,181712864
0,17842137822,181873756
0,17844475392,181889536
0,17846812962,181903344
0,17849150518,182040426
0,17851488088,182035372
0,17853825658,182155950
0,17856163214,182386456
0,17858500785,182463149
0,17860838355,182530255
0,17863175911,182713973
0,17865513481,182749726
0,17867851051,182781010
0,17870188607,182933383
0,17872526177,182941710
0,17874863747,182948996
0,17877201303,183080371
0,17879538873,183070324
0,17881876443,183061533
0,17884214000,183178841
0,17886551570,183156485
0,17888889140,183136924
0,17891226696,183244808
0,17893564266,183214207
0,17895901836,183187431
0,17898239392,183289002
0,17900576962,183252876
0,17902914532,183221266
0,17905252088,183318607
0,17907589658,183278781
0,17909927229,183243933
0,17912264785,183338441
0,17914602355,183296135
0,17916939925,183259118
0,17919277481,183476728
0,17921615051,183667137
0,17923952621,183708744
0,17926290177,183870151
0,17928627747,183886382
0,17929818132,183775584
0,17932155689,183803636
0,17934493259,183703181
0,17936830829,183615283
0,17939168385,183663372
0,17941505955,183580450
0,17943843525,183507893
0,17946181081,183569406
0,17948518651,183498230
0,17950856221,183435951
0,17953193777,183506457
0,17955531347,183443149
0,17957868918,183262755
0,17960206474,183229910
0,17962544044,183076171
0,17964881614,182941649
0,17967219170,182948942
0,17969556740,182830324
0,17971894310,182726533
0,17974231866,182760716
0,17976569436,182665626
0,17978907006,182582422
0,17981244563,182634619
0,17983582133,182555291
0,17985919703,182485879
0,17988257259,182550144
0,17990594829,182481376
0,17992932399,182421204
0,17995269955,182493553
0,17997607525,182431858
0,17999945095,182377875
0,18002282652,182455640
0,18004620222,182398685
0,18006957792,182348849
0,18009295348,182430242
0,18011632918,182376461
0,18013970488,182329403
0,18016308044,182413227
0,18018645614,182361573
0,18020983184,182191376
0,18023320740,182042454
0,18025658311,181912147
0,18027995881,181798128
0,18030333437,181698362
0,18032671007,181611066
0,18036155748,181784682
0,18038493318,181811596
0,18040830888,181835146
0,18043168444,181980752
0,18045506014,181983158
0,18047843585,181985263
0,18050181141,182112105
0,18052518711,182098091
0,18054856281,182085829
0,18057193837,182200100
0,18059531407,182175087
0,18061868977,182153201
0,18064206533,182259050
0,18066544103,182226668
0,18068881674,182198334
0,18071219230,182298542
0,18073556800,182261224
0,18075894370,182228571
0,18078231926,182324999
0,18080569496,182284374
0,18082907066,182248827
0,18085244622,182342723
0,18087582192,182299882
0,18089919763,182262396
0,18092257319,182354596
0,18094594889,182310271
0,18096932459,182271487
0,18099270015,182362551
0,18101607585,182317232
0,18103945155,182277578
0,18106282711,182367880
0,18108620281,182321895
0,18110957852,182281658
0,18113295408,182496450
0,18115632978,182559393
0,18117970548,182614468
0,18120308104,182787659
0,18122645674,182814201
0,18124983244,182837425
0,18126173615,182857746
0,18128511185,182750527
0,18130848755,182656711
0,18133186312,182699622
0,18135523882,182612169
0,18137861452,182535647
0,18140199008,182593691
0,18142536578,182519479
0,18144874148,182454544
0,18147211704,182522726
0,18149549274,182457385
0,18151886845,182400211
0,18154224401,182475184
0,18156561971,182415786
0,18158899541,182363812
0,18161237097,182443335
0,18163574667,182387918
0,18165912237,182339428
0,18168249793,182421999
0,18170587363,182369249
0,18172924934,182323092
0,18175262490,182407705
0,18177600060,182356741
0,18179937630,182312148
0,18182275186,182398129
0,18184612756,182348362
0,18186950326,182304816
0,18189287882,182391714
0,18191625453,182342749
0,18195110194,182549905
0,18197447764,182731166
0,18199785334,182764770
0,18202122890,182919173
0,18204460460,183054276
0,18206798030,183047491
0,18209135586,183166554
0,18211473157,183270734
0,18213810727,183236892
0,18216148283,183332280
0,18218485853,183165745
0,18220823423,183020026
0,18223160979,183017522
0,18225498549,182890331
0,18227836119,182779039
0,18230173676,182806659
0,18232511246,182705826
0,18234848816,182617597
0,18237186372,182665397
0,18239523942,182582222
0,18241861512,182509444
0,18244199068,182570763
0,18246536638,182499417
0,18248874209,182436989
0,18251211765,182507365
0,18254696520,182568944
0,18257034090,182747826
0,18259371646,182904347
0,18261709216,182916303
0,18264046786,183051765
0,18266384343,183170294
0,18268721913,183149007
0,18271059483,183505381
0,18273397039,183817208
0,18275734609,184090057
0,18278072179,184328799
0,18280409735,184537699
0,18282747305,184720486
0,18285084862,184880425
0,18286275247,184895371
0,18288612817,184908449
0,18290950387,184794892
0,18293287943,184820530
0,18295625513,184842963
0,18297963083,184737592
0,18300300639,184770393
0,18302638210,184799093
0,18304975780,184699206
0,18307313336,184736805
0,18309650906,184769704
0,18311988476,184798491
0,18314326032,184948679
0,18316663602,185080094
0,18319001172,185195082
0,18321338729,185295696
0,18323676299,185383734
0,18326013869,185460767
0,18328351425,185528171
0,18330688995,185587149
0,18333026565,185638755
0,18335364121,185683910
0,18337701691,185723421
0,18340039262,185757993
0,18342376818,185788243
0,18343567203,185689712
0,18345904773,185478498
0,18348242329,185418685
0,18350579899,185366349
0,18352917469,185195555
0,18355255026,185171110
0,18357592596,185149721
0,18359930166,185006005
0,18362267722,185005254
0,18364605292,185004597
0,18366942862,184879022
0,18369280418,184894144
0,18371617988,184907376
0,18373955559,184793954
0,18376293115,184819709
0,18378630685,184592245
0,18380968255,184393214
0,18383305811,184344062
0,18385643381,184176054
0,18387980951,184029047
0,18391465693,184150416
0,18393803263,184131614
0,18396140819,184240162
0,18398478389,184335141
0,18400815959,184293248
0,18403153515,184381592
0,18405491085,184458893
0,18407828656,184401531
0,18410166212,184476339
0,18412503782,184541796
0,18414841352,184474071
0,18417178908,184539812
0,18419516478,184597335
0,18421854048,184522668
0,18424191605,184582334
0,18426529175,184634542
0,18428866745,184555224
0,18431204301,184610821
0,18433541871,184659468
0,18435879441,184577034
0,18438216997,184504904
0,18440554568,184316791
0,18442892138,184152192
0,18445229694,184133168
0,18447567264,183991522
0,18449904834,183867581
0,18453389575,184009133
0,18455727145,184007991
0,18458064716,184131992
0,18460402272,184240493
0,18462739842,184210431
0,18465077398,184309127
0,18467414968,184395486
0,18469752538,184346050
0,18472090095,184552793
0,18474427665,184733693
0,18476765235,184891981
0,18479102791,185030483
0,18481440361,185151672
0,18482630746,185132713
0,18484968316,184991123
0,18487305872,184992232
0,18489643443,184993203
0,18491981013,184869052
0,18494318569,184885420
0,18496656139,184899742
0,18498993709,184787274
0,18501331265,184813864
0,18503668836,184712131
0,18506006406,184748114
0,18508343962,184779599
0,18510681532,184682149
0,18513019102,184721880
0,18515356658,184756645
0,18517694228,184662064
0,18520031799,184704306
0,18522369355,184741267
0,18524706925,184648608
0,18527044495,184692532
0,18529382051,184855965
0,18531719621,184998969
0,18534057191,185124097
0,18536394748,185233584
0,18538732318,185329386
0,18541069888,185413212
0,18542260259,185361560
0,18544597829,185316365
0,18546935399,185151819
0,18549272955,185132841
0,18551610526,185116235
0,18553948096,184976705
0,18556285652,184979616
0,18558623222,184982164
0,18560960792,184859393
0,18563298348,184876968
0,18565635919,184892347
0,18567973489,184780803
0,18570311045,184808202
0,18572648615,184832176
0,18574986185,184603154
0,18577323741,184527759
0,18579661311,184336789
0,18581998882,184169690
0,18584336438,184148478
0,18587821193,184129918
0,18590158749,184238678
0,18592496319,184333843
0,18594833889,184292112
0,18597171446,184380598
0,18599509016,184458023
0,18601846586,184400770
0,18604184142,184475673
0,18606521712,184541213
0,18608859282,184473561
0,18611196839,184539365
0,18613534409,184596944
0,18615871979,184522326
0,18618209535,184582035
0,18620547105,184634280
0,18622884675,184554995
0,18625222232,184610620
0,18627559802,184659292
0,18629897372,184576880
0,18632234928,184629770
0,18634572498,184676048
0,18636910068,184466542
0,18639247625,184408224
0,18641585195,184232196
0,18643922765,184078171
0,18647407506,184193399
0,18649745076,184169224
0,18652082632,184273071
0,18654420203,184363937
0,18656757773,184318444
0,18659095329,184403638
0,18661432899,184478183
0,18663770469,184418410
0,18666108025,184491108
0,18668445596,184679719
0,18670783166,184844754
0,18673120722,184989159
0,18675458292,185115514
0,18677795862,185226074
0,18680133418,185322814
0,18682470989,185407462
0,18684808559,185481529
0,18687146115,185546337
0,18689483685,185603044
0,18691821255,185527663
0,18694158811,185586705
0,18696496382,185638366
0,18698833952,185558570
0,18701171508,185613748
0,18703509078,185662029
0,18705846648,185579275
0,18708184204,185631865
0,18710521775,185677881
0,18712859345,185593145
0,18715196901,185644001
0,18717534471,185688500
0,18719872041,185602437
0,18722209597,185652132
0,18724547168,185695615
0,18726884738,185608663
0,18729222294,185782580
0,18731559864,185934757
0,18733897434,186067912
0,18736234990,186184423
0,18737425375,186161370
0,18739762946,186141198
0,18742100502,186123548
0,18744438072,186108104
0,18746775642,186094591
0,18749113198,186082767
0,18751450768,186072421
0,18753788339,186063368
0,18756125895,186055447
0,18758463465,186048516
0,18760801035,186042451
0,18763138591,186037144
0,18765476162,186032501
0,18767813732,186028438
0,18770151288,186024883
0,18772488858,185896772
0,18774826428,185659675
0,18777163984,185577215
0,18779501555,185505063
0,18781839125,185316930
0,18784176681,185277313
0,18786514251,185242648
0,18788851821,185087317
0,18791189377,185076402
0,18793526948,185066851
0,18795864518,184933494
0,18798202074,184941807
0,18800539644,184949081
0,18802877214,184830445
0,18805214770,184851639
0,18807552341,184870184
0,18809889911,184761411
0,18812227467,184791234
0,18814565037,184817329
0,18816902607,184715162
0,18819240164,184750766
0,18821577734,184781920
0,18823915304,184684180
0,18826252860,184723657
0,18828590430,184758199
0,18830928000,184538424
0,18833265557,184471121
0,18835603127,184287230
0,18837940697,184126326
0,18840278253,184110535
0,18843763008,184096718
0,18846100565,184209628
0,18848438135,184308424
0,18850775705,184269871
0,18853113261,184361137
0,18855450831,184440994
0,18857788401,184385869
0,18860125958,184462635
0,18862463528,184529805
0,18864801098,184463579
0,18867138654,184530631
0,18869476224,184589302
0,18871813795,184515639
0,18874151351,184576184
0,18876488921,184629161
0,18878826491,184550515
0,18881164047,184606700
0,18883501617,184655862
0,18885839188,184573879
0,18888176744,184627144
0,18890514314,184673751
0,18892851884,184589532
0,18895189440,184640840
0,18897527011,184685735
0,18899864581,184600018
0,18902202137,184650015
0,18904539707,184693763
0,18906877277,184607042
0,18909214834,184656161
0,18911552404,184699140
0,18913889974,184611747
0,18916227530,184660278
0,18918565100,184702743
0,18920902670,184614900
0,18923240227,184788037
0,18925577797,184939532
0,18927915367,184947090
0,18930252923,185078703
0,18932590493,185193865
0,18933780878,185044631
0,18936118435,185039052
0,18938456005,185034170
0,18940793575,184904898
0,18943131131,184916785
0,18945468701,184927186
0,18947806272,184811287
0,18950143828,184834876
0,18952481398,184855516
0,18954818968,184748576
0,18957156524,184780004
0,18959494095,184807503
0,18961831665,184706565
0,18964169221,184743244
0,18966506791,184775338
0,18968844361,184678420
0,18971181918,184718617
0,18973519488,184753789
0,18975857058,184659565
0,18978194614,184702119
0,18980532184,184739354
0,18982869754,184646934
0,18985207311,184691067
0,18987544881,184729683
0,18989882451,184638472
0,18992220007,184683663
0,18994557577,184723205
0,18998042333,184882804
0,19000379889,185022453
0,19002717459,185144646
0,19005055029,185251565
0,19007392585,185345119
0,19009730156,185426979
0,19012067712,185498606
0,19014405282,185561280
0,19016742852,185616120
0,19019080408,185664105
0,19021417979,185706091
0,19023755549,185742829
0,19026093105,185774975
0,19028430675,185678103
0,19030768245,185468340
0,19033105802,185409797
0,19035443372,185358572
0,19037780942,185188750
0,19040118498,185165156
0,19042456068,185144511
0,19044793639,185001447
0,19047131195,185001266
0,19049468765,185001107
0,19051806335,184875968
0,19054143891,184891472
0,19056481462,184905038
0,19058819032,184791908
0,19062303773,184942919
0,19064641343,185075054
0,19066978913,185065672
0,19069316470,185182463
0,19071654040,185284655
0,19073991610,185249073
0,19076329166,185342938
0,19078666736,185425070
0,19081004307,185871936
0,19083341863,186137944
0,19085679433,186370701
0,19088017003,186699363
0,19089207374,186736942
0,19091544945,186769824
0,19093882515,186798596
0,19096220071,186823771
0,19098557641,186845799
0,19100895211,186865074
0,19103232768,186881939
0,19105570338,186896696
0,19107907908,186909609
0,19110245464,186920907
0,19112583034,186930793
0,19114920605,186939443
0,19117258161,186947012
0,19119595731,186953635
0,19121933301,187084430
0,19124270857,187198876
0,19126608428,187299016
0,19128945998,187386639
0,19131283554,187463309
0,19133621124,187530395
0,19135958694,187589095
0,19138296251,187640458
0,19140633821,187685400
0,19142971391,187724725
0,19145308947,187759134
0,19147646518,187789242
0,19149984088,187815586
0,19152321644,187838637
0,19153512029,187733807
0,19155849599,187642081
0,19158187155,187561820
0,19160524726,187491592
0,19162862296,187430143
0,19165199852,187376375
0,19167537422,187329328
0,19169874992,187288162
0,19172212549,187252141
0,19174550119,187220623
0,19176887689,187193045
0,19179225245,187168914
0,19181562816,187147799
0,19183900386,186879324
0,19186237942,186769408
0,19188575512,186673232
0,19192060267,186714078
0,19194397824,186749818
0,19196735394,186781090
0,19199072950,186808453
0,19201410520,186832396
0,19203748091,186853346
0,19206085647,186871677
0,19208423217,186887717
0,19210760787,186901752
0,19213098343,186914033
0,19215435914,186924778
0,19217773484,186934180
0,19220111040,186942407
0,19222448610,186949606
0,19224786180,186955905
0,19227123737,186961416
0,19229461307,186966239
0,19231798877,186970459
0,19234136433,186974151
0,19236474004,186977382
0,19238811574,186980209
0,19241149130,186982682
0,19243486700,186984846
0,19245824270,186986740
0,19248161827,186863397
0,19250499397,186755472
0,19252836967,186661038
0,19255174523,186578408
0,19258659279,186631107
0,19260996849,186677218
0,19263334405,186717565
0,19265671975,186752869
0,19268009545,186783760
0,19270347102,186810790
0,19272684672,186834441
0,19275022242,186855135
0,19277359798,186998243
0,19279697369,187123462
0,19282034939,187358029
0,19283225310,187313275
0,19285562880,187274115
0,19287900450,187239850
0,19290238007,187209868
0,19292575577,187183634
0,19294913147,187160679
0,19297250703,187140594
0,19299588273,187123019
0,19301925844,187107641
0,19304263400,187094185
0,19306600970,187082411
0,19308938540,187072109
0,19311276097,187063095
0,19313613667,187055208
0,19315951237,187048307
0,19318288793,187042268
0,19320626363,187036984
0,19322963934,187032361
0,19325301490,187028315
0,19327639060,187024775
0,19329976630,187021678
0,19332314187,187018968
0,19334651757,187016597
0,19336989327,187014522
0,19339326883,187012706
0,19341664453,187136117
0,19344002024,187369102
0,19346339580,187447964
0,19348677150,187516968
0,19349867535,187452347
0,19352205092,187395803
0,19354542662,187346327
0,19356880232,187303036
0,19359217788,187265156
0,19361555358,187232011
0,19363892929,187203009
0,19366230485,187177632
0,19368568055,187155428
0,19370905625,187135999
0,19373243182,187118999
0,19375580752,187104124
0,19377918322,186841108
0,19380255878,186735969
0,19382593448,186643972
0,19386078190,186688475
0,19388415760,186727415
0,19390753330,186761488
0,19393090887,186791302
0,19395428457,186817389
0,19397766027,186840215
0,19400103583,186860188
0,19402441153,186877664
0,19404778724,186892956
0,19407116280,186906336
0,19409453850,186918044
0,19411791420,186928288
0,19414128977,186937252
0,19416466547,186945095
0,19418804117,186951958
0,19421141673,186957963
0,19423479243,186963217
0,19425816814,186967814
0,19428154370,186971837
0,19430491940,186975357
0,19432829510,186978437
0,19435167067,186981132
0,19437504637,186983490
0,19439842207,186985553
0,19442179763,186987358
0,19444517334,186863938
0,19448002089,187005945
0,19450339645,187005201
0,19452677215,187004550
0,19455014786,187003981
0,19457352342,187003483
0,19459689912,187003047
0,19462027482,187002666
0,19464365039,187002332
0,19466702609,187002040
0,19469040179,187001785
0,19471377735,187126561
0,19473715305,187235740
0,19476052876,187456272
0,19478390432,187524238
0,19480728002,187583708
0,19483065559,187760744
0,19485403129,187790651
0,19487740699,187816819
0,19490078255,187964716
0,19492415825,187969126
0,19494753396,187972985
0,19497090952,188101361
0,19499428522,188088690
0,19501766092,188077603
0,19504103649,188192902
0,19506441219,188168789
0,19508778789,188147690
0,19511116345,188254228
0,19513453916,188222449
0,19515791486,188194642
0,19518129042,188295311
0,19520466612,188258397
0,19522804182,188226097
0,19525141739,188322834
0,19527479309,188282479
0,19529816879,188247169
0,19532154436,188216272
0,19534492006,188189238
0,19536829576,188165583
0,19539167132,188394885
0,19540357517,188345524
0,19542695088,188302333
0,19545032658,188389541
0,19547370214,188340848
0,19549707784,188298242
0,19552045355,188385961
0,19554382911,188337715
0,19556720481,188295500
0,19559058037,188383562
0,19561395608,188335616
0,19563733178,188293664
0,19566070734,188381956
0,19568408304,188334211
0,19570745874,188292434
0,19573083431,188130879
0,19575421001,187989519
0,19577758571,187865829
0,19580096128,187757600
0,19582433698,187662900
0,19584771268,187580037
0,19587108824,187507532
0,19589446395,187444090
0,19591783965,187388578
0,19594121521,187340005
0,19596459091,187297504
0,19598796661,187260316
0,19601134218,187227776
0,19603471788,187199304
0,19605809358,187174391
0,19608146915,187152592
0,19610484485,187133518
0,19612822055,187116828
0,19615159611,187102224
0,19617497181,187089446
0,19619834752,187078265
0,19622172308,187068481
0,19624509878,187059920
0,19626847448,187052430
0,19629185005,187045876
0,19631522575,187040141
0,19633860145,186785123
0,19636197702,186686982
0,19638535272,186601109
0,19640872842,186400970
0,19644357583,186475848
0,19646695154,186541367
0,19649032724,186598696
0,19651370280,186648859
0,19653707850,186692751
0,19656045421,186731157
0,19658382977,186764762
0,19660720547,186794166
0,19663058103,186819895
0,19665395674,186842408
0,19667733244,186862107
0,19670070800,186879343
0,19672408370,186894425
0,19674745941,186907621
0,19677083497,186919168
0,19679421067,186929272
0,19681758637,186938113
0,19684096194,186945848
0,19686433764,186952617
0,19688771334,186958539
0,19691108891,186963721
0,19693446461,186968255
0,19695784031,186972223
0,19698121587,186975695
0,19700459157,186978733
0,19702796728,186981391
0,19705134284,186983717
0,19707471854,186985752
0,19709809424,186987533
0,19712146981,186989091
0,19714484551,186990454
0,19716822121,186991647
0,19719159678,186992691
0,19721497248,186993604
0,19723834818,186994403
0,19726172374,186995102
0,19728509945,187120714
0,19730847515,187230624
0,19733185071,187326796
0,19735522641,187410946
0,19736713026,187359577
0,19739050597,187314629
0,19741388153,187275300
0,19743725723,187240887
0,19746063280,187210776
0,19748400850,187184429
0,19750738420,187161375
0,19753075976,187141203
0,19755413547,187123552
0,19757751117,187108108
0,19760088673,187094594
0,19762426243,187082769
0,19764763814,187072422
0,19767101370,187063369
0,19769438940,187055447
0,19771776510,187048516
0,19774114067,187042451
0,19776451637,187037144
0,19778789207,187032501
0,19781126764,187028438
0,19783464334,187024883
0,19785801904,187021772
0,19788139460,187019050
0,19790477031,187016668
0,19792814601,187014584
0,19795152157,187012761
0,19797489727,187011165
0,19799827298,187009769
0,19802164854,187008547
0,19805649609,187132478
0,19807987180,187240918
0,19810324736,187335803
0,19812662306,187418827
0,19814999876,187491473
0,19817337433,187555038
0,19819675003,187610658
0,19822012573,187784325
0,19824350129,187811284
0,19826687700,187834873
0,19829025270,187980513
0,19831362826,187857948
0,19833700397,187750704
0,19836037967,187656866
0,19838375523,187574757
0,19840713093,187502912
0,19843050664,187440048
0,19845388220,187385042
0,19847725790,187336911
0,19850063346,187294797
0,19852400917,187257947
0,19854738487,187225703
0,19857076043,187197490
0,19859413614,187172803
0,19861751184,187151202
0,19864088740,187132301
0,19867573495,187240763
0,19869911066,187335667
0,19872248622,187418708
0,19874586192,187491369
0,19876923763,187554947
0,19879261319,187610578
0,19881598889,187659255
0,19883936459,187701848
0,19886274016,187739117
0,19888611586,187771727
0,19890949156,188050261
0,19893286713,188418978
0,19895624283,188616605
0,19897961853,188789529
0,19899152224,188940837
0,19901489794,188948232
0,19903827365,188954703
0,19906164921,189085365
0,19908502491,189074694
0,19910840062,189065357
0,19913177618,189182187
0,19915515188,189159413
0,19917852758,189139486
0,19920190315,189247050
0,19922527885,189216168
0,19924865455,189189147
0,19927203012,189415503
0,19929540582,189488565
0,19931878152,189552494
0,19934215708,189733432
0,19936553279,189766753
0,19938890849,189795908
0,19941228405,189946419
0,19943565975,189953116
0,19945903546,189958976
0,19948241102,190089104
0,19950578672,190077966
0,19952916243,190068220
0,19955253799,190184692
0,19957591369,190161605
0,19958781754,190016404
0,19961119311,190014353
0,19963456881,189887558
0,19965794451,189776613
0,19968132007,189804536
0,19970469578,189703969
0,19972807148,189615972
0,19975144704,189663975
0,19977482275,189580978
0,19979819845,189508355
0,19982157401,189569810
0,19984494971,189498583
0,19986832542,189436260
0,19989170098,189506727
0,19991507668,189443386
0,19993845238,189262962
0,19996182795,189230091
0,19998520365,189076329
0,20002005120,189191787
0,20004342677,189292813
0,20006680247,189256211
0,20009017817,189349184
0,20011355374,189305536
0,20013692944,189267344
0,20016030514,189358926
0,20018368071,189314060
0,20020705641,189274802
0,20023043211,189365451
0,20025380767,189319769
0,20027718338,189279797
0,20030055894,189369822
0,20032393464,189323594
0,20034731034,189283144
0,20037068591,189372751
0,20039406161,189326157
0,20041743731,189285387
0,20044081288,189374713
0,20046418858,189327873
0,20048756428,189286888
0,20051093985,189376027
0,20053431555,189329023
0,20055769125,189162895
0,20058106681,189142533
0,20060444252,188999716
0,20063929007,188999751
0,20066266563,189124782
0,20068604134,189109184
0,20070941704,189095536
0,20073279260,189208594
0,20075616831,189182519
0,20077954401,189159704
0,20080291957,189264741
0,20082629527,189231648
0,20084967098,189202692
0,20087304654,189302355
0,20089642224,189389560
0,20091979795,189465865
0,20094317351,189657631
0,20095507736,189575427
0,20097845306,189503498
0,20100182863,189565560
0,20102520433,189494865
0,20104858003,189433006
0,20107195560,189503880
0,20109533130,189440895
0,20111870700,189385783
0,20114208256,189462560
0,20116545827,189404740
0,20118883397,189354147
0,20121220953,189434878
0,20123558524,189380518
0,20125896094,189332953
0,20128233650,189416333
0,20130571221,189364291
0,20132908791,189318754
0,20135246347,189403909
0,20137583917,189353420
0,20139921488,189309242
0,20142259044,189395586
0,20144596614,189346137
0,20146934185,189302869
0,20149271741,189515010
0,20151609311,189575633
0,20153946881,189628678
0,20155137253,189675093
0,20157474823,189590706
0,20159812393,189516867
0,20162149950,189577258
0,20164487520,189505100
0,20166825090,189441962
0,20169162646,189511716
0,20171500217,189447751
0,20173837787,189391782
0,20176175343,189467809
0,20178512914,189409332
0,20180850484,189358165
0,20183188040,189438394
0,20185525611,189383594
0,20187863181,189335644
0,20190200737,189168688
0,20192538307,189022602
0,20194875878,188894776
0,20198360619,188907929
0,20200698190,188919437
0,20203035760,189054507
0,20205373316,189047693
0,20207710886,189041731
0,20210048443,189161514
0,20212386013,189141324
0,20214723583,189123658
0,20217061140,189233200
0,20219398710,189204050
0,20221736280,189178543
0,20224073837,189281225
0,20226411407,189246071
0,20228748977,189215312
0,20231086534,189313398
0,20233424104,189274223
0,20235761674,189239945
0,20238099230,189334951
0,20240436801,189293082
0,20242774371,189256446
0,20245111927,189349390
0,20247449498,189305716
0,20249787068,189267501
0,20252124624,189234063
0,20254462195,189079805
0,20257946950,189069829
0,20260284506,189186100
0,20262622077,189162837
0,20264959647,189142482
0,20267297203,189249671
0,20269634774,189218462
0,20271972344,189191154
0,20274309900,189292259
0,20276647470,189255726
0,20278985041,189223760
0,20281322597,189320790
0,20283660167,189280691
0,20285997738,189370604
0,20288335294,189574278
0,20290672864,189627493
0,20293010435,189799056
0,20295347991,189949174
0,20297685561,189955527
0,20300023132,190086086
0,20302360688,190200325
0,20304698258,190175284
0,20307035828,190278373
0,20309373385,190368576
0,20311710955,190322504
0,20314048512,190407191
0,20316386082,190481292
0,20318723652,190421130
0,20321061208,190493488
0,20323398779,190556802
0,20325736349,190487201
0,20328073905,190551300
0,20330411476,190607387
0,20332749046,190531463
0,20335086602,190590030
0,20337424173,190641276
0,20339761743,190561116
0,20342099299,190615976
0,20344436870,190663979
0,20346774440,190705981
0,20349111996,190867733
0,20350302381,190884266
0,20352639952,190773732
0,20354977522,190677015
0,20357315078,190717388
0,20359652649,190627714
0,20361990219,190549249
0,20364327775,190605592
0,20366665346,190529893
0,20369002916,190588656
0,20371340472,190640074
0,20373678043,190560064
0,20376015613,190615056
0,20378353169,190663174
0,20380690740,190580277
0,20383028310,190632742
0,20385365866,190678649
0,20387703436,190468817
0,20390041007,190410214
0,20392378563,190233937
0,20394716133,190079694
0,20397053690,190069732
0,20399391260,189936015
0,20401728830,189819013
0,20404066387,189841636
0,20406403957,189736431
0,20408741527,189644377
0,20411079084,189688829
0,20413416654,189602725
0,20415754224,189527384
0,20418091781,189586461
0,20420429351,189513153
0,20422766921,189449008
0,20425104478,189517882
0,20427442048,189453146
0,20429779618,189396502
0,20432117175,189471939
0,20434454745,189412946
0,20436792315,189361327
0,20439129872,189441161
0,20441467442,189386015
0,20443805012,189337763
0,20446142569,189295542
0,20448480139,189133599
0,20451964894,189116899
0,20454302451,189227286
0,20456640021,189198875
0,20458977591,189174015
0,20461315148,189277263
0,20463652718,189242605
0,20465990288,189212279
0,20468327845,189310744
0,20470665415,189271901
0,20473002985,189362913
0,20475340542,189442548
0,20477678112,189387229
0,20480015682,189463825
0,20482353239,189405846
0,20484690809,189355115
0,20487028379,189435725
0,20489365936,189381259
0,20491703506,189333601
0,20494041076,189416900
0,20496378633,189364787
0,20498716203,189319188
0,20501053759,189404289
0,20503391330,189353752
0,20505728900,189309533
0,20508066456,189395841
0,20510404027,189346360
0,20512741597,189303065
0,20515079153,189390181
0,20517416724,189341408
0,20519754294,189298732
0,20522091850,189386390
0,20524429421,189338091
0,20526766991,189295829
0,20529104547,189383850
0,20531442118,189335868
0,20533779688,189293884
0,20536117244,189382148
0,20538454815,189334379
0,20540792385,189417581
0,20543129941,189615383
0,20544320326,189663460
0,20546657897,189580527
0,20548995467,189507961
0,20551333023,189569465
0,20553670594,189498281
0,20556008164,189560995
0,20558345720,189490870
0,20560683291,189429511
0,20563020861,189500822
0,20565358417,189438219
0,20567695988,189383441
0,20570033558,189460510
0,20572371114,189402946
0,20574708685,189352577
0,20577046241,189433504
0,20579383812,189379316
0,20581721382,189331901
0,20584058938,189415413
0,20586396509,189363486
0,20588734079,189318050
0,20591071635,189403293
0,20593409206,189352881
0,20595746776,189308770
0,20598084332,189395173
0,20600421903,189345776
0,20602759473,189302554
0,20605097029,189389734
0,20607434600,189341017
0,20610919355,189423389
0,20613256911,189620465
0,20615594482,189667906
0,20617932052,189709417
0,20620269608,189870739
0,20622607179,189886896
0,20624944749,189901034
0,20627282306,190038404
0,20629619876,190033603
0,20631957446,190029402
0,20634295003,190150726
0,20636632573,190131885
0,20638970143,190115399
0,20641307700,190100974
0,20643645270,189963352
0,20645982840,189842933
0,20648320397,189862566
0,20650657967,189754745
0,20652995537,189660401
0,20655333094,189702850
0,20657670664,189614993
0,20660008234,189663118
0,20662345791,189580228
0,20664683361,189507699
0,20667020931,189569236
0,20669358488,189498081
0,20671696058,189435820
0,20675180800,189631342
0,20677518370,189677424
0,20679855940,189717746
0,20682193497,189878027
0,20684531067,189893273
0,20686868637,189906613
0,20689206194,190043286
0,20691543764,190037875
0,20693881334,190033140
0,20696218891,190153997
0,20698556461,190134747
0,20700894031,190367903
0,20703231588,190696915
0,20704421973,190859800
0,20706759543,190877325
0,20709097100,191017659
0,20711434670,191140451
0,20713772240,191122894
0,20716109797,191232532
0,20718447367,191328465
0,20720784937,191287406
0,20723122494,191376480
0,20725460064,191454420
0,20727797634,191397617
0,20730135191,191472914
0,20732472761,191538799
0,20734810331,191471449
0,20737147888,191662517
0,20739485458,191829702
0,20741823028,191975989
0,20744160585,192103990
0,20746498155,192215991
0,20748835726,192188992
0,20751173282,192290368
0,20753510852,192379072
0,20755848423,192331688
0,20758185979,192415227
0,20760523549,192488323
0,20762861120,192427282
0,20765198676,192498871
0,20767536246,192561512
0,20768726632,192366323
0,20771064188,192320532
0,20773401758,192280465
0,20775739329,192120406
0,20778076885,192105355
0,20780414455,192092185
0,20782752026,191955661
0,20785089582,191961203
0,20787427152,191966052
0,20789764723,191845295
0,20792102279,191864633
0,20794439850,191881553
0,20796777420,191771358
0,20799114976,191799938
0,20801452547,191699945
0,20804937302,191612451
0,20807274859,191660894
0,20809612429,191703282
0,20811949999,191615371
0,20814287556,191663449
0,20816625126,191705517
0,20818962696,191617327
0,20821300253,191665161
0,20823637823,191707015
0,20825975393,191618638
0,20828312950,191666308
0,20830650520,191708019
0,20832988090,191619516
0,20835325647,191667076
0,20837663217,191708691
0,20840000787,191745104
0,20842338344,191776966
0,20844675914,191804845
0,20847013485,191829239
0,20849351041,191850584
0,20851688611,191744261
0,20854026182,191776228
0,20856363738,191804199
0,20858701308,191703674
0,20861038865,191740714
0,20863376435,191773124
0,20865714006,191551483
0,20868051562,191482547
0,20871536317,191547228
0,20873873888,191478824
0,20876211444,191543971
0,20878549015,191600974
0,20880886585,191525852
0,20883224141,191585120
0,20885561712,191636980
0,20887899282,191557357
0,20890236838,191612687
0,20892574409,191661101
0,20894911979,191578463
0,20897249536,191756155
0,20898439921,191786635
0,20900777491,191688305
0,20903115047,191727266
0,20905452618,191761357
0,20907790188,191666187
0,20910127745,191707913
0,20912465315,191744423
0,20914802885,191651370
0,20917140442,191694948
0,20919478012,191733079
0,20921815582,191641444
0,20924153139,191686263
0,20926490709,191725480
0,20928828279,191634795
0,20931165836,191680445
0,20933503406,191720389
0,20935840977,191630340
0,20938178533,191676547
0,20940516103,191716978
0,20942853674,191627355
0,20945191230,191673935
0,20947528800,191714693
0,20949866371,191625356
0,20952203927,191672186
0,20954541498,191713162
0,20956879068,191624016
0,20959216624,191671014
0,20961554195,191837137
0,20963891765,191857494
0,20965082136,191875307
0,20967419707,191890893
0,20969757277,191779531
0,20972094833,191807089
0,20974432404,191831202
0,20976769974,191727301
0,20979107531,191761388
0,20981445101,191791214
0,20983782671,191692312
0,20986120228,191730773
0,20988457798,191764426
0,20990795368,191668872
0,20993132925,191710263
0,20995470495,191621480
0,20998955251,191543795
0,21001292807,191600820
0,21003630377,191650717
0,21005967948,191569377
0,21008305504,191623204
0,21010643075,191670303
0,21012980645,191586515
0,21015318201,191638200
0,21017655772,191683425
0,21019993342,191597996
0,21022330898,191648246
0,21024668469,191692215
0,21027006039,191730688
0,21029343596,191764352
0,21031681166,191668808
0,21034018736,191710207
0,21036356293,191746431
0,21038693863,191653127
0,21041031433,191696486
0,21043368990,191734425
0,21045706560,191642621
0,21048044117,191687293
0,21050381687,191726381
0,21052719257,191635583
0,21055056814,191681135
0,21057394384,191720993
0,21060879140,191755868
0,21063216696,191786384
0,21065554266,191813086
0,21067891837,191711450
0,21070229393,191747518
0,21072566964,191779078
0,21074904534,191681693
0,21077242090,191721481
0,21079579661,191756295
0,21081917231,191661758
0,21084254788,191704038
0,21086592358,191741033
0,21088929928,191648403
0,21091267485,191817352
0,21093605055,191965183
0,21095942625,191969535
0,21098280182,192098343
0,21100617752,192211050
0,21102955323,192184668
0,21105292879,192286584
0,21107630449,192375761
0,21109968020,192328790
0,21112305576,192412691
0,21114643147,192486104
0,21116980717,192425341
0,21119318273,192497173
0,21121655844,192560026
0,21123993414,192490022
0,21126330971,192553769
0,21128668541,192609547
0,21131006111,192658353
0,21133343668,192701058
0,21135681238,192738425
0,21138018808,192771121
0,21139209180,192674730
0,21141546750,192590388
0,21143884320,192391589
0,21146221877,192342640
0,21148559447,192299810
0,21150897018,192137333
0,21153234574,192120166
0,21154424959,191980145
0,21156762530,191857626
0,21159100086,191875422
0,21161437656,191890994
0,21163775227,191779619
0,21166112783,191807166
0,21168450354,191831270
0,21170787924,191727361
0,21173125480,191761440
0,21175463051,191791260
0,21177800621,191692352
0,21180138178,191730808
0,21182475748,191764457
0,21184813318,191668899
0,21187150875,191710286
0,21189488445,191621500
0,21191826015,191418812
0,21194163572,191366460
0,21196501142,191320652
0,21198838713,191155570
0,21201176269,191136123
0,21203513839,191119107
0,21205851410,190979218
0,21208188966,190981815
0,21210526537,190984088
0,21212864107,190861077
0,21215201663,190878442
0,21217539234,190768636
0,21219876804,190672556
0,21222214361,190713486
0,21224551931,190624300
0,21226889501,190546262
0,21229227058,190602979
0,21231564628,190527606
0,21458847880,179711655
0,21461185436,170372698
0,21463523007,162076110
0,21465860577,154816596
0,21468198134,148589521
0,21470535704,143015830
0,21472873274,138138851
0,21476358016,133996494
0,21478695586,130246932
0,21481033143,126966065
0,21483370713,124095306
0,21485708284,121583392
0,21488045840,119385468
0,21490383411,117462284
0,21492720981,115654498
0,21495058538,114322685
0,21497396108,113282349
0,21500924063,112372055
0,21504452005,111825548
0,21507979961,111222354
0,21511507902,110944559
0,21515035844,110951489
0,21518563800,110957552
0,21522091741,111212858
0,21525619697,111436250
0,21530294824,112006718
0,21533822779,112630878
0,21537350721,113302018
0,21539688292,113764265
0,21542025862,114168731
0,21544363418,114522639
0,21546700989,114707309
0,21549038545,114993895
0,21551376116,115244658
0,21553713686,115339075
0,21556051243,115546690
0,21558388813,115603353
0,21560726383,115652933
0,21563063940,115571316
0,21565401510,115374901
0,21567739081,115328038
0,21570076637,115412033
0,21572414208,115485528
0,21574751778,115549837
0,21577089335,115606107
0,21580574090,115780343
0,21582911660,115932800
0,21585249217,116066200
0,21587586787,116182925
0,21589924358,116285059
0,21592261914,116249426
0,21594599485,116218247
0,21596937055,116065966
0,21599274612,116057720
0,21601612182,116050505
0,21603949752,115919191
0,21606287309,115929292
0,21608624879,115563130
0,21610962450,115242738
0,21613300006,114962395
0,21615637577,114467095
0,21617975147,113908708
0,21620312703,113295119
0,21622650274,112508229
0,21624987844,111694700
0,21627325401,110857862
0,21629662971,110000629
0,21632000541,109000550
0,21634338098,108000481
0,21636675668,106875420
0,21639013239,106015992
0,21641350795,105138993
0,21644835551,104496618
0,21647173107,104059540
0,21649510678,103552097
0,21651848248,103108084
0,21654185805,102844573
0,21656523375,102489001
0,21658860946,102177875
0,21661198502,102030640
0,21663536072,101776810
0,21665873643,101304708
0,21668211199,100891619
0,21670548770,100530166
0,21672886340,100213895
0,21675223897,99937158
0,21677561467,99570013
0,21679899037,99248761
0,21682236594,98967665
0,21684574164,98721706
0,21686911735,98506492
0,21689249291,98318180
0,21691586862,98153407
0,21693924432,98009231
0,21696261989,97883077
0,21698599559,97772692
0,21700937129,97676105
0,21703274686,97591591
0,21705612256,97517642
0,21709096998,97702936
0,21711434569,97740069
0,21713772139,97772560
0,21716109695,97925990
0,21718447266,97935241
0,21720784836,97943335
0,21723122393,98075418
0,21725459963,98065990
0,21727797534,98057741
0,21730135090,98050523
0,21732472660,98044207
0,21734810231,98038681
0,21737147787,98033845
0,21739485358,98029614
0,21741822928,97900912
0,21744160485,97788298
0,21746498055,97689760
0,21748835626,97603540
0,21751173182,97528097
0,21753510753,97462084
0,21755848323,97404323
0,21758185879,97353782
0,21760523450,97309559
0,21762861020,97270864
0,21765198577,97237006
0,21767536147,97207380
0,21769873718,97181457
0,21773358459,97283774
0,21775696030,97373302
0,21778033586,97576639
0,21780371157,97629559
0,21782708727,97675864
0,21785046284,97841381
0,21787383854,97861208
0,21789721424,97878557
0,21792058981,98018737
0,21794396551,98016394
0,21796734122,98014344
0,21799071678,98137551
0,21801409249,98120357
0,21803746819,98105312
0,21806084376,97967148
0,21808421946,97846254
0,21810759516,97740472
0,21813097073,97647913
0,21815434643,97566923
0,21817772214,97496057
0,21820109770,97434049
0,21822447341,97379792
0,21824784911,97332318
0,21827122468,97290778
0,21829460038,97254430
0,21831797609,97222626
0,21834135165,97194797
0,21837619921,97295447
0,21839957491,97383516
0,21842295048,97460576
0,21844632618,97528004
0,21846970188,97587003
0,21849307745,97638627
0,21851645315,97683798
0,21853982886,97723323
0,21856320442,97757907
0,21858658013,97788168
0,21860995583,97814647
0,21863333140,97837816
0,21865670710,97858089
0,21868008281,98000827
0,21870345837,97875723
0,21872683408,97766257
0,21875020978,97670474
0,21877358534,97586664
0,21879696105,97513331
0,21882033661,97449164
0,21884371232,97393018
0,21886708802,97343890
0,21889046359,97300903
0,21891383929,97263290
0,21893721500,97230378
0,21896059056,97201580
0,21898396627,97176382
0,21901881382,97279334
0,21904218939,97369417
0,21906556509,97448239
0,21908894080,97517209
0,21911231636,97577557
0,21913569207,97630362
0,21915906777,97676566
0,21918244334,97716995
0,21920581904,97752370
0,21922919474,97783323
0,21925257031,97810407
0,21927594601,97834106
0,21929932172,97854842
0,21932269728,97872986
0,21934607299,97763862
0,21936944869,97668379
0,21939282426,97584831
0,21941619996,97511727
0,21943957566,97447761
0,21946295123,97391790
0,21948632693,97342816
0,21950970264,97299964
0,21953307820,97262468
0,21955645391,97229659
0,21957982961,97200951
0,21960320518,97175832
0,21962658088,97153853
0,21966142830,97259621
0,21968480400,97352168
0,21970817971,97433147
0,21973155527,97504003
0,21975493098,97566002
0,21977830668,97620251
0,21980168225,98042719
0,21982505795,98287379
0,21984843366,98501456
0,21987180922,98813774
0,21989518493,98962052
0,21991856063,99091795
0,21994193620,99330320
0,21996531190,99414030
0,21998868760,99487276
0,22001206317,99551366
0,22003543887,99482445
0,22005881458,99422139
0,22008219014,99494371
0,22010556585,99432574
0,22012894155,99378502
0,22015231712,99456189
0,22017569282,99399165
0,22019906853,99349269
0,22022244409,99430610
0,22024581980,99376783
0,22026919550,99329685
0,22030404292,99538474
0,22032741862,99596164
0,22035079419,99771643
0,22037416989,99925187
0,22039754560,99934538
0,22042092116,100067720
0,22044429687,100184255
0,22046767257,100161223
0,22049104814,100266070
0,22051442384,100357811
0,22053779955,100313084
0,22056117511,100398948
0,22058455082,100474079
0,22060792652,100414819
0,22063130209,100487966
0,22065467779,100301970
0,22067805349,100139223
0,22070142906,100121820
0,22072480476,99981592
0,22074818047,99858893
0,22077155603,99876531
0,22079493174,99766964
0,22081830744,99671093
0,22084168301,99712206
0,22086505871,99623180
0,22088843442,99545282
0,22091180998,99602121
0,22094665754,99651855
0,22097003324,99820373
0,22099340881,99967826
0,22101678451,99971847
0,22104016022,100100366
0,22106353578,100212820
0,22108691149,100186217
0,22111028705,100287939
0,22113366276,100376946
0,22115703846,100329827
0,22118041403,100413598
0,22120378973,100486898
0,22122716544,100426035
0,22125054100,100497780
0,22127391671,100560557
0,22129729241,100365487
0,22132066798,100319801
0,22134404368,100154825
0,22136741939,100010471
0,22139079495,100009162
0,22141417066,99883016
0,22143754636,99772639
0,22146092193,99801059
0,22148429763,99700926
0,22150767333,99613310
0,22153104890,99661646
0,22155442460,99578940
0,22158927216,99631572
0,22161264773,99802625
0,22163602343,99827296
0,22165939914,99848884
0,22168277470,99992773
0,22170615041,99993676
0,22172952611,99994466
0,22175290168,100120157
0,22177627738,100105137
0,22179965308,100091994
0,22182302865,100205494
0,22184640435,100179807
0,22186978006,100157331
0,22189315563,100262664
0,22191653133,100229831
0,22193990703,100076102
0,22196328260,99941589
0,22198665830,99823890
0,22201003401,99845903
0,22203340957,99740165
0,22205678528,99647644
0,22208016098,99691688
0,22210353655,99605227
0,22212691225,99529573
0,22215028782,99588376
0,22217366352,99514829
0,22219703923,99450475
0,22223188665,99644165
0,22225526235,99688644
0,22227863805,99727563
0,22230201362,99886617
0,22232538933,99900789
0,22234876503,99913190
0,22237214060,100049041
0,22239551630,100042910
0,22241889200,100037546
0,22244226757,100157852
0,22246564327,100138120
0,22248901898,100120855
0,22251239455,100230748
0,22253577025,100201904
0,22255914595,100176666
0,22258252152,100154582
0,22260589722,100010259
0,22262927293,99883976
0,22265264849,99898479
0,22267602420,99786169
0,22269939990,99687897
0,22272277547,99726909
0,22274615117,99636045
0,22276952688,99556539
0,22279290244,99611971
0,22281627815,99535474
0,22283965385,99468539
0,22287450127,99659971
0,22289787698,99702474
0,22292125254,99864664
0,22294462825,100006581
0,22296800395,100005758
0,22299137952,100130038
0,22301475522,100113783
0,22303813093,100099560
0,22306150649,100212115
0,22308488220,100185600
0,22310825790,100162400
0,22313163347,100267100
0,22315500917,100233712
0,22317838487,100204498
0,22320176044,100303935
0,22322513615,100140943
0,22324851185,99998325
0,22327188742,99998534
0,22329526312,99873717
0,22331863882,99764502
0,22334201439,99793939
0,22336539010,99694696
0,22338876580,99607859
0,22341214137,99656876
0,22343551707,99574766
0,22345889277,99502920
0,22348226834,99565055
0,22351711590,99619423
0,22354049146,99791995
0,22356386717,99942995
0,22358724287,99950120
0,22361061844,100081355
0,22363399414,100196185
0,22365736985,100171661
0,22368074541,100275203
0,22370412112,100365802
0,22372749682,100320076
0,22375087239,100405066
0,22377424809,100479432
0,22379762380,100419503
0,22382099936,100492065
0,22384437507,100555556
0,22386775077,100361111
0,22389112634,100315972
0,22391450204,100151475
0,22393787775,100257540
0,22396125331,100475347
0,22398462902,100665928
0,22400800472,100707687
0,22403138029,100869226
0,22405475599,101010572
0,22407813170,101009250
0,22410150727,101133093
0,22412488297,101241456
0,22415973053,101336274
0,22418310609,101544239
0,22420648180,101726209
0,22422985750,101760432
0,22425323307,101915378
0,22427660877,102050955
0,22429998448,102044585
0,22432336004,102164011
0,22434673575,102268509
0,22437011145,102359945
0,22439348702,102439951
0,22441686272,102509957
0,22444023829,102571212
0,22446361399,102624810
0,22448698970,102671708
0,22451036526,102712744
0,22453374097,102623651
0,22455711667,102420694
0,22458049224,102368107
0,22460386794,102322093
0,22462724365,102156831
0,22465061921,102137227
0,22467399492,102120073
0,22469737062,101980063
0,22472074619,101982555
0,22474412189,101984735
0,22476749760,101861643
0,22480234502,102003937
0,22482572072,102128444
0,22484909643,102112388
0,22487247199,102223339
0,22489584770,102320421
0,22491922340,102280368
0,22494259897,102370322
0,22496597467,102449031
0,22498935038,102392902
0,22501272594,102468789
0,22503610165,102535190
0,22505947735,102468291
0,22508285292,102534754
0,22510622862,102592909
0,22512960433,102518795
0,22515297989,102578945
0,22517635560,102506576
0,22519973130,102318254
0,22522310687,102278472
0,22524648257,102243663
0,22526985828,102088205
0,22529323385,102077179
0,22531660955,102067531
0,22533998525,101934089
0,22536336082,101942327
0,22538673653,101824536
0,22541011223,101846469
0,22544495965,101990660
0,22546833535,101991827
0,22549171092,102117848
0,22551508662,102228117
0,22553846233,102199602
0,22556183790,102299651
0,22558521360,102387194
0,22560858930,102338794
0,22563196487,102421444
0,22565534058,102493763
0,22567871628,102432042
0,22570209185,102503036
0,22572546755,102565156
0,22574884326,102494511
0,22577221882,102557697
0,22579559453,102612984
0,22581897023,102411361
0,22584234580,102359940
0,22586572150,102314947
0,22588909721,102150578
0,22591247277,102131755
0,22593584848,102115285
0,22595922418,101975874
0,22598259975,101978889
0,22600597545,101981527
0,22602935116,101858836
0,22605272673,101876481
0,22608757428,102016920
0,22611094985,102139805
0,22613432555,102247329
0,22615770126,102341412
0,22618107682,102423735
0,22620445253,102495768
0,22622782823,102558797
0,22625120380,102613947
0,22627457951,102662203
0,22629795521,102704427
0,22632133078,102741373
0,22634470648,102773701
0,22636808219,102801988
0,22639145775,102826739
0,22641483346,102848396
0,22643820916,102742346
0,22646158473,102649552
0,22648496043,102568358
0,22650833614,102372313
0,22653171170,102325773
0,22655508741,102285051
0,22657846311,102124419
0,22660183868,102108866
0,22662521438,102095257
0,22664859009,101958349
0,22667196566,101963555
0,22669534136,101968110
0,22673018878,102097096
0,22675356448,102209959
0,22677694019,102308714
0,22680031576,102395124
0,22682369146,102470733
0,22684706716,102536891
0,22687044273,102594779
0,22689381844,102645431
0,22691719414,102689752
0,22694056971,102728533
0,22696394541,102762466
0,22698732112,102792157
0,22701069668,102818137
0,22703407239,102840869
0,22705744809,102860760
0,22708082366,102878165
0,22710419936,102768394
0,22712757507,102547344
0,22715095064,102478926
0,22717432634,102419060
0,22719770204,102241677
0,22722107761,102211467
0,22724445332,102185033
0,22726782902,102036903
0,22729120459,102032290
0,22731458029,102028253
0,22733795600,101899721
0,22737280342,102037255
0,22739617912,102157598
0,22741955482,102137898
0,22744293039,102245660
0,22746630610,102339952
0,22748968180,102297458
0,22751305737,102385275
0,22753643307,102462115
0,22755980878,102404350
0,22758318434,102478806
0,22760656005,102543955
0,22762993575,102475960
0,22765331132,102541465
0,22767668702,102598781
0,22770006273,102648933
0,22772343830,102692816
0,22774681400,102481214
0,22777018957,102421062
0,22779356527,102368429
0,22781694098,102197375
0,22784031654,102172703
0,22786369225,102151115
0,22788706795,102007225
0,22791044352,102006321
0,22793381923,102005530
0,22795719493,101879838
0,22798057050,101894858
0,22801541805,102033000
0,22803879376,102028875
0,22806216933,102150265
0,22808554503,102256481
0,22810892073,102224420
0,22813229630,102321367
0,22815567201,102656196
0,22817904771,102949171
0,22820242328,103205524
0,22822579898,103429833
0,22824917469,103626103
0,22827255025,103797840
0,22829592596,103948110
0,22831930166,104079596
0,22834267723,104194646
0,22836605294,104295315
0,22838942864,104383400
0,22841280421,104335475
0,22843617991,104293540
0,22845955562,104256847
0,22848293118,104224741
0,22850630689,104196648
0,22852968259,104172067
0,22855305816,104150558
0,22857643386,104131738
0,22859980957,104115270
0,22862318514,104100861
0,22865803269,104213253
0,22868140826,104436596
0,22870478397,104507021
0,22872815967,104568643
0,22875153524,104622562
0,22877491094,104669741
0,22879828665,104711023
0,22882166221,104747145
0,22884503792,104778751
0,22886841362,104806407
0,22889178919,104830606
0,22891516489,104851780
0,22893854060,104870307
0,22896191617,104886518
0,22898529187,104900703
0,22900866758,104913115
0,22903204314,104923975
0,22905541885,104808478
0,22907879455,104707418
0,22910217012,104618990
0,22912554582,104541616
0,22914892153,104473914
0,22917229710,104414674
0,22919567280,104362839
0,22921904851,104317484
0,22924242407,104277798
0,22926579978,104243073
0,22928917548,104212688
0,22931255105,104186102
0,22933592675,104162839
0,22935930246,104142484
0,22938267803,104124673
0,22940605373,104109088
0,22942942944,104095452
0,22945280500,104083520
0,22947618071,104073080
0,22949955641,104063945
0,22952293198,104055951
0,22954630768,104048957
0,22956968339,104042837
0,22959305896,104037482
0,22961643466,104032796
0,22963981037,104028696
0,22966318593,104025109
0,22968656164,103896970
0,22970993734,103659848
0,22973331291,103577367
0,22975668861,103505196
0,22978006432,103442046
0,22981491174,103511790
0,22983828744,103572816
0,22986166301,103626214
0,22988503872,103672937
0,22990841442,103713819
0,22993178999,103749591
0,22995516569,103780892
0,22997854140,103808280
0,23000191696,103832245
0,23002529267,103853214
0,23004866837,103871562
0,23007204394,103887616
0,23009541965,103901664
0,23011879535,103913956
0,23014217092,103924711
0,23016554662,103934122
0,23018892233,103942356
0,23021229789,103949561
0,23023567360,103955865
0,23025904930,103961381
0,23028242487,103966208
0,23030580058,103970432
0,23031770443,103849128
0,23034108000,103742987
0,23036445570,103650113
0,23038783141,103568848
0,23041120697,103497742
0,23043458268,103435524
0,23045795838,103381083
0,23048133395,103333447
0,23050470965,103291766
0,23052808536,103255295
0,23055146093,103223383
0,23057483663,103195460
0,23059821234,103171027
0,23062158790,103149648
0,23064496361,103130942
0,23066833931,103114574
0,23069171488,103100252
0,23071509059,103087720
0,23073846629,103076755
0,23076184186,103067160
0,23078521756,103058765
0,23080859327,102926419
0,23084344069,102935616
0,23086681639,102943664
0,23089019196,102950706
0,23091356766,102956867
0,23093694337,102962258
0,23096031894,102966975
0,23098369464,102971103
0,23100707035,102974715
0,23103044591,102977875
0,23105382162,102980640
0,23107719732,102983060
0,23110057289,102985177
0,23112394860,102987029
0,23114732430,102988650
0,23117069987,102990068
0,23119407557,102991309
0,23121745128,102992395
0,23124082685,102993345
0,23126420255,102994176
0,23128757826,102994904
0,23131095382,102995541
0,23133432953,102996098
0,23134623338,102996585
0,23136960909,102872011
0,23139298465,102888009
0,23141636036,102902007
0,23143973606,102789256
0,23146311163,102815599
0,23148648733,102838649
0,23150986304,102733817
0,23153323861,102767089
0,23155661431,102796202
0,23157999002,102696676
0,23160336558,102734591
0,23162674129,102767767
0,23165011686,102796796
0,23167349256,102822196
0,23169686827,102844421
0,23172024383,102863868
0,23174361954,102880884
0,23176699524,102895773
0,23179037081,102908801
0,23181374652,102920200
0,23183712222,102930175
0,23187196964,102938903
0,23189534535,102946540
0,23191872105,102828222
0,23194209662,102849694
0,23196547232,102868482
0,23198884803,102759921
0,23201222360,102789930
0,23203559930,102816188
0,23205897501,102714164
0,23208235057,102749893
0,23210572628,102781156
0,23212910198,102683511
0,23215247755,102723072
0,23217585326,102757688
0,23219922896,102662977
0,23222260453,102705104
0,23224598023,102741966
0,23226935594,102649220
0,23229273151,102693067
0,23231610721,102731433
0,23233948292,102640003
0,23236285848,102685002
0,23238623419,102849376
0,23240960989,102993204
0,23243298546,103119053
0,23245636117,103229171
0,23247973687,103325524
0,23250311244,103784833
0,23252648814,104061728
0,23254986385,104304012
0,23257323942,104641010
0,23259661512,104810883
0,23261999083,104959522
0,23264336639,105214581
0,23266674210,105312758
0,23269011767,105523663
0,23271349337,105583205
0,23273686908,105635304
0,23276024464,105805891
0,23278362035,105830154
0,23280699605,105851384
0,23283037162,105994961
0,23285374733,105995590
0,23287712303,105996141
0,23290049860,106121623
0,23292387430,105981420
0,23294725001,105858742
0,23297062558,105876399
0,23299400128,105766849
0,23301737699,105670992
0,23304075255,105712118
0,23306412826,105623103
0,23308750396,105545215
0,23311087953,105602063
0,23313425524,105526805
0,23315763094,105460954
0,23318100651,105528334
0,23321585407,105587292
0,23323922977,105638880
0,23326260534,105809020
0,23328598104,105832892
0,23330935675,105853780
0,23333273232,105997057
0,23335610802,105997424
0,23337948373,105997746
0,23340285929,106123027
0,23342623500,106107648
0,23344961070,106094192
0,23347298627,106207418
0,23349636198,106181490
0,23351973768,106158803
0,23354311325,106263952
0,23356648896,106230958
0,23358986466,106202088
0,23361324023,106301827
0,23363661593,106264098
0,23365999164,106231085
0,23368336721,106327199
0,23370674291,106286299
0,23371864676,106125511
0,23374202233,105984822
0,23376539804,105861719
0,23378877374,105754004
0,23381214931,105659753
0,23383552501,105577283
0,23385890072,105505122
0,23388227629,105441981
0,23390565199,105386733
0,23392902770,105338391
0,23395240327,105296092
0,23397577897,105259080
0,23399915468,105226695
0,23402253024,105198358
0,23404590595,105173563
0,23406928165,105151867
0,23409265722,105132883
0,23411603293,105116272
0,23413940863,105101738
0,23416278420,105089020
0,23418615990,105077892
0,23420953561,105068155
0,23423291118,105059635
0,23425628688,104927180
0,23427966259,104811282
0,23430303815,104709871
0,23432641386,104621137
0,23434978957,104543494
0,23437316513,104475557
0,23439654084,104416112
0,23441991654,104364098
0,23444329211,104318585
0,23446666782,104278761
0,23449004338,104368915
0,23451341909,104322800
0,23453679479,104282450
0,23456017036,104372143
0,23458354607,104325625
0,23460692177,104284921
0,23463029734,104374305
0,23465367305,104327516
0,23467704875,104286576
0,23470042432,104375754
0,23472380002,104328784
0,23475864758,104412686
0,23478202315,104736100
0,23480539885,104894087
0,23482877456,105032326
0,23485215013,105278285
0,23487552583,105368499
0,23489890154,105447436
0,23492227711,105641506
0,23494565281,105686317
0,23496902852,105725527
0,23499240408,105884836
0,23501577979,105899231
0,23503915549,105911827
0,23506253106,106047848
0,23508590677,106041867
0,23510928247,106036633
0,23513265804,106157053
0,23515603375,106137421
0,23517940945,106120243
0,23520278502,106230212
0,23522616072,106201435
0,23524953643,106176255
0,23527291200,106279223
0,23529628770,106244320
0,23531966341,106213780
0,23534303898,106312057
0,23536641468,106273049
0,23538979039,106238917
0,23541316595,106334052
0,23543654166,106292295
0,23545991736,106255758
0,23548329293,106348788
0,23550666864,106305189
0,23553004420,106392040
0,23555341991,106343035
0,23557679562,106300155
0,23560017118,106387635
0,23562354689,106339180
0,23564692259,106296782
0,23567029816,106384684
0,23569367387,106336598
0,23571704957,106294523
0,23574042514,106382707
0,23576380085,106334868
0,23578717655,106293009
0,23581055212,106256382
0,23583392782,106099334
0,23585730353,105961917
0,23588067910,105966677
0,23590405480,105845842
0,23592743051,105740111
0,23595080608,105772597
0,23597418178,105676022
0,23599755749,105591519
0,23602093305,105642579
0,23604430876,105562256
0,23606768446,105491974
0,23609106003,105555477
0,23611443574,105486042
0,23613781144,105425286
0,23616118701,105497125
0,23618456272,105434984
0,23620793842,105380611
0,23623131399,105458034
0,23625468969,105400779
0,23627806540,105350681
0,23630144097,105431845
0,23632481667,105377864
0,23634819238,105330631
0,23637156795,105414302
0,23639494365,105362514
0,23641831936,105317199
0,23644169493,105402549
0,23646507063,105352230
0,23648844634,105308201
0,23651182190,105394675
0,23653519761,105345340
0,23655857331,105302172
0,23658194888,105264400
0,23660532459,105231350
0,23662870029,105202431
0,23665207586,105177127
0,23667545157,105154986
0,23669882727,105135612
0,23672220284,105118660
0,23674557855,105103827
0,23676895425,105090848
0,23679232982,105079492
0,23681570552,105069555
0,23683908123,105310860
0,23686245680,105647002
0,23688583250,105816126
0,23692067992,106214110
0,23694405563,106562346
0,23696743133,106742052
0,23699080690,107024295
0,23701418261,107271258
0,23703755831,107362350
0,23706093388,107567056
0,23708430959,107746174
0,23710768529,107777902
0,23713106086,107930664
0,23715443657,108064331
0,23717781227,108056289
0,23720118784,108174252
0,23722456354,108277470
0,23724793925,108242786
0,23727131482,108337437
0,23729469052,108420257
0,23731806623,108367724
0,23734144180,108446758
0,23736481750,108515913
0,23738819321,108451423
0,23741156878,108519995
0,23742347263,108454995
0,23744684833,108273120
0,23747022390,108238980
0,23749359961,108209107
0,23751697531,108057968
0,23754035088,108050722
0,23756372659,108044381
0,23758710229,107913833
0,23761047786,107924603
0,23763385356,107934027
0,23765722927,107817273
0,23768060484,107840113
0,23770398054,107860098
0,23772735625,107752585
0,23775073182,107783511
0,23777410752,107810572
0,23779748323,107709250
0,23782085880,107745593
0,23784423450,107777393
0,23786761021,107680218
0,23789098578,107720190
0,23791436148,107755166
0,23793773719,107660770
0,23796111275,107703173
0,23798448846,107490276
0,23800786417,107303991
0,23803123973,107265992
0,23805461544,107107743
0,23807799114,106969275
0,23810136671,106973115
0,23812474242,106851475
0,23814811812,106745040
0,23817149369,106776910
0,23819486940,106679796
0,23821824510,106594821
0,23824162067,106645468
0,23826499638,106564784
0,23828837208,106494186
0,23831174765,106557412
0,23833512336,106487735
0,23835849906,106426768
0,23838187463,106498422
0,23840525033,106436119
0,23842862604,106381604
0,23845200161,106458903
0,23847537731,106401540
0,23849875302,106476347
0,23853360044,106791803
0,23855697615,106942827
0,23858035171,107199973
0,23860372742,107424976
0,23862710313,107496854
0,23865047869,107684747
0,23867385440,107849153
0,23869723010,107868008
0,23872060567,108009507
0,23874398138,108133318
0,23876735708,108116653
0,23879073265,108227071
0,23881410836,108323687
0,23883748406,108283226
0,23886085963,108372822
0,23888423534,108451219
0,23890761104,108394816
0,23893098661,108470464
0,23895436232,108536656
0,23897773802,108469574
0,23900111359,108535877
0,23902448930,108593892
0,23904786500,108519655
0,23907124057,108579698
0,23909461627,108632235
0,23911799198,108553205
0,23914136755,108609054
0,23916474325,108657922
0,23918811896,108575681
0,23921149453,108628720
0,23923487023,108675130
0,23925824594,108590738
0,23928162151,108641895
0,23930499721,108686658
0,23932837292,108600825
0,23935174849,108650721
0,23937512419,108694380
0,23939849990,108607582
0,23942187547,108656634
0,23944525117,108699554
0,23946862688,108612109
0,23949200245,108660595
0,23951537815,108703020
0,23953875386,108615142
0,23956212943,108663249
0,23958550513,108705342
0,23960888084,108492174
0,23963225640,108430652
0,23965563211,108251820
0,23967900782,108095342
0,23970238338,108083424
0,23972575909,107947996
0,23974913480,107829496
0,23977251036,107850809
0,23979588607,107744457
0,23981926177,107651399
0,23984263734,107694974
0,23986601305,107608102
0,23988938875,107532089
0,23991276432,107590577
0,23993614003,107516754
0,23995951573,107452159
0,23998289130,107520639
0,24000626701,107455559
0,24002964271,107398614
0,24005301828,107473787
0,24007639399,107414563
0,24009976969,107362742
0,24012314526,107442399
0,24014652097,107387099
0,24016989667,107338711
0,24018909589,102921372
0,24021380682,99056200
0,24023718366,95674175
0,24026056001,92839903
0,24028393643,90234915
0,24030731326,87955550
0,24033068961,86086106
0,24035406604,84325342
0,24037750686,82784674
0,24037800286,81436589
0,24039046704,80507015
0,24074981749,77443638
0,24078466603,75263183
0,24080804257,73605285
0,24083141892,72529624
0,24085479528,71838421
0,24087817182,71483618
0,24090154818,71548165
0,24093639671,71979644
0,24095977325,72607188
0,24098314960,73531289
0,24100652596,74214877
0,24102990250,74813017
0,24105327886,75711389
0,24107665521,76372465
0,24110003175,77075906
0,24112340811,77691417
0,24114678446,78104989
0,24117016101,78591865
0,24119353736,79017881
0,24121691390,79515645
0,24157317616,80076189
0,24159655252,80191665
0,24161992906,79917706
0,24164330541,79552992
0,24166668177,78733868
0,24169005831,77767134
0,24170196249,76796242
0,24170239449,75696711
0,24170700263,74359622
0,24173080998,73314669
0,24175418534,72275335
0,24178077483,71490918
0,24180415193,70804553
0,24182752960,70078983
0,24185090670,69569110
0,24187428381,69122971
0,24195502329,65232599
0,24197839984,61828524
0,24200177619,58974958
0,24202515255,56353088
0,24204852909,54058952
0,24207190544,52051583
0,24209528180,50420135
0,24211865834,49242618
0,24213601737,48462290
0,24216263620,47779503
0,24218601256,47182065
0,24220938910,46534306
0,24223276545,46092517
0,24225614181,45705952
0,24227951835,45242708
0,24230289470,44962369
0,24233774342,44092072
0,24236111978,43705563
0,24238449613,43367367
0,24240787268,42946446
0,24243124903,42703140
0,24245462539,42490247
0,24247800193,42178966
0,24251285046,42156595
0,24252475464,42012020
0,24254813118,41885517
0,24257150754,41774827
0,24259488389,41677973
0,24261826043,41593226
0,24264163679,41519072
0,24266501314,41454188
0,24268838968,41397414
0,24270901200,41222737
0,24273238835,41069894
0,24275576471,40811157
0,24277914125,40584762
0,24280251761,40511666
0,24282589396,40322707
0,24284927050,40157368
0,24288411904,40262697
0,24290749558,40104859
0,24293087193,40216751
0,24295424829,40314657
0,24297762483,40275324
0,24300100119,40365908
0,24302437754,40445169
0,24304775408,40389522
0,24308260262,40590831
0,24310597897,40766977
0,24312935551,40921104
0,24315273187,41055966
0,24317610822,41173970
0,24319948476,41277223
0,24322286112,41367570
0,24324623747,41446623
0,24326961402,41515795
0,24328151819,41326320
0,24330489455,41160530
0,24332827109,40890463
0,24335164745,40779155
0,24337502380,40681760
0,24339840034,40471540
0,24342177670,40412597
0,24344515305,40361022
0,24346852960,40065894
0,24349190595,39932657
0,24351528231,39816074
0,24353865885,39589064
0,24356203520,39515431
0,24358541156,39451002
0,24360878810,39269626
0,24363216446,39235922
0,24366701317,39331431
0,24369038953,39540002
0,24371376588,39722501
0,24373714243,39882188
0,24376051878,40021914
0,24378389514,40144174
0,24380727168,40251152
0,24383064803,40344758
0,24385402439,40426663
0,24387740093,40498330
0,24390077729,40561038
0,24392415364,40615908
0,24394753018,40663919
0,24397090654,40705929
0,24399428289,40742687
0,24401765944,41024851
0,24404103579,41396744
0,24406441215,41597151
0,24408778869,41647507
0,24411116504,41691568
0,24413454140,41730122
0,24415791794,41763856
0,24418129430,41793374
0,24420467065,41819202
0,24422804719,41841801
0,24425142355,41861575
0,24427479990,41878878
0,24429817645,41894018
0,24432155280,41907265
0,24434492916,41918856
0,24436830570,41928999
0,24439168205,41937874
0,24441505841,41945639
0,24443843495,41952434
0,24446181130,41958379
0,24448518766,41963581
0,24450856420,41968133
0,24453194056,41972116
0,24455531691,41975601
0,24457869345,41978650
0,24460206981,41981318
0,24462544616,41983653
0,24464882271,41985696
0,24467219906,41987484
0,24469557542,41989048
0,24471895196,41990417
0,24474232831,41991614
0,24476570467,41992662
0,24478908121,41993579
0,24481245757,41994381
0,24483583392,41995083
0,24487068264,42245697
0,24489405900,42339984
0,24491743554,42422486
0,24494081189,42619675
0,24496418825,42667215
0,24498756479,42708813
0,24501094115,42870211
0,24503431750,42886434
0,24505769404,42900629
0,24506959822,42788050
0,24509297458,42689543
0,24511635093,42603350
0,24513972747,42527931
0,24516310383,42461939
0,24518648018,42404196
0,24520985673,42353671
0,24523323308,42309462
0,24525660944,42270779
0,24527998598,41986931
0,24530336233,41863564
0,24532673869,41755618
0,24535011523,41661165
0,24537349159,41578519
0,24539686794,41506204
0,24542024448,41442928
0,24544362084,41387562
0,24546699738,41339116
0,24550184591,41671726
0,24552522227,41837760
0,24554859881,41983040
0,24557197517,42235160
0,24559535152,42330765
0,24561872806,42414419
0,24564210442,42612616
0,24566548077,42661039
0,24568885732,42703409
0,24571223367,42865482
0,24573561003,42882296
0,24575898657,43147009
0,24578236292,43503632
0,24580573928,43690678
0,24582911582,43854343
0,24585249217,44122550
0,24587586853,44232231
0,24589924507,44328202
0,24592262143,44537176
0,24594599778,44470029
0,24596937432,44411275
0,24599275068,44484865
0,24601612703,44424256
0,24603950358,44371224
0,24606287993,44449821
0,24608625629,44393593
0,24610963283,44344393
0,24613300918,44426343
0,24615638554,44373050
0,24617976208,44326418
0,24620313844,44410615
0,24622651479,44359288
0,24624989133,44314377
0,24627326769,44400079
0,24629664404,44350069
0,24632002059,44431310
0,24634339694,44502396
0,24636677330,44439596
0,24639014984,44509646
0,24641352620,44570940
0,24643690274,44499572
0,24646027909,44562125
0,24648365545,44616859
0,24650703199,44539751
0,24653040835,44597282
0,24655378470,44647621
0,24657716124,44566668
0,24660053760,44620834
0,24662391395,44668229
0,24665876267,44709700
0,24668213903,44870987
0,24670551538,45012113
0,24672889193,45010598
0,24675226828,45134273
0,24677564464,45117488
0,24679902118,45102802
0,24682239753,45214951
0,24684577389,45188082
0,24686915043,45164571
0,24688105461,45143999
0,24690443096,45000999
0,24692780751,44875874
0,24695118386,44891389
0,24697456022,44779965
0,24699793676,44682469
0,24702131311,44722160
0,24704468947,44631890
0,24706806601,44552903
0,24709144237,44483790
0,24711481872,44298316
0,24713819526,44136026
0,24716157162,44119022
0,24718494797,43979144
0,24720832452,43856751
0,24723170087,43874657
0,24725507723,43765324
0,24727845377,43669658
0,24731330230,43835950
0,24733667866,43981456
0,24736005520,44233774
0,24738343155,44454552
0,24740680791,44522733
0,24743018445,44707391
0,24745356081,44868967
0,24747693735,44885346
0,24750031370,45024677
0,24752369006,45146592
0,24754706660,45128268
0,24757044296,45237234
0,24759381931,45582579
0,24761719585,45884756
0,24764057221,46149161
0,24766394856,46380515
0,24768732511,46582950
0,24771070146,46760081
0,24773407782,46915070
0,24775745436,47050686
0,24778083071,47044350
0,24780420707,47038806
0,24782758361,46908955
0,24785095997,46920335
0,24787433632,46930293
0,24789771287,46814006
0,24792108922,46837255
0,24794446558,46857598
0,24796784212,46750398
0,24799121847,46781598
0,24801459483,46808898
0,24803797137,46707785
0,24806134773,46744311
0,24808472408,46776272
0,24810810062,46679238
0,24813147698,46719333
0,24815485333,46754416
0,24817822988,46660114
0,24820160623,46702599
0,24822498259,46739774
0,24824835913,46647302
0,24827173548,46691389
0,24829511184,46729965
0,24831848838,46638719
0,24834186474,46683879
0,24836524109,46723394
0,24838861763,46632969
0,24841199399,46678847
0,24843537034,46718991
0,24845874689,46629117
0,24848212324,46675477
0,24850549960,46716042
0,24854034832,46876536
0,24856372467,47016969
0,24858710122,47139847
0,24861047757,47247366
0,24863385393,47341445
0,24865723047,47423764
0,24868060682,47495793
0,24870398318,47558818
0,24872735972,47613965
0,24875073608,47662219
0,24876264025,47579441
0,24878601661,47507010
0,24880939315,47318633
0,24883276951,47278803
0,24885614586,47243952
0,24887952240,47088458
0,24890289876,47077400
0,24892627511,47067725
0,24894965166,46934259
0,24897302801,46942476
0,24899640437,46699666
0,24901978091,46487207
0,24904315726,46426306
0,24906653362,46248017
0,24908991016,46092014
0,24911328652,46080512
0,24913666287,45945448
0,24916003942,45952267
0,24918341577,45958233
0,24921826449,45963453
0,24924164085,46218021
0,24926501720,46440768
0,24928839374,46635672
0,24931177010,46806213
0,24933514645,46955436
0,24935852300,47086006
0,24938189935,47200255
0,24940527571,47300223
0,24942865225,47387695
0,24945202860,47464233
0,24947540496,47531203
0,24949878150,47589802
0,24952215786,48016076
0,24954553421,48264066
0,24956891076,48481057
0,24959228711,48795924
0,24961566347,48946433
0,24963904001,49078128
0,24966241636,49193362
0,24968579272,49294191
0,24970916926,49257417
0,24973254562,49225239
0,24975592197,49197084
0,24977929851,49172448
0,24980267487,49150892
0,24982605122,49132030
0,24984942777,49115526
0,24987280412,49101085
0,24989618048,49088449
0,24991955702,49077392
0,24994293337,49067718
0,24996630973,49059253
0,24998968627,49051846
0,25001306263,49045365
0,25003643898,49039694
0,25005981553,49034732
0,25008319188,49030390
0,25010656824,49026591
0,25012994478,49023267
0,25015332113,49020358
0,25017669749,49017813
0,25020007403,49140586
0,25022345039,49123012
0,25024682674,49107635
0,25027020328,49219180
0,25029357964,49191782
0,25031695599,49167809
0,25034033254,49271832
0,25036370889,49237853
0,25038708544,49208121
0,25041046179,49307105
0,25043383815,49268716
0,25045721469,49235126
0,25049206322,49455735
0,25051543958,49523768
0,25053881612,49583297
0,25056219247,49760384
0,25058556883,49790336
0,25060894537,49816544
0,25063232173,49964476
0,25065569808,49968916
0,25067907463,49972801
0,25070245098,49976200
0,25072582734,49979175
0,25073773170,49856778
0,25076110806,49749680
0,25078448441,49655970
0,25080786095,49573973
0,25083123731,49502226
0,25085461366,49439447
0,25087799021,49384516
0,25090136656,49336451
0,25092474292,49294394
0,25094811946,49257594
0,25097149581,49100394
0,25099487217,48962844
0,25101824871,48842488
0,25104162507,48737177
0,25106500142,48645029
0,25108837797,48564400
0,25111175432,48493850
0,25113513068,48432118
0,25115850722,48378103
0,25118188357,48330840
0,25121673211,48414485
0,25124010865,48737674
0,25126348500,48895464
0,25128686136,49033531
0,25131023790,49279339
0,25133361426,49369421
0,25135699080,49448243
0,25138036716,49642212
0,25140374351,49686935
0,25142712005,49726068
0,25145049641,49885309
0,25147387276,49899645
0,25149724931,49912189
0,25152062566,50048165
0,25154400202,50417144
0,25156737856,50615001
0,25159075492,50913125
0,25161413127,51173984
0,25163750781,51277236
0,25166088417,51492581
0,25168426052,51681008
0,25170763707,51720882
0,25173101342,51755771
0,25175438978,51661299
0,25177776632,51578636
0,25180114267,51631306
0,25182451903,51552392
0,25184789557,51483343
0,25187127193,51547925
0,25189464828,51479434
0,25191802483,51419504
0,25194140118,51492066
0,25196477754,51430557
0,25198815408,51376737
0,25201153043,51454644
0,25203490679,51397813
0,25205828333,51348086
0,25208165969,51429575
0,25210503604,51375878
0,25212841259,51328893
0,25215178894,51412781
0,25217516530,51361183
0,25219854184,51316035
0,25222191819,51401530
0,25224529455,51351338
0,25226867109,51307420
0,25229204745,51393992
0,25231542380,51344743
0,25233880035,51301650
0,25236217670,51388943
0,25238555306,51340325
0,25240892960,51297784
0,25243230595,51385561
0,25245568231,51337365
0,25247905885,51295194
0,25250243521,51383294
0,25252581156,51335382
0,25254918810,51293459
0,25258403664,51506776
0,25260741318,51568429
0,25263078954,51747375
0,25265416589,51903953
0,25267754243,51915958
0,25270091879,52051463
0,25272429514,52170030
0,25274767169,52148776
0,25277104804,52255179
0,25279442440,52348281
0,25281780094,52304745
0,25282970512,52141651
0,25285308147,52123944
0,25287645783,51983451
0,25289983437,51860519
0,25292321073,51877954
0,25294658708,51768209
0,25296996362,51672182
0,25299333998,51713159
0,25301671634,51624014
0,25304009288,51671012
0,25306346923,51712135
0,25308684559,51498118
0,25311022213,51435853
0,25313359849,51256371
0,25315697484,51099324
0,25318035138,51086908
0,25320372774,50951044
0,25322710428,50832163
0,25325048064,50853142
0,25327385699,50746499
0,25329723354,50653186
0,25333208207,50821537
0,25335545842,51093844
0,25337883497,51207113
0,25340221132,51431223
0,25342558768,51627320
0,25344896422,51673905
0,25347234058,51839666
0,25349571693,51984707
0,25351909347,51986618
0,25354246983,52113290
0,25356584618,52099128
0,25358922273,52086737
0,25361259908,52200894
0,25363597544,52175782
0,25365935198,52153809
0,25368272834,52509582
0,25370610469,52820884
0,25372948123,52968273
0,25375285759,53222238
0,25377623394,53444458
0,25379961049,53513900
0,25382298684,53699662
0,25384636320,53862204
0,25386973974,53754428
0,25389311610,53785124
0,25391649245,53811983
0,25393986899,53710485
0,25396324535,53746674
0,25398662170,53778339
0,25400999825,53681046
0,25403337460,53720915
0,25405675096,53755800
0,25408012750,53786325
0,25410350386,53813034
0,25412688021,53836404
0,25415025675,53856853
0,25417363311,53874746
0,25419700946,53890402
0,25422038601,53904101
0,25424376236,53916088
0,25426713891,53926577
0,25429051526,53935754
0,25431389162,53943784
0,25433726816,53950811
0,25436064451,53956959
0,25438402087,53962339
0,25440739741,53967046
0,25443077377,53971165
0,25445415012,53974769
0,25447752667,53977922
0,25450090302,53980681
0,25452427938,53983095
0,25454765592,53985208
0,25457103228,53987057
0,25459440863,53988674
0,25461778517,53865089
0,25464116153,53881952
0,25466453788,53896708
0,25468791443,53784619
0,25471129078,53811541
0,25474613932,53960098
0,25476951586,53965085
0,25479289221,54094449
0,25481626857,54207642
0,25483964511,54181686
0,25486302147,54283975
0,25488639782,54373478
0,25490977437,54326793
0,25493315072,54410943
0,25495652708,54484575
0,25497990362,54424003
0,25500327997,54496002
0,25501518415,54434001
0,25503856069,54254750
0,25506193705,54222906
0,25508531341,54195042
0,25510868995,54045661
0,25513206630,54039953
0,25515544266,54034958
0,25517881920,53905588
0,25520219556,53917389
0,25522557191,53927715
0,25524894846,53811750
0,25527232481,53710281
0,25529570117,53621495
0,25531907771,53418808
0,25534245406,53366457
0,25536583042,53320649
0,25538920696,53155567
0,25541258332,53136121
0,25543595967,53119105
0,25545933622,52979216
0,25548271257,52981814
0,25551756129,53109087
0,25554093765,53220451
0,25556431400,53442894
0,25558769055,53637532
0,25561106690,53807840
0,25563444326,53956860
0,25565781980,54087252
0,25568119615,54201345
0,25570457251,54301176
0,25572794905,54388529
0,25575132541,54464962
0,25577470176,54531841
0,25579807831,54590360
0,25582145466,54641565
0,25584483102,54686369
0,25586820756,54725572
0,25589158392,55134875
0,25591496027,55368015
0,25593833681,55572013
0,25596171317,55875511
0,25598508952,56016072
0,25600846607,56139063
0,25603184242,56371680
0,25605521878,56450220
0,25607859532,56393942
0,25610197168,56344699
0,25612534803,56301611
0,25614872457,56263909
0,25617210093,56230920
0,25619547729,56202055
0,25621885383,56176798
0,25624223018,56154698
0,25626560654,56135360
0,25628898308,56118440
0,25631235944,56103635
0,25633573579,56090680
0,25635911234,56079345
0,25638248869,56069426
0,25640586505,56060747
0,25642924159,56053153
0,25645261795,56046508
0,25647599430,56040694
0,25649937084,56035607
0,25652274720,56031156
0,25654612355,56027261
0,25656950010,56023853
0,25659287645,56020871
0,25661625281,56018262
0,25663962935,56015979
0,25666300571,56013981
0,25668638206,56012233
0,25670975860,56010703
0,25673313496,56009365
0,25675651132,56008194
0,25677988786,56007169
0,25680326421,56006272
0,25682664057,56005488
0,25685001711,56129802
0,25687339347,56113576
0,25689676982,56099379
0,25692014637,56211956
0,25694352272,56185461
0,25696689908,56162278
0,25699027562,56266993
0,25701365198,56233618
0,25704850070,56329415
0,25707187705,56538238
0,25709525341,56595958
0,25711862995,56646463
0,25714200631,56815655
0,25716538266,56838698
0,25718875920,56858860
0,25721213556,57001502
0,25723551191,57001314
0,25725888846,57001149
0,25728226481,57126005
0,25730564117,57110254
0,25731754553,56971472
0,25734092189,56975038
0,25736429824,56853158
0,25738767479,56746513
0,25741105114,56653198
0,25743442750,56571548
0,25745780404,56500104
0,25748118040,56437591
0,25750455675,56382892
0,25752793329,56335030
0,25755130965,56293151
0,25757468601,56256507
0,25759806255,56099443
0,25762143890,55962012
0,25764481526,55841760
0,25766819180,55736540
0,25769156816,55644472
0,25771494451,55563913
0,25773832106,55493423
0,25776169741,55431745
0,25778507377,55377776
0,25780845031,55330554
0,25783182667,55289234
0,25786667520,55378079
0,25789005174,55705819
0,25791342810,55867591
0,25793680445,56009142
0,25796018100,56257999
0,25798355735,56350749
0,25800693371,56431905
0,25803031025,56627916
0,25805368661,56674426
0,25807706296,56715122
0,25810043950,56875731
0,25812381586,56891264
0,25814719240,56904856
0,25817056876,57041749
0,25819394511,57036530
0,25821732166,57281963
0,25824069801,57621717
0,25826407437,57919002
0,25828745091,58054126
0,25831082727,58297360
0,25833420362,58510190
0,25835758016,58571416
0,25838095652,58749989
0,25840433287,58906240
0,25842770942,58917960
0,25845108577,58928215
0,25847446213,58812188
0,25849783867,58710664
0,25852121503,58746831
0,25854459138,58653477
0,25856796793,58571792
0,25859134428,58625318
0,25861472064,58547153
0,25863809718,58478758
0,25866147354,58543913
0,25868484989,58475923
0,25870822643,58416432
0,25873160279,58489378
0,25875497914,58428205
0,25877835569,58374679
0,25880173204,58452844
0,25882510840,58396238
0,25884848494,58346708
0,25887186130,58428369
0,25889523765,58374822
0,25891861420,58327969
0,25894199055,58411972
0,25896536691,58360475
0,25898874345,58315415
0,25901211981,58400988
0,25903549616,58350864
0,25905887270,58307006
0,25908224906,58393630
0,25910562541,58344426
0,25912900196,58301372
0,25915237831,58388700
0,25917575467,58340112
0,25919913121,58297598
0,25922250757,58385398
0,25924588392,58337223
0,25926926047,58295070
0,25929263682,58383186
0,25931601318,58335287
0,25933938972,58293376
0,25937423825,58506704
0,25939761480,58568366
0,25942099115,58747320
0,25944436751,58903905
0,25946774405,58915916
0,25949112041,59051426
0,25951449676,59169997
0,25953787330,59148747
0,25956124966,59255153
0,25958462602,59348258
0,25960800256,59304725
0,25963137891,59391634
0,25965475527,59467679
0,25966665945,59284219
0,25969003599,59248691
0,25971341235,59217604
0,25973678870,59065403
0,25976016524,59057227
0,25978354160,59050073
0,25980691796,58918813
0,25983029450,58928961
0,25985367085,58937840
0,25987704721,58820610
0,25990042375,58843033
0,25992380011,58862653
0,25994717665,58629821
0,25997055301,58551093
0,25999392936,58357206
0,26001730591,58187555
0,26004068226,58164110
0,26006405862,58018596
0,26008743516,57891271
0,26011081152,57904862
0,26013418787,57791754
0,26015756441,57692784
0,26018094077,57731186
0,26021578930,57764787
0,26023916585,57794188
0,26026254220,58069914
0,26028591856,58186174
0,26030929510,58287902
0,26033267146,58501914
0,26035604781,58564174
0,26037942435,58618652
0,26040280071,58791320
0,26042617707,58817405
0,26044955361,58840229
0,26047292996,58985200
0,26049630632,58987050
0,26051968286,58988668
0,26054305922,59115084
0,26056643557,59100698
0,26058981212,59088110
0,26061318847,59202096
0,26063656483,59551834
0,26065994137,59732854
0,26068331773,60016247
0,26070669408,60264216
0,26073007063,60481189
0,26075344698,60671040
0,26077682334,60837160
0,26080019988,60982515
0,26082357623,60984700
0,26084695259,60986612
0,26087032913,60988285
0,26089370549,60989749
0,26091708184,60991030
0,26094045839,60992151
0,26096383474,60993132
0,26098721129,60993990
0,26101058764,60994741
0,26103396400,60995398
0,26105734054,60995973
0,26108071690,60996476
0,26110409325,60996916
0,26112746980,60997301
0,26115084615,60997638
0,26117422251,60997933
0,26119759905,60998191
0,26122097540,60998417
0,26124435176,60998614
0,26126772830,60998787
0,26129110466,60998938
0,26131448101,60999070
0,26133785756,60874186
0,26136123391,60889912
0,26138461027,60903673
0,26140798681,60790713
0,26143136317,60816873
0,26145473952,60839763
0,26147811607,60734792
0,26150149242,60767943
0,26152486878,60796950
0,26154824532,60697331
0,26157162168,60735164
0,26159499803,60768268
0,26161837458,60672234
0,26164175093,60713204
0,26166512729,60749053
0,26168850383,60655421
0,26171188019,60698493
0,26173525654,60736181
0,26175863308,60644158
0,26178200944,60688638
0,26180538579,60727558
0,26184023452,60886613
0,26186361087,61025786
0,26188698723,61147562
0,26191036377,61254116
0,26193374013,61347351
0,26195711648,61428932
0,26198049302,61500315
0,26200386938,61562775
0,26202724592,61617428
0,26205062228,61665249
0,26207399863,61707092
0,26209737518,61743705
0,26212075153,61775741
0,26213265571,61678773
0,26215603207,61593926
0,26217940861,61394685
0,26220278497,61345349
0,26222616132,61302180
0,26224953786,61139407
0,26227291422,61121981
0,26229629058,61106733
0,26231966712,60968391
0,26234304347,60972342
0,26236641983,60975799
0,26238979637,60853824
0,26241317273,60872096
0,26243654908,60638084
0,26245992563,60433323
0,26248330198,60379157
0,26250667834,60206762
0,26253005488,60180916
0,26255343124,60158301
0,26257680759,60013513
0,26260018414,60011823
0,26262356049,60010345
0,26264693685,59884051
0,26267031339,59898544
0,26269368975,59911226
0,26272853847,59922322
0,26275191482,60182031
0,26277529118,60409277
0,26279866772,60608117
0,26282204408,60782102
0,26284542043,60934339
0,26286879698,61067546
0,26289217333,61184102
0,26291554969,61286089
0,26293892623,61375327
0,26296230259,61453411
0,26298567894,61521734
0,26300905549,61581517
0,26303243184,61633827
0,26305580820,61679598
0,26307918474,61719648
0,26310256110,61754692
0,26312593745,62035355
0,26314931399,62280935
0,26317269035,62495818
0,26319606671,62683840
0,26321944325,62848360
0,26324281960,62992315
0,26326619596,63118275
0,26328957250,63228490
0,26331294886,63324928
0,26333632521,63409312
0,26335970176,63358148
0,26338307811,63313379
0,26340645447,63274206
0,26342983101,63239930
0,26345320737,63209938
0,26347658372,63183695
0,26349996027,63160733
0,26352333662,63140641
0,26354671298,63123060
0,26357008952,63232677
0,26359346588,63203592
0,26361684223,63178143
0,26364021878,63280875
0,26366359513,63245765
0,26368697149,63215044
0,26371034803,63313163
0,26373372439,63274017
0,26375710074,63239764
0,26378047729,63334793
0,26380385364,63292943
0,26382723018,63256325
0,26385060654,63349284
0,26387398290,63305623
0,26389735944,63267420
0,26392073579,63358992
0,26394411215,63314118
0,26396748869,63274853
0,26399086505,63365496
0,26401424140,63319809
0,26403761795,63279832
0,26406099430,63369853
0,26408437066,63323621
0,26410774720,63283168
0,26413112356,63372772
0,26415449991,63326175
0,26417787646,63285403
0,26420125281,63249727
0,26422462917,63218511
0,26424800571,63191197
0,26427138207,63167297
0,26429475842,63146384
0,26431813497,63128086
0,26434151132,63112075
0,26436488768,63098065
0,26439973640,63210806
0,26442311275,63309455
0,26444648911,63395773
0,26446986565,63471301
0,26449324201,63537388
0,26451661837,63595214
0,26453999491,63645812
0,26456337126,63690085
0,26458674762,63728824
0,26461012416,63887721
0,26463350052,63901755
0,26465687687,63914035
0,26468025342,64049780
0,26470362977,64043557
0,26471553395,63913112
0,26473891049,63798973
0,26476228685,63699101
0,26478566321,63611713
0,26480903975,63535248
0,26483241611,63468342
0,26485579246,63409799
0,26487916900,63358574
0,26490254536,63313752
0,26492592172,63274533
0,26494929826,63240216
0,26497267461,63210189
0,26499605097,63183915
0,26501942751,63035925
0,26504280387,62906434
0,26506618022,62793129
0,26508955677,62693987
0,26511293312,62607238
0,26513630948,62531333
0,26515968602,62464916
0,26518306238,62406801
0,26520643873,62355950
0,26522981528,62186456
0,26525319163,62163149
0,26527656799,62142755
0,26531141671,62249910
0,26533479307,62343671
0,26535816961,62550712
0,26538154597,62856873
0,26540492232,62999763
0,26542829886,63124792
0,26545167522,63359193
0,26547505158,63439293
0,26549842812,63509381
0,26552180447,63695708
0,26554518083,63733744
0,26556855737,63767026
0,26559193373,63921147
0,26561531009,63931003
0,26563868663,63939627
0,26566206298,64072173
0,26568543934,64063151
0,26570881588,64055257
0,26573219224,64173349
0,26575556859,64526680
0,26577894514,64710845
0,26580232149,64996989
0,26582569785,65247365
0,26584907439,65341444
0,26587245075,65548763
0,26589582710,65730167
0,26591920365,65763896
0,26594258000,65918409
0,26596595636,65803607
0,26598933290,65703156
0,26601270926,65740261
0,26603608561,65647728
0,26605946216,65566762
0,26608283851,65620916
0,26610621487,65543301
0,26612959141,65475388
0,26615296777,65540964
0,26617634412,65473343
0,26619972067,65414175
0,26622309702,65487403
0,26624647338,65426477
0,26626984992,65373167
0,26629322628,65451521
0,26631660263,65395080
0,26633997918,65345695
0,26636335553,65427483
0,26638673189,65374047
0,26641010843,65452291
0,26643348479,65520754
0,26645686114,65455659
0,26648023769,65523701
0,26650361404,65583238
0,26652699040,65510333
0,26655036694,65571541
0,26657374330,65625098
0,26659711965,65546960
0,26662049620,65603590
0,26664387255,65653141
0,26666724891,65571498
0,26669062545,65625060
0,26671400181,65671927
0,26673737835,65587936
0,26676075471,65639444
0,26678413106,65684513
0,26680750761,65598948
0,26683088396,65649079
0,26685426032,65692944
0,26687763686,65606326
0,26690101322,65655535
0,26692438957,65698593
0,26694776612,65611268
0,26697114247,65659859
0,26699451883,65702376
0,26701789537,65614579
0,26704127173,65662756
0,26707612026,65704911
0,26709949680,65741797
0,26712287316,65899072
0,26714624951,65911688
0,26716962606,65922727
0,26719300241,66057386
0,26721637877,66050212
0,26723975531,66043935
0,26726313167,66163443
0,26728650802,66143012
0,26730988457,66125135
0,26733326092,66234493
0,26735663728,66205181
0,26738001382,66304533
0,26739191800,66266466
0,26741529436,66108157
0,26743867090,65969637
0,26746204726,65973432
0,26748542361,65851753
0,26750880016,65745283
0,26753217651,65777122
0,26755555287,65679981
0,26757892941,65594983
0,26760230577,65645610
0,26762568212,65564908
0,26764905867,65494294
0,26767243502,65557507
0,26769581138,65487818
0,26771918792,65301840
0,26774256428,65264110
0,26776594063,65106096
0,26778931718,64967834
0,26781269353,64971854
0,26783606989,64850372
0,26785944643,64744075
0,26788282279,64776065
0,26790619914,64679056
0,26792957569,64594174
0,26795295204,64644902
0,26797632840,64564289
0,26799970494,64493752
0,26803455347,64557033
0,26805793002,64737403
0,26808130637,65020227
0,26810468273,65267698
0,26812805927,65359235
0,26815143563,65564330
0,26817481198,65743788
0,26819818853,65775814
0,26822156488,65928837
0,26824494124,66062732
0,26826831778,66054890
0,26829169414,66173028
0,26831507049,66276399
0,26833844704,66241849
0,26836182339,66336617
0,26838519975,66419539
0,26840857629,66367096
0,26843195265,66446209
0,26845532901,66765432
0,26847870555,67044753
0,26850208190,67289158
0,26852545826,67503013
0,26854883480,67690136
0,26857221116,67853869
0,26859558752,67997135
0,26861896406,68122493
0,26864234041,68232181
0,26866571677,68328158
0,26868909331,68412138
0,26871246967,68360620
0,26873584603,68315542
0,26875922257,68151099
0,26878259892,68132211
0,26880597528,68115684
0,26882935182,67976223
0,26885272818,67979195
0,26887610454,67981795
0,26889948108,67859070
0,26892285744,67876686
0,26894623379,67892100
0,26896961033,67780587
0,26899298669,67808013
0,26901636305,67832011
0,26903973959,67728009
0,26906311595,67762007
0,26908649230,67791756
0,26910986885,67692786
0,26913324520,67731187
0,26915662156,67764788
0,26917999810,67669189
0,26920337446,67710540
0,26922675081,67746722
0,26925012736,67778381
0,26927350371,67806083
0,26929688007,67830322
0,26932025661,67851531
0,26934363297,67870089
0,26936700932,67886327
0,26939038587,67900536
0,26941376222,67912969
0,26943713858,67923847
0,26946051512,67933366
0,26948389148,67941695
0,26950726783,67948983
0,26953064438,67955360
0,26955402073,67960940
0,26957739728,67965822
0,26960077363,67970094
0,26962414999,67973832
0,26964752653,67977103
0,26967090289,67979965
0,26969427924,67982469
0,26971765579,67984660
0,26974103214,67986577
0,26976440850,67988254
0,26978778504,67989722
0,26982263358,68116006
0,26984600993,68226505
0,26986938647,68323191
0,26989276283,68407792
0,26991613919,68481818
0,26993951573,68421590
0,26996289209,68493891
0,26998626844,68557154
0,27000964499,68487509
0,27003302134,68551570
0,27005639770,68607623
0,27007977424,68531670
0,27010315060,68590211
0,27012652695,68641434
0,27014990350,68561254
0,27016180767,68491097
0,27018518403,68429709
0,27020856057,68250995
0,27023193693,68219620
0,27025531329,68192167
0,27027868983,68043146
0,27030206618,68037752
0,27032544254,68033033
0,27034881908,67903903
0,27037219544,67915915
0,27039557180,67926425
0,27041894834,67810621
0,27044232470,67834293
0,27046570105,67855006
0,27048907760,67623130
0,27051245395,67545238
0,27053583031,67477083
0,27055920685,67292447
0,27058258321,67255891
0,27060595956,67223904
0,27062933611,67070916
0,27065271246,67062051
0,27067608882,67054294
0,27069946536,66922507
0,27072284172,66932193
0,27074621807,66940668
0,27076959462,66823084
0,27080444315,66970198
0,27082781969,67098923
0,27085119605,67336557
0,27087457241,67544487
0,27089794895,67726426
0,27092132531,67885622
0,27094470166,68024919
0,27096807820,68146804
0,27099145456,68253453
0,27101483092,68346771
0,27103820746,68428424
0,27106158382,68499871
0,27108496017,68562387
0,27110833672,68617088
0,27113171307,68664952
0,27115508943,68706833
0,27117846597,68743478
0,27120184233,68775543
0,27122521868,68803600
0,27124859523,68828150
0,27127197158,69224631
0,27129534794,69446552
0,27131872448,69640733
0,27134210084,69935641
0,27136547719,70068685
0,27138885374,70185099
0,27141223009,70411961
0,27143560645,70485465
0,27145898299,70549781
0,27148235935,70731058
0,27150573570,70639675
0,27152911225,70559715
0,27155248860,70489750
0,27157586496,70428531
0,27159924150,70374964
0,27162261786,70328093
0,27164599422,70287081
0,27166937076,70251195
0,27169274712,70219795
0,27171612347,70192320
0,27173950001,70168280
0,27176287637,70147245
0,27178625273,70128839
0,27180962927,70112734
0,27183300563,70098642
0,27185638198,70086311
0,27187975853,70075522
0,27190313488,70066081
0,27192651124,70057820
0,27194988778,70050592
0,27197326414,70044268
0,27199664049,70038734
0,27202001704,70158892
0,27204339339,70139030
0,27206676975,70121651
0,27209014629,70231444
0,27211352265,70202513
0,27213689900,70177198
0,27216027555,70280048
0,27218365190,70245042
0,27220702826,70214411
0,27223040480,70312609
0,27225378116,70273532
0,27227715752,70239340
0,27230053406,70334422
0,27232391042,70292619
0,27234728677,70256041
0,27237066331,70349035
0,27239403967,70305405
0,27241741621,70267229
0,27244079257,70358825
0,27246416893,70313971
0,27248754547,70274724
0,27251092183,70365383
0,27253429818,70319710
0,27255767473,70279746
0,27258105108,70369777
0,27260442744,70323554
0,27262780398,70283109
0,27266265252,70497720
0,27268602887,70560505
0,27270940541,70615441
0,27273278177,70663510
0,27275615813,70705571
0,27277953467,70742374
0,27280291103,70774577
0,27282628738,70802754
0,27284966393,70827409
0,27287304028,70848982
0,27289641664,70867859
0,27291979318,70884376
0,27294316954,70898829
0,27296654589,70911475
0,27298992244,70922540
0,27300182662,70807222
0,27302520297,70706319
0,27304857952,70618029
0,27307195587,70540775
0,27309533223,70473178
0,27311870877,70414030
0,27314208513,70362276
0,27316546148,70316991
0,27318883803,70277367
0,27321221438,70242696
0,27323559074,70212359
0,27325896728,70185814
0,27328234364,70162587
0,27330571999,70142263
0,27332909654,70124480
0,27335247289,69983920
0,27337584925,69860930
0,27339922579,69753313
0,27342260215,69659148
0,27344597851,69576754
0,27346935505,69504659
0,27349273141,69441576
0,27351610776,69386379
0,27353948430,69338081
0,27356286066,69295820
0,27358623702,69258842
0,27360961356,69226486
0,27363298992,69198175
0,27365636627,69173403
0,27369121499,69401727
0,27371459135,69601511
0,27373796789,69776322
0,27376134425,70054281
0,27378472061,70172495
0,27380809715,70275933
0,27383147351,70491441
0,27385484986,70555010
0,27387822641,70610633
0,27390160276,70784303
0,27392497912,70811265
0,27394835566,70834856
0,27397173202,70980499
0,27399510837,70982936
0,27401848492,70985069
0,27404186127,71111935
0,27406523763,71097943
0,27408861417,71085700
0,27411199053,71199987
0,27413536688,71174988
0,27415874343,71153114
0,27418211978,71508974
0,27420549614,71820352
0,27422887268,71967808
0,27425224904,72221832
0,27427562540,72444103
0,27429900194,72513590
0,27432237830,72699391
0,27434575465,72861967
0,27436913120,72879221
0,27439250755,73019318
0,27441588391,72891903
0,27443926045,72780415
0,27446263681,72807863
0,27448601316,72706880
0,27450938971,72618520
0,27453276606,72666205
0,27455614242,72582929
0,27457951896,72510062
0,27460289532,72571304
0,27462627168,72499891
0,27464964822,72437404
0,27467302458,72507728
0,27469640093,72444262
0,27471977748,72388729
0,27474315383,72465137
0,27476653019,72406994
0,27478990673,72356119
0,27481328309,72436604
0,27483665944,72382028
0,27486003599,72459274
0,27488341234,72526864
0,27490678870,72461006
0,27493016524,72528380
0,27495354160,72587332
0,27497691795,72513915
0,27500029450,72574675
0,27502367085,72627840
0,27504704721,72549360
0,27507042375,72605690
0,27509380011,72654978
0,27511717647,72573105
0,27514055301,72626466
0,27516392937,72673157
0,27518730572,72589012
0,27521068227,72640385
0,27523405862,72685336
0,27525743498,72599669
0,27528081152,72649710
0,27530418788,72693496
0,27532756442,72606809
0,27535094078,72655957
0,27537431713,72698962
0,27539769368,72611591
0,27542107003,72660142
0,27544444639,72702624
0,27546782293,72614796
0,27549119929,72662946
0,27551457565,72705077
0,27553795219,72616942
0,27556132855,72664824
0,27558470490,72581721
0,27561955362,72634005
0,27564292998,72804754
0,27566630634,72829159
0,27568968288,72850514
0,27571305924,72994199
0,27573643559,72994924
0,27575981214,72995558
0,27578318849,73121113
0,27580656485,73105973
0,27582994139,73092726
0,27585331775,73206135
0,27587669410,73180368
0,27590007065,73282822
0,27592344700,73372469
0,27594682336,73325910
0,27597019990,73410171
0,27598210408,73358899
0,27600548044,73189036
0,27602885698,73040406
0,27605223334,73035355
0,27607560969,72905935
0,27609898624,72792693
0,27612236259,72818606
0,27614573895,72716280
0,27616911549,72626745
0,27619249185,72673401
0,27621586821,72589225
0,27623924475,72515571
0,27626262111,72576124
0,27628599746,72504108
0,27630937401,72441094
0,27633275036,72385957
0,27635612672,72212712
0,27637950326,72061123
0,27640287962,72053482
0,27642625597,71921796
0,27644963252,71806571
0,27647300887,71830749
0,27649638523,71726905
0,27651976177,71636041
0,27654313813,71681535
0,27656651449,71596343
0,27658989103,71521800
0,27661326739,71456575
0,27663664374,71399503
0,27667149246,71599565
0,27669486882,71649619
0,27671824536,71818416
0,27674162172,72091114
0,27676499808,72329724
0,27678837462,72413508
0,27681175098,72611819
0,27683512733,72785341
0,27685850388,72812173
0,27688188023,72960651
0,27690525659,73090569
0,27692863313,73079247
0,27695200949,73194341
0,27697538584,73295048
0,27699876239,73258167
0,27702213874,73350896
0,27704551510,73432034
0,27706889165,73378029
0,27709226800,73455775
0,27711564436,73523803
0,27713902090,73458327
0,27716239726,73776036
0,27718577361,74054031
0,27720915016,74297277
0,27723252651,74510117
0,27725590287,74696352
0,27727927941,74859308
0,27730265577,75001894
0,27732603213,75126657
0,27734940867,75235824
0,27737278503,75331346
0,27739616138,75414927
0,27741953793,75238061
0,27744291428,75208303
0,27746629064,75182265
0,27748966718,75034481
0,27751304354,75030170
0,27753641989,75026398
0,27755979644,74898098
0,27758317279,74910835
0,27760654915,74921980
0,27762992569,74806732
0,27765330205,74830890
0,27767667841,74852028
0,27770005495,74870524
0,27772343131,74886708
0,27774680766,74900869
0,27777018421,74913260
0,27779356056,74924102
0,27781693692,74933589
0,27784031346,74941890
0,27786368982,74949153
0,27788706618,74955508
0,27791044272,74961069
0,27793381908,74965935
0,27795719543,74970193
0,27798057198,74973918
0,27800394833,74977178
0,27802732469,74980030
0,27805070123,74982526
0,27807407759,74984710
0,27809745394,74986621
0,27812083049,74988293
0,27814420684,74989756
0,27816758339,74991036
0,27819095974,74992156
0,27821433610,74993136
0,27823771264,74993994
0,27826108900,74994744
0,27828446536,74995401
0,27830784190,74995975
0,27833121826,74996478
0,27835459461,74996918
0,27837797116,74997303
0,27840134751,74997640
0,27842472387,74997935
0,27844810041,74873193
0,27847147677,74889043
0,27849485313,74902912
0,27851822967,74790048
0,27854160603,74816292
0,27856498238,74839255
0,27858835893,74734348
0,27861173528,74767554
0,27863511164,74796609
0,27865848818,74697032
0,27869333672,74859903
0,27871671307,75002415
0,27874008962,75127113
0,27876346597,75236223
0,27878684233,75331695
0,27881021887,75415233
0,27883359523,75488328
0,27885697158,75552287
0,27888034813,75608251
0,27890372449,75657219
0,27892710084,75700066
0,27895047739,75737557
0,27897385374,75770362
0,27899723010,75799066
0,27902060664,75824182
0,27904398300,75846159
0,27905588718,75740389
0,27907926372,75522840
0,27910264008,75457485
0,27912601643,75400299
0,27914939298,75225261
0,27917276933,75197103
0,27919614569,75172465
0,27921952223,75025906
0,27924289859,75022667
0,27926627495,75019833
0,27928965149,74892353
0,27931302785,74905808
0,27933640420,74917582
0,27935978075,74802884
0,27938315710,74827523
0,27940653346,74849082
0,27942991000,74617946
0,27945328636,74540702
0,27947666271,74348114
0,27950003926,74304599
0,27952341561,74266524
0,27954679197,74108208
0,27957016851,74094682
0,27959354487,74082846
0,27961692123,73947490
0,27964029777,73954053
0,27966367413,73959796
0,27968705048,73839821
0,27971042703,73859843
0,27973380338,73877362
0,27975717974,73767691
0,27979202846,73921729
0,27981540482,74181512
0,27983878136,74408823
0,27986215772,74607720
0,27988553407,74781755
0,27990891062,74934035
0,27993228697,75067280
0,27995566333,75183870
0,27997903988,75285886
0,28000241623,75375150
0,28002579259,75453256
0,28004916913,75521599
0,28007254549,75581399
0,28009592184,75633724
0,28011929839,75679508
0,28014267474,75719569
0,28016605110,75754622
0,28018942764,75785294
0,28021280400,75812132
0,28023618036,75835615
0,28025955690,76106163
0,28028293326,76342892
0,28030630961,76550030
0,28032968616,76731276
0,28035306251,76889866
0,28037643887,77028632
0,28039981541,77150053
0,28042319177,77256296
0,28044656813,77349259
0,28046994467,77430601
0,28049332103,77501775
0,28051669738,77564053
0,28054007393,77743546
0,28056345028,77650602
0,28058682664,77569276
0,28061020318,77623116
0,28063357954,77545226
0,28065695590,77477072
0,28068033244,77542438
0,28070370880,77474633
0,28072708515,77415303
0,28075046170,77488390
0,28077383805,77427341
0,28079721441,77373923
0,28082059095,77452182
0,28084396731,77395659
0,28086734367,77346201
0,28089072021,77427925
0,28091409657,77374434
0,28093747292,77327629
0,28096084947,77411675
0,28098422582,77360215
0,28100760237,77315188
0,28103097872,77400789
0,28105435508,77350690
0,28107773162,77306853
0,28110110798,77393496
0,28112448434,77344309
0,28114786088,77301270
0,28117123724,77388611
0,28119461359,77340034
0,28121799014,77297529
0,28124136649,77385337
0,28126474285,77337169
0,28128811939,77295022
0,28131149575,77258144
0,28133487211,77225876
0,28135824865,77197641
0,28138162501,77172935
0,28140500136,77151318
0,28142837791,77132403
0,28145175426,77115852
0,28147513062,77101370
0,28149850716,77088698
0,28152188352,77077610
0,28154525988,77067908
0,28156863642,77059419
0,28159201278,77051991
0,28161538913,77045492
0,28163876568,77039805
0,28166214203,77034829
0,28168551839,77030475
0,28170889493,77026665
0,28173227129,77023331
0,28175564765,77020414
0,28177902419,77017862
0,28181387272,77140629
0,28183724908,77248050
0,28186062562,77467043
0,28188400198,77533662
0,28190737834,77591954
0,28193075488,77767959
0,28195413124,77796964
0,28197750759,77822343
0,28200088414,77969550
0,28202426049,77973356
0,28204763704,77976686
0,28207101339,78104600
0,28209438975,78091525
0,28211776630,78080084
0,28214114265,78195073
0,28216451901,78170688
0,28218789555,78149352
0,28219979973,78005683
0,28222317609,77879972
0,28224655244,77769975
0,28226992899,77673728
0,28229330534,77589512
0,28231668170,77515823
0,28234005824,77576345
0,28236343460,77504301
0,28238681096,77441263
0,28241018750,77511105
0,28243356386,77447216
0,28245694021,77391314
0,28248031676,77467399
0,28250369311,77408974
0,28252706947,77357852
0,28255044601,77438120
0,28257382237,77258355
0,28259719873,77101060
0,28262057527,76963427
0,28264395163,76842998
0,28266732798,76737623
0,28269070453,76645420
0,28271408088,76564742
0,28273745724,76494149
0,28276083378,76432380
0,28278421014,76378332
0,28280758668,76331040
0,28283096304,76289660
0,28285433940,76253452
0,28287771594,76221770
0,28290109230,76194048
0,28293594083,76294792
0,28295931738,76382943
0,28298269373,76710075
0,28300607009,76871315
0,28302944663,77012400
0,28305282299,77260850
0,28307619935,77353243
0,28309957589,77434087
0,28312295225,77504826
0,28314632860,77566722
0,28316970515,77620881
0,28319308150,77668270
0,28321645786,77709736
0,28323983440,77746019
0,28326321076,77777766
0,28328658712,77805545
0,28330996366,77829851
0,28333334002,77851119
0,28335671637,77869729
0,28338009292,78011012
0,28340346927,78009635
0,28342684563,78008430
0,28345022217,78132376
0,28347359853,78490829
0,28349697489,78679475
0,28352035143,78969540
0,28354372779,79223347
0,28356710414,79320428
0,28359048069,79530374
0,28361385704,79714077
0,28363723340,79749817
0,28366060994,79906089
0,28368398630,80042827
0,28370736266,80037473
0,28373073920,80032788
0,28375411556,80028689
0,28377749191,79900102
0,28380086846,79912589
0,28382424481,79923515
0,28384762136,79808075
0,28387099772,79832065
0,28389437407,79853056
0,28391775062,79746424
0,28394112697,79778121
0,28396450333,79805855
0,28398787987,79705123
0,28401125623,79741982
0,28403463259,79774234
0,28405800913,79677454
0,28408138549,79717772
0,28410476184,79753050
0,28412813839,79658918
0,28415151474,79701553
0,28417489110,79613858
0,28419826764,79537125
0,28422164400,79594984
0,28424502036,79520611
0,28426839690,79455534
0,28429177326,79523592
0,28431514961,79458143
0,28433852616,79400875
0,28436190251,79475765
0,28438527887,79416294
0,28440865541,79364257
0,28443203177,79443724
0,28445540813,79388258
0,28447878467,79339725
0,28450216103,79422259
0,28452553738,79369476
0,28454891393,79323291
0,28457229029,79407879
0,28459566664,79356894
0,28461904319,79312282
0,28464241954,79398246
0,28466579590,79348465
0,28468917244,79304906
0,28471254880,79391792
0,28473592516,79342818
0,28475930170,79299965
0,28478267806,79387469
0,28480605441,79339035
0,28482943096,79296655
0,28485280731,79384573
0,28487618367,79336501
0,28489956021,79294438
0,28492293657,79382633
0,28494631293,79334803
0,28496968947,79292952
0,28499306583,79381333
0,28501644218,79333666
0,28503981873,79291957
0,28506319508,79380462
0,28509804381,79457904
0,28512142016,79650666
0,28514479652,79819332
0,28516817306,79841915
0,28519154942,79986675
0,28521492578,80113340
0,28523830232,80099172
0,28526167868,80211775
0,28528505503,80310303
0,28530843158,80271515
0,28533180793,80362575
0,28535518429,80442253
0,28537856084,80386971
0,28540193719,80463599
0,28542531355,80530649
0,28544869009,80464317
0,28547206645,80531277
0,28548397063,80464867
0,28550734698,80281758
0,28553072353,80246538
0,28555409988,80215720
0,28557747624,80063755
0,28560085278,80055785
0,28562422914,80048811
0,28564760550,79917709
0,28567098204,79927995
0,28569435840,79936995
0,28571773494,79819870
0,28574111130,79842386
0,28576448766,79862087
0,28578786420,79754326
0,28581124056,79785035
0,28583461691,79811905
0,28585799346,79710416
0,28588136981,79621614
0,28590474617,79418912
0,28592812271,79241548
0,28595149907,79211354
0,28597487543,79059934
0,28599825197,78927442
0,28602162833,78936511
0,28604500468,78819447
0,28606838123,78717016
0,28609175758,78752389
0,28611513394,78658340
0,28613851049,78576047
0,28616188684,78629041
0,28618526320,78550410
0,28620863974,78481608
0,28623201610,78546407
0,28626686463,78603106
0,28629024118,78902717
0,28631361753,79164877
0,28633699389,79269267
0,28636037044,79485608
0,28638374679,79674907
0,28640712315,79715543
0,28643049969,79876100
0,28645387605,80016587
0,28647725241,80014513
0,28650062895,80137698
0,28652400531,80245485
0,28654738166,80214799
0,28657075821,80312949
0,28659413456,80398830
0,28661751092,80348976
0,28664088746,80430354
0,28666426382,80501559
0,28668764018,80438864
0,28671101672,80509006
0,28673439308,80820380
0,28675776962,81092832
0,28678114598,81331228
0,28680452233,81539824
0,28682789888,81722346
0,28685127524,81882052
0,28687465159,82021795
0,28689802814,82144070
0,28692140449,82251061
0,28694478085,82344678
0,28696815739,82426593
0,28699153375,82498268
0,28701491011,82560984
0,28703828665,82615861
0,28706166301,82663878
0,28708503936,82580893
0,28710841591,82383281
0,28713179226,82335370
0,28715516862,82293448
0,28717854517,82131767
0,28720192152,82115296
0,28722529788,82100884
0,28724867442,81963273
0,28727205078,81967863
0,28729542714,81971880
0,28731880368,81850395
0,28734218004,81869095
0,28736555639,81885458
0,28738893294,81774775
0,28741230929,81802928
0,28743568565,81827562
0,28745906219,81724116
0,28748243855,81758601
0,28750581491,81788775
0,28752919145,81690178
0,28755256781,81728905
0,28757594417,81762791
0,28759932071,81667442
0,28762269707,81709011
0,28764607342,81745384
0,28766944997,81652211
0,28769282632,81695684
0,28771620268,81733723
0,28773957922,81642007
0,28776295558,81686756
0,28778633194,81725911
0,28780970848,81635172
0,28783308484,81680775
0,28785646119,81720678
0,28787983774,81630593
0,28790321410,81676768
0,28792659045,81717172
0,28794996700,81627525
0,28797334335,81674084
0,28799671971,81714823
0,28802009625,81750470
0,28804347261,81781661
0,28806684897,81808953
0,28809022551,81832833
0,28811360187,81853728
0,28813697822,81872012
0,28816035477,81888010
0,28818373113,81902008
0,28820710748,81914257
0,28823048403,81924974
0,28825386038,81934352
0,28827723674,81942558
0,28830061328,81949738
0,28832398964,81956020
0,28834736600,81961517
0,28837074254,81966327
0,28840559108,82095536
0,28842896762,82208594
0,28845234398,82307519
0,28847572033,82394079
0,28849909688,82469819
0,28852247323,82536091
0,28854584959,82594079
0,28856922613,82644819
0,28859260249,82689216
0,28861597885,82728064
0,28863935539,82762056
0,28866273175,82791799
0,28868610811,82817824
0,28870948465,82840596
0,28873286101,82860521
0,28875623736,82877955
0,28877961391,82893210
0,28880299026,82906558
0,28881489444,82793238
0,28883827099,82569083
0,28886164734,82497947
0,28888502370,82435703
0,28890840024,82256240
0,28893177660,82224210
0,28895515296,82196183
0,28897852950,82046660
0,28900190586,82040827
0,28902528221,82035723
0,28904865876,81906257
0,28907203512,81917974
0,28909541147,81928227
0,28911878802,81812198
0,28914216437,81835673
0,28916554073,81856213
0,28918891727,81749186
0,28921229363,81655537
0,28923566999,81573594
0,28925904653,81376894
0,28928242289,81329782
0,28930579924,81288559
0,28932917579,81127489
0,28935255215,81111552
0,28937592850,81097608
0,28939930505,80960407
0,28942268140,80965356
0,28944605776,80969686
0,28946943430,80848475
0,28949281066,80867415
0,28951618702,80883988
0,28953956356,80773489
0,28956293992,80801802
0,28959778864,80951576
0,28962116500,81082629
0,28964454135,81322300
0,28966791790,81532012
0,28969129426,81715510
0,28971467061,81876071
0,28973804716,82016562
0,28976142351,82139491
0,28978479987,82247054
0,28980817641,82341172
0,28983155277,82423525
0,28985492913,82495584
0,28987830567,82558636
0,28990168203,82613806
0,28992505838,82662080
0,28994843493,82704320
0,28997181129,82741280
0,28999518764,82773620
0,29001856419,82801917
0,29004194054,82826677
0,29006531690,82848342
0,29008869344,82867299
0,29011206980,82883886
0,29013544616,82898400
0,29015882270,83161100
0,29018219906,83515962
0,29020557541,83701466
0,29022895196,83863782
0,29025232832,84130809
0,29027570467,84239457
0,29029908122,84334524
0,29032245757,84542708
0,29034583393,84599869
0,29036921048,84649885
0,29039258683,84818649
0,29041596319,84841317
0,29043933973,84736152
0,29046271609,84644133
0,29048609245,84563616
0,29050946899,84493164
0,29053284535,84431518
0,29055622170,84377578
0,29057959825,84330380
0,29060297460,84289082
0,29062635096,84252946
0,29064972751,84221327
0,29067310386,84193661
0,29069648022,84169453
0,29071985676,84148271
0,29074323312,84129737
0,29076660948,84113519
0,29078998602,84099329
0,29081336238,84086912
0,29083673873,84076048
0,29086011528,84191542
0,29088349164,84167599
0,29090686799,84146649
0,29093024454,84253317
0,29095362089,84221652
0,29097699725,84193945
0,29100037379,84294701
0,29102375015,84257863
0,29104712651,84225630
0,29107050305,84322426
0,29109387941,84282122
0,29111725576,84246856
0,29114063231,84340999
0,29116400867,84298374
0,29118738502,84261077
0,29121076157,84353442
0,29123413792,84309261
0,29125751428,84270603
0,29128089083,84361777
0,29130426718,84316554
0,29132764354,84276984
0,29135102008,84367361
0,29137439644,84321440
0,29139777298,84281260
0,29142114934,84371102
0,29144452570,84324714
0,29146790224,84284124
0,29149127860,84373608
0,29151465496,84326907
0,29153803150,84286043
0,29156140786,84375287
0,29158478421,84328376
0,29160816076,84287329
0,29163153711,84376412
0,29165491347,84329360
0,29167829002,84288190
0,29170166637,84252166
0,29172504273,84220645
0,29174841927,84193064
0,29177179563,84168931
0,29179517199,84147814
0,29181854853,84129337
0,29184192489,84113169
0,29187677342,84224022
0,29190014997,84446019
0,29192352632,84515266
0,29194690268,84575857
0,29197027923,84753874
0,29199365558,84784639
0,29201703194,84811559
0,29204040848,84960114
0,29206378484,84965099
0,29208716120,84969461
0,29211053774,85098278
0,29213391410,85085993
0,29215729045,85075243
0,29218066700,85190837
0,29220404336,85166982
0,29222741971,85146109
0,29225079626,85252845
0,29227417261,85221239
0,29228607679,85068584
0,29230945334,84935011
0,29233282969,84818134
0,29235620605,84715867
0,29237958259,84626383
0,29240295895,84548085
0,29242633531,84479574
0,29244971185,84419627
0,29247308821,84367173
0,29249646456,84321276
0,29251984111,84281116
0,29254321747,84245976
0,29256659382,84215229
0,29258997037,84188325
0,29261334672,84164784
0,29263672308,84144186
0,29266009963,84251162
0,29268347598,84219766
0,29270685234,84067295
0,29273022888,83933883
0,29275360524,83817147
0,29277698160,83715003
0,29280035814,83625627
0,29282373450,83547423
0,29284711085,83478995
0,29287048740,83419120
0,29289386376,83366730
0,29291724011,83320888
0,29294061666,83280777
0,29296399301,83245679
0,29298736937,83214969
0,29301074592,83188097
0,29303412227,83164584
0,29305749863,83144011
0,29308087517,83126009
0,29311572371,83235257
0,29313910025,83455849
0,29316247661,83773867
0,29318585297,83927133
0,29320922951,84061241
0,29323260587,84303585
0,29325598222,84390636
0,29327935877,84466806
0,29330273513,84658455
0,29332611148,84701148
0,29334948803,84738504
0,29337286438,84896191
0,29339624074,84909167
0,29341961728,84920521
0,29344299364,85055455
0,29346637000,85048523
0,29348974654,85042457
0,29351312290,85037149
0,29353649926,85032505
0,29355987580,85028441
0,29358325216,85024885
0,29360662851,85021774
0,29363000506,85394052
0,29365338142,85719795
0,29367675777,85879820
0,29370013432,86144842
0,29372351067,86376736
0,29374688703,86454644
0,29377026358,86647813
0,29379363993,86816836
0,29381701629,86839731
0,29384039283,86984764
0,29386376919,87111668
0,29388714555,87097709
0,29391052209,87210495
0,29393389845,87309183
0,29395727480,87270535
0,29398065135,87236718
0,29400402771,87207128
0,29402740406,87056237
0,29405078061,87049207
0,29407415696,87043056
0,29409753332,86912674
0,29412090987,86923589
0,29414428622,86933140
0,29416766258,86816497
0,29419103912,86839434
0,29421441548,86859504
0,29423779184,86752066
0,29426116838,86783057
0,29428454474,86810174
0,29430792128,86708902
0,29433129764,86745289
0,29435467400,86777127
0,29437805054,86679986
0,29440142690,86719987
0,29442480325,86754988
0,29444817980,86660614
0,29447155616,86703037
0,29449493251,86615157
0,29451830906,86538262
0,29454168541,86595979
0,29456506177,86521481
0,29458843832,86456295
0,29461181467,86524258
0,29463519103,86458725
0,29465856757,86401384
0,29468194393,86476211
0,29470532029,86416684
0,29472869683,86364598
0,29475207319,86444023
0,29477544955,86388520
0,29479882609,86339955
0,29482220245,86422460
0,29484557880,86369652
0,29486895535,86323445
0,29489233170,86408014
0,29491570806,86357012
0,29493908461,86312385
0,29496246096,86398336
0,29498583732,86348544
0,29500921386,86304976
0,29503259022,86391854
0,29505596658,86342872
0,29507934312,86300013
0,29510271948,86387511
0,29512609584,86339072
0,29514947238,86296688
0,29517284874,86384602
0,29519622509,86336526
0,29521960164,86294460
0,29524297800,86382652
0,29526635435,86334820
0,29528973090,86292967
0,29531310725,86381346
0,29533648361,86333677
0,29535986016,86291967
0,29539470869,86505471
0,29541808524,86567287
0,29544146159,86746376
0,29546483795,86903079
0,29548821449,86915194
0,29551159085,87050794
0,29553496721,87169444
0,29555834375,87148263
0,29558172011,87254730
0,29560509647,87347888
0,29562847301,87304402
0,29565184937,87391351
0,29567522572,87467432
0,29569860227,87409003
0,29572197863,87482877
0,29574535498,87547517
0,29576873153,87479077
0,29579210788,87544192
0,29581548424,87601168
0,29582738842,87401022
0,29585076496,87350894
0,29587414132,87307032
0,29589751768,87143653
0,29592089422,87125696
0,29594427058,87109984
0,29596764694,86971236
0,29599102348,86974831
0,29601439984,86977977
0,29603777619,86855729
0,29606115274,86873762
0,29608452909,86889541
0,29610790564,86778348
0,29613128200,86806054
0,29615465835,86830297
0,29617803490,86726509
0,29620141125,86760695
0,29622478761,86790608
0,29624816416,86566782
0,29627154051,86495934
0,29629491687,86308942
0,29631829341,86145324
0,29634166977,86127158
0,29636504613,85986263
0,29638842267,85862980
0,29641179903,85880107
0,29643517539,85770093
0,29645855193,85673831
0,29648192829,85714602
0,29650530464,85625276
0,29652868119,85547116
0,29655205755,85603726
0,29657543390,85528260
0,29659881045,85462227
0,29662218681,85529448
0,29664556316,85463267
0,29668041189,85655358
0,29670378824,85948438
0,29672716460,86079883
0,29675054114,86319897
0,29677391750,86529909
0,29679729386,86588670
0,29682067040,86765086
0,29684404676,86919450
0,29686742312,86929518
0,29689079966,87063328
0,29691417602,87180412
0,29693755237,87157860
0,29696092892,87263127
0,29698430528,87355236
0,29700768163,87310831
0,29703105818,87396977
0,29705443453,87472354
0,29707781089,87413309
0,29710118744,87486645
0,29712456379,87550814
0,29714794034,87481962
0,29717131669,87546716
0,29719469305,87603376
0,29721806960,87527954
0,29724144595,87836959
0,29726482231,88107339
0,29728819885,88343921
0,29731157521,88550930
0,29733495157,88732063
0,29735832811,88890555
0,29738170447,89029235
0,29740508083,89150580
0,29742845737,89256757
0,29745183373,89349662
0,29747521008,89430954
0,29749858663,89502084
0,29752196299,89564323
0,29754533934,89618782
0,29756871589,89416434
0,29759209224,89364379
0,29761546860,89318831
0,29763884515,89153977
0,29766222150,89134729
0,29768559786,89117887
0,29770897440,88978151
0,29773235076,88980882
0,29775572712,88983271
0,29777910366,88860362
0,29780248002,88877816
0,29782585638,88893089
0,29784923292,88781452
0,29787260928,88808770
0,29789598564,88832673
0,29791936218,88728588
0,29794273854,88762514
0,29796611489,88792199
0,29798949144,88693174
0,29801286780,88731527
0,29803624415,88765086
0,29805962070,88669450
0,29808299705,88710768
0,29810637341,88746922
0,29812974996,88653556
0,29815312631,88696861
0,29817650267,88734753
0,29819987921,88642908
0,29822325557,88687544
0,29824663193,88726601
0,29827000847,88760775
0,29829338483,88790678
0,29831676119,88816843
0,29834013773,88839737
0,29836351409,88859769
0,29838689045,88877297
0,29841026699,88892634
0,29843364335,88906054
0,29845701970,88917797
0,29848039625,88928072
0,29850377261,88937063
0,29852714896,88944930
0,29855052551,88951813
0,29857390186,88957836
0,29859727822,88963106
0,29862065477,88967717
0,29864403112,88971752
0,29866740748,88975283
0,29869078402,88978372
0,29871416038,88981075
0,29873753674,88983440
0,29876091328,88985510
0,29878428964,88987321
0,29880766600,88988905
0,29883104254,88990291
0,29885441890,88991504
0,29887779526,88992566
0,29890117180,88993495
0,29892454816,88994308
0,29894792470,88995019
0,29897130106,88995641
0,29899467742,88996185
0,29901805396,88996661
0,29905290250,89122078
0,29907627885,89231818
0,29909965540,89327840
0,29912303175,89411860
0,29914640811,89485377
0,29916978466,89424704
0,29919316101,89496616
0,29921653737,89559539
0,29923991392,89489596
0,29926329027,89553396
0,29928666663,89609221
0,29931004317,89658068
0,29933341953,89700809
0,29935679589,89738207
0,29938017243,89770931
0,29940354879,89799564
0,29942692515,89824618
0,29945030169,89846540
0,29947367805,89865722
0,29948558223,89757506
0,29950895877,89537817
0,29953233513,89470589
0,29955571149,89411765
0,29957908803,89235294
0,29960246439,89205882
0,29962584074,89180146
0,29964921729,89032627
0,29967259365,89028548
0,29969597000,89024979
0,29971934655,88896856
0,29974272290,88909749
0,29976609926,88921030
0,29978947581,88805901
0,29981285216,88830163
0,29983622852,88851392
0,29985960507,88744968
0,29988298142,88776847
0,29990635778,88804741
0,29992973432,88579148
0,29995311068,88506754
0,29997648704,88443409
0,29999986358,88262982
0,30002323994,88230109
0,30004661630,88201345
0,30006999284,88051176
0,30009336920,88044779
0,30011674556,88039181
0,30014012210,88034283
0,30016349846,88029997
0,30018687481,87901247
0,30021025136,87913591
0,30023362772,87924392
0,30025700407,87808843
0,30028038062,87832737
0,30030375697,87853644
0,30032713333,87746938
0,30036198206,87903570
0,30038535841,88165623
0,30040873496,88394920
0,30043211131,88595555
0,30045548767,88771110
0,30047886422,88924721
0,30050224057,89059130
0,30052561693,89176738
0,30054899347,89279645
0,30057236983,89369689
0,30059574619,89448477
0,30061912273,89517417
0,30064249909,89577739
0,30066587545,89630521
0,30068925199,89676705
0,30071262835,89717116
0,30073600471,89752476
0,30075938125,89783416
0,30078275761,89810489
0,30080613396,89834177
0,30082951051,89854904
0,30085288687,89873041
0,30087626322,89888910
0,30089963977,90152796
0,30092301613,90508696
0,30094639248,90695109
0,30096976903,90858220
0,30099314538,91125942
0,30101652174,91235199
0,30103989829,91330799
0,30106327464,91414449
0,30108665100,91487642
0,30111002755,91676686
0,30113340390,91717100
0,30115678026,91752462
0,30118015680,91908404
0,30120353316,91919853
0,30122690952,91929871
0,30125028606,92063637
0,30127366242,91930682
0,30129703878,91814346
0,30132041532,91837552
0,30134379168,91732858
0,30136716804,91641250
0,30139054458,91686093
0,30141392094,91600331
0,30143729729,91525289
0,30146067384,91584627
0,30148405020,91511548
0,30150742655,91447604
0,30153080310,91516653
0,30155417946,91452071
0,30157755581,91395562
0,30160093236,91471116
0,30162430871,91412226
0,30164768507,91360697
0,30167106162,91440609
0,30169443797,91385532
0,30171781433,91337340
0,30174119088,91420172
0,30176456723,91367650
0,30178794378,91321693
0,30181132013,91406481
0,30183469649,91355670
0,30185807304,91311211
0,30188144939,91397309
0,30190482575,91347645
0,30192820230,91304189
0,30195157865,91391165
0,30197495501,91342269
0,30199833155,91299485
0,30202170791,91262049
0,30204508427,91229292
0,30206846081,91200630
0,30209183717,91175551
0,30211521353,91153607
0,30213859007,91134406
0,30216196643,91117605
0,30218534279,91102904
0,30220871933,91090041
0,30223209569,91078785
0,30225547205,91068936
0,30227884859,91060319
0,30230222495,91052779
0,30232560130,91046181
0,30234897785,91040408
0,30237235421,91035357
0,30239573056,91030937
0,30241910711,91027069
0,30244248347,91023685
0,30246585982,91020724
0,30248923637,91018133
0,30251261272,91015866
0,30253598908,91013882
0,30255936563,91012146
0,30258274198,91010627
0,30260611834,91009298
0,30262949489,91008135
0,30265287124,91007118
0,30267624760,91006228
0,30269962415,91005449
0,30272300050,91004767
0,30274637686,91004171
0,30276975340,91003649
0,30280460194,91128192
0,30282797848,91237168
0,30285135484,91457522
0,30287473120,91525331
0,30289810774,91584664
0,30292148410,91761581
0,30294486046,91791383
0,30296823700,91817460
0,30299161336,91965277
0,30301498972,91969617
0,30303836626,91973414
0,30306174262,92101737
0,30308511898,92089019
0,30310849552,92077891
0,30313187188,92193154
0,30315524824,92169009
0,30317862478,92147882
0,30320200114,92254396
0,30322537749,92222596
0,30324875404,92194771
0,30326065822,92170424
0,30328403457,92024121
0,30330741093,91896105
0,30333078748,91909091
0,30335416383,91795454
0,30337754019,91696022
0,30340091674,91734019
0,30342429309,91642266
0,30344766945,91561982
0,30347104600,91616734
0,30349442235,91539642
0,30351779871,91472186
0,30354117525,91538162
0,30356455161,91470891
0,30358792797,91412029
0,30361130451,91485525
0,30363468087,91424834
0,30365805742,91371729
0,30368143377,91450262
0,30370481013,91268979
0,30372818668,91110356
0,30375156303,90971561
0,30377493939,90850115
0,30379831593,90743850
0,30382169229,90650868
0,30384506865,90569509
0,30386844519,90498320
0,30389182155,90436030
0,30391519791,90381526
0,30393857445,90333835
0,30396195081,90292105
0,30398532717,90255591
0,30400870371,90223642
0,30403208007,90195686
0,30405545643,90171225
0,30407883297,90149821
0,30410220933,90131093
0,30412558569,90114706
0,30416043441,90350367
0,30418381077,90556571
0,30420718712,90736999
0,30423056367,91019874
0,30425394003,91142389
0,30427731638,91249590
0,30430069293,91468391
0,30432406928,91534842
0,30434744564,91592986
0,30437082219,91768862
0,30439419854,91797754
0,30441757490,91823034
0,30444095145,91970154
0,30446432780,91973884
0,30448770416,91977148
0,30451108071,92105004
0,30453445706,92091878
0,30455783342,92080393
0,30458120996,92195343
0,30460458632,92170925
0,30462796268,92149559
0,30465133922,92255864
0,30467471558,92223881
0,30469809213,92195895
0,30472146848,92546408
0,30474484484,92853107
0,30476822139,92996468
0,30479159774,93246909
0,30481497410,93466045
0,30483835064,93532789
0,30486172700,93716190
0,30488510336,93876666
0,30490847990,93892082
0,30493185626,94030571
0,30495523262,94151749
0,30497860916,94132780
0,30500198552,94241182
0,30502536188,94336034
0,30504873842,94294029
0,30507211478,94382275
0,30509549114,94209490
0,30511886768,94058303
0,30514224404,94051015
0,30516562040,93919638
0,30518899694,93804683
0,30521237330,93829097
0,30523574966,93725459
0,30525912620,93634776
0,30528250256,93680429
0,30530587891,93595375
0,30532925546,93520953
0,30535263182,93580833
0,30537600817,93508228
0,30539938472,93444699
0,30542276108,93514111
0,30544613743,93449847
0,30546951398,93393616
0,30549289034,93469414
0,30551626669,93410737
0,30553964324,93359394
0,30556301960,93439469
0,30558639595,93384535
0,30560977250,93336468
0,30563314885,93419409
0,30565652521,93366982
0,30567990176,93321109
0,30570327811,93405970
0,30572665447,93355223
0,30575003102,93435820
0,30577340737,93506342
0,30579678373,93443049
0,30582016028,93512667
0,30584353663,93573583
0,30586691299,93501885
0,30589028954,93564149
0,30591366589,93618630
0,30593704225,93541301
0,30596041879,93598638
0,30598379515,93648808
0,30600717151,93567707
0,30603054805,93621743
0,30605392441,93669025
0,30607730077,93585396
0,30610067731,93637221
0,30612405367,93682568
0,30614743003,93597247
0,30617080657,93647591
0,30619418293,93691642
0,30621755929,93605186
0,30624093583,93654537
0,30626431219,93697719
0,30628768855,93610504
0,30631106509,93659191
0,30633444145,93701792
0,30635781781,93614068
0,30638119435,93662309
0,30640457071,93704520
0,30642794707,93616455
0,30645132361,93664398
0,30647469997,93706348
0,30649807651,93618054
0,30652145287,93665797
0,30654482923,93707572
0,30656820577,93619125
0,30659158213,93666734
0,30662643067,93833392
0,30664980721,93854218
0,30667318357,93997440
0,30669655992,93997760
0,30671993647,93998040
0,30674331283,94123285
0,30676668918,94107874
0,30679006573,94219389
0,30681344209,94316965
0,30683681844,94277344
0,30686019499,94367676
0,30688357135,94446716
0,30690694770,94390876
0,30693032425,94467016
0,30695370061,94533639
0,30697707696,94466934
0,30700045351,94533567
0,30702382987,94591871
0,30704720622,94517887
0,30707058277,94578151
0,30708248695,94505882
0,30710586330,94317646
0,30712923985,94152940
0,30715261621,94133822
0,30717599256,93992094
0,30719936911,93868082
0,30722274547,93884571
0,30724612182,93773999
0,30726949837,93677249
0,30729287473,93717592
0,30731625108,93627893
0,30733962763,93549406
0,30736300398,93605730
0,30738638034,93530013
0,30740975689,93463761
0,30743313324,93530790
0,30745650960,93464441
0,30747988615,93406385
0,30750326250,93480586
0,30752663886,93420512
0,30755001541,93367948
0,30757339176,93321954
0,30759676812,93156709
0,30762014467,93137120
0,30764352102,93119980
0,30766689738,92979982
0,30769027393,92982484
0,30771365028,92859673
0,30773702664,92752213
0,30776040319,92783186
0,30778377954,92685287
0,30780715590,92599626
0,30783053245,92649672
0,30785390880,92568463
0,30787728516,92497405
0,30790066170,92560229
0,30792403806,92490200
0,30794741442,92428925
0,30797079096,92500309
0,30799416732,92437770
0,30802901605,92633048
0,30805239240,92928917
0,30807576876,93187802
0,30809914531,93289326
0,30812252166,93503160
0,30814589802,93690265
0,30816927456,93728981
0,30819265092,93887858
0,30821602728,94026875
0,30823940382,94023515
0,30826278018,94145575
0,30828615654,94252378
0,30830953308,94220830
0,30833290944,94318226
0,30835628580,94403447
0,30837966234,94353016
0,30840303870,94433889
0,30842641506,94504652
0,30844979160,94441570
0,30847316796,94511373
0,30849654432,94447451
0,30851992086,94391519
0,30854329722,94467579
0,30856667358,94784131
0,30859005012,95061114
0,30861342648,95303474
0,30863680284,95515539
0,30866017938,95701096
0,30868355574,95863459
0,30870693210,96005526
0,30873030864,96129835
0,30875368500,96238605
0,30877706136,96333779
0,30880043790,96417056
0,30882381426,96489924
0,30884719062,96553683
0,30887056716,96609472
0,30889394352,96658288
0,30891731988,96701002
0,30894069642,96738376
0,30896407278,96771079
0,30898744914,96674694
0,30901082568,96590357
0,30903420204,96516562
0,30905757840,96451991
0,30908095494,96395492
0,30910433130,96346055
0,30912770766,96302798
0,30915108420,96264948
0,30917446056,96231829
0,30919783692,96202850
0,30922121346,96177493
0,30924458982,96155306
0,30926796618,96135892
0,30929134272,96118905
0,30931471908,96104041
0,30933809562,96091035
0,30936147198,96079655
0,30938484834,96069698
0,30940822488,96060985
0,30943160124,96053361
0,30945497760,96046690
0,30947835414,96040853
0,30950173050,96035746
0,30952510686,96031277
0,30954848340,95902367
0,30957185976,95914571
0,30959523612,95925249
0,30961861266,95809592
0,30964198902,95833393
0,30966536538,95854218
0,30968874192,95747440
0,30971211828,95779010
0,30973549464,95806633
0,30975887118,95705803
0,30978224754,95742577
0,30980562390,95774754
0,30982900044,95677909
0,30985237680,95718170
0,30987575316,95753398
0,30989912970,95659223
0,30992250606,95701820
0,30994588242,95739092
0,30996925896,95646705
0,30999263532,95690866
0,31001601168,95729507
0,31003938822,95638318
0,31006276458,95683528
0,31008614094,95723087
0,31010951748,95632701
0,31013289384,95678613
0,31015627020,95718786
0,31017964674,95628937
0,31020302310,95675319
0,31022639946,95715904
0,31024977600,95626416
0,31027315236,95673114
0,31029652872,95713974
0,31031990526,95624727
0,31034328162,95671636
0,31036665798,95712681
0,31039003452,95748595
0,31041341088,95780020
0,31043678724,95807517
0,31046016378,95831577
0,31048354014,95852629
0,31050691650,95871050
0,31053029304,95887168
0,31056514158,96026272
0,31058851812,96147988
0,31061189448,96254489
0,31063527084,96347677
0,31065864738,96429217
0,31068202374,96500564
0,31070540010,96562993
0,31072877664,96617618
0,31075215300,96665415
0,31077552936,96707238
0,31079890590,96743833
0,31082228226,96775853
0,31084565862,96803871
0,31086903516,96828387
0,31089241152,96849838
0,31091578788,96868608
0,31093916442,96885032
0,31096254078,96899403
0,31098591714,96911977
0,31100929368,96922979
0,31103267004,96932606
0,31104457422,96816030
0,31106795058,96714026
0,31109132712,96624772
0,31111470348,96546675
0,31113807984,96478340
0,31116145638,96418547
0,31118483274,96366228
0,31120820928,96320449
0,31123158564,96280392
0,31125496200,96245343
0,31127833854,96214675
0,31130171490,96187840
0,31132509126,96164360
0,31134846780,96018815
0,31137184416,96016463
0,31139522052,96014405
0,31141859706,95887604
0,31144197342,95901653
0,31146534978,95913946
0,31148872632,95799702
0,31151210268,95699739
0,31153547904,95612271
0,31155885558,95410737
0,31158223194,95359394
0,31160560830,95314469
0,31162898484,95150160
0,31165236120,95131390
0,31167573756,95114966
0,31169911410,94975595
0,31172249046,94978645
0,31174586682,94981314
0,31176924336,94858649
0,31179261972,94876317
0,31181599608,94891777
0,31183937262,94780304
0,31186274898,94807766
0,31188612534,94831795
0,31190950189,94727820
0,31193287824,94761842
0,31195625460,94791611
0,31199110332,94942659
0,31201447968,95199826
0,31203785604,95424847
0,31206123258,95621741
0,31208460894,95794023
0,31210798530,95944770
0,31213136184,96076673
0,31215473820,96192088
0,31217811456,96293077
0,31220149110,96381442
0,31222486746,96458761
0,31224824401,96526415
0,31227162036,96585613
0,31229499672,96637411
0,31231837327,96682734
0,31234174962,96722392
0,31236512598,96757093
0,31238850253,96787456
0,31241187888,96814024
0,31243525524,96837271
0,31245863179,96857612
0,31248200814,96875410
0,31250538450,96890983
0,31252876105,96904610
0,31255213740,96916533
0,31257551376,96926966
0,31259889031,97186095
0,31262226667,97537833
0,31264564302,97720603
0,31266901957,97880527
0,31269239593,98145461
0,31271577228,98252278
0,31273914883,98345743
0,31276252519,98552525
0,31278590154,98608459
0,31280927809,98657401
0,31283265445,98825225
0,31285603080,98847071
0,31287940735,98866187
0,31290278371,99007913
0,31292616006,99006923
0,31294953661,99006057
0,31297291297,98880299
0,31299628932,98770261
0,31301966587,98673978
0,31304304223,98589730
0,31306641858,98516013
0,31308979513,98451511
0,31311317149,98395072
0,31313654784,98345688
0,31315992439,98302477
0,31318330075,98264667
0,31320667710,98231583
0,31323005365,98327635
0,31325343001,98286680
0,31327680636,98250845
0,31330018291,98344489
0,31332355927,98301427
0,31334693562,98263748
0,31337031217,98355779
0,31339368853,98311306
0,31341706488,98272392
0,31344044143,98363343
0,31346381779,98317925
0,31348719415,98278184
0,31351057069,98368411
0,31353394705,98322359
0,31355732341,98282064
0,31358069995,98371806
0,31360407631,98325330
0,31362745267,98284663
0,31365082921,98374080
0,31367420557,98327320
0,31369758193,98286405
0,31372095847,98375604
0,31374433483,98328653
0,31376771119,98287571
0,31379108773,98376624
0,31381446409,98329546
0,31383784045,98288352
0,31386121699,98377308
0,31388459335,98330144
0,31390796971,98288876
0,31393134625,98377766
0,31395472261,98330545
0,31397809897,98289226
0,31400147551,98378072
0,31402485187,98330813
0,31404822842,98289461
0,31407160477,98378278
0,31409498113,98330993
0,31411835768,98289618
0,31414173403,98378415
0,31416511039,98331113
0,31418848694,98289723
0,31421186329,98253507
0,31423523965,98221818
0,31425861620,98194090
0,31428199255,98169828
0,31430536891,98148599
0,31432874546,98130024
0,31435212181,98113771
0,31437549817,98099549
0,31439887472,98087105
0,31442225108,98076216
0,31444562743,98066689
0,31446900398,98058352
0,31449238034,98051058
0,31451575669,98044675
0,31453913324,98039090
0,31456250960,98034203
0,31458588595,98029927
0,31460926250,98026186
0,31464411104,98147912
0,31466748739,98254423
0,31469086394,98472620
0,31471424030,98538542
0,31473761665,98596224
0,31476099320,98771696
0,31478436956,98800234
0,31480774591,98825204
0,31483112246,98972053
0,31485449882,98975546
0,31487787517,98978602
0,31490125172,99106276
0,31492462808,99092991
0,31494800443,99081367
0,31497138098,99196196
0,31499475734,99171671
0,31501813369,99150212
0,31504151024,99256435
0,31506488660,99224380
0,31508826314,99196332
0,31511163950,99296790
0,31512354368,99134691
0,31514692004,98992854
0,31517029658,98993747
0,31519367294,98869528
0,31521704930,98760837
0,31524042584,98790732
0,31526380220,98691890
0,31528717856,98605403
0,31531055510,98654727
0,31533393146,98572886
0,31535730782,98501275
0,31538068436,98563615
0,31540406072,98493163
0,31542743708,98431517
0,31545081362,98502577
0,31547418998,98439754
0,31549756634,98384784
0,31552094289,98461686
0,31554431924,98403975
0,31556769560,98353478
0,31559107215,98434293
0,31561444850,98255006
0,31563782486,98098130
0,31566120141,97960863
0,31568457776,97840755
0,31570795412,97735660
0,31573133067,97643702
0,31575470702,97563239
0,31577808338,97492834
0,31580145993,97431229
0,31582483628,97377325
0,31584821283,97330159
0,31587158919,97288889
0,31589496555,97252777
0,31591834209,97221179
0,31594171845,97193531
0,31596509481,97169339
0,31598847135,97148171
0,31601184771,97129649
0,31603522407,97113442
0,31605860061,97099261
0,31608197697,97086853
0,31611682551,97325996
0,31614020205,97660246
0,31616357841,97827715
0,31618695477,97974250
0,31621033131,98227468
0,31623370767,98324034
0,31625708403,98408529
0,31628046057,98607462
0,31630383693,98656529
0,31632721329,98699462
0,31635058983,98862029
0,31637396619,98879275
0,31639734255,98894365
0,31642071909,99032569
0,31644409545,99028497
0,31646747181,99024934
0,31649084835,99146817
0,31651422471,99128464
0,31653760107,99112406
0,31656097762,99223355
0,31658435397,99195435
0,31660773033,99171005
0,31663110688,99274629
0,31665448323,99240300
0,31667785959,99460262
0,31670123614,99777729
0,31672461249,100055512
0,31674798885,100173573
0,31677136540,100401876
0,31679474175,100601641
0,31681811811,100651435
0,31684149466,100820005
0,31686487102,100967504
0,31688824756,100971566
0,31691162392,101100120
0,31693500028,101212605
0,31695837682,101186029
0,31698175318,101287775
0,31700512954,101376803
0,31702850608,101329702
0,31705188244,101413489
0,31707525880,101486802
0,31709863534,101425951
0,31712201170,101372707
0,31714538806,101201118
0,31716876460,101050978
0,31719214096,101044605
0,31721551732,100914029
0,31723889386,100799775
0,31726227022,100824803
0,31728564658,100721702
0,31730902313,100631489
0,31733239948,100677552
0,31735577584,100592858
0,31737915239,100518750
0,31740252874,100578906
0,31742590510,100506542
0,31744928165,100443224
0,31747265800,100512821
0,31749603436,100448718
0,31751941091,100392628
0,31754278726,100468549
0,31756616362,100409980
0,31758954017,100358732
0,31761291653,100438890
0,31763629288,100384028
0,31765966943,100336024
0,31768304579,100419021
0,31770642214,100366643
0,31772979869,100320812
0,31775317505,100405710
0,31777655140,100354996
0,31779992795,100310621
0,31782330431,100396793
0,31784668067,100347193
0,31787005721,100428793
0,31789343357,100500193
0,31791680993,100437668
0,31794018647,100507959
0,31796356283,100569464
0,31798693919,100498281
0,31801031573,100560995
0,31803369209,100615870
0,31805706845,100538886
0,31808044499,100596525
0,31810382135,100646959
0,31812719771,100566089
0,31815057425,100620327
0,31817395061,100667786
0,31819732697,100584312
0,31822070352,100636273
0,31824407987,100681738
0,31826745623,100596520
0,31829083278,100646955
0,31831420913,100691085
0,31833758549,100604699
0,31836096204,100654111
0,31838433839,100697347
0,31840771475,100610178
0,31843109130,100658905
0,31845446766,100701541
0,31847784401,100613848
0,31850122056,100662117
0,31852459692,100704352
0,31854797327,100616308
0,31857134982,100664269
0,31859472618,100706235
0,31861810253,100617955
0,31864147908,100665710
0,31866485544,100707496
0,31868823180,100619059
0,31872308052,100791676
0,31874645688,100942716
0,31876983342,100949876
0,31879320978,101081141
0,31881658614,101195998
0,31883996268,101171498
0,31886333904,101275060
0,31888671540,101240677
0,31891009195,101335592
0,31893346830,101418643
0,31895684466,101366312
0,31898022121,101445523
0,31900359756,101514832
0,31902697392,101450478
0,31905035047,101519168
0,31907372682,101579272
0,31909710318,101506863
0,31912047973,101568505
0,31914385609,101622441
0,31916723244,101544635
0,31919060899,101601555
0,31921398535,101651360
0,31922588952,101444940
0,31924926607,101264322
0,31927264243,101231281
0,31929601879,101077370
0,31931939533,100942698
0,31934277169,100949860
0,31936614805,100831127
0,31938952459,100727236
0,31941290095,100761331
0,31943627731,100666164
0,31945965385,100582893
0,31948303021,100635031
0,31950640657,100555652
0,31952978311,100486195
0,31955315947,100550420
0,31957653583,100481617
0,31959991238,100421414
0,31962328873,100493737
0,31964666509,100432019
0,31967004164,100503016
0,31969341799,100565139
0,31971679435,100369496
0,31974017090,100323309
0,31976354726,100282895
0,31978692361,100122533
0,31981030016,100107216
0,31983367652,100093814
0,31985705287,99957087
0,31988042942,99962451
0,31990380578,99842144
0,31992718213,99736876
0,31995055868,99769766
0,31997393504,99673545
0,31999731140,99589351
0,32002068794,99640682
0,32004406430,99560596
0,32006744066,99490521
0,32009081720,99554205
0,32011419356,99484929
0,32013756992,99424312
0,32016094646,99496273
0,32018432282,99434238
0,32020769918,99379958
0,32024254790,99707463
0,32026592426,99994030
0,32028930081,100119776
0,32031267716,100354804
0,32033605352,100560453
0,32035943007,100615396
0,32038280643,100788471
0,32040618278,100939912
0,32042955933,100947423
0,32045293569,101078995
0,32047631204,101194120
0,32049968859,101169855
0,32052306495,101273623
0,32054644131,101364420
0,32056981785,101318867
0,32059319421,101404008
0,32061657057,101478507
0,32063994711,101418693
0,32066332347,101491356
0,32068669983,101429936
0,32071007637,101501194
0,32073345273,101563544
0,32075682909,101493101
0,32078020563,101556463
0,32080358199,101611905
0,32082695835,101910416
0,32085033490,102171614
0,32087371125,102400162
0,32089708761,102600141
0,32092046416,102775123
0,32094384051,102928232
0,32096721687,103062203
0,32099059342,103179427
0,32101396978,103281998
0,32103734613,103371748
0,32106072268,103450279
0,32108409904,103518994
0,32110747539,103579119
0,32113085194,103631729
0,32115422830,103677762
0,32117760466,103718041
0,32120098120,103753285
0,32122435756,103784124
0,32124773392,103811108
0,32127111046,103709719
0,32129448682,103621004
0,32131786318,103543378
0,32134123972,103475455
0,32136461608,103416023
0,32138799244,103364020
0,32141136898,103318517
0,32143474534,103278702
0,32145812170,103243864
0,32148149825,103213381
0,32150487460,103186708
0,32152825096,103163369
0,32155162751,103142947
0,32157500386,103125078
0,32159838041,103109443
0,32162175677,103095762
0,32164513313,103083791
0,32166850967,103073317
0,32169188603,103064152
0,32171526239,103056133
0,32173863893,102924116
0,32176201529,102933601
0,32178539165,102941900
0,32180876819,102824162
0,32183214455,102846141
0,32185552091,102865373
0,32187889746,102757201
0,32190227381,102787550
0,32192565017,102814106
0,32194902672,102712342
0,32197240307,102748299
0,32199577943,102779761
0,32201915598,102682290
0,32204253234,102722003
0,32206590869,102756752
0,32208928524,102662158
0,32211266160,102704388
0,32213603795,102741339
0,32215941450,102648671
0,32218279086,102692587
0,32220616722,102731013
0,32222954376,102639636
0,32225292012,102684681
0,32227629648,102724095
0,32229967302,102633583
0,32232304938,102679385
0,32234642574,102719461
0,32236980228,102629528
0,32239317864,102675837
0,32241655500,102716357
0,32243993155,102626812
0,32246330790,102673460
0,32248668426,102714277
0,32251006081,102749992
0,32253343716,102781243
0,32255681352,102808587
0,32258019007,102832513
0,32260356643,102853448
0,32262694278,102871767
0,32265031933,102887796
0,32267369569,102901821
0,32269707204,102914093
0,32272044859,102924831
0,32274382495,102934227
0,32276720131,102942448
0,32279057785,102949642
0,32281395421,102955936
0,32283733057,102961444
0,32286070711,102966263
0,32288408347,102970480
0,32290745983,102974170
0,32293083637,102977398
0,32295421273,102980223
0,32297758909,102982695
0,32301243782,103109858
0,32303581417,103221125
0,32305919072,103318484
0,32308256708,103403673
0,32310594343,103478213
0,32312931998,103543436
0,32315269634,103600506
0,32317607270,103650442
0,32319944924,103694136
0,32322282560,103732369
0,32324620196,103765822
0,32326957850,103795094
0,32329295486,103820707
0,32331633122,103843118
0,32333970776,103862728
0,32336308412,103879887
0,32338646048,103894901
0,32340983703,103908038
0,32343321338,103919533
0,32345658974,103929591
0,32347996629,103938392
0,32350334264,103946093
0,32351524682,103827831
0,32353862337,103599352
0,32356199973,103524433
0,32358537608,103458878
0,32360875263,103276518
0,32363212899,103241953
0,32365550535,103211708
0,32367888189,103060244
0,32370225825,103052713
0,32372563461,103046123
0,32374901115,102915357
0,32377238751,102925937
0,32379576387,102935194
0,32381914042,102818294
0,32384251677,102841007
0,32386589313,102860881
0,32388926968,102753270
0,32391264603,102784111
0,32393602239,102811097
0,32395939894,102709709
0,32398277530,102745995
0,32400615165,102777745
0,32402952820,102555526
0,32405290456,102486085
0,32407628092,102425324
0,32409965746,102247158
0,32412303382,102216263
0,32414641018,102189230
0,32416978672,102040576
0,32419316308,102035504
0,32421653944,102031066
0,32423991598,101902182
0,32426329234,101914409
0,32428666870,101925107
0,32431004525,101934468
0,32433342160,101942659
0,32435679796,101949826
0,32438017451,101956097
0,32440355086,101961584
0,32442692722,101966386
0,32445030377,101970587
0,32447368013,101974263
0,32449705648,101977480
0,32452043303,101980295
0,32454380939,102107758
0,32457865811,102344288
0,32460203447,102551252
0,32462541083,102732345
0,32464878737,102890801
0,32467216373,103029450
0,32469554009,103150768
0,32471891664,103256922
0,32474229299,103349806
0,32476566935,103431080
0,32478904590,103502195
0,32481242226,103564420
0,32483579861,103618867
0,32485917516,103666508
0,32488255152,103708194
0,32490592787,103744669
0,32492930442,103776585
0,32495268078,103804511
0,32497605714,103828947
0,32499943368,103850328
0,32502281004,103869037
0,32504618640,103885407
0,32506956294,103899731
0,32509293930,103912264
0,32511631566,103923231
0,32513969221,103932827
0,32516306856,104316223
0,32518644492,104526695
0,32520982147,104710858
0,32523319782,104997000
0,32525657418,105122375
0,32527995073,105232078
0,32530332709,105453068
0,32532670344,105521434
0,32535007999,105706254
0,32537345635,105742972
0,32539683271,105775100
0,32542020925,105928212
0,32544358561,105937185
0,32546696197,105945036
0,32549033851,106076906
0,32551371487,106067292
0,32553709123,106058880
0,32556046778,106176520
0,32558384413,106154455
0,32560722049,106135148
0,32563059704,106118254
0,32565397339,105978472
0,32567734975,105856163
0,32570072630,105874142
0,32572410266,105764874
0,32574747901,105669264
0,32577085556,105710606
0,32579423192,105621780
0,32581760828,105544057
0,32584098482,105601049
0,32586436118,105525917
0,32588773754,105460177
0,32591111408,105527654
0,32593449044,105461697
0,32595786680,105403984
0,32598124335,105478486
0,32600461970,105418675
0,32602799606,105366340
0,32605137261,105445547
0,32607474896,105389853
0,32609812532,105341121
0,32612150187,105423480
0,32614487823,105370545
0,32616825458,105324226
0,32619163113,105408697
0,32621500749,105357609
0,32623838385,105312907
0,32626176039,105398793
0,32628513675,105348943
0,32630851330,105305325
0,32633188965,105392159
0,32635526601,105343139
0,32637864256,105300246
0,32640201892,105262715
0,32642539527,105229875
0,32644877182,105201140
0,32647214818,105175997
0,32649552453,105153997
0,32651890108,105134747
0,32654227744,105117903
0,32656565380,105103165
0,32658903034,105090269
0,32661240670,105078985
0,32663578306,105069111
0,32665915960,105060472
0,32668253596,105052913
0,32670591232,105046298
0,32672928887,105040510
0,32675266522,105035446
0,32677604158,105031015
0,32679941813,105027138
0,32682279449,105023745
0,32684617084,105020776
0,32686954739,105018179
0,32689292375,105015906
0,32691630011,105013917
0,32693967665,105012177
0,32696305301,105010654
0,32698642937,105009322
0,32700980591,105008156
0,32703318227,105007136
0,32705655863,105006244
0,32707993518,105005463
0,32710331153,105004780
0,32712668789,105004182
0,32715006444,105128659
0,32717344079,105112576
0,32719681715,105098504
0,32722019370,105211191
0,32724357006,105184792
0,32726694641,105161693
0,32729032296,105266481
0,32731369932,105233170
0,32734854804,105329023
0,32737192440,105537895
0,32739530076,105595658
0,32741867731,105646200
0,32744205366,105815425
0,32746543002,105838496
0,32748880657,105858684
0,32751218293,106001348
0,32753555928,106001179
0,32755893583,106001031
0,32758231219,106125902
0,32760568854,106110164
0,32762906509,106096393
0,32765244145,106209343
0,32767581781,106183175
0,32769919435,106160278
0,32772257071,106265243
0,32774594707,106232087
0,32776932362,106203076
0,32779269997,106302691
0,32781607633,106264854
0,32783945288,106231747
0,32786282923,106327778
0,32787473341,106161805
0,32789810977,106016579
0,32792148632,106014506
0,32794486268,105887692
0,32796823903,105776730
0,32799161558,105804638
0,32801499194,105704058
0,32803836829,105616050
0,32806174484,105664043
0,32808512120,105581037
0,32810849775,105508407
0,32813187410,105569856
0,32815525046,105498624
0,32817862701,105436296
0,32820200337,105381759
0,32822537972,105334039
0,32824875627,105292284
0,32827213263,105255748
0,32829550898,105223779
0,32831888553,105195806
0,32834226189,105171330
0,32836563825,105149913
0,32838901479,105006173
0,32841239115,104880401
0,32843576751,104770350
0,32845914406,104674056
0,32848252041,104589799
0,32850589677,104516074
0,32852927332,104451564
0,32855264968,104395118
0,32857602603,104345728
0,32859940258,104302512
0,32862277894,104264698
0,32864615529,104231610
0,32866953184,104202658
0,32869290820,104177325
0,32871628456,104155159
0,32873966110,104135764
0,32876303746,104118793
0,32878641382,104103943
0,32880979037,104090950
0,32883316672,104079581
0,32885654308,104069633
0,32887991963,104060928
0,32890329599,104053312
0,32893814452,104296648
0,32896152107,104634567
0,32898489743,104805246
0,32900827378,104954590
0,32903165033,105210266
0,32905502669,105308982
0,32907840305,105395359
0,32910177959,105595939
0,32912515595,105646446
0,32914853250,105690640
0,32917190885,105854310
0,32919528521,105872521
0,32921866176,105888455
0,32924203812,106027398
0,32926541447,106023973
0,32928879102,106020976
0,32931216738,106143354
0,32933554374,106125434
0,32935892028,106109754
0,32938229664,106221034
0,32940567300,106193404
0,32942904954,106169228
0,32945242590,106273074
0,32947580226,106238939
0,32949917881,106459071
0,32952255516,106776687
0,32954593152,107054601
0,32956930807,107172775
0,32959268443,107401178
0,32961606078,107601030
0,32963943733,107650901
0,32966281369,107819538
0,32968619005,107967095
0,32970956659,107971208
0,32973294295,108099807
0,32975631931,108212331
0,32977969586,108185789
0,32980307221,108287565
0,32982644857,108376619
0,32984982512,108329541
0,32987320148,108413348
0,32989657783,108486679
0,32991995438,108425844
0,32994333074,108497613
0,32996670709,108560411
0,32999008364,108615359
0,33001346000,108538439
0,33003683636,108346134
0,33006021290,108302867
0,33008358926,108265008
0,33010696562,108106882
0,33013034217,108093521
0,33015371852,108081830
0,33017709488,107946601
0,33020047143,107953275
0,33022384779,107959115
0,33024722414,107839225
0,33027060069,107859321
0,33029397705,107876905
0,33031735341,107767291
0,33034072995,107796379
0,33036410631,107821831
0,33038748267,107719102
0,33041085921,107754214
0,33043423557,107784937
0,33045761193,107686819
0,33048098848,107725966
0,33050436483,107760220
0,33052774119,107665192
0,33055111774,107707043
0,33057449410,107743662
0,33059787045,107650704
0,33062124700,107694366
0,33064462336,107732570
0,33066799972,107640998
0,33069137626,107685873
0,33071475262,107725138
0,33073812898,107634495
0,33076150553,107680183
0,33078488188,107720160
0,33080825824,107630140
0,33083163479,107676372
0,33085501115,107716825
0,33087838750,107627221
0,33090176405,107673818
0,33092514041,107714590
0,33094851695,107625266
0,33097189331,107672107
0,33099526967,107713093
0,33101864622,107623956
0,33104202257,107670961
0,33106539893,107587090
0,33108877548,107513703
0,33111215184,107574490
0,33113552819,107502678
0,33115890474,107439843
0,33118228110,107509862
0,33120565746,107446129
0,33122903400,107390362
0,33125241036,107466566
0,33127578672,107408245
0,33129916327,107357214
0,33132253962,107437562
0,33134591598,107382866
0,33136929253,107335007
0,33139266889,107418131
0,33141604524,107365864
0,33143942179,107320131
0,33146279815,107405114
0,33148617451,107354474
0,33150955105,107310164
0,33153292741,107396393
0,33155630377,107346843
0,33157968031,107303487
0,33160305667,107390551
0,33162643303,107341732
0,33164980958,107299015
0,33167318593,107386638
0,33170803447,107463308
0,33173141102,107655394
0,33175478738,107823469
0,33177816373,107845535
0,33180154028,107989843
0,33182491664,108116112
0,33184829300,108101598
0,33187166954,108213898
0,33189504590,108312160
0,33191842226,108273140
0,33194179881,108363997
0,33196517516,108443497
0,33198855171,108388059
0,33201192807,108464551
0,33203530443,108531482
0,33205868097,108465046
0,33208205733,108531915
0,33210543369,108590425
0,33212881023,108516621
0,33215218659,108577043
0,33217556295,108629912
0,33219893950,108551173
0,33222231585,108607276
0,33223422003,108531366
0,33225759639,108339945
0,33228097294,108297451
0,33230434930,108260269
0,33232772565,108102735
0,33235110220,108089893
0,33237447856,108078656
0,33239785492,107943824
0,33242123146,107950846
0,33244460782,107956990
0,33246798418,107837366
0,33249136073,107857695
0,33251473708,107875483
0,33253811344,107766047
0,33256148999,107795291
0,33258486635,107820879
0,33260824270,107718269
0,33263161925,107753485
0,33265499561,107784299
0,33267837197,107686261
0,33270174851,107725478
0,33272512487,107759793
0,33274850123,107664818
0,33277187778,107581715
0,33279525413,107384000
0,33281863068,107211000
0,33284200704,107184625
0,33286538340,107036546
0,33288875994,106906977
0,33291213630,106918604
0,33293551266,106803778
0,33295888920,106703305
0,33298226556,106740391
0,33300564192,106647842
0,33302901847,106566861
0,33305239482,106621003
0,33307577118,106543377
0,33309914773,106475454
0,33312252409,106541022
0,33314590045,106473394
0,33316927699,106414219
0,33319265335,106487441
0,33321602971,106426510
0,33323940625,106373196
0,33326278261,106451546
0,33328615897,106395102
0,33330953552,106470714
0,33334438405,106786874
0,33336776041,106938514
0,33339113696,107196199
0,33341451332,107421674
0,33343788967,107493964
0,33346126622,107682218
0,33348464258,107846940
0,33350801894,107866072
0,33353139548,108007813
0,33355477184,108131836
0,33357814820,108115356
0,33360152475,108225936
0,33362490110,108322694
0,33364827746,108282357
0,33367165401,108372062
0,33369503037,108450554
0,33371840672,108394234
0,33374178327,108469954
0,33376515963,108536209
0,33378853599,108469182
0,33381191253,108535534
0,33383528889,108593592
0,33385866544,108519393
0,33388204180,108579468
0,33390541815,108632034
0,33392879470,108553029
0,33395217106,108608900
0,33397554742,108657787
0,33399892396,108950563
0,33402230032,109206742
0,33404567668,109430899
0,33406905323,109627036
0,33409242958,109798656
0,33411580594,109948824
0,33413918249,110080221
0,33416255885,110195193
0,33418593520,110295793
0,33420931175,110383818
0,33423268811,110460840
0,33425606447,110528235
0,33427944101,110587205
0,33430281737,110638804
0,33432619373,110683953
0,33434957028,110723458
0,33437294663,110758025
0,33439632299,110788271
0,33441969954,110814737
0,33444307590,110712894
0,33446645225,110623782
0,33448982880,110420809
0,33451320516,110368207
0,33453658152,110322181
0,33455995806,110156908
0,33458333442,110137294
0,33460671078,110120132
0,33463008733,110105115
0,33465346368,110091975
0,33467684004,110080478
0,33470021659,110070418
0,33472359295,110061615
0,33474696931,110053913
0,33477034585,110047173
0,33479372221,110041276
0,33481709857,110036116
0,33484047511,110031601
0,33486385147,110027650
0,33488722783,110024193
0,33491060438,110021168
0,33493398074,110018522
0,33495735709,110016206
0,33498073364,110014180
0,33500411000,110012407
0,33502748636,110010856
0,33505086290,110009499
0,33507423926,110008311
0,33509761562,110007272
0,33512099217,110006363
0,33514436852,110005567
0,33516774488,110004871
0,33519112143,110004262
0,33521449779,110003729
0,33523787414,110003262
0,33526125069,110002854
0,33528462705,110002497
0,33530800341,110002184
0,33533137995,110001911
0,33535475631,110001672
0,33537813267,110001463
0,33540150922,110001280
0,33542488557,110001120
0,33544826193,110000980
0,33547163848,110000857
0,33549501484,110000749
0,33551839119,110000655
0,33554176774,110000573
0,33556514410,110000501
0,33558852046,110000438
0,33561189700,110000383
0,33563527336,110000335
0,33565864991,110000293
0,33568202627,110000256
0,33570540263,110000224
0,33572877917,109875196
0,33575215553,109890796
0,33577553189,109904446
0,33579890844,109791390
0,33582228479,109817466
0,33584566115,109840282
0,33586903770,109735246
0,33589241406,109768340
0,33591579041,109797297
0,33593916696,109697634
0,33596254332,109735429
0,33598591968,109768500
0,33600929622,109672437
0,33603267258,109713382
0,33605604894,109749209
0,33607942549,109655557
0,33610280184,109698612
0,33612617820,109736285
0,33614955475,109644249
0,33617293111,109688717
0,33619630746,109727627
0,33621968401,109636673
0,33624306037,109682088
0,33626643673,109721827
0,33628981327,109631598
0,33631318963,109677648
0,33633656599,109717942
0,33637141472,109878199
0,33639479107,110018424
0,33641816743,110141121
0,33644154398,110248480
0,33646492034,110342420
0,33648829670,110424617
0,33651167324,110496539
0,33653504960,110559471
0,33655842596,110614537
0,33658180250,110662719
0,33660517886,110704879
0,33662855522,110741769
0,33665193177,110774047
0,33667530813,110802291
0,33669868467,110827004
0,33672206103,110848628
0,33674543739,110867549
0,33676881394,110884105
0,33679219029,110898591
0,33681556665,110911267
0,33683894320,110922358
0,33686231956,110932063
0,33688569591,110940555
0,33690907246,110947985
0,33692097664,110829486
0,33694435300,110725800
0,33696772936,110635075
0,33699110590,110555690
0,33701448226,110486228
0,33703785862,110425449
0,33706123517,110372267
0,33708461152,110325733
0,33710798788,110285016
0,33713136443,110249389
0,33715474079,110218215
0,33717811715,110190938
0,33720149369,110167070
0,33722487005,110146186
0,33724824641,110127912
0,33727162295,110111923
0,33729499931,110097932
0,33731837567,110085690
0,33734175222,110074978
0,33736512858,110065605
0,33738850493,110057404
0,33741188148,110050228
0,33743525784,110043949
0,33745863439,109788455
0,33748201074,109689898
0,33750538710,109603660
0,33752876365,109403202
0,33755214001,109352801
0,33757551636,109308700
0,33759889291,109145112
0,33762226927,109126973
0,33764564563,109111101
0,33766902217,108972213
0,33769239853,108975686
0,33771577489,108978725
0,33773915144,108856384
0,33776252780,108874336
0,33778590415,108890044
0,33780928070,108778788
0,33783265706,108806439
0,33785603342,108830634
0,33787940996,108726804
0,33790278632,108760953
0,33792616268,108790833
0,33794953923,108691978
0,33797291558,108730480
0,33799629194,108764170
0,33801966849,108793648
0,33805451703,109069442
0,33807789338,109310761
0,33810126993,109521915
0,33812464629,109706675
0,33814802265,109868340
0,33817139919,110009797
0,33819477555,110133572
0,33821815191,110241875
0,33824152846,110336640
0,33826490482,110419560
0,33828828117,110492115
0,33831165772,110555600
0,33833503408,110611150
0,33835841044,110659756
0,33838178698,110702286
0,33840516334,110739500
0,33842853970,110772062
0,33845191625,110800554
0,33847529260,110825484
0,33849866915,110847298
0,33852204551,110866385
0,33854542187,110883086
0,33856879842,110897700
0,33859217477,110910487
0,33861555113,110921676
0,33863892768,111181466
0,33866230404,111533782
0,33868568039,111717059
0,33870905694,111877426
0,33873243330,112142747
0,33875580966,112249903
0,33877918620,112343665
0,33880256256,112550706
0,33882593892,112606867
0,33884931547,112656008
0,33887269183,112824007
0,33889606818,112846006
0,33891944473,112865255
0,33894282109,113007098
0,33896619745,113006210
0,33898957399,113005433
0,33901295035,113129753
0,33903632671,113113533
0,33905970326,113099341
0,33908307961,113211923
0,33910645597,113185432
0,33912983252,113162253
0,33915320888,113266971
0,33917658524,113108599
0,33919996178,112970024
0,33922333814,112848771
0,33924671450,112742674
0,33927009105,112774839
0,33929346740,112677984
0,33931684376,112593236
0,33934022031,112644081
0,33936359667,112563570
0,33938697303,112493123
0,33941034957,112556482
0,33943372593,112486921
0,33945710229,112426055
0,33948047884,112497798
0,33950385519,112435573
0,33952723155,112381126
0,33955060810,112458485
0,33957398446,112401174
0,33959736082,112351027
0,33962073736,112432148
0,33964411372,112378129
0,33966749008,112330862
0,33969086663,112414504
0,33971424298,112362691
0,33973761934,112317354
0,33976099589,112402684
0,33978437225,112352348
0,33980774860,112308304
0,33983112515,112394766
0,33985450151,112345420
0,33987787787,112302242
0,33990125441,112389461
0,33992463077,112340778
0,33994800713,112298180
0,33997138368,112385907
0,33999476004,112337668
0,34001813639,112295459
0,34004151294,112383526
0,34006488930,112335585
0,34008826566,112293636
0,34011164220,112381931
0,34013501856,112334189
0,34015839492,112292415
0,34018177147,112380863
0,34020514783,112333255
0,34022852418,112291598
0,34025190073,112380148
0,34027527709,112332629
0,34029865345,112291050
0,34032202999,112379668
0,34034540635,112332209
0,34036878290,112290682
0,34039215926,112254346
0,34041553562,112222552
0,34043891216,112194733
0,34046228852,112170391
0,34048566488,112149092
0,34050904143,112130455
0,34053241778,112114148
0,34055579414,112099879
0,34057917069,112087394
0,34060254705,112076469
0,34062592341,112066910
0,34064929995,112058546
0,34067267631,112051227
0,34069605267,112044823
0,34071942922,112039220
0,34074280557,112034317
0,34076618193,112030027
0,34078955848,112026273
0,34081293484,112022988
0,34083631120,112020114
0,34085968774,112017599
0,34088306410,112015399
0,34090644046,112013474
0,34092981701,112011789
0,34095319336,112010315
0,34097656972,112009025
0,34099994627,112007896
0,34103479481,112131909
0,34105817116,112240420
0,34108154771,112460367
0,34110492407,112527821
0,34112830043,112586843
0,34115167698,112763487
0,34117505333,112793051
0,34119842969,112818919
0,34122180624,112966554
0,34124518260,112970734
0,34126855895,112974392
0,34129193550,113102593
0,34131531186,113089768
0,34133868841,113078547
0,34136206477,113193728
0,34138544112,113169512
0,34140881767,113148323
0,34143219403,113254782
0,34145557039,113222934
0,34147894693,113195067
0,34150232329,113295683
0,34152569965,113258722
0,34154907620,113226381
0,34157245256,113323083
0,34158435673,113157697
0,34160773309,113012984
0,34163110964,113011361
0,34165448600,112884940
0,34167786236,112774322
0,34170123890,112802531
0,34172461526,112702214
0,34174799162,112614437
0,34177136817,112662632
0,34179474452,112579803
0,34181812088,112507327
0,34184149743,112568911
0,34186487379,112497797
0,34188825015,112435572
0,34191162669,112506125
0,34193500305,112442859
0,34195837941,112387501
0,34198175596,112464063
0,34200513232,112406055
0,34202850867,112355298
0,34205188522,112435885
0,34207526158,112381399
0,34209863794,112333724
0,34212201448,112417008
0,34214539084,112239882
0,34216876739,112084896
0,34219214375,111949284
0,34221552011,111830623
0,34223889665,111726795
0,34226227301,111635945
0,34228564937,111556451
0,34230902592,111486894
0,34233240227,111426032
0,34235577863,111372778
0,34237915518,111326180
0,34240253154,111285407
0,34242590790,111249731
0,34244928444,111218514
0,34247266080,111191199
0,34249603716,111167299
0,34251941371,111146386
0,34254279006,111128087
0,34256616642,111112076
0,34258954297,111098066
0,34261291933,111085807
0,34263629569,111075081
0,34265967223,111065695
0,34268304859,111057483
0,34270642495,111175297
0,34272980150,111278384
0,34276465003,111493586
0,34278802639,111681887
0,34281140294,111971651
0,34283477930,112100194
0,34285815566,112212669
0,34288153220,112436085
0,34290490856,112506574
0,34292828492,112568252
0,34295166147,112747220
0,34297503783,112778817
0,34299841418,112806464
0,34302179073,112955656
0,34304516709,112961199
0,34306854345,112966049
0,34309191999,113095292
0,34311529635,113083380
0,34313867271,113072957
0,34316204926,113188837
0,34318542562,113165232
0,34320880216,113144578
0,34323217852,113251505
0,34325555488,113220066
0,34327893143,113442557
0,34330230779,113762237
0,34332568414,114041957
0,34334906069,114161712
0,34337243705,114391498
0,34339581341,114592560
0,34341918995,114643490
0,34344256631,114813053
0,34346594267,114961421
0,34348931922,114966243
0,34351269558,115095462
0,34353607193,115208529
0,34355944848,115182462
0,34358282484,115284654
0,34360620120,115374072
0,34362957774,115327313
0,34365295410,115411398
0,34367633046,115484973
0,34369970701,115424351
0,34372308337,115496307
0,34374645973,115559268
0,34376983627,115489359
0,34379321263,115553189
0,34381658899,115609040
0,34383996554,115532910
0,34386334189,115591296
0,34388671825,115642384
0,34391009480,115562086
0,34393347116,115491825
0,34395684752,115305346
0,34398022406,115267177
0,34400360042,115233779
0,34402697678,115079556
0,34405035333,115069611
0,34407372969,115060909
0,34409710604,114928295
0,34412048259,114937258
0,34414385895,114945100
0,34416723531,114826962
0,34419061185,114848591
0,34421398821,114867517
0,34423736457,114759077
0,34426074112,114789192
0,34428411748,114815543
0,34430749383,114713600
0,34433087038,114749400
0,34435424674,114780725
0,34437762310,114683134
0,34440099965,114722742
0,34442437600,114757399
0,34444775236,114662724
0,34447112891,114704883
0,34449450527,114741772
0,34451788163,114649050
0,34454125817,114692918
0,34456463453,114731303
0,34458801089,114639890
0,34461138744,114684903
0,34463476379,114724290
0,34465814015,114633753
0,34468151670,114679533
0,34470489306,114719591
0,34472826942,114629642
0,34475164596,114675936
0,34477502232,114716444
0,34479839868,114626888
0,34482177523,114673527
0,34484515159,114714336
0,34486852794,114625044
0,34489190449,114671913
0,34491528085,114712923
0,34493865721,114623807
0,34496203376,114670831
0,34498541011,114711977
0,34500878666,114622979
0,34503216302,114670106
0,34505553938,114586342
0,34507891592,114513049
0,34510229228,114573917
0,34512566864,114502177
0,34514904519,114439404
0,34517242155,114509478
0,34519579791,114445793
0,34521917445,114390068
0,34524255081,114466309
0,34526592717,114408020
0,34528930372,114357017
0,34531268007,114437389
0,34533605643,114382715
0,34535943298,114334875
0,34538280934,114418015
0,34540618570,114365763
0,34542956224,114320042
0,34545293860,114405036
0,34547631496,114354406
0,34549969151,114310105
0,34552306787,114396341
0,34554644422,114346798
0,34556982077,114303448
0,34559319713,114390517
0,34561657349,114341702
0,34565142221,114548989
0,34567479857,114730365
0,34569817493,114764069
0,34572155148,114918560
0,34574492784,115053740
0,34576830419,115047022
0,34579168074,115166144
0,34581505710,115270376
0,34583843346,115236579
0,34586181001,115332006
0,34588518636,115415505
0,34590856272,115363566
0,34593193927,115443120
0,34595531563,115512730
0,34597869199,115448638
0,34600206853,115517558
0,34602544489,115577863
0,34604882144,115505630
0,34607219780,115567426
0,34609557416,115621497
0,34611895070,115543809
0,34614232706,115600832
0,34616570342,115650728
0,34618907997,115569387
0,34620098415,115498213
0,34621288833,115310936
0,34623626468,115022069
0,34625964123,114769310
0,34628301759,114673146
0,34630639395,114464002
0,34632977050,114281001
0,34635314685,114245875
0,34637652321,114090140
0,34639989976,113953872
0,34642327612,113959638
0,34644665248,113839683
0,34647002902,113859722
0,34649340538,113877256
0,34651678174,113767599
0,34654015829,113796649
0,34656353465,113822067
0,34658691100,113719308
0,34661028755,113754394
0,34663366391,113785094
0,34665704027,113686957
0,34668041682,113726087
0,34670379317,113760326
0,34672716953,113665285
0,34676201826,113832124
0,34678539462,113728108
0,34680877097,113637094
0,34683214752,113682457
0,34685552388,113597149
0,34687890043,113522505
0,34690227679,113582191
0,34692565314,113509417
0,34694902969,113445739
0,34697240605,113515021
0,34699578241,113450643
0,34701915896,113394312
0,34704253531,113470023
0,34706591167,113411270
0,34708928822,113359861
0,34711266458,113439878
0,34713604094,113384893
0,34715941748,113336781
0,34718279384,113419683
0,34720617020,113367222
0,34722954675,113321319
0,34725292311,113406154
0,34727629946,113355384
0,34729967601,113310961
0,34732305237,113397090
0,34734642873,113472453
0,34736980528,113663396
0,34740465381,114080471
0,34742803017,114445412
0,34745140672,114764735
0,34747478308,115044143
0,34749815944,115288625
0,34752153598,115502546
0,34754491234,115689727
0,34756828870,115853511
0,34759166525,115996822
0,34761504161,116122219
0,34763841796,116106941
0,34766179451,116218573
0,34768517087,116316251
0,34770854723,116276719
0,34773192378,116367129
0,34775530013,116446237
0,34777867649,116390457
0,34780205304,116466649
0,34782542940,116533317
0,34784880595,116466652
0,34787218230,116533320
0,34789555866,116591655
0,34791893521,116392698
0,34794231157,116343610
0,34796568793,116300658
0,34797759211,116013075
0,34800096865,116136440
0,34802434501,116244385
0,34804772137,116338836
0,34807109792,116421481
0,34809447428,116493795
0,34811785063,116557070
0,34814122718,116612436
0,34816460354,116660881
0,34818797990,116703270
0,34821135645,116740361
0,34823473280,116772815
0,34825810916,116801213
0,34828148571,116826061
0,34830486207,116847803
0,34832823843,116866827
0,34835161497,116883473
0,34837499133,116898038
0,34839836769,116910783
0,34842174424,116921935
0,34844512060,116931693
0,34846849695,116940231
0,34849187350,116947702
0,34851524986,116954239
0,34855009859,117209959
0,34857347495,117183714
0,34859685130,117160749
0,34862022785,117140655
0,34864360421,117123073
0,34866698057,117107688
0,34869035712,117094227
0,34871373347,117082448
0,34873710983,117072142
0,34876048638,117063124
0,34878386274,117055233
0,34880723910,117048328
0,34883061564,117042287
0,34885399200,117037001
0,34887736836,117032375
0,34890074491,117028328
0,34892412127,117024787
0,34894749762,117021688
0,34897087417,117018977
0,34899425053,117016604
0,34901762689,117014528
0,34904100344,117012712
0,34906437979,117011123
0,34908775615,117009732
0,34911113270,117008515
0,34912303688,116882450
0,34914641324,116897143
0,34916978979,116785000
0,34919316614,116811875
0,34921654250,116835390
0,34923991905,116730966
0,34926329541,116764595
0,34928667177,116794020
0,34931004831,116819767
0,34933342467,116842296
0,34935680103,116862009
0,34938017758,116879257
0,34940355394,116894349
0,34942693029,116907555
0,34945030684,116919110
0,34947368320,116929221
0,34949705956,116938068
0,34952043611,116945809
0,34954381247,116952582
0,34956718882,116958509
0,34959056537,116963695
0,34961394173,116968233
0,34963731809,116972203
0,34966069464,116975677
0,34968407099,116978717
0,34971891972,116856377
0,34974229608,116874329
0,34976567244,116890037
0,34978904898,116778782
0,34981242534,116806434
0,34983580170,116830629
0,34985917825,116726800
0,34988255461,116760950
0,34990593097,116790831
0,34992930751,116691977
0,34995268387,116730479
0,34997606023,116764169
0,34999943678,116668647
0,35002281314,116710066
0,35004618949,116746307
0,35006956604,116653018
0,35009294240,116696390
0,35011631876,116734341
0,35013969531,116642548
0,35016307166,116687229
0,35018644802,116726325
0,35020982457,116635534
0,35023320093,116681092
0,35025657729,116720955
0,35027995384,116630835
0,35030333019,116801980
0,35032670655,116951732
0,35035008310,117207765
0,35037345946,117306794
0,35039683582,117393444
0,35042021236,117594263
0,35044358872,117644980
0,35046696508,117689357
0,35049034163,117728187
0,35051371799,117762163
0,35053709435,117791892
0,35056047089,117817905
0,35058384725,117840666
0,35060722361,117860582
0,35063060016,117878009
0,35065397652,117893257
0,35067735287,117906599
0,35070072942,117918274
0,35072410578,117928489
0,35074748214,117937427
0,35077085869,117945248
0,35079423504,117952092
0,35081761140,117958080
0,35084098795,117963320
0,35086436431,117967905
0,35088774067,117846916
0,35091111721,117741051
0,35093449357,117648419
0,35095786993,117567366
0,35098124648,117496445
0,35100462284,117434389
0,35102799920,117380090
0,35105137574,117332578
0,35107475210,117291005
0,35109812846,117254629
0,35112150501,117222800
0,35114488137,117194950
0,35116825772,117170581
0,35119163427,117149258
0,35121501063,117130600
0,35123838699,117114275
0,35126176354,117099990
0,35128513990,117087491
0,35130851625,117076554
0,35133189280,117066984
0,35135526916,117058611
0,35137864552,117051284
0,35140202207,117044873
0,35142539842,117039263
0,35144877478,117034355
0,35147215133,117030060
0,35149552769,117026302
0,35151890424,116898014
0,35154228059,116910762
0,35156565695,116921916
0,35158903350,116806676
0,35161240986,116830841
0,35163578622,116851985
0,35165916277,116745486
0,35168253912,116777300
0,35170591548,116805137
0,35172929203,116704494
0,35175266839,116741432
0,35177604475,116773753
0,35179942129,116677033
0,35182279765,116717403
0,35184617401,116752727
0,35186955056,116658636
0,35189292692,116701306
0,35191630328,116738642
0,35193967982,116646311
0,35196305618,116690522
0,35198643254,116729206
0,35200980909,116638055
0,35203318545,116683298
0,35205656181,116722885
0,35207993835,116632524
0,35210331471,116678458
0,35212669107,116718650
0,35215006762,116753818
0,35217344398,116784590
0,35219682033,116811516
0,35222019688,116835076
0,35224357324,116855691
0,35226694960,116873729
0,35229032615,116889512
0,35231370250,116903323
0,35233707886,116915407
0,35236045541,116925981
0,35238383177,116935233
0,35240720813,116943328
0,35244205685,117075412
0,35246543321,117190985
0,35248880957,117292111
0,35251218612,117380597
0,35253556248,117458022
0,35255893903,117525769
0,35258231538,117585047
0,35260569174,117636916
0,35262906829,117682301
0,35265244465,117722013
0,35267582101,117756761
0,35269919755,117787165
0,35272257391,117813769
0,35274595027,117837047
0,35276932682,117857416
0,35279270318,117875239
0,35281607954,117890834
0,35283945608,117904479
0,35286283244,117916419
0,35288620880,117926866
0,35290958535,117936007
0,35293296171,117944006
0,35295633807,117951005
0,35297971461,117957129
0,35300309097,118337487
0,35302646733,118545301
0,35303837151,118602138
0,35306174806,118776870
0,35308512442,118804761
0,35310850077,118829165
0,35313187732,118975519
0,35315525368,118978579
0,35317863004,118981256
0,35320200659,119108599
0,35322538295,119095024
0,35324875930,119083146
0,35327213585,119197752
0,35329551221,119173033
0,35331888857,119151403
0,35334226512,119132477
0,35336564147,119115917
0,35338901802,119101427
0,35341239438,119088748
0,35343577074,119077654
0,35345914729,119067947
0,35348252365,119059453
0,35350590000,119052021
0,35352927655,119045518
0,35355265291,119039828
0,35357602927,119034849
0,35359940582,119030492
0,35362278218,118901680
0,35365763071,118913970
0,35368100726,119049723
0,35370438362,119043507
0,35372775998,119038068
0,35375113653,119158309
0,35377451288,119138520
0,35379788924,119121205
0,35382126579,119231054
0,35384464215,119202172
0,35386801851,119176900
0,35389139505,119279787
0,35391477141,119244813
0,35393814777,119214211
0,35396152432,119312434
0,35398490068,119273379
0,35400827704,119239206
0,35403165358,119334305
0,35405502994,119292516
0,35407840630,119255951
0,35410178285,119348957
0,35412515921,119305337
0,35414853557,119267169
0,35417191211,119358772
0,35419528847,119313925
0,35421866483,119274684
0,35424204138,119490348
0,35425394556,119429054
0,35427732192,119375422
0,35430069846,119453494
0,35432407482,119396807
0,35434745118,119347206
0,35437082773,119428805
0,35439420409,119375204
0,35441758045,119328303
0,35444095699,119412265
0,35446433335,119360731
0,35448770971,119315639
0,35451108626,119401184
0,35453446262,119351036
0,35455783898,119307156
0,35458121552,119393761
0,35460459188,119344540
0,35462796824,119301472
0,35465134479,119388788
0,35467472115,119340189
0,35469809751,119297665
0,35472147405,119385456
0,35474485041,119337274
0,35476822677,119295114
0,35479160332,119383224
0,35481497968,119335321
0,35483835604,119168405
0,35486173258,119022354
0,35489658112,119019559
0,35491995767,119017114
0,35494333403,119014974
0,35496671039,119013102
0,35499008693,119136464
0,35501346329,119119406
0,35503683965,119104480
0,35506021620,119216420
0,35508359256,119189367
0,35510696892,119165696
0,35513034546,119269984
0,35515372182,119236236
0,35517709818,119206706
0,35520047473,119305867
0,35522385109,119267633
0,35524722745,119234178
0,35527060399,119329905
0,35529398035,119288666
0,35531735671,119252582
0,35534073326,119346009
0,35536410962,119302757
0,35538748597,119264912
0,35541086252,119356798
0,35543423888,119312198
0,35545761524,119398173
0,35548099179,119598401
0,35550436815,119648600
0,35552774450,119692525
0,35555112105,119855959
0,35557449741,119873964
0,35559787377,119889718
0,35562125032,120028503
0,35564462668,120024940
0,35566800303,120021822
0,35569137958,120144094
0,35571475594,120126082
0,35573813230,120110321
0,35576150885,120221530
0,35578488521,120193838
0,35580826156,120169608
0,35583163811,120273407
0,35585501447,120239231
0,35587839083,120209327
0,35590176738,120308161
0,35592514374,120269640
0,35594852009,120235935
0,35597189664,120331443
0,35599527300,120290012
0,35601864936,120253760
0,35604202591,120347040
0,35606540227,120303660
0,35608877862,120140702
0,35611215517,120123114
0,35613553153,119982724
0,35615890789,119859883
0,35618228444,119752397
0,35620566080,119658347
0,35622903734,119576053
0,35625241370,119504046
0,35627579006,119441040
0,35629916661,119385910
0,35632254297,119337671
0,35634591933,119295462
0,35636929587,119258529
0,35639267223,119226212
0,35641604859,119197935
0,35643942514,119173193
0,35646280150,119151543
0,35648617786,119132600
0,35650955440,119116025
0,35653293076,119101521
0,35655630712,119088830
0,35657968367,119077726
0,35660306003,119068010
0,35662643639,119059508
0,35664981293,119052069
0,35667318929,119045560
0,35669656565,119039865
0,35671994220,119034881
0,35674331856,119030520
0,35676669492,119026705
0,35679007146,119148366
0,35681344782,119129820
0,35683682418,119113592
0,35686020073,119224393
0,35688357709,119196343
0,35690695345,119171800
0,35693032999,119275325
0,35695370635,119240909
0,35697708271,119210795
0,35700045926,119309445
0,35702383562,119270764
0,35704721198,119236918
0,35707058852,119332303
0,35709396488,119290765
0,35711734124,119254419
0,35714071779,119347616
0,35716409415,119304164
0,35718747051,119266143
0,35721084705,119357875
0,35723422341,119313140
0,35725759977,119273997
0,35728097632,119364747
0,35730435268,119319153
0,35732772904,119279258
0,35735110559,119369350
0,35737448194,119323181
0,35739785830,119282783
0,35743270703,119497435
0,35745608339,119560255
0,35747945994,119615223
0,35750283629,119788320
0,35752621265,119814780
0,35754958920,119837932
0,35757296556,119983190
0,35759634192,119985291
0,35761971847,119987129
0,35764309482,120113737
0,35766647118,120099519
0,35768984773,120087079
0,35771322409,120201194
0,35773660045,120176044
0,35775997700,120154038
0,35778335336,120259783
0,35780672971,120227310
0,35783010626,120323896
0,35785348262,120408409
0,35787685898,120357357
0,35790023553,120437687
0,35792361189,120507976
0,35794698824,120444479
0,35797036479,120513919
0,35799374115,120824679
0,35801711751,120971594
0,35802902188,120975144
0,35805239824,121103251
0,35807577460,121090344
0,35809915114,121079051
0,35812252750,121194169
0,35814590386,121169897
0,35816928041,121148659
0,35819265677,121255076
0,35821603313,121223191
0,35823940967,121195292
0,35826278603,121295880
0,35828616239,121258895
0,35830953894,121226533
0,35833291530,121323216
0,35835629166,121282814
0,35837966820,121247462
0,35840304456,121341529
0,35842642092,121298837
0,35844979747,121261482
0,35847317383,121353796
0,35849655019,121309571
0,35851992673,121270874
0,35854330309,121362014
0,35856667945,121316762
0,35859005600,121402166
0,35861343236,121476895
0,35863680872,121292283
0,35867165744,121380747
0,35869503380,121458153
0,35871841016,121400883
0,35874178671,121475772
0,35876516307,121541300
0,35878853943,121473637
0,35881191598,121539432
0,35883529233,121597003
0,35885866869,121522377
0,35888204524,121582079
0,35890542160,121634319
0,35892879796,121555029
0,35895217451,121610650
0,35897555086,121659318
0,35899892722,121576903
0,35902230377,121629790
0,35904568013,121551066
0,35906905668,121482182
0,35909243304,121546909
0,35911580940,121478545
0,35913918594,121418726
0,35916256230,121491385
0,35918593866,121429961
0,35920931521,121376215
0,35923269157,121454188
0,35925606793,121647414
0,35926797211,121566487
0,35929134865,121620676
0,35931472501,121668091
0,35933810137,121584579
0,35936147792,121636506
0,35938485428,121681942
0,35940823064,121596699
0,35943160718,121647111
0,35945498354,121691222
0,35947835990,121604819
0,35950173645,121654216
0,35952511281,121697439
0,35954848917,121610259
0,35957186571,121658976
0,35959524207,121701604
0,35961861843,121613903
0,35964199498,121662165
0,35966537134,121704394
0,35968874770,121616344
0,35971212425,121664301
0,35973550060,121706263
0,35975887696,121617980
0,35978225351,121665732
0,35980562987,121582515
0,35982900623,121509700
0,35985238278,121570987
0,35987575913,121374613
0,35991060786,121452786
0,35993398422,121521187
0,35995736058,121456038
0,35998073713,121524033
0,36000411349,121583528
0,36002748985,121510587
0,36005086639,121571763
0,36007424275,121625292
0,36009761911,121547130
0,36012099566,121603738
0,36014437202,121653270
0,36016774838,121571611
0,36019112492,121625159
0,36021450128,121672014
0,36023787764,121588012
0,36026125419,121639510
0,36028463055,121684571
0,36030800691,121598999
0,36033138345,121649124
0,36035475981,121692983
0,36037813617,121606360
0,36040151272,121655565
0,36042488908,121698619
0,36044826544,121611291
0,36047164199,121659879
0,36049501834,121827394
0,36051839470,121848969
0,36054177125,121992847
0,36056514761,122118741
0,36058852397,122103898
0,36061190052,122215910
0,36063527688,122313921
0,36065865323,122274680
0,36068202978,122365345
0,36070540614,122444676
0,36072878250,122389091
0,36075215905,122465454
0,36077553541,122532272
0,36079891177,122465738
0,36082228831,122532520
0,36084566467,122590955
0,36086904103,122517085
0,36089241758,122577449
0,36091579394,122630267
0,36093917049,122551483
0,36096254684,122607547
0,36098592320,122656603
0,36100929975,122574527
0,36103267611,122627711
0,36105605247,122674247
0,36107942902,122589966
0,36110280538,122641220
0,36112618173,122436067
0,36114955828,122256558
0,36117293464,122224488
0,36119631100,122071427
0,36121968755,121937498
0,36124306391,121945310
0,36126644027,121827146
0,36128981681,121723752
0,36131319317,121758283
0,36133656953,121663497
0,36135994608,121580559
0,36138332244,121632989
0,36140669880,121553865
0,36143007534,121609631
0,36145345170,121658427
0,36147682806,121576123
0,36150020461,121629107
0,36152358097,121675468
0,36154695733,121591034
0,36157033388,121642154
0,36159371023,121686884
0,36161708659,121601023
0,36164046314,121650895
0,36166383950,121694533
0,36168721586,121607716
0,36171059241,121656751
0,36173396877,121699657
0,36175734512,121612199
0,36178072167,121660674
0,36180409803,121703089
0,36182747439,121615202
0,36185085094,121663301
0,36187422730,121705388
0,36189760366,121617214
0,36192098020,121665062
0,36194435656,121706929
0,36196773292,121618562
0,36199110947,121666241
0,36201448583,121707960
0,36203786219,121619465
0,36206123874,121667031
0,36208461509,121708652
0,36210799145,121620070
0,36213136800,121667561
0,36215474436,121709115
0,36217812072,121620475
0,36220149727,121667915
0,36222487363,121709425
0,36224824998,121620746
0,36227162653,121668152
0,36229500289,121709633
0,36231837925,121620928
0,36234175580,121668312
0,36236513216,121709773
0,36238850852,121621051
0,36241188506,121668419
0,36243526142,121709866
0,36247011015,121871132
0,36249348651,122012240
0,36251686287,122135710
0,36254023942,122243746
0,36256361577,122338277
0,36258699213,122420992
0,36261036868,122493368
0,36263374504,122556697
0,36265712140,122487109
0,36268049795,122551220
0,36270387431,122607317
0,36272725066,122531402
0,36275062721,122589976
0,36277400357,122641229
0,36279737993,122561075
0,36282075648,122615940
0,36284413284,122663947
0,36286750920,122580953
0,36289088574,122633333
0,36291426210,122679166
0,36293763846,122594270
0,36296101501,122644986
0,36298439137,122689362
0,36300776773,122978191
0,36303114428,123230917
0,36305452063,123452052
0,36307789699,123645545
0,36308980136,123564851
0,36311317772,123619244
0,36313655408,123666838
0,36315993063,123583483
0,36318330699,123635547
0,36320668335,123681103
0,36323005989,123720965
0,36325343625,123755844
0,36327681261,123786363
0,36330018916,123813067
0,36332356552,123836433
0,36334694188,123856878
0,36337031842,123874768
0,36339369478,123890422
0,36341707114,123904119
0,36344044769,123916104
0,36346382405,123926591
0,36348720041,123935767
0,36351057696,123943796
0,36353395332,123950821
0,36355732967,123956968
0,36358070622,123962347
0,36360408258,123967053
0,36362745894,123971171
0,36365083549,123974774
0,36367421185,123977927
0,36369758821,123730686
0,36372096475,123639350
0,36374434111,123559431
0,36377918984,123489502
0,36380256620,123553314
0,36382594256,123609149
0,36384931911,123533005
0,36387269547,123591379
0,36389607182,123642456
0,36391944837,123562149
0,36394282473,123616880
0,36396620109,123664770
0,36398957764,123581673
0,36401295400,123633963
0,36403633036,123679717
0,36405970690,123594752
0,36408308326,123645408
0,36410645962,123689732
0,36412983617,123603515
0,36415321253,123653075
0,36417658889,123696440
0,36419996544,123609385
0,36422334179,123658211
0,36424671815,123700934
0,36427009470,123738317
0,36429347106,123771027
0,36431684742,123799648
0,36434022397,124074692
0,36436360033,124190355
0,36438697669,124291560
0,36439888086,124255115
0,36442225741,124223225
0,36444563377,124195321
0,36446901013,124045905
0,36449238668,124040166
0,36451576304,124035145
0,36453913959,123905751
0,36456251594,123917532
0,36458589230,123927840
0,36460926885,123811860
0,36463264521,123835377
0,36465602157,123855954
0,36467939812,123748959
0,36470277448,123780339
0,36472615084,123807796
0,36474952738,123706821
0,36477290374,123743468
0,36479628010,123775534
0,36481965665,123678592
0,36484303301,123718768
0,36486640937,123753922
0,36488978592,123659681
0,36491316227,123702220
0,36494801081,123864442
0,36497138736,124006386
0,36499476372,124130587
0,36501814008,124114263
0,36504151663,124099980
0,36506489299,124087482
0,36508826934,124076546
0,36511164589,124066977
0,36513502225,124058604
0,36515839861,124051278
0,36518177516,124044868
0,36520515152,124039259
0,36522852788,124034351
0,36525190442,124030057
0,36527528078,124026299
0,36529865714,124023011
0,36532203369,124020134
0,36534541005,124017617
0,36536878641,124015414
0,36539216296,124013487
0,36541553932,124011801
0,36543891567,124010325
0,36546229222,124009034
0,36548566858,124007904
0,36550904494,123881916
0,36553242149,123896676
0,36555579785,123909591
0,36557917440,123795892
0,36560255075,123821405
0,36562592711,123843729
0,36564930366,123988262
0,36567268002,124114729
0,36569605638,124225387
0,36571943293,124322213
0,36574280929,124406936
0,36576618565,124481069
0,36578956219,124545935
0,36581293855,124602693
0,36583631491,124652356
0,36585969146,124695811
0,36588306782,124733834
0,36590644418,124767104
0,36592982073,124796216
0,36595319708,124821689
0,36597657344,124843977
0,36599994999,124863479
0,36602332635,124880544
0,36604670271,124895476
0,36607007926,125033541
0,36609345562,125029348
0,36611683198,125025679
0,36614020852,125147469
0,36616358488,125129035
0,36618696124,124987905
0,36621033779,124864416
0,36623371415,124756364
0,36625709051,124661818
0,36628046706,124579090
0,36630384342,124506703
0,36632721977,124443365
0,36635059632,124387944
0,36637397268,124339451
0,36639734904,124297019
0,36642072559,124259891
0,36644410195,124227404
0,36646747831,124198978
0,36649085485,124174105
0,36651423121,124152341
0,36653760757,124133298
0,36656098412,124116635
0,36658436048,124102055
0,36660773684,124089298
0,36663111339,124078135
0,36665448975,124068368
0,36667786610,124059822
0,36670124265,124052344
0,36672461901,124045801
0,36674799537,124040075
0,36677137192,124035065
0,36679474828,124030681
0,36681812464,124026845
0,36684150119,124023489
0,36686487754,124020552
0,36688825390,124017983
0,36691163045,124015735
0,36693500681,124013768
0,36695838317,124012047
0,36698175972,124010541
0,36700513608,124009223
0,36702851244,124008070
0,36705188898,124007061
0,36707526534,124006178
0,36709864170,124005405
0,36712201825,124004729
0,36714539461,124004137
0,36716877097,124003619
0,36719214752,124003166
0,36721552388,124002770
0,36723890023,124002423
0,36726227678,124002120
0,36728565314,124001855
0,36730902950,123876623
0,36733240605,123892045
0,36735578241,123905539
0,36737915877,123792346
0,36740253532,123818302
0,36742591167,123841014
0,36744928822,123735887
0,36747266458,123768901
0,36749604094,123797788
0,36751941749,123698064
0,36754279385,123735806
0,36756617021,123768830
0,36758954675,123672726
0,36762439529,123838635
0,36764777165,123983805
0,36767114820,124110829
0,36769452456,124221975
0,36771790092,124319228
0,36774127747,124404324
0,36776465383,124478783
0,36778803018,124543935
0,36781140673,124600943
0,36783478309,124650825
0,36785815945,124694471
0,36788153600,124732662
0,36790491236,124766079
0,36792828872,124795319
0,36795166527,124820904
0,36797504162,124843291
0,36799841798,124862879
0,36802179453,124880019
0,36804517089,124895016
0,36806854725,124908139
0,36809192380,124919621
0,36811530016,124929668
0,36813867652,124938459
0,36816205306,125321151
0,36818542942,125531007
0,36820880578,125714631
0,36823218233,126000302
0,36824408651,126000264
0,36826746287,126000231
0,36829083942,126125202
0,36831421578,126109551
0,36833759214,126095857
0,36836096868,126208874
0,36838434504,126182764
0,36840772140,126159918
0,36843109795,126264928
0,36845447431,126231812
0,36847785067,126202835
0,36850122722,126302480
0,36852460358,126264670
0,36854797993,126231586
0,36857135648,126327637
0,36859473284,126286682
0,36861810920,126250846
0,36864148575,126344490
0,36866486211,126301428
0,36868823847,126263749
0,36871161502,126355780
0,36873499137,126311307
0,36875836773,126272393
0,36878174428,126363343
0,36880512064,126317925
0,36882849700,126278184
0,36885187355,126368411
0,36887524991,126197359
0,36889862627,126047689
0,36892200281,125916727
0,36895685135,125927136
0,36898022790,126061244
0,36900360426,126053588
0,36902698062,126046889
0,36905035717,126166027
0,36907373353,126145273
0,36909710989,126127113
0,36912048643,126236223
0,36914386279,126206695
0,36916723915,126180858
0,36919061570,126283250
0,36921399206,126247843
0,36923736842,126216862
0,36926074497,126314754
0,36928412133,126275409
0,36930749769,126240982
0,36933087423,126335859
0,36935425059,126293876
0,36937762695,126257141
0,36940100350,126349998
0,36942437986,126306248
0,36944775622,126267967
0,36947113277,126359471
0,36949450913,126314537
0,36951788548,126400219
0,36954126203,126600191
0,36956463839,126650167
0,36957654257,126568896
0,36959991912,126497784
0,36962329548,126435561
0,36964667184,126381115
0,36967004839,126458475
0,36969342475,126401165
0,36971680110,126351019
0,36974017765,126432141
0,36976355401,126378123
0,36978693037,126330857
0,36981030692,126414499
0,36983368328,126362686
0,36985705964,126317350
0,36988043619,126402681
0,36990381255,126352345
0,36992718890,126308301
0,36995056545,126394763
0,36997394181,126345417
0,36999731817,126302239
0,37002069472,126389459
0,37004407108,126340776
0,37006744744,126298179
0,37009082399,126385906
0,37011420034,126337667
0,37013757670,126295458
0,37016095325,126383525
0,37018432961,126335584
0,37020770597,126168636
0,37023108252,126022556
0,37025445888,125894736
0,37028930761,125907894
0,37031268396,125919407
0,37033606032,125929481
0,37035943687,125938295
0,37038281323,125946008
0,37040618959,125952757
0,37042956614,125958662
0,37045294250,125963829
0,37047631886,125968350
0,37049969541,125972306
0,37052307176,125975767
0,37054644812,125978796
0,37056982467,125981446
0,37059320103,125983765
0,37061657739,125985794
0,37063995394,125987569
0,37066333030,125989122
0,37068670666,125990481
0,37071008321,126116670
0,37073345956,126102086
0,37075683592,126089325
0,37078021247,126203159
0,37080358883,126177764
0,37082696519,126155543
0,37085034174,126386100
0,37087371810,126587837
0,37089709446,126639357
0,37092047100,126809437
0,37094384736,126833257
0,37096722372,126854099
0,37099060027,126997336
0,37101397663,126997669
0,37103735299,126997960
0,37106072954,127123215
0,37108410590,127107813
0,37110748226,127094336
0,37113085880,127207544
0,37115423516,127181601
0,37117761152,127158900
0,37120098807,127264037
0,37122436443,127231032
0,37124774079,127202153
0,37127111734,127301883
0,37129449370,127264147
0,37131787006,127231128
0,37134124660,127327237
0,37136462296,127286332
0,37138799932,127250540
0,37141137587,127344222
0,37143475223,127301194
0,37145812859,127263544
0,37148150514,127355601
0,37150488150,127311150
0,37152825786,127272256
0,37155163440,127238224
0,37157501076,127083446
0,37159838712,126948015
0,37162176367,126954513
0,37164514003,126835198
0,37166851639,126730798
0,37169189294,126764448
0,37171526930,126668892
0,37173864566,126585280
0,37176202220,126637120
0,37178539856,126557480
0,37180877492,126487795
0,37183215147,126551820
0,37185552783,126482842
0,37187890419,126422486
0,37190228074,126494675
0,37192565710,126432840
0,37194903346,126378735
0,37197241000,126331393
0,37199578636,126289968
0,37201916272,126253722
0,37204253927,126222006
0,37206591563,126194255
0,37208929218,126169973
0,37211266854,126148726
0,37213604490,126130135
0,37215942145,126113868
0,37218279780,126099634
0,37220617416,126087179
0,37222955071,126076281
0,37225292707,126066745
0,37227630343,126058401
0,37229967998,126051100
0,37232305634,126044712
0,37234643270,126039123
0,37236980925,126034232
0,37239318561,126029953
0,37241656196,126026208
0,37243993851,126022932
0,37246331487,126020065
0,37248669123,126017556
0,37251006778,126140361
0,37253344414,126122815
0,37255682050,126107463
0,37258019705,126219030
0,37260357341,126191651
0,37262694976,126167694
0,37265032631,126271732
0,37267370267,126237765
0,37269707903,126208044
0,37272045558,126307038
0,37274383194,126268658
0,37276720830,126235075
0,37279058485,126330690
0,37281396121,126289353
0,37283733757,126253183
0,37286071411,126346535
0,37288409047,126303218
0,37290746683,126265315
0,37293084338,126357150
0,37295421974,126312506
0,37297759610,126273442
0,37300097265,126364261
0,37302434901,126318728
0,37305919755,126403887
0,37308257409,126603401
0,37310595045,126652975
0,37312932700,126696353
0,37315270336,126859308
0,37317607972,126876894
0,37319945627,126892282
0,37322283263,127030746
0,37324620899,127026902
0,37326958554,127023539
0,37329296189,127145596
0,37331633825,127127396
0,37333971480,127111471
0,37336309116,127222537
0,37338646752,127194719
0,37340984407,127170379
0,37343322043,127274081
0,37345659679,127239820
0,37347997334,127209842
0,37350334969,127308611
0,37352672605,127270034
0,37355010260,127361279
0,37357347896,127691119
0,37359685532,127979729
0,37362023187,128232262
0,37364360823,128453229
0,37366698459,128646575
0,37369036114,128815753
0,37370226532,128838783
0,37372564168,128858935
0,37374901803,128751568
0,37377239458,128782622
0,37379577094,128684794
0,37381914730,128599194
0,37384252385,128649294
0,37386590021,128568132
0,37388927657,128497115
0,37391265312,128559975
0,37393602948,128489978
0,37395940602,128428730
0,37398278238,128500138
0,37400615874,128437620
0,37402953529,128382917
0,37405291165,128460052
0,37407628801,128402545
0,37409966456,128352226
0,37412304092,128433197
0,37414641728,128379047
0,37416979383,128331666
0,37419317018,128415207
0,37421654654,128363306
0,37423992309,128317892
0,37426329945,128403155
0,37428667581,128352760
0,37431005236,128433665
0,37433342872,128379456
0,37435680508,128207024
0,37438018163,128181146
0,37440355799,128158502
0,37442693434,128013689
0,37446178307,128136977
0,37448515943,128244854
0,37450853579,128214247
0,37453191234,128312466
0,37455528870,128398407
0,37457866506,128348606
0,37460204161,128430030
0,37462541797,128501276
0,37464879433,128438616
0,37467217087,128508789
0,37469554723,128570190
0,37471892359,128498916
0,37474230014,128561551
0,37476567650,128616357
0,37478905286,128539312
0,37481242941,128596898
0,37483580577,128522285
0,37485918213,128456999
0,37488255867,128524874
0,37490593503,128459264
0,37492931139,128401856
0,37495268794,128476624
0,37497606430,128417046
0,37499944085,128489915
0,37502281721,128678675
0,37504619357,128843840
0,37506957012,128863360
0,37509294648,129005440
0,37510485066,129004760
0,37512822701,128879165
0,37515160356,128894269
0,37517497992,128907485
0,37519835628,128794049
0,37522173283,128819792
0,37524510919,128842318
0,37526848555,128737028
0,37529186210,128769899
0,37531523846,128798661
0,37533861482,128698828
0,37536199136,128736474
0,37538536772,128769414
0,37540874408,128673237
0,37543212063,128714082
0,37545549699,128749821
0,37547887335,128656093
0,37550224990,128699081
0,37552562626,128736695
0,37554900262,128644608
0,37557237917,128689032
0,37559575553,128602903
0,37561913188,128527540
0,37564250843,128586597
0,37566588479,128513272
0,37568926115,128449113
0,37571263770,128517973
0,37574748624,128453226
0,37577086279,128521572
0,37579423915,128581375
0,37581761551,128508703
0,37584099205,128570115
0,37586436841,128623850
0,37588774477,128545868
0,37591112132,128602634
0,37593449768,128652304
0,37595787404,128570766
0,37598125059,128624420
0,37600462695,128671367
0,37602800331,128587446
0,37605137986,128639015
0,37607475622,128684138
0,37609813257,128598620
0,37612150912,128648792
0,37614488548,128692693
0,37616826184,128606106
0,37619163839,128655342
0,37621501475,128698424
0,37623839111,128611121
0,37626176766,128659730
0,37628514402,128702263
0,37630852038,128614480
0,37633189692,128662670
0,37635527328,128704836
0,37639012201,128866731
0,37640202619,129008389
0,37642540255,129132340
0,37644877891,129115797
0,37647215546,129226322
0,37649553182,129323031
0,37651890818,129282652
0,37654228473,129372320
0,37656566109,129450780
0,37658903744,129394432
0,37661241399,129470128
0,37663579035,129536362
0,37665916671,129469316
0,37668254326,129535651
0,37670591962,129593694
0,37672929598,129519482
0,37675267253,129579546
0,37677604889,129632102
0,37679942544,129553089
0,37682280180,129608952
0,37684617815,129657833
0,37686955470,129575603
0,37689293106,129628652
0,37691630742,129675070
0,37693968397,129590686
0,37696306033,129641850
0,37698643669,129686618
0,37700981324,129600790
0,37702171742,129400691
0,37704509378,129100604
0,37706847014,128838028
0,37709184668,128733274
0,37711522304,128516614
0,37713859940,128327037
0,37717344813,128411157
0,37719682449,128359762
0,37722020104,128439791
0,37724357740,128509817
0,37726695376,128446089
0,37729033031,128515327
0,37731370667,128575911
0,37733708303,128503922
0,37736045957,128565931
0,37738383593,128620189
0,37740721229,128542665
0,37743058884,128599831
0,37745396520,128649852
0,37747734156,128568620
0,37750071811,128622542
0,37752409447,128669724
0,37754747083,128586008
0,37757084738,128637757
0,37759422374,128683037
0,37761760009,128597657
0,37764097664,128647949
0,37766435300,128441955
0,37768772936,128386710
0,37771110591,128463371
0,37773448227,128530449
0,37775785863,128464142
0,37778123518,128531124
0,37781608372,128714733
0,37782798790,128625391
0,37785136445,128672217
0,37787474080,128713189
0,37789811716,128624040
0,37792149371,128671035
0,37794487007,128712155
0,37796824643,128623135
0,37799162298,128670243
0,37801499934,128711462
0,37803837570,128622529
0,37806175225,128669712
0,37808512861,128710998
0,37810850497,128622123
0,37813188152,128669357
0,37815525787,128710687
0,37817863423,128621851
0,37820201078,128669119
0,37822538714,128710479
0,37824876350,128621669
0,37827214005,128668960
0,37829551641,128710340
0,37831889277,128746547
0,37834226932,128903228
0,37836564568,129040324
0,37838902204,129035283
0,37841239858,129155872
0,37843577494,129261388
0,37845915130,129103714
0,37848252785,129090749
0,37850590421,128954405
0,37852928057,128835104
0,37855265712,128855716
0,37857603348,128748751
0,37861088221,128905157
0,37863425857,129042012
0,37865763493,129036760
0,37868101147,129157165
0,37870438783,129262519
0,37872776419,129229704
0,37875114074,129325991
0,37877451710,129410242
0,37879789346,129358961
0,37882127001,129439090
0,37884464637,129509203
0,37886802273,129445552
0,37889139928,129514858
0,37891477564,129575500
0,37893815200,129503562
0,37896152854,129565616
0,37898490490,129869914
0,37900828126,130136174
0,37903165781,130369152
0,37905503417,130573008
0,37907841053,130751382
0,37910178708,130907459
0,37912516344,130919026
0,37914853980,131054147
0,37917191635,131172378
0,37919529271,131275830
0,37921866907,131366351
0,37924204561,131445557
0,37925394979,131389862
0,37927732615,131341129
0,37930070270,131298487
0,37932407906,131261176
0,37934745542,131228529
0,37937083197,131199962
0,37939420833,131174966
0,37941758469,131153095
0,37944096124,131133958
0,37946433760,131117213
0,37948771396,131102561
0,37951109050,131089740
0,37953446686,131078522
0,37955784322,131068706
0,37958121977,131060117
0,37960459613,131052602
0,37962797249,131046026
0,37965134904,131040272
0,37967472540,131035238
0,37969810176,131030833
0,37972147831,131026978
0,37974485467,131023605
0,37976823103,131020654
0,37979160758,131018072
0,37981498393,131015813
0,37983836029,131013836
0,37986173684,131012106
0,37988511320,131010592
0,37990848956,130759268
0,37993186611,130664359
0,37995524247,130581314
0,37997861883,130383649
0,38000199538,130335692
0,38003684392,130418730
0,38006022047,130491388
0,38008359682,130554964
0,38010697318,130610593
0,38013034973,130659268
0,38015372609,130701859
0,38017710245,130739126
0,38020047900,130771735
0,38022385536,130800268
0,38024723172,130825234
0,38027060827,130847079
0,38029398463,130866194
0,38031736099,130882919
0,38034073754,130897554
0,38036411390,130910359
0,38038749025,130921564
0,38041086680,130931368
0,38043424316,130939947
0,38045761952,130947453
0,38048099607,130954021
0,38050437243,130959768
0,38052774879,130964797
0,38055112534,130969197
0,38057450170,131098047
0,38059787806,131210791
0,38062125461,131309442
0,38064463097,131395761
0,38066800733,131471290
0,38067991169,131287378
0,38070328805,131251455
0,38072666441,131220023
0,38075004096,131192520
0,38077341732,131168455
0,38079679368,131147398
0,38082017023,131128973
0,38084354659,131112851
0,38086692295,131098744
0,38089029950,131086401
0,38091367586,131075600
0,38093705222,131066150
0,38096042877,131057881
0,38098380512,131050645
0,38100718148,131044314
0,38103055803,131038774
0,38105393439,131033927
0,38107731075,131029686
0,38110068730,131025975
0,38112406366,131022728
0,38114744002,131019887
0,38118228875,131142401
0,38120566511,131249600
0,38122904147,131343400
0,38125241802,131425475
0,38127579437,131497290
0,38129917073,131560128
0,38132254728,131615112
0,38134592364,131538223
0,38136930000,131345945
0,38139267655,131302701
0,38141605291,131264863
0,38143942927,131106755
0,38146280582,131093410
0,38148618218,131081733
0,38150955873,130946516
0,38153293509,130953201
0,38155631145,130959050
0,38157968799,130839168
0,38160306435,130859272
0,38162644071,130876863
0,38164981726,130767255
0,38167319362,130796348
0,38169656998,130821804
0,38171994653,130719078
0,38174332289,130754193
0,38176669925,130784918
0,38180154798,130936803
0,38182492434,131069702
0,38183682852,131060989
0,38186020507,131053365
0,38188358143,131046694
0,38190695778,131040857
0,38193033433,131035749
0,38195371069,131031280
0,38197708705,131027370
0,38200046360,131273948
0,38202383996,131364704
0,38204721632,131444116
0,38207059287,131513601
0,38209396923,131574400
0,38211734559,131627600
0,38214072214,131674150
0,38216409850,131714881
0,38218747486,131750520
0,38221085140,131781705
0,38223422776,131808991
0,38225760412,131832867
0,38228098067,131853758
0,38230435703,131872038
0,38232773339,131888033
0,38235110994,131902028
0,38237448630,131914274
0,38239786266,131924989
0,38242123921,131934365
0,38244461557,131942569
0,38245651975,131824747
0,38247989630,131471653
0,38250327266,131287696
0,38252664902,131126734
0,38255002556,130985892
0,38257340192,130862655
0,38259677828,130754823
0,38262015483,130660470
0,38265500337,130702911
0,38267837973,130740047
0,38270175628,130772541
0,38272513264,130800973
0,38274850900,130825851
0,38277188555,130847619
0,38279526191,130866666
0,38281863827,130883332
0,38284201482,130897915
0,38286539117,130910675
0,38288876753,130921840
0,38291214408,130931610
0,38293552044,130940158
0,38295889680,130947638
0,38298227335,130954183
0,38300564971,130959910
0,38302902607,130964921
0,38305240262,130969305
0,38307577898,130973141
0,38309915534,130726498
0,38312253189,130635685
0,38314590825,130681224
0,38316928461,130596071
0,38319266116,130646562
0,38321603751,130690741
0,38323941387,130604398
0,38327426260,130778848
0,38329763896,130931492
0,38330954333,130815055
0,38333291969,130838173
0,38335629605,130858401
0,38337967260,130751100
0,38340304896,130782212
0,38342642532,130809435
0,38344980187,130708255
0,38347317823,130744723
0,38349655459,130776632
0,38351993114,130679553
0,38354330749,130719608
0,38356668385,130754657
0,38359006040,130785324
0,38361343676,130812158
0,38363681312,130835638
0,38366018967,130856183
0,38368356603,130874160
0,38370694239,130889890
0,38373031894,130903653
0,38375369530,130915696
0,38377707166,131051234
0,38380044821,131294829
0,38382382457,131382975
0,38384720093,131460103
0,38387057748,131527590
0,38390542601,131711641
0,38392880237,131872685
0,38394070674,131888599
0,38396408310,131777524
0,38398745946,131680333
0,38401083601,131595291
0,38403421237,131520879
0,38405758873,131455769
0,38408096528,131398797
0,38410434164,131348947
0,38413919018,131430328
0,38416256673,131501537
0,38418594309,131563844
0,38420931945,131618363
0,38423269599,131666067
0,38425607235,131707808
0,38427944871,131744332
0,38430282526,131776290
0,38432620162,131804253
0,38434957817,131828721
0,38437295453,131850130
0,38439633089,132118863
0,38441970744,132354005
0,38444308380,132684754
0,38446646016,132849159
0,38448983671,132993014
0,38451321307,133243887
0,38453658943,133338401
0,38455996598,133421100
0,38457187016,133493462
0,38459524651,133306779
0,38461862287,133143431
0,38464199942,133250502
0,38466537578,133219189
0,38468875214,133191790
0,38471212869,133292816
0,38473550505,133256214
0,38477035378,133474187
0,38479373014,133664913
0,38480563432,133581798
0,38482901068,133509073
0,38485238723,133570438
0,38487576359,133499133
0,38489913995,133436741
0,38492251650,133382148
0,38494589286,133334379
0,38496926921,133292581
0,38499264576,133256008
0,38501602212,133224007
0,38503939848,133196006
0,38506277503,133171505
0,38508615139,133150066
0,38510952794,133131307
0,38513290430,133114893
0,38515628066,133100531
0,38517965721,133087964
0,38520303357,133076968
0,38522640993,132942347
0,38524978648,132824553
0,38527316284,132846483
0,38529653920,132865672
0,38531991575,132882463
0,38534329210,132897155
0,38536666846,132910010
0,38540151719,133171258
0,38542489355,133274850
0,38543679773,133240493
0,38546017428,133210431
0,38548355064,133059127
0,38550692700,132926736
0,38553030355,132935894
0,38555367991,132818907
0,38557705627,132716543
0,38560043282,132751975
0,38563528136,132782978
0,38565865772,132810105
0,38568203427,132958841
0,38570541063,132963985
0,38572878698,132968486
0,38575216353,133097425
0,38577553989,133085246
0,38579891625,133074590
0,38582229280,133190266
0,38584566916,133166482
0,38586904552,133145671
0,38589242207,133252462
0,38591579843,133345904
0,38593917479,133427666
0,38596255134,133624207
0,38598592770,133671181
0,38600930406,133712283
0,38603268061,133873247
0,38605605697,133889091
0,38606796115,133777954
0,38609133770,133555709
0,38611471405,133361245
0,38613809041,133316089
0,38616146696,133401577
0,38618484332,133351379
0,38620821968,133307456
0,38623159623,133394024
0,38626644477,133469771
0,38628982132,133536049
0,38630172550,133594042
0,38632510186,133519786
0,38634847822,133454812
0,38637185477,133522960
0,38639523113,133457590
0,38641860749,133400391
0,38644198404,133475342
0,38646536040,133415924
0,38648873676,133363933
0,38651211330,133443441
0,38653548966,133388010
0,38655886602,133339508
0,38659371475,133547069
0,38661709111,133603685
0,38664046766,133778224
0,38666384402,133930946
0,38668722038,133939577
0,38671059693,134072129
0,38673397329,133938112
0,38675734965,133820848
0,38678072620,133968242
0,38680410256,133972211
0,38682747892,133975684
0,38685085547,134103723
0,38687423183,134090757
0,38689760819,134079412
0,38692098473,134194485
0,38694436109,134170174
0,38696773745,134023902
0,38699111400,134020914
0,38701449036,133893299
0,38703786672,133781636
0,38706124327,133808931
0,38708461963,133707814
0,38710799599,133619337
0,38713137254,133666919
0,38715474890,133583554
0,38717812526,133510609
0,38720150181,133571782
0,38723635035,133625309
0,38725972690,133672145
0,38727163108,133713126
0,38729500744,133623985
0,38731838380,133545986
0,38734176034,133602737
0,38736513670,133527394
0,38738851306,133461469
0,38741188961,133653785
0,38743526597,133697061
0,38745864233,133734928
0,38748201888,133893062
0,38750539524,133906429
0,38752877160,133918125
0,38755214815,134053359
0,38757552451,134046689
0,38759890087,133915852
0,38762227742,133926370
0,38764565378,133935573
0,38766903014,133943626
0,38769240669,134075672
0,38771578305,134066213
0,38773915941,134057936
0,38776253596,134175694
0,38778591231,134153732
0,38780928867,134134515
0,38783266522,134242700
0,38785604158,134212362
0,38787941794,134185816
0,38789132231,134162589
0,38791469867,133892265
0,38793807503,133655731
0,38796145158,133448764
0,38798482794,133267668
0,38800820430,133109209
0,38803158085,132970557
0,38805495721,132849237
0,38808980594,132868082
0,38811318230,132884571
0,38813655866,132898999
0,38815993521,132911624
0,38818331157,132922671
0,38820668793,132932337
0,38823006447,133065794
0,38825344083,133057569
0,38827681719,133050372
0,38830019374,133169075
0,38832357010,133147940
0,38834694646,133129447
0,38837032301,133238266
0,38839369937,133208482
0,38841707573,133182421
0,38844045228,133284618
0,38846382864,133249040
0,38848720500,133217910
0,38851058155,133315671
0,38853395791,133276212
0,38855733427,133116685
0,38858071082,133102099
0,38860408718,133089336
0,38862746354,133078169
0,38865084009,133193397
0,38867421645,133169222
0,38869759280,133148069
0,38872096935,133254560
0,38875581789,133347740
0,38876772207,133304272
0,38879109862,133391238
0,38881447498,133342333
0,38883785134,133299541
0,38886122789,133387098
0,38888460425,133338710
0,38890798061,133296371
0,38893135716,133384324
0,38895473352,133336283
0,38897810988,133294247
0,38900148643,133382466
0,38902486279,133334657
0,38904823915,133292824
0,38907161570,133381221
0,38909499206,133333568
0,38911836842,133291872
0,38914174497,133380388
0,38916512132,133332839
0,38918849768,133291234
0,38921187423,133379829
0,38923525059,133457350
0,38925862695,133525181
0,38928200350,133709533
0,38931685204,133870841
0,38934022859,134136985
0,38936360495,134369861
0,38938698131,134448628
0,38941035786,134642549
0,38942226204,134562230
0,38944563840,134366951
0,38946901476,134196082
0,38949239131,134171571
0,38951576767,134025124
0,38953914403,133896983
0,38956252058,133784860
0,38958589694,133686752
0,38962074567,133850908
0,38964412203,133869544
0,38966749838,133885851
0,38969087493,134025119
0,38971425129,134021979
0,38973762765,134019231
0,38976100420,134141827
0,38978438056,134124098
0,38980775692,134358585
0,38983113347,134688761
0,38985450983,134977665
0,38987788619,135105456
0,38990126274,135342274
0,38992463910,135549489
0,38994801546,135605802
0,38997139201,135780076
0,38998329619,135807566
0,39000667255,135706620
0,39003004910,135743292
0,39005342546,135775380
0,39007680182,135678457
0,39010017837,135593649
0,39012355473,135644442
0,39014693109,135563886
0,39017030763,135618400
0,39019368399,135666100
0,39021706035,135582837
0,39024043690,135634982
0,39026381326,135680609
0,39028718962,135595532
0,39031056617,135646090
0,39033394253,135690328
0,39035731889,135604037
0,39038069544,135653532
0,39040407180,135696840
0,39042744816,135609735
0,39045082471,135658518
0,39047420107,135701203
0,39049757743,135613552
0,39052095398,135661858
0,39054433034,135704125
0,39056770670,135616109
0,39059108325,135664095
0,39061445961,135706083
0,39063783597,135617822
0,39066121252,135540594
0,39068458888,135348019
0,39070796523,135179516
0,39073134178,135157076
0,39075471814,135012441
0,39077809450,135010885
0,39080147105,135134524
0,39083631959,135367708
0,39085969614,135446744
0,39088307250,135640901
0,39090644886,135810788
0,39092982541,135834439
0,39095320177,135980134
0,39097657813,135857617
0,39099995468,135750414
0,39102333104,135781612
0,39104670740,135683910
0,39107008395,135723421
0,39109346031,135757993
0,39111683667,135663243
0,39114021322,135705337
0,39116358958,135742169
0,39118696594,135649397
0,39121034249,135693222
0,39123371885,135731569
0,39125709520,135640122
0,39128047175,135685106
0,39130384811,135724467
0,39132722447,135633908
0,39135060102,135804669
0,39137397738,135954085
0,39139735374,135959824
0,39142073029,136089846
0,39144410665,136203615
0,39146748301,136178163
0,39149085956,136280892
0,39150276374,136245780
0,39152614010,136090057
0,39154951646,135953799
0,39157289301,135959574
0,39159626937,135839627
0,39161964592,135734673
0,39164302228,135767838
0,39166639864,135671858
0,39168977519,135587875
0,39171315155,135639390
0,39173652791,135559466
0,39175990446,135489532
0,39178328082,135553340
0,39180665718,135484172
0,39183003372,135548650
0,39185341008,135605068
0,39187678644,135529434
0,39190016299,135588254
0,39192353935,135639722
0,39194691571,135559756
0,39197029226,135614786
0,39199366862,135662937
0,39201704498,135580069
0,39204042153,135632560
0,39206379789,135678490
0,39208717425,135593678
0,39211055080,135644468
0,39213392716,135688909
0,39215730352,135602795
0,39218068007,135527445
0,39220405643,135461514
0,39222743279,135278824
0,39226228152,135368971
0,39228565788,135447849
0,39230903424,135391867
0,39233241079,135467883
0,39235578715,135534397
0,39237916351,135467597
0,39240254006,135534147
0,39242591642,135467378
0,39244929278,135408955
0,39247266932,135482835
0,39249604568,135422480
0,39251942204,135369670
0,39254279859,135448461
0,39256617495,135392403
0,39258955131,135343352
0,39261292786,135425433
0,39263630422,135372253
0,39265968077,135325721
0,39268305713,135410005
0,39270643349,135358754
0,39272981004,135313909
0,39275318640,135399670
0,39277656276,135349711
0,39279993931,135305997
0,39282331567,135392747
0,39284669203,135343653
0,39287006858,135550696
0,39290491712,135856859
0,39292829348,136124751
0,39294019785,136234157
0,39296357421,136329887
0,39298695057,136413651
0,39301032712,136486944
0,39303370348,136551076
0,39305707984,136607191
0,39308045639,136656292
0,39310383275,136699255
0,39312720910,136736848
0,39315058565,136769742
0,39317396201,136798524
0,39319733837,136698708
0,39322071492,136736369
0,39324409128,136769322
0,39326746764,136673156
0,39329084419,136714011
0,39331422055,136749759
0,39333759691,136656039
0,39336097346,136699034
0,39338434982,136736654
0,39340772618,136644572
0,39343110273,136689000
0,39345447909,136727875
0,39347785545,136636890
0,39350123200,136682278
0,39352460836,136721993
0,39354798472,136631743
0,39357136127,136677775
0,39358326545,136593053
0,39360664181,136268921
0,39363001836,136110305
0,39365339472,135971516
0,39367677108,135725076
0,39370014763,135634441
0,39372352399,135555135
0,39374690035,135360743
0,39377027690,135315650
0,39380512544,135401193
0,39382850179,135351043
0,39385187834,135432162
0,39387525470,135503141
0,39389863106,135440248
0,39392200761,135510217
0,39394538397,135571439
0,39396876033,135500009
0,39399213688,135562507
0,39401551324,135617193
0,39403888960,135540043
0,39406226615,135597537
0,39408564251,135647844
0,39410901887,135566863
0,39413239542,135621005
0,39415577178,135668379
0,39417914814,135584831
0,39420252469,135636727
0,39422590105,135557136
0,39424927741,135362494
0,39427265396,135317182
0,39429603032,135277534
0,39431940668,135242842
0,39434278323,135337486
0,39436615959,135295300
0,39438953595,135258387
0,39441291250,135351088
0,39443628886,135307202
0,39445966522,135268801
0,39448304177,135360200
0,39450641813,135315175
0,39452979468,135275778
0,39455317104,135366305
0,39457654740,135320516
0,39459992394,135280451
0,39462330030,135370394
0,39464667666,135324094
0,39467005321,135408582
0,39469342957,135482509
0,39471680593,135422195
0,39474018248,135494420
0,39476355884,135557617
0,39478693520,135487914
0,39481031175,135551924
0,39483368811,135607933
0,39485706447,135531941
0,39488044102,135590448
0,39490381738,135641642
0,39492719374,135561436
0,39495057029,135741256
0,39497394665,135898599
0,39499732301,135911274
0,39502069956,136047364
0,39504407592,136166443
0,39506745228,136145637
0,39509082883,136252432
0,39511420519,136345878
0,39513758155,136302643
0,39516095810,136264812
0,39518433446,136231710
0,39520771082,136077746
0,39524255955,136193027
0,39526593591,136293898
0,39528931227,136257160
0,39531268882,136350015
0,39533606518,136431263
0,39535944154,136377355
0,39538281809,136455185
0,39540619445,136523286
0,39542957081,136457875
0,39545294735,136525640
0,39547632371,136584935
0,39549970007,136511818
0,39552307662,136572840
0,39554645298,136626235
0,39556982953,136547955
0,39559320589,136604460
0,39561658225,136653902
0,39563995880,136572164
0,39566333516,136625643
0,39568671152,136672437
0,39571008807,137088382
0,39573346443,137327334
0,39575684079,137536417
0,39578021734,137844364
0,39580359370,137988818
0,39582697006,138115215
0,39585034661,138350813
0,39587372297,138431961
0,39589709933,138502965
0,39592047588,138690094
0,39593238006,138603832
0,39595575642,138528353
0,39597913278,138462308
0,39600250933,138404519
0,39602588569,138353954
0,39604926205,138184709
0,39607263860,138161620
0,39609601496,138141417
0,39611939132,137998739
0,39614276787,137998896
0,39616614423,137999034
0,39618952059,137874154
0,39621289714,137889884
0,39623627350,137903648
0,39625964986,137790692
0,39628302641,137816855
0,39630640277,137839748
0,39632977932,137734779
0,39635315568,137767931
0,39637653204,137796939
0,39639990858,137697321
0,39642328494,137735155
0,39644666130,137768260
0,39647003785,137797227
0,39649341421,137822573
0,39651679057,137844751
0,39654016712,137864157
0,39656354348,137881137
0,39658691984,137895994
0,39661029639,137783994
0,39663367275,137685994
0,39665704911,137600244
0,39668042566,137525213
0,39670380202,137459561
0,39672717838,137402115
0,39675055493,137351850
0,39677393129,137307868
0,39679730765,137269384
0,39683215638,137360711
0,39685553274,137440622
0,39687890910,137510544
0,39690228565,137571726
0,39692566201,137625260
0,39694903837,137672102
0,39697241492,137713089
0,39699579128,137748952
0,39701916764,137780333
0,39704254419,137807791
0,39706592055,137831817
0,39708929691,137727839
0,39711267346,137761859
0,39713604982,137791626
0,39715942618,137692672
0,39718280273,137731088
0,39720617909,137764702
0,39722955545,137669114
0,39725293200,137710474
0,39727630836,137746664
0,39729968472,137653331
0,39732306127,137821664
0,39734643763,137968956
0,39736981418,138097836
0,39739319054,138210606
0,39741656690,138309280
0,39743994345,138395620
0,39746331981,138471167
0,39748669617,138537271
0,39751007271,138720112
0,39752197689,138630098
0,39754535325,138551335
0,39756872961,138482418
0,39759210616,138422115
0,39761548252,138369350
0,39763885888,138323181
0,39766223543,138282783
0,39768561179,138247435
0,39770898815,138216505
0,39773236470,138189441
0,39775574106,138165760
0,39777911742,138145040
0,39780249397,138126910
0,39782587033,138111046
0,39784924669,137972165
0,39787262324,137975644
0,39789599960,137978688
0,39791937596,137856352
0,39794275251,137874308
0,39796612887,137890019
0,39798950523,137778766
0,39801288178,137806420
0,39803625814,137830617
0,39805963450,137726789
0,39808301105,137760940
0,39810638741,137790822
0,39812976396,137691969
0,39815314032,137730472
0,39818798886,137889163
0,39821136541,137903017
0,39823474177,137915139
0,39825811813,137925746
0,39828149468,137935027
0,39830487104,137943148
0,39832824740,137950254
0,39835162395,137956472
0,39837500031,137961913
0,39839837667,137966673
0,39842175322,137970838
0,39844512958,137974483
0,39846850594,137977672
0,39849188249,137980463
0,39851525885,137982905
0,39853863521,137985041
0,39856201176,137986910
0,39858538812,137988546
0,39860876448,137989977
0,39863214103,137991229
0,39865551739,137992325
0,39867889375,137993284
0,39870227030,137994123
0,39872564666,137994857
0,39874902302,137995499
0,39877239957,137996061
0,39879577593,137996553
0,39883062466,138246983
0,39885400102,138341110
0,39887737738,138423471
0,39888928156,138245537
0,39891265811,138339844
0,39893603447,138422363
0,39895941082,138494567
0,39898278737,138557746
0,39900616373,138613027
0,39902954009,138661398
0,39905291664,138703723
0,39907629300,138740757
0,39909966936,138773162
0,39912304591,138801516
0,39914642227,138826326
0,39916979882,138848035
0,39919317518,138867030
0,39921655154,138883651
0,39923992809,138898194
0,39926330445,138910919
0,39928668081,138922054
0,39931005736,139056797
0,39933343372,139049697
0,39935681008,139043484
0,39938018663,139163048
0,39940356299,139142667
0,39942693935,139124833
0,39945031590,139234228
0,39947369226,139204949
0,39949706862,139179330
0,39950897280,139031913
0,39953234935,138902923
0,39955572571,138665057
0,39957910207,138331924
0,39960247862,138165433
0,39962585498,138019753
0,39964923134,137767283
0,39967260789,137671372
0,39969598425,137587450
0,39971936061,137389018
0,39974273716,137340390
0,39976611352,137297841
0,39980096225,137385610
0,39982433861,137462408
0,39984771497,137529607
0,39987109152,137588406
0,39989446788,137639855
0,39991784424,137684873
0,39994122079,137724263
0,39996459715,137758730
0,39998797351,137788888
0,40001135006,137815277
0,40003472642,137838367
0,40005810278,137858571
0,40008147933,137876249
0,40010485569,137891717
0,40012823205,137905252
0,40015160860,137917095
0,40017498496,137927458
0,40019836132,137686525
0,40022173787,137600709
0,40024511423,137525620
0,40026849059,137584917
0,40029186714,137636802
0,40031524350,137682201
0,40033861986,137721925
0,40036199641,137756684
0,40038537277,137787098
0,40040874913,137813710
0,40044359786,137961996
0,40046697422,138091746
0,40049035077,138330277
0,40050225495,138288992
0,40052563131,138252868
0,40054900767,138221259
0,40057238422,138193601
0,40059576058,138169400
0,40061913694,138148225
0,40064251349,138129696
0,40066588985,138113484
0,40068926621,137974298
0,40071264276,137977510
0,40073601912,137980321
0,40075939548,137857780
0,40078277203,137875557
0,40080614839,137891112
0,40082952475,137779723
0,40085290130,137807257
0,40087627766,137831349
0,40089965402,137977430
0,40092303057,138105251
0,40094640693,138217094
0,40096978329,138314957
0,40099315984,138400587
0,40101653620,138475513
0,40103991275,138541073
0,40106328911,138598438
0,40108666547,138648633
0,40111004202,138817553
0,40113341838,138840358
0,40115679474,138860313
0,40118017129,138752773
0,40120354765,138658676
0,40122692401,138576341
0,40125030056,138504298
0,40127367692,138441260
0,40129705328,138386102
0,40132042983,138337839
0,40134380619,138295609
0,40136718255,138258657
0,40139055910,138226324
0,40142540763,138323033
0,40144878399,138407653
0,40147216054,138481696
0,40149553690,138546484
0,40151891326,138603173
0,40154228981,138652776
0,40156566617,138696179
0,40158904253,138734156
0,40161241908,139142386
0,40163579544,139374587
0,40165917180,139577763
0,40168254835,139880542
0,40170592471,140020474
0,40172930107,140142914
0,40175267762,140375049
0,40177605398,140453167
0,40179943034,140521521
0,40182280689,140706330
0,40184618325,140618038
0,40186955961,140540783
0,40189293616,140473185
0,40191631252,140539036
0,40193968888,140596656
0,40196306543,140772074
0,40198644179,140800564
0,40200981815,140825493
0,40203319470,140972306
0,40205657106,140975767
0,40207994761,140978796
0,40210332397,141106446
0,40211522815,140968140
0,40213860451,140847122
0,40216198106,140866231
0,40218535742,140757952
0,40220873378,140663208
0,40223211033,140705307
0,40225548669,140617143
0,40227886305,140540000
0,40230223960,140597500
0,40232561596,140522812
0,40234899232,140457460
0,40237236887,140525277
0,40239574523,140459617
0,40241912159,140402164
0,40244249814,140476893
0,40246587450,140417281
0,40248925086,140365120
0,40251262741,140319480
0,40253600377,140279545
0,40255938013,140244601
0,40258275668,140214025
0,40260613304,140187271
0,40262950940,140163862
0,40265288595,140143379
0,40267626231,140125456
0,40269963867,140109774
0,40272301522,140096052
0,40274639158,140084045
0,40276976794,140073539
0,40279314449,140064346
0,40281652085,139931302
0,40283989740,139814889
0,40286327376,139713027
0,40288665012,139623898
0,40291002667,139670910
0,40293340303,139587046
0,40295677939,139513665
0,40298015594,139574456
0,40300353230,139502649
0,40303838084,139564817
0,40306175739,139744214
0,40308513375,139776187
0,40310851011,139804163
0,40313188666,139953642
0,40315526302,139959436
0,40317863938,139964506
0,40320201593,140093942
0,40322539229,140082199
0,40324876865,140071924
0,40327214520,140187933
0,40329552156,140164441
0,40331889792,140143885
0,40334227447,140250899
0,40336565083,140219536
0,40338902719,140192094
0,40341240374,140293082
0,40343578010,140256446
0,40345915646,140224390
0,40348253301,140321341
0,40350590937,140281173
0,40352928573,140371026
0,40355266228,140574647
0,40357603864,140627816
0,40359941500,140674339
0,40362279155,140840046
0,40364616791,140860040
0,40366954427,140877535
0,40369292082,141017843
0,40371629718,141015612
0,40372820136,140888660
0,40375157791,140902577
0,40377495427,140789754
0,40379833063,140691034
0,40382170718,140729654
0,40384508354,140638447
0,40386845990,140558641
0,40389183645,140613810
0,40391521281,140537083
0,40393858917,140469947
0,40396196572,140536203
0,40398534208,140469177
0,40400871844,140410529
0,40403209499,140484212
0,40405547135,140423685
0,40407884771,140370724
0,40411369644,140574383
0,40413707280,140627585
0,40416044935,140799136
0,40418382571,140949244
0,40420720207,140955588
0,40423057862,141086139
0,40425395498,141200371
0,40427733134,141175324
0,40430070789,141278408
0,40432408425,141243607
0,40434746062,141213156
0,40437083717,141311511
0,40439421353,141272572
0,40441758989,141238500
0,40444096644,141208687
0,40446434280,141057601
0,40448771916,140925400
0,40451109571,140934725
0,40453447207,140817884
0,40455784843,140715648
0,40458122498,140751192
0,40460460134,140657293
0,40462797770,140575131
0,40465135425,140628239
0,40467473061,140549709
0,40469810697,140480995
0,40473295570,140670870
0,40475633206,140712011
0,40477970842,140748009
0,40480308497,140904507
0,40481498915,140791443
0,40483836551,140692512
0,40486174206,140730948
0,40488511842,140639579
0,40490849478,140559631
0,40493187133,140614677
0,40495524769,140537842
0,40497862405,140470611
0,40500200060,140536784
0,40502537696,140469686
0,40504875332,140410975
0,40507212987,140484603
0,40509550623,140424027
0,40511888259,140371023
0,40514225914,140574645
0,40516563550,140627814
0,40518901186,140674337
0,40521238841,140840044
0,40523576477,140860038
0,40525914113,140877533
0,40528251768,141017841
0,40530589404,141015610
0,40532927040,141013658
0,40535264695,141136950
0,40537602331,141119831
0,40539939967,141104852
0,40542277622,141216745
0,40543468040,141064651
0,40545805676,140931569
0,40548143331,140940122
0,40550480967,140697606
0,40552818603,140485405
0,40555156258,140299729
0,40557493894,140137262
0,40559831530,139995104
0,40562169185,139870716
0,40564506821,139761876
0,40566844457,139666641
0,40569182112,139583310
0,40571519748,139510396
0,40573857384,139446596
0,40577342257,139515771
0,40579679893,139576299
0,40582017548,139754261
0,40584355184,139784978
0,40586692820,139811855
0,40589030475,139960373
0,40591368111,139965326
0,40593705747,139969660
0,40596043402,140098452
0,40598381038,140086145
0,40600718674,140075376
0,40603056329,140190954
0,40605393965,140167084
0,40607731601,140146198
0,40610069256,140252923
0,40612406892,140096307
0,40614744528,139959268
0,40617082183,139964359
0,40619419819,139843814
0,40621757455,139863337
0,40624095110,140005419
0,40626432746,140004741
0,40628770382,140004148
0,40631108037,140128629
0,40633445673,140112550
0,40635783309,140098481
0,40639268182,140336170
0,40641605818,140419148
0,40643943454,140491754
0,40646281109,140680284
0,40647471527,140595248
0,40649809163,140520842
0,40652146818,140580736
0,40654484454,140508144
0,40656822090,140444626
0,40659159745,140514047
0,40661497381,140449791
0,40663835017,140393567
0,40666172672,140469371
0,40668510308,140410699
0,40670847944,140359361
0,40673185599,140439440
0,40675523235,140384510
0,40677860871,140336446
0,40680198527,140419390
0,40682536163,140366966
0,40684873799,140446095
0,40687211454,140640333
0,40689549090,140685291
0,40691886726,140724629
0,40694224381,140884050
0,40696562017,140898543
0,40698899653,140911225
0,40701237308,141047321
0,40703574944,141041405
0,40707059817,141286229
0,40709397453,141500450
0,40710587871,141437893
0,40712925507,141383156
0,40715263162,141460261
0,40717600798,141277728
0,40719938434,141118012
0,40722276089,140978260
0,40724613725,140855977
0,40726951361,140748979
0,40729289016,140655356
0,40731626652,140573436
0,40733964288,140501756
0,40736301943,140439036
0,40738639579,140384156
0,40740977215,140336136
0,40744462088,140419119
0,40746799724,140491729
0,40749137379,140680262
0,40751475015,141095229
0,40753812651,141333325
0,40756150306,141666659
0,40758487942,141958326
0,40760825578,142088535
0,40763163233,142327468
0,40765500869,142536534
0,40767838505,142594467
0,40770176160,142770158
0,40772513796,142923888
0,40774851432,142933402
0,40777189087,143066726
0,40778379505,143058385
0,40780717141,142801086
0,40783054796,142700950
0,40785392432,142613331
0,40787730068,142411664
0,40790067723,142485206
0,40792405359,142549555
0,40794742995,142480860
0,40797080650,142545752
0,40799418286,142602533
0,40801755922,142527216
0,40804093577,142586314
0,40807578431,142763024
0,40809916067,142792646
0,40812253722,142943565
0,40814591358,143075619
0,40815781776,142941166
0,40818119431,142948520
0,40820457067,142954955
0,40822794703,142835585
0,40825132359,142856136
0,40827469995,142874119
0,40829807631,142764854
0,40832145286,142794247
0,40834482922,142819966
0,40836820558,142717470
0,40839158213,142752786
0,40841495849,142783687
0,40843833485,142685726
0,40846171140,142725010
0,40848508776,142509383
0,40850846412,142320710
0,40853184067,142405621
0,40855521703,142479918
0,40857859339,142419928
0,40860196994,142492437
0,40862534630,142555882
0,40864872266,142486396
0,40867209921,142550596
0,40869547557,142606771
0,40871885193,142530924
0,40875370066,142714558
0,40877707702,142875238
0,40878898120,142765833
0,40881235775,142795103
0,40883573411,142820715
0,40885911047,142593125
0,40888248702,142518984
0,40890586338,142329111
0,40892923974,142162972
0,40895261629,142142600
0,40897599265,141999775
0,40899936901,141874803
0,40902274556,141890452
0,40904612192,141779145
0,40906949828,141681751
0,40909287483,141721532
0,40912772337,141756340
0,40915109992,141911797
0,40917447628,142047822
0,40919785264,142041844
0,40922122919,142286613
0,40924460555,142500786
0,40926798191,142563187
0,40929135846,142742788
0,40931473482,142899939
0,40933811118,142912446
0,40936148773,143048390
0,40938486410,143167341
0,40940824046,143146423
0,40943161701,143253120
0,40945499337,143346480
0,40946689755,143178170
0,40949027410,143030898
0,40951365046,142902035
0,40953702682,142664280
0,40956040337,142581245
0,40958377973,142633589
0,40960715609,142554390
0,40963053264,142610091
0,40965390900,142658829
0,40967728536,142576475
0,40970066191,142629415
0,40972403827,142675738
0,40975888681,142716270
0,40978226336,142876736
0,40980563972,143017144
0,40982901608,143015001
0,40985239263,143138125
0,40987576899,143245859
0,40989914535,143215126
0,40992252190,143313235
0,40994589826,143399080
0,40996927462,143349195
0,40999265117,143430545
0,41001602753,143501726
0,41003940389,143439010
0,41006278044,143509133
0,41008615680,143570491
0,41010953316,143499179
0,41013290971,143561781
0,41015628607,143616558
0,41017966243,143414488
0,41020303898,143362677
0,41022641534,143442342
0,41024979170,143387049
0,41027316825,143463667
0,41029654461,143530708
0,41031992097,143464369
0,41034329753,143531322
0,41036667389,143589906
0,41039005044,143641167
0,41041342680,143686021
0,41044827534,143850268
0,41047165189,143993984
0,41048355607,143994736
0,41050693243,143995394
0,41053030898,143995969
0,41055368534,143871472
0,41057706170,143637538
0,41060043825,143557845
0,41062381461,143488114
0,41064719097,143302099
0,41067056752,143264336
0,41069394388,143231294
0,41071732024,143077382
0,41074069679,143067709
0,41076407315,143059245
0,41078744951,142926839
0,41081082606,142935984
0,41083420242,142943986
0,41085757878,142825987
0,41088095533,142847738
0,41090433169,142991770
0,41092770805,142992798
0,41095108460,143118698
0,41097446096,143228860
0,41099783732,143200252
0,41102121387,143300220
0,41104459023,143387692
0,41106796659,143339230
0,41109134314,143421826
0,41111471950,143494097
0,41113809586,143432334
0,41115000004,143378292
0,41117337660,143206005
0,41119675296,142930254
0,41122012951,142813972
0,41124350587,142712225
0,41126688223,142498196
0,41129025878,142435921
0,41131363514,142381430
0,41133701150,142208751
0,41136038805,142182657
0,41138376441,142159824
0,41140714077,142014846
0,41143051732,142012990
0,41146536586,142136366
0,41148874222,142119320
0,41151211877,142229405
0,41153549513,142325729
0,41155887149,142285012
0,41158224804,142374385
0,41160562440,142452586
0,41162900076,142396012
0,41165237731,142471510
0,41167575367,142537571
0,41169913003,142470374
0,41172250658,142536577
0,41174588294,142594504
0,41176925930,142520191
0,41179263585,142580167
0,41181601221,142507646
0,41183938857,142444190
0,41186276512,142388666
0,41188614148,142215082
0,41190951784,142188196
0,41193289439,142289671
0,41195627076,142253462
0,41197964712,142221779
0,41200302367,142319056
0,41202640003,142279174
0,41204977639,142244277
0,41207315294,142338742
0,41209652930,142296399
0,41211990566,142259349
0,41215475439,142476930
0,41217813075,142542313
0,41219003512,142599523
0,41221341148,142649582
0,41223678784,142568384
0,41226016439,142622336
0,41228354075,142669544
0,41230691711,142585851
0,41233029366,142637619
0,41235367002,142682916
0,41237704638,142597551
0,41240042293,142647857
0,41242379929,142691874
0,41244717565,142605389
0,41247055220,142654715
0,41249392856,142697875
0,41251730492,142610640
0,41254068147,142659310
0,41256405783,142701896
0,41258743419,142739159
0,41261081074,142896764
0,41263418710,143034668
0,41265756347,143030334
0,41268094002,143151542
0,41270431638,143257599
0,41272769274,143225399
0,41275106929,143322224
0,41277444565,143406946
0,41279782201,143356077
0,41282119856,143436567
0,41284457492,143506996
0,41286795128,143443621
0,41289132783,143388168
0,41291470419,143339647
0,41293808055,143172191
0,41296145710,143150667
0,41298483346,143131833
0,41300820982,142990353
0,41303158637,142991558
0,41305496273,142992613
0,41307833909,142868536
0,41310171564,142884969
0,41312509200,142899347
0,41314846836,142786928
0,41318331709,142938562
0,41320669345,143071241
0,41323007000,143187335
0,41325344636,143288918
0,41327682272,143377803
0,41330019927,143455577
0,41332357564,143523629
0,41334695200,143583175
0,41337032855,143635278
0,41339370491,143680868
0,41341708127,143970759
0,41344045782,144349414
0,41346383418,144555737
0,41348721054,144736269
0,41351058709,145019235
0,41353396345,145141830
0,41355733981,145249101
0,41358071636,145467963
0,41360409272,145409467
0,41362746908,145358283
0,41365084563,145438497
0,41367422199,145508684
0,41369759835,145570098
0,41372097490,145623835
0,41374435126,145670855
0,41376772762,145711998
0,41379110417,145747998
0,41381448053,145779498
0,41383785689,145807060
0,41386123344,145831177
0,41388460980,145852279
0,41389651398,145745744
0,41391989034,145527526
0,41394326690,145461585
0,41396664326,145403886
0,41399001962,145353400
0,41401339617,145309225
0,41403677253,145270571
0,41406014908,145236749
0,41408352544,145207155
0,41410690180,145181260
0,41413027835,145158602
0,41415365471,145138776
0,41417703107,145121429
0,41420040762,145106250
0,41422378398,145092968
0,41424716034,145081347
0,41427053689,145071178
0,41429391325,145062280
0,41431728961,145054495
0,41434066616,145047683
0,41436404252,145041722
0,41438741888,145036506
0,41441079543,145031942
0,41443417179,145027949
0,41445754815,145024455
0,41448092470,145021398
0,41450430106,145018723
0,41452767742,145016382
0,41455105398,145014334
0,41457443034,145012542
0,41459780670,145010974
0,41462118325,144884602
0,41464455961,144774026
0,41466793597,144552272
0,41469131252,144483238
0,41471468888,144422833
0,41473806524,144244978
0,41476144179,144214355
0,41478481815,144187560
0,41480819451,144039115
0,41483157106,144034225
0,41485494742,144029946
0,41488979596,144026202
0,41491317251,144147926
0,41493654887,144254435
0,41495992523,144222630
0,41498330178,144319801
0,41500667814,144404825
0,41503005450,144479221
0,41505343105,144544318
0,41507680741,144601278
0,41510018397,144651118
0,41512356033,144694728
0,41514693669,144732887
0,41517031324,144766276
0,41519368960,144795491
0,41521706596,144821054
0,41524044251,144843422
0,41526381887,144862994
0,41528719523,144880119
0,41531057178,144895104
0,41533394814,144908216
0,41535732450,145044689
0,41538070105,145289102
0,41540407741,145377964
0,41542745377,145455718
0,41545083032,145523753
0,41547420668,145583283
0,41549758304,145635372
0,41552095959,145680950
0,41554433595,145720831
0,41556771231,145755727
0,41559108886,145786261
0,41560299304,145687978
0,41562636941,145601980
0,41564974577,145401732
0,41567312232,145351515
0,41569649868,145307575
0,41571987504,145144128
0,41574325159,145126112
0,41576662795,145110348
0,41579000431,145096554
0,41581338086,145084484
0,41583675722,145073923
0,41586013377,145064682
0,41588351013,145056596
0,41591835867,145174521
0,41594173522,145277705
0,41596511158,145367991
0,41598848794,145446992
0,41601186449,145516118
0,41603524085,145576603
0,41605861721,145629527
0,41608199376,145675836
0,41610537012,145716356
0,41612874648,145751811
0,41615212304,145782834
0,41617549940,145809979
0,41619887576,145833731
0,41622225231,145854514
0,41624562867,145872699
0,41626900503,145888611
0,41629238158,145902534
0,41631575794,145914717
0,41633913430,145800377
0,41636251085,145700329
0,41638588721,145612787
0,41640926357,145536188
0,41643264012,145469164
0,41645601648,145410518
0,41647939284,145234203
0,41650276939,145204927
0,41652614575,145179311
0,41654952211,145031897
0,41657289866,145027909
0,41659627502,145024420
0,41661965138,144896367
0,41664302794,144909321
0,41666640430,144920655
0,41668978066,144805573
0,41671315721,144829876
0,41673653357,144851141
0,41675990993,144744748
0,41678328648,144776654
0,41680666284,144804572
0,41683003920,144829000
0,41685341575,144850375
0,41687679211,144869078
0,41690016866,144885443
0,41692354502,144899762
0,41694692138,144912291
0,41697029793,144923254
0,41699367429,144932847
0,41701705065,144941241
0,41704042720,144948585
0,41706380356,145080011
0,41708717992,145195009
0,41711055648,145420632
0,41713393284,145493053
0,41715730920,145556421
0,41718068575,145736868
0,41720406211,145769759
0,41722743847,145798539
0,41725081502,145823721
0,41727419138,145845755
0,41729756774,145865035
0,41732094429,145881905
0,41734432065,145896666
0,41736769701,145784582
0,41739107356,145686509
0,41741444992,145600695
0,41743782628,145525608
0,41746120283,145459907
0,41748457919,145402418
0,41750795555,145352115
0,41753133210,145308100
0,41755470846,145269587
0,41757808482,145235888
0,41760146138,145206402
0,41762483774,145180601
0,41764821410,145158025
0,41767159065,145138271
0,41769496701,145120987
0,41771834337,145105863
0,41774171992,145092630
0,41776509628,145081051
0,41778847264,145070919
0,41781184919,145062054
0,41783522555,145054297
0,41785860191,145047509
0,41788197846,145041570
0,41790535482,145036373
0,41792873118,145031826
0,41795210773,145027847
0,41797548409,145024366
0,41799886045,145021320
0,41802223700,145018655
0,41804561337,145016323
0,41806898973,145014282
0,41809236628,145012496
0,41811574264,145010934
0,41813911900,145009567
0,41816249555,145008371
0,41818587191,145007324
0,41820924827,145006408
0,41823262482,145005607
0,41825600118,145004906
0,41827937754,144879292
0,41830275409,144894380
0,41832613045,144907582
0,41834950681,144794134
0,41837288336,144819867
0,41839625972,144842383
0,41841963608,144737085
0,41844301263,144769949
0,41846638900,144798705
0,41848976536,144698866
0,41851314191,144736507
0,41853651827,144769443
0,41855989463,144673262
0,41858327118,144714104
0,41860664754,144749841
0,41863002390,144781110
0,41865340045,144808471
0,41867677681,144832412
0,41870015336,144853360
0,41872352972,144871690
0,41874690608,144887728
0,41877028263,144901762
0,41879365899,144914041
0,41881703535,144924785
0,41884041190,144934186
0,41886378826,144942412
0,41889863681,145074610
0,41892201336,145190283
0,41894538972,145291497
0,41896876608,145380059
0,41899214263,145457551
0,41901551899,145525357
0,41903889535,145584687
0,41906227190,145636601
0,41908564826,145682025
0,41910902462,145721771
0,41913240117,145756549
0,41915577753,145786980
0,41917915389,145813607
0,41920253044,145836906
0,41922590680,145857292
0,41924928316,145875130
0,41927265971,145890738
0,41929603607,145904395
0,41931941244,146166345
0,41934278899,146520551
0,41936616535,146705482
0,41938954171,146867296
0,41941291826,147133884
0,41943629462,147242148
0,41945967098,147336879
0,41948304753,147544769
0,41950642389,147601672
0,41952980025,147651463
0,41955317680,147820030
0,41957655316,147842526
0,41959992952,147862210
0,41962330607,148004433
0,41963521025,147878878
0,41965858661,147769018
0,41968196316,147797890
0,41970533953,147698153
0,41972871589,147610883
0,41975209244,147659522
0,41977546880,147577081
0,41979884516,147504945
0,41982222171,147566826
0,41984559807,147495972
0,41986897443,147433975
0,41989235098,147504728
0,41991572734,147441637
0,41993910370,147386432
0,41996248025,147463128
0,41998585661,147405237
0,42000923297,147354582
0,42003260952,147435259
0,42005598588,147380851
0,42007936224,147333244
0,42010273880,147291588
0,42012611516,147255139
0,42014949152,147223246
0,42017286807,147195340
0,42019624443,147170922
0,42021962079,147149556
0,42024299734,147130861
0,42026637370,147114503
0,42028975006,147100190
0,42031312661,147087666
0,42033650297,147076707
0,42035987933,146942118
0,42038325588,146824353
0,42040663224,146721308
0,42043000860,146756144
0,42045338515,146661626
0,42047676151,146578922
0,42050013788,146631556
0,42052351443,146552611
0,42054689079,146483534
0,42057026734,146548092
0,42059364370,146479580
0,42061702006,146419632
0,42064039661,146492178
0,42067524515,146555655
0,42069862151,146611198
0,42072199806,146784798
0,42074537442,146811698
0,42076875078,146835235
0,42079212733,146980830
0,42081550369,146983226
0,42083888005,146985322
0,42086225661,147112156
0,42088563297,147098136
0,42090900933,147085869
0,42093238588,147200135
0,42095576224,147175118
0,42097913860,147153228
0,42100251515,147259074
0,42102589151,147226689
0,42104926787,147198352
0,42107264442,147298558
0,42109602078,147261238
0,42111939714,147353583
0,42114277369,147559385
0,42116615005,147614461
0,42118952641,147662653
0,42121290296,147829821
0,42123627933,147851093
0,42125965569,147869706
0,42128303224,148010992
0,42130640860,148009618
0,42132978496,148008415
0,42135316151,148132363
0,42137653787,148115817
0,42139991423,148101339
0,42141181860,148088671
0,42143519496,147952587
0,42145857132,147833513
0,42148194787,147854323
0,42150532423,147747532
0,42152870059,147654090
0,42155207714,147697328
0,42157545350,147610162
0,42159882987,147533891
0,42162220642,147592154
0,42164558278,147518134
0,42166895914,147453367
0,42169233569,147521696
0,42171571205,147456484
0,42173908841,147399423
0,42176246496,147474495
0,42178584132,147415183
0,42180921768,147363285
0,42183259423,147442874
0,42185597059,147387514
0,42187934695,147339074
0,42190272350,147296689
0,42192609986,147259602
0,42194947622,147227151
0,42197285278,147198757
0,42200770132,147298912
0,42203107787,147511548
0,42205445423,147572604
0,42207783059,147626028
0,42210120714,147797774
0,42212458350,147823052
0,42214795986,147720170
0,42217133641,147755148
0,42219471277,147660754
0,42221808913,147578159
0,42224146568,147630889
0,42226484204,147552027
0,42228821840,147483023
0,42231159496,147547645
0,42233497132,147479189
0,42235834768,147419290
0,42238172423,147491878
0,42240510059,147430393
0,42242847695,147376593
0,42245185350,147454518
0,42247522986,147397703
0,42249860622,147347990
0,42252198277,147429491
0,42254535913,147375804
0,42256873549,147328828
0,42259211204,147412724
0,42262696058,147486133
0,42265033714,147675366
0,42267371350,147840945
0,42269708986,147860826
0,42272046641,148003222
0,42274384277,148127819
0,42275574695,147986841
0,42277912331,147863485
0,42280249986,147880549
0,42282587622,147770480
0,42284925258,147674170
0,42287262913,147714898
0,42289600549,147750535
0,42291938185,147781718
0,42294275840,147934003
0,42296613476,147942252
0,42298951113,147949470
0,42301288768,148080786
0,42303626404,148070687
0,42305964040,148061851
0,42308301695,148179119
0,42310639331,148156729
0,42312976967,148137137
0,42315314622,148244994
0,42317652258,148214369
0,42319989894,148187572
0,42322327549,148289125
0,42324665185,148252984
0,42327002821,148346361
0,42329340476,148428065
0,42331678113,148374556
0,42334015749,148452736
0,42335206186,148396144
0,42337543822,148221626
0,42339881458,148068922
0,42342219113,148060306
0,42344556749,147927767
0,42346894385,147686796
0,42349232040,147475946
0,42351569676,147291452
0,42353907312,147130020
0,42356244967,146988767
0,42358582603,146865171
0,42360920239,146757024
0,42363257894,146662396
0,42365595531,146579596
0,42367933167,146507146
0,42370270822,146443752
0,42372608458,146388283
0,42374946094,146339747
0,42377283749,146297278
0,42380768603,146385118
0,42383106258,146586978
0,42385443894,146638605
0,42387781530,146683779
0,42390119185,146848306
0,42392456821,146867267
0,42394794457,146883858
0,42397132113,147023375
0,42399469749,147020453
0,42401807385,147017896
0,42404145040,147140659
0,42406482676,147123076
0,42408820312,146982691
0,42411157967,146859854
0,42413495603,146752372
0,42415833239,146658325
0,42418170894,146576034
0,42420508530,146504029
0,42422846166,146566025
0,42425183821,146745271
0,42427521458,146777112
0,42429859094,146804973
0,42432196749,146954351
0,42434534385,146960057
0,42436872021,146965049
0,42439209676,147094417
0,42442694530,147207614
0,42445032185,147431662
0,42447369821,147627704
0,42449707457,147674241
0,42452045112,147839960
0,42454382748,147984965
0,42455573166,147861844
0,42457910802,147754113
0,42460248458,147784848
0,42462586094,147686742
0,42464923730,147600899
0,42467261385,147650786
0,42469599021,147569437
0,42471936657,147498257
0,42474274312,147435974
0,42476611948,147381477
0,42478949584,147333792
0,42481287239,147292068
0,42483624875,147380559
0,42485962511,147457989
0,42488300166,147650740
0,42490637803,147694397
0,42492975439,147732597
0,42495313094,147891022
0,42497650730,147904644
0,42499988366,147916563
0,42502326021,148051992
0,42504663657,148045493
0,42507001293,148164806
0,42509338948,148269205
0,42511676584,148235554
0,42514014220,148331109
0,42516351875,148414720
0,42518689511,148362880
0,42521027148,148442520
0,42523364803,148512205
0,42525702439,148448179
0,42528040094,148392156
0,42530377730,148218136
0,42532715366,148065869
0,42535053021,148057635
0,42537390657,147925430
0,42539728293,147809751
0,42542065948,147833532
0,42544403584,147729340
0,42546741220,147638172
0,42549078875,147683400
0,42551416512,147597975
0,42553754148,147523228
0,42556091803,147582824
0,42558429439,147509971
0,42561914293,147571224
0,42564251948,147749821
0,42566589584,148156093
0,42568927220,148386581
0,42571264875,148713258
0,42573602511,148999100
0,42575940147,149124212
0,42578277802,149358685
0,42580615439,149563849
0,42582953075,149618367
0,42585290730,149791071
0,42587628366,149942187
0,42589966002,149949413
0,42592303657,149955736
0,42594641293,149836269
0,42596978929,149731735
0,42599316584,149765268
0,42601654220,149669609
0,42603991856,149585907
0,42606329511,149762668
0,42608667148,149917334
0,42611004784,150052667
0,42613342439,150171083
0,42615680075,150274697
0,42618017711,150365359
0,42620355366,150444689
0,42622693002,150514102
0,42625030657,150574839
0,42627368293,150627984
0,42629705929,150674486
0,42632043584,150715175
0,42634381220,150750778
0,42635571638,150656930
0,42637909275,150449813
0,42640246930,150393586
0,42642584566,150344387
0,42644922202,150176338
0,42647259857,150154295
0,42649597493,150135008
0,42651935129,149993132
0,42654272784,149993990
0,42656610420,149869741
0,42658948056,149761023
0,42661285711,149790895
0,42663623347,149692033
0,42665960984,149605528
0,42668298639,149654837
0,42670636275,149572982
0,42672973911,149501359
0,42675311566,149563689
0,42677649202,149493227
0,42679986838,149431573
0,42682324493,149502626
0,42684662129,149439797
0,42686999765,149384822
0,42689337420,149461719
0,42691675056,149404004
0,42694012692,149478503
0,42696350348,149543690
0,42698687984,149475728
0,42701025620,149541262
0,42703363275,149598604
0,42705700911,149523778
0,42708038566,149583305
0,42710376202,149510391
0,42712713838,149321592
0,42715051493,149281393
0,42717389129,149246218
0,42719726765,149090440
0,42722064421,149079135
0,42724402057,149069243
0,42726739693,148935587
0,42729077348,148943638
0,42731414984,148950683
0,42733752620,148831847
0,42736090275,148852866
0,42738427911,148871257
0,42740765547,148762349
0,42744250420,148917055
0,42746588056,149052423
0,42748925692,149045870
0,42751263348,149165136
0,42753600984,149269494
0,42755938620,149235807
0,42758276275,149331331
0,42760613911,149289914
0,42762951547,149253674
0,42765289202,149346964
0,42767626838,149303593
0,42769964474,149265643
0,42772302129,149357437
0,42774639765,149312757
0,42776977402,149273662
0,42779315057,149364454
0,42781652693,149318897
0,42783990329,149279034
0,42786327984,149494154
0,42788665620,149682384
0,42791003256,149847086
0,42793340911,149991200
0,42795678547,150117300
0,42798016183,150227637
0,42800353838,150324182
0,42802691474,150408659
0,42805029111,150482576
0,42807366766,150547254
0,42809704402,150603847
0,42812042057,150653366
0,42814379693,150696695
0,42816717329,150734608
0,42819054984,150767782
0,42821392620,150796809
0,42823730256,150822207
0,42826067911,150844431
0,42828405547,150863877
0,42830743184,150880892
0,42833080839,150895780
0,42835418475,150908807
0,42837756111,150920206
0,42840093766,150930180
0,42842431402,150938907
0,42844769038,150821543
0,42847106693,150843850
0,42849444329,150863368
0,42851781965,150755447
0,42854119620,150786016
0,42856457257,150812764
0,42858794893,150711168
0,42861132548,150747272
0,42863470184,150778863
0,42865807820,150681505
0,42868145475,150721316
0,42870483111,150756151
0,42872820747,150661632
0,42875158402,150703928
0,42877496038,150740937
0,42879833674,150648319
0,42882171330,150692279
0,42884508966,150730744
0,42886846602,150639401
0,42889184257,150684475
0,42891521893,150723915
0,42893859529,150508425
0,42896197184,150444871
0,42898534820,150389262
0,42900872456,150215604
0,42903210111,150188653
0,42905547747,150165071
0,42907885383,150019437
0,42910223039,150017007
0,42912560675,150014881
0,42914898311,149888020
0,42917235966,149902017
0,42919573602,149914264
0,42921911238,149799981
0,42924248893,149824983
0,42926586529,149846860
0,42928924165,149741002
0,42931261820,149773376
0,42933599457,149801704
0,42935937093,149701491
0,42938274748,149738804
0,42940612384,149646453
0,42942950020,149565646
0,42945287675,149619940
0,42947625311,149542447
0,42949962947,149474641
0,42952300602,149540310
0,42954638238,149472771
0,42956975874,149413674
0,42959313530,149486964
0,42961651166,149426093
0,42963988802,149372831
0,42966326457,149451227
0,42968664093,149394823
0,42971001729,149470470
0,42973339384,149536661
0,42975677020,149469578
0,42978014656,149535880
0,42980352311,149593895
0,42982689947,149519658
0,42985027584,149579700
0,42987365239,149632237
0,42989702875,149553207
0,42992040530,149609056
0,42994378166,149657924
0,42996715802,149575683
0,42999053457,149628722
0,43001391093,149675131
0,43003728729,149590739
0,43006066384,149641896
0,43008404020,149686659
0,43010741657,149600826
0,43013079312,149650722
0,43015416948,149694381
0,43017754584,149607583
0,43020092239,149656635
0,43022429875,149699555
0,43024767511,149612110
0,43027105166,149660596
0,43029442802,149703021
0,43031780438,149615143
0,43034118094,149663250
0,43036455730,149705343
0,43038793366,149617175
0,43041131021,149665028
0,43043468657,149706899
0,43045806293,149618536
0,43048143948,149666219
0,43050481584,149707941
0,43052819220,149619448
0,43055156875,149667017
0,43057494511,149708639
0,43059832148,149620059
0,43062169803,149667551
0,43064507439,149709107
0,43066845075,149620468
0,43069182730,149667909
0,43071520366,149709420
0,43073858002,149620742
0,43076195657,149668149
0,43078533293,149709630
0,43080870929,149620926
0,43083208585,149668310
0,43085546221,149709771
0,43087883857,149621049
0,43090221512,149668417
0,43092559148,149709864
0,43094896784,149621131
0,43097234439,149668489
0,43099572075,149709927
0,43101909711,149621186
0,43104247366,149668537
0,43106585003,149709969
0,43108922639,149621222
0,43111260294,149668569
0,43113597930,149709997
0,43115935566,149621247
0,43118273221,149668591
0,43120610857,149585017
0,43122948493,149511889
0,43125286148,149572902
0,43127623784,149501289
0,43129961420,149438627
0,43132299076,149508798
0,43134636712,149445198
0,43136974348,149389548
0,43139312003,149465854
0,43141649639,149407622
0,43143987275,149356669
0,43146324930,149437085
0,43148662566,149382449
0,43151000202,149459642
0,43153337857,149527186
0,43155675494,149461287
0,43158013130,149528626
0,43160350785,149587547
0,43162688421,149514103
0,43165026057,149574840
0,43167363712,149627985
0,43169701348,149549486
0,43172038984,149605800
0,43175523857,149780075
0,43177861494,149807565
0,43180199149,149956619
0,43182536785,150087041
0,43184874421,150076160
0,43187212076,150191640
0,43189549712,150292685
0,43191887348,150256099
0,43194225003,150349086
0,43196562639,150430450
0,43198900275,150376643
0,43201237931,150454562
0,43203575567,150522741
0,43205913203,150457398
0,43208250858,150525223
0,43210588494,150584570
0,43212926130,150511498
0,43215263785,150822560
0,43217601421,151094740
0,43219939057,151332897
0,43222276712,151541284
0,43224614349,151723623
0,43226951985,151883170
0,43229289640,152022773
0,43231627276,152144926
0,43233964912,152251810
0,43236302567,152345333
0,43238640203,152427166
0,43240977839,152498770
0,43243315494,152561423
0,43245653130,152616245
0,43247990767,152664214
0,43250328422,152706187
0,43251518840,152617913
0,43253856476,152540673
0,43256194131,152473088
0,43258531767,152413952
0,43260869403,152362208
0,43263207058,152316932
0,43265544694,152277315
0,43267882330,152242650
0,43270219986,152212318
0,43272557622,152185778
0,43274895258,152162555
0,43277232913,152142235
0,43279570549,152124455
0,43281908185,152108898
0,43284245840,152095285
0,43286583476,152083374
0,43288921112,152072952
0,43291258767,152063833
0,43293596404,152055853
0,43295934040,152048871
0,43298271695,152042762
0,43300609331,152037416
0,43302946967,151907739
0,43305284622,151919271
0,43307622258,151929362
0,43309959894,151813191
0,43312297549,151836542
0,43314635186,151856974
0,43316972822,151749852
0,43319310477,151781120
0,43321648113,151808480
0,43323985749,151707420
0,43326323404,151618992
0,43328661040,151541618
0,43330998676,151348915
0,43333336331,151305300
0,43335673967,151267137
0,43338011604,151233744
0,43340349259,151204526
0,43342686895,151178960
0,43345024531,151156590
0,43347362186,151137016
0,43349699822,151119889
0,43352037458,151104902
0,43354375113,151091789
0,43356712749,151080315
0,43359050405,151070275
0,43361388041,151061490
0,43364872895,151178803
0,43367210550,151281452
0,43369548186,151371270
0,43371885822,151449861
0,43374223477,151518628
0,43376561113,151578799
0,43378898749,151631449
0,43381236405,151677517
0,43383574041,151717827
0,43385911677,151753098
0,43388249332,151783960
0,43390586968,151810965
0,43392924604,151834594
0,43395262259,151855269
0,43397599895,151873360
0,43399937531,151889190
0,43402275187,151903041
0,43404612823,152040160
0,43406950459,152160140
0,43409288114,152265122
0,43411625750,152356981
0,43413963386,152437358
0,43416301041,152507688
0,43418638677,152569227
0,43420976313,152623073
0,43423313969,152670188
0,43425651605,152711414
0,43427989241,152747487
0,43430326896,152779051
0,43432664532,152806669
0,43435002168,152955835
0,43437339823,152961355
0,43439677459,152966185
0,43440867877,152845411
0,43443205532,152739734
0,43445543169,152647267
0,43447880805,152566358
0,43450218460,152495563
0,43452556096,152433617
0,43454893732,152379414
0,43457231387,152331987
0,43459569023,152290488
0,43461906659,152254177
0,43464244314,152222404
0,43466581951,152194603
0,43468919587,152170277
0,43471257242,152148992
0,43473594878,152130368
0,43475932514,152114072
0,43478270169,152099813
0,43480607805,152087336
0,43482945441,152076419
0,43485283096,152066866
0,43487620733,152058507
0,43489958369,151926193
0,43492296024,151935418
0,43494633660,151943490
0,43496971296,151825553
0,43500456169,151972358
0,43502793805,152100813
0,43505131460,152213211
0,43507469096,152311559
0,43509806733,152397614
0,43512144388,152472912
0,43514482024,152538798
0,43516819660,152471448
0,43519157315,152412517
0,43521494951,152360952
0,43523832587,152315833
0,43526170242,152276353
0,43528507878,152241808
0,43530845515,152211582
0,43533183170,152185134
0,43535520806,152161992
0,43537858442,152141743
0,43540196097,152124025
0,43542533733,152108521
0,43544871369,152094955
0,43547209024,152083085
0,43549546660,152072699
0,43551884297,152063611
0,43554221952,152055659
0,43556559588,152048701
0,43558897224,152042613
0,43562382097,152162286
0,43564719733,152267000
0,43567057388,152483625
0,43569395024,152548171
0,43571732661,152604649
0,43574070316,152779067
0,43576407952,152806683
0,43577598370,152705847
0,43579936006,152617616
0,43582273661,152540414
0,43584611297,152472862
0,43586948933,152288754
0,43589286588,152252659
0,43591624225,152221076
0,43593961861,152318441
0,43596299516,152403635
0,43598637152,152478180
0,43600974788,152543407
0,43603312443,152600481
0,43605650079,152650420
0,43607987715,152694117
0,43610325370,152732352
0,43612663007,152765808
0,43615000643,152920082
0,43617338298,152930071
0,43619675934,152938812
0,43622013570,153071460
0,43624351225,153062527
0,43626688861,153054711
0,43629026497,153172872
0,43631364152,153151263
0,43633701789,153132355
0,43636039425,153240810
0,43637229862,153085708
0,43639567498,152949994
0,43641905134,152831244
0,43644242789,152727338
0,43646580425,152636420
0,43648918061,152556867
0,43651255716,152362258
0,43653593353,152191975
0,43655930989,151917978
0,43658268644,151803230
0,43660606280,151702826
0,43662943916,151489972
0,43665281571,151428725
0,43667619207,151375134
0,43669956843,151203242
0,43672294499,151177836
0,43674632135,151155606
0,43676969771,151011155
0,43679307426,151009760
0,43681645062,151008540
0,43683982698,150882472
0,43686320353,150897163
0,43689805207,151035017
0,43692142863,151155639
0,43694480499,151261184
0,43696818135,151353536
0,43699155790,151434344
0,43701493426,151505051
0,43703831062,151566919
0,43706168717,151621054
0,43708506353,151668422
0,43710843989,151709869
0,43713181645,151621135
0,43715519281,151543493
0,43717856917,151350556
0,43720194572,151306736
0,43722532208,151268394
0,43724869844,151109844
0,43727207499,151096113
0,43729545135,151209098
0,43731882772,151307960
0,43734220427,151394465
0,43736558063,151470156
0,43738895699,151536386
0,43741233354,151594337
0,43743570990,151645044
0,43745908626,151689413
0,43748246281,151728236
0,43750583917,151762206
0,43754068791,152041930
0,43756406427,152161688
0,43758744063,152266477
0,43761081718,152483167
0,43763419354,152547771
0,43765756990,152604299
0,43766947408,152403761
0,43769285063,152353290
0,43771622700,152309128
0,43773960336,152145487
0,43776297991,152127301
0,43778635627,152111388
0,43780973263,151972464
0,43783310918,151975906
0,43785648554,151978917
0,43787986190,151856552
0,43790323846,151999483
0,43792661482,152124547
0,43794999118,152233978
0,43797336773,152329730
0,43799674409,152413513
0,43802012045,152611823
0,43804349700,152660345
0,43806687336,152702801
0,43809024972,152864950
0,43811362628,152881831
0,43813700264,152896602
0,43816037900,153034526
0,43818375555,153030210
0,43820713191,153026433
0,43824198064,153273128
0,43826535700,153363987
0,43828873337,153443488
0,43830063774,153513052
0,43832401410,153448920
0,43834739046,153392805
0,43837076701,153468704
0,43839414337,153410116
0,43841751973,153233851
0,43844089628,153079619
0,43846427264,152944666
0,43848764901,152826582
0,43851102556,152723259
0,43853440192,152632851
0,43855777828,152553744
0,43858115483,152484526
0,43860453119,152423960
0,43862790755,152620965
0,43865128410,152918344
0,43867466047,153053551
0,43869803683,153171857
0,43872141338,153400374
0,43874478974,153475327
0,43876816610,153540911
0,43879154265,153723297
0,43882639119,153882884
0,43884976755,154022523
0,43887314411,154269707
0,43889652047,154360993
0,43891989683,154440868
0,43894327338,154635759
0,43896664974,154681289
0,43899002610,154846127
0,43900193047,154865361
0,43902530683,154757190
0,43904868320,154662541
0,43907205975,154454723
0,43909543611,154272882
0,43911881247,154113771
0,43914218902,153974549
0,43916556538,153852730
0,43918894174,153746138
0,43921231829,153902870
0,43923569466,153915011
0,43925907102,153925634
0,43928244757,154059929
0,43930582393,154052437
0,43932920029,154045882
0,43935257684,154165146
0,43937595320,154144502
0,43939932956,154126439
0,43942270612,154235634
0,43945755466,154331179
0,43948093121,154539781
0,43950430757,154722308
0,43952768393,154757019
0,43955106048,154912391
0,43957443684,154923342
0,43958634102,154807924
0,43960971739,154706933
0,43963309394,154618566
0,43965647030,154541245
0,43967984666,154473589
0,43970322321,154414390
0,43972659957,154362591
0,43974997593,154317267
0,43977335248,154152608
0,43979672885,154008532
0,43982010521,154007465
0,43984348176,154006531
0,43986685812,154005714
0,43989023448,154129999
0,43991361103,154113749
0,43993698739,154099530
0,43996036375,154212088
0,43998374031,154185577
0,44000711667,154162379
0,44003049303,154267081
0,44005386958,154233695
0,44007724594,154204483
0,44010062249,154303922
0,44012399885,154265931
0,44015884740,154357689
0,44018222395,154562977
0,44020560031,154617604
0,44021750449,154540403
0,44024088104,154597852
0,44026425740,154523120
0,44028763376,154457730
0,44031101031,154525513
0,44033438668,154459823
0,44035776304,154277345
0,44038113959,154242676
0,44040451595,154087341
0,44042789231,153951423
0,44045126886,153957495
0,44047464522,153837808
0,44049802158,153733082
0,44052139814,153641446
0,44054477450,153686265
0,44056815086,153725481
0,44059152741,153884795
0,44061490377,153899195
0,44063828013,153911795
0,44066165668,154047820
0,44068503305,154041842
0,44070840941,154036611
0,44074325814,154282034
0,44076663450,154371779
0,44079001086,154575306
0,44081338741,154753392
0,44083676377,154784218
0,44086014013,154936190
0,44088351669,155069166
0,44090689305,155060520
0,44091879723,154927955
0,44094217378,154936960
0,44096555014,154819840
0,44098892650,154592360
0,44101230305,154393315
0,44103567941,154219150
0,44105905578,154066756
0,44108243233,153933411
0,44110580869,153816734
0,44112918505,153839642
0,44115256160,153984686
0,44117593796,153986600
0,44119931432,153988275
0,44122269088,154114740
0,44124606724,154100397
0,44126944360,154087847
0,44129282015,154201866
0,44131619651,154176632
0,44133957287,154154553
0,44137442160,154260233
0,44139779797,154352703
0,44142117452,154558615
0,44144455088,154613788
0,44146792724,154662064
0,44149130379,154829306
0,44151468015,154850642
0,44153805651,154869311
0,44156143306,155010647
0,44158480943,155009316
0,44160818579,155008151
0,44163156234,155132132
0,44165493870,155115615
0,44167831506,155101163
0,44170169161,155088517
0,44172506797,154952452
0,44174844434,154833395
0,44177182089,154979220
0,44179519725,154981817
0,44181857361,154984089
0,44184195016,155111077
0,44186532652,155097192
0,44188870288,155085043
0,44191207943,155199412
0,44193545580,155174485
0,44195883216,155152674
0,44198220871,155258589
0,44200558507,155226265
0,44202896143,155197981
0,44205233798,155298233
0,44208718652,155385953
0,44211056289,155587708
0,44213393944,155764244
0,44214584362,155668713
0,44216921998,155585123
0,44219259653,155636982
0,44221597289,155557359
0,44223934925,155487689
0,44226272581,155551727
0,44228610217,155357761
0,44230947853,155188040
0,44233285508,155039535
0,44235623144,154909593
0,44237960780,154795893
0,44240298435,154696406
0,44242636071,154609355
0,44244973708,154533185
0,44247311363,154716536
0,44249648999,154751969
0,44251986635,154782972
0,44254324290,154935100
0,44256661926,154943212
0,44258999562,154950310
0,44261337218,155081521
0,44263674854,155071330
0,44266012490,155187413
0,44268350145,155288986
0,44270687781,155252862
0,44273025417,155346254
0,44275363072,155427972
0,44277700709,155374475
0,44280038345,155452665
0,44282376000,155521081
0,44284713636,155455945
0,44285904054,155273951
0,44288241709,155239707
0,44290579345,154959743
0,44292916981,154714775
0,44295254637,154500428
0,44297592273,154312874
0,44299929909,154148764
0,44302267564,154005168
0,44304605200,153879522
0,44306942836,153769581
0,44309280491,153673383
0,44311618128,153589210
0,44313955764,153515558
0,44316293419,153451113
0,44318631055,153394723
0,44320968691,153345382
0,44323306346,153302209
0,44325643982,153264432
0,44327981618,153231378
0,44331466492,153327455
0,44333804128,153411523
0,44336141783,153610082
0,44338479419,153658821
0,44340817055,153701468
0,44343154710,153863784
0,44345492347,153880811
0,44347829983,153895709
0,44350167638,154033745
0,44352505274,154029526
0,44354842910,154025835
0,44357180565,154147605
0,44359518201,154129154
0,44361855838,153988009
0,44364193493,153864507
0,44366531129,153756443
0,44368868765,153786887
0,44371206420,153938526
0,44373544056,153946210
0,44375881692,153952933
0,44378219348,154083816
0,44380556984,154073339
0,44382894620,154064171
0,44385232275,154181149
0,44387569911,154158505
0,44389907547,154138691
0,44392245202,154246354
0,44394582838,154215559
0,44396920475,154188614
0,44399258130,154290037
0,44402742984,154378782
0,44405080639,154581434
0,44407418275,154758754
0,44408608693,154663909
0,44410946329,154580920
0,44413283985,154633305
0,44415621621,154554141
0,44417959257,154484873
0,44420296912,154424263
0,44422634548,154371230
0,44424972184,154324826
0,44427309840,154284222
0,44429647476,154248694
0,44431985112,154217607
0,44434322767,154190406
0,44436660403,154166605
0,44438998039,154145779
0,44441335694,154377556
0,44443673330,154455361
0,44446010967,154648440
0,44448348622,154817385
0,44450686258,154840211
0,44453023894,154985184
0,44455361549,155112036
0,44457699185,155098031
0,44460036821,155210777
0,44462374477,155309429
0,44464712113,155270750
0,44467049749,155361906
0,44469387404,155441667
0,44471725040,155386458
0,44474062676,155463150
0,44477547550,155655256
0,44479885186,155698349
0,44481075623,155736055
0,44483413259,155769048
0,44485750895,155547917
0,44488088550,155479427
0,44490426186,155294498
0,44492763823,155132685
0,44495101478,155116099
0,44497439114,154976586
0,44499776750,154854512
0,44502114405,154872698
0,44504452041,154763610
0,44506789677,154668158
0,44509127333,154709638
0,44511464969,154995933
0,44513802605,155121441
0,44516140260,155356260
0,44518477896,155561727
0,44520815532,155616511
0,44523153187,155789447
0,44525490824,155940766
0,44528975678,156073170
0,44531313333,156314023
0,44533650969,156524770
0,44535988605,156584173
0,44538326260,156761151
0,44540663896,156916007
0,44543001533,157051506
0,44545339188,157170067
0,44547676824,157273808
0,44550014460,157364582
0,44552352115,157444009
0,44554689751,157513507
0,44555880169,157324318
0,44558217825,157158778
0,44560555461,156888930
0,44562893097,156652813
0,44565230752,156696211
0,44567568388,156734184
0,44569906024,156642411
0,44572243680,156687109
0,44574581316,156726220
0,44576918952,156635442
0,44579256607,156681011
0,44581594243,156720884
0,44583931879,156630773
0,44586269534,156676926
0,44588607171,156717310
0,44590944807,156627646
0,44593282462,156674190
0,44595620098,156714916
0,44597957734,156625551
0,44601442607,156797357
0,44603780243,156822687
0,44606117899,156969851
0,44607308317,156973619
0,44609645953,156851916
0,44611983589,156745426
0,44614321244,156777247
0,44616658880,156680091
0,44618996516,156595079
0,44621334172,156645694
0,44623671808,156564982
0,44626009444,156619359
0,44628347099,156666939
0,44630684735,156583571
0,44633022371,156510624
0,44635360027,156446796
0,44637697663,156390946
0,44640035299,156467077
0,44642372954,156533692
0,44644710590,156466980
0,44647048226,156533607
0,44649385881,156591906
0,44651723518,156517917
0,44654061154,156578177
0,44656398809,156630904
0,44658736445,156552041
0,44661074100,156608035
0,44663411736,156657030
0,44665749372,156574901
0,44668087028,156628038
0,44670424664,156674533
0,44672762300,156590216
0,44676247173,156766439
0,44678584809,156920634
0,44679775227,156805554
0,44682112883,156829859
0,44684450519,156726126
0,44686788155,156510360
0,44689125810,156446565
0,44691463446,156390744
0,44693801082,156216901
0,44696138737,156189788
0,44698476374,156041064
0,44700814010,155910931
0,44703151665,155922064
0,44705489301,155806806
0,44707826937,155705955
0,44710164592,155742710
0,44712502229,155899871
0,44714839865,155912387
0,44717177520,156048338
0,44719515156,156167295
0,44721852792,156146383
0,44724190447,156253085
0,44727675301,156471449
0,44730012938,156662517
0,44732350593,156829702
0,44734688229,156975989
0,44737025865,157103990
0,44739363520,157215991
0,44741701156,157313992
0,44744038793,157399743
0,44746376448,157474775
0,44748714084,157540428
0,44751051720,157597874
0,44753389375,157648139
0,44754579793,157567121
0,44756917429,157246230
0,44759255085,157090451
0,44761592721,156829144
0,44763930357,156725501
0,44766268012,156759813
0,44768605648,156789836
0,44770943284,156691106
0,44773280940,156729717
0,44775618576,156763502
0,44777956212,156668064
0,44780293867,156709556
0,44782631503,156620861
0,44784969139,156543253
0,44787306794,156600346
0,44789644431,156525302
0,44791982067,156459639
0,44794319722,156527184
0,44796657358,156461286
0,44800142231,156653625
0,44802479867,156821921
0,44804817504,156844180
0,44807155159,156988657
0,44809492795,157115074
0,44811830431,157100689
0,44814168086,157213102
0,44816505722,157311464
0,44818843359,157272531
0,44821181014,157363464
0,44823518650,157443031
0,44825856286,157387652
0,44828193941,157464195
0,44830531577,157531170
0,44832869213,157339773
0,44835206869,157297301
0,44837544505,157385138
0,44839882141,157336995
0,44842219796,157419870
0,44844557432,157492386
0,44846895068,157430837
0,44849232724,157501982
0,44851570360,157564234
0,44853907996,157493704
0,44856245651,157556991
0,44858583287,157612367
0,44860920923,157535821
0,44863258579,157593843
0,44865596215,157644612
0,44867933851,157564035
0,44870271506,157618530
0,44872609142,157666213
0,44876094015,157832936
0,44878431652,157978819
0,44879622070,157981466
0,44881959706,157858782
0,44884297361,157751434
0,44886634997,157532504
0,44888972633,157340941
0,44891310288,157298323
0,44893647925,157136032
0,44895985561,156994028
0,44898323216,156994774
0,44900660852,156870427
0,44902998488,156761623
0,44905336143,156791420
0,44907673780,156692492
0,44910011416,156730930
0,44912349071,156889563
0,44914686707,157028367
0,44917024343,157149821
0,44919361998,157256093
0,44921699634,157349081
0,44924037271,157430445
0,44926374926,157501639
0,44928712562,157563934
0,44931050198,157618442
0,44933387853,157666136
0,44935725489,157707869
0,44938063126,157744385
0,44940400781,157776336
0,44942738417,157804294
0,44945076072,157828757
0,44947413708,157850162
0,44949751344,157868891
0,44952089000,157885279
0,44953279418,157774619
0,44955617054,157427791
0,44957954690,157124317
0,44960292345,156983777
0,44962629981,156735804
0,44964967617,156518828
0,44967305273,156453974
0,44969642909,156272227
0,44971980545,156113198
0,44974318200,156099048
0,44976655836,155961667
0,44978993472,155841458
0,44981331128,155861275
0,44983668764,155753615
0,44986006400,155784413
0,44988344055,155811361
0,44990681691,155709940
0,44993019327,155746197
0,44995356983,155777922
0,44997694619,155680681
0,45001179492,155845595
0,45003517128,155989895
0,45005854764,155991158
0,45008192419,156117263
0,45010530056,156227605
0,45012867692,156199154
0,45015205347,156299259
0,45017542983,156386851
0,45019880619,156338494
0,45022218274,156421182
0,45024555911,156493534
0,45026893547,156431842
0,45029231202,156502861
0,45031568838,156315003
0,45033906474,156150627
0,45036244129,156256798
0,45038581766,156349698
0,45040919402,156305985
0,45043257057,156392736
0,45045594693,156468644
0,45047932329,156410063
0,45050269984,156483805
0,45052607621,156548329
0,45054945257,156479787
0,45057282912,156544813
0,45059620548,156601711
0,45061958184,156526497
0,45064295839,156585684
0,45066633476,156512473
0,45068971112,156448413
0,45071308767,156517361
0,45073646403,156452690
0,45077131276,156646103
0,45079468912,156815340
0,45080659330,156713422
0,45082996967,156624244
0,45085334622,156671213
0,45087672258,156587311
0,45090009894,156638897
0,45092347549,156684034
0,45094685185,156598529
0,45097022822,156648712
0,45099360477,156692623
0,45101698113,156606045
0,45104035749,156655289
0,45106373404,156698377
0,45108711040,156611079
0,45111048677,156784694
0,45113386332,156936607
0,45115723968,157069531
0,45118061604,157185839
0,45120399259,157287609
0,45122736895,157376657
0,45126221769,157579574
0,45128559405,157757127
0,45130897041,157912486
0,45133234696,158048425
0,45135572332,158167371
0,45137909969,158271449
0,45140247624,158362517
0,45142585260,158442202
0,45144922896,158386926
0,45147260551,158463560
0,45149598187,158530615
0,45151935824,158464288
0,45154273479,158531252
0,45155463897,158464845
0,45157801533,158156739
0,45160139188,158262146
0,45162476824,158354377
0,45164814460,158435079
0,45167152116,158505694
0,45169489752,158567482
0,45171827388,158621546
0,45174165043,158668852
0,45176502679,158710245
0,45178840315,158746464
0,45181177971,158778156
0,45183515607,158805886
0,45185853243,158830150
0,45188190898,158851381
0,45190528534,158869958
0,45192866170,158886213
0,45195203826,158900436
0,45197541462,158912881
0,45199879098,158923770
0,45202216753,158933298
0,45204554389,158941635
0,45206892025,158948930
0,45209229681,158955313
0,45211567317,158960898
0,45213904953,158965785
0,45216242608,158970061
0,45218580244,158973803
0,45220917881,158977077
0,45223255536,158979942
0,45225593172,158982449
0,45227930808,158984642
0,45230268463,158986561
0,45232606099,158988240
0,45234943736,158739710
0,45237281391,158647246
0,45239619027,158691340
0,45241956663,158729922
0,45244294318,158763681
0,45246631954,158793220
0,45248969591,158694067
0,45251307246,158732308
0,45253644882,158765769
0,45255982518,158670047
0,45258320173,158711291
0,45260657809,158747379
0,45262995446,158653956
0,45265333101,158697211
0,45267670737,158735059
0,45270008373,158768176
0,45272346028,158797154
0,45274683664,158822509
0,45278168538,158969695
0,45280506174,159098483
0,45282843810,159211172
0,45285181465,159184775
0,45287519101,159161678
0,45289856738,159141468
0,45292194393,159123784
0,45294532029,159108311
0,45296869665,159094772
0,45299207320,159082925
0,45301544956,159072559
0,45303882593,159063489
0,45306220248,159055552
0,45308557884,159048608
0,45310895520,159042532
0,45313233175,159037215
0,45315570811,159157563
0,45317908448,159262867
0,45320246103,159355008
0,45322583739,159435632
0,45324921375,159506178
0,45327259030,159567905
0,45329596667,159621916
0,45331934303,159669176
0,45334271958,159710529
0,45336609594,159746712
0,45338947230,159778373
0,45341284885,159806076
0,45343622522,159830316
0,45345960158,159851526
0,45348297813,159870085
0,45350635449,159886324
0,45352973085,159900533
0,45355310740,159912966
0,45356501159,159798845
0,45358838795,159698989
0,45361176450,159611615
0,45363514086,159535163
0,45365851722,159468267
0,45368189377,159409733
0,45370527014,159358516
0,45372864650,159313701
0,45375202305,159274488
0,45377539941,159240177
0,45379877577,159210154
0,45382215232,159183884
0,45384552869,159160898
0,45386890505,159140785
0,45389228160,159123186
0,45391565796,159107787
0,45393903432,159094313
0,45396241087,159082523
0,45398578724,159072207
0,45400916360,159063181
0,45403254015,159055283
0,45405591651,159048372
0,45407929287,159042325
0,45410266943,159037034
0,45412604579,159032404
0,45414942215,159028353
0,45417279870,159024808
0,45419617506,159021707
0,45421955142,159018993
0,45424292798,159016618
0,45426630434,159014540
0,45428968070,158887722
0,45431305725,158901756
0,45433643361,158914036
0,45435980997,158674781
0,45438318653,158590433
0,45440656289,158516628
0,45442993925,158327049
0,45445331580,158286167
0,45448816434,158375396
0,45451154090,158453471
0,45453491726,158521787
0,45455829362,158581563
0,45458167017,158633867
0,45460504653,158679633
0,45462842289,158719678
0,45465179945,158754718
0,45467517581,158785378
0,45469855217,158812205
0,45472192872,158835679
0,45474530508,158856219
0,45476868145,158874191
0,45479205800,158889917
0,45481543436,158903677
0,45483881072,158915717
0,45486218727,158926252
0,45488556363,158935470
0,45490894000,158943536
0,45493231655,158950594
0,45495569291,158956769
0,45497906927,158962172
0,45500244582,158966900
0,45502582219,158971037
0,45504919855,158974657
0,45507257510,158977824
0,45509595146,158980596
0,45513080000,159233021
0,45515417656,159328893
0,45517755292,159537781
0,45520092947,159845558
0,45522430583,159989863
0,45524768219,160116130
0,45527105874,160351613
0,45528296293,160307661
0,45530633929,160269203
0,45532971565,160235552
0,45535309220,160206108
0,45537646856,160180344
0,45539984492,160157801
0,45542322148,160138075
0,45544659784,160120815
0,45546997420,160105713
0,45549335075,160092498
0,45551672711,160080935
0,45554010347,160195818
0,45556348003,160171340
0,45558685639,160149922
0,45561023275,160256181
0,45563360930,160224158
0,45565698566,160196138
0,45568036203,160296620
0,45570373858,160259542
0,45572711494,160227099
0,45575049130,160323711
0,45577386785,160283247
0,45579724421,160247841
0,45582062058,160341860
0,45584399713,160299127
0,45586737349,160261736
0,45589074985,160354019
0,45591412640,160309766
0,45592603059,160146045
0,45594940695,160002789
0,45597278350,159877440
0,45599615986,159767760
0,45601953622,159671790
0,45604291277,159587816
0,45606628914,159389339
0,45608966550,159090671
0,45611304205,158954337
0,45613641841,158835044
0,45615979477,158605663
0,45618317133,158529955
0,45620654769,158463710
0,45622992405,158280746
0,45625330060,158245652
0,45627667696,158214945
0,45630005332,158188076
0,45632342988,158164566
0,45634680624,158143995
0,45637018260,158125995
0,45639355915,158110245
0,45641693551,158096464
0,45644031187,158084406
0,45646368843,158073855
0,45648706479,158064623
0,45651044115,158056545
0,45654528988,158174476
0,45656866625,158277666
0,45659204280,158367957
0,45661541916,158446962
0,45663879552,158516091
0,45666217207,158576579
0,45668554843,158629506
0,45670892480,158425817
0,45673230135,158372589
0,45675567771,158326015
0,45677905407,158160263
0,45680243062,158140230
0,45682580699,158122701
0,45684918335,157982363
0,45687255990,158109567
0,45689593626,158220871
0,45691931262,158318262
0,45694268918,158403479
0,45696606554,158478044
0,45698944190,158543288
0,45701281845,158600377
0,45703619481,158650329
0,45705957117,158694037
0,45708294773,158732282
0,45710632409,158765746
0,45712970045,158670027
0,45715307700,158711273
0,45718792554,158872363
0,45721130210,159013317
0,45723467846,159136652
0,45725805482,159244570
0,45728143137,159338998
0,45730480773,159421623
0,45732818410,159493920
0,45735156065,159557180
0,45737493701,159612532
0,45739831337,159660965
0,45742168992,159703344
0,45744506629,159740426
0,45746844265,159772872
0,45749181920,159801263
0,45751519556,159826105
0,45753857192,159972841
0,45756194847,160226235
0,45758532484,160322955
0,45760870120,160407585
0,45763207775,160606636
0,45765545411,160655806
0,45767883047,160698830
0,45770220703,160861476
0,45772558339,160878791
0,45774895975,160893942
0,45777233630,161032199
0,45779571266,161028174
0,45781908902,161024652
0,45784246558,161146570
0,45786584194,161128248
0,45788921830,161112217
0,45791259485,161098189
0,45793597121,161085915
0,45795934758,161075175
0,45798272413,161065778
0,45799462831,160932555
0,45801800467,160815985
0,45804138122,160713986
0,45806475759,160624737
0,45808813395,160796644
0,45811151050,161072063
0,45813488686,161188055
0,45815826322,161164548
0,45818163977,161268979
0,45820501614,161235356
0,45822839250,161205936
0,45825176905,161305194
0,45827514541,161267044
0,45829852177,161233663
0,45832189833,161329455
0,45834527469,161288273
0,45836865105,161252238
0,45839202760,161345708
0,45841540396,161302494
0,45843878033,161264682
0,45846215688,161356596
0,45848553324,161312021
0,45850890960,161273018
0,45853228615,161363890
0,45855566251,161318403
0,45857903888,161278602
0,45860241543,161368776
0,45862579179,161322679
0,45864916815,161282344
0,45867254470,161372051
0,45869592107,161325544
0,45871929743,161284851
0,45874267398,161374244
0,45876605034,161327463
0,45878942670,161161530
0,45881280326,161016338
0,45883617962,160889295
0,45885955598,160778133
0,45888293253,160680866
0,45890630889,160595757
0,45892968526,160521287
0,45895306181,160456126
0,45897643817,160399110
0,45899981453,160349221
0,45902319108,160305568
0,45904656745,160267372
0,45906994381,160233950
0,45909332036,160204706
0,45911669672,160179117
0,45914007308,160281727
0,45916344964,160246511
0,45918682600,160215697
0,45921020236,160313734
0,45923357891,160274517
0,45926842745,160365202
0,45929180401,160569551
0,45931518037,160623357
0,45933855673,160670437
0,45936193328,160836632
0,45938530964,160857053
0,45940868600,160874921
0,45943206256,161015555
0,45945543892,161013610
0,45947881528,161011908
0,45950219183,161135419
0,45952556819,161118491
0,45954894456,161103679
0,45957232111,161215719
0,45959569747,161188754
0,45961907383,161290159
0,45964245038,161503889
0,45966582675,161565902
0,45968920311,161620164
0,45971257966,161792643
0,45973595602,161818562
0,45975933238,161841241
0,45978270894,161986085
0,45980608530,161987824
0,45982946166,161989346
0,45985283821,162115677
0,45987621457,162101217
0,45989959094,162088564
0,45992296749,162202493
0,45994634385,162177181
0,45996972021,162155033
0,45999309676,162260653
0,46001647313,162228071
0,46003984949,162199562
0,46006322604,162299616
0,46007513022,162137164
0,46009850658,161995018
0,46012188313,161995640
0,46014525950,161871185
0,46016863586,161762286
0,46019201241,161792000
0,46021538877,161693000
0,46023876513,161606375
0,46026214169,161655578
0,46028551805,161573630
0,46030889441,161501926
0,46033227096,161564185
0,46035564732,161493661
0,46037902369,161431953
0,46040240024,161502958
0,46042577660,161440088
0,46044915296,161385077
0,46047252951,161461942
0,46049590588,161404199
0,46051928224,161353674
0,46054265879,161434464
0,46056603515,161380156
0,46058941151,161332636
0,46061278807,161416056
0,46063616443,161364049
0,46065954079,161318542
0,46068291734,161403724
0,46070629370,161353258
0,46072967007,161309100
0,46075304662,161270462
0,46077642298,161236654
0,46079979934,161207072
0,46082317589,161181188
0,46084655226,161158539
0,46086992862,161013721
0,46089330517,160887005
0,46091668153,160776129
0,46094005789,160804112
0,46096343445,160703598
0,46098681081,160615648
0,46102165954,160788692
0,46104503590,160815105
0,46106841226,160838216
0,46109178882,160983439
0,46111516518,160985509
0,46113854154,160987320
0,46116191809,161113905
0,46118529445,161099666
0,46120867082,161087207
0,46123204737,161201306
0,46125542373,161176142
0,46127880009,161154124
0,46130217665,161259858
0,46132555301,161227375
0,46134892937,161198953
0,46137230592,161299083
0,46139568228,161261697
0,46141905864,161228984
0,46144243520,161325361
0,46146581156,161284690
0,46148918792,161249103
0,46151256447,161342965
0,46153594083,161300094
0,46155931720,161262582
0,46158269375,161354759
0,46160607011,161310414
0,46164091865,161521612
0,46166429521,161706410
0,46168767157,161743108
0,46171104812,162025219
0,46173442448,162272066
0,46175780084,162363057
0,46178117740,162567674
0,46180455376,162746714
0,46182793012,162778374
0,46183983430,162681077
0,46186321085,162720942
0,46188658721,162630824
0,46190996358,162551971
0,46193334013,162607974
0,46195671649,162531977
0,46198009285,162590479
0,46200346941,162641669
0,46202684577,162561460
0,46205022213,162616277
0,46207359868,162664242
0,46209697504,162581211
0,46212035140,162633559
0,46214372796,162679364
0,46216710432,162594443
0,46219048068,162645137
0,46221385723,162689494
0,46223723360,162603307
0,46226060996,162652893
0,46228398651,162696281
0,46230736287,162609245
0,46233073923,162658089
0,46235411579,162700827
0,46237749215,162613223
0,46240086851,162661570
0,46242424506,162703873
0,46243614924,162490888
0,46245952560,162304527
0,46248290216,162266461
0,46250627852,162108153
0,46252965488,161969633
0,46255303143,161848428
0,46257640779,161742374
0,46259978416,161649577
0,46262316071,161443379
0,46264653707,161262956
0,46266991343,161105086
0,46269328999,160966950
0,46271666635,160846081
0,46274004271,160865320
0,46276341926,160757155
0,46278679562,160662510
0,46281017199,160704696
0,46283354854,160616609
0,46285692490,160539532
0,46288030126,160597090
0,46290367781,160522453
0,46292705418,160457146
0,46295043054,160525002
0,46297380709,160459376
0,46299718345,160401954
0,46302055981,160476709
0,46304393637,160417120
0,46306731273,160364980
0,46309068909,160444357
0,46312553782,160513812
0,46314891419,160574585
0,46317229074,160752761
0,46319566710,160783665
0,46321904346,160810706
0,46324242001,160709367
0,46326579638,160620696
0,46328917274,160543109
0,46331254929,160475220
0,46333592565,160415817
0,46335930201,160363839
0,46338267857,160318359
0,46340605493,160278564
0,46342943129,160243743
0,46345280784,160463275
0,46347618420,160530365
0,46349956057,160589069
0,46352293712,160765435
0,46354631348,160794755
0,46356968984,160820410
0,46359306639,160842858
0,46361644276,160862500
0,46363981912,160879687
0,46366319567,160894726
0,46368657203,160907885
0,46370994839,160919399
0,46373332495,160929474
0,46376817349,161063289
0,46379155004,161305377
0,46381492640,161392204
0,46383830277,161468178
0,46386167932,161659655
0,46388505568,161702198
0,46390843204,161739423
0,46393180860,161896995
0,46394371278,161784870
0,46396708914,161686761
0,46399046550,161725915
0,46401384205,161635175
0,46403721841,161555778
0,46406059478,161736305
0,46408397133,161894266
0,46410734769,161907482
0,46413072405,162044046
0,46415410060,162163540
0,46417747697,162143097
0,46420085333,162250209
0,46422422988,162343932
0,46424760624,162300940
0,46427098260,162388322
0,46429435916,162464781
0,46431773552,162406683
0,46434111207,162480847
0,46436448843,162420741
0,46438786480,162368148
0,46441124135,162447129
0,46443461771,162391237
0,46445799407,162342332
0,46448137062,162424540
0,46450474699,162371472
0,46452812335,162325038
0,46455149990,162409408
0,46457487626,162358232
0,46459825262,162313453
0,46462162918,162399271
0,46464500554,162349362
0,46466838190,162305691
0,46469175845,162392479
0,46471513482,162343419
0,46473851118,162175491
0,46476188773,162153554
0,46478526409,162009359
0,46480864045,161883189
0,46483201701,161897790
0,46485539337,161785566
0,46487876973,161687370
0,46490214628,161726448
0,46492552264,162010642
0,46494889901,162134311
0,46497227556,162367522
0,46499565192,162571581
0,46501902828,162625133
0,46504240484,162796991
0,46506578120,162947367
0,46508915756,162953946
0,46511253411,163084702
0,46513591047,163199114
0,46515928684,163174224
0,46518266339,163277446
0,46520603975,163367765
0,46524088829,163571794
0,46526426485,163750319
0,46528764121,163906529
0,46531101757,164043212
0,46533439412,164162810
0,46535777048,164267458
0,46538114704,164359025
0,46540452340,164314146
0,46542789976,164149877
0,46545127631,164131142
0,46547465267,164114749
0,46549802904,163975405
0,46552140559,163978479
0,46554478195,163981169
0,46556815831,163858522
0,46559153487,164001206
0,46561491123,164126055
0,46563828759,164110298
0,46566166414,164221510
0,46568504050,164318821
0,46570841687,164278968
0,46573179342,164369097
0,46575516978,164447959
0,46577854614,164391964
0,46580192269,164467968
0,46582529906,164534472
0,46584867542,164467663
0,46587205197,164534205
0,46589542833,164592429
0,46591880470,164518375
0,46594218125,164578578
0,46596555761,164631255
0,46598893397,164552348
0,46601231052,164608304
0,46603568689,164657266
0,46604759107,164450107
0,46607096743,164393843
0,46609434398,164344612
0,46611772034,164176535
0,46614109690,164154468
0,46616447326,164135159
0,46618784962,163993264
0,46621122617,163994106
0,46623460253,163994842
0,46625797890,163870486
0,46628135545,163886675
0,46630473181,163900840
0,46632810817,163788235
0,46635148473,163814705
0,46637486109,163837866
0,46639823745,163733132
0,46642161400,163766490
0,46644499036,163795678
0,46646836673,163696218
0,46649174328,163734190
0,46651511964,163767416
0,46653849600,163671489
0,46656187256,163712552
0,46658524892,163748483
0,46660862528,163654922
0,46663200183,163698056
0,46665537819,163735799
0,46667875456,163643824
0,46670213111,163688346
0,46672550747,163727302
0,46674888383,163636389
0,46677226038,163681840
0,46679563675,163721610
0,46681901311,163631408
0,46684238966,163677482
0,46686576602,163467796
0,46688914239,163284321
0,46691251894,163248780
0,46693589530,163092682
0,46695927166,162956096
0,46698264821,162961584
0,46700602458,162841386
0,46702940094,162736212
0,46705277749,162769185
0,46707615385,162673036
0,46709953021,162588906
0,46712290677,162640292
0,46714628313,162560255
0,46716965949,162490223
0,46719303604,162553945
0,46721641241,162484701
0,46723978877,162424113
0,46726316532,162496098
0,46728654168,162434085
0,46730991804,162379824
0,46733329460,162457346
0,46736814314,162525177
0,46739151969,162709529
0,46741489606,162870837
0,46743827242,162886982
0,46746164897,163026109
0,46748502533,163147845
0,46750840169,163129364
0,46753177825,163238193
0,46755515461,163333418
0,46757853097,163291740
0,46760190752,163380272
0,46762528388,163457738
0,46764866025,163400520
0,46767203680,163475455
0,46769541316,163666023
0,46771878952,163707770
0,46774216608,163869298
0,46776554244,164010635
0,46778891880,164009305
0,46781229535,164133141
0,46783567171,164241498
0,46785904808,164211310
0,46788242463,164309896
0,46790580099,164396159
0,46792917735,164346639
0,46795255391,164428309
0,46797593027,164499770
0,46799930663,164437298
0,46802268318,164507635
0,46804605954,164569180
0,46806943591,164498032
0,46809281246,164560778
0,46811618882,164615680
0,46813956518,164538720
0,46816294174,164596380
0,46818631810,164646832
0,46820969446,164565978
0,46823307101,164620230
0,46825644737,164667701
0,46827982374,164584238
0,46830320029,164636208
0,46832657665,164681682
0,46834995301,164596471
0,46837332957,164646912
0,46839670593,164691048
0,46842008229,164729667
0,46844345884,164763458
0,46846683520,164793025
0,46849021157,164818896
0,46851358812,164841534
0,46853696448,164861342
0,46856034084,164878674
0,46858371740,164893839
0,46860709376,164907109
0,46863047012,164918720
0,46865384667,164928880
0,46867722304,164937770
0,46870059940,164945548
0,46872397595,164952354
0,46874735231,164958309
0,46877072867,164963520
0,46879410523,164968080
0,46881748159,164972070
0,46884085795,164975561
0,46886423450,164978615
0,46888761087,164981288
0,46891098723,164983627
0,46893436378,164985673
0,46895774014,164987463
0,46898111669,164989030
0,46900449306,164865401
0,46902786942,164632225
0,46905124597,164553196
0,46907462233,164484046
0,46909799870,164298540
0,46912137525,164261222
0,46914475161,164228569
0,46916812797,164074997
0,46919150453,164065622
0,46921488089,164057419
0,46923825725,163925241
0,46926163380,163934585
0,46928501016,163942761
0,46930838653,163824915
0,46933176308,163846800
0,46935513944,163865950
0,46937851580,163757706
0,46940189236,163787992
0,46942526872,163814493
0,46944864508,163712681
0,46947202163,163748595
0,46949539799,163780020
0,46951877436,163682517
0,46954215091,163722202
0,46956552727,163756926
0,46958890363,163662310
0,46961228019,163704521
0,46963565655,163741455
0,46965903291,163648773
0,46968240946,163692676
0,46970578582,163731091
0,46972916219,163639704
0,46975253874,163684741
0,46977591510,163724148
0,46979929146,163633629
0,46982266802,163679425
0,46984604438,163719496
0,46986942074,163629559
0,46989279729,163675864
0,46991617366,163716381
0,46993955002,163626833
0,46996292657,163673478
0,46998630293,163714293
0,47000967929,163625006
0,47003305585,163671880
0,47005643221,163587895
0,47007980857,163514408
0,47010318512,163575107
0,47012656149,163503218
0,47014993785,163440315
0,47017331440,163510275
0,47019669076,163446490
0,47022006712,163515678
0,47024344368,163576218
0,47026682004,163504190
0,47029019640,163566166
0,47031357295,163620395
0,47033694932,163542845
0,47036032568,163599989
0,47038370223,163649990
0,47040707859,163568741
0,47043045496,163622648
0,47045383151,163669817
0,47047720787,163586089
0,47050058423,163637827
0,47052396079,163683098
0,47054733715,163597710
0,47057071351,163647996
0,47059409006,163691996
0,47061746642,163605496
0,47064084279,163654809
0,47066421934,163697957
0,47068759570,163610712
0,47071097206,163659373
0,47073434862,163701951
0,47075772498,163614207
0,47078110134,163662431
0,47080447789,163704627
0,47082785426,163616548
0,47085123081,163664479
0,47087460717,163706419
0,47089798353,163618116
0,47092136009,163665851
0,47094473645,163707619
0,47096811281,163619166
0,47099148936,163666770
0,47101486572,163708423
0,47103824209,163619870
0,47106161864,163667386
0,47108499500,163708962
0,47110837136,163620341
0,47113174792,163667798
0,47115512428,163709323
0,47117850064,163620657
0,47120187719,163668074
0,47122525355,163709564
0,47124862992,163620868
0,47127200647,163668259
0,47129538283,163709726
0,47131875919,163621010
0,47134213575,163668383
0,47136551211,163709835
0,47138888847,163621105
0,47141226502,163668466
0,47143564139,163709907
0,47145901775,163621168
0,47148239430,163668522
0,47150577066,163709956
0,47152914703,163621211
0,47155252358,163668559
0,47157589994,163709989
0,47159927630,163621240
0,47162265285,163668585
0,47164602922,163710011
0,47166940558,163621259
0,47169278213,163668601
0,47171615849,163710025
0,47173953486,163621271
0,47176291141,163668612
0,47178628777,163710035
0,47180966413,163621280
0,47184451287,163793620
0,47186788923,163819417
0,47189126578,163966989
0,47191464214,164096115
0,47193801851,164084100
0,47196139506,164198587
0,47198477142,164298763
0,47200814778,164261417
0,47203152434,164353739
0,47205490070,164434521
0,47207827706,164380205
0,47210165361,164457679
0,47212502998,164525469
0,47214840634,164834785
0,47217178289,165105436
0,47219515925,165342256
0,47221853561,165549474
0,47224191217,165730789
0,47226528853,165889440
0,47228866489,166028260
0,47231204144,166149727
0,47233541781,166256011
0,47235879417,166349009
0,47238217072,166430382
0,47240554708,166501584
0,47242892345,166563886
0,47245230000,166618400
0,47247567636,166666100
0,47249905272,166707837
0,47252242928,166744357
0,47254580564,166776312
0,47256918200,166804273
0,47259255855,166828738
0,47261593492,166850145
0,47263931128,166868876
0,47266268783,166885266
0,47267459201,166774607
0,47269796837,166677781
0,47272134493,166593058
0,47274472129,166518925
0,47276809765,166454059
0,47279147420,166397301
0,47281485057,166347638
0,47283822693,166304183
0,47286160348,166266160
0,47288497984,166232890
0,47290835620,166203778
0,47293173276,166178305
0,47295510912,166156016
0,47297848548,166136514
0,47300186203,166119449
0,47302523840,166104517
0,47304861476,166091452
0,47307199131,166080020
0,47309536767,166070017
0,47311874404,166061264
0,47314212059,166053606
0,47316549695,166046905
0,47318887331,166041041
0,47321224987,166035910
0,47323562623,166031421
0,47325900259,166027493
0,47328237914,166024056
0,47330575551,166021049
0,47332913187,166018417
0,47335250842,166016114
0,47337588478,166014099
0,47339926114,166012336
0,47342263770,166010794
0,47344601406,166009444
0,47346939042,166008263
0,47349276698,165882230
0,47351614334,165771951
0,47353951970,165550457
0,47356289625,165481649
0,47358627261,165421442
0,47360964898,165243761
0,47363302553,165213290
0,47365640189,165186628
0,47367977825,165038299
0,47370315481,165033511
0,47372653117,165029322
0,47374990753,164900656
0,47377328408,164913074
0,47379666045,164923939
0,47382003681,164933446
0,47384341336,164941765
0,47386678972,164949044
0,47389016609,164955413
0,47391354264,164960986
0,47393691900,164965862
0,47396029536,164970129
0,47398367192,164973862
0,47400704828,164977129
0,47404189701,165104987
0,47406527337,165216863
0,47408864974,165314755
0,47411202629,165400410
0,47413540265,165475358
0,47415877901,165540938
0,47418215557,165598320
0,47420553193,165648530
0,47422890829,165692463
0,47425228484,165730905
0,47427566121,165764541
0,47429903757,165793973
0,47432241412,165819726
0,47434579048,165967260
0,47436916685,166096352
0,47439254340,166209308
0,47441591976,166308144
0,47443929612,166394626
0,47446267268,166470297
0,47448604904,166536509
0,47450942540,166594445
0,47453280195,166645139
0,47455617832,166689496
0,47457955468,166728309
0,47460293123,166762270
0,47462630759,166791986
0,47464968395,166817987
0,47467306051,166840738
0,47469643687,166860645
0,47471981323,166878064
0,47474318979,166893306
0,47476656615,166906642
0,47478994251,166918311
0,47481331906,166928522
0,47483669542,166937456
0,47486007179,167070274
0,47487197616,166936489
0,47489535252,166819427
0,47491872888,166716998
0,47494210544,166627373
0,47496548180,166548951
0,47498885816,166480332
0,47501223471,166420290
0,47503561108,166367753
0,47505898744,166321783
0,47508236399,166281560
0,47510574035,166246365
0,47512911672,166215569
0,47515249327,166188622
0,47517586963,166165044
0,47519924599,166144413
0,47522262255,166126361
0,47524599891,166110565
0,47526937527,166096744
0,47529275182,166084651
0,47531612819,166074069
0,47533950455,166064810
0,47536288110,166056708
0,47538625746,166049619
0,47540963382,166043416
0,47544448256,166162989
0,47546785892,166267615
0,47549123547,166359163
0,47551461184,166439267
0,47553798820,166509358
0,47556136475,166570688
0,47558474111,166624352
0,47560811748,166671308
0,47563149403,166712394
0,47565487039,166748344
0,47567824675,166779801
0,47570162331,166682325
0,47572499967,166597034
0,47574837603,166522404
0,47577175258,166457103
0,47579512895,166399965
0,47581850531,166349969
0,47584188186,166306222
0,47586525822,166267944
0,47588863459,166234451
0,47591201114,166205144
0,47593538750,166179501
0,47595876386,166157063
0,47598214042,166137430
0,47600551678,166120251
0,47602889314,166105219
0,47605226969,166092066
0,47607564606,166080557
0,47609902242,166070487
0,47612239897,166061676
0,47614577533,166053966
0,47616915170,166047220
0,47619252825,166041317
0,47621590461,166036152
0,47625075315,166281633
0,47627412971,166371428
0,47628603389,166324999
0,47630941025,166284374
0,47633278680,166248827
0,47635616317,166217723
0,47637953953,166190507
0,47640291608,166166693
0,47642629244,166145856
0,47644966881,166127624
0,47647304536,166111671
0,47649642172,166097712
0,47651979808,165960498
0,47654317464,166090435
0,47656655100,166204130
0,47658992736,166303613
0,47661330391,166390661
0,47663668028,166466828
0,47666005664,166658474
0,47668343319,166701164
0,47670680955,166738518
0,47673018592,166896203
0,47675356247,166909177
0,47677693883,166920529
0,47680031519,167055462
0,47682369175,167048529
0,47684706811,167042462
0,47687044447,167162154
0,47689382102,167141884
0,47691719739,167124148
0,47694057375,167233629
0,47696395030,167204425
0,47698732666,167178871
0,47701070303,167281512
0,47703407958,167246323
0,47705745594,167215532
0,47706936012,167063590
0,47709273668,166805641
0,47711611304,166579935
0,47713948940,166257443
0,47716286595,166100262
0,47718624232,165962729
0,47720961868,165717387
0,47723299523,165627713
0,47725637159,165549248
0,47727974795,165355592
0,47730312451,165311143
0,47732650087,165272250
0,47734987723,165113218
0,47737325379,165099065
0,47739663015,165086681
0,47742000651,165075845
0,47744338306,165066364
0,47746675943,165058068
0,47749013579,165050809
0,47751351234,165044457
0,47753688870,165038899
0,47756026507,165034036
0,47758364162,165029781
0,47760701798,165026058
0,47764186671,165147800
0,47766524308,165254325
0,47768861944,165347534
0,47771199599,165429092
0,47773537235,165500455
0,47775874872,165562898
0,47778212527,165617535
0,47780550163,165665343
0,47782887799,165707175
0,47785225455,165743778
0,47787563091,165775805
0,47789900727,165553829
0,47792238383,165484600
0,47794576019,165549025
0,47796913655,165605396
0,47799251310,165654721
0,47801588947,165697880
0,47803926583,165735645
0,47806264238,165768689
0,47808601874,165797602
0,47810939511,165822901
0,47813277166,165845038
0,47815614802,165864408
0,47817952438,165881357
0,47820290094,165896187
0,47822627730,165909163
0,47824965366,165920517
0,47827303021,165930452
0,47829640658,165939145
0,47831978294,165821751
0,47834315949,165844032
0,47836653585,165863528
0,47838991222,165755587
0,47841328877,165786138
0,47843666513,165812870
0,47847151387,165961261
0,47848341805,165966103
0,47850679441,165970340
0,47853017077,165974047
0,47855354732,165977291
0,47857692369,165980129
0,47860030005,165982612
0,47862367660,165984785
0,47864705296,165986686
0,47867042933,165988350
0,47869380588,165989806
0,47871718224,165991080
0,47874055860,166242195
0,47876393516,166336920
0,47878731152,166419805
0,47881068788,166617329
0,47883406444,166665162
0,47885744080,166707016
0,47888081716,166868639
0,47890419371,166885059
0,47892757008,166899426
0,47895094644,167036997
0,47897432299,167032372
0,47899769935,167028325
0,47902107572,167149784
0,47904445227,167131061
0,47907930081,167239678
0,47910267737,167334718
0,47912605373,167417878
0,47914943009,167490643
0,47917280664,167554312
0,47919618301,167610023
0,47921955937,167658770
0,47924293592,167701423
0,47926631228,167738745
0,47928968865,167771401
0,47930159302,167549975
0,47932496938,167356228
0,47934834574,167436699
0,47937172230,167632111
0,47939509866,167678097
0,47941847502,167718334
0,47944185157,167878542
0,47946522794,167893724
0,47948860430,167907008
0,47951198085,168043632
0,47953535721,168038178
0,47955873358,168033405
0,47958211013,168154229
0,47960548649,168134950
0,47962886285,168118081
0,47965223941,168228320
0,47967561577,168199780
0,47969899213,168174807
0,47972236868,168277956
0,47974574505,168243211
0,47976912141,168212809
0,47979249796,168311207
0,47981587432,168272306
0,47983925069,168238267
0,47987409942,168458483
0,47989747578,168526172
0,47990937996,168460400
0,47993275652,168527850
0,47995613288,168461868
0,47997950924,168404134
0,48000288580,168478617
0,48002626216,168418789
0,48004963852,168366440
0,48007301507,168445635
0,48009639144,168389930
0,48011976780,168341188
0,48014314435,168173539
0,48016652071,168151846
0,48018989708,168132865
0,48021327363,168116256
0,48023664999,168101724
0,48026002635,168214008
0,48028340291,168187257
0,48030677927,168163849
0,48033015563,168268367
0,48035353219,168234821
0,48037690855,168205468
0,48040028491,168304784
0,48042366146,168266686
0,48044703783,168233350
0,48047041419,168329181
0,48049379074,168288033
0,48051716710,168252028
0,48054054347,168345524
0,48056392002,168302333
0,48058729638,168264541
0,48061067274,168356473
0,48063404930,168311913
0,48065742566,168272923
0,48068080202,168363807
0,48070417857,168318331
0,48072755494,168278539
0,48075093130,168243721
0,48077430785,168088255
0,48079768422,167952223
0,48082106058,167958195
0,48084443713,167838420
0,48086781349,167733617
0,48089118986,167766914
0,48091456641,167671049
0,48093794277,167587167
0,48096131913,167638771
0,48098469569,167683924
0,48100807205,167723433
0,48103144860,167883003
0,48105482496,167897627
0,48107820133,167910423
0,48110157788,168046620
0,48112495424,168040792
0,48114833060,168035693
0,48117170716,168156231
0,48119508352,168136702
0,48121845988,168119614
0,48124183644,168229662
0,48126521280,168200954
0,48130006134,168425834
0,48132343790,168622604
0,48134681426,168669778
0,48137019062,168836055
0,48139356717,168981548
0,48141694354,168983854
0,48144031990,169110872
0,48146369645,169222013
0,48148707281,169194261
0,48151044918,169294978
0,48153382573,169383105
0,48155720209,169210216
0,48158057845,169183939
0,48160395501,169285946
0,48162733137,169250202
0,48165070773,169343926
0,48167408429,169425935
0,48169746065,169372693
0,48172083701,169451106
0,48174421356,169519717
0,48176758993,169454752
0,48179096629,169522908
0,48181434284,169582544
0,48183771920,169509726
0,48186109557,169571010
0,48188447212,169624633
0,48190784848,169546553
0,48193122484,169603233
0,48195460140,169527828
0,48197797776,169461849
0,48200135412,169529117
0,48202473068,169462977
0,48204810704,169405104
0,48207148359,169479466
0,48209485995,169419532
0,48211823632,169367090
0,48214161287,169446203
0,48216498923,169390427
0,48218836559,169341623
0,48221174215,169423920
0,48223511851,169370930
0,48225849487,169324563
0,48228187143,169408992
0,48230524779,169357868
0,48232862415,169313134
0,48235200070,169398992
0,48237537707,169349118
0,48239875343,169305478
0,48242212998,169392293
0,48244550634,169343256
0,48246888271,169300349
0,48249225926,169387805
0,48251563562,169339329
0,48253901198,169296912
0,48256238854,169384798
0,48258576490,169336698
0,48260914126,169294610
0,48263251782,169382783
0,48265589418,169334935
0,48267927054,169293068
0,48270264709,169381434
0,48272602346,169333754
0,48274939982,169292034
0,48277277637,169380529
0,48279615273,169332962
0,48281952910,169291341
0,48284290565,169379923
0,48286628201,169332432
0,48288965838,169290878
0,48291303493,169379518
0,48293641129,169332078
0,48295978765,169290568
0,48298316421,169129247
0,48300654057,168988091
0,48302991693,168864579
0,48305329348,168756506
0,48307666985,168661942
0,48310004621,168704199
0,48312342276,168616174
0,48314679913,168539152
0,48317017549,168596758
0,48319355204,168522163
0,48321692840,168456892
0,48324030477,168524780
0,48326368132,168459182
0,48328705768,168401784
0,48331043404,168476561
0,48333381060,168416990
0,48335718696,168364866
0,48338056332,168444257
0,48340393988,168388724
0,48342731624,168340133
0,48345069260,168422616
0,48347406915,168369789
0,48349744552,168323565
0,48352082188,168408119
0,48354419843,168357104
0,48356757479,168312466
0,48359095116,168398407
0,48361432771,168348606
0,48363770407,168305030
0,48366108044,168391901
0,48368445699,168342913
0,48370783335,168300048
0,48373120971,168387542
0,48375458627,168339099
0,48377796263,168296711
0,48380133899,168384622
0,48382471554,168336544
0,48384809191,168294476
0,48387146846,168382666
0,48389484482,168334832
0,48391822119,168292978
0,48394159774,168381355
0,48396497410,168333685
0,48398835046,168291974
0,48401172702,168380477
0,48403510338,168332917
0,48405847974,168291302
0,48408185630,168379889
0,48410523266,168332402
0,48412860902,168290851
0,48415198557,168379494
0,48417536194,168332057
0,48419873830,168290549
0,48422211485,168379230
0,48424549121,168331826
0,48426886758,168290347
0,48429224413,168379053
0,48431562049,168331671
0,48433899686,168290212
0,48436237341,168378935
0,48438574977,168331568
0,48440912613,168290122
0,48443250269,168378856
0,48445587905,168331499
0,48447925541,168290061
0,48450263197,168378803
0,48452600833,168331452
0,48454938469,168290020
0,48457276124,168378767
0,48459613761,168331421
0,48461951397,168289993
0,48464289052,168378743
0,48466626688,168331400
0,48468964325,168289975
0,48471301980,168378728
0,48473639616,168331387
0,48475977252,168289963
0,48478314908,168253717
0,48480652544,168222002
0,48482990180,168194251
0,48485327836,168169969
0,48487665472,168148722
0,48490003108,168255131
0,48492340764,168223239
0,48494678400,168195334
0,48497016036,168295917
0,48499353691,168258927
0,48501691328,168226561
0,48504028964,168323240
0,48506366619,168282835
0,48508704255,168247480
0,48511041892,168341545
0,48513379547,168298851
0,48515717183,168261494
0,48518054820,168353807
0,48520392475,168309581
0,48522730111,168270883
0,48525067747,168362022
0,48527405403,168316769
0,48529743039,168277172
0,48532080675,168367525
0,48534418331,168321584
0,48536755967,168281386
0,48539093603,168371212
0,48541431258,168324810
0,48543768895,168284208
0,48546106531,168373682
0,48548444186,168326971
0,48550781822,168286099
0,48553119459,168375336
0,48555457114,168328419
0,48557794750,168287366
0,48560132387,168376445
0,48562470042,168329389
0,48564807678,168288215
0,48567145334,168377188
0,48569482970,168330039
0,48571820606,168288784
0,48574158261,168377686
0,48576495898,168330475
0,48578833534,168289165
0,48581171189,168378019
0,48583508825,168330766
0,48585846462,168289420
0,48588184117,168378242
0,48590521753,168330961
0,48592859390,168289590
0,48595197045,168378391
0,48597534681,168331092
0,48599872317,168289705
0,48602209973,168378491
0,48604547609,168331179
0,48606885245,168289781
0,48609222901,168378558
0,48611560537,168331238
0,48613898173,168289833
0,48616235828,168378603
0,48618573465,168331277
0,48620911101,168289867
0,48623248756,168378633
0,48625586392,168331303
0,48629071247,168539890
0,48631408902,168722403
0,48633746538,168757102
0,48636084175,168912464
0,48638421830,169048406
0,48640759466,169042355
0,48643097103,169162060
0,48645434758,169266802
0,48647772394,169233451
0,48650110030,169329269
0,48652447686,169413110
0,48654785322,169736471
0,48657122958,170019412
0,48659460614,170266985
0,48661798250,170358611
0,48664135886,170563784
0,48666473541,170743311
0,48668811178,170775397
0,48671148833,170928472
0,48673486469,171062413
0,48675824106,171054611
0,48678161761,171172784
0,48680499397,171276186
0,48682837033,171241662
0,48685174689,171336454
0,48687512325,171419397
0,48689849961,171366972
0,48692187617,171446100
0,48694525253,171515337
0,48696862889,171450919
0,48699200544,171519554
0,48701538181,171579609
0,48703875817,171507157
0,48706213472,171568762
0,48708551109,171622666
0,48710888745,171544832
0,48713226400,171601728
0,48714416818,171526512
0,48716754455,171335698
0,48719092091,171293735
0,48721429746,171257018
0,48723767382,171099890
0,48726105019,171087403
0,48728442674,171076477
0,48730780310,170941917
0,48733117947,170949177
0,48735455602,170955529
0,48737793238,170836087
0,48740130874,170856576
0,48742468530,170874504
0,48744806166,170765191
0,48747143802,170794542
0,48749481458,170820224
0,48751819094,170717696
0,48754156749,170752984
0,48756494385,170783861
0,48758832022,170685878
0,48761169677,170725143
0,48763507313,170759500
0,48765844950,170664562
0,48768182605,170706491
0,48770520241,170743179
0,48772857877,170650281
0,48775195533,170693995
0,48777533169,170732245
0,48779870805,170640714
0,48782208461,170685624
0,48784546097,170724921
0,48786883733,170634305
0,48789221389,170680016
0,48791559025,170720014
0,48793896661,170630012
0,48796234316,170676260
0,48798571953,170466727
0,48800909589,170283386
0,48803247244,170247962
0,48805584881,170091966
0,48807922517,169955470
0,48810260172,169961036
0,48812597808,169840906
0,48814935445,169735792
0,48817273100,169768818
0,48819610736,169672715
0,48821948372,169588625
0,48824286028,169640046
0,48826623664,169560040
0,48828961300,169490035
0,48831298956,169553780
0,48833636592,169484557
0,48835974228,169423987
0,48838311884,169495988
0,48840649520,169433989
0,48842987156,169379740
0,48845324811,169457272
0,48847662448,169400113
0,48850000084,169475098
0,48852337739,169540710
0,48854675376,169473121
0,48858160249,169663980
0,48860497885,169830982
0,48862835522,169852109
0,48865173177,169995595
0,48867510813,170121145
0,48869848449,170106001
0,48872186105,170217750
0,48874523741,170315531
0,48876861377,170276089
0,48879199033,170366577
0,48881536669,170445754
0,48883874305,170390034
0,48886211961,170591279
0,48888549597,170767369
0,48890887233,170796447
0,48893224888,170946891
0,48895562525,171078529
0,48897900161,171068712
0,48900237816,171185123
0,48902575453,171286982
0,48904913089,171251109
0,48907250744,171344720
0,48909588380,171426630
0,48911926017,171373301
0,48914263672,171451638
0,48916601308,171520183
0,48918938945,171455160
0,48921276600,171523265
0,48923614236,171582856
0,48925951872,171509999
0,48928289528,171571249
0,48930627164,171624842
0,48932964800,171546736
0,48935302456,171603394
0,48937640092,171652969
0,48939977728,171571347
0,48942315384,171624928
0,48944653020,171671812
0,48946990656,171587835
0,48949328311,171639355
0,48951665948,171684435
0,48954003584,171723880
0,48956341239,171758395
0,48958678876,171788595
0,48961016512,171815020
0,48963354167,171838142
0,48965691803,171858374
0,48968029440,171876077
0,48970367095,171891567
0,48972704731,171905121
0,48975042368,171916980
0,48977380023,171927357
0,48979717659,171936437
0,48982055295,171944382
0,48984392951,171951334
0,48986730587,171957417
0,48989068223,171962739
0,48991405879,171967396
0,48993743515,171971471
0,48996081151,171975037
0,48998418807,171978157
0,49000756443,171980887
0,49003094079,171983276
0,49005431735,171985366
0,49007769371,171987195
0,49010107007,171988795
0,49012444662,171990195
0,49014782299,171991420
0,49017119935,171992492
0,49019457590,171993430
0,49021795227,171869251
0,49024132863,171885594
0,49026470518,171899894
0,49028808154,171662407
0,49031145791,171579606
0,49033483446,171507155
0,49035821082,171318760
0,49038158738,171278915
0,49040496374,171244050
0,49042834010,171088543
0,49045171666,171077475
0,49047509302,171067790
0,49049846938,170934316
0,49052184593,170942526
0,49054522230,170949710
0,49056859866,170830996
0,49059197521,170852121
0,49061535158,170870605
0,49063872794,170761779
0,49066210449,170791556
0,49068548085,170817611
0,49070885722,170715409
0,49073223377,170750982
0,49075561013,170782109
0,49077898650,170684345
0,49080236305,170723801
0,49082573941,170758325
0,49084911578,170663534
0,49087249233,170705592
0,49089586869,170742393
0,49091924505,170649593
0,49094262161,170693393
0,49096599797,170731718
0,49098937433,170640253
0,49101275089,170685221
0,49103612725,170724568
0,49105950361,170633997
0,49108288017,170679747
0,49110625653,170719778
0,49112963289,170629805
0,49115300944,170676079
0,49117638581,170716569
0,49119976217,170626997
0,49122313872,170673622
0,49124651509,170589419
0,49126989145,170515741
0,49129326800,170576273
0,49131664437,170504238
0,49134002073,170566208
0,49136339728,170620432
0,49138677364,170542878
0,49141015001,170600018
0,49143352656,170650015
0,49145690292,170568763
0,49148027929,170622667
0,49150365584,170669833
0,49152703220,170586103
0,49155040856,170637840
0,49157378512,170683110
0,49159716148,170597721
0,49162053784,170648005
0,49164391440,170692004
0,49166729076,170605503
0,49169066712,170654815
0,49171404368,170697963
0,49173742004,170610717
0,49176079640,170659377
0,49178417296,170701954
0,49180754932,170614209
0,49183092568,170662432
0,49185430223,170704628
0,49187767860,170616549
0,49190105496,170664480
0,49192443151,170706420
0,49194780788,170618117
0,49197118424,170665852
0,49199456079,170707620
0,49201793716,170619167
0,49204131352,170666771
0,49206469007,170708424
0,49208806643,170619871
0,49211144280,170667387
0,49213481935,170708963
0,49215819571,170620342
0,49218157227,170667799
0,49220494863,170709324
0,49222832499,170620658
0,49225170155,170668075
0,49227507791,170709565
0,49229845427,170620869
0,49232183083,170668260
0,49234520719,170709727
0,49236858355,170621011
0,49239196010,170668384
0,49241533647,170709836
0,49243871283,170621106
0,49246208938,170668467
0,49248546575,170709908
0,49250884211,170621169
0,49253221866,170668522
0,49255559503,170709956
0,49257897139,170621211
0,49260234794,170668559
0,49262572430,170709989
0,49264910067,170621240
0,49267247722,170668585
0,49269585358,170710011
0,49271922995,170621259
0,49274260650,170668601
0,49276598286,170710025
0,49278935923,170621271
0,49281273578,170668612
0,49283611214,170710035
0,49285948850,170621280
0,49288286506,170668620
0,49290624142,170710042
0,49292961778,170621286
0,49295299434,170668625
0,49297637070,170710046
0,49299974706,170621290
0,49302312362,170668628
0,49304649998,170585049
0,49306987634,170511917
0,49309325290,170572927
0,49311662926,170501311
0,49314000562,170563647
0,49316338217,170618191
0,49318675854,170540917
0,49321013490,170598302
0,49323351145,170648514
0,49325688782,170567449
0,49328026418,170621517
0,49330364073,170668827
0,49332701710,170585223
0,49335039346,170637070
0,49337377001,170682436
0,49339714637,170597131
0,49342052274,170647489
0,49344389929,170691552
0,49346727565,170605108
0,49350212439,170779469
0,49352550075,170932035
0,49354887711,170940530
0,49357225367,171072963
0,49359563003,171188842
0,49361900639,171165236
0,49364238295,171269581
0,49366575931,171360883
0,49368913567,171315772
0,49371251223,171401300
0,49373588859,171476137
0,49375926495,171791619
0,49378264151,172067666
0,49380601787,172309207
0,49382939423,172520556
0,49385277079,172705486
0,49387614715,172867300
0,49389952351,173008887
0,49392290006,173132776
0,49394627643,173241179
0,49396965279,173336031
0,49399302934,173419027
0,49401640571,173491648
0,49403978207,173555192
0,49406315862,173610793
0,49408653499,173659443
0,49410991135,173702012
0,49413328790,173739260
0,49415666426,173771852
0,49418004063,173925370
0,49420341718,173934698
0,49422679354,173942860
0,49425016991,174075002
0,49427354646,174065626
0,49429692282,174057422
0,49432029919,174175244
0,49433220356,174028338
0,49435557992,173899795
0,49437895628,173787320
0,49440233284,173688905
0,49442570920,173602791
0,49444908556,173527442
0,49447246212,173461511
0,49449583848,173403822
0,49451921484,173353344
0,49454259140,173309176
0,49456596776,173270529
0,49458934412,173236712
0,49461272068,173207123
0,49463609704,173181232
0,49465947340,173158578
0,49468284996,173138755
0,49470622632,173121410
0,49472960268,173106233
0,49475297923,173092953
0,49477635560,173081333
0,49479973196,173071166
0,49482310851,173062270
0,49484648488,173054486
0,49486986124,172922675
0,49489323779,172932340
0,49491661416,172940797
0,49493999052,172823197
0,49496336707,172845297
0,49498674344,172864634
0,49501011980,172881554
0,49503349635,172896359
0,49505687271,172909314
0,49508024908,172920649
0,49510362563,172930567
0,49512700199,172939246
0,49515037836,172946840
0,49517375491,172953485
0,49519713127,172959299
0,49522050764,172839386
0,49524388419,172734462
0,49526726055,172642654
0,49529063692,172562322
0,49531401347,172492031
0,49533738983,172430527
0,49536076619,172376711
0,49538414275,172329622
0,49540751911,172288419
0,49543089547,172252366
0,49545427203,172220820
0,49547764839,172193217
0,49550102475,172169064
0,49552440131,172147931
0,49554777767,172129439
0,49557115403,172113259
0,49559453059,172099101
0,49561790695,172086713
0,49564128331,172075873
0,49566465987,172066388
0,49568803623,172058089
0,49571141259,172050827
0,49573478915,172044473
0,49575816551,172038913
0,49578154187,172034048
0,49581639061,172154792
0,49583976697,172260443
0,49586314352,172352887
0,49588651989,172433776
0,49590989625,172379554
0,49593327280,172457109
0,49595664917,172524970
0,49598002553,172584348
0,49600340208,172636304
0,49602677844,172681766
0,49605015481,172721545
0,49607353136,172881351
0,49609690772,173021182
0,49612028409,173268534
0,49614366064,173359967
0,49616703700,173439971
0,49619041337,173634974
0,49621378992,173680602
0,49623716628,173720526
0,49626054265,173880460
0,49628391920,173895402
0,49630729556,173908476
0,49633067192,174044916
0,49635404848,174039301
0,49637742484,174034388
0,49640080120,174155089
0,49642417776,174135702
0,49644755412,174118739
0,49647093048,174228896
0,49649430704,174200284
0,49651768340,174175248
0,49654105976,174278342
0,49656443632,174243549
0,49658781268,174213105
0,49661118904,174311466
0,49663456560,174272532
0,49665794196,174238465
0,49668131832,174333656
0,49670469488,174291949
0,49672807124,174255455
0,49675144760,174223523
0,49677482416,174195582
0,49679820052,174171134
0,49682157688,174149742
0,49684495344,174131024
0,49686832980,174114646
0,49689170635,174100315
0,49691508271,174087775
0,49693845908,174076803
0,49696183563,174067202
0,49698521199,174058801
0,49700858836,174051450
0,49703196491,174045018
0,49705534127,174039390
0,49707871764,174034466
0,49710209419,174030157
0,49712547055,174026387
0,49714884692,174023088
0,49717222347,174020202
0,49719559983,174017676
0,49721897620,174015466
0,49724235275,174013532
0,49726572911,174011840
0,49728910548,174010360
0,49731248203,174009065
0,49733585839,174007931
0,49735923475,174006939
0,49738261131,174006071
0,49740598767,174005312
0,49742936403,174004648
0,49745274059,174004067
0,49747611695,174003558
0,49749949331,174003113
0,49752286987,174002723
0,49753477405,173752382
0,49755815041,173533334
0,49758152677,173341667
0,49760490333,173173958
0,49762827969,173027213
0,49765165625,172898811
0,49767503261,172786459
0,49769840897,172563151
0,49772178553,172492757
0,49774516189,172431162
0,49776853825,172252266
0,49779191481,172220732
0,49781529117,172193140
0,49783866753,172043997
0,49786204408,172038497
0,49788542045,172033684
0,49790879681,171904473
0,49793217336,171916413
0,49795554973,171926861
0,49797892609,171811003
0,49800230264,171834627
0,49802567901,171855298
0,49804905537,171748385
0,49807243192,171779836
0,49809580829,171807356
0,49811918465,171706436
0,49814256120,171743131
0,49816593757,171775239
0,49818931393,171678334
0,49821269048,171718542
0,49823606685,171753724
0,49825944321,171659508
0,49828281976,171702069
0,49830619613,171739310
0,49832957249,171646896
0,49835294904,171691034
0,49838779759,171854654
0,49841117395,171997822
0,49843455050,172123094
0,49845792687,172232707
0,49848130323,172328618
0,49850467978,172412540
0,49852805615,172485972
0,49855143251,172550225
0,49857480906,172606446
0,49859818543,172655640
0,49862156179,172698685
0,49864493834,172736349
0,49866831470,172769305
0,49869169126,172798141
0,49871506762,172823373
0,49873844398,172845451
0,49876182054,172864769
0,49878519690,172881672
0,49880857326,172896463
0,49883194982,172909405
0,49885532618,172920729
0,49887870254,172930637
0,49890207910,172939307
0,49892545546,172946893
0,49894883182,172953531
0,49897220838,172959339
0,49899558474,172964421
0,49901896110,172968868
0,49904233766,172972759
0,49906571402,172976164
0,49908909038,172979143
0,49911246694,172981750
0,49913584330,172984031
0,49915921966,172986027
0,49918259622,172987773
0,49920597258,172989301
0,49922934894,172990638
0,49925272550,172991808
0,49926462968,172992832
0,49928800604,172993728
0,49931138240,172994512
0,49933475896,172995198
0,49935813532,172995798
0,49938151168,172996323
0,49940488824,172996782
0,49942826460,172997184
0,49945164096,172997536
0,49947501752,172997844
0,49949839388,172998113
0,49952177043,172998348
0,49954514680,172998554
0,49956852316,172998734
0,49959189971,172998892
0,49961527608,172999030
0,49963865244,172999151
0,49966202899,172999257
0,49968540536,172999349
0,49970878172,172999430
0,49973215827,172999501
0,49975553464,172999563
0,49977891100,172999617
0,49980228755,172999664
0,49982566392,172999706
0,49984904028,172999742
0,49987241683,172999774
0,49989579320,172999802
0,49991916956,172999826
0,49994254611,172999847
0,49996592248,172999866
0,49998929884,172999882
0,50000000000,172999882
