0,144185805,13800
0,307074873,15180
0,309369297,16560
0,311663698,17940
0,313958122,19320
0,316252537,20700
0,469921843,22080
0,472216271,23460
0,474510696,24840
0,476805099,26220
0,479099514,27600
0,481393938,28980
0,483688340,30360
0,632769905,31740
0,635064322,33120
0,637358746,34500
0,639653148,35880
0,641947572,37260
0,644241974,38640
0,646536400,40020
0,648830802,41400
0,651125218,42780
0,653419642,44160
0,655714043,45540
0,796766299,46920
0,799060713,48300
0,801355139,49680
0,803649541,51060
0,805943966,52440
0,808238369,53820
0,810532793,55200
0,812827196,56580
0,815121612,57960
0,817416037,59340
0,819710439,60720
0,822004864,62100
0,824299278,63480
0,826593682,64860
0,828888106,66240
0,831182509,67620
0,959616629,69000
0,961911055,70380
0,964205457,71760
0,966499882,73140
0,968794285,74520
0,971088701,75900
0,973383125,77280
0,975677529,78660
0,977971954,80040
0,980266369,81420
0,982560772,82800
0,984855198,84180
0,987149599,85560
0,989444025,86940
0,991738429,88320
0,994032853,89700
0,996327267,91080
0,998621671,92460
0,1000916097,93840
0,1003210498,95220
0,1009568017,96600
0,1011862374,97980
0,1014156733,99360
0,1016451099,100740
0,1123235824,102120
0,1125530246,103500
0,1127824688,104880
0,1130119138,106260
0,1132413560,107640
0,1134708006,109020
0,1137002453,110400
0,1139296885,111780
0,1141591307,113160
0,1143885768,114540
0,1146180200,115920
0,1148474622,117300
0,1150769068,118680
0,1153063513,120060
0,1155357936,121440
0,1157652383,122820
0,1159946829,124200
0,1162241261,125580
0,1164535684,126960
0,1166830124,128340
0,1169124576,129720
0,1171418999,131100
0,1173713444,132480
0,1176007891,133860
0,1178302323,135240
0,1180596745,136620
0,1182891203,138000
0,1185953083,139380
0,1188247535,140760
0,1190542000,142140
0,1192836447,143520
0,1195130919,144900
0,1197425389,146280
0,1199719837,147660
0,1202014303,149040
0,1204308754,150420
0,1287626302,151800
0,1289920768,153180
0,1292215221,154560
0,1294509687,155940
0,1296804139,157320
0,1299098606,158700
0,1301393078,160080
0,1303687525,161460
0,1305981992,162840
0,1308276444,164220
0,1310570911,165600
0,1312865360,166980
0,1315159830,168360
0,1317454302,169740
0,1319748750,171120
0,1322043216,172500
0,1324337669,173880
0,1326632135,175260
0,1328926601,176640
0,1331221055,178020
0,1333515521,179400
0,1335809974,180780
0,1338104441,182160
0,1340398912,183540
0,1342693359,184920
0,1344987825,186300
0,1347282277,187680
0,1349576744,189060
0,1351871210,190440
0,1354165662,191820
0,1356460134,193200
0,1358754581,194580
0,1361049048,195960
0,1363343503,197340
0,1365637968,198720
0,1367932436,200100
0,1370226887,201480
0,1372521354,202860
0,1374815802,204240
0,1377110273,205620
0,1379404745,207000
0,1381699192,208380
0,1383993656,209760
0,1386288110,211140
0,1388582575,212520
0,1390877041,213900
0,1393171495,215280
0,1395465965,216660
0,1397760414,218040
0,1400054880,219420
0,1402349333,220800
0,1404643799,222180
0,1406938265,223560
0,1409232719,224940
0,1452021277,226320
0,1454315730,227700
0,1456610198,229080
0,1458904663,230460
0,1461199117,231840
0,1463493583,233220
0,1465788036,234600
0,1468082503,235980
0,1470376955,237360
0,1472671423,238740
0,1474965889,240120
0,1477260343,241500
0,1479554808,242880
0,1481849257,244260
0,1484143728,245640
0,1486438200,247020
0,1488732649,248400
0,1491027115,249780
0,1493321569,251160
0,1495616035,252540
0,1497910503,253920
0,1500204955,255300
0,1502499422,256680
0,1504793875,258060
0,1507088340,259440
0,1509382795,260820
0,1511677261,262200
0,1513971728,263580
0,1516266180,264960
0,1518560647,266340
0,1520855095,267720
0,1523149567,269100
0,1525444039,270480
0,1527738486,271860
0,1530032954,273240
0,1532327406,274620
0,1534621873,276000
0,1536916340,277380
0,1539210792,278760
0,1541505260,280140
0,1543799712,281520
0,1546094180,282900
0,1548388632,284280
0,1550683098,285660
0,1552977565,287040
0,1555272017,288420
0,1557566484,289800
0,1559860932,291180
0,1562155405,292560
0,1564449874,293940
0,1566744322,295320
0,1569038789,296700
0,1571333242,298080
0,1573627709,299460
0,1575922174,300840
0,1578216628,302220
0,1580511095,303600
0,1582805549,304980
0,1585100014,306360
0,1587394468,307740
0,1589688935,309120
0,1591983402,310500
0,1594277854,311880
0,1596572321,313260
0,1598866769,314640
0,1601161239,316020
0,1603455710,317400
0,1605750158,318780
0,1608044626,320160
0,1610339078,321540
0,1612633545,322920
0,1614928010,324300
0,1617222465,325680
0,1619516930,327060
0,1621811382,328440
0,1624105850,329820
0,1626400321,331200
0,1628694769,332580
0,1630989235,333960
0,1633283689,335340
0,1635578155,336720
0,1637872623,338100
0,1640167075,339480
0,1642461547,340860
0,1644755994,342240
0,1647050461,343620
0,1649344913,345000
0,1651639381,346380
0,1653933847,347760
0,1656228301,349140
0,1658522767,350520
0,1660817220,351900
0,1663111687,353280
0,1665406158,354660
0,1667700606,356040
0,1669995074,357420
0,1672289527,358800
0,1674583993,360180
0,1676878459,361560
0,1679172912,362940
0,1681467385,364320
0,1683761831,365700
0,1686056298,367080
0,1688350750,368460
0,1690645219,369840
0,1692939684,371220
0,1695234138,372600
0,1697528604,373980
0,1699823054,375360
0,1702117524,376740
0,1704411997,378120
0,1706706444,379500
0,1709000912,380880
0,1711295364,382260
0,1713589832,383640
0,1715884298,385020
0,1718178752,386400
0,1720473223,387780
0,1722767672,389160
0,1725062137,390540
0,1727356591,391920
0,1729651056,393300
0,1731945524,394680
0,1734239976,396060
0,1736534443,397440
0,1738828890,398820
0,1741123364,400200
0,1743417833,401580
0,1745712282,402960
0,1748006748,404340
0,1750301203,405720
0,1752595668,407100
0,1754890136,408480
0,1757184588,409860
0,1759479061,411240
0,1761773508,412620
0,1764067976,414000
0,1766362428,415380
0,1768656896,416760
0,1770951363,418140
0,1773245816,419520
0,1775540283,420900
0,1777834730,422280
0,1780129202,423660
0,1782423674,425040
0,1784718122,426420
0,1787012589,427800
0,1789307042,429180
0,1791601508,430560
0,1793895976,431940
0,1796190428,433320
0,1798484901,434700
0,1800779348,436080
0,1803073816,437460
0,1805368268,438840
0,1807662736,440220
0,1809957202,441600
0,1812251656,442980
0,1814546121,444360
0,1816840570,445740
0,1819135041,447120
0,1821429513,448500
0,1823723960,449880
0,1826018428,451260
0,1828312881,452640
0,1830607347,454020
0,1832901816,455400
0,1835196268,456780
0,1837490739,458160
0,1839785187,459540
0,1842079656,460920
0,1844374108,462300
0,1846668575,463680
0,1848963041,465060
0,1851257496,466440
0,1853551961,467820
0,1855846409,469200
0,1858140880,470580
0,1860435352,471960
0,1862729801,473340
0,1865024267,474720
0,1867318721,476100
0,1869613187,477480
0,1871907655,478860
0,1874202106,480240
0,1876496574,481620
0,1878791026,483000
0,1881085494,484380
0,1883379947,485760
0,1885674414,487140
0,1887968882,488520
0,1890263334,489900
0,1892557802,491280
0,1894852249,492660
0,1897146722,494040
0,1899441192,495420
0,1901735641,496800
0,1904030108,498180
0,1906324561,499560
0,1908619028,500940
0,1910913494,502320
0,1913207948,503700
0,1915611214,505080
0,1918014487,251160
0,2612777745,103500
0,2935638683,103518
0,2937933151,103536
0,2940227603,103554
0,2942522072,103572
0,2944816526,103590
0,2947110994,103608
0,2949405448,103626
0,3030422468,103644
0,3032716936,103662
0,3035011404,103680
0,3037305858,103698
0,3039600326,103716
0,3041894775,103734
0,3044189248,103752
0,3046483722,103770
0,3048778171,103788
0,3051072640,103806
0,3053367094,103824
0,3055661561,103842
0,3057956030,103860
0,3060250483,103878
0,3062544951,103896
0,3064839402,103914
0,3067133873,103932
0,3069428328,103950
0,3071722795,103968
0,3074017264,103986
0,3076311718,104004
0,3078606186,104022
0,3080900654,104040
0,3083195108,104058
0,3085489582,104076
0,3087784030,104094
0,3090078497,104112
0,3092372952,104130
0,3094667420,104148
0,3096961888,104166
0,3099256342,104184
0,3101550809,104202
0,3103845259,104220
0,3106139731,104238
0,3108434185,104256
0,3110728653,104274
0,3113023121,104292
0,3115317575,104310
0,3117612044,104328
0,3119906511,104346
0,3122200965,104364
0,3124495437,104382
0,3126789886,104400
0,3129084354,104418
0,3131378809,104436
0,3133673277,104454
0,3135967744,104472
0,3138262199,104490
0,3140556667,104508
0,3142851115,104526
0,3145145588,104544
0,3147440043,104562
0,3149734511,104580
0,3152028979,104598
0,3154323434,104616
0,3156617902,104634
0,3158912370,104652
0,3161206824,104670
0,3163501295,104688
0,3165795745,104706
0,3168090213,104724
0,3170384667,104742
0,3172679136,104760
0,3174973603,104778
0,3177268054,104796
0,3179562523,104814
0,3181856973,104832
0,3197160288,104850
0,3201749336,104868
0,3206338380,104886
0,3210927467,104904
0,3215516512,104922
0,3220105560,104940
0,3224694608,104958
0,3229283654,104976
0,3233872701,104994
0,3238461786,105012
0,3243050830,105030
0,3247639879,105048
0,3252228927,105066
0,3256817977,105084
0,3261407039,105102
0,3265996100,105120
0,3270585148,105138
0,3275174197,105156
0,3279763246,105174
0,3284352308,105192
0,3288941373,105210
0,3293530418,105228
0,3298119466,105246
0,3302708515,105264
0,3307297558,105282
0,3311886606,105300
0,3316475692,105318
0,3321064737,105336
0,3325653786,105354
0,3330242832,105372
0,3332537371,105390
0,3334831881,105408
0,3337126421,105426
0,3339420945,105444
0,3341715466,105462
0,3344010005,105480
0,3346304510,105498
0,3361608261,105516
0,3366197436,105534
0,3370786607,105552
0,3373081075,105570
0,3376523060,105588
0,3381112233,105606
0,3385701408,105624
0,3390290582,105642
0,3394879751,105660
0,3399468948,105678
0,3404058154,105696
0,3408647326,105714
0,3413236501,105732
0,3417825675,105750
0,3422414853,105768
0,3427004056,105786
0,3431593243,105804
0,3436182416,105821
0,3440771593,105838
0,3445360768,105855
0,3449949970,105872
0,3454539162,105889
0,3459128335,105906
0,3463717510,105923
0,3468306686,105940
0,3472895851,105957
0,3477485049,105974
0,3482074257,105991
0,3486663427,106008
0,3491252604,106025
0,3495841777,106042
0,3498136387,106059
0,3500430952,106076
0,3502725563,106093
0,3505020156,106110
0,3507314733,106127
0,3509609342,106144
0,3511903899,106161
0,3527208092,106178
0,3531797394,106195
0,3536386691,106212
0,3538681230,106229
0,3542123312,106246
0,3546712613,106263
0,3551301914,106280
0,3555891211,106297
0,3560480531,106314
0,3565069850,106331
0,3569659182,106348
0,3574248482,106365
0,3578837783,106382
0,3583427085,106399
0,3588016405,106416
0,3592605734,106433
0,3597195049,106450
0,3601784349,106467
0,3606373652,106484
0,3610962969,106501
0,3615552298,106518
0,3620141617,106535
0,3624730918,106552
0,3629320220,106569
0,3633909537,106586
0,3638498834,106603
0,3643088155,106620
0,3647677489,106637
0,3652266787,106654
0,3656856087,106671
0,3661445391,106688
0,3663740070,106705
0,3666034705,106722
0,3668329373,106739
0,3670624037,106756
0,3672918685,106773
0,3675213350,106790
0,3677507982,106807
0,3692812592,106824
0,3697402021,106841
0,3701991459,106858
0,3704286055,106875
0,3707728236,106892
0,3712317665,106909
0,3715759864,106926
0,3720349288,106943
0,3724938749,106960
0,3729528195,106977
0,3734117655,106994
0,3738707083,107011
0,3743296511,107028
0,3747885936,107045
0,3752475404,107062
0,3757064856,107079
0,3761654298,107096
0,3766243726,107113
0,3770833157,107130
0,3775422600,107147
0,3780012071,107164
0,3784601517,107181
0,3789190944,107198
0,3793780375,107215
0,3798369818,107232
0,3802959257,107249
0,3807548706,107266
0,3812138167,107283
0,3816727594,107300
0,3821317020,107317
0,3825906446,107334
0,3828201200,107351
0,3830495911,107368
0,3832790631,107385
0,3835085366,107402
0,3837380071,107419
0,3839674807,107436
0,3841969510,107453
0,3857274543,107470
0,3861864095,107487
0,3866453664,107504
0,3868748332,107521
0,3872190611,107538
0,3876780167,107555
0,3880222466,107572
0,3884812016,107589
0,3889401604,107606
0,3893991193,107623
0,3898580780,107640
0,3903170334,107657
0,3907759890,107674
0,3912349443,107691
0,3916939052,107708
0,3921528633,107725
0,3926118201,107742
0,3930707757,107759
0,3935297316,107776
0,3939886881,107793
0,3944476503,107810
0,3949066071,107827
0,3953655627,107844
0,3958245185,107861
0,3962834755,107878
0,3967424322,107895
0,3972013912,107912
0,3976603502,107929
0,3981193056,107946
0,3985782611,107963
0,3990372164,107980
0,3992666988,107997
0,3994961770,108014
0,3997256548,108031
0,3999551354,108048
0,4001846115,108065
0,4004140922,108082
0,4006435683,108099
0,4021741156,108116
0,4026330836,108133
0,4030920547,108150
0,4033215272,108167
0,4036657649,108184
0,4041247333,108201
0,4044689732,108218
0,4049279410,108235
0,4053869121,108252
0,4058458843,108269
0,4063048569,108286
0,4065343025,108303
0,4068785479,108320
0,4073375162,108337
0,4077964857,108354
0,4082554594,108371
0,4087144303,108388
0,4091733999,108405
0,4096323683,108422
0,4100913366,108439
0,4105503081,108456
0,4110092828,108473
0,4114682522,108490
0,4119272207,108507
0,4123861888,108524
0,4128451591,108541
0,4133041300,108558
0,4137631017,108575
0,4142220735,108592
0,4146810417,108609
0,4151400100,108626
0,4155989795,108643
0,4158284676,108660
0,4160579529,108677
0,4162874360,108694
0,4165169240,108711
0,4167464058,108728
0,4169758935,108745
0,4172053767,108762
0,4187359666,108779
0,4191949489,108796
0,4196539328,108813
0,4198834110,108830
0,4202276586,108847
0,4206866393,108864
0,4210308897,108881
0,4214898697,108898
0,4219488561,108915
0,4224078405,108932
0,4228668260,108949
0,4230962787,108966
0,4234405326,108983
0,4238995150,109000
0,4243584974,109017
0,4248174838,109034
0,4252764676,109051
0,4257354498,109068
0,4261944326,109085
0,4266534136,109102
0,4271123979,109119
0,4275713853,109136
0,4280303676,109153
0,4284893485,109170
0,4289483318,109187
0,4294073144,109204
0,4298662981,109221
0,4303252827,109238
0,4307842674,109255
0,4312432483,109272
0,4317022310,109289
0,4321612133,109306
0,4323907066,109323
0,4326201995,109340
0,4328496903,109357
0,4330791835,109374
0,4333086725,109391
0,4335381659,109408
0,4337676562,109425
0,4352982901,109442
0,4357572853,109459
0,4362162821,109476
0,4364457660,109493
0,4367900231,109510
0,4372490190,109527
0,4375932789,109544
0,4380522716,109561
0,4385112709,109578
0,4389702681,109595
0,4394292664,109612
0,4396587262,109629
0,4400029902,109646
0,4404619855,109663
0,4409209806,109680
0,4413799797,109697
0,4417242537,109714
0,4421832485,109731
0,4426422442,109748
0,4431012394,109765
0,4435602364,109782
0,4440192367,109799
0,4444782319,109816
0,4449372255,109833
0,4453962230,109850
0,4458552185,109867
0,4463142151,109884
0,4467732125,109901
0,4472322100,109918
0,4476912034,109935
0,4481502013,109952
0,4486091960,109969
0,4488386950,109986
0,4490681951,110003
0,4492976930,110020
0,4495271920,110037
0,4497566880,110054
0,4499861869,110071
0,4502156847,110088
0,4517463613,110105
0,4522053708,110122
0,4526643805,110139
0,4528938716,110156
0,4532381371,110173
0,4536971475,110190
0,4540414159,110207
0,4545004229,110224
0,4549594351,110241
0,4554184450,110258
0,4558774562,110275
0,4561069232,110292
0,4564511976,110309
0,4569102055,110326
0,4573692133,110343
0,4578282253,110360
0,4581725093,110377
0,4586315169,110394
0,4590905251,110411
0,4595495355,110428
0,4600085447,110445
0,4604675579,110462
0,4609265660,110479
0,4613855724,110496
0,4618445828,110513
0,4623035925,110530
0,4627626020,110547
0,4632216123,110564
0,4636806227,110581
0,4641396289,110598
0,4645986412,110615
0,4650576487,110632
0,4652871531,110649
0,4655166607,110666
0,4657461644,110683
0,4659756706,110700
0,4662051738,110717
0,4664346783,110734
0,4666641832,110751
0,4681949043,110768
0,4686539266,110785
0,4691129492,110802
0,4693424461,110819
0,4696867211,110836
0,4701457450,110853
0,4704900229,110870
0,4709490450,110887
0,4714080697,110904
0,4718670925,110921
0,4723261165,110938
0,4725555907,110955
0,4728998751,110972
0,4733588959,110989
0,4738179167,111006
0,4742769415,111023
0,4746212355,111040
0,4750802560,111057
0,4755392771,111074
0,4757687241,111091
0,4761130247,111108
0,4765720466,111125
0,4770310728,111142
0,4774900934,111159
0,4779491149,111176
0,4784081376,111193
0,4788671601,111210
0,4793261824,111227
0,4797852057,111244
0,4802442288,111261
0,4807032493,111278
0,4811622744,111295
0,4816212949,111312
0,4818508069,111329
0,4820803198,111346
0,4823098308,111363
0,4825393426,111380
0,4827688531,111397
0,4829983648,111414
0,4832278754,111431
0,4847586409,111448
0,4852176761,111465
0,4856767116,111482
0,4859062157,111499
0,4862505012,111516
0,4867095375,111533
0,4870538255,111550
0,4875128605,111567
0,4879718981,111584
0,4884309338,111601
0,4888899704,111618
0,4891194522,111635
0,4894637467,111652
0,4899227805,111669
0,4903818142,111686
0,4908408519,111703
0,4911851559,111720
0,4916441894,111737
0,4921032248,111754
0,4923326776,111771
0,4926769883,111788
0,4931360231,111805
0,4935950637,111822
0,4940540973,111839
0,4945131316,111856
0,4949721672,111873
0,4954312027,111890
0,4958902374,111907
0,4963492740,111924
0,4968083116,111941
0,4972673447,111958
0,4977263827,111975
0,4981854161,111992
0,4984149354,112009
0,4986444539,112026
0,4988739722,112042
0,4991034912,112058
0,4993330074,112074
0,4995625263,112090
0,4997920422,112106
0,5013228526,112122
0,5017819008,112138
0,5022409492,112154
0,5024704605,112170
0,5028147561,112186
0,5032738053,112202
0,5036181034,112218
0,5040771514,112234
0,5045362019,112250
0,5049952521,112266
0,5054543016,112282
0,5056837892,112298
0,5060280938,112314
0,5064871400,112330
0,5069461871,112346
0,5074052394,112362
0,5077495520,112378
0,5082085998,112394
0,5086676482,112410
0,5088971082,112426
0,5092414275,112442
0,5095857524,112458
0,5100448061,112474
0,5105038542,112490
0,5109629013,112506
0,5114219500,112522
0,5118809986,112538
0,5123400461,112554
0,5127990972,112570
0,5132581477,112586
0,5137171935,112602
0,5141762446,112618
0,5146352910,112634
0,5148648175,112650
0,5150943430,112666
0,5153238671,112682
0,5155533934,112698
0,5157829152,112714
0,5160124413,112730
0,5162419630,112746
0,5177728181,112762
0,5182318792,112778
0,5186909399,112794
0,5189204589,112810
0,5192647645,112826
0,5197238267,112842
0,5200681348,112858
0,5205271959,112874
0,5209862595,112890
0,5214453226,112906
0,5219043863,112922
0,5221338797,112938
0,5224781943,112954
0,5229372535,112970
0,5233963151,112986
0,5238553804,113002
0,5241997030,113018
0,5246587637,113034
0,5251178252,113050
0,5253472909,113066
0,5256916200,113082
0,5260359554,113098
0,5264950236,113114
0,5269540846,113130
0,5274131447,113146
0,5278722065,113162
0,5283312681,113178
0,5287903281,113194
0,5292493926,113210
0,5297084576,113226
0,5301675164,113242
0,5306265804,113258
0,5310856398,113274
0,5313151736,113290
0,5315447047,113306
0,5317742360,113322
0,5320037697,113338
0,5322332971,113354
0,5324628305,113370
0,5326923576,113386
0,5342232578,113402
0,5346823318,113418
0,5351414055,113434
0,5353709317,113450
0,5357152475,113466
0,5361743227,113482
0,5365186409,113498
0,5369777150,113514
0,5374367917,113530
0,5378958691,113546
0,5383549458,113562
0,5385844451,113578
0,5389287697,113594
0,5393878415,113610
0,5398469165,113626
0,5403059962,113642
0,5406503276,113658
0,5411094026,113674
0,5415684772,113690
0,5417979501,113706
0,5421422880,113722
0,5424866335,113738
0,5429457145,113754
0,5434047900,113770
0,5438638631,113786
0,5443229380,113802
0,5445523854,113818
0,5448967369,113834
0,5453558099,113850
0,5458148874,113866
0,5462739655,113882
0,5467330372,113898
0,5471921138,113914
0,5476511884,113930
0,5478807276,113946
0,5481102659,113962
0,5483398031,113978
0,5485693439,113994
0,5487988786,114010
0,5490284178,114026
0,5492579520,114042
0,5507888953,114058
0,5512479827,114074
0,5517070709,114090
0,5519366028,114106
0,5522809287,114122
0,5527400169,114138
0,5530843453,114154
0,5535434324,114170
0,5540025234,114186
0,5544616139,114202
0,5549207037,114218
0,5551502088,114234
0,5554945449,114250
0,5559536298,114266
0,5564127179,114282
0,5568718106,114298
0,5572161521,114314
0,5576752402,114330
0,5581343278,114346
0,5583638079,114362
0,5587081561,114378
0,5590525121,114394
0,5595116057,114410
0,5599706943,114426
0,5604297805,114442
0,5608888678,114458
0,5611183228,114474
0,5614626845,114490
0,5619217705,114506
0,5623808611,114522
0,5628399523,114538
0,5632990384,114554
0,5637581281,114570
0,5642172157,114586
0,5644467607,114602
0,5646763063,114618
0,5649058507,114634
0,5651353974,114650
0,5653649393,114666
0,5655944838,114682
0,5658240258,114698
0,5673550140,114714
0,5678141144,114730
0,5682732157,114746
0,5685027548,114762
0,5688470894,114778
0,5693061920,114794
0,5696505291,114810
0,5701096306,114826
0,5705687347,114842
0,5710278383,114858
0,5714869411,114874
0,5717164536,114890
0,5720607997,114906
0,5725198976,114922
0,5729789986,114938
0,5734381044,114954
0,5737824561,114970
0,5742415573,114986
0,5747006592,115002
0,5749301450,115018
0,5752745034,115034
0,5756188696,115050
0,5760779763,115066
0,5765370779,115082
0,5769961786,115098
0,5774552789,115114
0,5776847399,115130
0,5780291117,115146
0,5784882104,115162
0,5789473144,115178
0,5794064201,115194
0,5798655194,115210
0,5802098994,115226
0,5806690001,115242
0,5808985522,115258
0,5811281037,115274
0,5813576552,115290
0,5815872077,115306
0,5818167569,115322
0,5820463070,115338
0,5822758565,115354
0,5838068898,115370
0,5842660032,115386
0,5847251176,115402
0,5849546640,115418
0,5852990087,115434
0,5857581241,115450
0,5861024716,115466
0,5865615860,115482
0,5870207031,115498
0,5874798198,115514
0,5879389356,115530
0,5881684555,115546
0,5885128117,115562
0,5889719228,115578
0,5894310370,115594
0,5898901555,115610
0,5902345177,115626
0,5906936315,115642
0,5911527488,115658
0,5913822400,115674
0,5917266086,115690
0,5920709850,115706
0,5925301048,115722
0,5929892190,115738
0,5934483333,115754
0,5939074481,115770
0,5941369148,115786
0,5944812969,115802
0,5949404087,115818
0,5953995271,115834
0,5958586460,115850
0,5963177585,115866
0,5966621486,115882
0,5971212624,115898
0,5973508205,115914
0,5975803792,115930
0,5978099379,115946
0,5980394964,115962
0,5982690526,115978
0,5984986101,115994
0,5987281654,116010
0,6002592439,116026
0,6007183704,116042
0,6011774980,116058
0,6014070516,116074
0,6017514052,116090
0,6022105351,116106
0,6025548927,116122
0,6030140202,116138
0,6034731504,116154
0,6039322802,116170
0,6043914086,116186
0,6046209362,116202
0,6049653027,116218
0,6054244269,116234
0,6058835541,116250
0,6063426857,116266
0,6066870583,116282
0,6071461851,116298
0,6076053169,116314
0,6078348141,116330
0,6081791929,116346
0,6085235795,116362
0,6089827125,116378
0,6094418398,116394
0,6099009685,116410
0,6103600964,116426
0,6105895687,116442
0,6109339614,116458
0,6113930860,116474
0,6118522178,116490
0,6123113512,116506
0,6127704769,116522
0,6131148772,116538
0,6135740042,116554
0,6138035696,116570
0,6140331341,116586
0,6142625812,116602
0,6144920264,116618
0,6147214740,116634
0,6149509196,116650
0,6151803666,116666
0,6154098138,116682
0,6168268005,116698
0,6172859402,116714
0,6177450809,116730
0,6179746418,116746
0,6183190056,116762
0,6187781486,116778
0,6191225165,116794
0,6195816570,116810
0,6200408004,116826
0,6204999449,116842
0,6209590864,116858
0,6211886193,116874
0,6215329964,116890
0,6219921334,116906
0,6224512741,116922
0,6229104203,116938
0,6232548031,116954
0,6237139429,116970
0,6241730879,116986
0,6244025924,117002
0,6247469801,117018
0,6250913765,117034
0,6255505231,117050
0,6260096649,117066
0,6264688067,117082
0,6269279476,117098
0,6271574273,117114
0,6275018303,117130
0,6279609680,117146
0,6284201130,117162
0,6288792594,117178
0,6293383983,117194
0,6296828088,117210
0,6301419490,117226
0,6303715217,117242
0,6306010935,117258
0,6308305465,117274
0,6310599990,117290
0,6312894520,117306
0,6315189055,117322
0,6317483584,117338
0,6319778129,117354
0,6333948400,117370
0,6338539948,117386
0,6343131487,117402
0,6345427154,117418
0,6348870895,117434
0,6353462457,117450
0,6356906234,117466
0,6361497775,117482
0,6366089356,117498
0,6370680932,117514
0,6375272479,117530
0,6377567882,117546
0,6381011755,117562
0,6385603257,117578
0,6390194796,117594
0,6394786389,117610
0,6398230319,117626
0,6402821849,117642
0,6407413430,117658
0,6409708549,117674
0,6413152528,117690
0,6416596594,117706
0,6421188194,117722
0,6425779743,117738
0,6430371293,117754
0,6434962849,117770
0,6437257704,117786
0,6440701837,117802
0,6445293345,117818
0,6449884926,117834
0,6454476522,117850
0,6459068058,117866
0,6462512250,117882
0,6467103798,117898
0,6469399584,117914
0,6471695375,117930
0,6473989979,117946
0,6476284563,117962
0,6478579165,117978
0,6480873621,117994
0,6483168093,118010
0,6485462549,118026
0,6498486415,118042
0,6503078110,118058
0,6507669781,118074
0,6509965521,118090
0,6513409351,118106
0,6518001060,118122
0,6521444924,118138
0,6526036613,118154
0,6530628326,118170
0,6535220034,118186
0,6539811713,118202
0,6542107189,118218
0,6545551163,118234
0,6550142798,118250
0,6554734469,118266
0,6559326194,118282
0,6562770228,118298
0,6567361890,118314
0,6571953598,118330
0,6574248795,118346
0,6577692876,118362
0,6581137044,118378
0,6585728776,118394
0,6590320457,118410
0,6594912135,118426
0,6599503828,118442
0,6601798756,118458
0,6605242992,118474
0,6609834632,118490
0,6614426346,118506
0,6619018089,118522
0,6623609757,118538
0,6627054052,118554
0,6631645732,118570
0,6633941572,118586
0,6636237440,118602
0,6638532104,118618
0,6640826761,118634
0,6643121437,118650
0,6645415951,118666
0,6647710497,118682
0,6650005026,118698
0,6663029272,118714
0,6667621100,118730
0,6672212903,118746
0,6674508703,118762
0,6677952630,118778
0,6682544491,118794
0,6685988457,118810
0,6690580278,118826
0,6695172123,118842
0,6699763964,118858
0,6704355774,118874
0,6706651323,118890
0,6710095400,118906
0,6714687167,118922
0,6719278972,118938
0,6723870828,118954
0,6727314965,118970
0,6731906756,118986
0,6736498601,119002
0,6738793871,119018
0,6742238055,119034
0,6745682324,119049
0,6750274189,119064
0,6754866002,119079
0,6759457813,119094
0,6764049651,119109
0,6766344639,119124
0,6769788977,119139
0,6774380750,119154
0,6778972611,119169
0,6783564486,119184
0,6788156287,119199
0,6791600685,119214
0,6796192497,119229
0,6798488397,119244
0,6800784337,119259
0,6803079076,119274
0,6805373791,119289
0,6807668542,119304
0,6809963110,119319
0,6812257735,119334
0,6814552206,119349
0,6816846664,119364
0,6828724194,119379
0,6833316153,119394
0,6837908085,119409
0,6840203963,119424
0,6843647992,119439
0,6848239985,119454
0,6851684054,119469
0,6856276008,119484
0,6860867987,119499
0,6865459958,119514
0,6870051915,119529
0,6872347523,119544
0,6875791703,119559
0,6880383603,119574
0,6884975555,119589
0,6889567544,119604
0,6893011785,119619
0,6897603707,119634
0,6902195684,119649
0,6904491013,119664
0,6907935297,119679
0,6911379673,119694
0,6915971686,119709
0,6920563632,119724
0,6925155576,119739
0,6929747545,119754
0,6932042606,119769
0,6935487033,119784
0,6940078954,119799
0,6944670947,119814
0,6949262955,119829
0,6953854889,119844
0,6957299389,119859
0,6961891334,119874
0,6964187309,119889
0,6966483307,119904
0,6968778120,119919
0,6971072908,119934
0,6973367718,119949
0,6975662359,119964
0,6977957040,119979
0,6980251588,119994
0,6982546106,120009
0,6994423991,120024
0,6999016097,120039
0,7003608162,120054
0,7005904095,120069
0,7009348231,120084
0,7013940354,120099
0,7017384530,120114
0,7021976631,120129
0,7026568741,120144
0,7031160845,120159
0,7035752935,120174
0,7038048617,120189
0,7041492886,120204
0,7046084934,120219
0,7050677018,120234
0,7055269140,120249
0,7058713485,120264
0,7063305540,120279
0,7067897647,120294
0,7070193053,120309
0,7073637439,120324
0,7077081920,120339
0,7081674066,120354
0,7086266145,120369
0,7090858222,120384
0,7095450324,120399
0,7097745458,120414
0,7101189990,120429
0,7105782043,120444
0,7110374168,120459
0,7114966305,120474
0,7119558391,120489
0,7123002993,120504
0,7127595071,120519
0,7129891106,120534
0,7132187177,120549
0,7134482050,120564
0,7136776912,120579
0,7139071796,120594
0,7141366496,120609
0,7143661251,120624
0,7145955854,120639
0,7148250450,120654
0,7160128690,120669
0,7164720929,120684
0,7169313127,120699
0,7171609134,120714
0,7173906126,120729
0,7178498386,120744
0,7181942662,120759
0,7186534900,120774
0,7191127158,120789
0,7195719395,120804
0,7200311618,120819
0,7202607375,120834
0,7206051747,120849
0,7210643927,120864
0,7215236143,120879
0,7219828398,120894
0,7223272847,120909
0,7227865037,120924
0,7232457277,120939
0,7234752756,120954
0,7238197245,120969
0,7241641830,120984
0,7246234109,120999
0,7250826321,121014
0,7255418530,121029
0,7260010780,121044
0,7262305974,121059
0,7265750609,121074
0,7270342795,121089
0,7274935050,121104
0,7279527324,121119
0,7284119557,121134
0,7287564262,121149
0,7292156474,121164
0,7294452568,121179
0,7296748713,121194
0,7299043660,121209
0,7301338580,121224
0,7303633538,121239
0,7305928293,121254
0,7308223126,121269
0,7310517788,121284
0,7312812458,121299
0,7324691055,121314
0,7329283427,121329
0,7333875758,121344
0,7336171839,121359
0,7338468890,121374
0,7343061298,121389
0,7346505663,121404
0,7351098050,121419
0,7355690442,121434
0,7360282812,121449
0,7364875168,121464
0,7367171000,121479
0,7370615475,121494
0,7375207788,121509
0,7379800138,121524
0,7384392527,121539
0,7387837081,121554
0,7392429404,121569
0,7397021792,121584
0,7399317328,121599
0,7402761923,121614
0,7406206612,121629
0,7410799024,121644
0,7415391369,121659
0,7419983727,121674
0,7424576109,121689
0,7426871363,121704
0,7430316103,121719
0,7434908418,121734
0,7439500811,121749
0,7444093233,121764
0,7448685600,121779
0,7452130410,121794
0,7456722755,121809
0,7459018923,121824
0,7461315127,121839
0,7463610148,121854
0,7465905122,121869
0,7468200159,121884
0,7470494973,121899
0,7472789881,121914
0,7475084617,121929
0,7477379346,121944
0,7489258299,121959
0,7493850804,121974
0,7498443268,121989
0,7500739424,122004
0,7503036548,122019
0,7507629088,122034
0,7511073559,122049
0,7515666079,122064
0,7520258604,122079
0,7524851107,122094
0,7527145581,122109
0,7530590841,122124
0,7532886733,122139
0,7536331311,122154
0,7540923754,122169
0,7545516241,122184
0,7550108778,122199
0,7553553418,122214
0,7558145894,122229
0,7562738415,122244
0,7565034026,122259
0,7568478709,122274
0,7571923499,122289
0,7576516048,122304
0,7581108542,122319
0,7585701034,122334
0,7590293549,122349
0,7592588877,122364
0,7596033721,122379
0,7600626170,122394
0,7605218697,122409
0,7609811252,122424
0,7614403753,122439
0,7617848668,122454
0,7622441146,122469
0,7624737388,122484
0,7627033668,122499
0,7629328748,122514
0,7631623797,122529
0,7633918889,122544
0,7636213781,122559
0,7638508749,122574
0,7640803559,122589
0,7643098363,122604
0,7654977652,122619
0,7659570291,122634
0,7664162906,122649
0,7666459123,122664
0,7668756320,122679
0,7673348994,122694
0,7676793570,122709
0,7681386224,122724
0,7685978879,122739
0,7690571516,122754
0,7692866069,122769
0,7696311432,122784
0,7698607399,122799
0,7702052080,122814
0,7706644657,122829
0,7711237278,122844
0,7715829950,122859
0,7719274693,122874
0,7723867303,122889
0,7728459958,122904
0,7730755644,122919
0,7734200429,122934
0,7737645324,122949
0,7742238007,122964
0,7746830634,122979
0,7751423261,122994
0,7756015925,123009
0,7758311313,123024
0,7761756260,123039
0,7766348843,123054
0,7770941501,123069
0,7775534193,123084
0,7780126844,123099
0,7783571844,123114
0,7788164475,123129
0,7790460777,123144
0,7792757131,123159
0,7795052285,123174
0,7797347393,123189
0,7799642558,123204
0,7801937507,123219
0,7804232553,123234
0,7806527423,123249
0,7808822302,123264
0,7820701950,123279
0,7825294723,123294
0,7829887471,123309
0,7832183763,123324
0,7834481019,123339
0,7839073841,123354
0,7842518507,123369
0,7847111309,123384
0,7851704098,123399
0,7856296869,123414
0,7858591497,123429
0,7862036964,123444
0,7864332991,123459
0,7867777777,123474
0,7872370489,123489
0,7875816014,123504
0,7880408821,123519
0,7883853669,123534
0,7888446413,123549
0,7893039217,123564
0,7895334964,123579
0,7898779853,123594
0,7902224852,123609
0,7906817669,123624
0,7911410430,123639
0,7916003207,123654
0,7920596005,123669
0,7922891452,123684
0,7926336504,123699
0,7930929217,123714
0,7935522014,123729
0,7940114856,123744
0,7944707640,123759
0,7948152744,123774
0,7952745511,123789
0,7955041887,123804
0,7957338301,123819
0,7959633528,123834
0,7961928693,123849
0,7964223937,123864
0,7966518945,123879
0,7968814066,123894
0,7971109010,123909
0,7973403948,123924
0,7985283955,123939
0,7989876862,123954
0,7994469746,123969
0,7996766111,123984
0,7999063443,123999
0,8003656399,124014
0,8007101168,124029
0,8011694105,124044
0,8016287028,124059
0,8020879932,124074
0,8023174636,124089
0,8026620207,124104
0,8028916291,124119
0,8032361185,124134
0,8036954028,124149
0,8040399662,124164
0,8044992618,124179
0,8048437556,124194
0,8053030450,124209
0,8057623388,124224
0,8059919191,124239
0,8063364189,124254
0,8066809293,124269
0,8071402245,124284
0,8075995156,124299
0,8080588068,124314
0,8085181000,124329
0,8087476507,124344
0,8090921660,124359
0,8095514511,124374
0,8100107458,124389
0,8104700436,124404
0,8109293354,124419
0,8112738564,124434
0,8117331466,124449
0,8119627914,124464
0,8121924385,124479
0,8124219693,124494
0,8126514916,124509
0,8128810236,124524
0,8131105320,124539
0,8133400499,124554
0,8135695519,124569
0,8137990513,124584
0,8149870882,124599
0,8154463923,124614
0,8159056957,124629
0,8161353382,124644
0,8163650789,124659
0,8168243879,124674
0,8171688753,124689
0,8176281825,124704
0,8180874882,124719
0,8185467920,124734
0,8187762698,124749
0,8191208375,124764
0,8193504518,124779
0,8196949514,124794
0,8201542495,124809
0,8204988229,124824
0,8209581321,124839
0,8213026382,124854
0,8217619411,124869
0,8219913866,124884
0,8223359714,124899
0,8225655593,124914
0,8229100695,124929
0,8232545888,124944
0,8237138989,124959
0,8241732036,124974
0,8246325084,124989
0,8250918146,125004
0,8253213733,125019
0,8256658990,125034
0,8261251975,125049
0,8265845059,125064
0,8270438171,125079
0,8275031238,125094
0,8278476539,125109
0,8283069591,125124
0,8285366099,125139
0,8287662644,125154
0,8289958009,125169
0,8292253311,125184
0,8294548691,125199
0,8296843850,125214
0,8299139105,125229
0,8301434183,125244
0,8303729253,125259
0,8315609982,125274
0,8320203158,125289
0,8324796327,125304
0,8327092827,125319
0,8329390294,125334
0,8333983515,125349
0,8337428497,125364
0,8342021719,125379
0,8346614912,125394
0,8351208085,125409
0,8353502923,125424
0,8356948700,125439
0,8359244922,125454
0,8362690021,125469
0,8367283138,125484
0,8370728975,125499
0,8375322203,125514
0,8378767369,125529
0,8383360533,125544
0,8385655063,125559
0,8389101016,125574
0,8391396955,125589
0,8394842164,125604
0,8398287460,125619
0,8402880696,125634
0,8407473880,125649
0,8412067078,125664
0,8416660275,125679
0,8418955918,125694
0,8422401284,125709
0,8426994402,125724
0,8431587621,125739
0,8436180887,125754
0,8440774090,125769
0,8444219495,125784
0,8448812683,125799
0,8451109266,125814
0,8453405872,125829
0,8455701311,125844
0,8457996670,125859
0,8460292129,125874
0,8462587345,125889
0,8464882678,125904
0,8467177833,125919
0,8469472962,125934
0,8481354051,125949
0,8485947358,125964
0,8490540667,125979
0,8492837243,125994
0,8495134784,126009
0,8499728141,126024
0,8503173229,126039
0,8507766586,126054
0,8512359915,126069
0,8516953219,126084
0,8519248135,126099
0,8522694016,126114
0,8524990293,126129
0,8528435502,126144
0,8533028770,126159
0,8536474697,126174
0,8541068075,126189
0,8544513328,126204
0,8549106642,126219
0,8551401234,126234
0,8554847293,126249
0,8557143305,126264
0,8559441375,126279
0,8562886776,126294
0,8567480149,126309
0,8572073482,126324
0,8576666815,126339
0,8581260147,126354
0,8583555850,126369
0,8587001317,126384
0,8591594570,126399
0,8596187945,126414
0,8600781346,126429
0,8605374685,126444
0,8608820196,126459
0,8613413519,126474
0,8615710178,126489
0,8618006859,126504
0,8620302358,126519
0,8622597774,126534
0,8624893312,126549
0,8627188604,126564
0,8629483997,126579
0,8631779227,126594
0,8634074433,126609
0,8645955863,126624
0,8650549310,126639
0,8655142770,126654
0,8657439407,126669
0,8659737022,126684
0,8664330515,126699
0,8667775709,126714
0,8672369202,126729
0,8676962663,126744
0,8681556106,126759
0,8683851099,126774
0,8687297086,126789
0,8689593418,126804
0,8693038753,126819
0,8697632156,126834
0,8701078189,126849
0,8705671703,126864
0,8709117060,126879
0,8713710511,126894
0,8716005176,126909
0,8719451327,126924
0,8721747416,126939
0,8724045558,126954
0,8727491051,126969
0,8732084573,126983
0,8736678041,126997
0,8741271509,127011
0,8745864976,127025
0,8748160755,127039
0,8751606328,127053
0,8756199717,127067
0,8760793228,127081
0,8765386765,127095
0,8769980235,127109
0,8773425857,127123
0,8778019329,127137
0,8780316048,127151
0,8782612804,127165
0,8784908365,127179
0,8787203855,127193
0,8789499454,127207
0,8791794821,127221
0,8794090290,127235
0,8796385580,127249
0,8798680862,127263
0,8810562638,127277
0,8815156236,127291
0,8819749832,127305
0,8822046546,127319
0,8824344221,127333
0,8828937847,127347
0,8832383150,127361
0,8836976776,127375
0,8841570372,127389
0,8846163971,127403
0,8848459023,127417
0,8851905116,127431
0,8854201524,127445
0,8857646964,127459
0,8862240502,127473
0,8865686642,127487
0,8870280291,127501
0,8873725754,127515
0,8878319340,127529
0,8880614082,127543
0,8884060340,127557
0,8886356487,127571
0,8888654706,127585
0,8892100304,127599
0,8894394761,127613
0,8897841191,127627
0,8902434793,127641
0,8907028414,127655
0,8911622016,127669
0,8913917855,127683
0,8917363532,127697
0,8921957054,127711
0,8926550704,127725
0,8931144393,127739
0,8935737999,127753
0,8939183727,127767
0,8943777335,127781
0,8946074130,127795
0,8948370947,127809
0,8950666583,127823
0,8952962130,127837
0,8955257808,127851
0,8957553236,127865
0,8959848781,127879
0,8962144145,127893
0,8964439489,127907
0,8976321627,127921
0,8980915362,127935
0,8985509094,127949
0,8987805883,127963
0,8990103634,127977
0,8994697395,127991
0,8998142805,128005
0,9002736566,128019
0,9007330299,128033
0,9011924031,128047
0,9014219163,128061
0,9017665361,128075
0,9019961826,128089
0,9023407376,128103
0,9028001047,128117
0,9031447295,128131
0,9036041096,128145
0,9039486650,128159
0,9044080388,128173
0,9046375191,128187
0,9049821554,128201
0,9052117777,128215
0,9054416058,128229
0,9057861761,128243
0,9060156294,128257
0,9063602811,128271
0,9068196569,128285
0,9072790326,128299
0,9077384065,128313
0,9079679978,128327
0,9083125760,128341
0,9087719418,128355
0,9092313205,128369
0,9096907030,128383
0,9101500772,128397
0,9104946602,128411
0,9109540350,128425
0,9111837220,128439
0,9114134114,128453
0,9116429811,128467
0,9118725432,128481
0,9121021187,128495
0,9123316676,128509
0,9125612277,128523
0,9127907720,128537
0,9130203140,128551
0,9142085643,128565
0,9146679514,128579
0,9151273384,128593
0,9153570232,128607
0,9155868059,128621
0,9160461956,128635
0,9163907473,128649
0,9168501370,128663
0,9173095255,128677
0,9177689124,128691
0,9179984312,128705
0,9183430621,128719
0,9185727161,128733
0,9189172818,128747
0,9193766626,128761
0,9197212978,128775
0,9201806915,128789
0,9205252575,128803
0,9209846450,128817
0,9212141330,128831
0,9215587780,128845
0,9217884082,128859
0,9220182440,128873
0,9223628249,128887
0,9225922843,128901
0,9229369466,128915
0,9233963357,128929
0,9238557255,128943
0,9243151145,128957
0,9245447118,128971
0,9248893007,128985
0,9252339570,128999
0,9256933492,129013
0,9261527455,129027
0,9266121348,129041
0,9269567268,129055
0,9274161168,129069
0,9276458099,129083
0,9278755068,129097
0,9281050842,129111
0,9283346524,129125
0,9285642353,129139
0,9287937899,129153
0,9290233579,129167
0,9292529084,129181
0,9294824578,129195
0,9306707447,129209
0,9311301456,129223
0,9315895462,129237
0,9318192385,129251
0,9320490274,129265
0,9325084322,129279
0,9328529931,129293
0,9333123979,129307
0,9337718002,129321
0,9342312007,129335
0,9344607252,129349
0,9348053687,129363
0,9350350287,129377
0,9353796051,129391
0,9358389996,129405
0,9361836455,129419
0,9366430529,129433
0,9369876295,129447
0,9374470306,129461
0,9376765263,129475
0,9380211818,129489
0,9382508181,129503
0,9384806615,129517
0,9388252530,129531
0,9390547186,129545
0,9393993911,129559
0,9398587939,129573
0,9403181993,129587
0,9407776019,129601
0,9410072068,129615
0,9413518049,129629
0,9416964715,129643
0,9421558777,129657
0,9426152893,129671
0,9430746923,129685
0,9434192950,129699
0,9438786986,129713
0,9441083992,129727
0,9443381023,129741
0,9445676871,129755
0,9447972611,129769
0,9450268520,129783
0,9452564127,129797
0,9454859881,129811
0,9457155462,129825
0,9459451017,129839
0,9471334252,129853
0,9475928397,129867
0,9480522541,129881
0,9482819540,129895
0,9485117504,129909
0,9489711690,129923
0,9493157406,129937
0,9497751590,129951
0,9502345750,129965
0,9506939889,129979
0,9509235214,129993
0,9512681755,130007
0,9514978411,130021
0,9518424287,130035
0,9523018365,130049
0,9526464934,130063
0,9531059160,130077
0,9534505016,130091
0,9539099179,130105
0,9541394198,130119
0,9544840859,130133
0,9547137299,130147
0,9549435794,130161
0,9552881816,130175
0,9555176548,130189
0,9558623360,130203
0,9563217546,130217
0,9567811736,130231
0,9572405900,130245
0,9574702026,130259
0,9578148112,130273
0,9581594867,130287
0,9586189083,130301
0,9590783336,130315
0,9595377504,130329
0,9598823637,130343
0,9603417811,130357
0,9605714893,130371
0,9608009348,130385
0,9610303827,130399
0,9612598282,130413
0,9614892761,130427
0,9617187232,130441
0,9619481691,130455
0,9621776166,130469
0,9624070641,130483
0,9626365099,130497
0,9637113311,130511
0,9641707593,130525
0,9646301874,130539
0,9648598930,130553
0,9650896974,130567
0,9655491297,130581
0,9658937118,130595
0,9663531441,130609
0,9668125754,130623
0,9672720031,130637
0,9675015413,130651
0,9678462065,130665
0,9680758797,130679
0,9684204780,130693
0,9688798996,130707
0,9692245671,130721
0,9696840035,130735
0,9700285998,130749
0,9704880298,130763
0,9707175395,130777
0,9710622144,130791
0,9712918664,130805
0,9715217236,130819
0,9718663364,130833
0,9720958154,130847
0,9724405076,130861
0,9728999396,130875
0,9733593725,130889
0,9738188045,130903
0,9740484231,130917
0,9743930426,130931
0,9747377285,130945
0,9751971636,130959
0,9756566031,130973
0,9761160352,130987
0,9764606573,131001
0,9769200903,131015
0,9771498045,131029
0,9773792578,131043
0,9776087133,131057
0,9778381649,131071
0,9780676204,131085
0,9782970733,131099
0,9785265273,131113
0,9787559810,131127
0,9789854360,131141
0,9792148893,131155
0,9802897425,131169
0,9807491846,131183
0,9812086278,131197
0,9814383394,131211
0,9816681515,131225
0,9821275977,131239
0,9824721903,131253
0,9829316363,131267
0,9833910814,131281
0,9838505229,131295
0,9840800687,131309
0,9844247446,131323
0,9846544240,131337
0,9849990326,131351
0,9854584679,131365
0,9858031481,131379
0,9862625962,131393
0,9866072052,131407
0,9870666490,131421
0,9872961643,131435
0,9876408503,131449
0,9878705100,131463
0,9881003730,131477
0,9884449967,131491
0,9886744834,131505
0,9890191864,131519
0,9894786320,131533
0,9899380787,131547
0,9903975243,131561
0,9906271507,131575
0,9909717811,131589
0,9913164777,131603
0,9917759266,131617
0,9922353798,131631
0,9926948254,131645
0,9930394584,131659
0,9934989049,131673
0,9937286272,131687
0,9939580863,131701
0,9941875498,131715
0,9944170090,131729
0,9946464707,131743
0,9948759313,131757
0,9951053929,131771
0,9953348389,131785
0,9955642863,131799
0,9957937322,131813
0,9967539373,131827
0,9972133948,131841
0,9976728517,131855
0,9979025691,131869
0,9981323890,131883
0,9985918490,131897
0,9989364525,131911
0,9993959118,131925
0,9998553711,131939
0,10003148278,131953
0,10005443797,131967
0,10008890662,131981
0,10011187533,131995
0,10014633707,132009
0,10019228217,132023
0,10022675126,132037
0,10027269746,132051
0,10030715943,132065
0,10035310517,132079
0,10037605728,132093
0,10041052715,132107
0,10043349372,132121
0,10045648078,132135
0,10049094422,132149
0,10051389351,132163
0,10054836489,132177
0,10059431083,132191
0,10064025685,132205
0,10068620278,132219
0,10070916623,132233
0,10074363035,132247
0,10077810110,132261
0,10082404736,132275
0,10086999403,132289
0,10091593997,132303
0,10095040452,132317
0,10099635037,132331
0,10101932341,132345
0,10104227008,132359
0,10106521705,132373
0,10108816373,132387
0,10111111067,132401
0,10113405735,132415
0,10115700427,132429
0,10117994946,132443
0,10120289499,132457
0,10122584017,132471
0,10132186379,132485
0,10136781092,132499
0,10141375799,132513
0,10143673051,132527
0,10145971308,132541
0,10150566049,132555
0,10154012187,132569
0,10158606918,132583
0,10163201668,132597
0,10167796373,132611
0,10170091970,132625
0,10173538927,132639
0,10175835874,132653
0,10179282155,132667
0,10183876804,132681
0,10187323821,132695
0,10191918578,132709
0,10195364885,132723
0,10199959593,132737
0,10202254884,132751
0,10205701977,132765
0,10207998693,132779
0,10210297478,132793
0,10213743930,132807
0,10216038934,132821
0,10219486166,132835
0,10224080913,132849
0,10228675653,132863
0,10233270384,132877
0,10235566791,132891
0,10239013308,132905
0,10242460492,132919
0,10247055272,132933
0,10251650059,132947
0,10256244809,132961
0,10259691370,132975
0,10264286094,132989
0,10266583460,133003
0,10268878203,133017
0,10271172978,133031
0,10273467707,133045
0,10275762479,133059
0,10278057224,133073
0,10280351978,133087
0,10282646554,133101
0,10284941188,133115
0,10287235783,133129
0,10296838435,133143
0,10299132911,133157
0,10302580518,133171
0,10307175378,133185
0,10309472691,133199
0,10311771025,133213
0,10316365906,133227
0,10319812151,133241
0,10324407020,133255
0,10329001906,133269
0,10333596749,133283
0,10335892426,133297
0,10339339490,133311
0,10341636496,133325
0,10345082903,133339
0,10349677689,133353
0,10353124814,133367
0,10357719710,133381
0,10361166126,133395
0,10365760971,133409
0,10368056339,133423
0,10371503523,133437
0,10373800317,133451
0,10376099179,133465
0,10379545722,133479
0,10381840804,133493
0,10385288142,133507
0,10389883028,133521
0,10394477905,133535
0,10399072791,133549
0,10401369260,133563
0,10404815886,133577
0,10408263177,133591
0,10412858095,133605
0,10417453021,133619
0,10422047923,133633
0,10425494577,133647
0,10430089455,133661
0,10432386883,133675
0,10434681702,133689
0,10436976536,133703
0,10439271346,133717
0,10441566179,133731
0,10443861001,133745
0,10446155832,133759
0,10448450470,133773
0,10450745180,133787
0,10453039852,133801
0,10462642777,133815
0,10464937333,133829
0,10468385048,133843
0,10472980044,133857
0,10475277437,133871
0,10477575833,133885
0,10482170868,133899
0,10485617202,133913
0,10490212230,133927
0,10494807254,133941
0,10499402236,133955
0,10501697990,133969
0,10505145163,133983
0,10507442230,133997
0,10510888744,134011
0,10515483668,134025
0,10518930902,134039
0,10523525937,134053
0,10526972456,134067
0,10531567443,134081
0,10533862888,134095
0,10537310181,134109
0,10539607032,134123
0,10541905974,134137
0,10545352625,134151
0,10547647765,134165
0,10551095230,134179
0,10555690254,134193
0,10560285270,134207
0,10564880296,134221
0,10567176842,134235
0,10570623558,134249
0,10574070974,134263
0,10578666031,134277
0,10583261097,134291
0,10587856138,134305
0,10591302900,134319
0,10595897915,134333
0,10598195420,134347
0,10600490301,134361
0,10602785211,134375
0,10605080099,134389
0,10607374994,134403
0,10609669894,134417
0,10611964783,134431
0,10614259501,134445
0,10616554273,134459
0,10618849021,134473
0,10628452241,134487
0,10630746875,134501
0,10634194697,134515
0,10638789832,134529
0,10641087302,134543
0,10643381762,134557
0,10646833705,134571
0,10650280147,134585
0,10654875313,134599
0,10659470477,134613
0,10664065613,134627
0,10666361429,134641
0,10669808709,134655
0,10672105853,134669
0,10675552460,134683
0,10680147540,134697
0,10683594863,134711
0,10688190055,134725
0,10691636663,134739
0,10696231808,134753
0,10698527314,134767
0,10701974713,134781
0,10704271644,134795
0,10706570648,134809
0,10710017402,134823
0,10712312624,134837
0,10715760197,134851
0,10720355360,134865
0,10724950512,134879
0,10729545681,134893
0,10731842304,134907
0,10735289129,134921
0,10738736652,134935
0,10743331849,134949
0,10747927055,134963
0,10752522235,134977
0,10755969101,134991
0,10760564257,135005
0,10762861840,135019
0,10765156799,135033
0,10767451771,135047
0,10769746736,135061
0,10772041689,135075
0,10774336670,135089
0,10776631617,135103
0,10778926417,135117
0,10781221265,135131
0,10783516075,135145
0,10793119604,135159
0,10795414300,135173
0,10798862231,135187
0,10803457505,135201
0,10805755052,135215
0,10808049590,135229
0,10811501626,135243
0,10814948175,135257
0,10819543481,135271
0,10824138801,135285
0,10828734077,135299
0,10831029950,135313
0,10834477341,135327
0,10836774561,135341
0,10840221277,135355
0,10844816497,135369
0,10848263928,135383
0,10852859259,135397
0,10856305974,135411
0,10860901259,135425
0,10863196843,135439
0,10866644332,135453
0,10868941343,135467
0,10871240424,135481
0,10874687286,135495
0,10876982566,135509
0,10880430250,135523
0,10885025549,135537
0,10889620839,135551
0,10894216167,135565
0,10896512853,135579
0,10899959782,135593
0,10903407416,135607
0,10908002750,135621
0,10912598095,135635
0,10917193434,135649
0,10920640390,135663
0,10925235705,135677
0,10927533350,135691
0,10929828386,135705
0,10932123434,135719
0,10934418462,135733
0,10936713492,135747
0,10939008532,135761
0,10941303560,135775
0,10943598419,135789
0,10945893347,135803
0,10948188234,135817
0,10957792057,135831
0,10960086831,135845
0,10963534856,135859
0,10968130285,135873
0,10970427894,135887
0,10972722508,135901
0,10976174652,135915
0,10978469113,135929
0,10980768541,135943
0,10985363987,135957
0,10989959443,135971
0,10994554863,135985
0,10996850812,135999
0,11000298312,136013
0,11002595591,136027
0,11006042416,136041
0,11010637776,136054
0,11014085334,136067
0,11018680804,136080
0,11022127628,136093
0,11026723053,136106
0,11029018696,136119
0,11032466296,136132
0,11034763385,136145
0,11037062543,136158
0,11040509499,136171
0,11042804857,136184
0,11046252648,136197
0,11050848087,136210
0,11055443516,136223
0,11060038979,136236
0,11062335747,136249
0,11065782784,136262
0,11069230527,136275
0,11073826001,136288
0,11078421484,136301
0,11083016959,136314
0,11086464028,136327
0,11091059499,136340
0,11093357206,136353
0,11095652301,136366
0,11097947430,136379
0,11100242536,136392
0,11102537628,136405
0,11104832745,136418
0,11107127851,136431
0,11109422771,136444
0,11111717777,136457
0,11114012723,136470
0,11123616842,136483
0,11125911698,136496
0,11129359832,136509
0,11133955398,136522
0,11136253085,136535
0,11138547761,136548
0,11142000012,136561
0,11144294554,136574
0,11146594044,136587
0,11151189646,136600
0,11155785241,136613
0,11160380800,136626
0,11162676808,136639
0,11166124436,136652
0,11168421777,136665
0,11171868711,136678
0,11176464212,136691
0,11179911879,136704
0,11184507489,136717
0,11187954421,136730
0,11192549986,136743
0,11194845707,136756
0,11198293416,136769
0,11200590567,136782
0,11202889803,136795
0,11206336869,136808
0,11208632286,136821
0,11212080203,136834
0,11216675763,136847
0,11221271352,136860
0,11225866955,136873
0,11228163800,136886
0,11231610927,136899
0,11235058797,136912
0,11239654392,136925
0,11244250035,136938
0,11248845649,136951
0,11252292828,136964
0,11256888438,136977
0,11259186223,136990
0,11261481379,137003
0,11263776586,137016
0,11266071767,137029
0,11268366921,137042
0,11270662098,137055
0,11272957285,137068
0,11275252284,137081
0,11277547352,137094
0,11279842376,137107
0,11289446790,137120
0,11291741725,137133
0,11295189966,137146
0,11299785671,137159
0,11302083436,137172
0,11304378175,137185
0,11307830535,137198
0,11310125154,137211
0,11312424706,137224
0,11317020446,137237
0,11321616181,137250
0,11326211898,137263
0,11328506358,137276
0,11330808476,137289
0,11333105894,137302
0,11336552921,137315
0,11341148576,137328
0,11344596337,137341
0,11349192103,137354
0,11352639126,137367
0,11357234849,137380
0,11359530634,137393
0,11362978448,137406
0,11365275679,137419
0,11367574979,137432
0,11371022150,137445
0,11373317648,137458
0,11376765674,137471
0,11381361374,137484
0,11385957104,137497
0,11390552847,137510
0,11392849770,137523
0,11396297007,137536
0,11399744986,137549
0,11404340721,137562
0,11408936504,137575
0,11413532258,137588
0,11416979543,137601
0,11421575297,137614
0,11423873158,137627
0,11426168392,137640
0,11428463661,137653
0,11430758920,137666
0,11433054133,137679
0,11435349392,137692
0,11437644638,137705
0,11439939719,137718
0,11442234865,137731
0,11444529951,137744
0,11454134679,137757
0,11456429677,137770
0,11459878026,137783
0,11464473871,137796
0,11466771714,137809
0,11469066530,137822
0,11472518984,137835
0,11474813681,137848
0,11477113311,137861
0,11481709192,137874
0,11486305068,137887
0,11490900926,137900
0,11493195464,137913
0,11495497644,137926
0,11497795139,137939
0,11501242276,137952
0,11505838070,137965
0,11509285941,137978
0,11513881848,137991
0,11517328980,138004
0,11521924842,138017
0,11524220706,138030
0,11527668609,138043
0,11529965918,138056
0,11532265300,138069
0,11535712580,138082
0,11538008137,138095
0,11541456276,138108
0,11546052113,138121
0,11550647983,138134
0,11555243887,138147
0,11557540872,138160
0,11560988215,138173
0,11564436307,138186
0,11569032179,138199
0,11573628103,138212
0,11578224016,138225
0,11581671390,138238
0,11586267304,138251
0,11588565228,138264
0,11590860540,138277
0,11593155887,138290
0,11595451208,138303
0,11597746500,138316
0,11600041817,138329
0,11602337145,138342
0,11604632284,138355
0,11606927511,138368
0,11609222675,138381
0,11618827701,138394
0,11621122777,138407
0,11624571220,138420
0,11629167221,138433
0,11631465127,138446
0,11633760021,138459
0,11637212585,138472
0,11639507344,138485
0,11641807053,138498
0,11646403075,138511
0,11650999087,138524
0,11655595090,138537
0,11657889706,138550
0,11660191964,138563
0,11662489522,138576
0,11665936769,138589
0,11670532703,138602
0,11673980680,138615
0,11678576731,138628
0,11682023969,138641
0,11684318448,138654
0,11687767222,138667
0,11690063163,138680
0,11693511160,138693
0,11695808547,138706
0,11698108008,138719
0,11701555382,138732
0,11703851016,138745
0,11707299265,138758
0,11711895243,138771
0,11716491253,138784
0,11721087314,138797
0,11723384361,138810
0,11726831814,138823
0,11730280016,138836
0,11734876029,138849
0,11739472092,138862
0,11744068162,138875
0,11747515630,138888
0,11752111701,138901
0,11754409688,138914
0,11756705078,138927
0,11759000484,138940
0,11761295887,138953
0,11763591242,138966
0,11765886637,138979
0,11768182044,138992
0,11770477243,139005
0,11772772549,139018
0,11775067791,139031
0,11784673096,139044
0,11786968250,139057
0,11790416806,139070
0,11795012945,139083
0,11797310933,139096
0,11799605886,139109
0,11803058560,139122
0,11805353401,139135
0,11807653169,139148
0,11812249350,139161
0,11816845503,139174
0,11821441647,139187
0,11823736341,139200
0,11826038659,139213
0,11828336298,139226
0,11831783655,139239
0,11836379730,139252
0,11839827818,139265
0,11844424009,139278
0,11847871356,139291
0,11850165914,139304
0,11853614779,139317
0,11855910802,139330
0,11859358909,139343
0,11861656355,139356
0,11863955898,139369
0,11867403382,139382
0,11869699076,139395
0,11873147453,139408
0,11877743570,139421
0,11882339722,139434
0,11886935923,139447
0,11889233049,139460
0,11892680593,139473
0,11896128923,139486
0,11900725075,139499
0,11905321279,139512
0,11909917490,139525
0,11913365067,139538
0,11917961279,139551
0,11920259344,139564
0,11922554797,139577
0,11924850281,139590
0,11927145763,139603
0,11929441181,139616
0,11931736654,139629
0,11934032121,139642
0,11936327402,139655
0,11938622766,139668
0,11940918091,139681
0,11950523693,139694
0,11952818925,139707
0,11956267591,139720
0,11960863872,139733
0,11963161938,139746
0,11965456953,139759
0,11968909738,139772
0,11971204657,139785
0,11973504488,139798
0,11978100826,139811
0,11982697102,139824
0,11987293406,139837
0,11989588163,139850
0,11991890559,139863
0,11994188277,139876
0,11997635725,139889
0,12002231960,139902
0,12005680139,139915
0,12010276491,139928
0,12013723948,139941
0,12016018566,139954
0,12019467544,139967
0,12021763646,139980
0,12025211862,139993
0,12027509370,140006
0,12029808992,140019
0,12033256586,140032
0,12035551047,140045
0,12037853599,140058
0,12042449858,140071
0,12047046149,140084
0,12051642492,140097
0,12053939700,140110
0,12057387353,140123
0,12060835793,140136
0,12065432086,140149
0,12070028427,140162
0,12074624779,140175
0,12078072486,140188
0,12082668820,140201
0,12084966968,140214
0,12087262497,140227
0,12089558044,140240
0,12091853605,140253
0,12094149101,140266
0,12096444637,140279
0,12098740183,140292
0,12101035523,140305
0,12103330970,140318
0,12105626354,140331
0,12115232274,140344
0,12117527569,140357
0,12120976341,140370
0,12125572767,140383
0,12127870911,140396
0,12130166004,140409
0,12133618881,140422
0,12135913881,140435
0,12138213791,140448
0,12142810270,140461
0,12147406687,140474
0,12152003130,140487
0,12154297968,140500
0,12156600428,140513
0,12158898224,140526
0,12162345782,140539
0,12166942159,140552
0,12170390448,140565
0,12174986939,140578
0,12178434509,140591
0,12180729207,140604
0,12184178295,140617
0,12186474459,140630
0,12189922785,140643
0,12192220373,140656
0,12194520057,140669
0,12197967761,140682
0,12200262302,140695
0,12202564916,140708
0,12207161333,140721
0,12211757768,140734
0,12216354252,140747
0,12218651519,140760
0,12222099300,140773
0,12225547835,140786
0,12230144285,140799
0,12234740768,140812
0,12239337262,140825
0,12242785079,140838
0,12247381555,140851
0,12249679761,140864
0,12251975370,140877
0,12254270998,140890
0,12256566623,140903
0,12258862197,140916
0,12261157813,140929
0,12263453421,140942
0,12265748841,140955
0,12268044347,140968
0,12270339813,140981
0,12279946029,140994
0,12282241403,141007
0,12285690267,141020
0,12290286853,141033
0,12292585059,141046
0,12294880231,141059
0,12298333218,141072
0,12300628278,141085
0,12302928271,141098
0,12307524892,141111
0,12312121465,141124
0,12316718049,141137
0,12319012947,141150
0,12321315488,141163
0,12323613344,141176
0,12327061012,141189
0,12331657530,141202
0,12335105948,141215
0,12339702562,141228
0,12343150261,141241
0,12345445023,141254
0,12348894220,141267
0,12351190463,141280
0,12354638881,141293
0,12356936550,141306
0,12359236314,141319
0,12362684109,141332
0,12364978728,141345
0,12367281425,141358
0,12371877986,141371
0,12376474563,141384
0,12381071186,141397
0,12383368534,141410
0,12385662993,141423
0,12387963656,141436
0,12391412302,141449
0,12396008890,141462
0,12400605519,141475
0,12405202170,141488
0,12408650080,141501
0,12413246716,141514
0,12415544984,141527
0,12417840673,141540
0,12420136379,141553
0,12422432068,141566
0,12424727720,141579
0,12427023397,141592
0,12429319087,141605
0,12431614568,141618
0,12433910155,141631
0,12436205700,141644
0,12445812215,141657
0,12448107668,141670
0,12451556626,141683
0,12456153370,141696
0,12458451640,141709
0,12460746890,141722
0,12464199989,141735
0,12466495111,141748
0,12468795184,141761
0,12473391947,141774
0,12477988659,141787
0,12482585389,141800
0,12484880365,141813
0,12487182986,141826
0,12489480903,141839
0,12492928683,141852
0,12497525343,141865
0,12500973871,141878
0,12505570625,141891
0,12509018431,141904
0,12511313276,141917
0,12514762583,141930
0,12517058887,141943
0,12520507418,141956
0,12522805166,141969
0,12525105009,141982
0,12528552898,141995
0,12530847598,142008
0,12533150373,142021
0,12537747076,142034
0,12542343796,142047
0,12546940561,142060
0,12549237987,142073
0,12551532510,142086
0,12553833251,142099
0,12557282008,142112
0,12561878738,142125
0,12566475509,142138
0,12571072299,142151
0,12574520322,142164
0,12579117116,142177
0,12581415448,142190
0,12583711197,142203
0,12586006982,142216
0,12588302755,142229
0,12590598469,142242
0,12592894226,142255
0,12595189994,142268
0,12597485539,142281
0,12599781204,142294
0,12602076810,142307
0,12611683625,142320
0,12613979161,142333
0,12617428229,142346
0,12622025111,142359
0,12624323464,142372
0,12626618773,142385
0,12630071984,142398
0,12632367187,142411
0,12634667321,142424
0,12639264245,142437
0,12643861100,142450
0,12648457971,142463
0,12650753028,142476
0,12653055708,142489
0,12655353708,142502
0,12658801598,142515
0,12663398401,142528
0,12666847040,142541
0,12671443935,142554
0,12674891851,142567
0,12677186775,142580
0,12680636173,142593
0,12682932559,142606
0,12686381201,142619
0,12688679011,142632
0,12690978936,142645
0,12694426936,142658
0,12696721696,142671
0,12699024550,142684
0,12703621395,142697
0,12708218277,142710
0,12712815184,142723
0,12715112688,142736
0,12717407275,142749
0,12719708076,142762
0,12723156964,142775
0,12727753836,142788
0,12732350750,142801
0,12736947683,142814
0,12739248586,142827
0,12743845522,142840
0,12746143933,142853
0,12748439745,142866
0,12750735609,142879
0,12753031443,142892
0,12755327239,142905
0,12757623057,142918
0,12759918907,142931
0,12762214531,142944
0,12764510260,142957
0,12766805945,142970
0,12776413062,142983
0,12778708658,142996
0,12782157855,143009
0,12786754880,143022
0,12789053294,143035
0,12791348685,143048
0,12794802007,143061
0,12797097289,143074
0,12799397486,143087
0,12803994549,143100
0,12808591550,143113
0,12813188580,143126
0,12815483700,143139
0,12817786459,143152
0,12820084539,143165
0,12823532522,143178
0,12828129485,143191
0,12831578218,143204
0,12836175271,143217
0,12839623280,143230
0,12841918286,143243
0,12845367796,143256
0,12847664242,143269
0,12851113013,143282
0,12853410887,143295
0,12855710871,143308
0,12859159002,143321
0,12861453824,143334
0,12863756757,143347
0,12868353744,143360
0,12872950770,143373
0,12877547820,143386
0,12879845403,143399
0,12882140070,143412
0,12884440935,143425
0,12887889934,143438
0,12892486948,143451
0,12897084020,143464
0,12901681078,143477
0,12903982063,143490
0,12908579142,143503
0,12910877632,143516
0,12913173523,143529
0,12915469451,143542
0,12917765365,143555
0,12920061222,143568
0,12922357121,143581
0,12924653031,143594
0,12926948738,143607
0,12929244547,143620
0,12931540295,143633
0,12941147730,143646
0,12943443388,143659
0,12946892697,143672
0,12951489864,143685
0,12953788359,143698
0,12956083809,143711
0,12959537245,143724
0,12961832607,143737
0,12964132883,143750
0,12968730070,143763
0,12973327232,143776
0,12977924406,143789
0,12980219606,143802
0,12982522429,143815
0,12984820588,143828
0,12988268682,143841
0,12992865788,143854
0,12996314631,143867
0,13000911827,143880
0,13004359948,143893
0,13006655016,143906
0,13010104656,143919
0,13012401165,143932
0,13015850047,143945
0,13018147999,143958
0,13020448047,143971
0,13023896289,143984
0,13026191189,143997
0,13028494186,144010
0,13033091332,144023
0,13037688482,144036
0,13042285692,144049
0,13044583339,144062
0,13046878085,144075
0,13049179030,144088
0,13052628122,144101
0,13057225298,144114
0,13061822514,144127
0,13066419714,144140
0,13068720760,144153
0,13073318001,144166
0,13075616554,144179
0,13077912525,144192
0,13080207002,144205
0,13082501464,144218
0,13084795941,144231
0,13087090419,144244
0,13089384881,144257
0,13091679339,144270
0,13093973820,144283
0,13096268297,144296
0,13098562760,144309
0,13107034851,144322
0,13109330590,144335
0,13112780011,144348
0,13117377321,144361
0,13119675878,144374
0,13121971410,144387
0,13125424958,144400
0,13127720380,144413
0,13130020735,144426
0,13134618067,144439
0,13139215388,144452
0,13143812707,144465
0,13146107986,144478
0,13148410873,144491
0,13150709092,144504
0,13154157316,144517
0,13158754565,144530
0,13162203520,144543
0,13166800860,144556
0,13170249092,144569
0,13172544223,144582
0,13175993972,144595
0,13178290563,144608
0,13181739537,144621
0,13184037570,144634
0,13186337701,144647
0,13189786055,144660
0,13192081015,144673
0,13194384095,144686
0,13198981384,144699
0,13203578675,144712
0,13208176044,144725
0,13210473755,144738
0,13212768581,144751
0,13215069587,144764
0,13218518793,144777
0,13223116127,144790
0,13227713467,144803
0,13232310829,144816
0,13234611939,144829
0,13239209340,144842
0,13241507957,144855
0,13243804007,144868
0,13246098565,144881
0,13248393090,144894
0,13250687628,144907
0,13252982188,144920
0,13255276730,144933
0,13257571251,144946
0,13259865813,144959
0,13262160370,144972
0,13264454897,144985
0,13272927259,144998
0,13275223077,145011
0,13278672589,145024
0,13283270063,145037
0,13285568683,145050
0,13287864295,145063
0,13291317954,145076
0,13293613440,145089
0,13295913876,145102
0,13300511351,145115
0,13305108833,145128
0,13309706276,145141
0,13312001635,145154
0,13314304604,145167
0,13316602887,145180
0,13320051219,145193
0,13324648613,145206
0,13328097698,145219
0,13332695162,145232
0,13336143525,145245
0,13338438718,145258
0,13341888580,145271
0,13344185251,145284
0,13347634318,145297
0,13349932433,145310
0,13352232643,145323
0,13355681090,145336
0,13357976132,145349
0,13360279293,145362
0,13364876726,145375
0,13369474160,145388
0,13374071668,145401
0,13376369461,145414
0,13378664349,145427
0,13380965438,145440
0,13384414755,145453
0,13389012229,145466
0,13393609715,145479
0,13398207236,145492
0,13400508410,145505
0,13405105970,145518
0,13407404652,145531
0,13409700763,145544
0,13411995400,145557
0,13414290009,145570
0,13416584609,145583
0,13418879087,145596
0,13421173565,145609
0,13423468027,145622
0,13425762506,145635
0,13428056964,145648
0,13430351446,145661
0,13437677710,145674
0,13439973611,145687
0,13443423234,145700
0,13448020850,145713
0,13450319553,145726
0,13452615229,145739
0,13456068996,145752
0,13458364565,145765
0,13460665061,145778
0,13465262701,145791
0,13469860327,145804
0,13474457913,145817
0,13476753351,145830
0,13479056381,145843
0,13481354748,145856
0,13484803193,145869
0,13489400730,145882
0,13492849927,145895
0,13497447534,145908
0,13500896011,145921
0,13503191284,145934
0,13506641238,145947
0,13508937992,145960
0,13512387170,145973
0,13514685347,145986
0,13516985640,145999
0,13520434200,146012
0,13522729303,146025
0,13525032543,146038
0,13529630119,146051
0,13534227717,146064
0,13538825369,146077
0,13541123242,146090
0,13543418194,146103
0,13545719342,146116
0,13549168790,146129
0,13553766407,146142
0,13558364038,146155
0,13562961702,146168
0,13565262955,146181
0,13569860658,146194
0,13572159420,146207
0,13574455596,146220
0,13576750293,146233
0,13579044979,146246
0,13581339663,146259
0,13583634202,146272
0,13585928763,146285
0,13588223304,146298
0,13590517847,146311
0,13592812385,146324
0,13595106948,146337
0,13602433436,146350
0,13604729398,146363
0,13608179153,146376
0,13612776912,146389
0,13615075675,146402
0,13617371434,146415
0,13620825313,146428
0,13623120962,146441
0,13625421524,146454
0,13630019305,146467
0,13634617078,146480
0,13639214823,146493
0,13641510325,146505
0,13643813436,146517
0,13646111883,146529
0,13649560424,146541
0,13654158121,146553
0,13657607415,146565
0,13662205183,146577
0,13665653752,146589
0,13667949108,146601
0,13671399174,146613
0,13673695989,146625
0,13677145299,146637
0,13679443540,146649
0,13681743894,146661
0,13685192585,146673
0,13687487753,146685
0,13689791073,146697
0,13694388794,146709
0,13698986536,146721
0,13703584332,146733
0,13705882284,146745
0,13708177317,146757
0,13710478529,146769
0,13713928089,146781
0,13718525851,146793
0,13723123642,146805
0,13727721432,146817
0,13730022766,146829
0,13734620616,146841
0,13736919458,146853
0,13739215713,146865
0,13741510474,146877
0,13743805239,146889
0,13746100003,146901
0,13748394606,146913
0,13750689228,146925
0,13752983709,146937
0,13755278187,146949
0,13757572648,146961
0,13759867127,146973
0,13762161604,146985
0,13768341678,146997
0,13770637701,147009
0,13774087570,147021
0,13778685473,147033
0,13780984319,147045
0,13783280158,147057
0,13786734132,147069
0,13789029859,147081
0,13791330504,147093
0,13795928429,147105
0,13800526347,147117
0,13805124252,147129
0,13807419817,147141
0,13809722989,147153
0,13812021516,147165
0,13815470173,147177
0,13820068012,147189
0,13823517421,147201
0,13828115350,147213
0,13831564014,147225
0,13833859451,147237
0,13837309629,147249
0,13839606507,147261
0,13843055927,147273
0,13845354251,147285
0,13847654667,147297
0,13851103489,147309
0,13853398721,147321
0,13855702102,147333
0,13860299986,147345
0,13864897873,147357
0,13869495814,147369
0,13871793846,147381
0,13874088940,147393
0,13876390236,147405
0,13879839908,147417
0,13884437815,147429
0,13889035747,147441
0,13893633681,147453
0,13895935099,147465
0,13900533093,147477
0,13902832015,147489
0,13905128351,147501
0,13907423176,147513
0,13909718003,147525
0,13912012847,147537
0,13914307533,147549
0,13916602218,147561
0,13918896780,147573
0,13921191339,147585
0,13923485863,147597
0,13925780421,147609
0,13928074959,147621
0,13934255246,147633
0,13936551332,147645
0,13940001310,147657
0,13944599360,147669
0,13946898286,147681
0,13949194205,147693
0,13952648272,147705
0,13954944082,147717
0,13957244808,147729
0,13961842879,147741
0,13966440941,147753
0,13971038987,147765
0,13973334636,147777
0,13975637870,147789
0,13977936480,147801
0,13981385249,147813
0,13985983233,147825
0,13989432755,147837
0,13994030824,147849
0,13997479602,147861
0,13999775120,147873
0,14003225411,147885
0,14005522353,147897
0,14008971885,147909
0,14011270290,147921
0,14013570770,147933
0,14017019702,147945
0,14019315018,147957
0,14021618463,147969
0,14026216509,147981
0,14030814541,147993
0,14035412627,148005
0,14037710720,148017
0,14040005893,148029
0,14042307272,148041
0,14045757037,148053
0,14050355108,148065
0,14054953184,148077
0,14059551264,148089
0,14061852763,148101
0,14066450902,148113
0,14068749885,148125
0,14071046302,148137
0,14073341211,148149
0,14075636099,148161
0,14077931026,148173
0,14080225792,148185
0,14082520541,148197
0,14084815184,148209
0,14087109823,148221
0,14089404411,148233
0,14091699030,148245
0,14093993651,148257
0,14100174150,148269
0,14102470299,148281
0,14105920389,148293
0,14110518585,148305
0,14112813062,148317
0,14115107539,148329
0,14117420519,148341
0,14119716390,148353
0,14122017198,148365
0,14126615417,148377
0,14131213641,148389
0,14135811831,148401
0,14138107560,148413
0,14140410858,148425
0,14142709529,148437
0,14146158431,148449
0,14150756541,148461
0,14154206194,148473
0,14158804410,148485
0,14162253300,148497
0,14164548882,148509
0,14167999286,148521
0,14170296307,148533
0,14173745933,148545
0,14176044419,148557
0,14178344983,148569
0,14181794028,148581
0,14184089406,148593
0,14186392934,148605
0,14190991125,148617
0,14195589301,148629
0,14200187549,148641
0,14202485708,148653
0,14204780960,148665
0,14207082400,148677
0,14210532281,148689
0,14215130513,148701
0,14219728715,148713
0,14224326961,148725
0,14226628524,148737
0,14231226822,148749
0,14233525870,148761
0,14235822368,148773
0,14238117358,148785
0,14240412310,148797
0,14242707299,148809
0,14245002149,148821
0,14247296979,148833
0,14249591686,148845
0,14251886405,148857
0,14254181074,148869
0,14256475757,148881
0,14258770442,148893
0,14264951152,148905
0,14267247381,148917
0,14270697566,148929
0,14275295926,148941
0,14277590468,148953
0,14279885025,148965
0,14282198085,148977
0,14284494020,148989
0,14286794908,149001
0,14291393273,149013
0,14295991641,149025
0,14300589974,149037
0,14302885784,149049
0,14305189164,149061
0,14307487899,149073
0,14310936914,149085
0,14315535169,149097
0,14318984935,149109
0,14323583296,149121
0,14327032296,149133
0,14329327962,149145
0,14332778459,149157
0,14335075561,149169
0,14338525302,149181
0,14340823870,149193
0,14343124514,149205
0,14346573656,149217
0,14348869114,149229
0,14351172724,149241
0,14355771040,149253
0,14360369380,149265
0,14364967774,149277
0,14367266014,149289
0,14369561331,149301
0,14371862851,149313
0,14375312845,149325
0,14379911222,149337
0,14384509569,149349
0,14389107958,149361
0,14391409605,149373
0,14396008049,149385
0,14398307178,149397
0,14400603740,149409
0,14402898810,149421
0,14405193843,149433
0,14407488897,149445
0,14409783829,149457
0,14412078719,149469
0,14414373509,149481
0,14416668289,149493
0,14418963042,149505
0,14421257807,149517
0,14423552556,149529
0,14429733457,149541
0,14432029767,149553
0,14435480068,149565
0,14440078570,149577
0,14442373197,149589
0,14444667816,149601
0,14446980959,149613
0,14449276974,149625
0,14451577927,149637
0,14456176454,149649
0,14460774948,149661
0,14465373446,149673
0,14467669317,149685
0,14469963799,149697
0,14472258278,149709
0,14474552740,149721
0,14476867956,149733
0,14481466357,149745
0,14484916235,149757
0,14489514741,149769
0,14492963855,149781
0,14495259602,149793
0,14498710193,149805
0,14501007378,149817
0,14504457233,149829
0,14506755862,149841
0,14509056587,149853
0,14512505845,149865
0,14514801384,149877
0,14517105056,149889
0,14521703518,149901
0,14526302022,149913
0,14530900562,149925
0,14533198883,149937
0,14535494265,149949
0,14537795866,149961
0,14541245974,149973
0,14545844495,149985
0,14550442988,149997
0,14555041520,150009
0,14557343250,150021
0,14561941840,150033
0,14564241050,150045
0,14566537676,150057
0,14568832826,150069
0,14571127942,150081
0,14573423060,150093
0,14575718054,150105
0,14578013025,150117
0,14580307900,150129
0,14582602744,150141
0,14584897578,150153
0,14587192421,150165
0,14589487235,150177
0,14595668328,150189
0,14597964721,150201
0,14601415137,150213
0,14606013781,150225
0,14608308492,150237
0,14610603176,150249
0,14612916401,150261
0,14615212495,150273
0,14617513513,150285
0,14622112183,150297
0,14626710822,150309
0,14631309485,150321
0,14633605421,150333
0,14635899984,150345
0,14638194543,150357
0,14640489070,150369
0,14642804367,150381
0,14647402913,150393
0,14650852905,150405
0,14655451556,150417
0,14658900784,150429
0,14661196612,150441
0,14664647298,150453
0,14666944566,150465
0,14670394534,150477
0,14672693226,150489
0,14674994034,150501
0,14678443406,150513
0,14680739006,150525
0,14683042760,150537
0,14687641368,150549
0,14692240037,150561
0,14696838722,150573
0,14699137124,150585
0,14701432570,150597
0,14703734234,150609
0,14707184475,150621
0,14711783122,150633
0,14716381781,150645
0,14720980458,150657
0,14723282271,150669
0,14727881006,150681
0,14730180296,150693
0,14732476988,150705
0,14734772201,150717
0,14737067397,150729
0,14739362599,150741
0,14741657655,150753
0,14743952711,150765
0,14746247666,150777
0,14748542575,150789
0,14750837491,150801
0,14753132415,150813
0,14755427294,150825
0,14761608582,150837
0,14763905056,150849
0,14767355585,150861
0,14771954376,150873
0,14774249168,150885
0,14776543916,150897
0,14778857223,150909
0,14781153399,150921
0,14783454481,150933
0,14788053294,150945
0,14792652080,150957
0,14797250906,150969
0,14799546908,150981
0,14801841552,150993
0,14804136192,151005
0,14806430784,151017
0,14808746143,151029
0,14813344854,151041
0,14816794961,151053
0,14821393757,151065
0,14824843099,151077
0,14827137576,151089
0,14829442559,151101
0,14831739889,151113
0,14835189989,151125
0,14837488745,151137
0,14839789615,151149
0,14843239120,151161
0,14845534785,151173
0,14847838620,151185
0,14852437375,151197
0,14857036185,151209
0,14861635019,151221
0,14863933502,151233
0,14866229030,151245
0,14868530759,151257
0,14871981114,151269
0,14876579907,151281
0,14881178727,151293
0,14885777532,151305
0,14888079426,151317
0,14892678307,151329
0,14894977680,151341
0,14897274454,151353
0,14899569732,151365
0,14901865009,151377
0,14904160294,151389
0,14906455415,151401
0,14908750532,151413
0,14911045569,151425
0,14913340563,151437
0,14915635543,151449
0,14917930547,151461
0,14920225507,151473
0,14926406991,151485
0,14928703527,151497
0,14932154190,151509
0,14936753107,151521
0,14939047982,151533
0,14941342813,151545
0,14943656183,151557
0,14945952442,151569
0,14948253605,151581
0,14952852564,151593
0,14957451496,151605
0,14962050466,151617
0,14964346552,151629
0,14966641260,151641
0,14968935983,151653
0,14971230655,151665
0,14973546080,151677
0,14978144953,151689
0,14981595159,151701
0,14986194118,151713
0,14989643554,151725
0,14991938115,151737
0,14994243180,151749
0,14996540574,151761
0,14999990788,151773
0,15002289623,151785
0,15004590560,151797
0,15008040175,151809
0,15010335925,151821
0,15012639824,151833
0,15017238742,151845
0,15021837698,151857
0,15026436677,151869
0,15028735223,151881
0,15031030832,151893
0,15033332647,151905
0,15036783094,151917
0,15041382053,151929
0,15045981018,151941
0,15050579970,151953
0,15052881945,151965
0,15057480974,151977
0,15059780408,151989
0,15062077264,152001
0,15064372626,152013
0,15066667965,152025
0,15068963334,152037
0,15071258535,152049
0,15073553720,152061
0,15075848837,152073
0,15078143912,152085
0,15080438957,152097
0,15082734024,152109
0,15085029066,152121
0,15091210764,152133
0,15093507364,152145
0,15096958141,152157
0,15101557206,152169
0,15103852161,152181
0,15106147074,152193
0,15108460510,152205
0,15110756830,152217
0,15113058075,152229
0,15117657182,152241
0,15122256279,152253
0,15126855395,152265
0,15129151563,152277
0,15131446336,152289
0,15133741122,152301
0,15136035875,152313
0,15138351384,152325
0,15142950404,152337
0,15146400724,152349
0,15150999831,152361
0,15154449380,152373
0,15156744004,152385
0,15159049150,152397
0,15161346629,152409
0,15164796938,152421
0,15167095855,152433
0,15169396875,152445
0,15172846605,152457
0,15175141084,152469
0,15177435548,152481
0,15179730007,152493
0,15183192712,152505
0,15187791797,152517
0,15192390940,152529
0,15194689548,152541
0,15196985243,152553
0,15199287138,152565
0,15202737681,152577
0,15207336806,152589
0,15211935918,152601
0,15216535016,152613
0,15218837072,152625
0,15223436248,152637
0,15225735744,152649
0,15228032682,152661
0,15230328126,152673
0,15232623531,152685
0,15234918982,152697
0,15237214265,152709
0,15239509514,152721
0,15241804694,152733
0,15244099850,152745
0,15246394980,152757
0,15248690108,152769
0,15250985236,152781
0,15257167144,152793
0,15259463810,152805
0,15262914701,152817
0,15267513914,152829
0,15269808931,152841
0,15272103925,152853
0,15274417445,152865
0,15276713829,152877
0,15279015157,152889
0,15283614411,152901
0,15288213670,152913
0,15292812934,152925
0,15295109165,152937
0,15297404022,152949
0,15299698871,152961
0,15301993707,152973
0,15304309299,152985
0,15308908466,152997
0,15312358899,153009
0,15316958153,153021
0,15320407817,153033
0,15322702504,153045
0,15325007734,153057
0,15327305296,153069
0,15330755698,153081
0,15333054698,153093
0,15335355802,153105
0,15338805627,153117
0,15341100188,153129
0,15343394736,153141
0,15345689258,153153
0,15349152095,153165
0,15353751307,153177
0,15358350616,153189
0,15360649287,153201
0,15362945065,153213
0,15365247044,153225
0,15368697682,153237
0,15373296973,153249
0,15377896231,153261
0,15382495476,153273
0,15384797593,153285
0,15389396936,153297
0,15391696495,153309
0,15393993516,153321
0,15396289044,153333
0,15398584513,153345
0,15400880046,153357
0,15403175412,153369
0,15405470726,153381
0,15407765969,153393
0,15410061205,153405
0,15412356422,153417
0,15414651610,153429
0,15416946822,153441
0,15423128922,153453
0,15425425673,153465
0,15428876678,153477
0,15433476039,153489
0,15435771119,153501
0,15438066194,153513
0,15440379798,153525
0,15442676246,153537
0,15444977657,153549
0,15449577058,153561
0,15454176479,153573
0,15458775872,153585
0,15461072185,153597
0,15463367127,153609
0,15465662039,153621
0,15467956959,153633
0,15470272633,153645
0,15474871947,153657
0,15478322495,153669
0,15482921896,153681
0,15486371675,153693
0,15488666426,153705
0,15490971739,153717
0,15493269384,153729
0,15496719880,153741
0,15499018965,153753
0,15501320151,153765
0,15504770071,153777
0,15507064715,153789
0,15509359347,153801
0,15511653932,153813
0,15515116883,153825
0,15519716242,153837
0,15524315717,153849
0,15526610182,153861
0,15528904661,153873
0,15531199141,153885
0,15533515878,153897
0,15538115314,153909
0,15542714721,153921
0,15547314131,153933
0,15549616312,153945
0,15554215818,153957
0,15556515443,153969
0,15558812528,153981
0,15561108135,153993
0,15563403689,154005
0,15565699286,154017
0,15567994736,154029
0,15570290132,154041
0,15572585441,154053
0,15574880759,154065
0,15577176057,154077
0,15579471312,154089
0,15581766587,154101
0,15587948902,154113
0,15590245735,154125
0,15593696835,154137
0,15598296362,154149
0,15600591506,154161
0,15602886664,154173
0,15605200349,154185
0,15607496863,154197
0,15609798338,154209
0,15614397904,154221
0,15618997471,154233
0,15623597011,154245
0,15625893405,154257
0,15628188429,154269
0,15630483406,154281
0,15632778390,154293
0,15635094145,154305
0,15639693608,154317
0,15643144289,154329
0,15647743819,154341
0,15651193731,154353
0,15653488548,154365
0,15655793924,154377
0,15658091651,154389
0,15661542263,154401
0,15663841431,154413
0,15666142698,154425
0,15669592717,154437
0,15671887443,154449
0,15674182158,154461
0,15676476807,154473
0,15679939873,154485
0,15684539381,154497
0,15689139020,154509
0,15691433550,154521
0,15693728092,154533
0,15696022657,154545
0,15698339476,154557
0,15702939058,154569
0,15707538613,154581
0,15712138188,154593
0,15714440434,154605
0,15719040085,154617
0,15721339794,154629
0,15723636944,154641
0,15725932635,154653
0,15728228270,154665
0,15730523931,154677
0,15732819446,154689
0,15735114923,154701
0,15737410316,154713
0,15739705699,154725
0,15742001080,154737
0,15744296417,154749
0,15746591759,154761
0,15752774267,154773
0,15755071183,154785
0,15758522400,154797
0,15763122072,154809
0,15765417301,154821
0,15767712523,154833
0,15770026292,154845
0,15772322888,154857
0,15774624429,154869
0,15779224160,154881
0,15783823855,154893
0,15788423560,154905
0,15790720018,154917
0,15793015126,154929
0,15795310185,154941
0,15797605236,154953
0,15799921071,154965
0,15804520683,154977
0,15807971479,154989
0,15812571155,155001
0,15816021182,155013
0,15818316082,155025
0,15820621524,155037
0,15822919332,155049
0,15826370059,155061
0,15828669291,155073
0,15830970643,155085
0,15834420776,155097
0,15836715564,155109
0,15839010365,155121
0,15841305096,155133
0,15844768257,155145
0,15849367932,155157
0,15853967718,155169
0,15856262330,155181
0,15858556938,155193
0,15860851584,155205
0,15863168485,155217
0,15867768196,155229
0,15870062675,155241
0,15873515150,155253
0,15878114869,155265
0,15880417201,155277
0,15885016999,155289
0,15887316792,155301
0,15889614007,155313
0,15891909780,155325
0,15894205497,155337
0,15896501222,155349
0,15898796800,155361
0,15901092360,155373
0,15903387837,155385
0,15905683283,155397
0,15907978750,155409
0,15910274167,155421
0,15912569576,155433
0,15918752277,155445
0,15921049276,155457
0,15924500610,155469
0,15929100428,155481
0,15931395741,155493
0,15933691026,155505
0,15936004880,155517
0,15938301559,155529
0,15940603166,155541
0,15945203061,155553
0,15949802883,155565
0,15954402756,155577
0,15956699277,155589
0,15958994470,155601
0,15961289612,155613
0,15963584728,155625
0,15965900645,155637
0,15970500405,155649
0,15973951317,155661
0,15978551141,155673
0,15982001282,155685
0,15984296265,155697
0,15986601772,155709
0,15988899663,155721
0,15992350505,155733
0,15994649804,155745
0,15996951236,155757
0,16000401484,155769
0,16002696336,155781
0,16004991222,155793
0,16007286035,155805
0,16010749293,155817
0,16015349135,155829
0,16019949068,155841
0,16022243764,155853
0,16024538437,155865
0,16026833146,155877
0,16029150150,155889
0,16033749989,155901
0,16036044551,155913
0,16039497143,155925
0,16044097008,155937
0,16046399424,155949
0,16050999370,155961
0,16053299244,155973
0,16055596527,155985
0,16057892381,155997
0,16060188182,156009
0,16062483972,156021
0,16064779613,156033
0,16067075256,156045
0,16069370818,156057
0,16071666326,156069
0,16073961880,156081
0,16076257376,156093
0,16078552851,156105
0,16084735747,156117
0,16087032832,156129
0,16090484280,156141
0,16095084243,156153
0,16097379640,156165
0,16099674990,156177
0,16101988928,156189
0,16104285690,156201
0,16106587363,156213
0,16111187423,156225
0,16115787374,156237
0,16120387415,156249
0,16122683998,156261
0,16124979278,156273
0,16127274501,156285
0,16129569684,156297
0,16131885683,156309
0,16136485591,156321
0,16139936619,156333
0,16144536591,156345
0,16147986847,156357
0,16150281913,156369
0,16152587486,156381
0,16154885460,156393
0,16158336417,156405
0,16160635781,156417
0,16162937296,156429
0,16166387660,156441
0,16168682575,156453
0,16170977546,156465
0,16173272442,156477
0,16176735795,156489
0,16181335805,156501
0,16185935886,156513
0,16188230664,156525
0,16190525403,156537
0,16192820176,156549
0,16195137261,156561
0,16199737250,156573
0,16202031897,156585
0,16205484605,156597
0,16210084616,156609
0,16212387116,156621
0,16215839961,156633
0,16218139917,156645
0,16220437284,156657
0,16222733203,156669
0,16225029088,156681
0,16227324961,156693
0,16229620667,156705
0,16231916392,156717
0,16234212038,156729
0,16236507612,156741
0,16238803228,156753
0,16241098808,156765
0,16243394367,156777
0,16249577460,156789
0,16251874628,156801
0,16255326191,156813
0,16259926302,156825
0,16262221781,156837
0,16264517198,156849
0,16266831199,156861
0,16269128042,156873
0,16271429801,156885
0,16276030009,156897
0,16280630107,156909
0,16285230313,156921
0,16287526962,156933
0,16289822306,156945
0,16292117612,156957
0,16294412880,156969
0,16296728943,156981
0,16301329018,156993
0,16304780141,157005
0,16309380282,157017
0,16312830634,157029
0,16315125783,157041
0,16317431442,157053
0,16319729478,157065
0,16323180571,157077
0,16325480001,157089
0,16327781579,157101
0,16331232078,157113
0,16333527060,157125
0,16335822094,157137
0,16338117072,157149
0,16341580544,157161
0,16346180716,157173
0,16350780926,157185
0,16353075787,157197
0,16355370612,157209
0,16357665447,157221
0,16359982619,157233
0,16364582756,157245
0,16366877486,157257
0,16370330308,157269
0,16374930468,157281
0,16377233052,157293
0,16380685992,157305
0,16382986035,157317
0,16385283484,157329
0,16387579469,157341
0,16389875437,157353
0,16392171392,157365
0,16394467165,157377
0,16396762953,157389
0,16399058680,157401
0,16401354341,157413
0,16403650023,157425
0,16405945685,157437
0,16408241328,157449
0,16414424618,157461
0,16416721849,157473
0,16420173547,157485
0,16424773789,157497
0,16427069350,157509
0,16429364853,157521
0,16431678917,157533
0,16433975844,157545
0,16436277686,157557
0,16440878042,157569
0,16445478290,157581
0,16450078642,157593
0,16452375375,157605
0,16454670784,157617
0,16456966173,157629
0,16459261524,157641
0,16461577654,157653
0,16466177895,157665
0,16469629117,157677
0,16474229423,157689
0,16477679871,157701
0,16479975106,157713
0,16482280848,157725
0,16484578951,157737
0,16488030159,157749
0,16490329671,157761
0,16492631316,157773
0,16496081928,157785
0,16498376995,157797
0,16500672092,157809
0,16502967156,157821
0,16506430743,157833
0,16511031065,157845
0,16515631425,157857
0,16517926368,157869
0,16520221276,157881
0,16522516178,157893
0,16524833413,157905
0,16529433718,157917
0,16531728510,157929
0,16535181468,157941
0,16539781758,157953
0,16542084425,157965
0,16545537484,157977
0,16547837590,157989
0,16550135123,158001
0,16552429606,158013
0,16554724064,158025
0,16557018549,158037
0,16559313027,158049
0,16561607493,158061
0,16563901973,158073
0,16566196454,158085
0,16568490919,158097
0,16570785380,158109
0,16573079862,158121
0,16575374345,158133
0,16580424466,158145
0,16582721760,158157
0,16586173593,158169
0,16590773966,158181
0,16593069609,158193
0,16595365198,158205
0,16597679325,158217
0,16599976337,158229
0,16602278263,158241
0,16606878768,158253
0,16611479164,158265
0,16616079662,158277
0,16618376479,158289
0,16620671953,158301
0,16622967427,158313
0,16625262861,158325
0,16627579056,158337
0,16632179463,158349
0,16635630784,158361
0,16640231257,158373
0,16643681803,158385
0,16645977124,158397
0,16648282949,158409
0,16650581119,158421
0,16654032442,158433
0,16656332037,158445
0,16658633748,158457
0,16662084475,158469
0,16664379625,158481
0,16666674786,158493
0,16668969935,158505
0,16672433640,158517
0,16677034110,158529
0,16681634619,158541
0,16683929646,158553
0,16686224637,158565
0,16688519605,158577
0,16690836904,158589
0,16695437377,158601
0,16697732233,158613
0,16701185326,158625
0,16705785747,158637
0,16708088496,158649
0,16711541674,158661
0,16713841843,158673
0,16716139459,158685
0,16718434027,158697
0,16720728548,158709
0,16723023120,158720
0,16725317680,158731
0,16727612214,158742
0,16729906776,158753
0,16732201340,158764
0,16734495872,158775
0,16736790396,158786
0,16739084962,158797
0,16741379529,158808
0,16746429816,158819
0,16748727173,158830
0,16752179144,158841
0,16756779647,158852
0,16759075373,158863
0,16761371048,158874
0,16763685238,158885
0,16765982335,158896
0,16768284345,158907
0,16772884999,158918
0,16777485544,158929
0,16782086190,158940
0,16784383092,158951
0,16786678631,158962
0,16788974190,158973
0,16791269707,158984
0,16793585967,158995
0,16798186541,159006
0,16801637961,159017
0,16806238598,159028
0,16809689242,159039
0,16811984648,159050
0,16814290557,159061
0,16816588793,159072
0,16820040232,159083
0,16822339910,159094
0,16824641688,159105
0,16828092529,159116
0,16830387765,159127
0,16832682989,159138
0,16834978223,159149
0,16838442043,159160
0,16843042663,159171
0,16847643320,159182
0,16849938430,159193
0,16852233505,159204
0,16854528538,159215
0,16856845903,159226
0,16861446545,159237
0,16863741465,159248
0,16867194693,159259
0,16871795244,159270
0,16874098075,159281
0,16877551374,159292
0,16879851606,159303
0,16882149305,159314
0,16884443959,159325
0,16886738543,159336
0,16889033028,159347
0,16891327507,159358
0,16893621973,159369
0,16895916453,159380
0,16898210934,159391
0,16900505399,159402
0,16902799859,159413
0,16905094340,159424
0,16907388823,159435
0,16911293443,159446
0,16913590866,159457
0,16917042954,159468
0,16921643607,159479
0,16923939416,159490
0,16926235174,159501
0,16928549430,159512
0,16930846591,159523
0,16933148684,159534
0,16937749488,159545
0,16942350202,159556
0,16946950997,159567
0,16949247982,159578
0,16951543587,159589
0,16953839211,159600
0,16956134810,159611
0,16958451157,159622
0,16963051878,159633
0,16966503417,159644
0,16971104199,159655
0,16974554963,159666
0,16976850432,159677
0,16979156424,159688
0,16981454746,159699
0,16984906302,159710
0,16987206063,159721
0,16989507907,159732
0,16992958865,159743
0,16995254184,159754
0,16997549474,159765
0,16999844773,159776
0,17003308729,159787
0,17007909498,159798
0,17012510305,159809
0,17014805480,159820
0,17017100638,159831
0,17019395757,159842
0,17021713185,159853
0,17026313996,159864
0,17028608984,159875
0,17032062325,159886
0,17036663029,159897
0,17038965943,159908
0,17042419359,159919
0,17044719656,159930
0,17047017440,159941
0,17049312178,159952
0,17051606828,159963
0,17053901396,159974
0,17056195958,159985
0,17058490490,159996
0,17060785036,160007
0,17063079599,160018
0,17065374151,160029
0,17067668677,160040
0,17069963242,160051
0,17072257807,160062
0,17076162542,160073
0,17078460050,160084
0,17081912255,160095
0,17086513058,160106
0,17088808929,160117
0,17091104771,160128
0,17093419112,160139
0,17095716337,160150
0,17098018515,160161
0,17102619470,160172
0,17107220351,160183
0,17111821275,160194
0,17114118343,160205
0,17116414033,160216
0,17118709722,160227
0,17121005405,160238
0,17123321836,160249
0,17127922708,160260
0,17131374363,160271
0,17135975296,160282
0,17139426176,160293
0,17141721710,160304
0,17144027788,160315
0,17146326193,160326
0,17149777847,160337
0,17152077690,160348
0,17154379620,160359
0,17157830676,160370
0,17160126078,160381
0,17162421454,160392
0,17164716816,160403
0,17168180907,160414
0,17172781808,160425
0,17177382784,160436
0,17179678023,160447
0,17181973267,160458
0,17184268470,160469
0,17186585965,160480
0,17191186943,160491
0,17193481997,160502
0,17196935456,160513
0,17201536310,160524
0,17203839287,160535
0,17207292840,160546
0,17209593203,160557
0,17211891071,160568
0,17214185892,160579
0,17216480610,160590
0,17218775242,160601
0,17221069888,160612
0,17223364504,160623
0,17225659118,160634
0,17227953763,160645
0,17230248400,160656
0,17232542992,160667
0,17234837621,160678
0,17237132270,160689
0,17241037142,160700
0,17243334732,160711
0,17245629197,160722
0,17247934286,160733
0,17252535240,160744
0,17254831175,160755
0,17257127101,160766
0,17259441527,160777
0,17261738817,160788
0,17264041080,160799
0,17268642186,160810
0,17273243234,160821
0,17277844289,160832
0,17280141440,160843
0,17282437216,160854
0,17284732969,160865
0,17287028737,160876
0,17289345252,160887
0,17293946274,160898
0,17297398045,160909
0,17301999129,160920
0,17305450124,160931
0,17307745723,160942
0,17310051887,160953
0,17312350376,160964
0,17315802127,160975
0,17318102054,160986
0,17320404069,160997
0,17323855223,161008
0,17326150709,161019
0,17328446171,161030
0,17330741596,161041
0,17334205823,161052
0,17338806856,161063
0,17343408000,161074
0,17345703303,161085
0,17347998632,161096
0,17350293918,161107
0,17352611481,161118
0,17357212626,161129
0,17359507746,161140
0,17362961322,161151
0,17367562327,161162
0,17369865368,161173
0,17373319058,161184
0,17375619487,161195
0,17377917439,161206
0,17380212343,161217
0,17382507129,161228
0,17384801825,161239
0,17387096556,161250
0,17389391257,161261
0,17391685937,161272
0,17393980667,161283
0,17396275388,161294
0,17398570046,161305
0,17400864738,161316
0,17403159472,161327
0,17407064477,161338
0,17409362153,161349
0,17411656686,161360
0,17413961857,161371
0,17418562962,161382
0,17420858962,161393
0,17423154972,161404
0,17425469484,161415
0,17427766839,161426
0,17430069186,161437
0,17434670444,161448
0,17439271659,161459
0,17443872845,161470
0,17446170081,161481
0,17448465943,161492
0,17450761761,161503
0,17453057614,161514
0,17455374214,161525
0,17459975386,161536
0,17463427273,161547
0,17468028508,161558
0,17471479620,161569
0,17473775283,161580
0,17476081531,161591
0,17478380106,161602
0,17481831956,161613
0,17484131966,161624
0,17486434067,161635
0,17489885338,161646
0,17492180908,161657
0,17494476437,161668
0,17496771926,161679
0,17500236288,161690
0,17504837453,161701
0,17509438766,161712
0,17511734134,161723
0,17514029549,161734
0,17516324919,161745
0,17518642549,161756
0,17523243861,161767
0,17525539048,161778
0,17528992739,161789
0,17533593896,161800
0,17535897020,161811
0,17539350828,161822
0,17541651323,161833
0,17543949359,161844
0,17546244346,161855
0,17548539200,161866
0,17550833960,161877
0,17553128776,161888
0,17555423561,161899
0,17557718306,161910
0,17560013121,161921
0,17562307927,161932
0,17564602651,161943
0,17566897428,161954
0,17569192245,161965
0,17573097365,161976
0,17575395127,161987
0,17577689725,161998
0,17579994981,162009
0,17584596237,162020
0,17586892322,162031
0,17589188416,162042
0,17591502995,162053
0,17593800414,162064
0,17596102846,162075
0,17600704254,162086
0,17605305639,162097
0,17609906975,162108
0,17612201456,162119
0,17614495922,162130
0,17616790384,162141
0,17619084867,162152
0,17621379350,162163
0,17624862801,162174
0,17628314825,162185
0,17632916211,162196
0,17636367439,162207
0,17638663170,162218
0,17640969502,162229
0,17643268160,162240
0,17646720108,162251
0,17649020204,162262
0,17651322389,162273
0,17654773758,162284
0,17657069412,162295
0,17659365027,162306
0,17661660582,162317
0,17665125060,162328
0,17669726375,162339
0,17674327858,162350
0,17676623293,162361
0,17678918792,162372
0,17681214246,162383
0,17683531943,162394
0,17688133404,162405
0,17690428676,162416
0,17693882465,162427
0,17698483793,162438
0,17700786982,162449
0,17704240925,162460
0,17706541486,162471
0,17708839587,162482
0,17711134658,162493
0,17713429599,162504
0,17715724423,162515
0,17718019325,162526
0,17720314194,162537
0,17722609006,162548
0,17724903905,162559
0,17727198796,162570
0,17729493586,162581
0,17731788427,162592
0,17734083328,162603
0,17737988585,162614
0,17740286430,162625
0,17742581096,162636
0,17744886416,162647
0,17749487842,162658
0,17751783993,162669
0,17754080170,162680
0,17756394836,162691
0,17758692319,162702
0,17760994838,162713
0,17765596397,162724
0,17770197950,162735
0,17774799419,162746
0,17777093982,162757
0,17779388536,162768
0,17781683063,162779
0,17783977632,162790
0,17786272200,162801
0,17789755748,162812
0,17793207910,162823
0,17797809428,162834
0,17801260792,162845
0,17803556591,162856
0,17805862986,162867
0,17808161728,162878
0,17811613796,162889
0,17813913976,162900
0,17816216245,162911
0,17819667715,162922
0,17821963453,162933
0,17824259153,162944
0,17826554775,162955
0,17830019371,162966
0,17834620836,162977
0,17839222487,162988
0,17841517988,162999
0,17843813552,163010
0,17846109090,163021
0,17848426874,163032
0,17853028485,163043
0,17855323839,163054
0,17858777728,163065
0,17863379226,163076
0,17865682482,163087
0,17869136540,163098
0,17871437188,163109
0,17873735353,163120
0,17876030511,163131
0,17878325535,163142
0,17880620427,163153
0,17882915412,163164
0,17885210364,163175
0,17887505244,163186
0,17889800208,163197
0,17892095183,163208
0,17894390060,163219
0,17896684965,163230
0,17898979953,163241
0,17902885325,163252
0,17905183271,163263
0,17907478007,163274
0,17909783390,163285
0,17914384986,163296
0,17916681205,163307
0,17918977465,163318
0,17921292216,163329
0,17923589765,163340
0,17925892350,163351
0,17930494080,163362
0,17935095783,163373
0,17939697402,163384
0,17941992052,163395
0,17944286688,163406
0,17946581282,163417
0,17948875916,163428
0,17951170569,163439
0,17954654237,163450
0,17958106515,163461
0,17962708184,163472
0,17966159666,163483
0,17968454151,163494
0,17970748614,163505
0,17973043098,163516
0,17975337580,163527
0,17977660258,163538
0,17979960522,163549
0,17982262875,163560
0,17985714445,163571
0,17988010269,163582
0,17990306053,163593
0,17992601743,163604
0,17996066457,163615
0,18000668073,163626
0,18005269893,163637
0,18007565462,163648
0,18009861091,163659
0,18012156713,163670
0,18014474583,163681
0,18019076342,163692
0,18021371782,163703
0,18024825771,163714
0,18029427439,163725
0,18031730760,163736
0,18035184955,163747
0,18037485671,163758
0,18039783901,163769
0,18042079143,163780
0,18044374253,163791
0,18046669212,163802
0,18048964281,163813
0,18051259317,163824
0,18053554263,163835
0,18055849294,163846
0,18058144352,163857
0,18060439315,163868
0,18062734285,163879
0,18065029360,163890
0,18068934867,163901
0,18071232899,163912
0,18073527701,163923
0,18075833149,163934
0,18080434916,163945
0,18082731200,163956
0,18085027547,163967
0,18087342382,163978
0,18089639999,163989
0,18091942667,164000
0,18096544549,164011
0,18101146401,164022
0,18105748172,164033
0,18108042909,164044
0,18110337628,164055
0,18112632291,164066
0,18114927009,164077
0,18117221745,164088
0,18120705512,164099
0,18124157908,164110
0,18128759729,164121
0,18132211347,164132
0,18134505901,164143
0,18136800428,164154
0,18139094997,164165
0,18141389566,164176
0,18143712308,164187
0,18146012660,164198
0,18148315096,164209
0,18151766764,164220
0,18154062675,164231
0,18156358544,164242
0,18158654300,164253
0,18162119130,164264
0,18166720898,164275
0,18171322889,164286
0,18173618528,164297
0,18175914240,164308
0,18178209947,164319
0,18180527884,164330
0,18185129793,164341
0,18187425321,164352
0,18190879409,164363
0,18195481248,164374
0,18197784633,164385
0,18201238966,164396
0,18203539749,164407
0,18205838043,164418
0,18208133370,164429
0,18210428566,164440
0,18212723591,164451
0,18215018747,164462
0,18217313866,164473
0,18219608880,164484
0,18221903976,164495
0,18224199139,164506
0,18226494168,164517
0,18228789202,164528
0,18231084359,164539
0,18234990004,164550
0,18237288121,164561
0,18239582990,164572
0,18241888503,164583
0,18246490441,164594
0,18248786790,164605
0,18251083221,164616
0,18253398144,164627
0,18255695825,164638
0,18257998581,164649
0,18262600615,164660
0,18267202636,164671
0,18271804540,164682
0,18274099360,164693
0,18276394167,164704
0,18278688897,164715
0,18280983700,164726
0,18283278521,164737
0,18286762387,164748
0,18290214919,164759
0,18294816873,164770
0,18298268629,164781
0,18300563252,164792
0,18302857843,164803
0,18305152497,164814
0,18307447151,164825
0,18309769959,164836
0,18312070397,164847
0,18314372918,164858
0,18317824685,164869
0,18320119168,164880
0,18322413652,164891
0,18324708116,164902
0,18327030174,164913
0,18331632094,164924
0,18336234254,164935
0,18338529960,164946
0,18340825739,164957
0,18343121530,164968
0,18345439554,164979
0,18350041614,164990
0,18352337226,165001
0,18355791414,165012
0,18360393423,165023
0,18362696873,165034
0,18366151325,165045
0,18368452194,165056
0,18370750554,165067
0,18373045967,165078
0,18375341248,165089
0,18377636341,165100
0,18379931581,165111
0,18382226785,165122
0,18384521866,165133
0,18386817028,165144
0,18389112276,165155
0,18391407390,165166
0,18393702491,165177
0,18395997733,165188
0,18399903494,165199
0,18402201715,165210
0,18404496651,165221
0,18406802229,165232
0,18411404338,165243
0,18413700751,165254
0,18415997269,165265
0,18418312278,165276
0,18420610025,165287
0,18422912847,165298
0,18427515052,165309
0,18432117223,165320
0,18436719280,165331
0,18439014187,165342
0,18441309078,165353
0,18443603876,165364
0,18445898744,165375
0,18448193669,165386
0,18451677636,165397
0,18455130285,165408
0,18459732391,165419
0,18463184265,165430
0,18465478975,165441
0,18467773632,165452
0,18470068372,165463
0,18472363112,165474
0,18474685987,165485
0,18476986510,165496
0,18479289116,165507
0,18482740981,165518
0,18485035553,165529
0,18487330121,165540
0,18489624653,165551
0,18491946795,165562
0,18496548867,165573
0,18501151178,165584
0,18503446971,165595
0,18505742815,165606
0,18508038694,165617
0,18510356802,165628
0,18514959014,165639
0,18517254710,165650
0,18520708999,165661
0,18525311179,165672
0,18527614697,165683
0,18531069268,165694
0,18533370220,165705
0,18535668649,165716
0,18537964146,165727
0,18540259512,165738
0,18542554672,165749
0,18544849978,165760
0,18547145266,165771
0,18549440433,165782
0,18551735661,165793
0,18554030997,165804
0,18556326195,165815
0,18558621361,165826
0,18560916670,165837
0,18564822566,165848
0,18567120870,165859
0,18569415893,165870
0,18571721537,165881
0,18576323817,165892
0,18578620297,165903
0,18580916882,165914
0,18583231995,165925
0,18585529808,165936
0,18587832697,165947
0,18592435073,165958
0,18597037396,165969
0,18601639602,165980
0,18603934594,165991
0,18606229569,166002
0,18608524435,166013
0,18610819368,166024
0,18613114378,166035
0,18616598467,166046
0,18620051234,166057
0,18624653493,166068
0,18628105484,166079
0,18630400280,166090
0,18632695003,166101
0,18634989829,166112
0,18637284654,166123
0,18639607597,166134
0,18641908185,166145
0,18644210896,166156
0,18647662862,166167
0,18649957519,166178
0,18652252172,166189
0,18654546772,166200
0,18656868980,166211
0,18661471223,166222
0,18666073686,166233
0,18668369565,166244
0,18670665477,166255
0,18672959959,166266
0,18675254442,166277
0,18677548908,166288
0,18681029231,166299
0,18683325012,166310
0,18686779400,166321
0,18691381752,166332
0,18693685339,166343
0,18697140026,166354
0,18699441065,166365
0,18701739560,166376
0,18704035145,166387
0,18706330595,166398
0,18708625823,166409
0,18710921195,166420
0,18713216587,166431
0,18715511821,166442
0,18717807116,166453
0,18720102536,166464
0,18722397821,166475
0,18724693056,166486
0,18726988448,166497
0,18730894461,166508
0,18733192851,166519
0,18735487960,166530
0,18737793670,166541
0,18742396121,166552
0,18744692670,166563
0,18746989339,166574
0,18749304537,166585
0,18751602418,166596
0,18753905373,166607
0,18758507921,166618
0,18763110393,166629
0,18767712751,166640
0,18770007831,166651
0,18772302890,166662
0,18774597824,166673
0,18776892823,166684
0,18779187917,166695
0,18782672126,166706
0,18786125009,166717
0,18790727421,166728
0,18794179531,166739
0,18796474415,166750
0,18798769203,166761
0,18801064117,166772
0,18803359027,166783
0,18805682037,166794
0,18807982710,166805
0,18810285505,166816
0,18813737571,166827
0,18816032316,166838
0,18818327053,166849
0,18820621721,166860
0,18822944015,166871
0,18827546411,166882
0,18832149023,166893
0,18834444989,166904
0,18836740967,166915
0,18839035537,166926
0,18841330104,166937
0,18843624639,166948
0,18847105079,166959
0,18849400946,166970
0,18852855433,166981
0,18857457957,166992
0,18859761612,167003
0,18863216437,167014
0,18865517542,167025
0,18867816105,167036
0,18870111774,167047
0,18872407311,167058
0,18874702605,167069
0,18876998063,167080
0,18879293541,167091
0,18881588842,167102
0,18883884204,167113
0,18886179708,167124
0,18888475080,167135
0,18890770381,167146
0,18893065859,167157
0,18896972008,167168
0,18899270484,167179
0,18901565661,167190
0,18903871437,167201
0,18908474059,167212
0,18910770675,167223
0,18913067430,167234
0,18915382714,167245
0,18917680663,167256
0,18919983704,167267
0,18924586406,167278
0,18929189028,167289
0,18933791537,167300
0,18936086704,167311
0,18938381848,167322
0,18940676852,167333
0,18942971934,167344
0,18945267113,167355
0,18948751421,167366
0,18952204442,167377
0,18956806988,167388
0,18960259235,167399
0,18962554187,167410
0,18964849041,167421
0,18967144040,167432
0,18969439038,167443
0,18971762112,167454
0,18974062874,167465
0,18976365752,167476
0,18979817918,167487
0,18982112749,167498
0,18984407572,167509
0,18986702307,167520
0,18989024687,167531
0,18993627236,167542
0,18998230019,167553
0,19000526054,167564
0,19002822097,167575
0,19005116753,167586
0,19007411407,167597
0,19009706008,167608
0,19013186568,167619
0,19015482521,167630
0,19018937127,167641
0,19022392573,167652
0,19024696295,167663
0,19028151237,167674
0,19030452430,167685
0,19032751058,167696
0,19035046815,167707
0,19037342437,167718
0,19039637800,167729
0,19041933323,167740
0,19044228907,167751
0,19046524274,167762
0,19048819704,167773
0,19051115292,167784
0,19053410752,167795
0,19055706118,167806
0,19058001683,167817
0,19061907949,167828
0,19064206529,167839
0,19066501775,167850
0,19068807616,167861
0,19073410410,167872
0,19075707094,167883
0,19078003935,167894
0,19080319305,167905
0,19082617322,167916
0,19084920429,167927
0,19089523305,167938
0,19094126078,167949
0,19098728740,167960
0,19101023993,167971
0,19103319222,167982
0,19105614294,167993
0,19107909443,168004
0,19110204725,168015
0,19113689137,168026
0,19117142275,168037
0,19121744974,168048
0,19125197339,168059
0,19127492380,168070
0,19129787298,168081
0,19132082386,168092
0,19134377468,168103
0,19136700609,168114
0,19139001456,168125
0,19141304420,168136
0,19144756686,168147
0,19147051604,168158
0,19149346513,168169
0,19151641316,168180
0,19153963780,168191
0,19158566481,168202
0,19163169415,168213
0,19165465539,168224
0,19167761647,168235
0,19170056391,168246
0,19172351130,168257
0,19174645800,168268
0,19178126477,168279
0,19180422518,168290
0,19183877224,168301
0,19187332807,168312
0,19189636598,168323
0,19193091657,168334
0,19195392938,168345
0,19197691633,168356
0,19199987477,168367
0,19202283183,168378
0,19204578615,168389
0,19206874203,168400
0,19209169873,168411
0,19211465326,168422
0,19213760823,168433
0,19216056498,168444
0,19218352044,168455
0,19220647479,168466
0,19222943128,168477
0,19226849511,168488
0,19229148178,168499
0,19231443510,168510
0,19233749418,168521
0,19238352384,168532
0,19240649138,168543
0,19242946063,168554
0,19245261519,168565
0,19247559604,168576
0,19249862777,168587
0,19254465827,168598
0,19259068753,168609
0,19263671567,168620
0,19265966907,168631
0,19268262221,168642
0,19270557361,168653
0,19272852577,168664
0,19275147943,168675
0,19278632476,168686
0,19282085735,168697
0,19286688588,168708
0,19290141069,168719
0,19292436199,168730
0,19294731183,168741
0,19297026358,168752
0,19299321525,168763
0,19301644735,168774
0,19303945666,168785
0,19306248716,168796
0,19309701085,168807
0,19311996086,168818
0,19314291082,168829
0,19316585952,168840
0,19318908481,168851
0,19323511354,168862
0,19328114440,168873
0,19330410652,168884
0,19332706825,168895
0,19335001658,168906
0,19337296482,168917
0,19339591220,168928
0,19343072016,168939
0,19345368142,168950
0,19348822949,168961
0,19352278670,168972
0,19354582529,168983
0,19358037708,168994
0,19360339074,169005
0,19362637837,169016
0,19364933747,169027
0,19367228249,169038
0,19369522717,169049
0,19371817181,169060
0,19374111664,169071
0,19376406151,169082
0,19378700616,169093
0,19380995100,169104
0,19383289583,169115
0,19385584048,169126
0,19387878513,169137
0,19390172996,169148
0,19392943937,169159
0,19395242707,169170
0,19397538109,169181
0,19399844082,169192
0,19404447222,169203
0,19406744042,169214
0,19409041055,169225
0,19411356597,169236
0,19413654749,169247
0,19415958009,169258
0,19420561212,169269
0,19425164289,169280
0,19429767258,169291
0,19432062685,169302
0,19434358086,169313
0,19436653292,169324
0,19438948576,169335
0,19441244047,169346
0,19444728681,169357
0,19448182060,169368
0,19452785066,169379
0,19456237685,169390
0,19458532885,169401
0,19460827934,169412
0,19463123195,169423
0,19465418451,169434
0,19467741725,169445
0,19470042745,169456
0,19472345880,169467
0,19475798350,169478
0,19478093437,169489
0,19480388520,169500
0,19482683458,169511
0,19485006072,169522
0,19489609099,169533
0,19494212357,169544
0,19496508636,169555
0,19498804876,169566
0,19501099795,169577
0,19503394705,169588
0,19505689512,169599
0,19509170426,169610
0,19511466639,169621
0,19514921547,169632
0,19518377407,169643
0,19520681334,169654
0,19524136630,169665
0,19526438084,169676
0,19528736913,169687
0,19531032910,169698
0,19533327497,169709
0,19535622035,169720
0,19537916565,169731
0,19540211151,169742
0,19542505708,169753
0,19544800239,169764
0,19547094808,169775
0,19549389380,169786
0,19551683913,169797
0,19553978463,169808
0,19556273033,169819
0,19559044058,169830
0,19561342913,169841
0,19563638385,169852
0,19565944423,169863
0,19570547737,169874
0,19572844622,169885
0,19575141721,169896
0,19577457352,169907
0,19579755569,169918
0,19582058917,169929
0,19586662274,169940
0,19591265524,169951
0,19595868626,169962
0,19598164139,169973
0,19600459627,169984
0,19602754898,169995
0,19605050270,170006
0,19607345826,170017
0,19610830561,170028
0,19614284079,170039
0,19618887220,170050
0,19622339980,170061
0,19624635247,170072
0,19626930364,170083
0,19629225730,170094
0,19631521053,170105
0,19633844395,170116
0,19636145500,170127
0,19638448722,170138
0,19641901294,170149
0,19644196467,170160
0,19646491637,170171
0,19648786642,170182
0,19651109342,170193
0,19655712523,170204
0,19660315954,170215
0,19662612301,170226
0,19664908607,170237
0,19667203612,170248
0,19669498610,170259
0,19671793484,170270
0,19675274537,170281
0,19677570818,170292
0,19681025845,170303
0,19684481826,170314
0,19686785820,170325
0,19690241254,170336
0,19692542776,170347
0,19694841673,170358
0,19697137755,170369
0,19699432430,170380
0,19701727035,170391
0,19704021653,170402
0,19706316324,170413
0,19708610791,170424
0,19710905256,170435
0,19713199738,170446
0,19715494225,170457
0,19717788689,170468
0,19720083175,170479
0,19722377659,170490
0,19724672125,170501
0,19726966609,170512
0,19729261093,170523
0,19731555560,170534
0,19735506707,170545
0,19737803657,170556
0,19740100842,170567
0,19742416562,170578
0,19744714844,170589
0,19747018281,170600
0,19751621792,170611
0,19756225215,170622
0,19760828452,170633
0,19763124050,170644
0,19765419626,170655
0,19767714964,170666
0,19770010425,170677
0,19772306065,170688
0,19775790900,170699
0,19779244558,170710
0,19783847836,170721
0,19787300735,170732
0,19789596069,170743
0,19791891254,170754
0,19794186706,170765
0,19796482116,170776
0,19798805525,170787
0,19801106717,170798
0,19803410026,170809
0,19806862697,170820
0,19809157956,170831
0,19811453214,170842
0,19813748285,170853
0,19816071072,170864
0,19820674409,170875
0,19825278012,170886
0,19827574427,170897
0,19829870800,170908
0,19832165891,170919
0,19834460977,170930
0,19836755917,170941
0,19840237109,170952
0,19842533459,170963
0,19845988606,170974
0,19849444707,170985
0,19851748767,170996
0,19855204321,171007
0,19857505931,171018
0,19859804894,171029
0,19862101063,171040
0,19864395825,171051
0,19866690499,171062
0,19868985204,171073
0,19871279959,171084
0,19873574494,171095
0,19875869024,171106
0,19878163591,171117
0,19880458166,171128
0,19882752697,171139
0,19885047271,171150
0,19887341841,171161
0,19889636376,171172
0,19891930927,171183
0,19894225517,171194
0,19896520052,171205
0,19900471336,171216
0,19902768352,171227
0,19905065626,171238
0,19907381431,171249
0,19909679782,171260
0,19911983305,171271
0,19916586970,171282
0,19921190547,171293
0,19925793938,171304
0,19928089623,171315
0,19930385286,171326
0,19932680693,171337
0,19934976240,171348
0,19937271966,171359
0,19940756901,171370
0,19944210680,171381
0,19948814113,171392
0,19952267152,171403
0,19954562556,171414
0,19956857806,171425
0,19959153345,171436
0,19961448843,171447
0,19963772318,171458
0,19966073599,171469
0,19968376994,171480
0,19971829767,171491
0,19974125110,171502
0,19976420457,171513
0,19978715596,171524
0,19981038470,171535
0,19985641961,171546
0,19990245736,171557
0,19992542220,171568
0,19994838660,171579
0,19997133836,171590
0,19999429011,171601
0,20001724018,171612
0,20005205331,171623
0,20007501769,171634
0,20010957016,171645
0,20014413257,171656
0,20016717383,171667
0,20020173056,171678
0,20022474755,171689
0,20024773784,171700
0,20027070041,171711
0,20029364890,171722
0,20031659632,171733
0,20033954403,171744
0,20036249263,171755
0,20038543867,171766
0,20040838465,171777
0,20043133118,171788
0,20045427781,171799
0,20047722246,171810
0,20050016731,171821
0,20052311216,171832
0,20054605683,171843
0,20056900147,171854
0,20059194631,171865
0,20061489116,171876
0,20063783581,171887
0,20066588871,171898
0,20068885954,171909
0,20071183316,171920
0,20073499209,171931
0,20075797627,171942
0,20078101237,171953
0,20082705058,171964
0,20087308807,171975
0,20091912332,171986
0,20094208103,171997
0,20096503855,172008
0,20098799328,172019
0,20101094963,172030
0,20103390775,172041
0,20106875812,172052
0,20110329730,172063
0,20114933299,172074
0,20118386478,172085
0,20120681951,172096
0,20122977288,172107
0,20125272913,172118
0,20127568479,172129
0,20129892022,172140
0,20132193389,172151
0,20134496872,172162
0,20137949746,172173
0,20140245195,172184
0,20142540611,172195
0,20144835816,172206
0,20147158777,172217
0,20151762424,172228
0,20156366373,172239
0,20158662926,172250
0,20160959432,172261
0,20163254714,172272
0,20165549959,172283
0,20167845032,172294
0,20171326486,172305
0,20173622992,172316
0,20177078359,172327
0,20180534721,172338
0,20182838916,172349
0,20186294729,172360
0,20188596498,172371
0,20190895593,172382
0,20193191935,172393
0,20195486873,172404
0,20197781681,172415
0,20200076539,172426
0,20202371485,172437
0,20204666158,172448
0,20206960824,172459
0,20209255582,172470
0,20211550315,172481
0,20213844845,172492
0,20216139416,172503
0,20218433989,172514
0,20220728523,172525
0,20223023075,172536
0,20225317645,172547
0,20227612199,172558
0,20229906732,172569
0,20232712128,172580
0,20235009296,172591
0,20237306745,172602
0,20239622706,172613
0,20241921191,172624
0,20244224906,172635
0,20248828863,172646
0,20253432785,172657
0,20258036466,172668
0,20260332323,172679
0,20262628144,172690
0,20264923684,172701
0,20267219405,172712
0,20269515305,172723
0,20273000463,172734
0,20276454501,172745
0,20281058227,172756
0,20284511526,172767
0,20286807066,172778
0,20289102490,172789
0,20291398202,172800
0,20293693838,172811
0,20296017467,172822
0,20298318920,172833
0,20300622473,172844
0,20304075468,172855
0,20306371004,172866
0,20308666486,172877
0,20310961759,172888
0,20313284825,172899
0,20317888607,172910
0,20322492732,172921
0,20324789351,172932
0,20327085946,172943
0,20329381315,172954
0,20331676629,172965
0,20333971769,172976
0,20337453363,172987
0,20339749936,172998
0,20343205424,173009
0,20346661909,173020
0,20348966172,173031
0,20352422123,173042
0,20354723958,173053
0,20357023141,173064
0,20359319570,173075
0,20361614578,173086
0,20363909453,173097
0,20366204397,173108
0,20368499432,173119
0,20370794171,173130
0,20373088925,173140
0,20375383770,173150
0,20377678572,173160
0,20379973169,173170
0,20382267846,173180
0,20384562313,173190
0,20386856778,173200
0,20389151262,173210
0,20391445748,173220
0,20393740213,173230
0,20396034700,173240
0,20398329182,173250
0,20400623649,173260
0,20402918114,173270
0,20405212599,173280
0,20407507086,173290
0,20409801551,173300
0,20413811160,173310
0,20418415257,173320
0,20423019094,173330
0,20425315038,173340
0,20427610928,173350
0,20429906535,173360
0,20432202342,173370
0,20434498329,173380
0,20437983609,173390
0,20441437768,173400
0,20446041650,173410
0,20449495070,173420
0,20451790677,173430
0,20454086190,173440
0,20456381987,173450
0,20458677693,173460
0,20461001407,173470
0,20463302946,173480
0,20465606568,173490
0,20469059684,173500
0,20471355307,173510
0,20473650859,173520
0,20475946198,173530
0,20478269370,173540
0,20482873288,173550
0,20487477589,173560
0,20489774276,173570
0,20492070959,173580
0,20494366414,173590
0,20496661798,173600
0,20498957004,173610
0,20502438740,173620
0,20504735379,173630
0,20508190989,173640
0,20511647598,173650
0,20513951927,173660
0,20517408019,173670
0,20519709923,173680
0,20522009193,173690
0,20524305709,173700
0,20526600785,173710
0,20528895728,173720
0,20531190758,173730
0,20533485881,173740
0,20535780687,173750
0,20538075530,173760
0,20540370462,173770
0,20542665333,173780
0,20544959997,173790
0,20547254780,173800
0,20549549316,173810
0,20551843849,173820
0,20554138419,173830
0,20556432993,173840
0,20558727524,173850
0,20561022099,173860
0,20563316668,173870
0,20565611205,173880
0,20567905737,173890
0,20570200308,173900
0,20572494883,173910
0,20574789415,173920
0,20578799163,173930
0,20583403434,173940
0,20588007428,173950
0,20590303459,173960
0,20592599419,173970
0,20594895093,173980
0,20597190987,173990
0,20599487061,174000
0,20602972443,174010
0,20606426742,174020
0,20611030780,174030
0,20614484321,174040
0,20616779996,174050
0,20619075596,174060
0,20621371479,174070
0,20623667255,174080
0,20625991054,174090
0,20628292680,174100
0,20630596371,174110
0,20634049609,174120
0,20636345318,174130
0,20638640939,174140
0,20640936343,174150
0,20643259621,174160
0,20647863677,174170
0,20652468152,174180
0,20654764908,174190
0,20657061680,174200
0,20659357222,174210
0,20661652675,174220
0,20663947949,174230
0,20667429825,174240
0,20669726532,174250
0,20673182263,174260
0,20676638995,174270
0,20678943392,174280
0,20682399624,174290
0,20684701598,174300
0,20687000953,174310
0,20689297556,174320
0,20691592702,174330
0,20693887712,174340
0,20696182828,174350
0,20698478041,174360
0,20700772915,174370
0,20703067848,174380
0,20705362866,174390
0,20707657805,174400
0,20709952537,174410
0,20712247426,174420
0,20714542030,174430
0,20716836631,174440
0,20719131288,174450
0,20721425950,174460
0,20723720550,174470
0,20726015212,174480
0,20728309868,174490
0,20730604474,174500
0,20732898940,174510
0,20735193425,174520
0,20737487912,174530
0,20739782377,174540
0,20742076863,174550
0,20744940115,174560
0,20749544561,174570
0,20754148708,174580
0,20756444828,174590
0,20758740855,174600
0,20761036618,174610
0,20763332600,174620
0,20765628743,174630
0,20769114247,174640
0,20772568668,174650
0,20777172860,174660
0,20780626523,174670
0,20782922266,174680
0,20785217953,174690
0,20787513925,174700
0,20789809768,174710
0,20792133655,174720
0,20794435370,174730
0,20796739128,174740
0,20800192486,174750
0,20802488284,174760
0,20804783971,174770
0,20807079463,174780
0,20809402828,174790
0,20814007040,174800
0,20818611672,174810
0,20820908495,174820
0,20823205353,174830
0,20825500984,174840
0,20827796504,174850
0,20830091866,174860
0,20833573865,174870
0,20835870638,174880
0,20839326512,174890
0,20842783346,174900
0,20845087830,174910
0,20848544184,174920
0,20850846223,174930
0,20853145666,174940
0,20855442358,174950
0,20857737573,174960
0,20860032671,174970
0,20862327871,174980
0,20864623154,174990
0,20866918096,175000
0,20869213115,175010
0,20871508221,175020
0,20873803229,175030
0,20876098050,175040
0,20878393026,175050
0,20880687699,175060
0,20882982368,175070
0,20885277131,175080
0,20887571862,175090
0,20889866529,175100
0,20892161279,175110
0,20894456024,175120
0,20896750698,175130
0,20899045252,175140
0,20901339824,175150
0,20903634381,175160
0,20905928913,175170
0,20908223486,175180
0,20911086844,175190
0,20915691446,175200
0,20920295766,175210
0,20922591955,175220
0,20924888050,175230
0,20927183901,175240
0,20929479970,175250
0,20931776181,175260
0,20935261826,175270
0,20938716351,175280
0,20943320717,175290
0,20946774483,175300
0,20949070315,175310
0,20951366088,175320
0,20953662130,175330
0,20955958040,175340
0,20958282034,175350
0,20960583818,175360
0,20962887645,175370
0,20966341143,175380
0,20968637011,175390
0,20970932766,175400
0,20973228345,175410
0,20975551798,175420
0,20980156166,175430
0,20984760953,175440
0,20987057866,175450
0,20989354810,175460
0,20991650512,175470
0,20993946098,175480
0,20996241566,175490
0,20999723669,175500
0,21002020530,175510
0,21005476526,175520
0,21008933462,175530
0,21011238033,175540
0,21014694510,175550
0,21016996616,175560
0,21019296166,175570
0,21021592928,175580
0,21023888209,175590
0,21026183394,175600
0,21028478684,175610
0,21030774035,175620
0,21033069066,175630
0,21035364171,175640
0,21037659347,175650
0,21039954423,175660
0,21042249351,175670
0,21044544396,175680
0,21046839137,175690
0,21049133893,175700
0,21051428744,175710
0,21053723545,175720
0,21056018297,175730
0,21058313135,175740
0,21060607950,175750
0,21062902691,175760
0,21065197332,175770
0,21067491993,175780
0,21069786619,175790
0,21072081240,175800
0,21074375899,175810
0,21077239342,175820
0,21081844102,175830
0,21086448597,175840
0,21088744855,175850
0,21091041038,175860
0,21093336977,175870
0,21095633114,175880
0,21097929392,175890
0,21100267945,175900
0,21103722574,175910
0,21108327114,175920
0,21111780982,175930
0,21114076903,175940
0,21116372763,175950
0,21118668875,175960
0,21120964852,175970
0,21123288953,175980
0,21125590807,175990
0,21127894702,176000
0,21131348341,176010
0,21133644279,176020
0,21135940102,176030
0,21138235768,176040
0,21140559310,176050
0,21145163833,176060
0,21149768777,176070
0,21152065779,176080
0,21154362809,176090
0,21156658582,176100
0,21158954235,176110
0,21161249810,176120
0,21164732018,176130
0,21167028966,176140
0,21170485085,176150
0,21173942123,176160
0,21176246800,176170
0,21179703381,176180
0,21182005554,176190
0,21184305210,176200
0,21186602043,176210
0,21188897392,176220
0,21191192663,176230
0,21193488041,176240
0,21195783461,176250
0,21198078580,176260
0,21200373773,176270
0,21202669019,176280
0,21204964161,176290
0,21207259196,176300
0,21209554311,176310
0,21211849121,176320
0,21214143964,176330
0,21216438903,176340
0,21218733773,176350
0,21221028614,176360
0,21223323539,176370
0,21225618422,176380
0,21227913230,176390
0,21230207959,176400
0,21232502709,176410
0,21234797403,176420
0,21237092112,176430
0,21239386859,176440
0,21242250406,176450
0,21246855304,176460
0,21251459975,176470
0,21253756301,176480
0,21256052573,176490
0,21258348599,176500
0,21260644806,176510
0,21262941151,176520
0,21265279811,176530
0,21268734542,176540
0,21273339259,176550
0,21276793229,176560
0,21279089240,176570
0,21281385186,176580
0,21283681369,176590
0,21285977413,176600
0,21288301620,176610
0,21290603543,176620
0,21292907506,176630
0,21296361286,176640
0,21298657293,176650
0,21300953185,176660
0,21303248957,176670
0,21305572568,176680
0,21310177246,176690
0,21314782347,176700
0,21317079439,176710
0,21319376555,176720
0,21321672399,176730
0,21323968120,176740
0,21326263802,176750
0,21329746113,176760
0,21332043149,176770
0,21335499391,176780
0,21338956532,176790
0,21341261315,176800
0,21344718001,176810
0,21347020262,176820
0,21349320004,176830
0,21351616905,176840
0,21353912323,176850
0,21356207681,176860
0,21358503149,176870
0,21360798636,176880
0,21363093844,176890
0,21365389123,176900
0,21367684440,176910
0,21369979651,176920
0,21372274792,176930
0,21374569976,176940
0,21376864854,176950
0,21379159785,176960
0,21381454813,176970
0,21383749750,176980
0,21386044681,176990
0,21388339692,177000
0,21390634646,177010
0,21392929523,177020
0,21395224338,177030
0,21397519178,177040
0,21399813940,177050
0,21402108738,177060
0,21404403573,177070
0,21407267225,177080
0,21411872260,177090
0,21416477108,177100
0,21418773503,177110
0,21421069864,177120
0,21423365977,177130
0,21425662253,177140
0,21427958667,177150
0,21430297434,177160
0,21433752267,177170
0,21438357161,177180
0,21441811234,177190
0,21444107335,177200
0,21446403367,177210
0,21448699620,177220
0,21450995733,177230
0,21453320046,177240
0,21455622038,177250
0,21457926069,177260
0,21461379991,177270
0,21463674459,177280
0,21465968924,177290
0,21468263428,177300
0,21470557896,177310
0,21472852362,177320
0,21476343672,177330
0,21480948912,177340
0,21483246092,177350
0,21485543298,177360
0,21487839209,177370
0,21490135018,177380
0,21492430789,177390
0,21495913202,177400
0,21498210326,177410
0,21501666693,177420
0,21505123956,177430
0,21507428827,177440
0,21510885616,177450
0,21513187965,177460
0,21515487795,177470
0,21517784765,177480
0,21520080272,177490
0,21522375717,177500
0,21524671255,177510
0,21526966810,177520
0,21529262124,177530
0,21531557474,177540
0,21533852860,177550
0,21536148157,177560
0,21538443387,177570
0,21540738640,177580
0,21543033607,177590
0,21545328626,177600
0,21547623724,177610
0,21549918728,177620
0,21552213747,177630
0,21554508846,177640
0,21556803869,177650
0,21559098837,177660
0,21561393739,177670
0,21563688648,177680
0,21565983479,177690
0,21568278383,177700
0,21570573289,177710
0,21573437044,177720
0,21578042237,177730
0,21582647242,177740
0,21584943706,177750
0,21587240154,177760
0,21589536357,177770
0,21591832700,177780
0,21594129204,177790
0,21596468059,177800
0,21599922994,177810
0,21604528065,177820
0,21607982241,177830
0,21610278449,177840
0,21612574551,177850
0,21614870873,177860
0,21617167072,177870
0,21619491475,177880
0,21621793536,177890
0,21624097656,177900
0,21627551701,177910
0,21629846237,177920
0,21632140791,177930
0,21634435382,177940
0,21636729920,177950
0,21639024454,177960
0,21642515905,177970
0,21647121303,177980
0,21649418571,177990
0,21651715846,178000
0,21654011826,178010
0,21656307742,178020
0,21658603582,178030
0,21662086120,178040
0,21664383331,178050
0,21667839802,178060
0,21671297204,178070
0,21673602147,178080
0,21677059059,178090
0,21679361495,178100
0,21681661395,178110
0,21683958433,178120
0,21686254048,178130
0,21688549561,178140
0,21690845169,178150
0,21693140811,178160
0,21695436216,178170
0,21697731636,178180
0,21700027109,178190
0,21702322493,178200
0,21704617793,178210
0,21706913116,178220
0,21709208170,178230
0,21711503279,178240
0,21713798444,178250
0,21716093537,178260
0,21718388645,178270
0,21720683814,178280
0,21722978906,178290
0,21725273981,178300
0,21727568951,178310
0,21729863930,178320
0,21732158847,178330
0,21734453842,178340
0,21736748816,178350
0,21739612679,178360
0,21744218026,178370
0,21748823189,178380
0,21751119744,178390
0,21753416279,178400
0,21755712552,178410
0,21758008962,178420
0,21760305573,178430
0,21762644499,178440
0,21766099556,178450
0,21770704785,178460
0,21774159082,178470
0,21776455380,178480
0,21778751551,178490
0,21781047961,178500
0,21783344248,178510
0,21785668721,178520
0,21787970851,178530
0,21790275077,178540
0,21793729228,178550
0,21796023832,178560
0,21798318494,178570
0,21800613155,178580
0,21802907760,178590
0,21805202381,178600
0,21808693959,178610
0,21813299531,178620
0,21815596869,178630
0,21817894212,178640
0,21820190280,178650
0,21822486285,178660
0,21824780752,178670
0,21827117621,178680
0,21829414921,178690
0,21832871495,178700
0,21836329039,178710
0,21838634053,178720
0,21842091086,178730
0,21844393610,178740
0,21846693578,178750
0,21848990685,178760
0,21851286406,178770
0,21853581990,178780
0,21855877665,178790
0,21858173397,178800
0,21860468890,178810
0,21862764379,178820
0,21865059942,178830
0,21867355413,178840
0,21869650784,178850
0,21871946174,178860
0,21874241317,178870
0,21876536515,178880
0,21878831749,178890
0,21881126930,178900
0,21883422128,178910
0,21885717365,178920
0,21888012527,178930
0,21890307708,178940
0,21892602750,178950
0,21894897797,178960
0,21897192802,178970
0,21899487885,178980
0,21901782927,178990
0,21904646897,179000
0,21909252401,179010
0,21913857723,179020
0,21916154366,179030
0,21918450988,179040
0,21920747330,179050
0,21923043830,179060
0,21925340529,179070
0,21927679526,179080
0,21931134706,179090
0,21935740094,179100
0,21939194511,179110
0,21941490898,179120
0,21943787137,179130
0,21946083637,179140
0,21948380011,179150
0,21950704555,179160
0,21953006753,179170
0,21955311087,179180
0,21958765342,179190
0,21961060035,179200
0,21963354786,179210
0,21965649516,179220
0,21967944191,179230
0,21970238898,179240
0,21973730602,179250
0,21978336350,179260
0,21980633757,179270
0,21982931170,179280
0,21985227326,179290
0,21987523421,179300
0,21989817956,179310
0,21992154912,179320
0,21994452302,179330
0,21997908979,179340
0,22001366666,179350
0,22003671750,179360
0,22009640370,179370
0,22011942914,179380
0,22014242901,179390
0,22016540023,179400
0,22018835783,179410
0,22021131388,179420
0,22023427077,179430
0,22025722847,179440
0,22028018362,179450
0,22030313869,179460
0,22032609467,179470
0,22034904958,179480
0,22037200350,179490
0,22039495754,179500
0,22041790936,179510
0,22044086154,179520
0,22046381408,179530
0,22048676621,179540
0,22050971842,179550
0,22053267097,179560
0,22055562293,179570
0,22057857492,179580
0,22060152556,179590
0,22062447616,179600
0,22064742660,179610
0,22067037765,179620
0,22069332826,179630
0,22072196830,179640
0,22075306445,179650
0,22079911913,179660
0,22082208636,179670
0,22084505322,179680
0,22086801739,179690
0,22089098329,179700
0,22091395088,179710
0,22093734163,179720
0,22097189457,179730
0,22101794986,179740
0,22105249520,179750
0,22107545985,179760
0,22109842286,179770
0,22112138876,179780
0,22114435312,179790
0,22116759933,179800
0,22119062217,179810
0,22121366613,179820
0,22124820978,179830
0,22127115758,179840
0,22129410569,179850
0,22131705376,179860
0,22134000118,179870
0,22136294905,179880
0,22139786719,179890
0,22144392616,179900
0,22146690101,179910
0,22148987583,179920
0,22151283820,179930
0,22153579992,179940
0,22155874594,179950
0,22158211630,179960
0,22160509084,179970
0,22163965877,179980
0,22169541275,179990
0,22171846420,180000
0,22177815216,180010
0,22180117828,180020
0,22182417879,180030
0,22184715073,180040
0,22187009537,180050
0,22189304007,180060
0,22191598471,180070
0,22193892937,180080
0,22196187399,180090
0,22198481856,180100
0,22200776331,180110
0,22203070794,180120
0,22205365256,180130
0,22207659727,180140
0,22209954191,180150
0,22212248662,180160
0,22214543126,180170
0,22216837584,180180
0,22219132053,180190
0,22221426515,180200
0,22223720985,180210
0,22226015451,180220
0,22228309918,180230
0,22230604384,180240
0,22232898849,180250
0,22235193313,180260
0,22237487769,180270
0,22239782241,180280
0,22242076705,180290
0,22244630458,180300
0,22249236062,180310
0,22251532848,180320
0,22253829601,180330
0,22256126086,180340
0,22258422738,180350
0,22260719571,180360
0,22263058714,180370
0,22266514100,180380
0,22271119771,180390
0,22274574413,180400
0,22276870943,180410
0,22279167299,180420
0,22281463962,180430
0,22283760470,180440
0,22286085157,180450
0,22288387507,180460
0,22290691975,180470
0,22294146444,180480
0,22296441282,180490
0,22298736168,180500
0,22301031041,180510
0,22303325844,180520
0,22305620708,180530
0,22309112622,180540
0,22313718656,180550
0,22316016206,180560
0,22318313752,180570
0,22320610064,180580
0,22322906301,180590
0,22325200973,180600
0,22327538077,180610
0,22329835597,180620
0,22333292492,180630
0,22338868050,180640
0,22341173255,180650
0,22347142235,180660
0,22349444910,180670
0,22351745033,180680
0,22354042294,180690
0,22356336823,180700
0,22358631367,180710
0,22360925900,180720
0,22363220433,180730
0,22365514950,180740
0,22367809484,180750
0,22370104024,180760
0,22372398553,180770
0,22374693089,180780
0,22376987626,180790
0,22379282160,180800
0,22381576700,180810
0,22383871226,180820
0,22386165744,180830
0,22388460285,180840
0,22390754820,180850
0,22393049356,180860
0,22395343884,180870
0,22397638429,180880
0,22399932961,180890
0,22402227493,180900
0,22404522026,180910
0,22406816546,180920
0,22409111083,180930
0,22411405614,180940
0,22413959449,180950
0,22418565192,180960
0,22420862040,180970
0,22423158855,180980
0,22425455409,180990
0,22427752135,181000
0,22430049037,181010
0,22432388241,181020
0,22435843736,181030
0,22440449535,181040
0,22443904288,181050
0,22446200888,181060
0,22448497301,181070
0,22450794037,181080
0,22453090614,181090
0,22455415368,181100
0,22457717789,181110
0,22460022327,181120
0,22463476887,181130
0,22465771805,181140
0,22468066754,181150
0,22470361691,181160
0,22472656568,181170
0,22474951499,181180
0,22478443509,181190
0,22483049683,181200
0,22485347300,181210
0,22487644921,181220
0,22489941300,181230
0,22492237608,181240
0,22494532344,181250
0,22496869517,181260
0,22499167094,181270
0,22502624103,181280
0,22508199821,181290
0,22510505088,181300
0,22516474244,181310
0,22518776992,181320
0,22521077181,181330
0,22523374506,181340
0,22525669108,181350
0,22527963720,181360
0,22530258324,181370
0,22532552926,181380
0,22534847505,181390
0,22537142105,181400
0,22539436709,181410
0,22541731315,181420
0,22544025915,181430
0,22546320378,181440
0,22548614851,181450
0,22550909314,181460
0,22553203781,181470
0,22555498236,181480
0,22557792710,181490
0,22560087174,181500
0,22562381635,181510
0,22564676111,181520
0,22566970574,181530
0,22569265042,181540
0,22571559509,181550
0,22573853969,181560
0,22576148434,181570
0,22578442897,181580
0,22580737370,181590
0,22583031834,181600
0,22586752084,181610
0,22589048998,181620
0,22591345876,181630
0,22593642508,181640
0,22595939302,181650
0,22598236273,181660
0,22600575544,181670
0,22604031137,181680
0,22608637077,181690
0,22612091926,181700
0,22614388595,181710
0,22616685081,181720
0,22618981884,181730
0,22621278532,181740
0,22623603352,181750
0,22625905842,181760
0,22628210448,181770
0,22631665112,181780
0,22633960098,181790
0,22636255114,181800
0,22638550118,181810
0,22640845060,181820
0,22643140057,181830
0,22646632176,181840
0,22651238491,181850
0,22653536171,181860
0,22655833857,181870
0,22658130305,181880
0,22660426676,181890
0,22662721486,181900
0,22665058727,181910
0,22667356367,181920
0,22670813483,181930
0,22676389365,181940
0,22678694705,181950
0,22684664037,181960
0,22686966853,181970
0,22689267115,181980
0,22691564504,181990
0,22693859170,182000
0,22696153851,182010
0,22698448515,182020
0,22700743195,182030
0,22703037839,182040
0,22705332502,182050
0,22707627182,182060
0,22709921853,182070
0,22712216522,182080
0,22714511044,182090
0,22716805590,182100
0,22719100121,182110
0,22721394655,182120
0,22723689183,182130
0,22725983725,182140
0,22728278258,182150
0,22730572789,182160
0,22732867326,182170
0,22735161849,182180
0,22737456389,182190
0,22739750932,182200
0,22742045457,182210
0,22744339986,182220
0,22746634527,182230
0,22748929066,182240
0,22751223599,182250
0,22754943958,182260
0,22757240944,182270
0,22759537886,182280
0,22761834583,182290
0,22764131446,182300
0,22766428480,182310
0,22768767828,182320
0,22772223524,182330
0,22776829598,182340
0,22780284555,182350
0,22782581292,182360
0,22784877841,182370
0,22787174704,182380
0,22789471423,182390
0,22791796319,182400
0,22794098876,182410
0,22796403545,182420
0,22799858318,182430
0,22802153370,182440
0,22804448450,182450
0,22806743529,182460
0,22809038538,182470
0,22811333598,182480
0,22814825826,182490
0,22819432274,182500
0,22821730026,182510
0,22824027784,182520
0,22826324295,182530
0,22828620739,182540
0,22830915619,182550
0,22833252930,182560
0,22835550635,182570
0,22839007852,182580
0,22844583902,182590
0,22846889307,182600
0,22852858813,182610
0,22855161701,182620
0,22857462024,182630
0,22859759487,182640
0,22862054224,182650
0,22864348965,182660
0,22866643706,182670
0,22868938456,182680
0,22871233167,182690
0,22873527897,182700
0,22875822641,182710
0,22878117379,182720
0,22880412115,182730
0,22882706709,182740
0,22885001324,182750
0,22887295925,182760
0,22889590527,182770
0,22891885124,182780
0,22894179720,182790
0,22896474322,182800
0,22898768930,182810
0,22901063395,182820
0,22903357859,182830
0,22905652332,182840
0,22907946795,182850
0,22910241265,182860
0,22912535729,182870
0,22914830191,182880
0,22917124661,182890
0,22919419121,182900
0,22921713592,182910
0,22924288059,182920
0,22926585114,182930
0,22928882124,182940
0,22931178876,182950
0,22933475810,182960
0,22935772923,182970
0,22938112335,182980
0,22941568141,182990
0,22946174338,183000
0,22949629412,183010
0,22951926216,183020
0,22954222834,183030
0,22956519755,183040
0,22958816549,183050
0,22961141517,183060
0,22963444136,183070
0,22965748881,183080
0,22969203757,183090
0,22971498868,183100
0,22973794026,183110
0,22976089169,183120
0,22978384244,183130
0,22980679379,183140
0,22984171699,183150
0,22988778292,183160
0,22991076114,183170
0,22993373937,183180
0,22995670524,183190
0,22997967035,183200
0,23000261987,183210
0,23002599368,183220
0,23004897138,183230
0,23008354455,183240
0,23013930676,183250
0,23016236150,183260
0,23022205837,183270
0,23024508782,183280
0,23026809180,183290
0,23029106709,183300
0,23031401509,183310
0,23033696329,183320
0,23035991136,183330
0,23038285957,183340
0,23040580740,183350
0,23042875530,183360
0,23045170334,183370
0,23047465144,183380
0,23049759954,183390
0,23052054615,183400
0,23054349295,183410
0,23056643971,183420
0,23058938644,183430
0,23061233306,183440
0,23063527968,183450
0,23065822639,183460
0,23068117310,183470
0,23070411842,183480
0,23072706383,183490
0,23075000919,183500
0,23077295455,183510
0,23079589995,183520
0,23081884527,183530
0,23084179042,183540
0,23086473584,183550
0,23088768119,183560
0,23091062657,183570
0,23093637202,183580
0,23095934330,183590
0,23098231407,183600
0,23100528225,183610
0,23102825226,183620
0,23105122406,183630
0,23107461884,183640
0,23110917804,183650
0,23115524137,183660
0,23118979313,183670
0,23121276189,183680
0,23123572876,183690
0,23125869860,183700
0,23128166721,183710
0,23130491752,183720
0,23132794450,183730
0,23135099258,183740
0,23138554243,183750
0,23140849418,183760
0,23143144646,183770
0,23145439855,183780
0,23147735004,183790
0,23150030206,183800
0,23153522621,183810
0,23158129362,183820
0,23160427245,183830
0,23162725144,183840
0,23165021800,183850
0,23167318373,183860
0,23169613404,183870
0,23171950853,183880
0,23174248693,183890
0,23177706113,183900
0,23183282504,183910
0,23185588043,183920
0,23191557908,183930
0,23193860919,183940
0,23196161386,183950
0,23198458976,183960
0,23200753857,183970
0,23203048741,183980
0,23205343612,183990
0,23207638511,184000
0,23209933364,184010
0,23212228220,184020
0,23214523083,184030
0,23216817968,184040
0,23219112847,184050
0,23221407574,184060
0,23223702327,184070
0,23225997075,184080
0,23228291815,184090
0,23230586547,184100
0,23232881273,184110
0,23235176005,184120
0,23237470748,184130
0,23239765353,184140
0,23242059964,184150
0,23244354563,184160
0,23246649174,184170
0,23248943781,184180
0,23251238386,184190
0,23253532966,184200
0,23255827431,184210
0,23258121895,184220
0,23260416359,184230
0,23262710834,184240
0,23265005295,184250
0,23267299767,184260
0,23269594236,184270
0,23271888696,184280
0,23274183153,184290
0,23276477624,184300
0,23279125288,184310
0,23283731764,184320
0,23287187033,184330
0,23289483980,184340
0,23291780742,184350
0,23294077793,184360
0,23296374720,184370
0,23298699828,184380
0,23301002592,184390
0,23303307471,184400
0,23306762558,184410
0,23309057801,184420
0,23311353094,184430
0,23313648380,184440
0,23315943595,184450
0,23318238870,184460
0,23321731384,184470
0,23326338260,184480
0,23328636218,184490
0,23330934189,184500
0,23333230909,184510
0,23335527550,184520
0,23337822650,184530
0,23340160168,184540
0,23342458072,184550
0,23345915602,184560
0,23351492153,184570
0,23353797766,184580
0,23359767812,184590
0,23362070892,184600
0,23364371425,184610
0,23366669089,184620
0,23368964041,184630
0,23371258994,184640
0,23373553930,184650
0,23375848897,184660
0,23378143819,184670
0,23380438741,184680
0,23382733677,184690
0,23385028633,184700
0,23387323575,184710
0,23389618377,184720
0,23391913201,184730
0,23394208008,184740
0,23396502816,184750
0,23398797622,184760
0,23401092418,184770
0,23403387216,184780
0,23405682034,184790
0,23407976706,184800
0,23410271389,184810
0,23412566056,184820
0,23414860730,184830
0,23417155410,184840
0,23419450078,184850
0,23421744733,184860
0,23424039266,184870
0,23426333793,184880
0,23428628335,184890
0,23430922877,184900
0,23433217405,184910
0,23435511941,184920
0,23437806483,184930
0,23440101010,184940
0,23442395537,184950
0,23444690079,184960
0,23447337815,184970
0,23451944438,184980
0,23455399804,184990
0,23457696825,185000
0,23459993655,185010
0,23462290776,185020
0,23464587775,185030
0,23466912950,185040
0,23469215783,185050
0,23471520722,185060
0,23474975923,185070
0,23477271239,185080
0,23479566598,185090
0,23481861947,185100
0,23484157233,185110
0,23486452573,185120
0,23489945201,185130
0,23494552211,185140
0,23496850239,185150
0,23499148277,185160
0,23501445061,185170
0,23503741778,185180
0,23506036948,185190
0,23508374533,185200
0,23510672511,185210
0,23514130138,185220
0,23519706862,185230
0,23522012547,185240
0,23527982774,185250
0,23530285923,185260
0,23532586525,185270
0,23534884254,185280
0,23537179266,185290
0,23539474291,185300
0,23541769301,185310
0,23544064337,185320
0,23546359328,185330
0,23548654323,185340
0,23550949327,185350
0,23553244355,185360
0,23555539363,185370
0,23557834231,185380
0,23560129125,185390
0,23562423996,185400
0,23564718882,185410
0,23567013755,185420
0,23569308622,185430
0,23571603491,185440
0,23573898375,185450
0,23576193105,185460
0,23578487862,185470
0,23580782602,185480
0,23583077344,185490
0,23585372092,185500
0,23587666835,185510
0,23589961558,185520
0,23592256161,185530
0,23594550756,185540
0,23596845365,185550
0,23599139973,185560
0,23601434567,185570
0,23603729180,185580
0,23606023642,185590
0,23608318115,185600
0,23610612584,185610
0,23612907048,185620
0,23615201505,185630
0,23617495971,185640
0,23621309407,185650
0,23624764873,185660
0,23627061962,185670
0,23629358858,185680
0,23631656056,185690
0,23633953121,185700
0,23636278367,185710
0,23638581273,185720
0,23640886275,185730
0,23644341576,185740
0,23646636968,185750
0,23648932398,185760
0,23651227817,185770
0,23653523160,185780
0,23655818576,185790
0,23659311314,185800
0,23663918463,185810
0,23666216549,185820
0,23668514656,185830
0,23670811520,185840
0,23673108301,185850
0,23675403539,185860
0,23677741201,185870
0,23680039247,185880
0,23683496974,185890
0,23689073870,185900
0,23691379621,185910
0,23697350026,185920
0,23699653254,185930
0,23701953925,185940
0,23704251724,185950
0,23706546803,185960
0,23708841897,185970
0,23711136971,185980
0,23713432078,185990
0,23715727143,186000
0,23718022207,186010
0,23720317283,186020
0,23722612379,186030
0,23724907459,186040
0,23727202382,186050
0,23729497347,186060
0,23731792295,186070
0,23734087249,186080
0,23736382190,186090
0,23738677131,186100
0,23740972068,186110
0,23743267026,186120
0,23745561822,186130
0,23747856641,186140
0,23750151457,186150
0,23752446262,186160
0,23754741084,186170
0,23757035898,186180
0,23759330686,186190
0,23761625365,186200
0,23763920026,186210
0,23766214698,186220
0,23768509373,186230
0,23770804043,186240
0,23773098725,186250
0,23775393255,186260
0,23777687803,186270
0,23779982340,186280
0,23782276877,186290
0,23784571400,186300
0,23786865934,186310
0,23790679486,186320
0,23794135053,186330
0,23796432208,186340
0,23798729180,186350
0,23801026448,186360
0,23803323574,186370
0,23805648898,186380
0,23807951872,186390
0,23810256947,186400
0,23813712349,186410
0,23816007809,186420
0,23818303312,186430
0,23820598797,186440
0,23822894213,186450
0,23825189684,186460
0,23828682539,186470
0,23833289826,186480
0,23835587986,186490
0,23837886157,186500
0,23840183079,186510
0,23842479933,186520
0,23844775248,186530
0,23847112978,186540
0,23849411091,186550
0,23852868924,186560
0,23858445985,186570
0,23860751816,186580
0,23866722403,186590
0,23869025696,186600
0,23871326431,186610
0,23873624313,186620
0,23875919455,186630
0,23878214610,186640
0,23880509753,186650
0,23882804938,186660
0,23885100069,186670
0,23887395201,186680
0,23889690353,186690
0,23891985519,186700
0,23894280671,186710
0,23896575660,186720
0,23898870694,186730
0,23901165710,186740
0,23903460729,186750
0,23905755748,186760
0,23908050755,186770
0,23910345758,186780
0,23912640792,186790
0,23914935661,186800
0,23917230547,186810
0,23919525423,186820
0,23921820303,186830
0,23924115197,186840
0,23926410075,186850
0,23928704940,186860
0,23930999690,186870
0,23933294420,186880
0,23935589163,186890
0,23937883902,186900
0,23940178641,186910
0,23942473388,186920
0,23944767992,186930
0,23947062611,186940
0,23949357213,186950
0,23951651827,186960
0,23953946420,186970
0,23956240885,186980
0,23958907455,186990
0,23962363119,187000
0,23964660352,187010
0,23966957391,187020
0,23969254731,187030
0,23971551926,187040
0,23973877316,187050
0,23976180352,187060
0,23978485502,187070
0,23981941017,187080
0,23984236548,187090
0,23986532108,187100
0,23988827669,187110
0,23991123155,187120
0,23993418692,187130
0,23996911661,187140
0,24001519074,187150
0,24003817317,187160
0,24006115552,187170
0,24008412540,187180
0,24010709473,187190
0,24013004855,187200
0,24015342651,187210
0,24017640842,187220
0,24021098772,187230
0,24026676008,187240
0,24028981911,187250
0,24034952681,187260
0,24037256043,187270
0,24039556843,187280
0,24041854796,187290
0,24044150005,187300
0,24046445229,187310
0,24048740445,187320
0,24051035702,187330
0,24053330897,187340
0,24055626104,187350
0,24057921325,187360
0,24060216553,187370
0,24062511774,187380
0,24064806839,187390
0,24067101944,187400
0,24069397025,187410
0,24071692121,187420
0,24073987207,187430
0,24076282288,187440
0,24078577360,187450
0,24080872457,187460
0,24083167401,187470
0,24085462352,187480
0,24087757302,187490
0,24090052252,187500
0,24092347209,187510
0,24094642167,187520
0,24096937099,187530
0,24099231909,187540
0,24101526710,187550
0,24103821531,187560
0,24106116333,187570
0,24108411144,187580
0,24110705967,187590
0,24113000639,187600
0,24115295330,187610
0,24117590001,187620
0,24119884684,187630
0,24122179342,187640
0,24124473872,187650
0,24127140530,187660
0,24130596303,187670
0,24132893605,187680
0,24135190701,187690
0,24137488115,187700
0,24139785388,187710
0,24142110843,187720
0,24144413948,187730
0,24146719173,187740
0,24150174790,187750
0,24152470387,187760
0,24154766023,187770
0,24157061652,187780
0,24159357204,187790
0,24161652820,187800
0,24165145887,187810
0,24169753446,187820
0,24172051754,187830
0,24174350057,187840
0,24176647123,187850
0,24178944122,187860
0,24181239575,187870
0,24183577445,187880
0,24185875699,187890
0,24189333733,187900
0,24194911143,187910
0,24197217106,187920
0,24203188057,187930
0,24205491495,187940
0,24207792368,187950
0,24210090390,187960
0,24212385666,187970
0,24214680969,187980
0,24216976249,187990
0,24219271583,188000
0,24221566845,188010
0,24223862119,188020
0,24226157408,188030
0,24228452703,188040
0,24230748002,188050
0,24233043134,188060
0,24235338302,188070
0,24237633467,188080
0,24239928627,188090
0,24242223775,188100
0,24244518926,188110
0,24246814076,188120
0,24249109240,188130
0,24251404253,188140
0,24253699278,188150
0,24255994301,188160
0,24258289322,188170
0,24260584345,188180
0,24262879373,188190
0,24265174373,188200
0,24267469249,188210
0,24269764127,188220
0,24272059017,188230
0,24274353886,188240
0,24276648773,188250
0,24278943669,188260
0,24281238409,188270
0,24283533159,188280
0,24285827907,188290
0,24288122660,188300
0,24290417382,188310
0,24292711992,188320
0,24295378723,188330
0,24298834606,188340
0,24301131975,188350
0,24303426442,188360
0,24305720917,188370
0,24308015383,188380
0,24310309853,188390
0,24312604325,188400
0,24314898783,188410
0,24317193246,188420
0,24319560927,188430
0,24321856590,188440
0,24324152295,188450
0,24326447990,188460
0,24328743618,188470
0,24331039303,188480
0,24334532468,188490
0,24339140173,188500
0,24341438550,188510
0,24343736928,188520
0,24346034062,188530
0,24348331128,188540
0,24350626660,188550
0,24352964597,188560
0,24355262926,188570
0,24358721060,188580
0,24364298642,188590
0,24366604679,188600
0,24372575807,188610
0,24374879314,188620
0,24377180255,188630
0,24379478347,188640
0,24381773697,188650
0,24384069067,188660
0,24386364414,188670
0,24388659827,188680
0,24390955158,188690
0,24393250501,188700
0,24395545859,188710
0,24397841225,188720
0,24400136587,188730
0,24402431789,188740
0,24404727036,188750
0,24407022269,188760
0,24409317500,188770
0,24411612722,188780
0,24413907939,188790
0,24416203149,188800
0,24418498386,188810
0,24420793477,188820
0,24423088571,188830
0,24425383660,188840
0,24427678758,188850
0,24429973853,188860
0,24432268952,188870
0,24434564018,188880
0,24436858964,188890
0,24439153912,188900
0,24441448869,188910
0,24443743814,188920
0,24446038770,188930
0,24448333734,188940
0,24450628549,188950
0,24452923368,188960
0,24455218175,188970
0,24457513001,188980
0,24459807800,188990
0,24462102479,189000
0,24464769295,189010
0,24468225275,189020
0,24470522713,189030
0,24472817258,189040
0,24475111800,189050
0,24477406337,189060
0,24479700883,189070
0,24481995421,189080
0,24484289956,189090
0,24486584488,189100
0,24488952240,189110
0,24491247974,189120
0,24493543748,189130
0,24495839513,189140
0,24498135207,189150
0,24500430958,189160
0,24503924236,189170
0,24508532078,189180
0,24510830529,189190
0,24513128974,189200
0,24515426179,189210
0,24517723322,189220
0,24520018922,189230
0,24522356924,189240
0,24524655333,189250
0,24528113567,189260
0,24533691324,189270
0,24535997427,189280
0,24541968738,189290
0,24544272318,189300
0,24546573330,189310
0,24548871488,189320
0,24551166907,189330
0,24553462345,189340
0,24555757768,189350
0,24558053250,189360
0,24560348648,189370
0,24562644068,189380
0,24564939499,189390
0,24567234922,189400
0,24569530352,189410
0,24571825635,189420
0,24574120948,189430
0,24576416250,189440
0,24578711557,189450
0,24581006849,189460
0,24583302140,189470
0,24585597419,189480
0,24587892723,189490
0,24590187883,189500
0,24592483040,189510
0,24594778209,189520
0,24597073376,189530
0,24599368535,189540
0,24601663715,189550
0,24603958851,189560
0,24606253865,189570
0,24608548885,189580
0,24610843909,189590
0,24613138923,189600
0,24615433949,189610
0,24617728987,189620
0,24620023874,189630
0,24622318766,189640
0,24624613643,189650
0,24626908537,189660
0,24629203395,189670
0,24631498149,189680
0,24634165052,189690
0,24637621144,189700
0,24639918649,189710
0,24642213252,189720
0,24644507871,189730
0,24646802483,189740
0,24649096950,189750
0,24651391417,189760
0,24653685892,189770
0,24655980359,189780
0,24658274831,189790
0,24660569296,189800
0,24662863764,189810
0,24665158230,189820
0,24667452694,189830
0,24669747171,189840
0,24672173963,189850
0,24676781948,189860
0,24679080468,189870
0,24681378982,189880
0,24683676262,189890
0,24685973476,189900
0,24688269149,189910
0,24690607222,189920
0,24692905697,189930
0,24696364031,189940
0,24701941967,189950
0,24704248129,189960
0,24710219622,189970
0,24712523276,189980
0,24714824366,189990
0,24717122593,190000
0,24719418082,190010
0,24721713593,190020
0,24724009088,190030
0,24726304645,190040
0,24728600111,190050
0,24730895597,190060
0,24733191096,190070
0,24735486584,190080
0,24737782093,190090
0,24740077443,190100
0,24742372823,190110
0,24744668207,190120
0,24746963581,190130
0,24749258946,190140
0,24751554307,190150
0,24753849655,190160
0,24756145025,190170
0,24758440252,190180
0,24760735489,190190
0,24763030726,190200
0,24765325963,190210
0,24767621199,190220
0,24769916444,190230
0,24772211637,190240
0,24774506728,190250
0,24776801822,190260
0,24779096916,190270
0,24781392000,190280
0,24783687099,190290
0,24785982210,190300
0,24788277170,190310
0,24790572128,190320
0,24792867076,190330
0,24795162038,190340
0,24797456963,190350
0,24799751794,190360
0,24802418771,190370
0,24805874975,190380
0,24808172550,190390
0,24810467221,190400
0,24812761916,190410
0,24815056596,190420
0,24817351132,190430
0,24819645678,190440
0,24821940219,190450
0,24824234751,190459
0,24826529292,190468
0,24828823834,190477
0,24831118372,190486
0,24833412907,190495
0,24835707447,190504
0,24838001991,190513
0,24840428854,190522
0,24845036986,190531
0,24847335572,190540
0,24849634166,190549
0,24851931513,190558
0,24854228791,190567
0,24856524535,190576
0,24858862685,190585
0,24861161232,190594
0,24864619677,190603
0,24870197770,190612
0,24872504005,190621
0,24878475684,190630
0,24880779417,190639
0,24883080572,190648
0,24885378871,190657
0,24887674435,190666
0,24889970016,190675
0,24892265584,190684
0,24894561207,190693
0,24896856744,190702
0,24899152300,190711
0,24901447866,190720
0,24903743433,190729
0,24906039010,190738
0,24908334427,190747
0,24910629887,190756
0,24912925336,190765
0,24915220772,190774
0,24917516211,190783
0,24919811647,190792
0,24922107067,190801
0,24924402507,190810
0,24926697809,190819
0,24928993117,190828
0,24931288426,190837
0,24933583733,190846
0,24935879036,190855
0,24938174350,190864
0,24940469611,190873
0,24942764780,190882
0,24945059941,190891
0,24947355103,190900
0,24949650265,190909
0,24951945435,190918
0,24954240606,190927
0,24956535634,190936
0,24958830675,190945
0,24961125689,190954
0,24963420717,190963
0,24965715724,190972
0,24968010624,190981
0,24970677684,190990
0,24974133990,190999
0,24976431634,191008
0,24978726383,191017
0,24981021148,191026
0,24983315901,191035
0,24985610506,191044
0,24987905120,191053
0,24990199582,191062
0,24992494052,191071
0,24994788527,191080
0,24997082996,191089
0,24999377463,191098
0,25001671937,191107
0,25003966406,191116
0,25006260873,191125
0,25008555344,191134
0,25010849810,191143
0,25014444445,191152
0,25016743107,191161
0,25019041772,191170
0,25021339186,191179
0,25023636541,191188
0,25025932353,191197
0,25028270582,191206
0,25030569195,191215
0,25034027747,191224
0,25039606015,191233
0,25041912316,191242
0,25047884178,191251
0,25050187984,191260
0,25052489205,191269
0,25054787579,191278
0,25057083215,191287
0,25059378867,191296
0,25061674508,191305
0,25063970203,191314
0,25066265812,191323
0,25068561435,191332
0,25070857070,191341
0,25073152705,191350
0,25075448353,191359
0,25077743849,191368
0,25080039374,191377
0,25082334894,191386
0,25084630409,191395
0,25086925915,191404
0,25089221410,191413
0,25091516903,191422
0,25093812423,191431
0,25096107794,191440
0,25098403169,191449
0,25100698558,191458
0,25102993933,191467
0,25105289309,191476
0,25107584695,191485
0,25109880023,191494
0,25112175262,191503
0,25114470490,191512
0,25116765730,191521
0,25119060964,191530
0,25121356200,191539
0,25123651448,191548
0,25125946548,191557
0,25128241647,191566
0,25130536733,191575
0,25132831840,191584
0,25135126914,191593
0,25137421885,191602
0,25140089028,191611
0,25143545448,191620
0,25145843157,191629
0,25148137975,191638
0,25150432812,191647
0,25152727641,191656
0,25155022314,191665
0,25157317005,191674
0,25159611537,191683
0,25161906073,191692
0,25164200610,191701
0,25166495154,191710
0,25168789702,191719
0,25171084241,191728
0,25173378781,191737
0,25175673326,191746
0,25177967867,191755
0,25180262392,191764
0,25183857147,191773
0,25186155877,191782
0,25188454612,191791
0,25190752102,191800
0,25193049525,191809
0,25195345407,191818
0,25197683714,191827
0,25199982399,191836
0,25203441051,191845
0,25209019495,191854
0,25211325872,191863
0,25217297920,191872
0,25219601796,191881
0,25221903083,191890
0,25224201522,191899
0,25226497232,191908
0,25228792961,191917
0,25231088674,191926
0,25233384436,191935
0,25235680124,191944
0,25237975818,191953
0,25240271521,191962
0,25242567228,191971
0,25244862945,191980
0,25247158510,191989
0,25249454105,191998
0,25251749702,192007
0,25254045286,192016
0,25256340860,192025
0,25258636432,192034
0,25260931998,192043
0,25263227576,192052
0,25265523018,192061
0,25267818474,192070
0,25270113931,192079
0,25272409377,192088
0,25274704828,192097
0,25277000285,192106
0,25279295689,192115
0,25281590997,192124
0,25283886289,192133
0,25286181604,192142
0,25288476903,192151
0,25290772216,192160
0,25293067535,192169
0,25295362701,192178
0,25297657881,192187
0,25299953037,192196
0,25302248204,192205
0,25304543351,192214
0,25306838400,192223
0,25309505620,192232
0,25312962157,192241
0,25315259925,192250
0,25317554826,192259
0,25319849731,192268
0,25322144629,192277
0,25324439372,192286
0,25326734139,192295
0,25329028743,192304
0,25331323353,192313
0,25333617959,192322
0,25335912571,192331
0,25338207182,192340
0,25340501795,192349
0,25342796413,192358
0,25345091027,192367
0,25347385638,192376
0,25349680239,192385
0,25353275106,192394
0,25355573906,192403
0,25357872710,192412
0,25360170271,192421
0,25362467763,192430
0,25364763722,192439
0,25367102101,192448
0,25369396565,192457
0,25371712383,192466
0,25377291005,192475
0,25379597453,192484
0,25385569686,192493
0,25387873630,192502
0,25390174987,192511
0,25392473494,192520
0,25394769280,192529
0,25397065080,192538
0,25399360859,192547
0,25401656702,192556
0,25403952461,192565
0,25406248214,192574
0,25408543990,192583
0,25410839778,192592
0,25413135563,192601
0,25415431197,192610
0,25417726870,192619
0,25420022536,192628
0,25422318195,192637
0,25424613839,192646
0,25426909480,192655
0,25429205109,192664
0,25431500758,192673
0,25433796282,192682
0,25436091806,192691
0,25438387332,192700
0,25440682856,192709
0,25442978378,192718
0,25445273907,192727
0,25447569382,192736
0,25449864756,192745
0,25452160118,192754
0,25454455504,192763
0,25456750880,192772
0,25459046263,192781
0,25461341650,192790
0,25463636895,192799
0,25465932143,192808
0,25468227359,192817
0,25470522602,192826
0,25472817827,192835
0,25475112945,192844
0,25477780253,192853
0,25481236887,192862
0,25483534729,192871
0,25485829707,192880
0,25488124682,192889
0,25490419650,192898
0,25492714470,192907
0,25495009308,192916
0,25497303987,192925
0,25499598665,192934
0,25501893342,192943
0,25504188024,192952
0,25506482701,192961
0,25508777393,192970
0,25511072080,192979
0,25513366762,192988
0,25515661452,192997
0,25517956122,193006
0,25521551101,193015
0,25523849970,193024
0,25526148845,193033
0,25528446475,193042
0,25530744045,193051
0,25533040075,193060
0,25535378520,193069
0,25537673063,193078
0,25539988953,193087
0,25545567749,193096
0,25547874265,193105
0,25553846686,193114
0,25556150698,193123
0,25558452127,193132
0,25560750709,193141
0,25563046567,193150
0,25565342434,193159
0,25567638294,193168
0,25569934206,193177
0,25572230023,193186
0,25574525852,193195
0,25576821707,193204
0,25579117563,193213
0,25581413418,193222
0,25583709130,193231
0,25586004873,193240
0,25588300615,193249
0,25590596342,193258
0,25592892057,193267
0,25595187770,193276
0,25597483464,193285
0,25599779189,193294
0,25602074784,193303
0,25604370375,193312
0,25606665982,193321
0,25608961574,193330
0,25611257160,193339
0,25613552770,193348
0,25615848313,193357
0,25618143758,193366
0,25620439191,193375
0,25622734653,193384
0,25625030101,193393
0,25627325559,193402
0,25629621016,193411
0,25631916329,193420
0,25634211638,193429
0,25636506931,193438
0,25638802252,193447
0,25641097546,193456
0,25643392736,193465
0,25646060129,193474
0,25649516864,193483
0,25651814786,193492
0,25654109834,193501
0,25656404879,193510
0,25658699925,193519
0,25660994815,193528
0,25663289728,193537
0,25665584473,193546
0,25667879224,193555
0,25670173968,193564
0,25672468720,193573
0,25674763477,193582
0,25677058238,193591
0,25679352993,193600
0,25681647754,193609
0,25683942513,193618
0,25686237243,193627
0,25689832345,193636
0,25692131283,193645
0,25694430229,193654
0,25696727934,193663
0,25699025577,193672
0,25701321682,193681
0,25703660199,193690
0,25705954813,193699
0,25708270763,193708
0,25713849742,193717
0,25716156328,193726
0,25722128937,193735
0,25724433019,193744
0,25726734526,193753
0,25729033178,193762
0,25731329110,193771
0,25733625050,193780
0,25735920979,193789
0,25738216953,193798
0,25740512845,193807
0,25742808756,193816
0,25745104678,193825
0,25747399146,193834
0,25749693622,193843
0,25751988090,193852
0,25754282555,193861
0,25756577030,193870
0,25758871499,193879
0,25761165965,193888
0,25763460432,193897
0,25765754908,193906
0,25768049378,193915
0,25770343842,193924
0,25772638320,193933
0,25774932785,193942
0,25777227242,193951
0,25779521717,193960
0,25781816192,193969
0,25784110660,193978
0,25786405132,193987
0,25788699605,193996
0,25790994077,194005
0,25793288550,194014
0,25795583015,194023
0,25797877483,194032
0,25800171948,194041
0,25802466416,194050
0,25804760895,194059
0,25807055361,194068
0,25809349826,194077
0,25811644307,194086
0,25813938770,194095
0,25816233232,194104
0,25818949346,194113
0,25821247332,194122
0,25823542453,194131
0,25825837574,194140
0,25828132690,194149
0,25830427651,194158
0,25832722641,194167
0,25835017458,194176
0,25837312283,194185
0,25839607096,194194
0,25841901916,194203
0,25844196743,194212
0,25846491573,194221
0,25848786408,194230
0,25851081237,194239
0,25853376067,194248
0,25855670876,194257
0,25859266080,194266
0,25861565102,194275
0,25863864116,194284
0,25866161891,194293
0,25868459603,194302
0,25870755789,194311
0,25873094374,194320
0,25875389059,194329
0,25877705087,194338
0,25883284232,194347
0,25885590901,194356
0,25891563697,194365
0,25893867846,194374
0,25896169424,194383
0,25898468146,194392
0,25900764154,194401
0,25903060167,194410
0,25905356163,194419
0,25907652218,194428
0,25909948182,194437
0,25912244154,194446
0,25914540150,194455
0,25916834695,194464
0,25919129242,194473
0,25921423781,194482
0,25923718324,194491
0,25926012869,194500
0,25928307415,194509
0,25930601949,194518
0,25932896488,194527
0,25935191034,194536
0,25937485569,194545
0,25939780116,194554
0,25942074661,194563
0,25944369194,194572
0,25946663732,194581
0,25948958277,194590
0,25951252815,194599
0,25953547356,194608
0,25955841907,194617
0,25958136450,194626
0,25960430993,194635
0,25962725542,194644
0,25965020081,194653
0,25967314623,194662
0,25969609156,194671
0,25971903696,194680
0,25974198245,194689
0,25976492780,194698
0,25978787322,194707
0,25981081874,194716
0,25983376405,194725
0,25985670948,194734
0,25988387139,194743
0,25990685206,194752
0,25992980397,194761
0,25995275580,194770
0,25997570777,194779
0,25999865808,194788
0,26002160868,194797
0,26004455755,194806
0,26006750659,194815
0,26009045543,194824
0,26011340437,194833
0,26013635337,194842
0,26015930234,194851
0,26018225133,194860
0,26020520039,194869
0,26022814944,194878
0,26025109825,194887
0,26028705144,194896
0,26031004239,194905
0,26033303328,194914
0,26035601173,194923
0,26037898955,194932
0,26040195212,194941
0,26042533865,194950
0,26044828630,194959
0,26047144727,194968
0,26052724054,194977
0,26055030794,194986
0,26061003780,194995
0,26063308004,195004
0,26065609651,195013
0,26067908445,195022
0,26070204523,195031
0,26072500603,195040
0,26074796680,195049
0,26077092803,195058
0,26079388834,195067
0,26081684888,195076
0,26083980954,195085
0,26086275562,195094
0,26088570192,195103
0,26090864798,195112
0,26093159413,195121
0,26095454029,195130
0,26097748653,195139
0,26100043259,195148
0,26102337873,195157
0,26104632490,195166
0,26106927091,195175
0,26109221702,195184
0,26111516323,195193
0,26113810938,195202
0,26116105542,195211
0,26118400014,195220
0,26120694489,195229
0,26122988958,195238
0,26125283420,195247
0,26127577899,195256
0,26129872369,195265
0,26132166834,195274
0,26134461303,195283
0,26136755781,195292
0,26139050248,195301
0,26141344714,195310
0,26143639191,195319
0,26145933657,195328
0,26148228120,195337
0,26150522595,195346
0,26152817069,195355
0,26155111541,195364
0,26157406009,195373
0,26159700483,195382
0,26161994955,195391
0,26164289416,195400
0,26166583893,195409
0,26168878359,195418
0,26171172828,195427
0,26173467298,195436
0,26175761774,195445
0,26178056241,195454
0,26180350708,195463
0,26182645188,195472
0,26184939654,195481
0,26187234114,195490
0,26189528585,195499
0,26191823066,195508
0,26194117532,195517
0,26197002307,195526
0,26199301479,195535
0,26201600637,195544
0,26203898552,195553
0,26206196407,195562
0,26208492732,195571
0,26210831466,195580
0,26213126297,195589
0,26215442466,195598
0,26221021974,195607
0,26223328791,195616
0,26229301968,195625
0,26231606261,195634
0,26233907977,195643
0,26236206844,195652
0,26238502989,195661
0,26240799148,195670
0,26243095296,195679
0,26245391486,195688
0,26247687601,195697
0,26249983722,195706
0,26252279850,195715
0,26254574544,195724
0,26256869243,195733
0,26259163919,195742
0,26261458605,195751
0,26263753300,195760
0,26266047995,195769
0,26268342676,195778
0,26270637362,195787
0,26272932047,195796
0,26275226709,195805
0,26277521396,195814
0,26279816099,195823
0,26282110784,195832
0,26284405460,195841
0,26286700009,195850
0,26288994558,195859
0,26291289088,195868
0,26293583631,195877
0,26295878180,195886
0,26298172721,195895
0,26300467256,195904
0,26302761806,195913
0,26305056353,195922
0,26307350888,195931
0,26309645437,195940
0,26311939981,195949
0,26314234510,195958
0,26316529049,195967
0,26318823600,195976
0,26321118148,195985
0,26323412689,195994
0,26325707238,196003
0,26328001782,196012
0,26330296319,196021
0,26332590858,196030
0,26334885408,196039
0,26337179940,196048
0,26339474482,196057
0,26341769033,196066
0,26344063577,196075
0,26346358116,196084
0,26348652664,196093
0,26350947213,196102
0,26353241741,196111
0,26355536275,196120
0,26357830826,196129
0,26360125378,196138
0,26362419915,196147
0,26365304789,196156
0,26367604030,196165
0,26369903260,196174
0,26372201246,196183
0,26374499169,196192
0,26376795576,196201
0,26379134379,196210
0,26381429280,196219
0,26383745527,196228
0,26389325215,196237
0,26391632106,196246
0,26397605469,196255
0,26399909833,196264
0,26402211620,196273
0,26404510556,196282
0,26406806780,196291
0,26409103010,196300
0,26411399228,196309
0,26413695498,196318
0,26415991684,196327
0,26418287867,196336
0,26420584079,196345
0,26422878845,196354
0,26425173611,196363
0,26427468360,196372
0,26429763121,196381
0,26432057891,196390
0,26434352654,196399
0,26436647414,196408
0,26438942173,196417
0,26441236917,196426
0,26443531656,196435
0,26445826420,196444
0,26448121194,196453
0,26450415952,196462
0,26452710706,196471
0,26455005324,196480
0,26457299943,196489
0,26459594551,196498
0,26461889164,196507
0,26464183784,196516
0,26466478393,196525
0,26468773010,196534
0,26471067629,196543
0,26473362244,196552
0,26475656862,196561
0,26477951480,196570
0,26480246084,196579
0,26482540689,196588
0,26484835309,196597
0,26487129777,196606
0,26489424247,196615
0,26491718723,196624
0,26494013195,196633
0,26496307667,196642
0,26498602133,196651
0,26500896602,196660
0,26503191070,196669
0,26505485539,196678
0,26507780015,196687
0,26510074486,196696
0,26512368954,196705
0,26514663432,196714
0,26516957899,196723
0,26519252364,196732
0,26521546833,196741
0,26523841308,196750
0,26526135780,196759
0,26528430247,196768
0,26530724726,196777
0,26533019195,196786
0,26535313667,196795
0,26537608138,196804
0,26539902606,196813
0,26542197074,196822
0,26544491542,196831
0,26546786020,196840
0,26549080487,196849
0,26551374956,196858
0,26553669435,196867
0,26558781020,196876
0,26561087981,196885
0,26567061534,196894
0,26569365968,196903
0,26571667835,196912
0,26573966844,196921
0,26576263128,196930
0,26578559442,196939
0,26580855732,196948
0,26583152068,196957
0,26585448328,196966
0,26587744590,196975
0,26590040874,196984
0,26592335716,196993
0,26594630551,197002
0,26596925371,197011
0,26599220206,197020
0,26601515043,197029
0,26603809884,197038
0,26606104720,197047
0,26608399547,197056
0,26610694371,197065
0,26612989183,197074
0,26615284008,197083
0,26617578866,197092
0,26619873693,197101
0,26622168518,197110
0,26624463210,197119
0,26626757907,197128
0,26629052586,197137
0,26631347267,197146
0,26633641966,197155
0,26635936645,197164
0,26638231324,197173
0,26640526020,197182
0,26642820716,197191
0,26645115401,197200
0,26647410091,197209
0,26649704776,197218
0,26651999451,197227
0,26654294135,197236
0,26656588685,197245
0,26658883226,197254
0,26661177772,197263
0,26663472315,197272
0,26665766866,197281
0,26668061406,197290
0,26670355941,197299
0,26672650491,197308
0,26674945031,197317
0,26677239568,197326
0,26679534116,197335
0,26681828662,197344
0,26684123214,197353
0,26686417753,197362
0,26688712294,197371
0,26691006835,197380
0,26693301378,197389
0,26695595928,197398
0,26697890468,197407
0,26700185015,197416
0,26702479557,197425
0,26704774110,197434
0,26707068649,197443
0,26709363188,197452
0,26711657738,197461
0,26713952276,197470
0,26716246816,197479
0,26718541357,197488
0,26720835907,197497
0,26723130457,197506
0,26728242197,197515
0,26730549234,197524
0,26736522977,197533
0,26738827493,197542
0,26741129430,197551
0,26743428510,197560
0,26745724873,197569
0,26748021260,197578
0,26750317626,197587
0,26752614032,197596
0,26754910364,197605
0,26757206696,197614
0,26759503051,197623
0,26761797971,197632
0,26764092879,197641
0,26766387767,197650
0,26768682681,197659
0,26770977592,197668
0,26773272496,197677
0,26775567414,197686
0,26777862314,197695
0,26780157207,197704
0,26782452091,197713
0,26784746995,197722
0,26787041922,197731
0,26789336830,197740
0,26791631725,197749
0,26793926485,197758
0,26796221256,197767
0,26798516004,197776
0,26800810765,197785
0,26803105535,197794
0,26805400285,197803
0,26807695044,197812
0,26809989812,197821
0,26812284569,197830
0,26814579339,197839
0,26816874101,197848
0,26819168853,197857
0,26821463600,197866
0,26823758361,197875
0,26826052986,197884
0,26828347603,197893
0,26830642221,197902
0,26832936834,197911
0,26835231445,197920
0,26837526063,197929
0,26839820677,197938
0,26842115299,197947
0,26844409911,197956
0,26846704528,197965
0,26848999147,197974
0,26851293757,197983
0,26853588237,197992
0,26855882706,198001
0,26858177175,198010
0,26860471644,198019
0,26862766122,198028
0,26865060591,198037
0,26867355058,198046
0,26869649539,198055
0,26871944005,198064
0,26874238467,198073
0,26876532941,198082
0,26878827421,198091
0,26881121888,198100
0,26883416361,198109
0,26885710834,198118
0,26888005308,198127
0,26890299768,198136
0,26892594249,198145
0,26896561548,198154
0,26898868657,198163
0,26904842589,198172
0,26907147180,198181
0,26909449189,198190
0,26911748346,198199
0,26914044783,198208
0,26916341244,198217
0,26918637682,198226
0,26920934158,198235
0,26923230555,198244
0,26925526964,198253
0,26927823401,198262
0,26930118389,198271
0,26932413372,198280
0,26934708339,198289
0,26937003325,198298
0,26939298298,198307
0,26941593285,198316
0,26943888279,198325
0,26946183244,198334
0,26948478210,198343
0,26950773174,198352
0,26953068151,198361
0,26955363146,198370
0,26957658136,198379
0,26959953100,198388
0,26962247925,198397
0,26964542772,198406
0,26966837599,198415
0,26969132434,198424
0,26971427275,198433
0,26973722102,198442
0,26976016936,198451
0,26978311768,198460
0,26980606608,198469
0,26982901448,198478
0,26985196280,198487
0,26987491104,198496
0,26989785932,198505
0,26992080763,198514
0,26994375460,198523
0,26996670157,198532
0,26998964849,198541
0,27001259523,198550
0,27003554207,198559
0,27005848908,198568
0,27008143591,198577
0,27010438285,198586
0,27012732975,198595
0,27015027664,198604
0,27017322350,198613
0,27019617040,198622
0,27021911589,198631
0,27024206134,198640
0,27026500671,198649
0,27028795218,198658
0,27031089773,198667
0,27033384307,198676
0,27035678856,198685
0,27037973409,198694
0,27040267940,198703
0,27042562474,198712
0,27044857028,198721
0,27047151579,198730
0,27049446119,198739
0,27051740670,198748
0,27054035216,198757
0,27056329767,198766
0,27058624298,198775
0,27060918852,198784
0,27064886277,198793
0,27067193457,198802
0,27073167580,198811
0,27075472244,198820
0,27077774331,198829
0,27080073563,198838
0,27082370066,198847
0,27084666610,198856
0,27086963118,198865
0,27089259658,198874
0,27091556131,198883
0,27093852619,198892
0,27096149128,198901
0,27098444192,198910
0,27100739253,198919
0,27103034291,198928
0,27105329355,198937
0,27107624397,198946
0,27109919457,198955
0,27112214520,198964
0,27114509555,198973
0,27116804604,198982
0,27119099638,198991
0,27121394684,199000
0,27123689762,199009
0,27125984822,199018
0,27128279850,199027
0,27130574760,199036
0,27132869679,199045
0,27135164578,199054
0,27137459482,199063
0,27139754402,199072
0,27142049305,199081
0,27144344212,199090
0,27146639114,199099
0,27148934027,199108
0,27151228939,199117
0,27153523841,199126
0,27155818747,199135
0,27158113645,199144
0,27160408550,199153
0,27162703324,199162
0,27164998094,199171
0,27167292851,199180
0,27169587608,199189
0,27171882367,199198
0,27174177134,199207
0,27176471891,199216
0,27178766666,199225
0,27181061426,199234
0,27183356185,199243
0,27185650952,199252
0,27187945710,199261
0,27190240325,199270
0,27192534948,199279
0,27194829566,199288
0,27197124184,199297
0,27199418807,199306
0,27201713420,199315
0,27204008046,199324
0,27206302658,199333
0,27208597275,199342
0,27210891878,199351
0,27213186504,199360
0,27215480974,199369
0,27217775452,199378
0,27220069919,199387
0,27222364390,199396
0,27224658868,199405
0,27226953335,199414
0,27229247800,199423
0,27231542272,199432
0,27234363632,199441
0,27236670894,199450
0,27242645205,199459
0,27244949941,199468
0,27247252094,199477
0,27249551401,199486
0,27251847987,199495
0,27254144599,199504
0,27256441181,199513
0,27258737801,199522
0,27261034344,199531
0,27263330900,199540
0,27265627492,199549
0,27267922626,199558
0,27270217759,199567
0,27272512869,199576
0,27274808015,199585
0,27277103127,199594
0,27279398257,199603
0,27281693399,199612
0,27283988511,199621
0,27286283621,199630
0,27288578739,199639
0,27290873855,199648
0,27293169006,199657
0,27295464139,199666
0,27297759246,199675
0,27300054230,199684
0,27302349227,199693
0,27304644194,199702
0,27306939172,199711
0,27309234159,199720
0,27311529137,199729
0,27313824125,199738
0,27316119094,199747
0,27318414082,199756
0,27320709076,199765
0,27323004046,199774
0,27325299016,199783
0,27327594000,199792
0,27329888975,199801
0,27332183820,199810
0,27334478663,199819
0,27336773502,199828
0,27339068331,199837
0,27341363157,199846
0,27343658006,199855
0,27345952833,199864
0,27348247673,199873
0,27350542511,199882
0,27352837348,199891
0,27355132190,199900
0,27357427021,199909
0,27359721714,199918
0,27362016410,199927
0,27364311097,199936
0,27366605793,199945
0,27368900490,199954
0,27371195171,199963
0,27373489872,199972
0,27375784565,199981
0,27378079250,199990
0,27380373926,199999
0,27382668637,200008
0,27384963172,200017
0,27387257714,200026
0,27389552259,200035
0,27391846810,200044
0,27394141360,200053
0,27396435899,200062
0,27398730440,200071
0,27401024990,200080
0,27403846437,200089
0,27406153770,200098
0,27412128273,200107
0,27414433083,200116
0,27416735315,200125
0,27419034696,200134
0,27421331346,200143
0,27423628040,200152
0,27425924696,200161
0,27428221386,200170
0,27430518000,200179
0,27432814636,200188
0,27435111301,200197
0,27437406506,200206
0,27439701721,200215
0,27441996903,200224
0,27444292114,200233
0,27446587309,200242
0,27448882512,200251
0,27451177727,200260
0,27453472909,200269
0,27455768101,200278
0,27458063289,200287
0,27460358476,200296
0,27462653710,200305
0,27464948909,200314
0,27467244082,200323
0,27469539143,200332
0,27471834222,200341
0,27474129260,200350
0,27476424309,200359
0,27478719377,200368
0,27481014429,200377
0,27483309479,200386
0,27485604533,200395
0,27487899595,200404
0,27490194656,200413
0,27492489700,200422
0,27494784752,200431
0,27497079809,200440
0,27499374853,200449
0,27501669780,200458
0,27503964695,200467
0,27506259599,200476
0,27508554500,200485
0,27510849409,200494
0,27513144327,200503
0,27515439228,200512
0,27517734150,200521
0,27520029057,200530
0,27522323965,200539
0,27524618890,200548
0,27526913789,200557
0,27529208554,200566
0,27531503323,200575
0,27533798091,200584
0,27536092858,200593
0,27538387625,200602
0,27540682389,200611
0,27542977164,200620
0,27545271919,200629
0,27547566680,200638
0,27549861434,200647
0,27552156218,200656
0,27554450828,200665
0,27556745448,200674
0,27559040070,200683
0,27561334686,200692
0,27563629317,200701
0,27565923927,200710
0,27568218543,200719
0,27570513162,200728
0,27573334699,200737
0,27575642112,200746
0,27581616808,200755
0,27583911279,200764
0,27586205747,200773
0,27588500216,200782
0,27590794697,200791
0,27593089168,200800
0,27595383635,200809
0,27597678115,200818
0,27599972585,200827
0,27602267050,200836
0,27604561524,200845
0,27606855999,200854
0,27609150470,200863
0,27611444941,200872
0,27613739419,200881
0,27616033890,200890
0,27618328352,200899
0,27620622835,200908
0,27622917303,200917
0,27625211771,200926
0,27627506243,200935
0,27629800723,200944
0,27632095193,200953
0,27634389662,200962
0,27636684142,200971
0,27638978615,200980
0,27641273076,200989
0,27643567546,200998
0,27645862026,201007
0,27648156498,201016
0,27650450968,201025
0,27652745447,201034
0,27655039916,201043
0,27657334383,201052
0,27659628862,201061
0,27661923329,201070
0,27664217799,201079
0,27666512271,201088
0,27668806749,201097
0,27671101220,201106
0,27673395690,201115
0,27675690170,201124
0,27677984641,201133
0,27680279098,201142
0,27682573584,201151
0,27684868055,201160
0,27687162522,201169
0,27689456995,201178
0,27691751470,201187
0,27694045944,201196
0,27696340407,201205
0,27698634887,201214
0,27700929358,201223
0,27703223831,201232
0,27705518296,201241
0,27707812779,201250
0,27710107247,201259
0,27712401716,201268
0,27714696197,201277
0,27716990665,201286
0,27719285131,201295
0,27721579614,201304
0,27723874082,201313
0,27726168552,201322
0,27728463023,201331
0,27730757501,201340
0,27733051971,201349
0,27735346445,201358
0,27737640917,201367
0,27739935387,201376
0,27742229855,201385
0,27744524326,201394
0,27749963591,201403
0,27752258122,201412
0,27754552664,201421
0,27756847216,201430
0,27759141770,201439
0,27761436311,201448
0,27763730861,201457
0,27766025411,201466
0,27768319950,201475
0,27770614497,201484
0,27772909040,201493
0,27775203588,201502
0,27777498132,201511
0,27779792685,201520
0,27782087234,201529
0,27784381777,201538
0,27786676320,201547
0,27788970878,201556
0,27791265404,201565
0,27793559952,201574
0,27795854505,201583
0,27798149056,201592
0,27800443600,201601
0,27802738149,201610
0,27805032705,201619
0,27807327243,201628
0,27809621785,201637
0,27811916327,201646
0,27814210880,201655
0,27816505423,201664
0,27818799976,201673
0,27821094526,201682
0,27823389066,201691
0,27825683616,201700
0,27827978165,201709
0,27830272701,201718
0,27832567245,201727
0,27834861796,201736
0,27837156346,201745
0,27839450892,201754
0,27841745443,201763
0,27844039996,201772
0,27846334531,201781
0,27848629072,201790
0,27850923630,201799
0,27853218170,201808
0,27855512711,201817
0,27857807266,201826
0,27860101813,201835
0,27862396360,201844
0,27864690903,201853
0,27866985457,201862
0,27869279992,201871
0,27871574549,201880
0,27873869087,201889
0,27876163642,201898
0,27878458181,201907
0,27880752732,201916
0,27883047284,201925
0,27885341821,201934
0,27887636371,201943
0,27889930924,201952
0,27892225467,201961
0,27894520007,201970
0,27896814561,201979
0,27899109109,201988
0,27901403653,201997
0,27903698207,202006
0,27905992754,202015
0,27908287284,202024
0,27910581840,202033
0,27912876382,202042
0,27918315816,202051
0,27920610430,202060
0,27922905046,202069
0,27925199671,202078
0,27927494298,202087
0,27929788921,202096
0,27932083539,202105
0,27934378163,202114
0,27936672785,202123
0,27938967402,202132
0,27941261865,202141
0,27943556342,202150
0,27945850819,202159
0,27948145290,202168
0,27950439761,202177
0,27952734239,202186
0,27955028711,202195
0,27957323175,202204
0,27959617657,202213
0,27961912125,202222
0,27964206594,202231
0,27966501066,202240
0,27968795546,202249
0,27971090017,202258
0,27973384487,202267
0,27975678965,202276
0,27977973438,202285
0,27980267899,202294
0,27982562373,202303
0,27984856856,202312
0,27987151324,202321
0,27989445796,202330
0,27991740275,202339
0,27994034744,202348
0,27996329211,202357
0,27998623693,202366
0,28000918160,202375
0,28003212629,202384
0,28005507101,202393
0,28007801581,202402
0,28010096052,202411
0,28012390519,202420
0,28014685000,202429
0,28016979474,202438
0,28019273935,202447
0,28021568408,202456
0,28023862888,202465
0,28026157360,202474
0,28028451831,202483
0,28030746308,202492
0,28033040779,202501
0,28035335246,202510
0,28037629725,202519
0,28039924197,202528
0,28042218665,202537
0,28044513136,202546
0,28046807617,202555
0,28049102084,202564
0,28051396555,202573
0,28053691038,202582
0,28055985505,202591
0,28058279969,202600
0,28060574453,202609
0,28062868921,202618
0,28065163391,202627
0,28067457864,202636
0,28069752342,202645
0,28072046814,202654
0,28074341277,202663
0,28076635758,202672
0,28078930230,202681
0,28081224697,202690
0,28083519170,202699
0,28087820760,202708
0,28090115446,202717
0,28092410131,202726
0,28094704839,202735
0,28096999543,202744
0,28099294228,202753
0,28101588932,202762
0,28103883629,202771
0,28106178324,202780
0,28108473014,202789
0,28110767557,202798
0,28113062108,202807
0,28115356652,202816
0,28117651205,202825
0,28119945749,202834
0,28122240300,202843
0,28124534844,202852
0,28126829389,202861
0,28129123942,202870
0,28131418483,202879
0,28133713036,202888
0,28136007577,202897
0,28138302122,202906
0,28140596680,202915
0,28142891223,202924
0,28145185772,202933
0,28147480318,202942
0,28149774860,202951
0,28152069410,202960
0,28154363962,202969
0,28156658509,202978
0,28158953055,202987
0,28161247599,202996
0,28163542147,203005
0,28165836694,203014
0,28168131249,203023
0,28170425793,203032
0,28172720339,203041
0,28175014885,203050
0,28177309432,203059
0,28179603986,203068
0,28181898528,203077
0,28184193077,203086
0,28186487628,203095
0,28188782171,203104
0,28191076714,203113
0,28193371264,203122
0,28195665818,203131
0,28197960360,203140
0,28200254905,203149
0,28202549455,203158
0,28204844003,203167
0,28207138556,203176
0,28209433100,203185
0,28211727649,203194
0,28214022195,203203
0,28216316738,203212
0,28218611292,203221
0,28220905835,203230
0,28223200390,203239
0,28225494931,203248
0,28227789476,203257
0,28230084032,203266
0,28232378574,203275
0,28234673124,203284
0,28236967669,203293
0,28239262210,203302
0,28241556762,203311
0,28243851308,203320
0,28246145859,203329
0,28248440406,203338
0,28250734953,203347
0,28253029499,203356
0,28257331224,203365
0,28259625993,203374
0,28261920749,203383
0,28264215528,203392
0,28266510305,203401
0,28268805072,203410
0,28271099848,203419
0,28273394616,203428
0,28275689395,203437
0,28277984157,203446
0,28280278766,203455
0,28282573392,203464
0,28284868017,203473
0,28287162646,203482
0,28289457262,203491
0,28291751893,203500
0,28294046512,203509
0,28296341123,203518
0,28298635606,203527
0,28300930076,203536
0,28303224544,203545
0,28305519017,203554
0,28307813495,203563
0,28310107966,203572
0,28312402437,203581
0,28314696916,203590
0,28316991390,203599
0,28319285850,203608
0,28321580335,203617
0,28323874808,203626
0,28326169274,203635
0,28328463746,203644
0,28330758228,203653
0,28333052699,203662
0,28335347166,203671
0,28337641645,203680
0,28339936116,203689
0,28342230586,203698
0,28344525057,203707
0,28346819537,203716
0,28349114009,203725
0,28351408477,203734
0,28353702959,203743
0,28355997430,203752
0,28358291894,203761
0,28360586378,203770
0,28362880848,203779
0,28365175317,203788
0,28367469791,203797
0,28369764270,203806
0,28372058741,203815
0,28374353207,203824
0,28376647690,203833
0,28378942160,203842
0,28381236631,203851
0,28383531099,203860
0,28385825581,203869
0,28388120052,203878
0,28390414521,203887
0,28392709003,203896
0,28395003473,203905
0,28397297938,203914
0,28399592420,203923
0,28401886890,203932
0,28404181362,203941
0,28406475833,203950
0,28408770310,203959
0,28411064784,203968
0,28413359249,203977
0,28415653731,203986
0,28417948202,203995
0,28420242672,204004
0,28422537145,204013
0,28425700003,204022
0,28427994848,204031
0,28430289667,204040
0,28432584530,204049
0,28434879384,204058
0,28437174220,204067
0,28439469069,204076
0,28441763920,204085
0,28444058771,204094
0,28446353601,204103
0,28448648293,204112
0,28450942991,204121
0,28453237692,204130
0,28455532391,204139
0,28457827088,204148
0,28460121793,204157
0,28462416483,204166
0,28464711177,204175
0,28467005734,204184
0,28469300268,204193
0,28471594825,204202
0,28473889369,204211
0,28476183917,204220
0,28478478466,204229
0,28480773018,204238
0,28483067570,204247
0,28485362113,204256
0,28487656654,204265
0,28489951215,204274
0,28492245761,204283
0,28494540297,204292
0,28496834851,204301
0,28499129406,204310
0,28501423951,204319
0,28503718499,204328
0,28506013049,204337
0,28508307589,204346
0,28510602144,204355
0,28512896686,204364
0,28515191238,204373
0,28517485787,204382
0,28519780334,204391
0,28522074890,204400
0,28524369421,204409
0,28526663980,204418
0,28528958534,204427
0,28531253071,204436
0,28533547618,204445
0,28535842175,204454
0,28538136728,204463
0,28540431274,204472
0,28542725819,204481
0,28545020377,204490
0,28547314911,204499
0,28549609466,204508
0,28551904009,204517
0,28554198561,204526
0,28556493109,204535
0,28558787659,204544
0,28561082212,204553
0,28563376757,204562
0,28565671303,204571
0,28567965855,204580
0,28570260394,204589
0,28572554944,204598
0,28574849495,204607
0,28577144048,204616
0,28579438594,204625
0,28581733142,204634
0,28584027696,204643
0,28586322232,204652
0,28588616790,204661
0,28590911335,204670
0,28594074299,204679
0,28596369205,204688
0,28598664113,204697
0,28600959051,204706
0,28603253971,204715
0,28605548887,204724
0,28607843818,204733
0,28610138740,204742
0,28612433666,204751
0,28614728578,204760
0,28617023341,204769
0,28619318106,204778
0,28621612893,204787
0,28623907666,204796
0,28626202434,204805
0,28628497213,204814
0,28630791987,204823
0,28633086755,204832
0,28635381380,204841
0,28637675995,204850
0,28639970627,204859
0,28642265238,204868
0,28644559863,204877
0,28646854492,204886
0,28649149118,204895
0,28651443746,204904
0,28653738224,204913
0,28656032697,204922
0,28658327160,204931
0,28660621643,204940
0,28662916115,204949
0,28665210583,204958
0,28667505057,204967
0,28669799537,204976
0,28672094007,204985
0,28674388479,204994
0,28676682961,205003
0,28678977430,205012
0,28681271894,205021
0,28683566370,205030
0,28685860851,205039
0,28688155321,205048
0,28690449793,205057
0,28692744273,205066
0,28695038746,205075
0,28697333212,205084
0,28699627692,205093
0,28701922163,205102
0,28704216634,205111
0,28706511107,205120
0,28708805586,205129
0,28711100057,205138
0,28713394527,205147
0,28715689007,205156
0,28717983481,205165
0,28720277938,205174
0,28722572417,205183
0,28724866898,205192
0,28727161367,205201
0,28729455841,205210
0,28731750323,205219
0,28734044795,205228
0,28736339260,205237
0,28738633742,205246
0,28740928214,205255
0,28743222682,205264
0,28745517154,205273
0,28747811635,205282
0,28750106108,205291
0,28752400576,205300
0,28754695058,205309
0,28756989529,205318
0,28759283995,205327
0,28761578471,205336
0,28763872950,205345
0,28766167421,205354
0,28768461893,205363
0,28770756370,205372
0,28773050844,205381
0,28775345309,205390
0,28777639792,205399
0,28779934264,205408
0,28782228733,205417
0,28784523204,205426
0,28786817685,205435
0,28789112157,205444
0,28791406629,205453
0,28793701110,205462
0,28795995579,205471
0,28798290046,205480
0,28800584528,205489
0,28802878996,205498
0,28805173469,205507
0,28807467942,205516
0,28809762421,205525
0,28812056893,205534
0,28814351359,205543
0,28816645844,205552
0,28818940314,205561
0,28821234783,205570
0,28823529255,205579
0,28825823736,205588
0,28828118207,205597
0,28830412677,205606
0,28832707160,205615
0,28835001633,205624
0,28837296093,205633
0,28839590577,205642
0,28841885051,205651
0,28844179520,205660
0,28846473995,205669
0,28848768474,205678
0,28851062946,205687
0,28853357414,205696
0,28855651895,205705
0,28857946366,205714
0,28860240836,205723
0,28862535309,205732
0,28864829787,205741
0,28867124260,205750
0,28869418730,205759
0,28871713214,205768
0,28874007684,205777
0,28876302147,205786
0,28878596634,205795
0,28880891104,205804
0,28883185576,205813
0,28885480048,205822
0,28887774527,205831
0,28890069000,205840
0,28892363465,205849
0,28894657946,205858
0,28896952420,205867
0,28899246891,205876
0,28901541360,205885
0,28903835841,205894
0,28906130313,205903
0,28908424785,205912
0,28910719265,205921
0,28913013735,205930
0,28915308202,205939
0,28917602687,205948
0,28919897157,205957
0,28922191628,205966
0,28924486099,205975
0,28926780581,205984
0,28929075054,205993
0,28931369511,206002
0,28933664000,206011
0,28935958473,206020
0,28938252946,206029
0,28940547416,206038
0,28942841895,206047
0,28945136369,206056
0,28947430843,206065
0,28949725321,206074
0,28952019793,206083
0,28954314256,206092
0,28956608740,206101
0,28958903213,206110
0,28961197683,206119
0,28963492156,206128
0,28965786634,206137
0,28968081108,206146
0,28970375569,206155
0,28972670059,206164
0,28974964529,206173
0,28977259000,206182
0,28979553471,206191
0,28981847953,206200
0,28984142423,206209
0,28986436895,206218
0,28988731377,206227
0,28991025846,206236
0,28993320309,206245
0,28995614794,206254
0,28997909264,206263
0,29000203738,206272
0,29002498211,206281
0,29004792689,206290
0,29007087161,206299
0,29009381624,206308
0,29011676111,206317
0,29013970582,206326
0,29016265048,206335
0,29018559526,206344
0,29020854005,206353
0,29023148477,206362
0,29025442952,206371
0,29027737432,206380
0,29030031901,206389
0,29032326365,206398
0,29034620850,206407
0,29036915322,206416
0,29039209794,206425
0,29041504264,206434
0,29043798744,206443
0,29046093216,206452
0,29048387677,206461
0,29050682164,206470
0,29052976636,206479
0,29055271102,206488
0,29057565580,206497
0,29059860058,206506
0,29062154530,206515
0,29064449005,206524
0,29066743483,206533
0,29069037957,206542
0,29071332419,206551
0,29073626905,206560
0,29075921376,206569
0,29078215846,206578
0,29080510321,206587
0,29082804802,206596
0,29085099272,206605
0,29087393743,206614
0,29089688222,206623
0,29091982696,206632
0,29094277157,206641
0,29096571633,206650
0,29098866115,206659
0,29101160587,206668
0,29103455061,206677
0,29105749541,206686
0,29108044012,206695
0,29110338475,206704
0,29112632962,206713
0,29114927431,206722
0,29117221903,206731
0,29119516376,206740
0,29121810857,206749
0,29124105329,206758
0,29126399797,206767
0,29128694278,206776
0,29130988752,206785
0,29133283213,206794
0,29135577690,206803
0,29137872172,206812
0,29140166643,206821
0,29142461117,206830
0,29144755596,206839
0,29147050069,206848
0,29149344537,206857
0,29151639018,206866
0,29153933490,206875
0,29156227962,206884
0,29158522433,206893
0,29160816913,206902
0,29163111385,206911
0,29165405856,206920
0,29167700338,206929
0,29169994811,206938
0,29172289272,206947
0,29174583748,206956
0,29176878230,206965
0,29179172702,206974
0,29181467174,206983
0,29183761654,206992
0,29186056127,207001
0,29188350595,207010
0,29190645076,207019
0,29192939549,207028
0,29195234018,207037
0,29197528493,207046
0,29199822972,207055
0,29202117445,207064
0,29204411917,207073
0,29206706397,207082
0,29209000872,207091
0,29211295338,207100
0,29213589821,207109
0,29215884291,207118
0,29218178763,207127
0,29220473235,207136
0,29222767719,207145
0,29225062188,207154
0,29227356655,207163
0,29229651140,207172
0,29231945611,207181
0,29234240081,207190
0,29236534554,207199
0,29238829034,207208
0,29241123506,207217
0,29243417979,207226
0,29245712458,207235
0,29248006931,207244
0,29250301396,207253
0,29252595882,207262
0,29254890352,207271
0,29257184823,207280
0,29259479298,207289
0,29261773776,207298
0,29264068248,207307
0,29266362715,207316
0,29268657198,207325
0,29270951671,207334
0,29273246142,207343
0,29275540614,207352
0,29277835096,207361
0,29280129566,207370
0,29282424036,207379
0,29284718521,207388
0,29287012992,207397
0,29289307456,207406
0,29291601941,207415
0,29293896411,207424
0,29296190884,207433
0,29298485358,207442
0,29300779836,207451
0,29303074311,207460
0,29305368777,207469
0,29307663260,207478
0,29309957730,207487
0,29312252199,207496
0,29314546673,207505
0,29316841156,207514
0,29319135627,207523
0,29321430098,207532
0,29323724581,207541
0,29326019053,207550
0,29328313518,207559
0,29330608001,207568
0,29332902475,207577
0,29335196945,207586
0,29337491419,207595
0,29339785902,207604
0,29342080371,207613
0,29344374832,207622
0,29346669322,207631
0,29348963793,207640
0,29351258267,207649
0,29353552739,207658
0,29355847216,207667
0,29358141690,207676
0,29360436163,207685
0,29362730644,207694
0,29365025113,207703
0,29367319576,207712
0,29369614063,207721
0,29371908536,207730
0,29374203005,207739
0,29376497480,207748
0,29378791960,207757
0,29381086433,207766
0,29383380896,207775
0,29385675383,207784
0,29387969856,207793
0,29390264329,207802
0,29392558800,207811
0,29394853281,207820
0,29397147753,207829
0,29399442227,207838
0,29401736708,207847
0,29404031179,207856
0,29406325642,207865
0,29408620130,207874
0,29410914599,207883
0,29413209074,207892
0,29415503546,207901
0,29417798026,207910
0,29420092499,207919
0,29422386960,207928
0,29424681448,207937
0,29426975923,207946
0,29429270385,207955
0,29431564866,207964
0,29433859346,207973
0,29436153819,207982
0,29438448293,207991
0,29440742772,208000
0,29443037245,208009
0,29445331710,208018
0,29447626195,208027
0,29449920666,208036
0,29452215136,208045
0,29454509610,208054
0,29456804093,208063
0,29459098563,208072
0,29461393024,208081
0,29463687514,208090
0,29465981986,208099
0,29468276451,208108
0,29470570929,208117
0,29472865410,208126
0,29475159883,208135
0,29477454358,208144
0,29479748836,208153
0,29482043309,208162
0,29484337772,208171
0,29486632258,208180
0,29488926730,208189
0,29491221202,208198
0,29493515676,208207
0,29495810156,208216
0,29498104630,208225
0,29500399092,208234
0,29502693581,208243
0,29504988053,208252
0,29507282517,208261
0,29509576993,208270
0,29511871476,208279
0,29514165946,208288
0,29516460421,208297
0,29518754902,208306
0,29521049374,208315
0,29523343837,208324
0,29525638323,208333
0,29527932794,208342
0,29530227268,208351
0,29532521741,208360
0,29534816221,208369
0,29537110694,208378
0,29539405153,208387
0,29541699646,208396
0,29543994115,208405
0,29546288578,208414
0,29548583058,208423
0,29550877539,208432
0,29553172011,208441
0,29555466484,208450
0,29557760966,208459
0,29560055438,208468
0,29562349908,208477
0,29564644388,208486
0,29566938862,208495
0,29569233332,208504
0,29571527807,208513
0,29573822289,208522
0,29576116760,208531
0,29578411231,208540
0,29580705713,208549
0,29583000186,208558
0,29585294653,208567
0,29587589139,208576
0,29589883607,208585
0,29592178082,208594
0,29594472555,208603
0,29596767036,208612
0,29599061510,208621
0,29601355975,208630
0,29603650458,208639
0,29605944932,208648
0,29608239399,208657
0,29610533875,208666
0,29612828357,208675
0,29615122827,208684
0,29617417301,208693
0,29619711782,208702
0,29622006256,208711
0,29624300721,208720
0,29626595207,208729
0,29628889679,208738
0,29631184150,208747
0,29633478623,208756
0,29635773106,208765
0,29638067578,208774
0,29640362044,208783
0,29642656528,208792
0,29644951000,208801
0,29647245471,208810
0,29649539944,208819
0,29651834427,208828
0,29654128897,208837
0,29656423369,208846
0,29658717852,208855
0,29661012327,208864
0,29663306788,208873
0,29665601277,208882
0,29667895749,208891
0,29670190219,208900
0,29672484694,208909
0,29674779174,208918
0,29677073647,208927
0,29679368114,208936
0,29681662597,208945
0,29683957069,208954
0,29686251540,208963
0,29688546012,208972
0,29690840497,208981
0,29693134966,208990
0,29695429437,208999
0,29697723921,209008
0,29700018393,209017
0,29702312858,209026
0,29704607343,209035
0,29706901815,209044
0,29709196288,209053
0,29711490764,209062
0,29713785241,209071
0,29716079717,209080
0,29718374183,209089
0,29720668667,209098
0,29722963138,209107
0,29725257608,209116
0,29727552081,209125
0,29729846562,209134
0,29732141034,209143
0,29734435507,209152
0,29736729989,209161
0,29739024461,209170
0,29741318926,209179
0,29743613410,209188
0,29745907886,209197
0,29748202354,209206
0,29750496830,209215
0,29752791311,209224
0,29755085784,209233
0,29757380245,209242
0,29759674736,209251
0,29761969207,209260
0,29764263682,209269
0,29766558154,209278
0,29768852634,209287
0,29771147109,209296
0,29773441581,209305
0,29775736062,209314
0,29778030535,209323
0,29780324997,209332
0,29782619485,209341
0,29784913958,209350
0,29787208428,209359
0,29789502903,209368
0,29791797384,209377
0,29794091857,209386
0,29796386319,209395
0,29798680808,209404
0,29800975283,209413
0,29803269753,209422
0,29805564226,209431
0,29807858708,209440
0,29810153180,209449
0,29812447654,209458
0,29814742136,209467
0,29817036607,209476
0,29819331072,209485
0,29821625561,209494
0,29823920031,209503
0,29826214505,209512
0,29828508976,209521
0,29830803458,209530
0,29833097931,209539
0,29835392391,209548
0,29837686881,209557
0,29839981354,209566
0,29842275819,209575
0,29844570299,209584
0,29846864780,209593
0,29849159253,209602
0,29851453728,209611
0,29853748207,209620
0,29856042682,209629
0,29858337148,209638
0,29860631631,209647
0,29862926106,209656
0,29865220577,209665
0,29867515050,209674
0,29869809533,209683
0,29872104004,209692
0,29874398467,209701
0,29876692957,209710
0,29878987430,209719
0,29881281893,209728
0,29883576372,209737
0,29885870852,209746
0,29888165326,209755
0,29890459800,209764
0,29892754279,209773
0,29895048754,209782
0,29897343218,209791
0,29899637705,209800
0,29901932175,209809
0,29904226648,209818
0,29906521123,209827
0,29908815604,209836
0,29911110076,209845
0,29913404537,209854
0,29915699029,209863
0,29917993501,209872
0,29920287965,209881
0,29922582443,209890
0,29924876929,209899
0,29927171395,209908
0,29929465872,209917
0,29931760355,209926
0,29934054827,209935
0,29936349294,209944
0,29938643779,209953
0,29940938250,209962
0,29943232724,209971
0,29945527198,209980
0,29947821678,209989
0,29950116152,209998
0,29952410612,210007
0,29954705104,210016
0,29956999577,210025
0,29959294043,210034
0,29961588520,210043
0,29963883004,210052
0,29966177473,210061
0,29968471952,210070
0,29970766431,210079
0,29973060905,210088
0,29975355373,210097
0,29977649855,210106
0,29979944329,210115
0,29982238797,210124
0,29984533273,210133
0,29986827755,210142
0,29989122227,210151
0,29991416690,210160
0,29993711184,210169
0,29996005654,210178
0,29998300122,210187
0,30000594610,210196
0,30002889078,210205
0,30005183551,210214
0,30007478026,210223
0,30009772506,210232
0,30012066980,210241
0,30014361447,210250
0,30016655932,210259
0,30018950404,210268
0,30021244873,210277
0,30023539351,210286
0,30025833831,210295
0,30028128305,210304
0,30030422775,210313
0,30032717256,210322
0,30035011732,210331
0,30037306197,210340
0,30039600680,210349
0,30041895154,210358
0,30044189625,210367
0,30046484098,210376
0,30048778583,210385
0,30051073054,210394
0,30053367525,210403
0,30055662008,210412
0,30057956480,210421
0,30060250949,210430
0,30062545425,210439
0,30064839903,210448
0,30067134378,210457
0,30069428848,210466
0,30071723331,210475
0,30074017805,210484
0,30076312272,210493
0,30078606758,210502
0,30080901228,210511
0,30083195700,210520
0,30085490175,210529
0,30087784655,210538
0,30090079130,210547
0,30092373597,210556
0,30094668081,210565
0,30096962556,210574
0,30099257022,210583
0,30101551498,210592
0,30103845982,210601
0,30106140452,210610
0,30108434926,210619
0,30110729409,210628
0,30113023882,210637
0,30115318349,210646
0,30117612836,210655
0,30119907307,210664
0,30122201781,210673
0,30124496254,210682
0,30126790734,210691
0,30129085209,210700
0,30131379676,210709
0,30133674161,210718
0,30135968632,210727
0,30138263101,210736
0,30140557580,210745
0,30142852062,210754
0,30145146534,210763
0,30147441008,210772
0,30149735489,210781
0,30152029965,210790
0,30154324428,210799
0,30156618915,210808
0,30158913389,210817
0,30161207860,210826
0,30163502335,210835
0,30165796816,210844
0,30168091288,210853
0,30170385751,210862
0,30172680243,210871
0,30174974713,210880
0,30177269187,210889
0,30179563660,210898
0,30181858141,210907
0,30184152615,210916
0,30186447090,210925
0,30188741572,210934
0,30191036046,210943
0,30193330510,210952
0,30195624998,210961
0,30197919469,210970
0,30200213943,210979
0,30202508417,210988
0,30204802895,210997
0,30207097372,211006
0,30209391833,211015
0,30211686322,211024
0,30213980797,211033
0,30216275266,211042
0,30218569740,211051
0,30220864224,211060
0,30223158694,211069
0,30225453171,211078
0,30227747652,211087
0,30230042124,211096
0,30232336590,211105
0,30234631078,211114
0,30236925552,211123
0,30239220021,211132
0,30241514497,211141
0,30243808976,211150
0,30246103453,211159
0,30248397914,211168
0,30250692404,211177
0,30252986876,211186
0,30255281345,211195
0,30257575824,211204
0,30259870304,211213
0,30262164775,211222
0,30264459252,211231
0,30266753733,211240
0,30269048206,211249
0,30271342670,211258
0,30273637157,211267
0,30275931633,211276
0,30278226101,211285
0,30280520579,211294
0,30282815057,211303
0,30285109533,211312
0,30287403995,211321
0,30289698484,211330
0,30291992957,211339
0,30294287426,211348
0,30296581904,211357
0,30298876383,211366
0,30301170859,211375
0,30303465332,211384
0,30305759815,211393
0,30308054287,211402
0,30310348753,211411
0,30312643240,211420
0,30314937713,211429
0,30317232185,211438
0,30319526662,211447
0,30321821141,211456
0,30324115618,211465
0,30326410078,211474
0,30328704569,211483
0,30330999041,211492
0,30333293507,211501
0,30335587986,211510
0,30337882468,211519
0,30340176940,211528
0,30342471415,211537
0,30344765899,211546
0,30347060368,211555
0,30349354837,211564
0,30351649324,211573
0,30353943799,211582
0,30356238268,211591
0,30358532743,211600
0,30360827227,211609
0,30363121699,211617
0,30365416161,211625
0,30367710654,211633
0,30370005127,211641
0,30372299593,211649
0,30374594073,211657
0,30376888554,211665
0,30379183030,211673
0,30381477505,211681
0,30383771985,211689
0,30386066458,211697
0,30388360923,211705
0,30390655411,211713
0,30392949882,211721
0,30395244353,211729
0,30397538829,211737
0,30399833314,211745
0,30402127784,211753
0,30404422248,211761
0,30406716736,211769
0,30409011212,211777
0,30411305680,211785
0,30413600167,211793
0,30415894637,211801
0,30418189115,211809
0,30420483586,211817
0,30422778067,211825
0,30425072541,211833
0,30427367010,211841
0,30429661496,211849
0,30431955967,211857
0,30434250439,211865
0,30436544913,211873
0,30438839396,211881
0,30441133869,211889
0,30443428332,211897
0,30445722824,211905
0,30448017301,211913
0,30450311763,211921
0,30452606253,211929
0,30454900724,211937
0,30457195198,211945
0,30459489673,211953
0,30461784154,211961
0,30464078627,211969
0,30466373098,211977
0,30468667581,211985
0,30470962053,211993
0,30473256523,212001
0,30475550997,212009
0,30477845482,212017
0,30480139954,212025
0,30482434417,212033
0,30484728911,212041
0,30487023385,212049
0,30489317850,212057
0,30491612338,212065
0,30493906807,212073
0,30496201283,212081
0,30498495757,212089
0,30500790237,212097
0,30503084712,212105
0,30505379181,212113
0,30507673666,212121
0,30509968139,212129
0,30512262611,212137
0,30514557086,212145
0,30516851569,212153
0,30519146040,212161
0,30521440515,212169
0,30523734997,212177
0,30526029472,212185
0,30528323937,212193
0,30530618425,212201
0,30532912898,212209
0,30535207372,212217
0,30537501844,212225
0,30539796328,212233
0,30542090800,212241
0,30544385270,212249
0,30546679753,212257
0,30548974227,212265
0,30551268697,212273
0,30553563175,212281
0,30555857656,212289
0,30558152130,212297
0,30560446605,212305
0,30562741088,212313
0,30565035561,212321
0,30567330024,212329
0,30569624512,212337
0,30571918988,212345
0,30574213458,212353
0,30576507935,212361
0,30578802415,212369
0,30581096891,212377
0,30583391353,212385
0,30585685843,212393
0,30587980316,212401
0,30590274789,212409
0,30592569263,212417
0,30594863744,212425
0,30597158217,212433
0,30599452691,212441
0,30601747177,212449
0,30604041646,212457
0,30606336112,212465
0,30608630602,212473
0,30610925075,212481
0,30613219548,212489
0,30615514023,212497
0,30617808504,212505
0,30620102980,212513
0,30622397441,212521
0,30624691929,212529
0,30626986403,212537
0,30629280875,212545
0,30631575351,212553
0,30633869834,212561
0,30636164306,212569
0,30638458784,212577
0,30640753265,212585
0,30643047737,212593
0,30645342203,212601
0,30647636691,212609
0,30649931165,212617
0,30652225635,212625
0,30654520110,212633
0,30656814592,212641
0,30659109067,212649
0,30661403530,212657
0,30663698021,212665
0,30665992493,212673
0,30668286968,212681
0,30670581443,212689
0,30672875923,212697
0,30675170398,212705
0,30677464873,212713
0,30679759356,212721
0,30682053828,212729
0,30684348293,212737
0,30686642781,212745
0,30688937256,212753
0,30691231726,212761
0,30693526204,212769
0,30695820685,212777
0,30698115160,212785
0,30700409623,212793
0,30702704113,212801
0,30704998588,212809
0,30707293056,212817
0,30709587532,212825
0,30711882015,212833
0,30714176489,212841
0,30716470964,212849
0,30718765448,212857
0,30721059918,212865
0,30723354386,212873
0,30725648874,212881
0,30727943346,212889
0,30730237820,212897
0,30732532295,212905
0,30734826776,212913
0,30737121253,212921
0,30739415714,212929
0,30741710204,212937
0,30744004679,212945
0,30746299146,212953
0,30748593622,212961
0,30750888107,212969
0,30753182580,212977
0,30755477056,212985
0,30757771539,212993
0,30760066011,213001
0,30762360480,213009
0,30764654966,213017
0,30766949439,213025
0,30769243909,213033
0,30771538384,213041
0,30773832871,213049
0,30776127341,213057
0,30778421802,213065
0,30780716296,213073
0,30783010769,213081
0,30785305236,213089
0,30787599715,213097
0,30789894197,213105
0,30792188673,213113
0,30794483148,213121
0,30796777628,213129
0,30799072103,213137
0,30801366569,213145
0,30803661055,213153
0,30805955527,213161
0,30808249999,213169
0,30810544478,213177
0,30812838960,213185
0,30815133432,213193
0,30817427896,213201
0,30819722387,213209
0,30822016863,213217
0,30824311331,213225
0,30826605817,213233
0,30828900291,213241
0,30831194764,213249
0,30833489241,213257
0,30835783722,213265
0,30838078192,213273
0,30840372665,213281
0,30842667150,213289
0,30844961622,213297
0,30847256095,213305
0,30849550572,213313
0,30851845054,213321
0,30854139529,213329
0,30856433989,213337
0,30858728484,213345
0,30861022962,213353
0,30863317425,213361
0,30865611914,213369
0,30867906386,213377
0,30870200861,213385
0,30872495338,213393
0,30874789819,213401
0,30877084292,213409
0,30879378763,213417
0,30881673248,213425
0,30883967722,213433
0,30886262192,213441
0,30888556667,213449
0,30890851154,213457
0,30893145623,213465
0,30895440086,213473
0,30897734582,213481
0,30900029057,213489
0,30902323524,213497
0,30904618011,213505
0,30906912481,213513
0,30909206958,213521
0,30911501435,213529
0,30913795915,213537
0,30916090389,213545
0,30918384859,213553
0,30920679345,213561
0,30922973817,213569
0,30925268288,213577
0,30927562766,213585
0,30929857249,213593
0,30932151721,213601
0,30934446185,213609
0,30936740678,213617
0,30939035156,213625
0,30941329621,213633
0,30943624107,213641
0,30945918582,213649
0,30948213054,213657
0,30950507531,213665
0,30952802013,213673
0,30955096486,213681
0,30957390948,213689
0,30959685441,213697
0,30961979911,213705
0,30964274383,213713
0,30966568860,213721
0,30968863342,213729
0,30971157814,213737
0,30973452277,213745
0,30975746769,213753
0,30978041248,213761
0,30980335710,213769
0,30982630199,213777
0,30984924672,213785
0,30987219146,213793
0,30989513623,213801
0,30991808103,213809
0,30994102577,213817
0,30996397042,213825
0,30998691534,213833
0,31000986007,213841
0,31003280478,213849
0,31005574954,213857
0,31007869439,213865
0,31010163911,213873
0,31012458388,213881
0,31014752869,213889
0,31017047343,213897
0,31019341809,213905
0,31021636299,213913
0,31023930770,213921
0,31026225245,213929
0,31028519720,213937
0,31030814202,213945
0,31033108678,213953
0,31035403139,213961
0,31037697630,213969
0,31039992103,213977
0,31042286574,213985
0,31044581052,213993
0,31046875534,214001
0,31049170007,214009
0,31051464487,214017
0,31053758966,214025
0,31056053443,214033
0,31058347907,214041
0,31060642396,214049
0,31062936870,214057
0,31065231342,214065
0,31067525818,214073
0,31069820301,214081
0,31072114775,214089
0,31074409239,214097
0,31076703730,214105
0,31078998204,214113
0,31081292681,214121
0,31083587152,214129
0,31085881637,214137
0,31088176110,214145
0,31090470587,214153
0,31092765068,214161
0,31095059543,214169
0,31097354007,214177
0,31099648498,214185
0,31101942971,214193
0,31104237444,214201
0,31106531921,214209
0,31108826403,214217
0,31111120877,214225
0,31113415340,214233
0,31115709831,214241
0,31118004307,214249
0,31120298775,214257
0,31122593253,214265
0,31124887738,214273
0,31127182209,214281
0,31129476687,214289
0,31131771172,214297
0,31134065643,214305
0,31136360110,214313
0,31138654599,214321
0,31140949072,214329
0,31143243544,214337
0,31145538020,214345
0,31147832501,214353
0,31150126979,214361
0,31152421439,214369
0,31154715931,214377
0,31157010405,214385
0,31159304874,214393
0,31161599352,214401
0,31163893835,214409
0,31166188307,214417
0,31168482788,214425
0,31170777268,214433
0,31173071744,214441
0,31175366207,214449
0,31177660696,214457
0,31179955172,214465
0,31182249642,214473
0,31184544118,214481
0,31186838603,214489
0,31189133076,214497
0,31191427541,214505
0,31193722030,214513
0,31196016507,214521
0,31198310976,214529
0,31200605456,214537
0,31202899938,214545
0,31205194411,214553
0,31207488888,214561
0,31209783368,214569
0,31212077844,214577
0,31214372307,214585
0,31216666800,214593
0,31218961273,214601
0,31221255745,214609
0,31223550220,214617
0,31225844705,214625
0,31228139180,214633
0,31230433644,214641
0,31232728135,214649
0,31235022610,214657
0,31237317081,214665
0,31239611568,214673
0,31241906041,214681
0,31244200512,214689
0,31246494991,214697
0,31248789474,214705
0,31251083947,214713
0,31253378415,214721
0,31255672905,214729
0,31257967378,214737
0,31260261849,214745
0,31262556326,214753
0,31264850809,214761
0,31267145285,214769
0,31269439747,214777
0,31271734237,214785
0,31274028716,214793
0,31276323186,214801
0,31278617673,214809
0,31280912145,214817
0,31283206617,214825
0,31285501097,214833
0,31287795579,214841
0,31290090053,214849
0,31292384522,214857
0,31294679008,214865
0,31296973485,214873
0,31299267954,214881
0,31301562430,214889
0,31303856915,214897
0,31306151388,214905
0,31308445852,214913
0,31310740347,214921
0,31313034820,214929
0,31315329290,214937
0,31317623776,214945
0,31319918248,214953
0,31322212722,214961
0,31324507200,214969
0,31326801681,214977
0,31329096157,214985
0,31331390625,214993
0,31333685113,215001
0,31335979586,215009
0,31338274057,215017
0,31340568533,215025
0,31342863017,215033
0,31345157492,215041
0,31347451955,215049
0,31349746448,215057
0,31352040923,215065
0,31354335391,215073
0,31356629878,215081
0,31358924351,215089
0,31361218823,215097
0,31363513300,215105
0,31365807784,215113
0,31368102257,215121
0,31370396722,215129
0,31372691215,215137
0,31374985688,215145
0,31377280161,215153
0,31379574636,215161
0,31381869119,215169
0,31384163597,215177
0,31386458058,215185
0,31388752554,215193
0,31391047026,215201
0,31393341497,215209
0,31395635983,215217
0,31397930457,215225
0,31400224930,215233
0,31402519409,215241
0,31404813890,215249
0,31407108366,215257
0,31409402828,215265
0,31411697321,215273
0,31413991798,215281
0,31416286267,215289
0,31418580744,215297
0,31420875228,215305
0,31423169702,215313
0,31425464169,215321
0,31427758661,215329
0,31430053135,215337
0,31432347605,215345
0,31434642094,215353
0,31436936567,215361
0,31439231039,215369
0,31441525515,215377
0,31443819998,215385
0,31446114473,215393
0,31448408937,215401
0,31450703431,215409
0,31452997903,215417
0,31455292374,215425
0,31457586851,215433
0,31459881334,215441
0,31462175811,215449
0,31464470278,215457
0,31466764770,215465
0,31469059243,215473
0,31471353711,215481
0,31473648199,215489
0,31475942674,215497
0,31478237146,215505
0,31480531623,215513
0,31482826107,215521
0,31485120583,215529
0,31487415046,215537
0,31489709537,215545
0,31492004011,215553
0,31494298485,215561
0,31496592961,215569
0,31498887445,215577
0,31501181920,215585
0,31503476396,215593
0,31505770877,215601
0,31508065352,215609
0,31510359820,215617
0,31512654309,215625
0,31514948782,215633
0,31517243253,215641
0,31519537730,215649
0,31521832212,215657
0,31524126688,215665
0,31526421149,215673
0,31528715643,215681
0,31531010119,215689
0,31533304583,215697
0,31535599063,215705
0,31537893549,215713
0,31540188021,215721
0,31542482502,215729
0,31544776983,215737
0,31547071455,215745
0,31549365924,215753
0,31551660412,215761
0,31553954887,215769
0,31556249360,215777
0,31558543836,215785
0,31560838319,215793
0,31563132795,215801
0,31565427259,215809
0,31567721752,215817
0,31570016225,215825
0,31572310693,215833
0,31574605174,215841
0,31576899656,215849
0,31579194132,215857
0,31581488610,215865
0,31583783091,215873
0,31586077567,215881
0,31588372034,215889
0,31590666523,215897
0,31592960998,215905
0,31595255471,215913
0,31597549946,215921
0,31599844429,215929
0,31602138905,215937
0,31604433369,215945
0,31606727861,215953
0,31609022336,215961
0,31611316805,215969
0,31613611295,215977
0,31615905770,215985
0,31618200244,215993
0,31620494720,216001
0,31622789204,216009
0,31625083677,216017
0,31627378145,216025
0,31629672634,216033
0,31631967108,216041
0,31634261581,216049
0,31636556058,216057
0,31638850542,216065
0,31641145018,216073
0,31643439482,216081
0,31645733974,216089
0,31648028450,216097
0,31650322920,216105
0,31652617407,216113
0,31654911883,216121
0,31657206355,216129
0,31659500834,216137
0,31661795316,216145
0,31664089790,216153
0,31666384257,216161
0,31668678748,216169
0,31670973223,216177
0,31673267696,216185
0,31675562169,216193
0,31677856654,216201
0,31680151129,216209
0,31682445592,216217
0,31684740084,216225
0,31687034562,216233
0,31689329031,216241
0,31691623520,216249
0,31693917992,216257
0,31696212468,216265
0,31698506945,216273
0,31700801426,216281
0,31703095902,216289
0,31705390370,216297
0,31707684857,216305
0,31709979332,216313
0,31712273802,216321
0,31714568279,216329
0,31716862763,216337
0,31719157241,216345
0,31721451703,216353
0,31723746195,216361
0,31726040670,216369
0,31728335143,216377
0,31730629629,216385
0,31732924101,216393
0,31735218575,216401
0,31737513053,216409
0,31739807539,216417
0,31742102011,216425
0,31744396482,216433
0,31746690970,216441
0,31748985444,216449
0,31751279917,216457
0,31753574394,216465
0,31755868877,216473
0,31758163353,216481
0,31760457817,216489
0,31762752310,216497
0,31765046786,216505
0,31767341254,216513
0,31769635741,216521
0,31771930217,216529
0,31774224689,216537
0,31776519169,216545
0,31778813651,216553
0,31781108127,216561
0,31783402591,216569
0,31785697083,216577
0,31787991558,216585
0,31790286031,216593
0,31792580505,216601
0,31794874990,216609
0,31797169465,216617
0,31799463930,216625
0,31801758425,216633
0,31804052899,216641
0,31806347369,216649
0,31808641858,216657
0,31810936331,216665
0,31813230806,216673
0,31815525283,216681
0,31817819765,216689
0,31820114242,216697
0,31822408705,216705
0,31824703197,216713
0,31826997673,216721
0,31829292145,216729
0,31831586623,216737
0,31833881107,216745
0,31836175581,216753
0,31838470051,216761
0,31840764542,216769
0,31843059017,216777
0,31845353486,216785
0,31847647976,216793
0,31849942449,216801
0,31852236924,216809
0,31854531400,216817
0,31856825886,216825
0,31859120359,216833
0,31861414823,216841
0,31863709317,216849
0,31866003791,216857
0,31868298265,216865
0,31870592742,216873
0,31872887225,216881
0,31875181701,216889
0,31877476169,216897
0,31879770660,216905
0,31882065135,216913
0,31884359604,216921
0,31886654094,216929
0,31888948566,216937
0,31891243040,216945
0,31893537518,216953
0,31895832001,216961
0,31898126475,216969
0,31900420940,216977
0,31902715432,216985
0,31905009909,216993
0,31907304381,217001
0,31909598855,217009
0,31911893342,217017
0,31914187814,217025
0,31916482282,217033
0,31918776776,217041
0,31921071250,217049
0,31923365717,217057
0,31925660207,217065
0,31927954680,217073
0,31930249155,217081
0,31932543632,217089
0,31934838115,217097
0,31937132594,217105
0,31939427056,217113
0,31941721547,217121
0,31944016025,217129
0,31946310487,217137
0,31948604971,217145
0,31950899455,217153
0,31953193929,217161
0,31955488408,217169
0,31957782891,217177
0,31960077366,217185
0,31962371832,217193
0,31964666322,217201
0,31966960798,217209
0,31969255270,217217
0,31971549747,217225
0,31973844232,217233
0,31976138706,217241
0,31978433171,217249
0,31980727666,217257
0,31983022140,217265
0,31985316611,217273
0,31987611092,217281
0,31989905574,217289
0,31992200048,217297
0,31994494526,217305
0,31996789009,217313
0,31999083483,217321
0,32001377949,217329
0,32003672439,217337
0,32005966913,217345
0,32008261387,217353
0,32010555864,217361
0,32012850349,217369
0,32015144824,217377
0,32017439291,217385
0,32019733782,217393
0,32022028260,217401
0,32024322727,217409
0,32026617218,217417
0,32028911693,217425
0,32031206166,217433
0,32033500642,217441
0,32035795129,217449
0,32038089601,217457
0,32040384068,217465
0,32042678560,217473
0,32044973037,217481
0,32047267509,217489
0,32049561987,217497
0,32051856471,217505
0,32054150946,217513
0,32056445411,217521
0,32058739901,217529
0,32061034378,217537
0,32063328848,217545
0,32065623341,217553
0,32067917812,217561
0,32070212288,217569
0,32072506765,217577
0,32074801250,217585
0,32077095724,217593
0,32079390191,217601
0,32081684682,217609
0,32083979159,217617
0,32086273628,217625
0,32088568107,217633
0,32090862593,217641
0,32093157065,217649
0,32095451533,217657
0,32097746025,217665
0,32100040497,217673
0,32102334971,217681
0,32104629460,217689
0,32106923931,217697
0,32109218408,217705
0,32111512886,217713
0,32113807368,217721
0,32116101846,217729
0,32118396314,217737
0,32120690803,217745
0,32122985277,217753
0,32125279751,217761
0,32127574229,217769
0,32129868713,217777
0,32132163186,217785
0,32134457654,217793
0,32136752144,217801
0,32139046626,217809
0,32141341092,217817
0,32143635579,217825
0,32145930057,217833
0,32148224529,217841
0,32150519007,217849
0,32152813492,217857
0,32155107966,217865
0,32157402438,217873
0,32159696925,217881
0,32161991399,217889
0,32164285873,217897
0,32166580352,217905
0,32168874834,217913
0,32171169311,217921
0,32173463775,217929
0,32175758270,217937
0,32178052746,217945
0,32180347211,217953
0,32182641703,217961
0,32184936179,217969
0,32187230652,217977
0,32189525132,217985
0,32191819613,217993
0,32194114091,218001
0,32196408556,218009
0,32198703046,218017
0,32200997524,218025
0,32203291995,218033
0,32205586476,218041
0,32207880960,218049
0,32210175433,218057
0,32212469896,218065
0,32214764394,218073
0,32217058868,218081
0,32219353337,218089
0,32221647828,218097
0,32223942302,218105
0,32226236777,218113
0,32228531254,218121
0,32230825738,218129
0,32233120215,218137
0,32235414680,218145
0,32237709172,218153
0,32240003646,218161
0,32242298120,218169
0,32244592598,218177
0,32246887081,218185
0,32249181557,218193
0,32251476024,218201
0,32253770518,218209
0,32256064995,218217
0,32258359460,218225
0,32260653951,218233
0,32262948428,218241
0,32265242900,218249
0,32267537378,218257
0,32269831862,218265
0,32272126336,218273
0,32274420804,218281
0,32276715296,218289
0,32279009770,218297
0,32281304243,218305
0,32283598721,218313
0,32285893204,218321
0,32288187680,218329
0,32290482146,218337
0,32292776639,218345
0,32295071116,218353
0,32297365582,218361
0,32299660075,218369
0,32301954548,218377
0,32304249022,218385
0,32306543503,218393
0,32308837983,218401
0,32311132463,218409
0,32313426926,218417
0,32315721419,218425
0,32318015895,218433
0,32320310365,218441
0,32322604844,218449
0,32324899331,218457
0,32327193804,218465
0,32329488271,218473
0,32331782765,218481
0,32334077240,218489
0,32336371711,218497
0,32338666200,218505
0,32340960673,218513
0,32343255149,218521
0,32345549627,218529
0,32347844108,218537
0,32350138587,218545
0,32352433050,218553
0,32354727546,218561
0,32357022020,218569
0,32359316493,218577
0,32361610972,218585
0,32363905457,218593
0,32366199932,218601
0,32368494399,218609
0,32370788893,218617
0,32373083371,218625
0,32375377837,218633
0,32377672326,218641
0,32379966803,218649
0,32382261274,218657
0,32384555754,218665
0,32386850238,218673
0,32389144712,218681
0,32391439180,218689
0,32393733673,218697
0,32396028147,218705
0,32398322615,218713
0,32400617097,218721
0,32402911582,218729
0,32405206058,218737
0,32407500525,218745
0,32409795019,218753
0,32412089494,218761
0,32414383963,218769
0,32416678453,218777
0,32418972926,218785
0,32421267400,218793
0,32423561880,218801
0,32425856364,218809
0,32428150841,218817
0,32430445305,218825
0,32432739797,218833
0,32435034275,218841
0,32437328742,218849
0,32439623234,218857
0,32441917708,218865
0,32444212183,218873
0,32446506663,218881
0,32448801145,218889
0,32451095621,218897
0,32453390091,218905
0,32455684583,218913
0,32457979055,218921
0,32460273530,218929
0,32462568006,218937
0,32464862493,218945
0,32467156968,218953
0,32469451430,218961
0,32471745925,218969
0,32474040400,218977
0,32476334872,218985
0,32478629361,218993
0,32480923835,219001
0,32483218311,219009
0,32485512791,219017
0,32487807274,219025
0,32490101749,219033
0,32492396218,219041
0,32494690708,219049
0,32496985184,219057
0,32499279655,219065
0,32501574133,219073
0,32503868620,219081
0,32506163094,219089
0,32508457560,219097
0,32510752054,219105
0,32513046529,219113
0,32515341003,219121
0,32517635491,219129
0,32519929964,219137
0,32522224440,219145
0,32524518918,219153
0,32526813402,219161
0,32529107877,219169
0,32531402347,219177
0,32533696837,219185
0,32535991313,219193
0,32538285785,219201
0,32540580265,219209
0,32542874749,219217
0,32545169225,219225
0,32547463690,219233
0,32549758183,219241
0,32552052663,219249
0,32554347131,219257
0,32556641622,219265
0,32558936096,219273
0,32561230570,219281
0,32563525049,219289
0,32565819535,219297
0,32568114008,219305
0,32570408475,219313
0,32572702968,219321
0,32574997445,219329
0,32577291917,219337
0,32579586395,219345
0,32581880880,219353
0,32584175357,219361
0,32586469820,219369
0,32588764314,219377
0,32591058792,219385
0,32593353261,219393
0,32595647753,219401
0,32597942226,219409
0,32600236701,219417
0,32602531180,219425
0,32604825664,219433
0,32607120140,219441
0,32609414606,219449
0,32611709100,219457
0,32614003576,219465
0,32616298049,219473
0,32618592525,219481
0,32620887012,219489
0,32623181487,219497
0,32625475955,219505
0,32627770449,219513
0,32630064924,219521
0,32632359396,219529
0,32634653884,219537
0,32636948361,219545
0,32639242836,219553
0,32641537313,219561
0,32643831797,219569
0,32646126274,219577
0,32648420740,219585
0,32650715231,219593
0,32653009706,219601
0,32655304179,219609
0,32657598660,219617
0,32659893143,219625
0,32662187619,219633
0,32664482083,219641
0,32666776580,219649
0,32669071058,219657
0,32671365524,219665
0,32673660014,219673
0,32675954492,219681
0,32678248965,219689
0,32680543444,219697
0,32682837929,219705
0,32685132404,219713
0,32687426870,219721
0,32689721362,219729
0,32692015839,219737
0,32694310312,219745
0,32696604792,219753
0,32698899276,219761
0,32701193752,219769
0,32703488220,219777
0,32705782716,219785
0,32708077190,219793
0,32710371658,219801
0,32712666151,219809
0,32714960626,219817
0,32717255102,219825
0,32719549579,219833
0,32721844062,219841
0,32724138540,219849
0,32726433006,219857
0,32728727498,219865
0,32731021976,219873
0,32733316448,219881
0,32735610926,219889
0,32737905410,219897
0,32740199888,219905
0,32742494356,219913
0,32744788849,219921
0,32747083324,219929
0,32749377794,219937
0,32751672283,219945
0,32753966760,219953
0,32756261234,219961
0,32758555713,219969
0,32760850197,219977
0,32763144673,219985
0,32765439139,219993
0,32767733634,220001
0,32770028110,220009
0,32772322582,220017
0,32774617060,220025
0,32776911546,220033
0,32779206022,220041
0,32781500491,220049
0,32783794985,220057
0,32786089460,220065
0,32788383929,220073
0,32790678418,220081
0,32792972894,220089
0,32795267369,220097
0,32797561851,220105
0,32799856333,220113
0,32802150810,220121
0,32804445276,220129
0,32806739771,220137
0,32809034245,220145
0,32811328711,220153
0,32813623206,220161
0,32815917683,220169
0,32818212156,220177
0,32820506628,220185
0,32822801122,220193
0,32825095598,220201
0,32827390066,220209
0,32829684558,220217
0,32831979031,220225
0,32834273509,220233
0,32836567986,220241
0,32838862469,220249
0,32841156945,220257
0,32843451411,220265
0,32845745904,220273
0,32848040383,220281
0,32850334852,220289
0,32852629343,220297
0,32854923817,220305
0,32857218294,220313
0,32859512765,220321
0,32861807259,220329
0,32864101733,220337
0,32866396204,220345
0,32868690695,220353
0,32870985170,220361
0,32873279643,220369
0,32875574119,220377
0,32877868608,220385
0,32880163082,220393
0,32882457547,220401
0,32884752042,220409
0,32887046520,220417
0,32889340991,220425
0,32891635483,220433
0,32893929954,220441
0,32896224434,220449
0,32898518900,220457
0,32900813395,220465
0,32903107871,220473
0,32905402339,220481
0,32907696831,220489
0,32909991306,220497
0,32912285779,220505
0,32914580260,220513
0,32916874746,220521
0,32919169220,220529
0,32921463689,220537
0,32923758182,220545
0,32926052659,220553
0,32928347131,220561
0,32930641619,220569
0,32932936094,220577
0,32935230570,220585
0,32937525048,220593
0,32939819536,220601
0,32942114009,220609
0,32944408477,220617
0,32946702968,220625
0,32948997445,220633
0,32951291921,220641
0,32953586396,220649
0,32955880881,220657
0,32958175358,220665
0,32960469825,220673
0,32962764316,220681
0,32965058798,220689
0,32967353267,220697
0,32969647759,220705
0,32971942232,220713
0,32974236706,220721
0,32976531186,220729
0,32978825671,220737
0,32981120144,220745
0,32983414612,220753
0,32985709105,220761
0,32988003585,220769
0,32990298055,220777
0,32992592536,220785
0,32994887023,220793
0,32997181496,220801
0,32999475962,220809
0,33001770457,220817
0,33004064936,220825
0,33006359405,220833
0,33008653897,220841
0,33010948370,220849
0,33013242848,220857
0,33015537327,220865
0,33017831811,220873
0,33020126287,220881
0,33022420755,220889
0,33024715246,220897
0,33027009721,220905
0,33029304196,220913
0,33031598677,220921
0,33033893162,220929
0,33036187636,220937
0,33038482104,220945
0,33040776599,220953
0,33043071078,220961
0,33045365545,220969
0,33047660034,220977
0,33049954514,220985
0,33052248986,220993
0,33054543466,221001
0,33056837951,221009
0,33059132426,221017
0,33061426893,221025
0,33063721387,221033
0,33066015862,221041
0,33068310339,221049
0,33070604816,221057
0,33072899303,221065
0,33075193779,221073
0,33077488245,221081
0,33079782741,221089
0,33082077219,221097
0,33084371686,221105
0,33086666180,221113
0,33088960655,221121
0,33091255130,221129
0,33093549610,221137
0,33095844095,221145
0,33098138572,221153
0,33100433038,221161
0,33102727533,221169
0,33105022009,221177
0,33107316481,221185
0,33109610961,221193
0,33111905447,221201
0,33114199922,221209
0,33116494390,221217
0,33118788885,221225
0,33121083362,221233
0,33123377833,221241
0,33125672323,221249
0,33127966797,221257
0,33130261274,221265
0,33132555753,221273
0,33134850235,221281
0,33137144714,221289
0,33139439179,221297
0,33141733674,221305
0,33144028151,221313
0,33146322624,221321
0,33148617103,221329
0,33150911590,221337
0,33153206065,221345
0,33155500536,221353
0,33157795029,221361
0,33160089508,221369
0,33162383975,221377
0,33164678467,221385
0,33166972942,221393
0,33169267417,221401
0,33171561896,221409
0,33173856383,221417
0,33176150858,221425
0,33178445324,221433
0,33180739818,221441
0,33183034296,221449
0,33185328769,221457
0,33187623250,221465
0,33189917733,221473
0,33192212211,221481
0,33194506679,221489
0,33196801172,221497
0,33199095650,221505
0,33201390118,221513
0,33203684610,221521
0,33205979085,221529
0,33208273559,221537
0,33210568040,221545
0,33212862525,221553
0,33215157001,221561
0,33217451468,221569
0,33219745961,221577
0,33222040442,221585
0,33224334904,221593
0,33226629403,221601
0,33228923876,221609
0,33231218352,221617
0,33233512819,221625
0,33235807316,221633
0,33238101790,221641
0,33240396262,221649
0,33242690751,221657
0,33244985228,221665
0,33247279703,221673
0,33249574183,221681
0,33251868667,221689
0,33254163145,221697
0,33256457611,221705
0,33258752104,221713
0,33261046582,221721
0,33263341049,221729
0,33265635548,221737
0,33267930020,221745
0,33270224495,221753
0,33272518966,221761
0,33274813463,221769
0,33277107938,221777
0,33279402407,221785
0,33281696897,221793
0,33283991376,221801
0,33286285848,221809
0,33288580330,221817
0,33290874813,221825
0,33293169290,221833
0,33295463756,221841
0,33297758252,221849
0,33300052726,221857
0,33302347202,221865
0,33304641692,221873
0,33306936166,221881
0,33309230643,221889
0,33311525110,221897
0,33313819606,221905
0,33316114083,221913
0,33318408554,221921
0,33320703044,221929
0,33322997522,221937
0,33325291993,221945
0,33327586477,221953
0,33329880963,221961
0,33332175437,221969
0,33334469904,221977
0,33336764398,221985
0,33339058875,221993
0,33341353347,222001
0,33343647838,222009
0,33345942316,222017
0,33348236789,222025
0,33350531259,222033
0,33352825754,222041
0,33355120232,222049
0,33357414701,222057
0,33359709194,222065
0,33362003670,222073
0,33364298143,222081
0,33366592623,222089
0,33368887108,222097
0,33371181585,222105
0,33373476051,222113
0,33375770545,222121
0,33378065023,222129
0,33380359496,222137
0,33382653986,222145
0,33384948463,222153
0,33387242938,222161
0,33389537409,222169
0,33391831902,222177
0,33394126380,222185
0,33396420845,222193
0,33398715340,222201
0,33401009819,222209
0,33403304289,222217
0,33405598767,222225
0,33407893256,222233
0,33410187729,222241
0,33412482199,222249
0,33414776692,222257
0,33417071172,222265
0,33419365642,222273
0,33421660131,222281
0,33423954605,222289
0,33426249083,222297
0,33428543561,222305
0,33430838047,222313
0,33433132524,222321
0,33435426991,222329
0,33437721488,222337
0,33440015962,222345
0,33442310437,222353
0,33444604917,222361
0,33446899403,222369
0,33449193881,222377
0,33451488346,222385
0,33453782841,222393
0,33456077321,222401
0,33458371789,222409
0,33460666282,222417
0,33462960758,222425
0,33465255233,222433
0,33467549713,222441
0,33469844197,222449
0,33472138672,222457
0,33474433142,222465
0,33476727634,222473
0,33479022113,222481
0,33481316586,222489
0,33483611066,222497
0,33485905553,222505
0,33488200031,222513
0,33490494493,222521
0,33492788994,222529
0,33495083470,222537
0,33497377941,222545
0,33499672433,222553
0,33501966908,222561
0,33504261384,222569
0,33506555864,222577
0,33508850349,222585
0,33511144827,222593
0,33513439295,222601
0,33515733788,222609
0,33518028266,222617
0,33520322737,222625
0,33522617218,222633
0,33524911706,222641
0,33527206179,222649
0,33529500651,222657
0,33531795147,222665
0,33534089621,222673
0,33536384093,222681
0,33538678586,222689
0,33540973061,222697
0,33543267537,222705
0,33545562018,222713
0,33547856500,222721
0,33550150981,222729
0,33552445448,222737
0,33554739941,222745
0,33557034418,222753
0,33559328891,222761
0,33561623372,222769
0,33563917859,222777
0,33566212335,222785
0,33568506803,222793
0,33570801297,222801
0,33573095776,222809
0,33575390245,222817
0,33577684736,222825
0,33579979213,222833
0,33582273688,222841
0,33584568167,222849
0,33586862653,222857
0,33589157131,222865
0,33591451598,222873
0,33593746092,222881
0,33596040569,222889
0,33598335044,222897
0,33600629522,222905
0,33602924009,222913
0,33605218485,222921
0,33607512955,222929
0,33609807448,222937
0,33612101926,222945
0,33614396394,222953
0,33616690886,222961
0,33618985362,222969
0,33621279840,222977
0,33623574320,222985
0,33625868804,222993
0,33628163283,223001
0,33630457750,223009
0,33632752242,223017
0,33635046723,223025
0,33637341188,223033
0,33639635684,223041
0,33641930161,223049
0,33644224639,223057
0,33646519108,223065
0,33648813602,223073
0,33651108077,223081
0,33653402551,223089
0,33655697040,223097
0,33657991520,223105
0,33660285993,223113
0,33662580472,223121
0,33664874959,223129
0,33667169434,223137
0,33669463902,223145
0,33671758396,223153
0,33674052875,223161
0,33676347341,223169
0,33678641840,223177
0,33680936315,223185
0,33683230793,223193
0,33685525260,223201
0,33687819757,223209
0,33690114235,223217
0,33692408704,223225
0,33694703194,223233
0,33696997673,223241
0,33699292145,223249
0,33701586630,223257
0,33703881115,223265
0,33706175591,223273
0,33708470058,223281
0,33710764555,223289
0,33713059031,223297
0,33715353504,223305
0,33717647994,223313
0,33719942470,223321
0,33722236947,223329
0,33724531417,223337
0,33726825915,223345
0,33729120389,223353
0,33731414859,223361
0,33733709353,223369
0,33736003830,223377
0,33738298306,223385
0,33740592786,223393
0,33742887270,223401
0,33745181750,223409
0,33747476216,223417
0,33749770709,223425
0,33752065188,223433
0,33754359662,223441
0,33756654152,223449
0,33758948627,223457
0,33761243104,223465
0,33763537576,223473
0,33765832069,223481
0,33768126546,223489
0,33770421017,223497
0,33772715512,223505
0,33775009987,223513
0,33777304462,223521
0,33779598940,223529
0,33781893428,223537
0,33784187903,223545
0,33786482371,223553
0,33788776866,223561
0,33791071344,223569
0,33793365814,223577
0,33795660307,223585
0,33797954783,223593
0,33800249260,223601
0,33802543730,223609
0,33804838224,223617
0,33807132703,223625
0,33809427166,223633
0,33811721663,223641
0,33814016141,223649
0,33816310615,223657
0,33818605098,223665
0,33820899583,223673
0,33823194058,223681
0,33825488526,223689
0,33827783020,223697
0,33830077503,223705
0,33832371971,223713
0,33834666462,223721
0,33836960939,223729
0,33839255417,223737
0,33841549886,223745
0,33843844383,223753
0,33846138860,223761
0,33848433327,223769
0,33850727821,223777
0,33853022299,223785
0,33855316774,223793
0,33857611255,223801
0,33859905739,223809
0,33862200217,223817
0,33864494684,223825
0,33866789180,223833
0,33869083663,223841
0,33871378129,223849
0,33873672621,223857
0,33875967098,223865
0,33878261575,223873
0,33880556055,223881
0,33882850541,223889
0,33885145015,223897
0,33887439486,223905
0,33889733981,223913
0,33892028460,223921
0,33894322932,223929
0,33896617412,223937
0,33898911901,223945
0,33901206376,223953
0,33903500843,223961
0,33905795339,223969
0,33908089819,223977
0,33910384291,223985
0,33912678782,223993
0,33914973257,224001
0,33917267733,224009
0,33919562217,224017
0,33921856699,224025
0,33924151178,224033
0,33926445645,224041
0,33928740141,224049
0,33931034617,224057
0,33933329094,224065
0,33935623573,224073
0,33937918059,224081
0,33940212536,224089
0,33942507007,224097
0,33944801502,224105
0,33947095980,224113
0,33949390449,224121
0,33951684940,224129
0,33953979418,224137
0,33956273893,224145
0,33958568375,224153
0,33960862862,224161
0,33963157338,224169
0,33965451804,224177
0,33967746299,224185
0,33970040777,224193
0,33972335252,224201
0,33974629733,224209
0,33976924218,224217
0,33979218693,224225
0,33981513163,224233
0,33983807657,224241
0,33986102138,224249
0,33988396605,224257
0,33990691102,224265
0,33992985575,224273
0,33995280053,224281
0,33997574533,224289
0,33999869019,224297
0,34002163497,224305
0,34004457965,224313
0,34006752459,224321
0,34009046937,224329
0,34011341410,224337
0,34013635892,224345
0,34015930380,224353
0,34018224855,224361
0,34020519324,224369
0,34022813820,224377
0,34025108297,224385
0,34027402769,224393
0,34029697260,224401
0,34031991737,224409
0,34034286213,224417
0,34036580694,224425
0,34038875179,224433
0,34041169658,224441
0,34043464125,224449
0,34045758620,224457
0,34048053099,224465
0,34050347567,224473
0,34052642066,224481
0,34054936540,224489
0,34057231017,224497
0,34059525489,224505
0,34061819982,224513
0,34064114462,224521
0,34066408935,224529
0,34068703424,224537
0,34070997903,224545
0,34073292376,224553
0,34075586859,224561
0,34077881345,224569
0,34080175822,224577
0,34082470290,224585
0,34084764787,224593
0,34087059263,224601
0,34089353732,224609
0,34091648231,224617
0,34093942705,224625
0,34096237184,224633
0,34098531653,224641
0,34100826148,224649
0,34103120627,224657
0,34105415094,224665
0,34107709591,224673
0,34110004068,224681
0,34112298543,224689
0,34114593023,224697
0,34116887510,224705
0,34119181989,224713
0,34121476455,224721
0,34123770950,224729
0,34126065429,224737
0,34128359899,224745
0,34130654394,224753
0,34132948871,224761
0,34135243345,224769
0,34137537818,224777
0,34139832314,224785
0,34142126792,224793
0,34144421260,224801
0,34146715755,224809
0,34149010231,224817
0,34151304708,224825
0,34153599189,224833
0,34155893673,224841
0,34158188150,224849
0,34160482619,224857
0,34162777114,224865
0,34165071591,224873
0,34167366063,224881
0,34169660558,224889
0,34171955032,224897
0,34174249509,224905
0,34176543980,224913
0,34178838478,224921
0,34181132956,224929
0,34183427425,224937
0,34185721917,224945
0,34188016394,224953
0,34190310867,224961
0,34192605348,224969
0,34194899837,224977
0,34197194312,224985
0,34199488781,224993
0,34201783278,225001
0,34204077753,225009
0,34206372228,225017
0,34208666717,225025
0,34210961193,225033
0,34213255672,225041
0,34215550142,225049
0,34217844637,225057
0,34220139115,225065
0,34222433582,225073
0,34224728080,225081
0,34227022557,225089
0,34229317031,225097
0,34231611515,225105
0,34233905999,225113
0,34236200478,225121
0,34238494944,225129
0,34240789441,225137
0,34243083921,225145
0,34245378393,225153
0,34247672885,225161
0,34249967362,225169
0,34252261838,225177
0,34254556308,225185
0,34256850806,225193
0,34259145281,225201
0,34261439750,225209
0,34263734247,225217
0,34266028723,225225
0,34268323200,225233
0,34270617680,225241
0,34272912168,225249
0,34275206646,225257
0,34277501113,225265
0,34279795609,225273
0,34282090090,225281
0,34284384561,225289
0,34286679053,225297
0,34288973530,225305
0,34291268006,225313
0,34293562476,225321
0,34295856974,225329
0,34298151452,225337
0,34300445920,225345
0,34302740415,225353
0,34305034894,225361
0,34307329368,225369
0,34309623849,225377
0,34311918337,225385
0,34314212811,225393
0,34316507282,225401
0,34318801776,225409
0,34321096257,225417
0,34323390728,225425
0,34325685223,225433
0,34327979699,225441
0,34330274175,225449
0,34332568644,225457
0,34334863141,225465
0,34337157619,225473
0,34339452090,225481
0,34341746586,225489
0,34344041062,225497
0,34346335534,225505
0,34348630018,225513
0,34350924503,225521
0,34353218982,225529
0,34355513452,225537
0,34357807947,225545
0,34360102426,225553
0,34362396896,225561
0,34364691389,225569
0,34366985867,225577
0,34369280341,225585
0,34371574821,225593
0,34373869308,225601
0,34376163785,225609
0,34378458256,225617
0,34380752750,225625
0,34383047229,225633
0,34385341703,225641
0,34387636181,225649
0,34389930669,225657
0,34392225149,225665
0,34394519617,225673
0,34396814114,225681
0,34399108591,225689
0,34401403064,225697
0,34403697555,225705
0,34405992033,225713
0,34408286509,225721
0,34410580992,225729
0,34412875478,225737
0,34415169957,225745
0,34417464424,225753
0,34419758921,225761
0,34422053399,225769
0,34424347872,225777
0,34426642364,225785
0,34428936841,225793
0,34431231317,225801
0,34433525789,225809
0,34435820285,225817
0,34438114762,225825
0,34440409233,225833
0,34442703728,225841
0,34444998207,225849
0,34447292683,225857
0,34449587161,225865
0,34451881647,225873
0,34454176127,225881
0,34456470595,225889
0,34458765090,225897
0,34461059570,225905
0,34463354036,225913
0,34465648536,225921
0,34467943013,225929
0,34470237492,225937
0,34472531960,225945
0,34474826456,225953
0,34477120938,225961
0,34479415405,225969
0,34481709898,225977
0,34484004378,225985
0,34486298854,225993
0,34488593335,226001
0,34490887820,226009
0,34493182299,226017
0,34495476769,226025
0,34497771263,226033
0,34500065739,226041
0,34502360209,226049
0,34504654708,226057
0,34506949183,226065
0,34509243662,226073
0,34511538132,226081
0,34513832629,226089
0,34516127104,226097
0,34518421578,226105
0,34520716071,226113
0,34523010548,226121
0,34525305025,226129
0,34527599508,226137
0,34529893994,226145
0,34532188471,226153
0,34534482938,226161
0,34536777435,226169
0,34539071914,226177
0,34541366384,226185
0,34543660878,226193
0,34545955355,226201
0,34548249832,226209
0,34550544302,226217
0,34552838799,226225
0,34555133276,226233
0,34557427747,226241
0,34559722241,226249
0,34562016722,226257
0,34564311196,226265
0,34566605676,226273
0,34568900163,226281
0,34571194642,226289
0,34573489111,226297
0,34575783606,226305
0,34578078085,226313
0,34580372555,226321
0,34582667051,226329
0,34584961527,226337
0,34587256006,226345
0,34589550476,226353
0,34591844972,226361
0,34594139451,226369
0,34596433913,226377
0,34598728413,226385
0,34601022891,226393
0,34603317367,226401
0,34605611850,226409
0,34607906336,226417
0,34610200813,226425
0,34612495285,226433
0,34614789781,226441
0,34617084258,226449
0,34619378731,226457
0,34621673226,226465
0,34623967703,226473
0,34626262180,226481
0,34628556650,226489
0,34630851149,226497
0,34633145624,226505
0,34635440090,226513
0,34637734590,226521
0,34640029067,226529
0,34642323543,226537
0,34644618027,226545
0,34646912512,226553
0,34649206990,226561
0,34651501458,226569
0,34653795955,226577
0,34656090438,226585
0,34658384907,226593
0,34660679399,226601
0,34662973876,226609
0,34665268355,226617
0,34667562826,226625
0,34669857321,226633
0,34672151799,226641
0,34674446269,226649
0,34676740767,226657
0,34679035246,226665
0,34681329721,226673
0,34683624200,226681
0,34685918688,226689
0,34688213166,226697
0,34690507633,226705
0,34692802129,226713
0,34695096610,226721
0,34697391084,226729
0,34699685578,226737
0,34701980054,226745
0,34704274532,226753
0,34706569004,226761
0,34708863500,226769
0,34711157978,226777
0,34713452445,226785
0,34715746941,226793
0,34718041418,226801
0,34720335895,226809
0,34722630378,226817
0,34724924864,226825
0,34727219340,226833
0,34729513810,226841
0,34731808306,226849
0,34734102789,226857
0,34736397258,226865
0,34738691751,226873
0,34740986230,226881
0,34743280704,226889
0,34745575176,226897
0,34747869674,226905
0,34750164151,226913
0,34752458620,226921
0,34754753116,226929
0,34757047595,226937
0,34759342069,226945
0,34761636553,226953
0,34763931040,226961
0,34766225519,226969
0,34768519989,226977
0,34770814482,226985
0,34773108966,226993
0,34775403435,227001
0,34777697929,227009
0,34779992407,227017
0,34782286886,227025
0,34784581355,227033
0,34786875852,227041
0,34789170329,227049
0,34791464800,227057
0,34793759297,227065
0,34796053775,227073
0,34798348248,227081
0,34800642731,227089
0,34802937219,227097
0,34805231696,227105
0,34807526166,227113
0,34809820662,227121
0,34812115140,227129
0,34814409617,227137
0,34816704110,227145
0,34818998585,227153
0,34821293063,227161
0,34823587535,227169
0,34825882031,227177
0,34828176510,227185
0,34830470978,227193
0,34832765474,227201
0,34835059955,227209
0,34837354430,227217
0,34839648920,227225
0,34841943395,227233
0,34844237871,227241
0,34846532346,227249
0,34848826842,227257
0,34851121322,227265
0,34853415793,227273
0,34855710287,227281
0,34858004768,227289
0,34860299241,227297
0,34862593722,227305
0,34864888211,227313
0,34867182689,227321
0,34869477159,227329
0,34871771654,227337
0,34874066133,227345
0,34876360607,227353
0,34878655100,227361
0,34880949577,227369
0,34883244056,227377
0,34885538526,227385
0,34887833023,227393
0,34890127504,227401
0,34892421972,227409
0,34894716466,227417
0,34897010945,227425
0,34899305420,227433
0,34901599903,227441
0,34903894387,227449
0,34906188866,227457
0,34908483335,227465
0,34910777833,227473
0,34913072311,227481
0,34915366779,227489
0,34917661278,227497
0,34919955755,227505
0,34922250232,227513
0,34924544703,227521
0,34926839199,227529
0,34929133677,227537
0,34931428152,227545
0,34933722645,227553
0,34936017121,227561
0,34938311599,227569
0,34940606081,227577
0,34942900567,227585
0,34945195046,227593
0,34947489514,227601
0,34949784011,227609
0,34952078491,227617
0,34954372963,227625
0,34956667458,227633
0,34958961934,227641
0,34961256410,227649
0,34963550884,227657
0,34965845381,227665
0,34968139859,227673
0,34970434330,227681
0,34972728825,227689
0,34975023306,227697
0,34977317779,227705
0,34979612262,227713
0,34981906750,227721
0,34984201228,227729
0,34986495698,227737
0,34988790193,227745
0,34991084672,227753
0,34993379145,227761
0,34995673643,227769
0,34997968119,227777
0,35000262598,227785
0,35002557066,227793
0,35004851564,227801
0,35007146045,227809
0,35009440508,227817
0,35011735008,227825
0,35014029486,227833
0,35016323964,227841
0,35018618447,227849
0,35020912933,227857
0,35023207414,227865
0,35025501882,227873
0,35027796378,227881
0,35030090858,227889
0,35032385331,227897
0,35034679826,227905
0,35036974304,227913
0,35039268781,227921
0,35041563251,227929
0,35043857747,227937
0,35046152226,227945
0,35048446694,227953
0,35050741194,227961
0,35053035669,227969
0,35055330147,227977
0,35057624629,227985
0,35059919117,227993
0,35062213596,228001
0,35064508063,228009
0,35066802562,228017
0,35069097039,228025
0,35071391516,228033
0,35073686009,228041
0,35075980485,228049
0,35078274962,228057
0,35080569436,228065
0,35082863936,228073
0,35085158412,228081
0,35087452874,228089
0,35089747376,228097
0,35092041855,228105
0,35094336330,228113
0,35096630812,228121
0,35098925301,228129
0,35101219777,228137
0,35103514249,228145
0,35105808743,228153
0,35108103225,228161
0,35110397696,228169
0,35112692192,228177
0,35114986670,228185
0,35117281145,228193
0,35119575616,228201
0,35121870113,228209
0,35124164594,228217
0,35126459065,228225
0,35128753561,228233
0,35131048038,228241
0,35133342513,228249
0,35135636999,228257
0,35137931485,228265
0,35140225965,228273
0,35142520432,228281
0,35144814929,228289
0,35147109413,228297
0,35149403882,228305
0,35151698375,228313
0,35153992854,228321
0,35156287332,228329
0,35158581805,228337
0,35160876300,228345
0,35163170780,228353
0,35165465249,228361
0,35167759747,228369
0,35170054225,228377
0,35172348702,228385
0,35174643182,228393
0,35176937670,228401
0,35179232151,228409
0,35181526621,228417
0,35183821116,228425
0,35186115596,228433
0,35188410069,228441
0,35190704563,228449
0,35192999040,228457
0,35195293518,228465
0,35197587989,228473
0,35199882488,228481
0,35202176968,228489
0,35204471437,228497
0,35206765932,228505
0,35209060414,228513
0,35211354887,228521
0,35213649369,228529
0,35215943858,228537
0,35218238335,228545
0,35220532808,228553
0,35222827305,228561
0,35225121783,228569
0,35227416254,228577
0,35229710750,228585
0,35232005230,228593
0,35234299705,228601
0,35236594175,228609
0,35238888674,228617
0,35241183153,228625
0,35243477624,228633
0,35245772120,228641
0,35248066597,228649
0,35250361071,228657
0,35252655568,228665
0,35254950045,228673
0,35257244523,228681
0,35259538994,228689
0,35261833490,228697
0,35264127970,228705
0,35266422443,228713
0,35268716935,228721
0,35271011415,228729
0,35273305889,228737
0,35275600363,228745
0,35277894861,228753
0,35280189342,228761
0,35282483810,228769
0,35284778307,228777
0,35287072785,228785
0,35289367259,228793
0,35291661752,228801
0,35293956230,228809
0,35296250710,228817
0,35298545182,228825
0,35300839678,228833
0,35303134155,228841
0,35305428629,228849
0,35307723123,228857
0,35310017601,228865
0,35312312081,228873
0,35314606550,228881
0,35316901047,228889
0,35319195529,228897
0,35321489998,228905
0,35323784493,228913
0,35326078973,228921
0,35328373444,228929
0,35330667943,228937
0,35332962420,228945
0,35335256899,228953
0,35337551371,228961
0,35339845868,228969
0,35342140346,228977
0,35344434820,228985
0,35346729314,228993
0,35349023795,229001
0,35351318270,229009
0,35353612751,229017
0,35355907240,229025
0,35358201718,229033
0,35360496189,229041
0,35362790687,229049
0,35365085164,229057
0,35367379637,229065
0,35369674134,229073
0,35371968613,229081
0,35374263092,229089
0,35376557563,229097
0,35378852061,229105
0,35381146539,229113
0,35383441011,229121
0,35385735504,229129
0,35388029983,229137
0,35390324460,229145
0,35392618945,229153
0,35394913433,229161
0,35397207910,229169
0,35399502379,229177
0,35401796877,229185
0,35404091359,229193
0,35406385831,229201
0,35408680326,229209
0,35410974802,229217
0,35413269281,229225
0,35415563755,229233
0,35417858254,229241
0,35420152730,229249
0,35422447195,229257
0,35424741698,229265
0,35427036177,229273
0,35429330653,229281
0,35431625134,229289
0,35433919622,229297
0,35436214102,229305
0,35438508573,229313
0,35440803067,229321
0,35443097546,229329
0,35445392019,229337
0,35447686517,229345
0,35449980994,229353
0,35452275471,229361
0,35454569943,229369
0,35456864440,229377
0,35459158920,229385
0,35461453388,229393
0,35463747887,229401
0,35466042366,229409
0,35468336842,229417
0,35470631325,229425
0,35472925814,229433
0,35475220291,229441
0,35477514760,229449
0,35479809257,229457
0,35482103736,229465
0,35484398211,229473
0,35486692706,229481
0,35488987181,229489
0,35491281662,229497
0,35493576134,229505
0,35495870631,229513
0,35498165111,229521
0,35500459577,229529
0,35502754079,229537
0,35505048556,229545
0,35507343034,229553
0,35509637518,229561
0,35511932006,229569
0,35514226484,229577
0,35516520953,229585
0,35518815450,229593
0,35521109935,229601
0,35523404407,229609
0,35525698900,229617
0,35527993379,229625
0,35530287856,229633
0,35532582329,229641
0,35534876829,229649
0,35537171307,229657
0,35539465774,229665
0,35541760273,229673
0,35544054752,229681
0,35546349231,229689
0,35548643712,229697
0,35550938199,229705
0,35553232677,229713
0,35555527150,229721
0,35557821647,229729
0,35560116130,229737
0,35562410598,229745
0,35564705095,229753
0,35566999575,229761
0,35569294052,229769
0,35571588524,229777
0,35573883024,229785
0,35576177500,229793
0,35578471975,229801
0,35580766470,229809
0,35583060951,229817
0,35585355424,229825
0,35587649908,229833
0,35589944400,229841
0,35592238876,229849
0,35594533347,229857
0,35596827842,229865
0,35599122325,229873
0,35601416802,229881
0,35603711293,229889
0,35606005771,229897
0,35608300247,229905
0,35610594722,229913
0,35612889220,229921
0,35615183697,229929
0,35617478166,229937
0,35619772665,229945
0,35622067146,229953
0,35624361620,229961
0,35626656112,229969
0,35628950590,229977
0,35631245069,229985
0,35633539544,229993
0,35635834036,230001
0,35638128522,230009
0,35640422990,230017
0,35642717486,230025
0,35645011965,230033
0,35647306441,230041
0,35649600913,230049
0,35651895412,230057
0,35654189892,230065
0,35656484362,230073
0,35658778858,230081
0,35661073337,230089
0,35663367815,230097
0,35665662309,230105
0,35667956785,230113
0,35670251264,230121
0,35672545736,230129
0,35674840234,230137
0,35677134714,230145
0,35679429182,230153
0,35681723681,230161
0,35684018158,230169
0,35686312636,230177
0,35688607110,230185
0,35690901608,230193
0,35693196087,230201
0,35695490557,230209
0,35697785056,230217
0,35700079535,230225
0,35702374010,230233
0,35704668505,230241
0,35706962984,230249
0,35709257460,230257
0,35711551934,230265
0,35713846432,230273
0,35716140910,230281
0,35718435384,230289
0,35720729880,230297
0,35723024357,230305
0,35725318835,230313
0,35727613307,230321
0,35729907807,230329
0,35732202287,230337
0,35734496755,230345
0,35736791252,230353
0,35739085735,230361
0,35741380204,230369
0,35743674704,230377
0,35745969181,230385
0,35748263660,230393
0,35750558133,230401
0,35752852632,230409
0,35755147112,230417
0,35757441583,230425
0,35759736078,230433
0,35762030560,230441
0,35764325035,230449
0,35766619508,230457
0,35768914007,230465
0,35771208486,230473
0,35773502957,230481
0,35775797455,230489
0,35778091934,230497
0,35780386406,230505
0,35782680905,230513
0,35784975383,230521
0,35787269861,230529
0,35789564332,230537
0,35791858828,230545
0,35794153310,230553
0,35796447783,230561
0,35798742278,230569
0,35801036755,230577
0,35803331231,230585
0,35805625715,230593
0,35807920204,230601
0,35810214686,230609
0,35812509154,230617
0,35814803650,230625
0,35817098132,230633
0,35819392603,230641
0,35821687101,230649
0,35823981576,230657
0,35826276055,230665
0,35828570528,230673
0,35830865027,230681
0,35833159505,230689
0,35835453973,230697
0,35837748475,230705
0,35840042953,230713
0,35842337431,230721
0,35844631915,230729
0,35846926401,230737
0,35849220883,230745
0,35851515353,230753
0,35853809850,230761
0,35856104328,230769
0,35858398803,230777
0,35860693300,230785
0,35862987777,230793
0,35865282255,230801
0,35867576727,230809
0,35869871224,230817
0,35872165704,230825
0,35874460171,230833
0,35876754672,230841
0,35879049152,230849
0,35881343627,230857
0,35883638112,230865
0,35885932601,230873
0,35888227078,230881
0,35890521549,230889
0,35892816049,230897
0,35895110528,230905
0,35897405002,230913
0,35899699499,230921
0,35901993976,230929
0,35904288455,230937
0,35906582928,230945
0,35908877425,230953
0,35911171907,230961
0,35913466374,230969
0,35915760878,230977
0,35918055355,230985
0,35920349830,230993
0,35922644314,231001
0,35924938803,231009
0,35927233284,231017
0,35929527754,231025
0,35931822249,231033
0,35934116734,231041
0,35936411207,231049
0,35938705702,231057
0,35941000181,231065
0,35943294658,231073
0,35945589130,231081
0,35947883632,231089
0,35950178110,231097
0,35952472581,231105
0,35954767078,231113
0,35957061558,231121
0,35959356035,231129
0,35961650519,231137
0,35963945009,231145
0,35966239488,231153
0,35968533958,231161
0,35970828458,231169
0,35973122939,231177
0,35975417411,231185
0,35977711904,231193
0,35980006384,231201
0,35982300862,231209
0,35984595335,231217
0,35986889833,231225
0,35989184314,231233
0,35991478785,231241
0,35993773284,231249
0,35996067765,231257
0,35998362237,231265
0,36000656720,231273
0,36002951212,231281
0,36005245690,231289
0,36007540164,231297
0,36009834657,231305
0,36012129139,231313
0,36014423614,231321
0,36016718109,231329
0,36019012589,231337
0,36021307065,231345
0,36023601536,231353
0,36025896038,231361
0,36028190516,231369
0,36030484987,231377
0,36032779485,231385
0,36035073966,231393
0,36037368440,231401
0,36039662938,231409
0,36041957415,231417
0,36044251894,231425
0,36046546367,231433
0,36048840862,231441
0,36051135345,231449
0,36053429817,231457
0,36055724310,231465
0,36058018793,231473
0,36060313270,231481
0,36062607743,231489
0,36064902241,231497
0,36067196721,231505
0,36069491193,231513
0,36071785691,231521
0,36074080169,231529
0,36076374647,231537
0,36078669140,231545
0,36080963619,231553
0,36083258100,231561
0,36085552571,231569
0,36087847069,231577
0,36090141550,231585
0,36092436022,231593
0,36094730519,231601
0,36097024998,231609
0,36099319476,231617
0,36101613950,231625
0,36103908448,231633
0,36106202927,231641
0,36108497400,231649
0,36110791896,231657
0,36113086378,231665
0,36115380854,231673
0,36117675346,231681
0,36119969824,231689
0,36122264306,231697
0,36124558779,231705
0,36126853277,231713
0,36129147755,231721
0,36131442230,231729
0,36133736725,231737
0,36136031207,231745
0,36138325683,231753
0,36140620156,231761
0,36142914655,231769
0,36145209135,231777
0,36147503608,231785
0,36149798104,231793
0,36152092583,231801
0,36154387057,231809
0,36156681556,231817
0,36158976035,231825
0,36161270513,231833
0,36163564984,231841
0,36165859483,231849
0,36168153963,231857
0,36170448435,231865
0,36172742931,231873
0,36175037410,231881
0,36177331889,231889
0,36179626365,231897
0,36181920859,231905
0,36184215340,231913
0,36186509809,231921
0,36188804307,231929
0,36191098789,231937
0,36193393261,231945
0,36195687759,231953
0,36197982235,231961
0,36200276717,231969
0,36202571192,231977
0,36204865688,231985
0,36207160168,231993
0,36209454636,232001
0,36211749138,232009
0,36214043618,232017
0,36216338095,232025
0,36218632568,232033
0,36220927066,232041
0,36223221548,232049
0,36225516021,232057
0,36227810516,232065
0,36230104996,232073
0,36232399468,232081
0,36234693968,232089
0,36236988446,232097
0,36239282925,232105
0,36241577398,232113
0,36243871896,232121
0,36246166374,232129
0,36248460846,232137
0,36250755347,232145
0,36253049825,232153
0,36255344303,232161
0,36257638777,232169
0,36259933276,232177
0,36262227754,232185
0,36264522224,232193
0,36266816726,232201
0,36269111203,232209
0,36271405678,232217
0,36273700175,232225
0,36275994654,232233
0,36278289134,232241
0,36280583608,232249
0,36282878106,232257
0,36285172585,232265
0,36287467053,232273
0,36289761556,232281
0,36292056036,232289
0,36294350512,232297
0,36296644997,232305
0,36298939486,232313
0,36301233964,232321
0,36303528438,232329
0,36305822935,232337
0,36308117417,232345
0,36310411890,232353
0,36312706387,232361
0,36315000867,232369
0,36317295344,232377
0,36319589819,232385
0,36321884320,232393
0,36324178797,232401
0,36326473266,232409
0,36328767767,232417
0,36331062249,232425
0,36333356725,232433
0,36335651211,232441
0,36337945699,232449
0,36340240178,232457
0,36342534649,232465
0,36344829145,232473
0,36347123630,232481
0,36349418101,232489
0,36351712600,232497
0,36354007077,232505
0,36356301556,232513
0,36358596030,232521
0,36360890530,232529
0,36363185005,232537
0,36365479475,232545
0,36367773979,232553
0,36370068457,232561
0,36372362935,232569
0,36374657418,232577
0,36376951911,232585
0,36379246385,232593
0,36381540857,232601
0,36383835356,232609
0,36386129839,232617
0,36388424315,232625
0,36390718810,232633
0,36393013290,232641
0,36395307766,232649
0,36397602240,232657
0,36399896740,232665
0,36402191220,232673
0,36404485692,232681
0,36406780189,232689
0,36409074670,232697
0,36411369147,232705
0,36413663644,232713
0,36415958122,232721
0,36418252599,232729
0,36420547071,232737
0,36422841571,232745
0,36425136053,232753
0,36427430526,232761
0,36429725019,232769
0,36432019501,232777
0,36434313976,232785
0,36436608452,232793
0,36438902952,232801
0,36441197428,232809
0,36443491901,232817
0,36445786402,232825
0,36448080882,232833
0,36450375358,232841
0,36452669853,232849
0,36454964333,232857
0,36457258811,232865
0,36459553286,232873
0,36461847780,232881
0,36464142267,232889
0,36466436737,232897
0,36468731236,232905
0,36471025715,232913
0,36473320191,232921
0,36475614664,232929
0,36477909165,232937
0,36480203645,232945
0,36482498116,232953
0,36484792614,232961
0,36487087097,232969
0,36489381571,232977
0,36491676070,232985
0,36493970548,232993
0,36496265026,233001
0,36498559498,233009
0,36500853998,233017
0,36503148479,233025
0,36505442952,233033
0,36507737448,233041
0,36510031929,233049
0,36512326406,233057
0,36514620881,233065
0,36516915380,233073
0,36519209859,233081
0,36521504329,233089
0,36523798830,233097
0,36526093311,233105
0,36528387787,233113
0,36530682281,233121
0,36532976762,233129
0,36535271238,233137
0,36537565715,233145
0,36539860213,233153
0,36542154695,233161
0,36544449166,233169
0,36546743663,233177
0,36549038144,233185
0,36551332619,233193
0,36553627093,233201
0,36555921595,233209
0,36558216074,233217
0,36560510547,233225
0,36562805043,233233
0,36565099525,233241
0,36567393995,233249
0,36569688499,233257
0,36571982976,233265
0,36574277456,233273
0,36576571928,233281
0,36578866427,233289
0,36581160911,233297
0,36583455383,233305
0,36585749880,233313
0,36588044360,233321
0,36590338837,233329
0,36592633311,233337
0,36594927812,233345
0,36597222293,233353
0,36599516765,233361
0,36601811263,233369
0,36604105744,233377
0,36606400216,233385
0,36608694713,233393
0,36610989194,233401
0,36613283671,233409
0,36615578146,233417
0,36617872645,233425
0,36620167124,233433
0,36622461593,233441
0,36624756095,233449
0,36627050575,233457
0,36629345052,233465
0,36631639525,233473
0,36633934025,233481
0,36636228508,233489
0,36638522976,233497
0,36640817477,233505
0,36643111957,233513
0,36645406430,233521
0,36647700932,233529
0,36649995409,233537
0,36652289889,233545
0,36654584359,233553
0,36656878860,233561
0,36659173340,233569
0,36661467810,233577
0,36663762309,233585
0,36666056793,233593
0,36668351266,233601
0,36670645742,233609
0,36672940243,233617
0,36675234723,233625
0,36677529195,233633
0,36679823693,233641
0,36682118173,233649
0,36684412647,233657
0,36686707145,233665
0,36689001626,233673
0,36691296103,233681
0,36693590579,233689
0,36695885077,233697
0,36698179557,233705
0,36700474026,233713
0,36702768529,233721
0,36705063009,233729
0,36707357484,233737
0,36709651960,233745
0,36711946460,233753
0,36714240941,233761
0,36716535411,233769
0,36718829909,233777
0,36721124390,233785
0,36723418862,233793
0,36725713363,233801
0,36728007842,233809
0,36730302319,233817
0,36732596794,233825
0,36734891295,233833
0,36737185775,233841
0,36739480245,233849
0,36741774745,233857
0,36744069227,233865
0,36746363702,233873
0,36748658177,233881
0,36750952675,233889
0,36753247157,233897
0,36755541628,233905
0,36757836128,233913
0,36760130610,233921
0,36762425081,233929
0,36764719580,233937
0,36767014060,233945
0,36769308540,233953
0,36771603014,233961
0,36773897514,233969
0,36776191993,233977
0,36778486463,233985
0,36780780966,233993
0,36783075447,234001
0,36785369921,234009
0,36787664406,234017
0,36789958899,234025
0,36792253377,234033
0,36794547851,234041
0,36796842349,234049
0,36799136830,234057
0,36801431305,234065
0,36803725803,234073
0,36806020284,234081
0,36808314761,234089
0,36810609232,234097
0,36812903735,234105
0,36815198215,234113
0,36817492686,234121
0,36819787186,234129
0,36822081666,234137
0,36824376141,234145
0,36826670642,234153
0,36828965119,234161
0,36831259600,234169
0,36833554071,234177
0,36835848569,234185
0,36838143053,234193
0,36840437526,234201
0,36842732021,234209
0,36845026503,234217
0,36847320979,234225
0,36849615457,234233
0,36851909955,234241
0,36854204434,234249
0,36856498907,234257
0,36858793408,234265
0,36861087889,234273
0,36863382365,234281
0,36865676860,234289
0,36867971340,234297
0,36870265820,234305
0,36872560296,234313
0,36874854792,234321
0,36877149273,234329
0,36879443748,234337
0,36881738244,234345
0,36884032727,234353
0,36886327203,234361
0,36888621677,234369
0,36890916178,234377
0,36893210657,234385
0,36895505131,234393
0,36897799628,234401
0,36900094108,234409
0,36902388583,234417
0,36904683080,234425
0,36906977561,234433
0,36909272040,234441
0,36911566514,234449
0,36913861011,234457
0,36916155494,234465
0,36918449970,234473
0,36920744466,234481
0,36923038949,234489
0,36925333425,234497
0,36927627900,234505
0,36929922401,234513
0,36932216878,234521
0,36934511351,234529
0,36936805850,234537
0,36939100333,234545
0,36941394808,234553
0,36943689305,234561
0,36945983786,234569
0,36948278265,234577
0,36950572739,234585
0,36952867239,234593
0,36955161721,234601
0,36957456192,234609
0,36959750690,234617
0,36962045172,234625
0,36964339649,234633
0,36966634125,234641
0,36968928625,234649
0,36971223103,234657
0,36973517578,234665
0,36975812077,234673
0,36978106559,234681
0,36980401030,234689
0,36982695531,234697
0,36984990012,234705
0,36987284489,234713
0,36989578964,234721
0,36991873465,234729
0,36994167943,234737
0,36996462420,234745
0,36998756916,234753
0,37001051396,234761
0,37003345875,234769
0,37005640350,234777
0,37007934850,234785
0,37010229330,234793
0,37012523803,234801
0,37014818301,234809
0,37017112784,234817
0,37019407258,234825
0,37021701757,234833
0,37023996235,234841
0,37026290717,234849
0,37028585192,234857
0,37030879691,234865
0,37033174170,234873
0,37035468641,234881
0,37037763142,234889
0,37040057625,234897
0,37042352103,234905
0,37044646575,234913
0,37046941077,234921
0,37049235557,234929
0,37051530028,234937
0,37053824529,234945
0,37056119009,234953
0,37058413485,234961
0,37060707982,234969
0,37063002462,234977
0,37065296943,234985
0,37067591417,234993
0,37069885915,235001
0,37072180399,235009
0,37074474866,235017
0,37076769369,235025
0,37079063848,235033
0,37081358327,235041
0,37083652800,235049
0,37085947301,235057
0,37088241781,235065
0,37090536252,235073
0,37092830753,235081
0,37095125233,235089
0,37097419708,235097
0,37099714207,235105
0,37102008684,235113
0,37104303167,235121
0,37106597640,235129
0,37108892141,235137
0,37111186622,235145
0,37113481091,235153
0,37115775593,235161
0,37118070073,235169
0,37120364552,235177
0,37122659027,235185
0,37124953525,235193
0,37127248009,235201
0,37129542479,235209
0,37131836979,235217
0,37134131461,235225
0,37136425936,235233
0,37138720435,235241
0,37141014912,235249
0,37143309391,235257
0,37145603867,235265
0,37147898366,235273
0,37150192848,235281
0,37152487316,235289
0,37154781822,235297
0,37157076301,235305
0,37159370779,235313
0,37161665253,235321
0,37163959754,235329
0,37166254234,235337
0,37168548706,235345
0,37170843207,235353
0,37173137692,235361
0,37175432163,235369
0,37177726663,235377
0,37180021141,235385
0,37182315621,235393
0,37184610096,235401
0,37186904595,235409
0,37189199076,235417
0,37191493546,235425
0,37193788048,235433
0,37196082530,235441
0,37198377006,235449
0,37200671483,235457
0,37202965982,235465
0,37205260462,235473
0,37207554936,235481
0,37209849436,235489
0,37212143920,235497
0,37214438396,235505
0,37216732889,235513
0,37219027372,235521
0,37221321851,235529
0,37223616326,235537
0,37225910826,235545
0,37228205306,235553
0,37230499780,235561
0,37232794279,235569
0,37235088761,235577
0,37237383237,235585
0,37239677723,235593
0,37241972214,235601
0,37244266694,235609
0,37246561170,235617
0,37248855663,235625
0,37251150150,235633
0,37253444623,235641
0,37255739122,235649
0,37258033602,235657
0,37260328079,235665
0,37262622554,235673
0,37264917056,235681
0,37267211537,235689
0,37269506010,235697
0,37271800506,235705
0,37274094990,235713
0,37276389468,235721
0,37278683963,235729
0,37280978445,235737
0,37283272924,235745
0,37285567397,235753
0,37287861896,235761
0,37290156379,235769
0,37292450855,235777
0,37294745350,235785
0,37297039831,235793
0,37299334311,235801
0,37301628785,235809
0,37303923285,235817
0,37306217766,235825
0,37308512238,235833
0,37310806739,235841
0,37313101221,235849
0,37315395697,235857
0,37317690195,235865
0,37319984675,235873
0,37322279154,235881
0,37324573631,235889
0,37326868129,235897
0,37329162612,235905
0,37331457087,235913
0,37333751583,235921
0,37336046065,235929
0,37338340542,235937
0,37340635016,235945
0,37342929518,235953
0,37345223999,235961
0,37347518473,235969
0,37349812973,235977
0,37352107453,235985
0,37354401932,235993
0,37356696429,236001
0,37358990907,236009
0,37361285388,236017
0,37363579861,236025
0,37365874361,236033
0,37368168845,236041
0,37370463319,236049
0,37372757817,236057
0,37375052296,236065
0,37377346775,236073
0,37379641251,236081
0,37381935752,236089
0,37384230233,236097
0,37386524706,236105
0,37388819202,236113
0,37391113686,236121
0,37393408161,236129
0,37395702661,236137
0,37397997140,236145
0,37400291620,236153
0,37402586093,236161
0,37404880594,236169
0,37407175076,236177
0,37409469553,236185
0,37411764048,236193
0,37414058531,236201
0,37416353008,236209
0,37418647482,236217
0,37420941982,236225
0,37423236465,236233
0,37425530936,236241
0,37427825440,236249
0,37430119919,236257
0,37432414395,236265
0,37434708895,236273
0,37437003373,236281
0,37439297854,236289
0,37441592329,236297
0,37443886828,236305
0,37446181312,236313
0,37448475778,236321
0,37450770283,236329
0,37453064761,236337
0,37455359239,236345
0,37457653713,236353
0,37459948214,236361
0,37462242697,236369
0,37464537172,236377
0,37466831670,236385
0,37469126150,236393
0,37471420625,236401
0,37473715127,236409
0,37476009605,236417
0,37478304086,236425
0,37480598561,236433
0,37482893062,236441
0,37485187543,236449
0,37487482014,236457
0,37489776516,236465
0,37492070994,236473
0,37494365472,236481
0,37496659951,236489
0,37498954451,236497
0,37501248933,236505
0,37503543405,236513
0,37505837905,236521
0,37508132388,236529
0,37510426862,236537
0,37512721360,236545
0,37515015841,236553
0,37517310320,236561
0,37519604799,236569
0,37521899297,236577
0,37524193779,236585
0,37526488249,236593
0,37528782754,236601
0,37531077233,236609
0,37533371712,236617
0,37535666185,236625
0,37537960685,236633
0,37540255169,236641
0,37542549642,236649
0,37544844142,236657
0,37547138623,236665
0,37549433099,236673
0,37551727600,236681
0,37554022078,236689
0,37556316561,236697
0,37558611035,236705
0,37560905533,236713
0,37563200015,236721
0,37565494484,236729
0,37567788988,236737
0,37570083470,236745
0,37572377947,236753
0,37574672423,236761
0,37576966924,236769
0,37579261406,236777
0,37581555880,236785
0,37583850378,236793
0,37586144861,236801
0,37588439335,236809
0,37590733834,236817
0,37593028314,236825
0,37595322795,236833
0,37597617268,236841
0,37599911770,236849
0,37602206251,236857
0,37604500722,236865
0,37606795225,236873
0,37609089706,236881
0,37611384183,236889
0,37613678672,236897
0,37615973164,236905
0,37618267643,236913
0,37620562114,236921
0,37622856616,236929
0,37625151100,236937
0,37627445570,236945
0,37629740070,236953
0,37632034552,236961
0,37634329031,236969
0,37636623508,236977
0,37638918008,236985
0,37641212487,236993
0,37643506960,237001
0,37645801464,237009
0,37648095946,237017
0,37650390422,237025
0,37652684908,237033
0,37654979400,237041
0,37657273879,237049
0,37659568356,237057
0,37661862854,237065
0,37664157337,237073
0,37666451809,237081
0,37668746309,237089
0,37671040790,237097
0,37673335270,237105
0,37675629743,237113
0,37677924244,237121
0,37680218726,237129
0,37682513201,237137
0,37684807700,237145
0,37687102181,237153
0,37689396659,237161
0,37691691148,237169
0,37693985637,237177
0,37696280119,237185
0,37698574594,237193
0,37700869092,237201
0,37703163575,237209
0,37705458053,237217
0,37707752548,237225
0,37710047031,237233
0,37712341510,237241
0,37714635987,237249
0,37716930488,237257
0,37719224966,237265
0,37721519440,237273
0,37723813942,237281
0,37726108423,237289
0,37728402902,237297
0,37730697398,237305
0,37732991878,237313
0,37735286361,237321
0,37737580836,237329
0,37739875332,237337
0,37742169818,237345
0,37744464289,237353
0,37746758788,237361
0,37749053270,237369
0,37751347750,237377
0,37753642225,237385
0,37755936724,237393
0,37758231205,237401
0,37760525680,237409
0,37762820181,237417
0,37765114664,237425
0,37767409142,237433
0,37769703637,237441
0,37771998118,237449
0,37774292598,237457
0,37776587074,237465
0,37778881571,237473
0,37781176056,237481
0,37783470529,237489
0,37785765028,237497
0,37788059511,237505
0,37790353991,237513
0,37792648463,237521
0,37794942965,237529
0,37797237448,237537
0,37799531923,237545
0,37801826420,237553
0,37804120906,237561
0,37806415384,237569
0,37808709882,237577
0,37811004361,237585
0,37813298841,237593
0,37815593317,237601
0,37817887819,237609
0,37820182299,237617
0,37822476770,237625
0,37824771270,237633
0,37827065755,237641
0,37829360232,237649
0,37831654708,237657
0,37833949211,237665
0,37836243689,237673
0,37838538163,237681
0,37840832666,237689
0,37843127147,237697
0,37845421624,237705
0,37847716123,237713
0,37850010603,237721
0,37852305083,237729
0,37854599559,237737
0,37856894059,237745
0,37859188541,237753
0,37861483008,237761
0,37863777513,237769
0,37866071995,237777
0,37868366475,237785
0,37870660950,237793
0,37872955451,237801
0,37875249931,237809
0,37877544408,237817
0,37879838907,237825
0,37882133389,237833
0,37884427863,237841
0,37886722365,237849
0,37889016846,237857
0,37891311328,237865
0,37893605802,237873
0,37895900301,237881
0,37898194784,237889
0,37900489258,237897
0,37902783759,237905
0,37905078239,237913
0,37907372719,237921
0,37909667195,237929
0,37911961696,237937
0,37914256180,237945
0,37916550651,237953
0,37918845149,237961
0,37921139634,237969
0,37923434110,237977
0,37925728611,237985
0,37928023089,237993
0,37930317572,238001
0,37932612047,238009
0,37934906547,238017
0,37937201031,238025
0,37939495500,238033
0,37941790003,238041
0,37944084486,238049
0,37946378964,238057
0,37948673438,238064
0,37950967941,238071
0,37953262422,238078
0,37955556894,238085
0,37957851396,238092
0,37960145878,238099
0,37962440353,238106
0,37964734854,238113
0,37967029333,238120
0,37969323817,238127
0,37971618292,238134
0,37973912792,238141
0,37976207276,238148
0,37978501742,238155
0,37980796249,238162
0,37983090730,238169
0,37985385208,238176
0,37987679684,238183
0,37989974186,238190
0,37992268666,238197
0,37994563142,238204
0,37996857643,238211
0,37999152126,238218
0,38001446600,238225
0,38003741102,238232
0,38006035582,238239
0,38008330060,238246
0,38010624536,238253
0,38012919037,238260
0,38015213520,238267
0,38017507994,238274
0,38019802496,238281
0,38022096976,238288
0,38024391456,238295
0,38026685945,238302
0,38028980434,238309
0,38031274917,238316
0,38033569388,238323
0,38035863889,238330
0,38038158372,238337
0,38040452847,238344
0,38042747349,238351
0,38045041827,238358
0,38047336308,238365
0,38049630785,238372
0,38051925287,238379
0,38054219770,238386
0,38056514238,238393
0,38058808742,238400
0,38061103224,238407
0,38063397704,238414
0,38065692188,238421
0,38067986680,238428
0,38070281161,238435
0,38072575635,238442
0,38074870134,238449
0,38077164619,238456
0,38079459093,238463
0,38081753593,238470
0,38084048075,238477
0,38086342557,238484
0,38088637032,238491
0,38090931532,238498
0,38093226015,238505
0,38095520489,238512
0,38097814990,238519
0,38100109470,238526
0,38102403949,238533
0,38104698436,238540
0,38106992927,238547
0,38109287410,238554
0,38111581885,238561
0,38113876383,238568
0,38116170868,238575
0,38118465341,238582
0,38120759840,238589
0,38123054325,238596
0,38125348801,238603
0,38127643276,238610
0,38129937780,238617
0,38132232259,238624
0,38134526735,238631
0,38136821233,238638
0,38139115715,238645
0,38141410194,238652
0,38143704682,238659
0,38145999174,238666
0,38148293654,238673
0,38150588129,238680
0,38152882630,238687
0,38155177114,238694
0,38157471590,238701
0,38159766088,238708
0,38162060568,238715
0,38164355047,238722
0,38166649526,238729
0,38168944028,238736
0,38171238511,238743
0,38173532982,238750
0,38175827485,238757
0,38178121965,238764
0,38180416444,238771
0,38182710932,238778
0,38185005424,238785
0,38187299905,238792
0,38189594382,238799
0,38191888879,238806
0,38194183363,238813
0,38196477839,238820
0,38198772339,238827
0,38201066820,238834
0,38203361302,238841
0,38205655776,238848
0,38207950276,238855
0,38210244760,238862
0,38212539235,238869
0,38214833736,238876
0,38217128218,238883
0,38219422698,238890
0,38221717195,238897
0,38224011675,238904
0,38226306157,238911
0,38228600632,238918
0,38230895132,238925
0,38233189616,238932
0,38235484087,238939
0,38237778590,238946
0,38240073075,238953
0,38242367551,238960
0,38244662025,238967
0,38246956529,238974
0,38249251011,238981
0,38251545489,238988
0,38253839987,238995
0,38256134469,239002
0,38258428943,239009
0,38260723448,239016
0,38263017928,239023
0,38265312410,239030
0,38267606884,239037
0,38269901385,239044
0,38272195869,239051
0,38274490339,239058
0,38276784844,239065
0,38279079324,239072
0,38281373801,239079
0,38283668281,239086
0,38285962783,239093
0,38288257265,239100
0,38290551738,239107
0,38292846239,239114
0,38295140723,239121
0,38297435198,239128
0,38299729700,239135
0,38302024180,239142
0,38304318660,239149
0,38306613139,239156
0,38308907638,239163
0,38311202118,239170
0,38313496588,239177
0,38315791092,239184
0,38318085576,239191
0,38320380054,239198
0,38322674530,239205
0,38324969029,239212
0,38327263514,239219
0,38329557989,239226
0,38331852491,239233
0,38334146972,239240
0,38336441446,239247
0,38338735949,239254
0,38341030429,239261
0,38343324912,239268
0,38345619388,239275
0,38347913886,239282
0,38350208371,239289
0,38352502843,239296
0,38354797345,239303
0,38357091827,239310
0,38359386306,239317
0,38361680781,239324
0,38363975283,239331
0,38366269767,239338
0,38368564242,239345
0,38370858740,239352
0,38373153223,239359
0,38375447697,239366
0,38377742201,239373
0,38380036681,239380
0,38382331164,239387
0,38384625637,239394
0,38386920140,239401
0,38389214622,239408
0,38391509095,239415
0,38393803598,239422
0,38396098079,239429
0,38398392560,239436
0,38400687048,239443
0,38402981540,239450
0,38405276022,239457
0,38407570495,239464
0,38409864996,239471
0,38412159480,239478
0,38414453954,239485
0,38416748456,239492
0,38419042935,239499
0,38421337416,239506
0,38423631894,239513
0,38425926396,239520
0,38428220876,239527
0,38430515348,239534
0,38432809853,239541
0,38435104337,239548
0,38437398816,239555
0,38439693302,239562
0,38441987793,239569
0,38444282276,239576
0,38446576751,239583
0,38448871252,239590
0,38451165736,239597
0,38453460210,239604
0,38455754712,239611
0,38458049193,239618
0,38460343677,239625
0,38462638153,239632
0,38464932652,239639
0,38467227136,239646
0,38469521605,239653
0,38471816111,239660
0,38474110595,239667
0,38476405072,239674
0,38478699560,239681
0,38480994051,239688
0,38483288535,239695
0,38485583011,239702
0,38487877509,239709
0,38490171993,239716
0,38492466465,239723
0,38494760969,239730
0,38497055452,239737
0,38499349931,239744
0,38501644405,239751
0,38503938910,239758
0,38506233390,239765
0,38508527865,239772
0,38510822365,239779
0,38513116848,239786
0,38515411326,239793
0,38517705814,239800
0,38520000306,239807
0,38522294788,239814
0,38524589265,239821
0,38526883761,239828
0,38529178248,239835
0,38531472726,239842
0,38533767222,239849
0,38536061705,239856
0,38538356186,239863
0,38540650663,239870
0,38542945165,239877
0,38545239645,239884
0,38547534122,239891
0,38549828622,239898
0,38552123106,239905
0,38554417584,239912
0,38556712072,239919
0,38559006562,239926
0,38561301044,239933
0,38563595520,239940
0,38565890020,239947
0,38568184506,239954
0,38570478982,239961
0,38572773480,239968
0,38575067963,239975
0,38577362445,239982
0,38579656921,239989
0,38581951423,239996
0,38584245905,240003
0,38586540378,240010
0,38588834881,240017
0,38591129365,240024
0,38593423842,240031
0,38595718330,240038
0,38598012821,240045
0,38600307304,240052
0,38602601781,240059
0,38604896278,240066
0,38607190764,240073
0,38609485238,240080
0,38611779737,240087
0,38614074224,240094
0,38616368701,240101
0,38618663178,240108
0,38620957681,240115
0,38623252161,240122
0,38625546638,240129
0,38627841140,240136
0,38630135622,240143
0,38632430104,240150
0,38634724590,240157
0,38637019081,240164
0,38639313564,240171
0,38641608041,240178
0,38643902537,240185
0,38646197024,240192
0,38648491497,240199
0,38650786001,240206
0,38653080482,240213
0,38655374963,240220
0,38657669438,240227
0,38659963942,240234
0,38662258424,240241
0,38664552900,240248
0,38666847401,240255
0,38669141884,240262
0,38671436360,240269
0,38673730849,240276
0,38676025341,240283
0,38678319821,240290
0,38680614298,240297
0,38682908798,240304
0,38685203284,240311
0,38687497755,240318
0,38689792257,240325
0,38692086740,240332
0,38694381220,240339
0,38696675698,240346
0,38698970199,240353
0,38701264681,240360
0,38703559155,240367
0,38705853657,240374
0,38708148143,240381
0,38710442617,240388
0,38712737120,240395
0,38715031599,240402
0,38717326082,240409
0,38719620557,240416
0,38721915061,240423
0,38724209545,240430
0,38726504015,240437
0,38728798520,240444
0,38731093003,240451
0,38733387482,240458
0,38735681958,240465
0,38737976461,240472
0,38740270942,240479
0,38742565418,240486
0,38744859919,240493
0,38747154401,240500
0,38749448879,240507
0,38751743378,240514
0,38754037860,240521
0,38756332344,240528
0,38758626821,240535
0,38760921321,240542
0,38763215805,240549
0,38765510277,240556
0,38767804784,240563
0,38770099262,240570
0,38772393743,240577
0,38774688220,240584
0,38776982722,240591
0,38779277207,240598
0,38781571680,240605
0,38783866180,240612
0,38786160664,240619
0,38788455139,240626
0,38790749644,240633
0,38793044125,240640
0,38795338605,240647
0,38797633082,240654
0,38799927582,240661
0,38802222068,240668
0,38804516540,240675
0,38806811044,240682
0,38809105524,240689
0,38811400005,240696
0,38813694495,240703
0,38815988985,240710
0,38818283469,240717
0,38820577941,240724
0,38822872443,240731
0,38825166929,240738
0,38827461406,240745
0,38829755908,240752
0,38832050387,240759
0,38834344869,240766
0,38836639348,240773
0,38838933851,240780
0,38841228334,240787
0,38843522803,240794
0,38845817308,240801
0,38848111791,240808
0,38850406270,240815
0,38852700759,240822
0,38854995249,240829
0,38857289731,240836
0,38859584206,240843
0,38861878710,240850
0,38864173195,240857
0,38866467669,240864
0,38868762171,240871
0,38871056653,240878
0,38873351137,240885
0,38875645609,240892
0,38877940109,240899
0,38880234594,240906
0,38882529064,240913
0,38884823570,240920
0,38887118052,240927
0,38889412532,240934
0,38891707020,240941
0,38894001512,240948
0,38896295995,240955
0,38898590473,240962
0,38900884971,240969
0,38903179457,240976
0,38905473930,240983
0,38907768432,240990
0,38910062919,240997
0,38912357395,241004
0,38914651873,241011
0,38916946374,241018
0,38919240858,241025
0,38921535335,241032
0,38923829837,241039
0,38926124318,241046
0,38928418796,241053
0,38930713284,241060
0,38933007778,241067
0,38935302261,241074
0,38937596736,241081
0,38939891236,241088
0,38942185722,241095
0,38944480198,241102
0,38946774701,241109
0,38949069182,241116
0,38951363661,241123
0,38953658139,241130
0,38955952643,241137
0,38958247126,241144
0,38960541601,241151
0,38962836100,241158
0,38965130584,241165
0,38967425063,241172
0,38969719553,241179
0,38972014045,241186
0,38974308527,241193
0,38976603005,241200
0,38978897504,241207
0,38981191990,241214
0,38983486467,241221
0,38985780967,241228
0,38988075449,241235
0,38990369931,241242
0,38992664406,241249
0,38994958909,241256
0,38997253392,241263
0,38999547868,241270
0,39001842367,241277
0,39004136853,241284
0,39006431331,241291
0,39008725820,241298
0,39011020312,241305
0,39013314796,241312
0,39015609272,241319
0,39017903773,241326
0,39020198258,241333
0,39022492728,241340
0,39024787233,241347
0,39027081719,241354
0,39029376198,241361
0,39031670676,241368
0,39033965177,241375
0,39036259658,241382
0,39038554135,241389
0,39040848639,241396
0,39043143118,241403
0,39045437602,241410
0,39047732087,241417
0,39050026579,241424
0,39052321064,241431
0,39054615540,241438
0,39056910038,241445
0,39059204523,241452
0,39061498995,241459
0,39063793501,241466
0,39066087984,241473
0,39068382465,241480
0,39070676941,241487
0,39072971442,241494
0,39075265926,241501
0,39077560401,241508
0,39079854901,241515
0,39082149386,241522
0,39084443858,241529
0,39086738352,241536
0,39089032846,241543
0,39091327330,241550
0,39093621805,241557
0,39095916305,241564
0,39098210787,241571
0,39100505262,241578
0,39102799768,241585
0,39105094251,241592
0,39107388728,241599
0,39109683205,241606
0,39111977709,241613
0,39114272191,241620
0,39116566668,241627
0,39118861170,241634
0,39121155651,241641
0,39123450129,241648
0,39125744624,241655
0,39128039113,241662
0,39130333597,241669
0,39132628072,241676
0,39134922574,241683
0,39137217058,241690
0,39139511530,241697
0,39141806036,241704
0,39144100518,241711
0,39146394998,241718
0,39148689477,241725
0,39150983978,241732
0,39153278461,241739
0,39155572938,241746
0,39157867439,241753
0,39160161924,241760
0,39162456402,241767
0,39164750891,241774
0,39167045383,241781
0,39169339868,241788
0,39171634343,241795
0,39173928849,241802
0,39176223329,241809
0,39178517801,241816
0,39180812306,241823
0,39183106789,241830
0,39185401272,241837
0,39187695759,241844
0,39189990252,241851
0,39192284734,241858
0,39194579210,241865
0,39196873712,241872
0,39199168196,241879
0,39201462672,241886
0,39203757174,241893
0,39206051657,241900
0,39208346140,241907
0,39210640618,241914
0,39212935118,241921
0,39215229600,241928
0,39217524075,241935
0,39219818581,241942
0,39222113066,241949
0,39224407544,241956
0,39226702032,241963
0,39228996522,241970
0,39231291008,241977
0,39233585483,241984
0,39235879984,241991
0,39238174468,241998
0,39240468944,242005
0,39242763446,242012
0,39245057928,242019
0,39247352413,242026
0,39249646890,242033
0,39251941390,242040
0,39254235876,242047
0,39256530346,242054
0,39258824852,242061
0,39261119336,242068
0,39263413814,242075
0,39265708304,242082
0,39268002796,242089
0,39270297280,242096
0,39272591754,242103
0,39274886256,242110
0,39277180742,242117
0,39279475217,242124
0,39281769722,242131
0,39284064206,242138
0,39286358683,242145
0,39288653160,242152
0,39290947663,242159
0,39293242147,242166
0,39295536618,242173
0,39297831124,242180
0,39300125605,242187
0,39302420088,242194
0,39304714577,242201
0,39307009068,242208
0,39309303553,242215
0,39311598030,242222
0,39313892526,242229
0,39316187015,242236
0,39318481489,242243
0,39320775993,242250
0,39323070474,242257
0,39325364957,242264
0,39327659434,242271
0,39329953935,242278
0,39332248419,242285
0,39334542893,242292
0,39336837395,242299
0,39339131881,242306
0,39341426359,242313
0,39343720849,242320
0,39346015343,242327
0,39348309822,242334
0,39350604300,242341
0,39352898802,242348
0,39355193288,242355
0,39357487764,242362
0,39359782264,242369
0,39362076747,242376
0,39364371231,242383
0,39366665709,242390
0,39368960212,242397
0,39371254694,242404
0,39373549168,242411
0,39375843671,242418
0,39378138156,242425
0,39380432635,242432
0,39382727126,242439
0,39385021616,242446
0,39387316101,242453
0,39389610578,242460
0,39391905078,242467
0,39394199565,242474
0,39396494040,242481
0,39398788538,242488
0,39401083027,242495
0,39403377505,242502
0,39405671983,242509
0,39407966488,242516
0,39410260968,242523
0,39412555443,242530
0,39414849949,242537
0,39417144432,242544
0,39419438915,242551
0,39421733399,242558
0,39424027892,242565
0,39426322376,242572
0,39428616854,242579
0,39430911353,242586
0,39433205841,242593
0,39435500313,242600
0,39437794819,242607
0,39440089303,242614
0,39442383782,242621
0,39444678260,242628
0,39446972763,242635
0,39449267246,242642
0,39451561724,242649
0,39453856227,242656
0,39456150708,242663
0,39458445191,242670
0,39460739678,242677
0,39463034172,242684
0,39465328653,242691
0,39467623131,242698
0,39469917628,242705
0,39472212118,242712
0,39474506592,242719
0,39476801094,242726
0,39479095577,242733
0,39481390056,242740
0,39483684533,242747
0,39485979040,242754
0,39488273523,242761
0,39490567997,242768
0,39492862500,242775
0,39495156985,242782
0,39497451463,242789
0,39499745955,242796
0,39502040448,242803
0,39504334928,242810
0,39506629407,242817
0,39508923911,242824
0,39511218395,242831
0,39513512866,242838
0,39515807372,242845
0,39518101853,242852
0,39520396335,242859
0,39522690814,242866
0,39524985319,242873
0,39527279800,242880
0,39529574275,242887
0,39531868778,242894
0,39534163262,242901
0,39536457741,242908
0,39538752232,242915
0,39541046721,242922
0,39543341206,242929
0,39545635684,242936
0,39547930187,242943
0,39550224672,242950
0,39552519143,242957
0,39554813650,242964
0,39557108133,242971
0,39559402614,242978
0,39561697093,242985
0,39563991596,242992
0,39566286078,242999
0,39568580554,243006
0,39570875058,243013
0,39573169543,243020
0,39575464019,243027
0,39577758509,243034
0,39580053002,243041
0,39582347484,243048
0,39584641965,243055
0,39586936467,243062
0,39589230949,243069
0,39591525423,243076
0,39593819929,243083
0,39596114411,243090
0,39598408893,243097
0,39600703383,243104
0,39602997872,243111
0,39605292359,243118
0,39607586834,243125
0,39609881337,243132
0,39612175820,243139
0,39614470299,243146
0,39616764789,243153
0,39619059284,243160
0,39621353766,243167
0,39623648246,243174
0,39625942747,243181
0,39628237231,243188
0,39630531703,243195
0,39632826209,243202
0,39635120694,243209
0,39637415171,243216
0,39639709661,243223
0,39642004156,243230
0,39644298637,243237
0,39646593113,243244
0,39648887616,243251
0,39651182098,243258
0,39653476578,243265
0,39655771083,243272
0,39658065567,243279
0,39660360047,243286
0,39662654524,243293
0,39664949023,243300
0,39667243512,243307
0,39669537984,243314
0,39671832492,243321
0,39674126973,243328
0,39676421454,243335
0,39678715943,243342
0,39681010436,243349
0,39683304923,243356
0,39685599397,243363
0,39687893897,243370
0,39690188386,243377
0,39692482859,243384
0,39694777363,243391
0,39697071846,243398
0,39699366324,243405
0,39701660803,243412
0,39703955307,243419
0,39706249791,243426
0,39708544264,243433
0,39710838770,243440
0,39713133253,243447
0,39715427735,243454
0,39717722225,243461
0,39720016717,243468
0,39722311202,243475
0,39724605679,243482
0,39726900181,243489
0,39729194666,243496
0,39731489143,243503
0,39733783646,243510
0,39736078129,243517
0,39738372610,243524
0,39740667089,243531
0,39742961592,243538
0,39745256076,243545
0,39747550548,243552
0,39749845052,243559
0,39752139539,243566
0,39754434017,243573
0,39756728508,243580
0,39759023001,243587
0,39761317484,243594
0,39763611962,243601
0,39765906464,243608
0,39768200950,243615
0,39770495425,243622
0,39772789927,243629
0,39775084412,243636
0,39777378892,243643
0,39779673371,243650
0,39781967873,243657
0,39784262358,243664
0,39786556835,243671
0,39788851339,243678
0,39791145821,243685
0,39793440301,243692
0,39795734793,243699
0,39798029284,243706
0,39800323770,243713
0,39802618248,243720
0,39804912748,243727
0,39807207235,243734
0,39809501708,243741
0,39811796212,243748
0,39814090697,243755
0,39816385178,243762
0,39818679658,243769
0,39820974159,243776
0,39823268643,243783
0,39825563119,243790
0,39827857623,243797
0,39830152107,243804
0,39832446588,243811
0,39834741074,243818
0,39837035570,243825
0,39839330053,243832
0,39841624531,243839
0,39843919032,243846
0,39846213516,243853
0,39848507990,243860
0,39850802496,243867
0,39853096982,243874
0,39855391461,243881
0,39857685940,243888
0,39859980443,243895
0,39862274927,243902
0,39864569405,243909
0,39866863908,243916
0,39869158392,243923
0,39871452873,243930
0,39873747359,243937
0,39876041855,243944
0,39878336338,243951
0,39880630817,243958
0,39882925316,243965
0,39885219803,243972
0,39887514276,243979
0,39889808784,243986
0,39892103269,243993
0,39894397747,244000
0,39896692225,244007
0,39898986731,244014
0,39901281214,244021
0,39903575690,244028
0,39905870193,244035
0,39908164677,244042
0,39910459154,244049
0,39912753648,244056
0,39915048142,244063
0,39917342624,244070
0,39919637102,244077
0,39921931601,244084
0,39924226090,244091
0,39926520563,244098
0,39928815069,244105
0,39931109553,244112
0,39933404034,244119
0,39935698512,244126
0,39937993016,244133
0,39940287498,244140
0,39942581976,244147
0,39944876478,244154
0,39947170963,244161
0,39949465441,244168
0,39951759931,244175
0,39954054425,244182
0,39956348908,244189
0,39958643385,244196
0,39960937891,244203
0,39963232374,244210
0,39965526848,244217
0,39967821354,244224
0,39970115838,244231
0,39972410320,244238
0,39974704810,244245
0,39976999303,244252
0,39979293786,244259
0,39981588264,244266
0,39983882765,244273
0,39986177251,244280
0,39988471728,244287
0,39990766221,244294
0,39993060714,244301
0,39995355199,244308
0,39997649677,244315
0,39999944179,244322
0,40002238663,244329
0,40004533138,244336
0,40006827643,244343
0,40009122126,244350
0,40011416607,244357
0,40013711097,244364
0,40016005589,244371
0,40018300071,244378
0,40020594548,244385
0,40022889051,244392
0,40025183536,244399
0,40027478014,244406
0,40029772504,244413
0,40032066998,244420
0,40034361483,244427
0,40036655961,244434
0,40038950466,244441
0,40041244949,244448
0,40043539421,244455
0,40045833929,244462
0,40048128414,244469
0,40050422893,244476
0,40052717385,244483
0,40055011876,244490
0,40057306362,244497
0,40059600837,244504
0,40061895343,244511
0,40064189826,244518
0,40066484302,244525
0,40068778791,244532
0,40071073289,244539
0,40073367772,244546
0,40075662251,244553
0,40077956754,244560
0,40080251237,244567
0,40082545710,244574
0,40084840220,244581
0,40087134704,244588
0,40089429185,244595
0,40091723674,244602
0,40094018166,244609
0,40096312651,244616
0,40098607129,244623
0,40100901630,244630
0,40103196117,244637
0,40105490594,244644
0,40107785085,244651
0,40110079582,244658
0,40112374062,244665
0,40114668542,244672
0,40116963044,244679
0,40119257530,244686
0,40121552002,244693
0,40123846512,244700
0,40126140995,244707
0,40128435474,244714
0,40130729962,244721
0,40133024457,244728
0,40135318942,244735
0,40137613421,244742
0,40139907921,244749
0,40142202408,244756
0,40144496883,244763
0,40146791387,244770
0,40149085872,244777
0,40151380352,244784
0,40153674832,244791
0,40155969335,244798
0,40158263820,244805
0,40160558293,244812
0,40162852800,244819
0,40165147286,244826
0,40167441766,244833
0,40169736258,244840
0,40172030751,244847
0,40174325234,244854
0,40176619713,244861
0,40178914214,244868
0,40181208703,244875
0,40183503178,244882
0,40185797682,244889
0,40188092167,244896
0,40190386646,244903
0,40192681126,244910
0,40194975630,244917
0,40197270114,244924
0,40199564592,244931
0,40201859093,244938
0,40204153579,244945
0,40206448060,244952
0,40208742550,244959
0,40211037043,244966
0,40213331528,244973
0,40215626005,244980
0,40217920505,244987
0,40220214994,244994
0,40222509469,245001
0,40224803975,245008
0,40227098457,245015
0,40229392938,245022
0,40231687420,245029
0,40233981923,245036
0,40236276407,245043
0,40238570885,245050
0,40240865387,245057
0,40243159873,245064
0,40245454356,245071
0,40247748845,245078
0,40250043338,245085
0,40252337818,245092
0,40254632298,245099
0,40256926801,245106
0,40259221287,245113
0,40261515759,245120
0,40263810267,245127
0,40266104748,245134
0,40268399231,245141
0,40270693712,245148
0,40272988215,245155
0,40275282699,245162
0,40277577177,245169
0,40279871680,245176
0,40282166165,245183
0,40284460649,245190
0,40286755137,245197
0,40289049628,245204
0,40291344112,245211
0,40293638592,245218
0,40295933095,245225
0,40298227582,245232
0,40300522057,245239
0,40302816559,245246
0,40305111046,245253
0,40307405527,245260
0,40309700005,245267
0,40311994509,245274
0,40314288993,245281
0,40316583470,245288
0,40318877973,245295
0,40321172459,245302
0,40323466937,245309
0,40325761430,245316
0,40328055922,245323
0,40330350407,245330
0,40332644886,245337
0,40334939387,245344
0,40337233875,245351
0,40339528349,245358
0,40341822856,245365
0,40344117338,245372
0,40346411820,245379
0,40348706299,245386
0,40351000803,245393
0,40353295289,245400
0,40355589765,245407
0,40357884270,245414
0,40360178755,245421
0,40362473232,245428
0,40364767724,245435
0,40367062219,245442
0,40369356702,245449
0,40371651182,245456
0,40373945687,245463
0,40376240170,245470
0,40378534647,245477
0,40380829153,245484
0,40383123637,245491
0,40385418119,245498
0,40387712609,245505
0,40390007101,245512
0,40392301586,245519
0,40394596062,245526
0,40396890568,245533
0,40399185050,245540
0,40401479529,245547
0,40403774020,245554
0,40406068515,245561
0,40408362999,245568
0,40410657478,245575
0,40412951981,245582
0,40415246467,245589
0,40417540939,245596
0,40419835447,245603
0,40422129933,245610
0,40424424413,245617
0,40426718902,245624
0,40429013397,245631
0,40431307882,245638
0,40433602360,245645
0,40435896863,245652
0,40438191345,245659
0,40440485825,245666
0,40442780320,245673
0,40445074815,245680
0,40447369297,245687
0,40449663776,245694
0,40451958280,245701
0,40454252765,245708
0,40456547238,245715
0,40458841748,245722
0,40461136230,245729
0,40463430713,245736
0,40465725203,245743
0,40468019696,245750
0,40470314182,245757
0,40472608658,245764
0,40474903158,245771
0,40477197645,245778
0,40479492124,245785
0,40481786618,245792
0,40484081115,245799
0,40486375594,245806
0,40488670073,245813
0,40490964578,245820
0,40493259063,245827
0,40495553536,245834
0,40497848044,245841
0,40500142528,245848
0,40502437010,245855
0,40504731498,245862
0,40507025992,245869
0,40509320478,245876
0,40511614954,245883
0,40513909459,245890
0,40516203945,245897
0,40518498422,245904
0,40520792916,245911
0,40523087413,245918
0,40525381894,245925
0,40527676372,245932
0,40529970875,245939
0,40532265363,245946
0,40534559837,245953
0,40536854344,245960
0,40539148829,245967
0,40541443308,245974
0,40543737799,245981
0,40546032296,245988
0,40548326779,245995
0,40550621259,246002
0,40552915758,246009
0,40555210245,246016
0,40557504721,246023
0,40559799215,246030
0,40562093711,246037
0,40564388192,246044
0,40566682674,246051
0,40568977179,246058
0,40571271663,246065
0,40573566137,246072
0,40575860642,246079
0,40578155126,246086
0,40580449608,246093
0,40582744101,246100
0,40585038592,246107
0,40587333077,246114
0,40589627554,246121
0,40591922056,246128
0,40594216545,246135
0,40596511020,246142
0,40598805513,246149
0,40601100010,246156
0,40603394492,246163
0,40605688973,246170
0,40607983477,246177
0,40610277960,246184
0,40612572440,246191
0,40614866943,246198
0,40617161427,246205
0,40619455909,246212
0,40621750399,246219
0,40624044892,246226
0,40626339377,246233
0,40628633857,246240
0,40630928360,246247
0,40633222847,246254
0,40635517317,246261
0,40637811826,246268
0,40640106313,246275
0,40642400797,246282
0,40644695273,246289
0,40646989778,246296
0,40649284262,246303
0,40651578740,246310
0,40653873243,246317
0,40656167730,246324
0,40658462212,246331
0,40660756702,246338
0,40663051197,246345
0,40665345681,246352
0,40667640160,246359
0,40669934660,246366
0,40672229146,246373
0,40674523621,246380
0,40676818130,246387
0,40679112616,246394
0,40681407097,246401
0,40683701577,246408
0,40685996081,246415
0,40688290565,246422
0,40690585044,246429
0,40692879548,246436
0,40695174034,246443
0,40697468517,246450
0,40699763005,246457
0,40702057500,246464
0,40704351983,246471
0,40706646465,246478
0,40708940966,246485
0,40711235454,246492
0,40713529926,246499
0,40715824433,246506
0,40718118917,246513
0,40720413401,246520
0,40722707883,246527
0,40725002386,246534
0,40727296870,246541
0,40729591347,246548
0,40731885852,246555
0,40734180338,246562
0,40736474817,246569
0,40738769308,246576
0,40741063803,246583
0,40743358288,246590
0,40745652768,246597
0,40747947269,246604
0,40750241755,246611
0,40752536230,246618
0,40754830738,246625
0,40757125222,246632
0,40759419705,246639
0,40761714197,246646
0,40764008689,246653
0,40766303173,246660
0,40768597650,246667
0,40770892153,246674
0,40773186639,246681
0,40775481120,246688
0,40777775612,246695
0,40780070104,246702
0,40782364590,246709
0,40784659070,246716
0,40786953573,246723
0,40789248059,246730
0,40791542533,246737
0,40793837041,246744
0,40796131527,246751
0,40798426006,246758
0,40800720498,246765
0,40803014992,246772
0,40805309476,246779
0,40807603952,246786
0,40809898458,246793
0,40812192941,246800
0,40814487422,246807
0,40816781915,246814
0,40819076409,246821
0,40821370894,246828
0,40823665376,246835
0,40825959877,246842
0,40828254364,246849
0,40830548834,246856
0,40832843343,246863
0,40835137830,246870
0,40837432311,246877
0,40839726803,246884
0,40842021296,246891
0,40844315780,246898
0,40846610259,246905
0,40848904764,246912
0,40851199251,246919
0,40853493728,246926
0,40855788221,246933
0,40858082718,246940
0,40860377201,246947
0,40862671680,246954
0,40864966184,246961
0,40867260667,246968
0,40869555142,246975
0,40871849652,246982
0,40874144137,246989
0,40876438619,246996
0,40878733108,247003
0,40881027601,247010
0,40883322088,247017
0,40885616565,247024
0,40887911070,247031
0,40890205557,247038
0,40892500035,247045
0,40894794527,247052
0,40897089024,247059
0,40899383505,247066
0,40901677986,247073
0,40903972491,247080
0,40906266976,247087
0,40908561450,247094
0,40910855960,247101
0,40913150446,247108
0,40915444926,247115
0,40917739416,247122
0,40920033911,247129
0,40922328396,247136
0,40924622873,247143
0,40926917377,247150
0,40929211866,247157
0,40931506344,247164
0,40933800837,247171
0,40936095333,247178
0,40938389816,247185
0,40940684294,247192
0,40942978798,247199
0,40945273284,247206
0,40947567758,247213
0,40949862267,247220
0,40952156753,247227
0,40954451233,247234
0,40956745724,247241
0,40959040217,247248
0,40961334700,247255
0,40963629183,247262
0,40965923684,247269
0,40968218171,247276
0,40970512646,247283
0,40972807141,247290
0,40975101638,247297
0,40977396119,247304
0,40979690599,247311
0,40981985104,247318
0,40984279590,247325
0,40986574063,247332
0,40988868570,247339
0,40991163057,247346
0,40993457537,247353
0,40995752027,247360
0,40998046522,247367
0,41000341009,247374
0,41002635488,247381
0,41004929989,247388
0,41007224478,247395
0,41009518952,247402
0,41011813448,247409
0,41014107945,247416
0,41016402428,247423
0,41018696908,247430
0,41020991413,247437
0,41023285898,247444
0,41025580374,247451
0,41027874879,247458
0,41030169366,247465
0,41032463849,247472
0,41034758339,247479
0,41037052835,247486
0,41039347315,247493
0,41041641795,247500
0,41043936299,247507
0,41046230787,247514
0,41048525260,247521
0,41050819758,247528
0,41053114255,247535
0,41055408737,247542
0,41057703218,247549
0,41059997721,247556
0,41062292208,247563
0,41064586688,247570
0,41066881192,247577
0,41069175676,247584
0,41071470161,247591
0,41073764650,247598
0,41076059145,247605
0,41078353631,247612
0,41080648111,247619
0,41082942612,247626
0,41085237102,247633
0,41087531573,247640
0,41089826071,247647
0,41092120569,247654
0,41094415049,247661
0,41096709530,247668
0,41099004036,247675
0,41101298521,247682
0,41103593002,247689
0,41105887505,247696
0,41108181989,247703
0,41110476475,247710
0,41112770966,247717
0,41115065460,247724
0,41117359946,247731
0,41119654424,247738
0,41121948924,247745
0,41124243414,247752
0,41126537885,247759
0,41128832397,247766
0,41131126882,247773
0,41133421364,247780
0,41135715842,247787
0,41138010350,247794
0,41140304835,247801
0,41142599314,247808
0,41144893816,247815
0,41147188303,247822
0,41149482780,247829
0,41151777275,247836
0,41154071772,247843
0,41156366254,247850
0,41158660734,247857
0,41160955237,247864
0,41163249723,247871
0,41165544200,247878
0,41167838707,247885
0,41170133191,247892
0,41172427674,247899
0,41174722165,247906
0,41177016659,247913
0,41179311145,247920
0,41181605624,247927
0,41183900129,247934
0,41186194613,247941
0,41188489093,247948
0,41190783588,247955
0,41193078083,247962
0,41195372567,247969
0,41197667047,247976
0,41199961549,247983
0,41202256039,247990
0,41204550514,247997
0,41206845020,248004
0,41209139506,248011
0,41211433986,248018
0,41213728478,248025
0,41216022975,248032
0,41218317457,248039
0,41220611938,248046
0,41222906441,248053
0,41225200926,248060
0,41227495406,248067
0,41229789903,248074
0,41232084396,248081
0,41234378879,248088
0,41236673359,248095
0,41238967863,248102
0,41241262350,248109
0,41243556828,248116
0,41245851334,248123
0,41248145818,248130
0,41250440301,248137
0,41252734795,248144
0,41255029289,248151
0,41257323776,248158
0,41259618252,248165
0,41261912756,248172
0,41264207243,248179
0,41266501720,248186
0,41268796216,248193
0,41271090714,248200
0,41273385197,248207
0,41275679677,248214
0,41277974182,248221
0,41280268665,248228
0,41282563144,248235
0,41284857650,248242
0,41287152136,248249
0,41289446617,248256
0,41291741110,248263
0,41294035602,248270
0,41296330090,248277
0,41298624567,248284
0,41300919074,248291
0,41303213557,248298
0,41305508039,248305
0,41307802532,248312
0,41310097030,248319
0,41312391513,248326
0,41314685993,248333
0,41316980497,248340
0,41319274986,248347
0,41321569460,248354
0,41323863966,248361
0,41326158453,248368
0,41328452932,248375
0,41330747425,248382
0,41333041920,248389
0,41335336404,248396
0,41337630883,248403
0,41339925387,248410
0,41342219874,248417
0,41344514352,248424
0,41346808846,248431
0,41349103343,248438
0,41351397826,248445
0,41353692308,248452
0,41355986810,248459
0,41358281296,248466
0,41360575773,248473
0,41362870281,248480
0,41365164765,248487
0,41367459247,248494
0,41369753739,248501
0,41372048234,248508
0,41374342720,248515
0,41376637200,248522
0,41378931701,248529
0,41381226191,248536
0,41383520668,248543
0,41385815160,248550
0,41388109660,248557
0,41390404141,248564
0,41392698623,248571
0,41394993127,248578
0,41397287612,248585
0,41399582090,248592
0,41401876599,248599
0,41404171082,248606
0,41406465564,248613
0,41408760057,248620
0,41411054550,248627
0,41413349037,248634
0,41415643517,248641
0,41417938021,248648
0,41420232508,248655
0,41422526988,248662
0,41424821480,248669
0,41427115977,248676
0,41429410462,248683
0,41431704942,248690
0,41433999446,248697
0,41436293934,248704
0,41438588409,248711
0,41440882916,248718
0,41443177403,248725
0,41445471885,248732
0,41447766378,248739
0,41450060872,248746
0,41452355359,248753
0,41454649839,248760
0,41456944340,248767
0,41459238828,248774
0,41461533305,248781
0,41463827801,248788
0,41466122302,248795
0,41468416782,248802
0,41470711262,248809
0,41473005770,248816
0,41475300254,248823
0,41477594732,248830
0,41479889236,248837
0,41482183724,248844
0,41484478208,248851
0,41486772697,248858
0,41489067194,248865
0,41491361679,248872
0,41493656158,248879
0,41495950661,248886
0,41498245152,248893
0,41500539623,248900
0,41502834122,248907
0,41505128620,248914
0,41507423101,248921
0,41509717584,248928
0,41512012089,248935
0,41514306574,248942
0,41516601054,248949
0,41518895559,248956
0,41521190045,248963
0,41523484528,248970
0,41525779017,248977
0,41528073511,248984
0,41530367997,248991
0,41532662477,248998
0,41534956979,249005
0,41537251467,249012
0,41539545940,249019
0,41541840439,249026
0,41544134934,249033
0,41546429417,249040
0,41548723909,249047
0,41551018403,249054
0,41553312890,249061
0,41555607368,249068
0,41557901872,249075
0,41560196360,249082
0,41562490839,249089
0,41564785335,249096
0,41567079829,249103
0,41569374313,249110
0,41571668794,249117
0,41573963296,249124
0,41576257785,249131
0,41578552262,249138
0,41580846771,249145
0,41583141257,249152
0,41585435738,249159
0,41587730231,249166
0,41590024727,249173
0,41592319211,249180
0,41594613690,249187
0,41596908194,249194
0,41599202680,249201
0,41601497161,249208
0,41603791655,249215
0,41606086151,249222
0,41608380636,249229
0,41610675116,249236
0,41612969620,249243
0,41615264109,249250
0,41617558585,249257
0,41619853093,249264
0,41622147577,249271
0,41624442061,249278
0,41626736554,249285
0,41629031048,249292
0,41631325532,249299
0,41633620012,249306
0,41635914520,249313
0,41638209005,249320
0,41640503486,249327
0,41642797979,249334
0,41645092477,249341
0,41647386959,249348
0,41649681440,249355
0,41651975945,249362
0,41654270433,249369
0,41656564909,249376
0,41658859417,249383
0,41661153903,249390
0,41663448386,249397
0,41665742879,249404
0,41668037372,249411
0,41670331860,249418
0,41672626337,249425
0,41674920844,249432
0,41677215329,249439
0,41679509812,249446
0,41681804306,249453
0,41684098800,249460
0,41686393285,249467
0,41688687765,249474
0,41690982272,249481
0,41693276758,249488
0,41695571234,249495
0,41697865743,249502
0,41700160230,249509
0,41702454710,249516
0,41704749203,249523
0,41707043700,249530
0,41709338183,249537
0,41711632661,249544
0,41713927167,249551
0,41716221652,249558
0,41718516135,249565
0,41720810629,249572
0,41723105121,249579
0,41725399607,249586
0,41727694088,249593
0,41729988592,249600
0,41732283079,249607
0,41734577556,249614
0,41736872063,249621
0,41739166548,249628
0,41741461031,249635
0,41743755525,249642
0,41746050020,249649
0,41748344504,249656
0,41750638984,249663
0,41752933490,249670
0,41755227978,249677
0,41757522457,249684
0,41759816950,249691
0,41762111448,249698
0,41764405930,249705
0,41766700413,249712
0,41768994916,249719
0,41771289404,249726
0,41773583880,249733
0,41775878387,249740
0,41778172873,249747
0,41780467355,249754
0,41782761849,249761
0,41785056346,249768
0,41787350831,249775
0,41789645311,249782
0,41791939814,249789
0,41794234304,249796
0,41796528781,249803
0,41798823277,249810
0,41801117773,249817
0,41803412256,249824
0,41805706737,249831
0,41808001244,249838
0,41810295731,249845
0,41812590206,249852
0,41814884716,249859
0,41817179202,249866
0,41819473683,249873
0,41821768176,249880
0,41824062674,249887
0,41826357158,249894
0,41828651638,249901
0,41830946143,249908
0,41833240630,249915
0,41835535106,249922
0,41837829606,249929
0,41840124102,249936
0,41842418585,249943
0,41844713068,249950
0,41847007571,249957
0,41849302058,249964
0,41851596536,249971
0,41853891043,249978
0,41856185529,249985
0,41858480013,249992
0,41860774506,249999
0,41863069001,250006
0,41865363489,250013
0,41867657968,250020
0,41869952470,250027
0,41872246959,250034
0,41874541433,250041
0,41876835931,250048
0,41879130430,250055
0,41881424911,250062
0,41883719393,250069
0,41886013898,250076
0,41888308387,250083
0,41890602867,250090
0,41892897371,250097
0,41895191857,250104
0,41897486341,250111
0,41899780833,250118
0,41902075331,250125
0,41904369813,250132
0,41906664292,250139
0,41908958796,250146
0,41911253285,250153
0,41913547756,250160
0,41915842259,250167
0,41918136754,250174
0,41920431238,250181
0,41922725718,250188
0,41925020224,250195
0,41927314713,250202
0,41929609193,250209
0,41931903695,250216
0,41934198183,250223
0,41936492664,250230
0,41938787157,250237
0,41941081656,250244
0,41943376140,250251
0,41945670620,250258
0,41947965124,250265
0,41950259612,250272
0,41952554087,250279
0,41954848588,250286
0,41957143083,250293
0,41959437568,250300
0,41961732059,250307
0,41964026552,250314
0,41966321042,250321
0,41968615522,250328
0,41970910026,250335
0,41973204513,250342
0,41975498991,250349
0,41977793487,250356
0,41980087986,250363
0,41982382471,250370
0,41984676949,250377
0,41986971453,250384
0,41989265942,250391
0,41991560417,250398
0,41993854918,250405
0,41996149415,250412
0,41998443897,250419
0,42000738389,250426
0,42003032885,250433
0,42005327372,250440
0,42007621854,250447
0,42009916358,250454
0,42012210842,250461
0,42014505322,250468
0,42016799819,250475
0,42019094316,250482
0,42021388803,250489
0,42023683282,250496
0,42025977784,250503
0,42028272274,250510
0,42030566752,250517
0,42032861249,250524
0,42035155746,250531
0,42037450229,250538
0,42039744724,250545
0,42042039218,250552
0,42044333707,250559
0,42046628186,250566
0,42048922689,250573
0,42051217177,250580
0,42053511655,250587
0,42055806150,250594
0,42058100652,250601
0,42060395134,250608
0,42062689617,250615
0,42064984120,250622
0,42067278607,250629
0,42069573085,250636
0,42071867594,250643
0,42074162081,250650
0,42076456563,250657
0,42078751054,250664
0,42081045550,250671
0,42083340036,250678
0,42085634518,250685
0,42087929022,250692
0,42090223508,250699
0,42092517986,250706
0,42094812481,250713
0,42097106982,250720
0,42099401466,250727
0,42101695947,250734
0,42103990450,250741
0,42106284937,250748
0,42108579414,250755
0,42110873923,250762
0,42113168411,250769
0,42115462891,250776
0,42117757384,250783
0,42120051879,250790
0,42122346367,250797
0,42124640850,250804
0,42126935353,250811
0,42129229839,250818
0,42131524319,250825
0,42133818814,250832
0,42136113315,250839
0,42138407797,250846
0,42140702279,250853
0,42142996785,250860
0,42145291270,250867
0,42147585749,250874
0,42149880259,250881
0,42152174745,250888
0,42154469228,250895
0,42156763721,250902
0,42159058214,250909
0,42161352704,250916
0,42163647183,250923
0,42165941688,250930
0,42168236177,250937
0,42170530653,250944
0,42172825149,250951
0,42175119648,250958
0,42177414132,250965
0,42179708613,250972
0,42182003119,250979
0,42184297603,250986
0,42186592085,250993
0,42188886593,251000
0,42191181081,251007
0,42193475561,251014
0,42195770054,251021
0,42198064548,251028
0,42200359037,251035
0,42202653519,251042
0,42204948022,251049
0,42207242512,251056
0,42209536987,251063
0,42211831485,251070
0,42214125982,251077
0,42216420469,251084
0,42218714950,251091
0,42221009456,251098
0,42223303941,251105
0,42225598417,251112
0,42227892928,251119
0,42230187414,251126
0,42232481901,251133
0,42234776390,251140
0,42237070885,251147
0,42239365372,251154
0,42241659855,251161
0,42243954357,251168
0,42246248848,251175
0,42248543320,251182
0,42250837821,251189
0,42253132318,251196
0,42255426803,251203
0,42257721285,251210
0,42260015791,251217
0,42262310274,251224
0,42264604750,251231
0,42266899261,251238
0,42269193749,251245
0,42271488235,251252
0,42273782724,251259
0,42276077218,251266
0,42278371706,251273
0,42280666185,251280
0,42282960690,251287
0,42285255181,251294
0,42287549651,251301
0,42289844151,251308
0,42292138648,251315
0,42294433134,251322
0,42296727618,251329
0,42299022123,251336
0,42301316607,251343
0,42303611087,251350
0,42305905595,251357
0,42308200086,251364
0,42310494569,251371
0,42312789061,251378
0,42315083553,251385
0,42317378041,251392
0,42319672523,251399
0,42321967029,251406
0,42324261517,251413
0,42326555991,251420
0,42328850490,251427
0,42331144987,251434
0,42333439474,251441
0,42335733969,251448
0,42338028460,251455
0,42340322948,251462
0,42342617426,251469
0,42344911932,251476
0,42347206422,251483
0,42349500907,251490
0,42351795398,251497
0,42354089893,251504
0,42356384378,251511
0,42358678860,251518
0,42360973365,251525
0,42363267854,251532
0,42365562329,251539
0,42367856829,251546
0,42370151327,251553
0,42372445812,251560
0,42374740305,251567
0,42377034800,251574
0,42379329285,251581
0,42381623765,251588
0,42383918271,251595
0,42386212760,251602
0,42388507242,251609
0,42390801734,251616
0,42393096232,251623
0,42395390717,251630
0,42397685200,251637
0,42399979704,251644
0,42402274194,251651
0,42404568667,251658
0,42406863168,251665
0,42409157665,251672
0,42411452151,251679
0,42413746646,251686
0,42416041139,251693
0,42418335625,251700
0,42420630106,251707
0,42422924613,251714
0,42425219101,251721
0,42427513582,251728
0,42429808076,251735
0,42432102575,251742
0,42434397057,251749
0,42436691539,251756
0,42438986045,251763
0,42441280533,251770
0,42443575010,251777
0,42445869506,251784
0,42448164003,251791
0,42450458490,251798
0,42452752982,251805
0,42455047479,251812
0,42457341965,251819
0,42459636444,251826
0,42461930948,251833
0,42464225437,251840
0,42466519917,251847
0,42468814413,251854
0,42471108910,251861
0,42473403394,251868
0,42475697877,251875
0,42477992383,251882
0,42480286871,251889
0,42482581347,251896
0,42484875845,251903
0,42487170343,251910
0,42489464826,251917
0,42491759318,251924
0,42494053818,251931
0,42496348302,251938
0,42498642781,251945
0,42500937287,251952
0,42503231774,251959
0,42505526257,251966
0,42507820755,251973
0,42510115250,251980
0,42512409735,251987
0,42514704217,251994
0,42516998721,252001
0,42519293213,252008
0,42521587688,252015
0,42523882187,252022
0,42526176685,252029
0,42528471167,252036
0,42530765662,252043
0,42533060159,252050
0,42535354645,252057
0,42537649125,252064
0,42539943632,252071
0,42542238119,252078
0,42544532598,252085
0,42546827095,252092
0,42549121595,252099
0,42551416076,252106
0,42553710559,252113
0,42556005063,252120
0,42558299555,252127
0,42560594031,252134
0,42562888540,252141
0,42565183027,252148
0,42567477510,252155
0,42569772004,252162
0,42572066501,252169
0,42574360988,252176
0,42576655468,252183
0,42578949974,252190
0,42581244464,252197
0,42583538942,252204
0,42585833440,252211
0,42588127936,252218
0,42590422420,252225
0,42592716904,252232
0,42595011410,252239
0,42597305897,252246
0,42599600373,252253
0,42601894885,252260
0,42604189373,252267
0,42606483853,252274
0,42608778348,252281
0,42611072843,252288
0,42613367330,252295
0,42615661815,252302
0,42617956317,252309
0,42620250805,252316
0,42622545286,252323
0,42624839780,252330
0,42627134280,252337
0,42629428766,252344
0,42631723248,252351
0,42634017752,252358
0,42636312240,252365
0,42638606718,252372
0,42640901230,252379
0,42643195714,252386
0,42645490199,252393
0,42647784691,252400
0,42650079184,252407
0,42652373675,252414
0,42654668158,252421
0,42656962662,252428
0,42659257151,252435
0,42661551624,252442
0,42663846122,252449
0,42666140626,252456
0,42668435106,252463
0,42670729589,252470
0,42673024096,252477
0,42675318581,252484
0,42677613062,252491
0,42679907572,252498
0,42682202059,252505
0,42684496544,252512
0,42686791036,252519
0,42689085529,252526
0,42691380019,252533
0,42693674500,252540
0,42695969006,252547
0,42698263495,252554
0,42700557968,252561
0,42702852470,252568
0,42705146968,252575
0,42707441454,252582
0,42709735947,252589
0,42712030444,252596
0,42714324930,252603
0,42716619408,252610
0,42718913917,252617
0,42721208405,252624
0,42723502890,252631
0,42725797382,252638
0,42728091876,252645
0,42730386366,252652
0,42732680847,252659
0,42734975352,252666
0,42737269842,252673
0,42739564316,252680
0,42741858816,252687
0,42744153313,252694
0,42746447800,252701
0,42748742294,252708
0,42751036787,252715
0,42753331275,252722
0,42755625754,252729
0,42757920263,252736
0,42760214751,252743
0,42762509236,252750
0,42764803729,252757
0,42767098225,252764
0,42769392710,252771
0,42771687193,252778
0,42773981699,252785
0,42776276189,252792
0,42778570663,252799
0,42780865163,252806
0,42783159661,252813
0,42785454146,252820
0,42787748642,252827
0,42790043135,252834
0,42792337623,252841
0,42794632105,252848
0,42796926608,252855
0,42799221095,252862
0,42801515576,252869
0,42803810074,252876
0,42806104570,252883
0,42808399054,252890
0,42810693538,252897
0,42812988043,252904
0,42815282533,252911
0,42817577009,252918
0,42819871509,252925
0,42822166005,252932
0,42824460491,252939
0,42826754984,252946
0,42829049481,252953
0,42831343968,252960
0,42833638448,252967
0,42835932953,252974
0,42838227443,252981
0,42840521923,252988
0,42842816420,252995
0,42845110920,253002
0,42847405403,253009
0,42849699885,253016
0,42851994389,253023
0,42854288881,253030
0,42856583356,253037
0,42858877856,253044
0,42861172354,253051
0,42863466836,253058
0,42865761331,253065
0,42868055828,253072
0,42870350315,253079
0,42872644796,253086
0,42874939302,253093
0,42877233789,253100
0,42879528271,253107
0,42881822768,253114
0,42884117268,253121
0,42886411752,253128
0,42888706234,253135
0,42891000738,253142
0,42893295230,253149
0,42895589707,253156
0,42897884207,253163
0,42900178706,253170
0,42902473186,253177
0,42904767682,253184
0,42907062180,253191
0,42909356666,253198
0,42911651149,253205
0,42913945654,253212
0,42916240139,253219
0,42918534622,253226
0,42920829120,253233
0,42923123620,253240
0,42925418104,253247
0,42927712586,253254
0,42930007092,253261
0,42932301579,253268
0,42934596058,253275
0,42936890557,253282
0,42939185055,253289
0,42941479537,253296
0,42943774033,253303
0,42946068529,253310
0,42948363017,253317
0,42950657497,253324
0,42952952004,253331
0,42955246490,253338
0,42957540971,253345
0,42959835468,253352
0,42962129970,253359
0,42964424453,253366
0,42966718937,253373
0,42969013443,253380
0,42971307930,253387
0,42973602409,253394
0,42975896909,253401
0,42978191409,253408
0,42980485888,253415
0,42982780381,253422
0,42985074877,253429
0,42987369367,253436
0,42989663845,253443
0,42991958355,253450
0,42994252843,253457
0,42996547321,253464
0,42998841818,253471
0,43001136317,253478
0,43003430804,253485
0,43005725286,253492
0,43008019792,253499
0,43010314279,253506
0,43012608756,253513
0,43014903255,253520
0,43017197757,253527
0,43019492240,253534
0,43021786732,253541
0,43024081228,253548
0,43026375718,253555
0,43028670201,253562
0,43030964703,253569
0,43033259193,253576
0,43035553674,253583
0,43037848168,253590
0,43040142669,253597
0,43042437154,253604
0,43044731636,253611
0,43047026144,253618
0,43049320629,253625
0,43051615108,253632
0,43053909618,253639
0,43056204108,253646
0,43058498593,253653
0,43060793085,253660
0,43063087581,253667
0,43065382068,253674
0,43067676551,253681
0,43069971057,253688
0,43072256311,253695
0,43074550733,253702
0,43076845181,253709
0,43079139633,253716
0,43081434066,253723
0,43083728493,253730
0,43086022949,253737
0,43088317382,253744
0,43090611811,253751
0,43092906267,253758
0,43095200707,253765
0,43097495135,253772
0,43099789576,253779
0,43102084020,253786
0,43104378457,253793
0,43106672886,253800
0,43108967342,253807
0,43111261778,253814
0,43113556199,253821
0,43115850649,253828
0,43118145097,253835
0,43120439533,253842
0,43122733960,253849
0,43125028414,253856
0,43127322850,253863
0,43129617274,253870
0,43131911732,253877
0,43134206174,253884
0,43136500601,253891
0,43138795013,253898
0,43141089393,253905
0,43143383776,253912
0,43145678152,253919
0,43147972543,253926
0,43150266925,253933
0,43152561300,253940
0,43154855692,253947
0,43157150077,253954
0,43159444459,253961
0,43161738830,253968
0,43164033225,253975
0,43166327609,253982
0,43168621979,253989
0,43170916373,253996
0,43173210755,254003
0,43175505138,254010
0,43177799526,254017
0,43180093906,254024
0,43182388289,254031
0,43184682663,254038
0,43186977056,254045
0,43189271440,254052
0,43191565815,254059
0,43193860204,254066
0,43196154591,254073
0,43198448971,254080
0,43200743355,254087
0,43203037739,254094
0,43205332121,254101
0,43207626495,254108
0,43209920889,254115
0,43212215268,254122
0,43214509649,254129
0,43216804037,254136
0,43219098420,254143
0,43221392805,254150
0,43223687177,254157
0,43225981571,254164
0,43228275953,254171
0,43230570326,254178
0,43232864720,254185
0,43235159105,254192
0,43237453486,254199
0,43239747871,254206
0,43242042254,254213
0,43244336637,254220
0,43246631010,254227
0,43248925403,254234
0,43251219787,254241
0,43253514164,254248
0,43255808552,254255
0,43258102937,254262
0,43260397321,254269
0,43262691695,254276
0,43264986087,254283
0,43267280468,254290
0,43269574844,254297
0,43271869235,254304
0,43274163621,254311
0,43276458005,254318
0,43278752386,254325
0,43281046771,254332
0,43283341153,254339
0,43285635525,254346
0,43287929920,254353
0,43290224302,254360
0,43292518680,254367
0,43294813071,254374
0,43297107452,254381
0,43299401836,254388
0,43301696211,254395
0,43303990604,254402
0,43306284988,254409
0,43308579360,254416
0,43310873750,254423
0,43313168137,254430
0,43315462516,254437
0,43317756903,254444
0,43320051287,254451
0,43322345668,254458
0,43324640042,254465
0,43326934434,254472
0,43329228818,254479
0,43331523196,254486
0,43333817585,254493
0,43336111967,254500
0,43338406350,254507
0,43340700723,254514
0,43342995117,254521
0,43345289501,254528
0,43347583873,254535
0,43349878268,254542
0,43352172652,254549
0,43354467032,254556
0,43356761418,254563
0,43359055802,254570
0,43361350185,254577
0,43363644557,254584
0,43365938950,254591
0,43368233333,254598
0,43370527712,254605
0,43372822102,254612
0,43375116486,254619
0,43377410867,254626
0,43379705243,254633
0,43381999636,254640
0,43384294019,254647
0,43386588392,254654
0,43388882786,254661
0,43391177170,254668
0,43393471548,254675
0,43395765933,254682
0,43398060318,254689
0,43400354701,254696
0,43402649074,254703
0,43404943468,254710
0,43407237849,254717
0,43409532229,254724
0,43411826617,254731
0,43414121003,254738
0,43416415386,254745
0,43418709755,254752
0,43421004151,254759
0,43423298533,254766
0,43425592908,254773
0,43427887302,254780
0,43430181686,254787
0,43432476066,254794
0,43434770451,254801
0,43437064834,254808
0,43439359218,254815
0,43441653592,254822
0,43443947985,254829
0,43446242370,254836
0,43448536746,254843
0,43450831134,254850
0,43453125521,254857
0,43455419903,254864
0,43457714275,254871
0,43460008671,254878
0,43462303052,254885
0,43464597427,254892
0,43466891821,254899
0,43469186206,254906
0,43471480587,254913
0,43473774971,254920
0,43476069356,254927
0,43478363739,254934
0,43480658112,254941
0,43482952506,254948
0,43485246890,254955
0,43487541268,254962
0,43489835656,254969
0,43492130039,254976
0,43494424421,254983
0,43496718792,254990
0,43499013189,254997
0,43501307573,255004
0,43503601945,255011
0,43505896337,255018
0,43508190723,255025
0,43510485103,255032
0,43512779489,255039
0,43515073874,255046
0,43517368254,255053
0,43519662630,255060
0,43521957023,255067
0,43524251406,255074
0,43526545782,255081
0,43528840173,255088
0,43531134558,255095
0,43533428941,255102
0,43535723312,255109
0,43538017708,255116
0,43540312092,255123
0,43542606464,255130
0,43544900858,255137
0,43547195242,255144
0,43549489622,255151
0,43551784010,255158
0,43554078392,255165
0,43556372777,255172
0,43558667150,255179
0,43560961543,255186
0,43563255927,255193
0,43565550302,255200
0,43567844694,255207
0,43570139079,255214
0,43572433460,255221
0,43574727832,255228
0,43577022229,255235
0,43579316611,255242
0,43581610985,255249
0,43583905379,255256
0,43586199763,255263
0,43588494145,255270
0,43590788529,255277
0,43593082912,255284
0,43595377297,255291
0,43597671670,255298
0,43599966064,255305
0,43602260446,255312
0,43604554820,255319
0,43606849215,255326
0,43609143601,255333
0,43611437983,255340
0,43613732355,255347
0,43616026748,255354
0,43618321133,255361
0,43620615508,255368
0,43622909902,255375
0,43625204287,255382
0,43627498666,255389
0,43629793051,255396
0,43632087435,255403
0,43634381818,255410
0,43636676192,255417
0,43638970586,255424
0,43641264969,255431
0,43643559343,255438
0,43645853735,255445
0,43648148120,255452
0,43650442505,255459
0,43652736875,255466
0,43655031271,255473
0,43657325654,255480
0,43659620027,255487
0,43661914422,255494
0,43664208808,255501
0,43666503187,255508
0,43668797573,255515
0,43671091955,255522
0,43673386338,255529
0,43675680713,255536
0,43677975107,255543
0,43680269491,255550
0,43682563866,255557
0,43684858258,255564
0,43687152644,255571
0,43689447027,255578
0,43691741396,255585
0,43694035794,255592
0,43696330177,255599
0,43698624550,255606
0,43700918942,255613
0,43703213325,255620
0,43705507709,255627
0,43707802095,255634
0,43710096477,255641
0,43712390861,255648
0,43714685234,255655
0,43716979628,255662
0,43719274014,255669
0,43721568390,255676
0,43723862781,255683
0,43726157165,255690
0,43728451548,255697
0,43730745920,255704
0,43733040316,255711
0,43735334699,255718
0,43737629072,255725
0,43739923464,255732
0,43742217847,255739
0,43744512227,255746
0,43746806616,255753
0,43749101000,255760
0,43751395384,255767
0,43753689759,255774
0,43755984153,255781
0,43758278536,255788
0,43760572911,255795
0,43762867304,255802
0,43765161689,255809
0,43767456071,255816
0,43769750455,255823
0,43772044837,255830
0,43774339221,255837
0,43776633596,255844
0,43778927990,255851
0,43781222372,255858
0,43783516752,255865
0,43785811141,255872
0,43788105525,255879
0,43790399909,255886
0,43792694282,255893
0,43794988676,255900
0,43797283058,255907
0,43799577434,255914
0,43801871828,255921
0,43804166213,255928
0,43806460597,255935
0,43808754979,255942
0,43811049364,255949
0,43813343747,255956
0,43815638121,255963
0,43817932514,255970
0,43820226897,255977
0,43822521276,255984
0,43824815666,255991
0,43827110051,255998
0,43829404435,256005
0,43831698809,256012
0,43833993202,256019
0,43836287584,256026
0,43838581958,256033
0,43840876353,256040
0,43843170739,256047
0,43845465120,256054
0,43847759506,256061
0,43850053890,256068
0,43852348274,256075
0,43854642646,256082
0,43856937040,256089
0,43859231424,256096
0,43861525801,256103
0,43863820192,256110
0,43866114575,256117
0,43868408961,256124
0,43870703334,256131
0,43872997728,256138
0,43875292111,256145
0,43877586482,256152
0,43879880875,256159
0,43882175262,256166
0,43884469642,256173
0,43886764030,256180
0,43889058414,256187
0,43891352795,256194
0,43893647170,256201
0,43895941564,256208
0,43898235948,256215
0,43900530328,256222
0,43902824718,256229
0,43905119100,256236
0,43907413485,256243
0,43909707858,256250
0,43912002253,256257
0,43914296638,256264
0,43916591009,256271
0,43918885404,256278
0,43921179790,256285
0,43923474170,256292
0,43925768557,256299
0,43928062941,256306
0,43930357324,256313
0,43932651700,256320
0,43934946092,256327
0,43937240476,256334
0,43939534856,256341
0,43941829244,256348
0,43944123628,256355
0,43946418011,256362
0,43948712385,256369
0,43951006779,256376
0,43953301162,256383
0,43955595536,256390
0,43957889930,256397
0,43960184315,256404
0,43962478695,256411
0,43964773082,256418
0,43967067467,256425
0,43969361851,256432
0,43971656223,256439
0,43973950617,256446
0,43976245001,256453
0,43978539380,256460
0,43980833770,256467
0,43983128155,256474
0,43985422536,256481
0,43987716911,256488
0,43990011307,256495
0,43992305690,256502
0,43994600065,256509
0,43996894458,256516
0,43999188844,256523
0,44001483225,256530
0,44003777610,256537
0,44006071996,256544
0,44008366379,256551
0,44010660751,256558
0,44012955148,256565
0,44015249528,256572
0,44017543905,256579
0,44019838299,256586
0,44022132683,256593
0,44024427070,256600
0,44026721439,256607
0,44029015835,256614
0,44031310219,256621
0,44033604592,256628
0,44035898987,256635
0,44038193373,256642
0,44040487751,256649
0,44042782137,256656
0,44045076523,256663
0,44047370905,256670
0,44049664709,256677
0,44051959098,256684
0,44054253473,256691
0,44056547844,256698
0,44058842233,256705
0,44061136613,256712
0,44063430992,256719
0,44065725356,256726
0,44068019749,256733
0,44070314127,256740
0,44072608493,256747
0,44074902884,256754
0,44077197264,256761
0,44079491637,256768
0,44081786020,256775
0,44084080399,256782
0,44086374776,256789
0,44088669145,256796
0,44090963533,256803
0,44093257914,256810
0,44095552283,256817
0,44097846669,256824
0,44100141050,256831
0,44102435429,256838
0,44104729795,256845
0,44107024188,256852
0,44109318563,256859
0,44111612933,256866
0,44113907322,256873
0,44116201702,256880
0,44118496079,256887
0,44120790459,256894
0,44123084837,256901
0,44125379215,256908
0,44127673585,256915
0,44129967975,256922
0,44132262353,256929
0,44134556720,256936
0,44136851110,256943
0,44139145490,256950
0,44141439867,256957
0,44143734236,256964
0,44146028628,256971
0,44148323006,256978
0,44150617374,256985
0,44152911762,256992
0,44155206143,256999
0,44157500519,257006
0,44159794898,257013
0,44162089279,257020
0,44164383655,257027
0,44166678025,257034
0,44168972415,257041
0,44171266793,257048
0,44173561163,257055
0,44175855552,257062
0,44178149929,257069
0,44180444309,257076
0,44182738675,257083
0,44185033068,257090
0,44187327446,257097
0,44189621814,257104
0,44191916202,257111
0,44194210584,257118
0,44196504957,257125
0,44198799340,257132
0,44201093718,257139
0,44203388094,257146
0,44205682466,257153
0,44207976855,257160
0,44210271232,257167
0,44212565603,257174
0,44214859991,257181
0,44217154371,257188
0,44219448748,257195
0,44221743114,257202
0,44224037509,257209
0,44226331886,257216
0,44228626253,257223
0,44230920644,257230
0,44233215020,257237
0,44235509394,257244
0,44237803781,257251
0,44240098159,257258
0,44242392538,257265
0,44244686907,257272
0,44246981295,257279
0,44249275674,257286
0,44251570044,257293
0,44253864433,257300
0,44256158813,257307
0,44258453187,257314
0,44260747556,257321
0,44263041949,257328
0,44265336327,257335
0,44267630696,257342
0,44269925085,257349
0,44272219460,257356
0,44274513836,257363
0,44276808222,257370
0,44279102601,257377
0,44281396980,257384
0,44283691346,257391
0,44285985738,257398
0,44288280115,257405
0,44290574485,257412
0,44292868875,257419
0,44295163255,257426
0,44297457632,257433
0,44299751998,257440
0,44302046391,257447
0,44304340768,257454
0,44306635137,257461
0,44308929526,257468
0,44311223905,257475
0,44313518279,257482
0,44315812662,257489
0,44318107042,257496
0,44320401421,257503
0,44322695790,257510
0,44324990181,257517
0,44327284557,257524
0,44329578927,257531
0,44331873316,257538
0,44334167696,257545
0,44336462076,257552
0,44338756454,257559
0,44341050833,257566
0,44343345209,257573
0,44345639579,257580
0,44347933969,257587
0,44350228348,257594
0,44352522718,257601
0,44354817106,257608
0,44357111486,257615
0,44359405863,257622
0,44361700235,257629
0,44363994624,257636
0,44366288999,257643
0,44368583370,257650
0,44370877759,257657
0,44373172140,257664
0,44375466516,257671
0,44377760896,257678
0,44380055276,257685
0,44382349654,257692
0,44384644024,257699
0,44386938414,257706
0,44389232791,257713
0,44391527164,257720
0,44393821551,257727
0,44396115928,257734
0,44398410308,257741
0,44400704678,257748
0,44402999066,257755
0,44405293445,257762
0,44407587815,257769
0,44409882203,257776
0,44412176585,257783
0,44414470958,257790
0,44416765343,257797
0,44419059722,257804
0,44421354097,257811
0,44423648469,257818
0,44425942858,257825
0,44428237236,257832
0,44430531611,257839
0,44432825997,257846
0,44435120375,257853
0,44437414753,257860
0,44439709121,257867
0,44442003513,257874
0,44444297891,257881
0,44446592258,257888
0,44448886647,257895
0,44451181028,257902
0,44453475403,257909
0,44455769788,257916
0,44458064168,257923
0,44460358543,257930
0,44462652914,257937
0,44464947302,257944
0,44467241682,257951
0,44469536052,257958
0,44471830441,257965
0,44474124820,257972
0,44476419197,257979
0,44478713569,257986
0,44481007960,257993
0,44483302337,258000
0,44485596705,258007
0,44487891095,258014
0,44490185474,258021
0,44492479850,258028
0,44494774233,258035
0,44497068614,258042
0,44499362992,258049
0,44501657359,258056
0,44503951750,258063
0,44506246129,258070
0,44508540498,258077
0,44510834888,258084
0,44513129268,258091
0,44515423644,258098
0,44517718015,258105
0,44520012405,258112
0,44522306783,258119
0,44524601151,258126
0,44526895541,258133
0,44529189922,258140
0,44531484297,258147
0,44533778678,258154
0,44536073060,258161
0,44538367437,258168
0,44540661806,258175
0,44542956195,258182
0,44545250573,258189
0,44547544944,258196
0,44549839333,258203
0,44552133713,258210
0,44554428091,258217
0,44556722459,258224
0,44559016851,258231
0,44561311229,258238
0,44563605600,258245
0,44565899988,258252
0,44568194368,258259
0,44570488742,258266
0,44572783125,258273
0,44575077506,258280
0,44577371882,258287
0,44579666253,258294
0,44581960642,258301
0,44584255019,258308
0,44586549390,258315
0,44588843777,258322
0,44591138160,258329
0,44593432537,258336
0,44595726904,258343
0,44598021296,258350
0,44600315674,258357
0,44602610044,258364
0,44604904433,258371
0,44607198814,258378
0,44609493190,258385
0,44611787572,258392
0,44614081953,258399
0,44616376330,258406
0,44618670699,258413
0,44620965088,258420
0,44623259466,258427
0,44625553837,258434
0,44627848226,258441
0,44630142607,258448
0,44632436984,258455
0,44634731353,258462
0,44637025744,258469
0,44639320123,258476
0,44641614493,258483
0,44643908883,258490
0,44646203263,258497
0,44648497637,258504
0,44650792020,258511
0,44653086400,258518
0,44655380780,258525
0,44657675148,258532
0,44659969540,258539
0,44662263915,258546
0,44664558287,258553
0,44666852675,258560
0,44669147057,258567
0,44671441436,258574
0,44673735803,258581
0,44676030196,258588
0,44678324572,258595
0,44680618942,258602
0,44682913331,258609
0,44685207714,258616
0,44687502088,258623
0,44689796470,258630
0,44692090850,258637
0,44694385227,258644
0,44696679599,258651
0,44698973989,258658
0,44701268367,258665
0,44703562737,258672
0,44705857126,258679
0,44708151506,258686
0,44710445887,258693
0,44712740252,258700
0,44715034646,258707
0,44717329023,258714
0,44719623392,258721
0,44721917783,258728
0,44724212164,258735
0,44726506533,258742
0,44728800922,258749
0,44731095300,258756
0,44733389677,258763
0,44735684049,258770
0,44737978437,258777
0,44740272816,258784
0,44742567186,258791
0,44744861574,258798
0,44747155956,258805
0,44749450335,258812
0,44751744700,258819
0,44754039095,258826
0,44756333471,258833
0,44758627841,258840
0,44760922231,258847
0,44763216610,258854
0,44765510984,258861
0,44767805371,258868
0,44770099748,258875
0,44772394128,258882
0,44774688498,258889
0,44776982889,258896
0,44779277267,258903
0,44781571638,258910
0,44783866025,258917
0,44786160407,258924
0,44788454784,258931
0,44790749154,258938
0,44793043546,258945
0,44795337922,258952
0,44797632294,258959
0,44799926683,258966
0,44802221060,258973
0,44804515435,258980
0,44806809821,258987
0,44809104201,258994
0,44811398579,259001
0,44813692949,259008
0,44815987339,259015
0,44818281719,259022
0,44820576087,259029
0,44822870478,259036
0,44825164857,259043
0,44827459236,259050
0,44829753604,259057
0,44832047998,259064
0,44834342375,259071
0,44836636745,259078
0,44838931133,259085
0,44841225513,259092
0,44843519888,259099
0,44845814274,259106
0,44848108652,259113
0,44850403029,259120
0,44852697400,259127
0,44854991793,259134
0,44857286170,259141
0,44859580538,259148
0,44861874927,259155
0,44864169308,259162
0,44866463687,259169
0,44868758056,259176
0,44871052448,259183
0,44873346826,259190
0,44875641195,259197
0,44877935586,259204
0,44880229966,259211
0,44882524338,259218
0,44884818727,259225
0,44887113104,259232
0,44889407483,259239
0,44891701853,259246
0,44893996245,259253
0,44896290622,259260
0,44898584991,259267
0,44900879383,259274
0,44903173763,259281
0,44905468138,259288
0,44907762520,259295
0,44910056903,259302
0,44912351280,259309
0,44914645650,259316
0,44916940039,259323
0,44919234417,259330
0,44921528792,259337
0,44923823179,259344
0,44926117558,259351
0,44928411935,259358
0,44930706306,259365
0,44933000696,259372
0,44935295076,259379
0,44937589444,259386
0,44939883835,259393
0,44942178214,259400
0,44944472591,259407
0,44946766974,259414
0,44949061354,259421
0,44951355732,259428
0,44953650101,259435
0,44955944491,259442
0,44958238868,259449
0,44960533240,259456
0,44962827630,259463
0,44965122011,259470
0,44967416389,259477
0,44969710758,259484
0,44972005149,259491
0,44974299528,259498
0,44976593898,259505
0,44978888289,259512
0,44981182668,259519
0,44983477044,259526
0,44985771425,259533
0,44988065807,259540
0,44990360185,259547
0,44992654554,259554
0,44994948946,259561
0,44997243323,259568
0,44999537695,259575
0,45001832084,259582
0,45004126465,259589
0,45006420841,259596
0,45008715214,259603
0,45011009604,259610
0,45013303981,259617
0,45015598354,259624
0,45017892742,259631
0,45020187123,259638
0,45022481498,259645
0,45024775882,259652
0,45027070264,259659
0,45029364641,259666
0,45031659009,259673
0,45033953403,259680
0,45036247779,259687
0,45038542150,259694
0,45040836539,259701
0,45043130920,259708
0,45045425299,259715
0,45047719670,259722
0,45050014060,259729
0,45052308438,259736
0,45054602809,259743
0,45056897199,259750
0,45059191579,259757
0,45061485956,259764
0,45063780337,259771
0,45066074720,259778
0,45068369096,259785
0,45070663467,259792
0,45072957860,259799
0,45075252235,259806
0,45077546607,259813
0,45079840997,259820
0,45082135377,259827
0,45084429757,259834
0,45086724128,259841
0,45089018516,259848
0,45091312897,259855
0,45093607265,259862
0,45095901657,259869
0,45098196039,259876
0,45100490412,259883
0,45102784796,259890
0,45105079176,259897
0,45107373554,259904
0,45109667924,259911
0,45111962314,259918
0,45114256691,259925
0,45116551063,259932
0,45118845451,259939
0,45121139835,259946
0,45123434213,259953
0,45125728579,259960
0,45128022973,259967
0,45130317350,259974
0,45132611720,259981
0,45134906112,259988
0,45137200492,259995
0,45139494868,260002
0,45141789250,260009
0,45144083631,260016
0,45146378011,260023
0,45148672382,260030
0,45150966770,260037
0,45153261149,260044
0,45155555520,260051
0,45157849909,260058
0,45160144292,260065
0,45162438669,260072
0,45164733038,260079
0,45167027429,260086
0,45169321806,260093
0,45171616179,260100
0,45173910570,260107
0,45176204948,260114
0,45178499323,260121
0,45180793706,260128
0,45183088087,260135
0,45185382466,260142
0,45187676837,260149
0,45189971226,260156
0,45192265604,260163
0,45194559976,260170
0,45196854365,260177
0,45199148747,260184
0,45201443125,260191
0,45203737492,260198
0,45206031886,260205
0,45208326265,260212
0,45210620634,260219
0,45212915026,260226
0,45215209407,260233
0,45217503778,260240
0,45219798166,260247
0,45222092546,260254
0,45224386923,260261
0,45226681296,260268
0,45228975687,260275
0,45231270062,260282
0,45233564436,260289
0,45235858825,260296
0,45238153206,260303
0,45240447586,260310
0,45242741954,260317
0,45245036346,260324
0,45247330725,260331
0,45249625094,260338
0,45251919485,260345
0,45254213865,260352
0,45256508237,260359
0,45258802626,260366
0,45261097005,260373
0,45263391385,260380
0,45265685757,260387
0,45267980145,260394
0,45270274525,260401
0,45272568897,260408
0,45274863283,260415
0,45277157667,260422
0,45279452046,260429
0,45281746413,260436
0,45284040807,260443
0,45286335185,260450
0,45288629554,260457
0,45290923945,260464
0,45293218325,260471
0,45295512698,260478
0,45297807084,260485
0,45300101465,260492
0,45302395843,260499
0,45304690215,260506
0,45306984604,260513
0,45309278985,260520
0,45311573354,260527
0,45313867743,260534
0,45316162127,260541
0,45318456504,260548
0,45320750872,260555
0,45323045265,260562
0,45325339643,260569
0,45327634013,260576
0,45329928405,260583
0,45332222784,260590
0,45334517157,260597
0,45336811543,260604
0,45339105925,260611
0,45341400305,260618
0,45343694674,260625
0,45345989065,260632
0,45348283443,260639
0,45350577814,260646
0,45352872204,260653
0,45355166585,260660
0,45357460965,260667
0,45359755332,260674
0,45362049724,260681
0,45364344104,260688
0,45366638474,260695
0,45368932865,260702
0,45371227244,260709
0,45373521618,260716
0,45375816007,260723
0,45378110386,260730
0,45380404763,260737
0,45382699137,260744
0,45384993526,260751
0,45387287904,260758
0,45389582276,260765
0,45391876666,260772
0,45394171046,260779
0,45396465426,260786
0,45398759793,260793
0,45401054187,260800
0,45403348565,260807
0,45405642934,260814
0,45407937325,260821
0,45410231705,260828
0,45412526079,260835
0,45414820468,260842
0,45417114845,260849
0,45419409226,260856
0,45421703598,260863
0,45423997985,260870
0,45426292367,260877
0,45428586736,260884
0,45430881125,260891
0,45433175508,260898
0,45435469888,260905
0,45437764255,260912
0,45440058648,260919
0,45442353023,260926
0,45444647396,260933
0,45446941788,260940
0,45449236166,260947
0,45451530538,260954
0,45453824929,260961
0,45456119308,260968
0,45458413687,260975
0,45460708060,260982
0,45463002449,260989
0,45465296829,260996
0,45467591198,261003
0,45469885588,261010
0,45472179969,261017
0,45474474346,261024
0,45476768731,261031
0,45479063111,261038
0,45481357488,261045
0,45483651860,261052
0,45485946251,261059
0,45488240631,261066
0,45490535002,261073
0,45492829391,261080
0,45495123771,261087
0,45497418150,261094
0,45499712521,261101
0,45502006912,261108
0,45504301290,261115
0,45506595660,261122
0,45508890052,261129
0,45511184433,261136
0,45513478810,261143
0,45515773194,261150
0,45518067573,261157
0,45520361952,261164
0,45522656324,261171
0,45524950714,261178
0,45527245094,261185
0,45529539463,261192
0,45531833855,261199
0,45534128235,261206
0,45536422612,261213
0,45538716985,261220
0,45541011376,261227
0,45543305754,261234
0,45545600125,261241
0,45547894516,261248
0,45550188897,261255
0,45552483275,261262
0,45554777657,261269
0,45557072038,261276
0,45559366417,261283
0,45561660787,261290
0,45563955178,261297
0,45566249558,261304
0,45568543929,261311
0,45570838319,261318
0,45573132699,261325
0,45575427079,261332
0,45577721450,261339
0,45580015841,261346
0,45582310221,261353
0,45584604591,261360
0,45586898980,261367
0,45589193363,261374
0,45591487739,261381
0,45593782124,261388
0,45596076504,261395
0,45598370880,261402
0,45600665253,261409
0,45602959645,261416
0,45605254023,261423
0,45607548396,261430
0,45609842786,261437
0,45612137165,261444
0,45614431544,261451
0,45616725916,261458
0,45619020307,261465
0,45621314686,261472
0,45623609055,261479
0,45625903446,261486
0,45628197829,261493
0,45630492205,261500
0,45632786589,261507
0,45635080970,261514
0,45637375347,261521
0,45639669719,261528
0,45641964110,261535
0,45644258490,261542
0,45646552862,261549
0,45648847250,261556
0,45651141630,261563
0,45653436010,261570
0,45655730379,261577
0,45658024773,261584
0,45660319152,261591
0,45662613522,261598
0,45664907913,261605
0,45667202294,261612
0,45669496671,261619
0,45671791055,261626
0,45674085435,261633
0,45676379814,261640
0,45678674185,261647
0,45680968575,261654
0,45683262955,261661
0,45685557324,261668
0,45687851716,261675
0,45690146096,261682
0,45692440475,261689
0,45694734845,261696
0,45697029237,261703
0,45699323616,261710
0,45701617987,261717
0,45703912378,261724
0,45706206760,261731
0,45708501133,261738
0,45710795518,261745
0,45713089901,261752
0,45715384277,261759
0,45717678649,261766
0,45719973041,261773
0,45722267419,261780
0,45724561791,261787
0,45726856181,261794
0,45729150563,261801
0,45731444942,261808
0,45733739310,261815
0,45736033704,261822
0,45738328085,261829
0,45740622454,261836
0,45742916844,261843
0,45745211227,261850
0,45747505598,261857
0,45749799987,261864
0,45752094369,261871
0,45754388745,261878
0,45756683118,261885
0,45758977510,261892
0,45761271888,261899
0,45763566259,261906
0,45765860650,261913
0,45768155031,261920
0,45770449411,261927
0,45772743779,261934
0,45775038174,261941
0,45777332553,261948
0,45779626922,261955
0,45781921314,261962
0,45784215693,261969
0,45786510070,261976
0,45788804456,261983
0,45791098836,261990
0,45793393215,261997
0,45795687587,262004
0,45797981978,262011
0,45800276359,262018
0,45802570729,262025
0,45804865119,262032
0,45807159501,262039
0,45809453880,262046
0,45811748249,262053
0,45814042644,262060
0,45816337020,262067
0,45818631393,262074
0,45820925783,262081
0,45823220162,262088
0,45825514540,262095
0,45827808925,262102
0,45830103306,262109
0,45832397683,262116
0,45834692055,262123
0,45836986447,262130
0,45839280827,262137
0,45841575197,262144
0,45843869587,262151
0,45846163969,262158
0,45848458348,262165
0,45850752719,262172
0,45853047112,262179
0,45855341489,262186
0,45857635862,262193
0,45859930252,262200
0,45862224632,262207
0,45864519009,262214
0,45866813394,262221
0,45869107774,262228
0,45871402154,262235
0,45873696526,262242
0,45875990917,262249
0,45878285295,262256
0,45880579666,262263
0,45882874057,262270
0,45885168438,262277
0,45887462819,262284
0,45889757188,262291
0,45892051581,262298
0,45894345959,262305
0,45896640331,262312
0,45898934721,262319
0,45901229102,262326
0,45903523476,262333
0,45905817865,262340
0,45908112243,262347
0,45910406623,262354
0,45912700997,262361
0,45914995387,262368
0,45917289767,262375
0,45919584136,262382
0,45921878528,262389
0,45924172909,262396
0,45926467290,262403
0,45928761658,262410
0,45931056053,262417
0,45933350430,262424
0,45935644800,262431
0,45937939193,262438
0,45940233572,262445
0,45942527944,262452
0,45944822336,262459
0,45947116716,262466
0,45949411095,262473
0,45951705466,262480
0,45953999858,262487
0,45956294238,262494
0,45958588608,262501
0,45960882998,262508
0,45963177382,262515
0,45965471759,262522
0,45967766131,262529
0,45970060525,262536
0,45972354902,262543
0,45974649274,262550
0,45976943666,262557
0,45979238044,262564
0,45981532416,262571
0,45983826808,262578
0,45986121187,262585
0,45988415567,262592
0,45990709938,262599
0,45993004331,262606
0,45995298710,262613
0,45997593080,262620
0,45999887471,262627
0,46002181855,262634
0,46004476230,262641
0,46006770602,262648
0,46009064996,262655
0,46011359372,262662
0,46013653745,262669
0,46015948136,262676
0,46018242517,262683
0,46020536888,262690
0,46022831279,262697
0,46025125659,262704
0,46027420038,262711
0,46029714411,262718
0,46032008803,262725
0,46034303180,262732
0,46036597552,262739
0,46038891943,262746
0,46041186324,262753
0,46043480703,262760
0,46045775074,262767
0,46048069467,262774
0,46050363845,262781
0,46052658217,262788
0,46054952609,262795
0,46057246989,262802
0,46059541359,262809
0,46061835752,262816
0,46064130132,262823
0,46066424510,262830
0,46068718884,262837
0,46071013274,262844
0,46073307651,262851
0,46075602024,262858
0,46077896415,262865
0,46080190796,262872
0,46082485174,262879
0,46084779556,262886
0,46087073938,262893
0,46089368316,262900
0,46091662689,262907
0,46093957081,262914
0,46096251461,262921
0,46098545831,262928
0,46100840223,262935
0,46103134604,262942
0,46105428985,262949
0,46107723356,262956
0,46110017747,262963
0,46112312125,262970
0,46114606498,262977
0,46116900888,262984
0,46119195272,262991
0,46121489647,262998
0,46123784032,263005
0,46126078413,263012
0,46128372791,263019
0,46130667165,263026
0,46132961556,263033
0,46135255935,263040
0,46137550307,263047
0,46139844697,263054
0,46142139079,263061
0,46144433459,263068
0,46146727830,263075
0,46149022224,263082
0,46151316600,263089
0,46153610972,263096
0,46155905365,263103
0,46158199746,263110
0,46160494123,263117
0,46162788508,263124
0,46165082889,263131
0,46167377268,263138
0,46169671639,263145
0,46171966030,263152
0,46174260411,263159
0,46176554783,263166
0,46178849172,263173
0,46181143555,263180
0,46183437934,263187
0,46185732307,263194
0,46188026697,263201
0,46190321076,263208
0,46192615448,263215
0,46194909840,263222
0,46197204221,263229
0,46199498595,263236
0,46201792983,263243
0,46204087364,263250
0,46206381743,263257
0,46208676114,263264
0,46210970507,263271
0,46213264886,263278
0,46215559258,263285
0,46217853649,263292
0,46220148032,263299
0,46222442410,263306
0,46224736779,263313
0,46227031174,263320
0,46229325553,263327
0,46231619923,263334
0,46233914315,263341
0,46236208698,263348
0,46238503071,263355
0,46240797457,263362
0,46243091840,263369
0,46245386219,263376
0,46247680593,263383
0,46249974984,263390
0,46252269362,263397
0,46254563735,263404
0,46256858124,263411
0,46259152506,263418
0,46261446888,263425
0,46263741254,263432
0,46266035647,263439
0,46268330027,263446
0,46270624399,263453
0,46272918791,263460
0,46275213174,263467
0,46277507544,263474
0,46279801933,263481
0,46282096315,263488
0,46284390694,263495
0,46286685066,263502
0,46288979458,263509
0,46291273836,263516
0,46293568210,263523
0,46295862601,263530
0,46298156983,263537
0,46300451364,263544
0,46302745731,263551
0,46305040125,263558
0,46307334505,263565
0,46309628877,263572
0,46311923267,263579
0,46314217647,263586
0,46316512023,263593
0,46318806412,263600
0,46321100793,263607
0,46323395174,263614
0,46325689543,263621
0,46327983935,263628
0,46330278314,263635
0,46332572689,263642
0,46334867080,263649
0,46337161462,263656
0,46339455840,263663
0,46341750210,263670
0,46344044605,263677
0,46346338984,263684
0,46348633358,263691
0,46350927748,263698
0,46353222127,263705
0,46355516502,263712
0,46357810890,263719
0,46360105272,263726
0,46362399652,263733
0,46364694020,263740
0,46366988414,263747
0,46369282793,263754
0,46371577165,263761
0,46373871557,263768
0,46376165938,263775
0,46378460317,263782
0,46380754687,263789
0,46383049082,263796
0,46385343461,263803
0,46387637834,263810
0,46389932225,263817
0,46392226604,263824
0,46394520977,263831
0,46396815367,263838
0,46399109750,263845
0,46401404129,263852
0,46403698502,263859
0,46405992893,263866
0,46408287273,263873
0,46410581644,263880
0,46412876036,263887
0,46415170418,263894
0,46417464797,263901
0,46419759168,263908
0,46422053562,263915
0,46424347943,263922
0,46426642313,263929
0,46428936707,263936
0,46431231086,263943
0,46433525456,263950
0,46435819850,263957
0,46438114230,263964
0,46440408610,263971
0,46442702983,263978
0,46444997373,263985
0,46447291751,263992
0,46449586123,263999
0,46451880513,264006
0,46454174896,264013
0,46456469276,264020
0,46458763645,264027
0,46461058041,264034
0,46463352421,264041
0,46465646790,264048
0,46467941183,264055
0,46470235561,264062
0,46472529936,264069
0,46474824327,264076
0,46477118708,264083
0,46479413087,264090
0,46481707462,264097
0,46484001853,264104
0,46486296233,264111
0,46488590604,264118
0,46490884994,264125
0,46493179375,264132
0,46495473753,264139
0,46497768126,264146
0,46500062521,264153
0,46502356900,264160
0,46504651272,264167
0,46506945663,264174
0,46509240043,264181
0,46511534415,264188
0,46513828807,264195
0,46516123188,264202
0,46518417567,264209
0,46520711940,264216
0,46523006333,264223
0,46525300713,264230
0,46527595083,264237
0,46529889477,264244
0,46532183858,264251
0,46534478235,264258
0,46536772608,264265
0,46539067001,264272
0,46541361381,264279
0,46543655753,264286
0,46545950144,264293
0,46548244524,264300
0,46550538898,264307
0,46552833289,264314
0,46555127670,264321
0,46557422048,264328
0,46559716421,264335
0,46562010815,264342
0,46564305195,264349
0,46566599565,264356
0,46568893957,264363
0,46571188338,264370
0,46573482716,264377
0,46575777091,264384
0,46578071484,264391
0,46580365863,264398
0,46582660235,264405
0,46584954628,264412
0,46587249009,264419
0,46589543379,264426
0,46591837773,264433
0,46594132151,264440
0,46596426533,264447
0,46598720905,264454
0,46601015298,264461
0,46603309678,264468
0,46605604048,264475
0,46607898439,264482
0,46610192824,264489
0,46612487200,264496
0,46614781573,264503
0,46617075967,264510
0,46619370344,264517
0,46621664718,264524
0,46623959111,264531
0,46626253491,264538
0,46628547861,264545
0,46630842253,264552
0,46633136634,264559
0,46635431016,264566
0,46637725388,264573
0,46640019777,264580
0,46642314159,264587
0,46644608529,264594
0,46646902921,264601
0,46649197305,264608
0,46651491680,264615
0,46653786067,264622
0,46656080449,264629
0,46658374826,264636
0,46660669202,264643
0,46662963594,264650
0,46665257973,264657
0,46667552346,264664
0,46669846735,264671
0,46672141119,264678
0,46674435499,264685
0,46676729871,264692
0,46679024264,264699
0,46681318642,264706
0,46683613015,264713
0,46685907407,264720
0,46688201790,264727
0,46690496164,264734
0,46692790552,264741
0,46695084932,264748
0,46697379314,264755
0,46699673685,264762
0,46701968078,264769
0,46704262459,264776
0,46706556829,264783
0,46708851219,264790
0,46711145603,264797
0,46713439982,264804
0,46715734355,264811
0,46718028747,264818
0,46720323126,264825
0,46722617499,264832
0,46724911891,264839
0,46727206273,264846
0,46729500646,264853
0,46731795035,264860
0,46734089417,264867
0,46736383797,264874
0,46738678169,264881
0,46740972562,264888
0,46743266941,264895
0,46745561314,264902
0,46747855704,264909
0,46750150087,264916
0,46752444469,264923
0,46754738838,264930
0,46757033232,264937
0,46759327611,264944
0,46761621984,264951
0,46763916376,264958
0,46766210757,264965
0,46768505131,264972
0,46770799520,264979
0,46773093902,264986
0,46775388281,264993
0,46777682655,265000
0,46779977047,265007
0,46782271426,265014
0,46784565800,265021
0,46786860190,265028
0,46789154574,265035
0,46791448954,265042
0,46793743324,265049
0,46796037718,265056
0,46798332098,265063
0,46800626469,265070
0,46802920864,265077
0,46805215243,265084
0,46807509618,265091
0,46809804008,265098
0,46812098389,265105
0,46814392768,265112
0,46816687140,265119
0,46818981532,265126
0,46821275912,265133
0,46823570285,265140
0,46825864675,265147
0,46828159060,265154
0,46830453438,265161
0,46832747808,265168
0,46835042203,265175
0,46837336582,265182
0,46839630956,265189
0,46841925348,265196
0,46844219726,265203
0,46846514104,265210
0,46848808492,265217
0,46851102873,265224
0,46853397255,265231
0,46855691626,265238
0,46857986017,265245
0,46860280398,265252
0,46862574771,265259
0,46864869163,265266
0,46867163547,265273
0,46869457923,265280
0,46871752295,265287
0,46874046691,265294
0,46876341070,265301
0,46878635444,265308
0,46880929836,265315
0,46883224214,265322
0,46885518588,265329
0,46887812981,265336
0,46890107362,265343
0,46892401743,265350
0,46894696115,265357
0,46896990506,265364
0,46899284887,265371
0,46901579260,265378
0,46903873651,265385
0,46906168033,265392
0,46908462413,265399
0,46910756783,265406
0,46913051178,265413
0,46915345560,265420
0,46917639930,265427
0,46919934322,265434
0,46922228703,265441
0,46924523076,265448
0,46926817469,265455
0,46929111850,265462
0,46931406226,265469
0,46933700603,265476
0,46935994994,265483
0,46938289374,265490
0,46940583748,265497
0,46942878140,265504
0,46945172520,265511
0,46947466902,265518
0,46949761272,265525
0,46952055668,265532
0,46954350048,265539
0,46956644419,265546
0,46958938812,265553
0,46961233191,265560
0,46963527565,265567
0,46965821959,265574
0,46968116338,265581
0,46970410718,265588
0,46972705092,265595
0,46974999484,265602
0,46977293866,265609
0,46979588235,265616
0,46981882628,265623
0,46984177012,265630
0,46986471391,265637
0,46988765762,265644
0,46991060157,265651
0,46993354536,265658
0,46995648908,265665
0,46997943301,265672
0,47000237681,265679
0,47002532055,265686
0,47004826447,265693
0,47007120827,265700
0,47009415207,265707
0,47011709582,265714
0,47014003974,265721
0,47016298355,265728
0,47018592724,265735
0,47020887118,265742
0,47023181501,265749
0,47025475880,265756
0,47027770253,265763
0,47030064646,265770
0,47032359024,265777
0,47034653398,265784
0,47036947791,265791
0,47039242170,265798
0,47041536544,265805
0,47043830934,265812
0,47046125318,265819
0,47048419698,265826
0,47050714071,265833
0,47053008463,265840
0,47055302842,265847
0,47057597215,265854
0,47059891608,265861
0,47062185990,265868
0,47064480369,265875
0,47066774742,265882
0,47069069136,265889
0,47071363517,265896
0,47073657889,265903
0,47075952282,265910
0,47078246662,265917
0,47080541034,265924
0,47082835426,265931
0,47085129809,265938
0,47087424188,265945
0,47089718562,265952
0,47092012955,265959
0,47094307332,265966
0,47096601707,265973
0,47098896099,265980
0,47101190481,265987
0,47103484859,265994
0,47105779232,266001
0,47108073628,266008
0,47110368007,266015
0,47112662380,266022
0,47114956773,266029
0,47117251153,266036
0,47119545526,266043
0,47121839919,266050
0,47124134300,266057
0,47126428681,266064
0,47128723054,266071
0,47131017447,266078
0,47133311826,266085
0,47135606199,266092
0,47137900592,266099
0,47140194975,266106
0,47142489352,266113
0,47144783724,266120
0,47147078120,266127
0,47149372497,266134
0,47151666872,266141
0,47153961266,266148
0,47156255643,266155
0,47158550018,266162
0,47160844410,266169
0,47163138792,266176
0,47165433173,266183
0,47167727546,266190
0,47170021938,266197
0,47172316320,266204
0,47174610691,266211
0,47176905083,266218
0,47179199466,266225
0,47181493842,266232
0,47183788217,266239
0,47186082613,266246
0,47188376991,266253
0,47190671363,266260
0,47192965756,266267
0,47195260136,266274
0,47197554510,266281
0,47199848901,266288
0,47202143284,266295
0,47204437663,266302
0,47206732037,266309
0,47209026429,266316
0,47211320810,266323
0,47213615182,266330
0,47215909575,266337
0,47218203956,266344
0,47220498331,266351
0,47222792720,266358
0,47225087102,266365
0,47227381484,266372
0,47229675856,266379
0,47231970248,266386
0,47234264628,266393
0,47236559001,266400
0,47238853394,266407
0,47241147778,266414
0,47243442155,266421
0,47245736531,266428
0,47248030924,266435
0,47250325305,266442
0,47252619675,266449
0,47254914069,266456
0,47257208451,266463
0,47259502826,266470
0,47261797214,266477
0,47264091599,266484
0,47266385977,266491
0,47268680349,266498
0,47270974742,266505
0,47273269123,266512
0,47275563497,266519
0,47277857889,266526
0,47280152270,266533
0,47282446651,266540
0,47284741025,266547
0,47287035417,266554
0,47289329798,266561
0,47291624170,266568
0,47293918562,266575
0,47296212946,266582
0,47298507320,266589
0,47300801709,266596
0,47303096093,266603
0,47305390470,266610
0,47307684845,266617
0,47309979237,266624
0,47312273618,266631
0,47314567991,266638
0,47316862383,266645
0,47319156765,266652
0,47321451147,266659
0,47323745517,266666
0,47326039913,266673
0,47328334292,266680
0,47330628664,266687
0,47332923058,266694
0,47335217439,266701
0,47337511815,266708
0,47339806206,266715
0,47342100588,266722
0,47344394967,266729
0,47346689342,266736
0,47348983733,266743
0,47351278115,266750
0,47353572488,266757
0,47355866878,266764
0,47358161261,266771
0,47360455643,266778
0,47362750012,266785
0,47365044407,266792
0,47367338786,266799
0,47369633160,266806
0,47371927554,266813
0,47374221933,266820
0,47376516307,266827
0,47378810699,266834
0,47381105083,266841
0,47383399462,266848
0,47385693836,266855
0,47387988229,266862
0,47390282609,266869
0,47392576981,266876
0,47394871374,266883
0,47397165757,266890
0,47399460138,266897
0,47401754510,266904
0,47404048902,266911
0,47406343284,266918
0,47408637658,266925
0,47410932049,266932
0,47413226431,266939
0,47415520804,266946
0,47417815195,266953
0,47420109579,266960
0,47422403960,266967
0,47424698331,266974
0,47426992725,266981
0,47429287104,266988
0,47431581479,266995
0,47433875873,267002
0,47436170254,267009
0,47438464634,267016
0,47440759005,267023
0,47443053401,267030
0,47445347782,267037
0,47447642154,267044
0,47449936547,267051
0,47452230926,267058
0,47454525299,267065
0,47456819694,267072
0,47459114076,267079
0,47461408455,267086
0,47463702830,267093
0,47465997223,267100
0,47468291602,267107
0,47470585976,267114
0,47472880369,267121
0,47475174752,267128
0,47477469132,267135
0,47479763502,267142
0,47482057900,267149
0,47484352281,267156
0,47486646651,267163
0,47488941045,267170
0,47491235424,267177
0,47493529799,267184
0,47495824193,267191
0,47498118575,267198
0,47500412953,267205
0,47502707328,267212
0,47505001721,267219
0,47507296103,267226
0,47509590475,267233
0,47511884868,267240
0,47514179250,267247
0,47516473631,267254
0,47518768004,267261
0,47521062399,267268
0,47523356778,267275
0,47525651151,267282
0,47527945543,267289
0,47530239923,267296
0,47532534300,267303
0,47534828692,267310
0,47537123071,267317
0,47539417454,267324
0,47541711827,267331
0,47544006220,267338
0,47546300603,267345
0,47548594972,267352
0,47550889364,267359
0,47553183749,267366
0,47555478130,267373
0,47557772502,267380
0,47560066896,267387
0,47562361275,267394
0,47564655649,267401
0,47566950042,267408
0,47569244424,267415
0,47571538796,267422
0,47573833188,267429
0,47576127571,267436
0,47578421952,267443
0,47580716325,267450
0,47583010718,267457
0,47585305095,267464
0,47587599470,267471
0,47589893864,267478
0,47592188247,267485
0,47594482626,267492
0,47596776998,267499
0,47599071391,267506
0,47601365774,267513
0,47603660148,267520
0,47605954540,267527
0,47608248922,267534
0,47610543293,267541
0,47612837686,267548
0,47615132071,267555
0,47617426450,267562
0,47619720824,267569
0,47622015218,267576
0,47624309596,267583
0,47626603970,267590
0,47628898363,267597
0,47631192746,267604
0,47633487125,267611
0,47635781497,267618
0,47638075893,267625
0,47640370275,267632
0,47642664647,267639
0,47644959040,267646
0,47647253420,267653
0,47649547794,267660
0,47651842188,267667
0,47654136571,267674
0,47656430951,267681
0,47658725324,267688
0,47661019717,267695
0,47663314099,267702
0,47665608472,267709
0,47667902864,267716
0,47670197247,267723
0,47672491626,267730
0,47674786000,267737
0,47677080397,267744
0,47679374775,267751
0,47681669149,267758
0,47683963543,267765
0,47686257922,267772
0,47688552298,267779
0,47690846691,267786
0,47693141072,267793
0,47695435453,267800
0,47697729826,267807
0,47700024220,267814
0,47702318603,267821
0,47704612974,267828
0,47706907366,267835
0,47709201749,267842
0,47711496124,267849
0,47713790504,267856
0,47716084899,267863
0,47718379279,267870
0,47720673652,267877
0,47722968044,267884
0,47725262426,267891
0,47727556801,267898
0,47729851190,267905
0,47732145575,267912
0,47734439954,267919
0,47736734329,267926
0,47739028723,267933
0,47741323103,267940
0,47743617477,267947
0,47745911868,267954
0,47748206253,267961
0,47750500629,267968
0,47752795005,267975
0,47755089400,267982
0,47757383779,267989
0,47759678155,267996
0,47761972548,268003
0,47764266930,268010
0,47766561302,268017
0,47768855695,268024
0,47771150078,268031
0,47773444458,268038
0,47775738834,268045
0,47778033227,268052
0,47780327605,268059
0,47782621982,268066
0,47784916373,268073
0,47787210756,268080
0,47789505130,268087
0,47791799518,268094
0,47794093902,268101
0,47796388282,268108
0,47798682658,268115
0,47800977049,268122
0,47803271430,268129
0,47805565804,268136
0,47807860194,268143
0,47810154579,268150
0,47812448960,268157
0,47814743334,268164
0,47817037726,268171
0,47819332108,268178
0,47821626481,268185
0,47823920873,268192
0,47826215258,268199
0,47828509630,268206
0,47830804022,268213
0,47833098406,268220
0,47835392786,268227
0,47837687160,268234
0,47839981554,268241
0,47842275932,268248
0,47844570307,268255
0,47846864701,268262
0,47849159083,268269
0,47851453465,268276
0,47853747833,268283
0,47856042232,268290
0,47858336612,268297
0,47860630985,268304
0,47862925378,268311
0,47865219759,268318
0,47867514134,268325
0,47869808526,268332
0,47872102911,268339
0,47874397291,268346
0,47876691664,268353
0,47878986055,268360
0,47881280439,268367
0,47883574813,268374
0,47885869206,268381
0,47888163588,268388
0,47890457969,268395
0,47892752340,268402
0,47895046738,268409
0,47897341118,268416
0,47899635490,268423
0,47901929884,268430
0,47904224263,268437
0,47906518640,268444
0,47908813032,268451
0,47911107416,268458
0,47913401794,268465
0,47915696170,268472
0,47917990563,268479
0,47920284945,268486
0,47922579316,268493
0,47924873711,268500
0,47927168093,268507
0,47929462475,268514
0,47931756847,268521
0,47934051242,268528
0,47936345623,268535
0,47938639995,268542
0,47940934388,268549
0,47943228770,268556
0,47945523146,268563
0,47947817536,268570
0,47950111920,268577
0,47952406300,268584
0,47954700676,268591
0,47956995069,268598
0,47959289451,268605
0,47961583822,268612
0,47963878216,268619
0,47966172598,268626
0,47968466982,268633
0,47970761353,268640
0,47973055748,268647
0,47975350128,268654
0,47977644502,268661
0,47979938895,268668
0,47982233278,268675
0,47984527648,268682
0,47986822044,268689
0,47989116424,268696
0,47991410806,268703
0,47993705182,268710
0,47995999575,268717
0,47998293954,268724
0,48000588330,268731
0,48002882721,268738
0,48005177107,268745
0,48007471488,268752
0,48009765858,268759
0,48012060255,268766
0,48014354635,268773
0,48016649008,268780
0,48018943402,268787
0,48021237782,268794
0,48023532157,268801
0,48025826550,268808
0,48028120933,268815
0,48030415316,268822
0,48032709688,268829
0,48035004082,268836
0,48037298462,268843
0,48039592837,268850
0,48041887230,268857
0,48044181614,268864
0,48046475991,268871
0,48048770366,268878
0,48051064762,268885
0,48053359144,268892
0,48055653517,268899
0,48057947910,268906
0,48060242290,268913
0,48062536666,268920
0,48064831060,268927
0,48067125442,268934
0,48069419823,268941
0,48071714196,268948
0,48074008591,268955
0,48076302972,268962
0,48078597346,268969
0,48080891738,268976
0,48083186121,268983
0,48085480503,268990
0,48087774876,268997
0,48090069271,269004
0,48092363652,269011
0,48094658025,269018
0,48096952417,269025
0,48099246801,269032
0,48101541175,269039
0,48103835568,269046
0,48106129949,269053
0,48108424330,269060
0,48110718705,269067
0,48113013100,269074
0,48115307481,269081
0,48117601854,269088
0,48119896247,269095
0,48122190629,269102
0,48124485010,269109
0,48126779384,269116
0,48129073780,269123
0,48131368160,269130
0,48133662533,269137
0,48135956928,269144
0,48138251309,269151
0,48140545682,269158
0,48142840077,269165
0,48145134459,269172
0,48147428840,269179
0,48149723217,269186
0,48152017609,269193
0,48154311989,269200
0,48156606364,269207
0,48158900756,269214
0,48161195142,269221
0,48163489521,269228
0,48165783894,269235
0,48168078287,269242
0,48170372668,269249
0,48172667043,269256
0,48174961437,269263
0,48177255818,269270
0,48179550191,269277
0,48181844586,269284
0,48184138967,269291
0,48186433350,269298
0,48188727724,269305
0,48191022116,269312
0,48193316498,269319
0,48195610872,269326
0,48197905266,269333
0,48200199651,269340
0,48202494023,269347
0,48204788404,269354
0,48207082799,269361
0,48209377180,269368
0,48211671555,269375
0,48213965947,269382
0,48216260328,269389
0,48218554704,269396
0,48220849096,269403
0,48223143481,269410
0,48225437862,269417
0,48227732235,269424
0,48230026630,269431
0,48232321011,269438
0,48234615384,269445
0,48236909778,269452
0,48239204159,269459
0,48241498536,269466
0,48243792914,269473
0,48246087311,269480
0,48248381691,269487
0,48250676065,269494
0,48252970457,269501
0,48255264840,269508
0,48257559216,269515
0,48259853607,269522
0,48262147991,269529
0,48264442371,269536
0,48266736747,269543
0,48269031142,269550
0,48271325522,269557
0,48273619895,269564
0,48275914289,269571
0,48278208672,269578
0,48280503048,269585
0,48282797427,269592
0,48285091822,269599
0,48287386202,269606
0,48289680576,269613
0,48291974971,269620
0,48294269354,269627
0,48296563726,269634
0,48298858119,269641
0,48301152502,269648
0,48303446883,269655
0,48305741259,269662
0,48308035653,269669
0,48310330033,269676
0,48312624407,269683
0,48314918800,269690
0,48317213186,269697
0,48319507557,269704
0,48321801937,269711
0,48324096334,269718
0,48326390713,269725
0,48328685089,269732
0,48330979484,269739
0,48333273864,269746
0,48335568239,269753
0,48337862632,269760
0,48340157015,269767
0,48342451398,269774
0,48344745772,269781
0,48347040164,269788
0,48349334545,269795
0,48351628919,269802
0,48353923314,269809
0,48356217696,269816
0,48358512067,269823
0,48360806462,269830
0,48363100846,269837
0,48365395227,269844
0,48367689602,269851
0,48369983995,269858
0,48372278374,269865
0,48374572750,269872
0,48376867143,269879
0,48379161527,269886
0,48381455909,269893
0,48383750283,269900
0,48386044676,269907
0,48388339059,269914
0,48390633432,269921
0,48392927825,269928
0,48395222205,269935
0,48397516581,269942
0,48399810975,269949
0,48402105359,269956
0,48404399739,269963
0,48406694113,269970
0,48408988506,269977
0,48411282888,269984
0,48413577263,269991
0,48415871656,269998
0,48418166040,270005
0,48420460420,270012
0,48422754794,270019
0,48425049191,270026
0,48427343572,270033
0,48429637946,270040
0,48431932338,270047
0,48434226720,270054
0,48436521096,270061
0,48438815489,270068
0,48441109873,270075
0,48443404253,270082
0,48445698627,270089
0,48447993023,270096
0,48450287404,270103
0,48452581777,270110
0,48454876171,270117
0,48457170553,270124
0,48459464935,270131
0,48461759308,270138
0,48464053705,270145
0,48466348084,270152
0,48468642458,270159
0,48470936853,270166
0,48473231235,270173
0,48475525610,270180
0,48477820003,270187
0,48480114388,270194
0,48482408767,270201
0,48484703143,270208
0,48486997538,270215
0,48489291918,270222
0,48491586292,270229
0,48493880686,270236
0,48496175070,270243
0,48498469453,270250
0,48500763824,270257
0,48503058220,270264
0,48505352602,270271
0,48507646975,270278
0,48509941371,270285
0,48512235752,270292
0,48514530126,270299
0,48516824520,270306
0,48519118903,270313
0,48521413285,270320
0,48523707660,270327
0,48526002054,270334
0,48528296434,270341
0,48530590808,270348
0,48532885201,270355
0,48535179587,270362
0,48537473967,270369
0,48539768339,270376
0,48542062736,270383
0,48544357118,270390
0,48546651492,270397
0,48548945886,270404
0,48551240265,270411
0,48553534641,270418
0,48555829036,270425
0,48558123418,270432
0,48560417799,270439
0,48562712175,270446
0,48565006569,270453
0,48567300952,270460
0,48569595324,270467
0,48571889719,270474
0,48574184103,270481
0,48576478484,270488
0,48578772858,270495
0,48581067253,270502
0,48583361635,270509
0,48585656010,270516
0,48587950403,270523
0,48590244784,270530
0,48592539161,270537
0,48594833553,270544
0,48597127937,270551
0,48599422318,270558
0,48601716693,270565
0,48604011087,270572
0,48606305469,270579
0,48608599842,270586
0,48610894237,270593
0,48613188621,270600
0,48615483003,270607
0,48617777375,270614
0,48620071772,270621
0,48622366154,270628
0,48624660528,270635
0,48626954922,270642
0,48629249304,270649
0,48631543679,270656
0,48633838072,270663
0,48636132456,270670
0,48638426835,270677
0,48640721212,270684
0,48643015605,270691
0,48645309986,270698
0,48647604361,270705
0,48649898755,270712
0,48652193139,270719
0,48654487517,270726
0,48656781893,270733
0,48659076290,270740
0,48661370672,270747
0,48663665044,270754
0,48665959440,270761
0,48668253820,270768
0,48670548196,270775
0,48672842591,270782
0,48675136971,270789
0,48677431353,270796
0,48679725728,270803
0,48682020121,270810
0,48684314504,270817
0,48686608878,270824
0,48688903269,270831
0,48691197655,270838
0,48693492031,270845
0,48695786408,270852
0,48698080807,270859
0,48700375188,270866
0,48702669561,270873
0,48704963956,270880
0,48707258337,270887
0,48709552713,270894
0,48711847105,270901
0,48714141488,270908
0,48716435871,270915
0,48718730246,270922
0,48721024640,270929
0,48723319022,270936
0,48725613395,270943
0,48727907791,270950
0,48730202176,270957
0,48732496549,270964
0,48734790929,270971
0,48737085326,270978
0,48739379706,270985
0,48741674082,270992
0,48743968475,270999
0,48746262857,271006
0,48748557232,271013
0,48750851623,271020
0,48753146009,271027
0,48755440392,271034
0,48757734766,271041
0,48760029160,271048
0,48762323540,271055
0,48764617917,271062
0,48766912311,271069
0,48769206695,271076
0,48771501071,271083
0,48773795448,271090
0,48776089844,271097
0,48778384228,271104
0,48780678603,271111
0,48782972996,271118
0,48785267377,271125
0,48787561752,271132
0,48789856146,271139
0,48792150532,271146
0,48794444913,271153
0,48796739288,271160
0,48799033681,271167
0,48801328062,271174
0,48803622439,271181
0,48805916833,271188
0,48808211216,271195
0,48810505589,271202
0,48812799970,271209
0,48815094368,271216
0,48817388750,271223
0,48819683123,271230
0,48821977518,271237
0,48824271899,271244
0,48826566274,271251
0,48828860667,271258
0,48831155051,271265
0,48833449432,271272
0,48835743809,271279
0,48838038204,271286
0,48840332586,271293
0,48842626959,271300
0,48844921352,271307
0,48847215737,271314
0,48849510111,271321
0,48851804493,271328
0,48854098890,271335
0,48856393267,271342
0,48858687646,271349
0,48860982040,271356
0,48863276422,271363
0,48865570798,271370
0,48867865190,271377
0,48870159574,271384
0,48872453957,271391
0,48874748332,271398
0,48877042725,271405
0,48879337107,271412
0,48881631481,271419
0,48883925877,271426
0,48886220260,271433
0,48888514634,271440
0,48890809016,271447
0,48893103411,271454
0,48895397790,271461
0,48897692167,271468
0,48899986562,271475
0,48902280943,271482
0,48904575319,271489
0,48906869711,271496
0,48909164097,271503
0,48911458480,271510
0,48913752852,271517
0,48916047247,271524
0,48918341628,271531
0,48920636004,271538
0,48922930400,271545
0,48925224781,271552
0,48927519157,271559
0,48929813549,271566
0,48932107933,271573
0,48934402315,271580
0,48936696688,271587
0,48938991082,271594
0,48941285464,271601
0,48943579839,271608
0,48945874235,271615
0,48948168620,271622
0,48950462998,271629
0,48952757374,271636
0,48955051768,271643
0,48957346150,271650
0,48959640526,271657
0,48961934920,271664
0,48964229301,271671
0,48966523678,271678
0,48968818072,271685
0,48971112457,271692
0,48973406838,271699
0,48975701212,271706
0,48977995607,271713
0,48980289988,271720
0,48982584363,271727
0,48984878758,271734
0,48987173141,271741
0,48989467524,271748
0,48991761898,271755
0,48994056293,271762
0,48996350677,271769
0,48998645051,271776
0,49000939444,271783
0,49003233826,271790
0,49005528201,271797
0,49007822595,271804
0,49010116979,271811
0,49012411359,271818
0,49014705737,271825
0,49017000132,271832
0,49019294513,271839
0,49021588889,271846
0,49023883282,271853
0,49026177667,271860
0,49028472050,271867
0,49030766422,271874
0,49033060819,271881
0,49035355201,271888
0,49037649574,271895
0,49039943970,271902
0,49042238352,271909
0,49044532726,271916
0,49046827121,271923
0,49049121504,271930
0,49051415887,271937
0,49053710263,271944
0,49056004656,271951
0,49058299038,271958
0,49060593413,271965
0,49062887808,271972
0,49065182194,271979
0,49067476573,271986
0,49069770946,271993
0,49072065343,272000
0,49074359724,272007
0,49076654099,272014
0,49078948494,272021
0,49081242875,272028
0,49083537252,272035
0,49085831646,272042
0,49088126029,272049
0,49090420411,272056
0,49092714788,272063
0,49095009182,272069
0,49097303565,272075
0,49099597938,272081
0,49101892334,272087
0,49104186718,272093
0,49106481099,272099
0,49108775474,272105
0,49111069871,272111
0,49113364252,272117
0,49115658627,272123
0,49117953020,272129
0,49120247403,272135
0,49122541779,272141
0,49124836172,272147
0,49127130555,272153
0,49129424938,272159
0,49131719312,272165
0,49134013708,272171
0,49136308089,272177
0,49138602464,272183
0,49140896858,272189
0,49143191243,272195
0,49145485626,272201
0,49147779998,272207
0,49150074395,272213
0,49152368778,272219
0,49154663153,272225
0,49156957547,272231
0,49159251929,272237
0,49161546304,272243
0,49163840699,272249
0,49166135084,272255
0,49168429465,272261
0,49170723841,272267
0,49173018235,272273
0,49175312616,272279
0,49177606993,272285
0,49179901388,272291
0,49182195772,272297
0,49184490148,272303
0,49186784526,272309
0,49189078924,272315
0,49191373307,272321
0,49193667680,272327
0,49195962074,272333
0,49198256455,272339
0,49200550832,272345
0,49202845229,272351
0,49205139611,272357
0,49207433992,272363
0,49209728369,272369
0,49212022762,272375
0,49214317145,272381
0,49216611519,272387
0,49218905914,272393
0,49221200298,272399
0,49223494674,272405
0,49225789054,272411
0,49228083452,272417
0,49230377834,272423
0,49232672209,272429
0,49234966603,272435
0,49237260984,272441
0,49239555362,272447
0,49241849755,272453
0,49244144138,272459
0,49246438521,272465
0,49248732896,272471
0,49251027292,272477
0,49253321674,272483
0,49255616047,272489
0,49257910442,272495
0,49260204827,272501
0,49262499203,272507
0,49264793583,272513
0,49267087980,272519
0,49269382362,272525
0,49271676738,272531
0,49273971133,272537
0,49276265515,272543
0,49278559892,272549
0,49280854283,272555
0,49283148670,272561
0,49285443052,272567
0,49287737426,272573
0,49290031822,272579
0,49292326203,272585
0,49294620579,272591
0,49296914974,272597
0,49299209359,272603
0,49301503732,272609
0,49303798113,272615
0,49306092510,272621
0,49308386894,272627
0,49310681267,272633
0,49312975662,272639
0,49315270043,272645
0,49317564418,272651
0,49319858814,272657
0,49322153199,272663
0,49324447578,272669
0,49326741957,272675
0,49329036352,272681
0,49331330733,272687
0,49333625108,272693
0,49335919503,272699
0,49338213887,272705
0,49340508261,272711
0,49342802642,272717
0,49345097041,272723
0,49347391422,272729
0,49349685797,272735
0,49351980191,272741
0,49354274573,272747
0,49356568949,272753
0,49358863343,272759
0,49361157727,272765
0,49363452111,272771
0,49365746487,272777
0,49368040881,272783
0,49370335264,272789
0,49372629639,272795
0,49374924033,272801
0,49377218416,272807
0,49379512791,272813
0,49381807174,272819
0,49384101570,272825
0,49386395950,272831
0,49388690328,272837
0,49390984722,272843
0,49393279104,272849
0,49395573482,272855
0,49397867876,272861
0,49400162261,272867
0,49402456644,272873
0,49404751018,272879
0,49407045413,272885
0,49409339796,272891
0,49411634170,272897
0,49413928565,272903
0,49416222946,272909
0,49418517321,272915
0,49420811705,272921
0,49423106103,272927
0,49425400485,272933
0,49427694859,272939
0,49429989254,272945
0,49432283636,272951
0,49434578011,272957
0,49436872406,272963
0,49439166790,272969
0,49441461171,272975
0,49443755549,272981
0,49446049944,272987
0,49448344327,272993
0,49450638702,272999
0,49452933097,273005
0,49455227478,273011
0,49457521855,273017
0,49459816237,273023
0,49462110633,273029
0,49464405014,273035
0,49466699391,273041
0,49468993787,273047
0,49471288171,273053
0,49473582543,273059
0,49475876939,273065
0,49478171324,273071
0,49480465705,273077
0,49482760082,273083
0,49485054476,273089
0,49487348858,273095
0,49489643235,273101
0,49491937629,273107
0,49494232012,273113
0,49496526388,273119
0,49498820781,273125
0,49501115167,273131
0,49503409548,273137
0,49505703924,273143
0,49507998319,273149
0,49510292700,273155
0,49512587077,273161
0,49514881472,273167
0,49517175857,273173
0,49519470239,273179
0,49521764611,273185
0,49524059009,273191
0,49526353393,273197
0,49528647769,273203
0,49530942162,273209
0,49533236545,273215
0,49535530921,273221
0,49537825314,273227
0,49540119701,273233
0,49542414080,273239
0,49544708459,273245
0,49547002852,273251
0,49549297233,273257
0,49551591609,273263
0,49553886003,273269
0,49556180388,273275
0,49558474770,273281
0,49560769143,273287
0,49563063543,273293
0,49565357925,273299
0,49567652298,273305
0,49569946693,273311
0,49572241076,273317
0,49574535454,273323
0,49576829849,273329
0,49579124232,273335
0,49581418614,273341
0,49583712990,273347
0,49586007386,273353
0,49588301770,273359
0,49590596144,273365
0,49592890537,273371
0,49595184924,273377
0,49597479306,273383
0,49599773681,273389
0,49602068077,273395
0,49604362460,273401
0,49606656836,273407
0,49608951229,273413
0,49611245611,273419
0,49613539988,273425
0,49615834382,273431
0,49618128767,273437
0,49620423150,273443
0,49622717525,273449
0,49625011920,273455
0,49627306303,273461
0,49629600678,273467
0,49631895075,273473
0,49634189459,273479
0,49636483839,273485
0,49638778216,273491
0,49641072613,273497
0,49643366996,273503
0,49645661371,273509
0,49647955765,273515
0,49650250147,273521
0,49652544525,273527
0,49654838920,273533
0,49657133305,273539
0,49659427686,273545
0,49661722062,273551
0,49664016458,273557
0,49666310840,273563
0,49668605216,273569
0,49670899611,273575
0,49673193995,273581
0,49675488376,273587
0,49677782752,273593
0,49680077150,273599
0,49682371532,273605
0,49684665907,273611
0,49686960303,273617
0,49689254686,273623
0,49691549061,273629
0,49693843458,273635
0,49696137840,273641
0,49698432222,273647
0,49700726600,273653
0,49703020995,273659
0,49705315376,273665
0,49707609752,273671
0,49709904147,273677
0,49712198533,273683
0,49714492910,273689
0,49716787288,273695
0,49719081686,273701
0,49721376070,273707
0,49723670445,273713
0,49725964840,273719
0,49728259222,273725
0,49730553599,273731
0,49732847994,273737
0,49735142378,273743
0,49737436761,273749
0,49739731135,273755
0,49742025530,273761
0,49744319914,273767
0,49746614289,273773
0,49748908684,273779
0,49751203069,273785
0,49753497445,273791
0,49755791825,273797
0,49758086224,273803
0,49760380606,273809
0,49762674981,273815
0,49764969376,273821
0,49767263757,273827
0,49769558135,273833
0,49771852530,273839
0,49774146913,273845
0,49776441296,273851
0,49778735672,273857
0,49781030069,273863
0,49783324452,273869
0,49785618825,273875
0,49787913219,273881
0,49790207604,273887
0,49792501978,273893
0,49794796363,273899
0,49797090759,273905
0,49799385140,273911
0,49801679517,273917
0,49803973913,273923
0,49806268296,273929
0,49808562672,273935
0,49810857065,273941
0,49813151451,273947
0,49815445833,273953
0,49817740210,273959
0,49820034605,273965
0,49822328987,273971
0,49824623363,273977
0,49826917760,273983
0,49829212143,273989
0,49831506518,273995
0,49833800900,274001
0,49836095298,274007
0,49838389681,274013
0,49840684057,274019
0,49842978451,274025
0,49845272834,274031
0,49847567210,274037
0,49849861605,274043
0,49852155989,274049
0,49854450372,274055
0,49856744751,274061
0,49859039144,274067
0,49861333528,274073
0,49863627903,274079
0,49865922297,274085
0,49868216683,274091
0,49870511058,274097
0,49872805439,274103
0,49875099839,274109
0,49877394220,274115
0,49879688596,274121
0,49881982992,274127
0,49884277374,274133
0,49886571750,274139
0,49888866144,274145
0,49891160529,274151
0,49893454912,274157
0,49895749289,274163
0,49898043684,274169
0,49900338067,274175
0,49902632443,274181
0,49904926837,274187
0,49907221221,274193
0,49909515596,274199
0,49911809981,274205
0,49914104378,274211
0,49916398760,274217
0,49918693137,274223
0,49920987530,274229
0,49923281914,274235
0,49925576291,274241
0,49927870683,274247
0,49930165071,274253
0,49932459453,274259
0,49934753828,274265
0,49937048225,274271
0,49939342608,274277
0,49941636983,274283
0,49943931378,274289
0,49946225761,274295
0,49948520138,274301
0,49950814520,274307
0,49953108919,274313
0,49955403301,274319
0,49957697676,274325
0,49959992071,274331
0,49962286455,274337
0,49964580832,274343
0,49966875225,274349
0,49969169610,274355
0,49971463993,274361
0,49973758371,274367
0,49976052767,274373
0,49978347150,274379
0,49980641525,274385
0,49982935919,274391
0,49985230301,274397
0,49987524680,274403
0,49989819061,274409
0,49992113459,274415
0,49994407840,274421
0,49996702217,274427
0,49998996614,274433
0,50000000000,274433
