0,29795088,29000000
0,64022896,29750000
0,66317276,30656250
0,68611655,31699218
0,70906017,32861815
0,73200401,34254088
0,98206512,38597327
0,100500892,38272661
0,102795254,37988578
0,105089635,37865005
0,107384017,38006879
0,109678394,38131019
0,111972760,38114641
0,132389154,40725310
0,134683514,40134646
0,136977899,39617815
0,139272279,39540588
0,141566658,39473014
0,143861019,39288887
0,146155404,39502776
0,148449782,39689929
0,150744145,39853687
0,153038527,40371976
0,155332907,40825479
0,167717993,40097294
0,170012379,39835132
0,172306759,39605740
0,174601136,39405022
0,176895501,39479394
0,179189883,39544469
0,181484263,39601410
0,183778624,39901233
0,186073006,40288578
0,188367389,40502505
0,190661765,40939691
0,192956131,41322229
0,195250513,41781950
0,197544890,42434206
0,199839252,42879930
0,202133638,43394938
0,204428014,44095570
0,206722376,43458623
0,209016760,42901295
0,211311141,42663633
0,213605519,42455678
0,215899883,42273718
0,218194267,42489503
0,220488644,42678315
0,222783006,42718525
0,225077389,43128709
0,227371769,43487620
0,229666148,43801667
0,231960514,44326458
0,234254893,44785650
0,236549274,45187443
0,238843634,45789012
0,241138019,46440385
0,243432399,47010336
0,245726756,47759044
0,248021143,48414163
0,250315523,48987392
0,252609901,49738968
0,254904265,50396597
0,257198648,50972022
0,259493027,51725519
0,261787388,52384829
0,264081771,53086725
0,266376152,53950884
0,268670530,54582023
0,270964897,55134270
0,273259277,55992486
0,275553655,56743425
0,277848018,57400496
0,280142401,58350434
0,282436781,59056629
0,284731141,59674550
0,287025526,60590231
0,289319906,61391452
0,291614284,61967520
0,293908649,62721580
0,296203030,63506382
0,298497410,64193084
0,300791772,65043948
0,303086153,65913454
0,305380535,66549272
0,307674913,67355613
0,309969280,68061161
0,312263660,68803515
0,314558038,69703075
0,316852400,70365190
0,319146785,71069541
0,321441164,71935848
0,323735523,72693867
0,326029908,73357133
0,328324289,74187491
0,330618666,74914054
0,332913032,75549797
0,335207415,76481072
0,337501793,77295938
0,339796155,77883945
0,342090537,78773451
0,344384918,79551769
0,346679278,80232797
0,348973664,81078697
0,351268043,81818859
0,353562423,82466501
0,355856785,83283188
0,358151168,84122789
0,360445548,84857440
0,362739910,85750260
0,365034292,86531477
0,367328672,87215042
0,369623051,88063161
0,371917415,88805265
0,374211797,89454606
0,376506177,90272780
0,378800537,90988682
0,381094922,91740096
0,383389302,92647584
0,385683662,93316636
0,387978047,93902056
0,390272428,94789299
0,392566806,95565636
0,394861167,96244931
0,397155554,97214314
0,399449930,97937524
0,401744294,98570333
0,404038677,99499041
0,406333057,100311660
0,408627436,100897702
0,410921800,101660489
0,413216182,102452927
0,415510560,103146311
0,417804924,104003022
0,420099305,104877644
0,422393687,105517938
0,424688046,106328195
0,426982431,107037170
0,429276812,107782523
0,431571190,108684707
0,433865552,109349118
0,436159936,110055478
0,438454317,110923543
0,440748677,111683100
0,443043061,112347712
0,445337442,113179248
0,447631820,113906842
0,449926184,114543486
0,452220568,115475550
0,454514945,116291106
0,456809307,116879717
0,459103691,117769752
0,461398070,118548533
0,463692431,119229966
0,465986816,120076220
0,468281197,120816692
0,470575575,121464605
0,472869939,122281529
0,475164322,123121337
0,477458702,123856169
0,479753063,124749147
0,482047446,125530503
0,484341826,126214190
0,486636205,127062416
0,488930569,127804614
0,491224951,128454037
0,493519332,129272282
0,495813691,129988246
0,498108076,130739715
0,500402456,131647250
0,502696816,132316343
0,504991201,132901800
0,507285583,133789075
0,509579960,134565440
0,511874321,135244760
0,514168708,136214165
0,516463086,136937394
0,518757448,137570219
0,521051832,138498941
0,523346212,139311573
0,525640590,139897626
0,527934957,140660422
0,530229337,141452869
0,532523716,142146260
0,534818078,143002977
0,537138062,143877604
0,1024667308,131642903
0,1026961693,120812540
0,1029256075,111460972
0,1031550453,103278350
0,1033844816,96243556
0,1036139201,90213111
0,1038433580,85061472
0,1040727941,80678788
0,1043022326,77093939
0,1045316707,74082196
0,1047611086,71571921
0,1049905450,69500430
0,1052199833,67812876
0,1054494213,66461266
0,1056788575,65403607
0,1059082958,64728156
0,1061377340,64262136
0,1063671699,63979369
0,1065966085,63856947
0,1068260466,63874828
0,1070554845,64015474
0,1072849207,64263539
0,1075143593,64730596
0,1077437972,65264271
0,1079732334,65856237
0,1082026717,66624207
0,1084321099,67296181
0,1086615477,68009158
0,1088909842,68758013
0,1091204226,69663261
0,1093498604,70580353
0,1095792967,71507808
0,1098087351,72444332
0,1100381731,73388790
0,1102676092,74340191
0,1104970478,75047667
0,1107264858,75791708
0,1109559238,76317744
0,1111853599,76778026
0,1114147985,76930772
0,1116442365,76814425
0,1118736727,76337621
0,1121031109,75795418
0,1123325492,74945990
0,1125619869,73827741
0,1127914234,72599273
0,1130208619,71274363
0,1132502997,70115067
0,1134797359,68725683
0,1137091744,67384972
0,1139386124,65836850
0,1141680484,64232243
0,1143974871,62453212
0,1146269251,60646560
0,1148563630,58815740
0,1150857993,57213772
0,1153152378,55812050
0,1155446757,54585543
0,1157741120,53512350
0,1160035503,52573306
0,1162329884,51751642
0,1164624263,51032686
0,1166918627,50278600
0,1169213011,49743775
0,1171507390,49275803
0,1173801752,48866327
0,1176096136,48508036
0,1178390518,48194531
0,1180684877,47920214
0,1182979263,47555187
0,1185273645,47360788
0,1187568023,47190689
0,1189862386,47041852
0,1192156772,46911620
0,1194451150,46797667
0,1196745513,46697958
0,1199039897,46610713
0,1201334277,46534373
0,1203628656,46467576
0,1205923022,46284129
0,1208217405,46248612
0,1210511783,46217535
0,1212806147,46440343
0,1215100530,46760300
0,1217394911,46915262
0,1219689271,47050854
0,1221983657,47169497
0,1224278038,47273309
0,1226572417,47364145
0,1228866779,47443626
0,1231161165,47638172
0,1233455545,47683400
0,1235749906,47722975
0,1238044289,47882603
0,1240338672,47897277
0,1242633050,47910117
0,1244927417,47921352
0,1247221799,47931183
0,1249516178,47939785
0,1251810540,47947311
0,1254104924,48078897
0,1256399305,48069034
0,1258693665,48060404
0,1260988051,48052853
0,1263282432,48046246
0,1265576811,48040465
0,1267871176,48035406
0,1270165559,48155980
0,1272459939,48136482
0,1274754302,48119421
0,1277048684,48229493
0,1279343066,48200806
0,1281637445,48175705
0,1283931811,48153741
0,1286226193,48134523
0,1288520572,48117707
0,1290814934,48102993
0,1293109318,48215118
0,1295403700,48188228
0,1297698060,48164699
0,1299992445,48144111
0,1302286827,48126097
0,1304581205,48110334
0,1306875570,48096542
0,1309169954,48209474
0,1311464332,48183289
0,1313758696,48160377
0,1316053080,48265329
0,1318347460,48232162
0,1320641840,48203141
0,1322936207,48177748
0,1325230588,48155529
0,1327524967,48136087
0,1329819330,48119076
0,1332113715,48229191
0,1334408095,48200542
0,1336702455,48175474
0,1338996840,48153539
0,1341291222,48134346
0,1343585601,48117552
0,1345879965,48102858
0,1348174349,48215000
0,1350468729,48188125
0,1352763091,48164609
0,1355057474,48269032
0,1357351856,48235403
0,1359646234,48205977
0,1361940601,48180229
0,1364234983,48157700
0,1366529362,48137987
0,1368823725,48120738
0,1371118111,48230645
0,1373412490,48201814
0,1375706850,48176587
0,1378001236,48279513
0,1380295617,48244573
0,1382589997,48214001
0,1384884361,48187250
0,1387178745,48288843
0,1389473124,48252737
0,1391767486,48221144
0,1394061871,48318501
0,1396356252,48278688
0,1398650630,48243852
0,1400944998,48213370
0,1403239379,48186698
0,1405533757,48163360
0,1407828121,48142940
0,1410122507,48500072
0,1412416885,48812563
0,1414711246,48960992
0,1417005632,49215868
0,1419300014,49438884
0,1421594393,49509023
0,1423888758,49570395
0,1426183141,49749095
0,1428477520,49780458
0,1430771883,49807900
0,1433066266,49956912
0,1435360648,50087298
0,1437655026,50076385
0,1439949393,50066836
0,1442243775,50183481
0,1444538154,50160545
0,1446832516,50140476
0,1449126903,50247916
0,1451421283,50341926
0,1453715642,50299185
0,1456010029,50386786
0,1458304411,50463437
0,1460598788,50405507
0,1462893154,50354818
0,1465187539,50435465
0,1467481916,50381031
0,1469776279,50333402
0,1472070664,50416726
0,1474365043,50489635
0,1476659404,50428430
0,1478953791,50374876
0,1481248171,50453016
0,1483542551,50396389
0,1485836914,50346840
0,1488131299,50428485
0,1490425679,50499924
0,1492720039,50437433
0,1495014424,50507753
0,1497308806,50569283
0,1499603186,50498122
0,1501897551,50435856
0,1504191934,50506374
0,1506486313,50443077
0,1508780676,50387692
0,1511075060,50464230
0,1513369441,50531201
0,1515663801,50464800
0,1517958188,50406700
0,1520252569,50480862
0,1522546948,50420754
0,1524841311,50368159
0,1527135696,50447139
0,1529430076,50516246
0,1531724439,50451715
0,1534018821,50520250
0,1536313203,50580218
0,1538607584,50507690
0,1540901947,50444228
0,1543196332,50513699
0,1545490712,50449486
0,1547785073,50393300
0,1550079457,50469137
0,1552373840,50535494
0,1554668199,50468557
0,1556962584,50409987
0,1559256967,50483738
0,1561551345,50423270
0,1563845708,50370361
0,1566140095,50449065
0,1568434474,50517931
0,1570728837,50453189
0,1573023221,50521540
0,1575317602,50581347
0,1577611980,50508678
0,1579906346,50445093
0,1582200730,50514456
0,1584495108,50450149
0,1586789471,50393880
0,1589083855,50469645
0,1591378237,50535939
0,1593672597,50468946
0,1595966984,50410327
0,1598261365,50484036
0,1600555743,50423531
0,1602850106,50370589
0,1605144493,50449265
0,1607438872,50518106
0,1609733233,50453342
0,1612027618,50521674
0,1614322001,50581464
0,1616616379,50508781
0,1618910745,50695183
0,1621205129,50983285
0,1623499506,51235374
0,1625793870,51330952
0,1628088255,51539583
0,1630382634,51722135
0,1632676995,51881868
0,1634971382,51896634
0,1637265763,52034554
0,1639560143,52155234
0,1641854506,52135829
0,1644148891,52243850
0,1646443270,52338368
0,1648737634,52421072
0,1651032017,52493438
0,1653326398,52556758
0,1655620777,52612163
0,1657915142,52535642
0,1660209527,52593686
0,1662503906,52644475
0,1664798268,52563915
0,1667092652,52618425
0,1669387033,52666121
0,1671681394,52707855
0,1673975781,52619373
0,1676270163,52666951
0,1678564541,52708582
0,1680858904,52620009
0,1683153290,52667507
0,1685447669,52709068
0,1687742033,52745434
0,1690036417,52777254
0,1692330797,52805097
0,1694625177,52829459
0,1696919541,52725776
0,1699213926,52760054
0,1701508306,52790047
0,1703802667,52691291
0,1706097051,52729879
0,1708391433,52763644
0,1710685793,52793188
0,1712980180,52694039
0,1715274563,52732284
0,1717568940,52765748
0,1719863305,52670029
0,1722157690,52711275
0,1724452068,52747365
0,1726746432,52778944
0,1729040816,52806576
0,1731335197,52830754
0,1733629576,52851909
0,1735923944,52745420
0,1738218325,52777242
0,1740512705,52805086
0,1742807068,52704450
0,1745101451,52741393
0,1747395832,52773718
0,1749690193,52802003
0,1751984580,52701752
0,1754278962,52739033
0,1756573340,52771653
0,1758867705,52675196
0,1761162089,52715796
0,1763456468,52751321
0,1765750831,52782405
0,1768045216,52809604
0,1770339598,52833403
0,1772633976,52854227
0,1774928343,52747448
0,1777222725,52779017
0,1779517104,52806639
0,1781811468,52705809
0,1784105852,52742582
0,1786400234,52774759
0,1788694594,52802914
0,1790988979,52702549
0,1793283361,52739730
0,1795577741,52772263
0,1797872106,52675730
0,1800166490,52716263
0,1802460870,52751730
0,1804755232,52782763
0,1807049615,52809917
0,1809343998,52833677
0,1811638378,52854467
0,1813932744,52747658
0,1816227127,52779200
0,1818521506,52806800
0,1820815868,52705950
0,1823110254,52742706
0,1825404634,52774867
0,1827698995,52803008
0,1829993381,52702632
0,1832287763,52739803
0,1834582142,53022327
0,1836876508,53269536
0,1839170889,53485844
0,1841465269,53675113
0,1843759633,53840723
0,1846054017,54110632
0,1848348398,54221803
0,1850642777,54319077
0,1852937145,54404192
0,1855231525,54478668
0,1857525905,54543834
0,1859820268,54600854
0,1862114655,54650747
0,1864409034,54694403
0,1866703394,54732602
0,1868997781,54766026
0,1871292161,54795272
0,1873586541,54820863
0,1875880907,54843255
0,1878175292,54862848
0,1880469670,54879992
0,1882764034,54894993
0,1885058418,55033118
0,1887352799,55028978
0,1889647159,55025355
0,1891941546,55022185
0,1894235927,55019411
0,1896530307,55016984
0,1898824671,55014861
0,1901119056,55013003
0,1903413437,55011377
0,1905707796,55009954
0,1908002182,55133709
0,1910296564,55116995
0,1912590944,55102370
0,1914885308,55089573
0,1917179693,55078376
0,1919474073,55068579
0,1921768436,55060006
0,1924062819,55177505
0,1926357201,55155316
0,1928651561,55135901
0,1930945948,55118913
0,1933240329,55104048
0,1935534709,55091042
0,1937829073,55079661
0,1940123458,55069703
0,1942417838,55060990
0,1944712198,55053366
0,1947006585,55171695
0,1949300965,55150233
0,1951595345,55131453
0,1953889710,55115021
0,1956184095,55100643
0,1958478474,55088062
0,1960772837,55077054
0,1963067222,55067422
0,1965361604,55058994
0,1967655963,55051619
0,1969950350,55045166
0,1972244732,55039520
0,1974539110,55034580
0,1976833474,55030257
0,1979127861,55026474
0,1981422240,55023164
0,1983716604,55020268
0,1986010988,55142734
0,1988305369,55124892
0,1990599750,55109280
0,1992894115,55095620
0,1995188498,55083667
0,1997482877,55073208
0,1999777241,55064057
0,2002071623,55056049
0,2004366006,55049042
0,2006660367,55042911
0,2008954753,55037547
0,2011249135,55032853
0,2013543515,55028746
0,2015837876,55025152
0,2018132265,55022008
0,2020426642,55019257
0,2022721005,55016849
0,2025015390,55139742
0,2027309772,55122274
0,2029604151,55106989
0,2031898517,55093615
0,2034192901,55081913
0,2036487280,55071673
0,2038781644,55062713
0,2041076027,55054873
0,2043370410,55048013
0,2045664769,55042011
0,2047959156,55036759
0,2050253538,55032164
0,2052547917,55028143
0,2054842280,55024625
0,2057136666,55021546
0,2059431046,55018852
0,2061725409,55266495
0,2064019794,55608183
0,2066314175,55907160
0,2068608555,56043765
0,2070902921,56163294
0,2073197306,56392882
0,2075491684,56468771
0,2077786046,56535174
0,2080080432,56718277
0,2082374812,56753492
0,2084669173,56784305
0,2086963560,56811266
0,2089257941,56959857
0,2091552321,56964874
0,2093846685,56969264
0,2096141070,57098106
0,2098435451,57085842
0,2100729815,57075111
0,2103024197,57190722
0,2105318580,57291881
0,2107612960,57255395
0,2109907324,57223470
0,2112201709,57320536
0,2114496089,57280469
0,2116790450,57245410
0,2119084836,57339733
0,2121379216,57297266
0,2123673577,57260107
0,2125967965,57227593
0,2128262346,57324143
0,2130556725,57283625
0,2132851089,57248171
0,2135145475,57342149
0,2137439855,57299380
0,2139734219,57261957
0,2142028602,57354212
0,2144322984,57434935
0,2146617364,57380568
0,2148911729,57332997
0,2151206113,57416372
0,2153500493,57364325
0,2155794855,57318784
0,2158089240,57403936
0,2160383622,57353444
0,2162677981,57309263
0,2164972369,57270605
0,2167266751,57361779
0,2169561129,57316556
0,2171855496,57276986
0,2174149879,57367362
0,2176444259,57321441
0,2178738623,57281260
0,2181033006,57371102
0,2183327388,57449714
0,2185621769,57393499
0,2187916136,57344311
0,2190210517,57426272
0,2192504898,57372988
0,2194799260,57326364
0,2197093645,57410568
0,2199388027,57359247
0,2201682387,57314341
0,2203976774,57275048
0,2206271157,57365667
0,2208565535,57319958
0,2210859901,57279963
0,2213154286,57369967
0,2215448665,57323721
0,2217743028,57283255
0,2220037412,57372848
0,2222331794,57451242
0,2224626174,57394836
0,2226920542,57345481
0,2229214923,57427295
0,2231509303,57373883
0,2233803666,57327147
0,2236098051,57411253
0,2238392432,57359846
0,2240686792,57314865
0,2242981180,57275506
0,2245275562,57366067
0,2247569940,57320308
0,2249864306,57280269
0,2252158691,57370235
0,2254453070,57323955
0,2256747433,57283460
0,2259041818,57373027
0,2261336199,57451398
0,2263630579,57394973
0,2265924948,57345601
0,2268219328,57427400
0,2270513708,57373975
0,2272808072,57327228
0,2275102458,57411324
0,2277396837,57359908
0,2279691199,57314919
0,2281985585,57275554
0,2284279967,57366109
0,2286574347,57320345
0,2288868712,57280301
0,2291163096,57370263
0,2293457477,57323980
0,2295751839,57533482
0,2298046223,57841796
0,2300340606,58111571
0,2302634985,58347624
0,2304929353,58429171
0,2307223735,58625524
0,2309518114,58797333
0,2311812478,58822666
0,2314106865,58969832
0,2316401244,59098603
0,2318695606,59086277
0,2320989992,59075492
0,2323284373,59191055
0,2325578754,59292173
0,2327873121,59255651
0,2330167502,59348694
0,2332461883,59430107
0,2334756247,59376343
0,2337050630,59454300
0,2339345012,59522512
0,2341639373,59582198
0,2343933760,59509423
0,2346228142,59570745
0,2348522521,59624401
0,2350816884,59546350
0,2353111272,59603056
0,2355405651,59652674
0,2357700012,59571089
0,2359994399,59499702
0,2362288781,59562239
0,2364583160,59616959
0,2366877527,59539839
0,2369171911,59597359
0,2371466290,59647689
0,2373760653,59566727
0,2376055038,59620886
0,2378349420,59668275
0,2380643781,59709740
0,2382938167,59621022
0,2385232550,59668394
0,2387526929,59709844
0,2389821292,59621113
0,2392115679,59668473
0,2394410059,59709913
0,2396704419,59621173
0,2398998806,59543526
0,2401293189,59600585
0,2403587568,59650511
0,2405881933,59569197
0,2408176318,59623047
0,2410470698,59670166
0,2412765062,59586395
0,2415059444,59638095
0,2417353827,59683333
0,2419648189,59722916
0,2421942575,59632551
0,2424236956,59678482
0,2426531337,59718671
0,2428825699,59628837
0,2431120086,59675232
0,2433414467,59715828
0,2435708829,59626349
0,2438003214,59673055
0,2440297596,59713923
0,2442591975,59749682
0,2444886342,59655971
0,2447180726,59698974
0,2449475105,59736602
0,2451769468,59644526
0,2454063854,59688960
0,2456358234,59727840
0,2458652597,59761860
0,2460946983,59666627
0,2463241365,59708298
0,2465535746,59744760
0,2467830109,59651665
0,2470124494,59695206
0,2472418875,59733305
0,2474713239,59641641
0,2477007622,59686435
0,2479302004,59725630
0,2481596384,59759926
0,2483890750,59664935
0,2486185134,59706818
0,2488479514,59743465
0,2490773877,59650531
0,2493068262,59694214
0,2495362644,59732437
0,2497657004,59640882
0,2499951392,59560771
0,2502245773,59615674
0,2504540153,59663714
0,2506834517,59580749
0,2509128904,59633155
0,2511423284,59679010
0,2513717648,59594133
0,2516012030,59644866
0,2518306413,59689257
0,2520600793,59728099
0,2522895159,59637086
0,2525189543,59682450
0,2527483922,59722143
0,2529778285,59631875
0,2532072671,59677890
0,2534367053,59718153
0,2536661414,59628383
0,2538955800,59549835
0,2541250183,59856105
0,2543544562,60124091
0,2545838926,60358579
0,2548133313,60563756
0,2550427692,60743286
0,2552722056,60900375
0,2555016440,61037828
0,2557310822,61158099
0,2559605202,61263336
0,2561899567,61355419
0,2564193952,61435991
0,2566488333,61506492
0,2568782695,61568180
0,2571077080,61622157
0,2573371463,61669387
0,2575665822,61710713
0,2577960209,61621873
0,2580254593,61669138
0,2582548972,61710495
0,2584843336,61746683
0,2587137722,61778347
0,2589432101,61806053
0,2591726465,61830296
0,2594020851,61851509
0,2596315231,61870070
0,2598609612,61886311
0,2600903978,61900522
0,2603198362,61912956
0,2605492743,61923836
0,2607787107,61933356
0,2610081488,61941686
0,2612375872,61948975
0,2614670233,61955353
0,2616964620,61835933
0,2619259003,61856441
0,2621553382,61874385
0,2623847745,61890086
0,2626142133,61903825
0,2628436513,61915846
0,2630730875,61926365
0,2633025260,61935569
0,2635319642,61943622
0,2637614022,61950669
0,2639908389,61956835
0,2642202773,61962230
0,2644497152,61966951
0,2646791516,61971082
0,2649085900,61974696
0,2651380282,61977859
0,2653674643,61980626
0,2655969030,61858047
0,2658263412,61875791
0,2660557792,61891317
0,2662852158,61904902
0,2665146543,61916789
0,2667440923,61927190
0,2669735286,61936291
0,2672029670,61944254
0,2674324053,61951222
0,2676618433,61957319
0,2678912801,61962654
0,2681207183,61967322
0,2683501562,61971406
0,2685795926,61974980
0,2688090311,61978107
0,2690384693,61980843
0,2692679055,61983237
0,2694973441,61860332
0,2697267823,61877790
0,2699562204,61893066
0,2701856569,61906432
0,2704150954,61918128
0,2706445335,61928362
0,2708739696,61937316
0,2711034081,61945151
0,2713328464,61952007
0,2715622843,61958006
0,2717917211,61963255
0,2720211595,61967848
0,2722505973,61971867
0,2724800337,61975383
0,2727094722,61978460
0,2729389104,61981152
0,2731683466,61983508
0,2733977852,61860569
0,2736272234,61877997
0,2738566615,61893247
0,2740860980,61906591
0,2743155365,61918267
0,2745449746,61928483
0,2747744108,61937422
0,2750038492,61945244
0,2752332876,61952088
0,2754627255,61958077
0,2756921623,61963317
0,2759216006,61967902
0,2761510384,61971914
0,2763804749,61975424
0,2766099136,61978496
0,2768393515,61981184
0,2770687877,61983536
0,2772982264,61860594
0,2775276645,61878019
0,2777571026,61893266
0,2779865393,61906607
0,2782159776,61918281
0,2784454157,61928495
0,2786748521,61937433
0,2789042904,61945253
0,2791337287,61952096
0,2793631648,61958084
0,2795926035,61963323
0,2798220418,62342907
0,2800514797,62550043
0,2802809160,62731287
0,2805103547,63014876
0,2807397927,63138016
0,2809692288,63245764
0,2811986676,63340043
0,2814281058,63422537
0,2816575437,63494719
0,2818869803,63557879
0,2821164188,63738144
0,2823458568,63770876
0,2825752932,63799516
0,2828047317,63949576
0,2830341698,63955879
0,2832636060,63961394
0,2834930446,63966219
0,2837224829,64095441
0,2839519209,64083510
0,2841813572,64073071
0,2844107960,64188937
0,2846402339,64165319
0,2848696700,64144654
0,2850991087,64126572
0,2853285470,64110750
0,2855579850,64096906
0,2857874217,64084792
0,2860168600,64199193
0,2862462980,64174293
0,2864757345,64152506
0,2867051730,64258442
0,2869346112,64226136
0,2871640474,64197869
0,2873934860,64173135
0,2876229242,64276493
0,2878523622,64241931
0,2880817985,64211689
0,2883112373,64310227
0,2885406753,64271448
0,2887701116,64237517
0,2889995500,64207827
0,2892289883,64181848
0,2894584263,64159117
0,2896878630,64139227
0,2899173014,64246823
0,2901467393,64215970
0,2903761758,64188973
0,2906056141,64290351
0,2908350524,64254057
0,2910644886,64222299
0,2912939273,64194511
0,2915233655,64295197
0,2917528036,64258297
0,2919822398,64226009
0,2922116786,64322757
0,2924411167,64282412
0,2926705529,64247110
0,2928999914,64216221
0,2931294298,64189193
0,2933588676,64165543
0,2935883043,64144850
0,2938177428,64251743
0,2940471807,64220275
0,2942766171,64192740
0,2945060557,64293647
0,2947354938,64256941
0,2949649301,64224823
0,2951943687,64196720
0,2954238069,64297130
0,2956532450,64259988
0,2958826814,64227489
0,2961121200,64324052
0,2963415580,64283545
0,2965709945,64248101
0,2968004327,64342088
0,2970298711,64299327
0,2972593092,64261911
0,2974887457,64229172
0,2977181843,64325525
0,2979476222,64284834
0,2981770585,64249229
0,2984064971,64343075
0,2986359353,64300190
0,2988653714,64262666
0,2990948101,64229832
0,2993242485,64326103
0,2995536864,64285340
0,2997831228,64249672
0,3000125614,64343463
0,3002419995,64300530
0,3004714359,64262963
0,3007008743,64355092
0,3009303126,64310705
0,3011597505,64271866
0,3013891871,64237882
0,3016186257,64333146
0,3018480637,64291502
0,3020775000,64255064
0,3023069385,64348181
0,3025363768,64304658
0,3027658129,64266575
0,3029952516,64233253
0,3032246898,64204096
0,3034541278,64178584
0,3036835643,64156261
0,3039130030,64261728
0,3041424410,64229012
0,3043718774,64200385
0,3046013157,64300336
0,3048307541,64262794
0,3050601921,64229944
0,3052896286,64201201
0,3055190672,64301050
0,3057485052,64263418
0,3059779415,64230490
0,3062073800,64576678
0,3064368182,64879593
0,3066662543,65019643
0,3068956931,65142187
0,3071251314,65374413
0,3073545694,65452611
0,3075840058,65521034
0,3078134444,65705904
0,3080428825,65867666
0,3082723189,65884207
0,3085017573,66023681
0,3087311956,66145720
0,3089606336,66127505
0,3091900702,66111566
0,3094195087,66222620
0,3096489466,66319792
0,3098783830,66279818
0,3101078216,66369840
0,3103372598,66448610
0,3105666959,66392533
0,3107961347,66343466
0,3110255730,66425532
0,3112550109,66372340
0,3114844475,66325797
0,3117138860,66410072
0,3119433241,66483813
0,3121727605,66423336
0,3124021989,66495419
0,3126316372,66558491
0,3128610752,66488679
0,3130905118,66427594
0,3133199502,66499144
0,3135493883,66561751
0,3137788246,66491532
0,3140082632,66555090
0,3142377015,66610703
0,3144671375,66534365
0,3146965763,66467569
0,3149260145,66534122
0,3151554525,66467356
0,3153848891,66408936
0,3156143277,66482819
0,3158437657,66547466
0,3160732021,66479032
0,3163026405,66544153
0,3165320787,66601133
0,3167615169,66525991
0,3169909536,66460242
0,3172203919,66527711
0,3174498300,66586747
0,3176792662,66513403
0,3179087048,66574227
0,3181381431,66627448
0,3183675792,66549017
0,3185970180,66480389
0,3188264562,66545340
0,3190558941,66477172
0,3192853309,66417525
0,3195147694,66490334
0,3197442073,66554042
0,3199736437,66484786
0,3202030823,66549187
0,3204325204,66605538
0,3206619585,66529845
0,3208913954,66463614
0,3211208336,66530662
0,3213502717,66589329
0,3215797080,66515662
0,3218091468,66576204
0,3220385849,66629178
0,3222680210,66550530
0,3224974595,66481713
0,3227268980,66546498
0,3229563359,66478185
0,3231857725,66418411
0,3234152111,66491109
0,3236446491,66554720
0,3238740855,66485380
0,3241035240,66549707
0,3243329621,66605993
0,3245623985,66530243
0,3247918371,66463962
0,3250212753,66530966
0,3252507134,66589595
0,3254801499,66515895
0,3257095884,66576408
0,3259390266,66629357
0,3261684627,66550687
0,3263979013,66481851
0,3266273396,66546619
0,3268567777,66478291
0,3270862143,66418504
0,3273156528,66491191
0,3275450908,66554792
0,3277745272,66485443
0,3280039658,66549762
0,3282334039,66606041
0,3284628402,66530285
0,3286922789,66463999
0,3289217171,66530999
0,3291511551,66589624
0,3293805916,66515921
0,3296100302,66576430
0,3298394683,66629376
0,3300689044,66550704
0,3302983432,66481866
0,3305277814,66546632
0,3307572194,66478303
0,3309866561,66418515
0,3312160946,66491200
0,3314455326,66554800
0,3316749689,66485450
0,3319044076,66549768
0,3321338458,66606047
0,3323632819,66530291
0,3325927208,66464004
0,3328221589,66531003
0,3330515969,66589627
0,3332810334,66515923
0,3335104721,66576432
0,3337399101,66879378
0,3339693466,67144455
0,3341987851,67251398
0,3344282233,67469973
0,3346576612,67661226
0,3348870980,67703572
0,3351165364,67865625
0,3353459744,68007421
0,3355754108,68131493
0,3358048494,68240056
0,3360342876,68335049
0,3362637238,68418167
0,3364931626,68365896
0,3367226008,68445159
0,3369520388,68514514
0,3371814754,68575199
0,3374109139,68628299
0,3376403520,68674761
0,3378697885,68715415
0,3380992269,68625988
0,3383286652,68672739
0,3385581033,68713646
0,3387875398,68624440
0,3390169784,68671385
0,3392464164,68712461
0,3394758528,68748403
0,3397052912,68779852
0,3399347296,68807370
0,3401641657,68831448
0,3403936045,68727517
0,3406230428,68761577
0,3408524808,68791379
0,3410819172,68817456
0,3413113560,68840274
0,3415407939,68860239
0,3417702304,68877709
0,3419996688,68767995
0,3422291071,68796995
0,3424585451,68822370
0,3426879817,68719573
0,3429174203,68754626
0,3431468583,68785297
0,3433762946,68812134
0,3436057333,68835617
0,3438351715,68856164
0,3440646076,68874143
0,3442940465,68764875
0,3445234846,68794265
0,3447529226,68819981
0,3449823592,68842483
0,3452117978,68862172
0,3454412359,68879400
0,3456706724,68894475
0,3459001108,68907665
0,3461295492,68919206
0,3463589871,68929305
0,3465884237,68813141
0,3468178623,68836498
0,3470473003,68856935
0,3472767366,68874818
0,3475061752,68890465
0,3477356135,68904156
0,3479650496,68916136
0,3481944884,68801619
0,3484239267,68826416
0,3486533647,68848114
0,3488828011,68867099
0,3491122399,68883711
0,3493416778,68898247
0,3495711144,68910966
0,3498005528,68922095
0,3500299910,68931833
0,3502594292,68940353
0,3504888657,68822808
0,3507183044,68844957
0,3509477424,68864337
0,3511771787,68881294
0,3514066173,68896132
0,3516360556,68909115
0,3518654917,68920475
0,3520949305,68805415
0,3523243687,68829738
0,3525538067,68851020
0,3527832431,68744642
0,3530126819,68776561
0,3532421199,68804490
0,3534715564,68828928
0,3537009949,68850312
0,3539304331,68869023
0,3541598713,68885395
0,3543893078,68774720
0,3546187465,68802880
0,3548481844,68827520
0,3550776208,68849080
0,3553070593,68867945
0,3555364976,68884451
0,3557659337,68898894
0,3559953725,68786532
0,3562248108,68813215
0,3564542488,68836563
0,3566836856,68731992
0,3569131240,68765493
0,3571425621,68794806
0,3573719986,68820455
0,3576014370,68842898
0,3578308753,68862535
0,3580603134,68879718
0,3582897499,68769753
0,3585191885,68798533
0,3587486265,68823716
0,3589780628,68845751
0,3592075014,68865032
0,3594369397,68881903
0,3596663758,68896665
0,3598958147,68784581
0,3601252529,68811508
0,3603546910,68835069
0,3605841277,68730685
0,3608135662,68764349
0,3610430042,68793805
0,3612724406,68819579
0,3615018791,68842131
0,3617313174,68861864
0,3619607555,69129131
0,3621901921,69362989
0,3624196306,69567615
0,3626490689,69746663
0,3628785051,69903330
0,3631079437,70165413
0,3633373820,70269736
0,3635668181,70361019
0,3637962569,70440891
0,3640256951,70510779
0,3642551331,70571931
0,3644845698,70625439
0,3647140083,70672259
0,3649434463,70713226
0,3651728829,70749072
0,3654023213,70905438
0,3656317597,70917258
0,3658611978,70927600
0,3660906346,70936650
0,3663200729,70944568
0,3665495110,70951497
0,3667789472,70957559
0,3670083859,71087864
0,3672378240,71076881
0,3674672604,71067270
0,3676966991,71058861
0,3679261374,71051503
0,3681555754,71045065
0,3683850121,71039431
0,3686144506,71034502
0,3688438886,71030189
0,3690733250,71026415
0,3693027636,71148113
0,3695322019,71129598
0,3697616382,71113398
0,3699910769,71099223
0,3702205152,71086820
0,3704499532,71075967
0,3706793895,71066471
0,3709088284,71183162
0,3711382663,71160266
0,3713677027,71140232
0,3715971413,71122703
0,3718265797,71107365
0,3720560177,71093944
0,3722854544,71082201
0,3725148929,71071925
0,3727443309,71062934
0,3729737673,71055067
0,3732032059,71173183
0,3734326442,71151535
0,3736620805,71132593
0,3738915192,71116018
0,3741209575,71101515
0,3743503955,71088825
0,3745798318,71077721
0,3748092707,71193005
0,3750387086,71168879
0,3752681450,71147769
0,3754975836,71129297
0,3757270219,71113134
0,3759564599,71098992
0,3761858966,71086618
0,3764153351,71075790
0,3766447731,71066316
0,3768742097,71058026
0,3771036481,71175772
0,3773330865,71153800
0,3775625227,71134575
0,3777919614,71117753
0,3780213997,71103033
0,3782508378,71090153
0,3784802741,71078883
0,3787097129,71194022
0,3789391510,71169769
0,3791685874,71148547
0,3793980259,71129978
0,3796274642,71113730
0,3798569022,71099513
0,3800863389,71087073
0,3803157775,71076188
0,3805452156,71066664
0,3807746520,71058331
0,3810040905,71176039
0,3812335288,71154034
0,3814629650,71134779
0,3816924038,71117931
0,3819218421,71103189
0,3821512803,71090290
0,3823807165,71079003
0,3826101554,71194127
0,3828395934,71169861
0,3830690297,71148628
0,3832984684,71130049
0,3835279066,71113792
0,3837573447,71099568
0,3839867815,71087122
0,3842162199,71076231
0,3844456579,71066702
0,3846750944,71058364
0,3849045329,71176068
0,3851339713,71154059
0,3853634075,71134801
0,3855928462,71117950
0,3858222845,71103206
0,3860517225,71090305
0,3862811590,71079016
0,3865105978,71194139
0,3867400359,71169871
0,3869694722,71148637
0,3871989108,71130057
0,3874283491,71113799
0,3876577872,71099574
0,3878872240,71087127
0,3881166625,71076236
0,3883461004,71066706
0,3885755369,71058367
0,3888049754,71176071
0,3890344137,71154062
0,3892638501,71134804
0,3894932887,71117953
0,3897227270,71103208
0,3899521650,71090307
0,3901816014,71079018
0,3904110402,71194140
0,3906404784,71169872
0,3908699147,71148638
0,3910993533,71130058
0,3913287916,71488800
0,3915582297,71677700
0,3917876664,71842987
0,3920171050,72112613
0,3922465430,72223536
0,3924759794,72320594
0,3927054179,72530519
0,3929348563,72714204
0,3931642925,72749928
0,3933937313,72781187
0,3936231696,72933538
0,3938526076,72941845
0,3940820440,72949114
0,3943114829,73080474
0,3945409209,73195414
0,3947703573,73170987
0,3949997959,73149613
0,3952292341,73255911
0,3954586722,73223922
0,3956881091,73195931
0,3959175475,73296439
0,3961469855,73259384
0,3963764219,73226961
0,3966058604,73323590
0,3968352988,73408141
0,3970647350,73357123
0,3972941738,73312482
0,3975236121,73398421
0,3977530502,73348618
0,3979824866,73305040
0,3982119255,73391910
0,3984413635,73467921
0,3986707998,73409430
0,3989002384,73483251
0,3991296768,73547844
0,3993591149,73479363
0,3995885516,73419442
0,3998179901,73492011
0,4000474281,73430509
0,4002768647,73376695
0,4005063032,73454608
0,4007357415,73522782
0,4009651776,73457434
0,4011946164,73400254
0,4014240548,73475222
0,4016534928,73415819
0,4018829295,73363841
0,4021123681,73443360
0,4023418061,73512940
0,4025712426,73448822
0,4028006812,73517719
0,4030301194,73578004
0,4032595574,73505753
0,4034889942,73442533
0,4037184327,73512216
0,4039478708,73448189
0,4041773073,73392165
0,4044067457,73468144
0,4046361841,73534626
0,4048656204,73467797
0,4050950591,73409322
0,4053244974,73483156
0,4055539355,73422761
0,4057833722,73369915
0,4060128108,73448675
0,4062422488,73392590
0,4064716851,73343516
0,4067011237,73425576
0,4069305621,73497379
0,4071600002,73435206
0,4073894369,73380805
0,4076188754,73458204
0,4078483135,73400928
0,4080777500,73350812
0,4083071885,73431960
0,4085366268,73502965
0,4087660630,73440094
0,4089955019,73385082
0,4092249402,73461946
0,4094543782,73404202
0,4096838148,73353676
0,4099132535,73434466
0,4101426916,73380157
0,4103721279,73332637
0,4106015665,73416057
0,4108310049,73489049
0,4110604430,73427917
0,4112898799,73374427
0,4115193182,73452623
0,4117487563,73396045
0,4119781928,73346539
0,4122076313,73428221
0,4124370696,73499693
0,4126665058,73437231
0,4128959447,73382577
0,4131253830,73459754
0,4133548210,73402284
0,4135842576,73351998
0,4138136963,73432998
0,4140431344,73378873
0,4142725707,73331513
0,4145020093,73415073
0,4147314477,73488188
0,4149608839,73427164
0,4151903227,73373768
0,4154197610,73452047
0,4156491990,73395541
0,4158786356,73346098
0,4161080743,73427835
0,4163375123,73499355
0,4165669486,73436935
0,4167963874,73382318
0,4170258257,73459528
0,4172552637,73402087
0,4174847005,73351826
0,4177141391,73432847
0,4179435771,73378741
0,4181730136,73331398
0,4184024523,73414973
0,4186318905,73488101
0,4188613267,73427088
0,4190907655,73373702
0,4193202037,73451989
0,4195496419,73395490
0,4197790784,73346053
0,4200085170,73427796
0,4202379552,73499321
0,4204673915,73436905
0,4206968302,73382291
0,4209262686,73459504
0,4211557066,73402066
0,4213851434,73351807
0,4216145819,73682831
0,4218440200,73972477
0,4220734565,74100917
0,4223028950,74338302
0,4225323332,74546014
0,4227617696,74727762
0,4229912085,74761791
0,4232206466,74916567
0,4234500848,75051996
0,4236795212,75045496
0,4239089600,75164809
0,4241383981,75269207
0,4243678346,75360556
0,4245972731,75315486
0,4248267115,75401050
0,4250561494,75475918
0,4252855863,75416428
0,4255150248,75489374
0,4257444628,75553202
0,4259738994,75484051
0,4262033379,75548544
0,4264327762,75604976
0,4266622125,75654354
0,4268916512,75572559
0,4271210895,75625989
0,4273505277,75672740
0,4275799641,75588647
0,4278094029,75640066
0,4280388411,75685057
0,4282682774,75724424
0,4284977160,75633871
0,4287271544,75679637
0,4289565924,75719682
0,4291860292,75629721
0,4294154677,75676005
0,4296449058,75716504
0,4298743423,75626941
0,4301037809,75673573
0,4303332191,75714376
0,4305626555,75750079
0,4307920942,75656319
0,4310215326,75699279
0,4312509707,75736869
0,4314804070,75644760
0,4317098460,75689165
0,4319392839,75728019
0,4321687204,75762016
0,4323981590,75666764
0,4326275974,75708418
0,4328570354,75744865
0,4330864722,75651756
0,4333159108,75695286
0,4335453489,75733375
0,4337747853,75641703
0,4340042239,75686490
0,4342336622,75725678
0,4344630984,75759968
0,4346925372,75664972
0,4349219756,75706850
0,4351514137,75743493
0,4353808501,75650556
0,4356102890,75694236
0,4358397271,75732456
0,4360691634,75765899
0,4362986021,75670161
0,4365280404,75711390
0,4367574785,75747466
0,4369869152,75654032
0,4372163538,75697278
0,4374457919,75735118
0,4376752284,75643228
0,4379046670,75687824
0,4381341053,75726846
0,4383635415,75760990
0,4385929803,75665866
0,4388224187,75707632
0,4390518567,75744178
0,4392812931,75651155
0,4395107320,75694760
0,4397401701,75732915
0,4399696065,75766300
0,4401990452,75670512
0,4404284835,75711698
0,4406579216,75747735
0,4408873584,75654268
0,4411167969,75697484
0,4413462350,75735298
0,4415756715,75643385
0,4418051100,75687961
0,4420345484,75726965
0,4422639846,75761094
0,4424934234,75665957
0,4427228617,75707712
0,4429522998,75744248
0,4431817363,75651217
0,4434111751,75694814
0,4436406132,75732962
0,4438700497,75766341
0,4440994883,75670548
0,4443289266,75711729
0,4445583647,75747762
0,4447878015,75654291
0,4450172401,75697504
0,4452466781,75735316
0,4454761147,75643401
0,4457055531,75687975
0,4459349916,75726978
0,4461644278,75761105
0,4463938665,75665966
0,4466233050,75707720
0,4468527431,75744255
0,4470821794,75651223
0,4473116184,75694820
0,4475410565,75732967
0,4477704928,75766346
0,4479999315,75670552
0,4482293698,75711733
0,4484588079,75747766
0,4486882447,75654295
0,4489176832,75697508
0,4491471213,75735319
0,4493765577,75643404
0,4496059963,75687978
0,4498354347,75726980
0,4500648709,75761107
0,4502943097,75665968
0,4505237481,75707722
0,4507531861,75744256
0,4509826229,75651224
0,4512120615,75694821
0,4514414995,75732968
0,4516709361,75766347
0,4519003747,75795553
0,4521298129,75821108
0,4523592511,75843469
0,4525886879,75738035
0,4528181264,75770780
0,4530475645,76049432
0,4532770009,76293253
0,4535064396,76506596
0,4537358780,76693271
0,4539653141,76856612
0,4541947530,76999535
0,4544241913,77124593
0,4546536294,77234018
0,4548830662,77329765
0,4551125047,77413544
0,4553419429,77486851
0,4555713793,77550994
0,4558008179,77732119
0,4560302563,77765604
0,4562596944,77794903
0,4564891310,77820540
0,4567185697,77842972
0,4569480077,77862600
0,4571774442,77879775
0,4574068828,77894803
0,4576363212,77907952
0,4578657575,77919458
0,4580951963,77929525
0,4583246346,77938334
0,4585540727,77946042
0,4587835096,77952786
0,4590129481,77958687
0,4592423862,77963851
0,4594718227,77968369
0,4597012612,77972322
0,4599306996,77975781
0,4601601358,77978808
0,4603895747,77981457
0,4606190130,77983774
0,4608484511,77985802
0,4610778875,77987576
0,4613073262,77989129
0,4615367646,77990487
0,4617662007,77991676
0,4619956396,77992716
0,4622250780,77993626
0,4624545160,77994422
0,4626839528,77995119
0,4629133914,77995729
0,4631428295,77996262
0,4633722661,77996729
0,4636017047,77997137
0,4638311429,77997494
0,4640605792,77997807
0,4642900181,77998081
0,4645194565,77998320
0,4647488945,77998530
0,4649783309,77998713
0,4652077699,77998873
0,4654372079,77999013
0,4656666442,77999136
0,4658960830,77999244
0,4661255214,77999338
0,4663549595,77999420
0,4665843963,77999492
0,4668138348,77999555
0,4670432729,77999610
0,4672727094,77999658
0,4675021479,77999700
0,4677315863,77999737
0,4679610227,77999769
0,4681904614,77999797
0,4684198999,77999822
0,4686493379,77999844
0,4688787743,77999863
0,4691082133,77999880
0,4693376513,77999895
0,4695670878,77999908
0,4697965265,77999919
0,4700259647,77999929
0,4702554030,77999937
0,4704848396,77999944
0,4707142781,77999951
0,4709437163,77999957
0,4711731527,77999962
0,4714025912,77999966
0,4716320297,77999970
0,4718614659,77999973
0,4720909048,77999976
0,4723203430,77999979
0,4725497812,77999981
0,4727792177,77999983
0,4730086566,77999985
0,4732380947,77999986
0,4734675312,77999987
0,4736969698,77999988
0,4739264081,77999989
0,4741558464,77999990
0,4743852829,77999991
0,4746147216,77999992
0,4748441597,77999993
0,4849394254,78249993
0,4851688618,78468743
0,4853983004,78660150
0,4856277388,78952631
0,4858571770,79083552
0,4860866137,79198108
0,4863160524,79423344
0,4865454903,79495426
0,4867749270,79558497
0,4870043655,79738684
0,4872338039,79771348
0,4874632402,79799929
0,4876926790,79824937
0,4879221174,79971819
0,4881515555,79975341
0,4883809919,79978423
0,4886104308,80106120
0,4888398691,80092855
0,4890693054,80081248
0,4892987441,80071092
0,4895281824,80187205
0,4897576206,80163804
0,4899870574,80143328
0,4902164960,80250412
0,4904459341,80219110
0,4906753706,80191721
0,4909048092,80292755
0,4911342475,80256160
0,4913636838,80224140
0,4915931226,80196122
0,4918225611,80296606
0,4920519991,80259530
0,4922814357,80227088
0,4925108746,80323702
0,4927403128,80283239
0,4929697491,80247834
0,4931991878,80216854
0,4934286262,80314747
0,4936580644,80275403
0,4938875011,80240977
0,4941169397,80335854
0,4943463778,80293872
0,4945758144,80257138
0,4948052529,80349995
0,4950346912,80306245
0,4952641276,80267964
0,4954935665,80234468
0,4957230049,80330159
0,4959524429,80288889
0,4961818797,80252777
0,4964113183,80346179
0,4966407565,80302906
0,4968701928,80265042
0,4970996316,80231911
0,4973290699,80327922
0,4975585081,80286931
0,4977879449,80251064
0,4980173836,80344681
0,4982468216,80301595
0,4984762582,80263895
0,4987056966,80355908
0,4989351352,80311419
0,4991645713,80272491
0,4993940101,80238429
0,4996234486,80333625
0,4998528868,80291921
0,5000823235,80255430
0,5003117622,80348501
0,5005412001,80304938
0,5007706368,80266820
0,5010000753,80358467
0,5012295137,80438658
0,5014589500,80383825
0,5016883886,80335846
0,5019178272,80418865
0,5021472655,80366506
0,5023767017,80320692
0,5026061404,80405605
0,5028355789,80354904
0,5030650152,80310541
0,5032944540,80271723
0,5035238924,80362757
0,5037533305,80317412
0,5039827673,80277735
0,5042122059,80368018
0,5044416441,80322015
0,5046710805,80281763
0,5049005191,80371542
0,5051299575,80450099
0,5053593939,80393836
0,5055888324,80344606
0,5058182712,80426530
0,5060477092,80373213
0,5062771457,80326561
0,5065065843,80410740
0,5067360228,80359397
0,5069654589,80314472
0,5071948979,80275163
0,5074243362,80365767
0,5076537744,80320046
0,5078832112,80280040
0,5081126499,80370035
0,5083420879,80323780
0,5085715245,80283307
0,5088009630,80372893
0,5090304015,80326281
0,5092598376,80285495
0,5094892766,80249808
0,5097187149,80343582
0,5099481531,80300634
0,5101775896,80263054
0,5104070283,80355172
0,5106364666,80310775
0,5108659029,80271928
0,5110953418,80237937
0,5113247802,80333194
0,5115542184,80291544
0,5117836552,80255101
0,5120130937,80348213
0,5122425318,80304686
0,5124719684,80266600
0,5127014069,80358275
0,5129308455,80313490
0,5131602816,80274303
0,5133897205,80240015
0,5136191589,80335013
0,5138485970,80293136
0,5140780335,80256494
0,5143074725,80349432
0,5145369105,80305753
0,5147663471,80267533
0,5149957857,80234091
0,5152252241,80329829
0,5154546624,80288600
0,5156840989,80252525
0,5159135377,80345959
0,5161429757,80302714
0,5163724123,80264874
0,5166018509,80356764
0,5168312894,80312168
0,5170607255,80273147
0,5172901645,80239003
0,5175196028,80334127
0,5177490410,80292361
0,5179784776,80255815
0,5182079164,80348838
0,5184373546,80680233
0,5186667911,80845203
0,5188962298,80989552
0,5191256681,81240858
0,5193551063,81460750
0,5195845429,81528156
0,5198139817,81712136
0,5200434198,81873119
0,5202728563,81888979
0,5205022951,82027856
0,5207317334,82149374
0,5209611697,82130702
0,5211906085,82114364
0,5214200470,82225068
0,5216494850,82321934
0,5218789216,82281692
0,5221083604,82371480
0,5223377986,82450045
0,5225672353,82393789
0,5227966737,82344565
0,5230261123,82426494
0,5232555503,82498182
0,5234849871,82435909
0,5237144257,82506420
0,5239438639,82568117
0,5241733005,82497102
0,5244027391,82559964
0,5246321775,82614968
0,5248616137,82538097
0,5250910526,82470834
0,5253204909,82536979
0,5255499292,82594856
0,5257793657,82520499
0,5260088045,82580436
0,5262382428,82632881
0,5264676791,82553770
0,5266971179,82484548
0,5269265562,82548979
0,5271559944,82605356
0,5273854312,82529686
0,5276148698,82588475
0,5278443080,82639915
0,5280737445,82559925
0,5283031832,82614934
0,5285326215,82663067
0,5287620578,82580183
0,5289914967,82507660
0,5292209351,82569202
0,5294503733,82623051
0,5296798096,82545169
0,5299092487,82602022
0,5301386867,82651769
0,5303681233,82570297
0,5305975621,82499009
0,5308270004,82561632
0,5310564386,82616428
0,5312858753,82539374
0,5315153140,82596952
0,5317447521,82647333
0,5319741887,82566416
0,5322036274,82620614
0,5324330657,82668037
0,5326625020,82584532
0,5328919408,82511465
0,5331213793,82572531
0,5333508175,82625964
0,5335802539,82547718
0,5338096930,82604253
0,5340391310,82653721
0,5342685675,82572005
0,5344980063,82500504
0,5347274446,82562941
0,5349568828,82617573
0,5351863196,82540376
0,5354157582,82597829
0,5356451964,82648100
0,5358746328,82567087
0,5361040715,82621201
0,5363335099,82668550
0,5365629462,82584981
0,5367923850,82511858
0,5370218234,82572875
0,5372512616,82626265
0,5374806981,82547981
0,5377101371,82604483
0,5379395752,82653922
0,5381690117,82572181
0,5383984504,82500658
0,5386278887,82563075
0,5388573269,82617690
0,5390867638,82540478
0,5393162024,82597918
0,5395456406,82648178
0,5397750769,82567155
0,5400045157,82621260
0,5402339541,82668602
0,5404633904,82585026
0,5406928294,82511897
0,5409222677,82572909
0,5411517059,82626295
0,5413811428,82548008
0,5416105813,82604507
0,5418400195,82653943
0,5420694561,82572200
0,5422988947,82500675
0,5425283332,82563090
0,5427577712,82617703
0,5429872080,82540490
0,5432166467,82597928
0,5434460848,82648187
0,5436755214,82567163
0,5439049600,82621267
0,5441343985,82668608
0,5443638348,82585032
0,5445932736,82511903
0,5448227121,82572915
0,5450521502,82626300
0,5452815870,82548012
0,5455110257,82604510
0,5457404638,82653946
0,5459699003,82572202
0,5461993390,82500676
0,5464287774,82563091
0,5466582137,82617704
0,5468876525,82540491
0,5471170910,82597929
0,5473465292,82648187
0,5475759657,82567163
0,5478054043,82621267
0,5480348428,82668608
0,5482642791,82585032
0,5484937180,82511903
0,5487231564,82572915
0,5489525945,82626300
0,5491820313,82548012
0,5494114700,82604510
0,5496409081,82653946
0,5498703447,82572202
0,5500997833,82500676
0,5503292218,82563091
0,5505586581,82617704
0,5507880967,82540491
0,5510175354,82597929
0,5512469736,82648187
0,5514764101,82567163
0,5517058488,82621267
0,5519352872,82668608
0,5521647234,82585032
0,5523941624,82761903
0,5526236008,83041665
0,5528530389,83286456
0,5530824758,83500649
0,5533119145,83688067
0,5535413526,83852058
0,5537707891,83995550
0,5540002277,84121106
0,5542296662,84230967
0,5544591026,84327096
0,5546885412,84411209
0,5549179798,84484807
0,5551474181,84549206
0,5553768544,84605555
0,5556062931,84654860
0,5558357316,84698002
0,5560651679,84735751
0,5562946068,84643782
0,5565240453,84688309
0,5567534833,84727270
0,5569829202,84761361
0,5572123588,84791190
0,5574417969,84817291
0,5576712336,84840129
0,5579006722,84860112
0,5581301106,84877598
0,5583595469,84892898
0,5585889858,84906285
0,5588184242,84917999
0,5590478624,84928249
0,5592772989,84937217
0,5595067379,84945064
0,5597361761,84951931
0,5599656125,84957939
0,5601950513,84838196
0,5604244898,84858421
0,5606539279,84876118
0,5608833647,84891603
0,5611128034,84905152
0,5613422415,84917008
0,5615716781,84927382
0,5618011168,84936459
0,5620305552,84944401
0,5622599914,84951350
0,5624894304,84832431
0,5627188688,84853377
0,5629483069,84871704
0,5631777435,84887741
0,5634071825,84901773
0,5636366206,84914051
0,5638660571,84924794
0,5640954959,84809194
0,5643249341,84833044
0,5645543724,84853913
0,5647838093,84872173
0,5650132478,84888151
0,5652426861,84902132
0,5654721225,84914365
0,5657015610,84925069
0,5659309996,84934435
0,5661604359,84942630
0,5663898748,84824801
0,5666193132,84846700
0,5668487514,84865862
0,5670781880,84882629
0,5673076269,84897300
0,5675370651,84910137
0,5677665016,84921369
0,5679959402,84806197
0,5682253787,84830422
0,5684548169,84851619
0,5686842536,84870166
0,5689136924,84886395
0,5691431306,84900595
0,5693725670,84913020
0,5696020057,84923892
0,5698314442,84933405
0,5700608805,84941729
0,5702903194,84824012
0,5705197579,84846010
0,5707491960,84865258
0,5709786327,84882100
0,5712080716,84896837
0,5714375098,84909732
0,5716669463,84921015
0,5718963848,84805888
0,5721258234,84830152
0,5723552615,84851383
0,5725846983,84869960
0,5728141371,84886215
0,5730435752,84900438
0,5732730117,84912883
0,5735024504,84923772
0,5737318888,84933300
0,5739613252,84941637
0,5741907640,84823932
0,5744202025,84845940
0,5746496407,84865197
0,5748790773,84882047
0,5751085162,84896791
0,5753379544,84909692
0,5755673908,84920980
0,5757968295,84805857
0,5760262680,84830124
0,5762557061,84851358
0,5764851430,84869938
0,5767145817,84886195
0,5769440199,84900420
0,5771734564,84912867
0,5774028950,84923758
0,5776323335,84933288
0,5778617698,84941627
0,5780912087,84823923
0,5783206472,84845932
0,5785500854,84865190
0,5787795219,84882041
0,5790089609,84896785
0,5792383991,84909686
0,5794678355,84920975
0,5796972743,84805853
0,5799267127,84830121
0,5801561509,84851355
0,5803855878,84869935
0,5806150264,84886193
0,5808444646,84900418
0,5810739011,84912865
0,5813033398,84923756
0,5815327783,84933286
0,5817622146,84941625
0,5819916534,84823921
0,5822210920,84845930
0,5824505300,84865188
0,5826799667,84882039
0,5829094056,84896784
0,5831388438,84909686
0,5833682803,84920975
0,5835977190,84805853
0,5838271574,84830121
0,5840565957,84851355
0,5842860324,84869935
0,5845154712,84886193
0,5847449093,84900418
0,5849743458,84912865
0,5852037846,84923756
0,5854332230,84933286
0,5856626593,84941625
0,5858920982,84823921
0,5861215367,84845930
0,5863509748,84865188
0,5865804118,84882039
0,5868098504,84896784
0,5870392886,84909686
0,5872687252,84920975
0,5874981639,84805853
0,5877276023,85080121
0,5879570405,85320105
0,5881864772,85530091
0,5884159160,85838829
0,5886453541,85983975
0,5888747907,86110978
0,5891042294,86347105
0,5893336679,86428716
0,5895631042,86500126
0,5897925431,86562610
0,5900219815,86617283
0,5902514198,86665122
0,5904808565,86706981
0,5907102952,86868608
0,5909397334,86885032
0,5911691699,86899403
0,5913986086,86911977
0,5916280471,86922979
0,5918574835,86932606
0,5920869222,86941030
0,5923163608,87073401
0,5925457990,87064225
0,5927752356,87056196
0,5930046742,87174171
0,5932341127,87152399
0,5934635490,87133349
0,5936929880,87116680
0,5939224264,87102095
0,5941518646,87089333
0,5943813014,87078166
0,5946107402,87193395
0,5948401783,87169220
0,5950696148,87148067
0,5952990535,87129558
0,5955284921,87113363
0,5957579284,87099192
0,5959873671,87086793
0,5962168058,87200943
0,5964462439,87175825
0,5966756806,87153846
0,5969051191,87259615
0,5971345577,87227163
0,5973639940,87198767
0,5975934329,87173921
0,5978228714,87152180
0,5980523096,87133157
0,5982817463,87116512
0,5985111850,87226948
0,5987406232,87198579
0,5989700598,87173756
0,5991994985,87152036
0,5994289369,87133031
0,5996583733,87116402
0,5998878120,87101851
0,6001172507,87214119
0,6003466889,87187354
0,6005761253,87163934
0,6008055641,87268442
0,6010350025,87234886
0,6012644389,87205525
0,6014938778,87179834
0,6017233163,87157354
0,6019527545,87137684
0,6021821914,87120473
0,6024116301,87230413
0,6026410682,87201611
0,6028705049,87176409
0,6030999436,87154357
0,6033293820,87135062
0,6035588183,87118179
0,6037882571,87103406
0,6040176957,87215480
0,6042471338,87188545
0,6044765704,87164976
0,6047060092,87269354
0,6049354476,87235684
0,6051648842,87206223
0,6053943229,87180445
0,6056237613,87157889
0,6058531996,87138152
0,6060826363,87120883
0,6063120751,87230772
0,6065415132,87201925
0,6067709497,87176684
0,6070003885,87279598
0,6072298269,87244648
0,6074592633,87214067
0,6076887023,87187308
0,6079181407,87288894
0,6081475789,87252782
0,6083770156,87221184
0,6086064545,87318536
0,6088358927,87278719
0,6090653292,87243879
0,6092947679,87213394
0,6095242065,87186719
0,6097536446,87163379
0,6099830814,87142956
0,6102125201,87250086
0,6104419583,87218825
0,6106713949,87191471
0,6109008336,87292537
0,6111302721,87255969
0,6113597084,87223972
0,6115891474,87195975
0,6118185858,87296478
0,6120480241,87259418
0,6122774605,87226990
0,6125068996,87323616
0,6127363378,87283164
0,6129657743,87247768
0,6131952130,87216797
0,6134246514,87189697
0,6136540896,87165984
0,6138835266,87145236
0,6141129652,87252081
0,6143424034,87220570
0,6145718401,87192998
0,6148012787,87293873
0,6150307172,87257138
0,6152601534,87224995
0,6154895925,87196870
0,6157190310,87172261
0,6159484692,87150728
0,6161779056,87131887
0,6164073447,87240401
0,6166367828,87210350
0,6168662194,87184056
0,6170956582,87161049
0,6173250967,87140917
0,6175545348,87123302
0,6177839718,87107889
0,6180134104,87219402
0,6182428486,87191976
0,6184722852,87167979
0,6187017239,87271981
0,6189311624,87237983
0,6191605987,87208235
0,6193900375,87182205
0,6196194762,87159429
0,6198489143,87139500
0,6200783509,87122062
0,6203077898,87231804
0,6205372280,87202828
0,6207666647,87177474
0,6209961033,87155289
0,6212255418,87135877
0,6214549800,87118892
0,6216844168,87104030
0,6219138556,87216026
0,6221432938,87189022
0,6223727303,87165394
0,6226021691,87269719
0,6228316076,87236004
0,6230610439,87206503
0,6232904828,87180690
0,6235199214,87533103
0,6237493596,87716465
0,6239787961,87876906
0,6242082351,88142292
0,6244376733,88374505
0,6246671100,88452691
0,6248965486,88521104
0,6251259871,88705966
0,6253554253,88742720
0,6255848621,88774880
0,6258143009,88928020
0,6260437391,89062017
0,6262731757,89054264
0,6265026143,89172481
0,6267320528,89275920
0,6269614892,89241430
0,6271909281,89211251
0,6274203666,89309844
0,6276498049,89271113
0,6278792413,89237223
0,6281086804,89332570
0,6283381186,89415998
0,6285675551,89363998
0,6287969938,89318498
0,6290264323,89403685
0,6292558705,89353224
0,6294853075,89309071
0,6297147462,89395437
0,6299441843,89471007
0,6301736210,89412131
0,6304030597,89485614
0,6306324981,89549912
0,6308619345,89481173
0,6310913735,89421026
0,6313208120,89493397
0,6315502502,89431722
0,6317796868,89377756
0,6320091258,89455536
0,6322385640,89523594
0,6324680004,89458144
0,6326974392,89400876
0,6329268777,89475766
0,6331563160,89416295
0,6333857528,89364258
0,6336151915,89443725
0,6338446297,89513259
0,6340740663,89449101
0,6343035049,89517963
0,6345329434,89578217
0,6347623798,89505939
0,6349918188,89442696
0,6352212573,89512359
0,6354506955,89448314
0,6356801324,89392274
0,6359095711,89468239
0,6361390093,89534709
0,6363684459,89467870
0,6365978846,89409386
0,6368273231,89483212
0,6370567594,89422810
0,6372861982,89369958
0,6375156370,89448713
0,6377450752,89517623
0,6379745116,89452920
0,6382039504,89521305
0,6384333889,89581141
0,6386628252,89508498
0,6388922642,89444935
0,6391217026,89514318
0,6393511409,89450028
0,6395805778,89393774
0,6398100165,89469552
0,6400394548,89535858
0,6402688913,89468875
0,6404983300,89410265
0,6407277684,89483981
0,6409572048,89423483
0,6411866436,89370547
0,6414160823,89449228
0,6416455205,89518074
0,6418749572,89453314
0,6421043959,89521649
0,6423338344,89581442
0,6425632707,89508761
0,6427927097,89445165
0,6430221481,89514519
0,6432515863,89450204
0,6434810232,89393928
0,6437104620,89469687
0,6439399002,89535976
0,6441693367,89468979
0,6443987756,89410356
0,6446282141,89484061
0,6448576504,89423553
0,6450870891,89370608
0,6453165277,89449282
0,6455459660,89518121
0,6457754025,89453355
0,6460048412,89521685
0,6462342798,89581474
0,6464637162,89508789
0,6466931551,89445190
0,6469225936,89514541
0,6471520318,89450223
0,6473814688,89393945
0,6476109075,89469701
0,6478403457,89535988
0,6480697823,89468989
0,6482992210,89410365
0,6485286594,89484069
0,6487580958,89423560
0,6489875345,89370615
0,6492169733,89449288
0,6494464115,89518127
0,6496758481,89453361
0,6499052869,89521690
0,6501347254,89581478
0,6503641620,89508793
0,6505936008,89445193
0,6508230393,89514543
0,6510524775,89450225
0,6512819144,89393946
0,6515113530,89469702
0,6517407912,89535989
0,6519702278,89468990
0,6521996665,89410366
0,6524291051,89484070
0,6526585414,89423561
0,6528879803,89370615
0,6531174189,89449288
0,6533468571,89518127
0,6535762937,89453361
0,6538057327,89521690
0,6540351710,89581478
0,6542646076,89508793
0,6544940463,89445193
0,6547234848,89514543
0,6549529230,89450225
0,6551823598,89393946
0,6554117985,89469702
0,6556412367,89535989
0,6558706733,89468990
0,6561001121,89535366
0,6563295506,89593445
0,6565589870,89519264
0,6567884260,89454356
0,6570178645,89522561
0,6572473027,89582240
0,6574767393,89509460
0,6577061783,89570777
0,6579356166,89624429
0,6581650532,89546375
0,6583944919,89478078
0,6586239304,89543318
0,6588533686,89475403
0,6590828056,89415977
0,6593122443,89488979
0,6595416824,89552856
0,6597711190,89483749
0,6600005577,89548280
0,6602299961,89604745
0,6604594325,89529151
0,6606888715,89463007
0,6609183100,89780131
0,6611477482,90057614
0,6613771848,90300412
0,6616066239,90512860
0,6618360621,90698752
0,6620654987,90861408
0,6622949375,90878732
0,6625243760,91018890
0,6627538142,91141528
0,6629832512,91123837
0,6632126899,91233357
0,6634421281,91329187
0,6636715647,91413038
0,6639010034,91486408
0,6641304420,91550607
0,6643598784,91606781
0,6645893173,91530933
0,6648187558,91589566
0,6650481940,91640870
0,6652776307,91560761
0,6655070697,91615665
0,6657365079,91663706
0,6659659446,91705742
0,6661953833,91617524
0,6664248218,91665333
0,6666542600,91707166
0,6668836968,91618770
0,6671131356,91666423
0,6673425738,91708120
0,6675720103,91744605
0,6678014491,91776529
0,6680308876,91804462
0,6682603240,91828904
0,6684897630,91725291
0,6687192015,91759629
0,6689486397,91789675
0,6691780763,91690965
0,6694075153,91729594
0,6696369536,91763394
0,6698663902,91792969
0,6700958289,91693847
0,6703252674,91732116
0,6705547056,91765601
0,6707841426,91669900
0,6710135813,91711162
0,6712430195,91747266
0,6714724562,91778857
0,6717018949,91806499
0,6719313334,91830686
0,6721607698,91851850
0,6723902088,91745368
0,6726196473,91777197
0,6728490855,91805047
0,6730785221,91704416
0,6733079612,91741364
0,6735373994,91773693
0,6737668360,91801981
0,6739962748,91701733
0,6742257133,91739016
0,6744551515,91771639
0,6746845885,91675184
0,6749140272,91715786
0,6751434654,91751312
0,6753729020,91782398
0,6756023407,91809598
0,6758317793,91833398
0,6760612157,91854223
0,6762906546,91747445
0,6765200931,91779014
0,6767495313,91806637
0,6769789680,91705807
0,6772084070,91742581
0,6774378452,91774758
0,6776672819,91802913
0,6778967206,91702548
0,6781261591,91739729
0,6783555973,91772262
0,6785850342,91675729
0,6788144730,91716262
0,6790439112,91751729
0,6792733478,91782762
0,6795027866,91809916
0,6797322251,91833676
0,6799616615,91854466
0,6801911005,91747657
0,6804205390,91779199
0,6806499772,91806799
0,6808794141,91705949
0,6811088528,91742705
0,6813382912,91774866
0,6815677278,91803007
0,6817971665,91702631
0,6820266051,91739802
0,6822560415,91772326
0,6824854803,91675785
0,6827149190,91716311
0,6829443572,91751772
0,6831737939,91782800
0,6834032326,91809950
0,6836326711,91833706
0,6838621075,91854492
0,6840915465,91747680
0,6843209850,91779220
0,6845504233,91806817
0,6847798601,91705964
0,6850092989,91742718
0,6852387372,91774878
0,6854681737,91803018
0,6856976125,91702640
0,6859270511,91739810
0,6861564874,91772333
0,6863859261,91675791
0,6866153649,91716317
0,6868448032,91751777
0,6870742397,91782804
0,6873036785,91809953
0,6875331170,91833708
0,6877625533,91854494
0,6879919924,91747682
0,6882214309,91779221
0,6884508691,91806818
0,6886803062,91705965
0,6889097449,91742719
0,6891391832,91774879
0,6893686199,91803019
0,6895980586,91702641
0,6898274971,91739810
0,6900569335,91772333
0,6902863722,91675791
0,6905158110,91716317
0,6907452492,91751777
0,6909746858,91782804
0,6912041246,91809953
0,6914335631,91833708
0,6916629995,91854494
0,6918924384,91747682
0,6921218769,91779221
0,6923513152,91806818
0,6925807521,91705965
0,6928101908,91742719
0,6930396290,91774879
0,6932690657,91803019
0,6934985045,91702641
0,6937279431,91739810
0,6939573795,91772333
0,6941868183,91675791
0,6944162570,91716317
0,6946456953,91751777
0,6948751319,91782804
0,6951045706,91809953
0,6953340092,91833708
0,6955634458,91854494
0,6957928846,91747682
0,6960223231,91779221
0,6962517613,91806818
0,6964811982,91705965
0,6967106370,91742719
0,6969400752,91774879
0,6971695119,91803019
0,6973989506,91702641
0,6976283892,91739810
0,6978578257,91772333
0,6980872644,91675791
0,6983167031,91716317
0,6985461413,92001777
0,6987755779,92251554
0,6990050167,92595109
0,6992344552,92770720
0,6994638918,92924380
0,6996933306,93058832
0,6999227691,93176478
0,7001522073,93279418
0,7003816444,93369490
0,7006110831,93448303
0,7008405215,93517265
0,7010699581,93577606
0,7012993968,93630405
0,7015288354,93676604
0,7017582717,93717028
0,7019877106,93752399
0,7022171493,93783349
0,7024465875,93810430
0,7026760241,93834126
0,7029054631,93979860
0,7031349014,93982377
0,7033643381,93984579
0,7035937768,93986506
0,7038232154,93988192
0,7040526536,93989668
0,7042820905,93990959
0,7045115293,93992089
0,7047409675,93993077
0,7049704041,93993942
0,7051998429,93994699
0,7054292814,93995361
0,7056587178,93995940
0,7058881569,93996447
0,7061175954,93996891
0,7063470338,93997279
0,7065764704,93997619
0,7068059094,94122916
0,7070353477,94107551
0,7072647842,94094107
0,7074942230,94082343
0,7077236616,94072050
0,7079530998,94063043
0,7081825368,94055162
0,7084119755,94048266
0,7086414138,94042232
0,7088708505,94036953
0,7091002892,94157333
0,7093297277,94137666
0,7095591641,94120457
0,7097886031,94105399
0,7100180416,94092224
0,7102474798,94080696
0,7104769165,94070609
0,7107063556,94186782
0,7109357939,94163434
0,7111652305,94143004
0,7113946693,94125128
0,7116241079,94109487
0,7118535461,94095801
0,7120829830,94083825
0,7123124218,94073346
0,7125418601,94064177
0,7127712967,94056154
0,7130007355,94174134
0,7132301741,94152367
0,7134596105,94133321
0,7136890494,94116655
0,7139184879,94102073
0,7141479261,94089313
0,7143773628,94078148
0,7146068019,94193379
0,7148362401,94169206
0,7150656769,94148055
0,7152951156,94129548
0,7155245541,94113354
0,7157539924,94099184
0,7159834292,94086786
0,7162128681,94075937
0,7164423064,94066444
0,7166717430,94058138
0,7169011818,94175870
0,7171306204,94153886
0,7173600568,94134650
0,7175894957,94117818
0,7178189342,94103090
0,7180483725,94090203
0,7182778092,94078927
0,7185072482,94069061
0,7187366865,94060428
0,7189661231,94052874
0,7191955619,94046264
0,7194250004,94040481
0,7196544387,94035420
0,7198838757,94030992
0,7201133145,94027118
0,7203427527,94023728
0,7205721895,94020762
0,7208016282,94143166
0,7210310667,94125270
0,7212605031,94109611
0,7214899421,94095909
0,7217193807,94083920
0,7219488189,94073430
0,7221782555,94064251
0,7224076947,94056219
0,7226371329,94049191
0,7228665695,94043042
0,7230960082,94037661
0,7233254469,94032953
0,7235548833,94028833
0,7237843220,94025228
0,7240137609,94022074
0,7242431991,94019314
0,7244726357,94016899
0,7247020745,94139786
0,7249315131,94122312
0,7251609495,94107023
0,7253903886,94093645
0,7256198271,94081939
0,7258492653,94071696
0,7260787023,94062734
0,7263081410,94054892
0,7265375794,94048030
0,7267670159,94042026
0,7269964547,94036772
0,7272258934,94032175
0,7274553297,94028153
0,7276847685,94024633
0,7279142073,94021553
0,7281436455,94018858
0,7283730822,94016500
0,7286025210,94139437
0,7288319595,94122007
0,7290613959,94106756
0,7292908350,94093411
0,7295202735,94081734
0,7297497118,94071517
0,7299791487,94062577
0,7302085876,94054754
0,7304380258,94047909
0,7306674624,94041920
0,7308969013,94036680
0,7311263398,94032095
0,7313557763,94028083
0,7315852151,94024572
0,7318146538,94021500
0,7320440920,94018812
0,7322735287,94016460
0,7325029674,94139402
0,7327324061,94121976
0,7329618425,94106729
0,7331912814,94093387
0,7334207200,94081713
0,7336501583,94071498
0,7338795953,94062560
0,7341090341,94054740
0,7343384723,94047897
0,7345679090,94041909
0,7347973478,94036670
0,7350267863,94032086
0,7352562227,94028075
0,7354856615,94024565
0,7357151003,94021494
0,7359445386,94018807
0,7361739752,94016456
0,7364034141,94139399
0,7366328527,94121974
0,7368622891,94106727
0,7370917280,94093386
0,7373211666,94081712
0,7375506049,94071498
0,7377800418,94062560
0,7380094806,94429740
0,7382389188,94626022
0,7384683554,94797769
0,7386977943,94948047
0,7389272329,95204541
0,7391566693,95303973
0,7393861082,95390976
0,7396155469,95592104
0,7398449852,95643091
0,7400744219,95687704
0,7403038606,95851741
0,7405332992,95995273
0,7407627358,95995863
0,7409921747,95996380
0,7412216132,96121832
0,7414510515,96106603
0,7416804884,96093277
0,7419099272,96206617
0,7421393655,96180789
0,7423688022,96158190
0,7425982409,96138416
0,7428276795,96246114
0,7430571159,96215349
0,7432865547,96188430
0,7435159935,96289876
0,7437454318,96253641
0,7439748684,96221935
0,7442043073,96319193
0,7444337459,96404293
0,7446631825,96353756
0,7448926213,96309536
0,7451220599,96395844
0,7453514981,96346363
0,7455809352,96303067
0,7458103739,96390183
0,7460398122,96341410
0,7462692488,96298733
0,7464986875,96261391
0,7467281262,96353717
0,7469575626,96309502
0,7471870015,96270814
0,7474164402,96361962
0,7476458784,96316716
0,7478753152,96277126
0,7481047542,96367485
0,7483341925,96446549
0,7485636292,96390730
0,7487930680,96341888
0,7490225066,96424152
0,7492519448,96371133
0,7494813818,96324741
0,7497108206,96409148
0,7499402589,96358004
0,7501696955,96313253
0,7503991344,96274096
0,7506285729,96364834
0,7508580093,96319229
0,7510874483,96279325
0,7513168869,96369409
0,7515463253,96323232
0,7517757619,96282828
0,7520052010,96372474
0,7522346392,96450914
0,7524640759,96394549
0,7526935147,96345230
0,7529229533,96427076
0,7531523916,96373691
0,7533818285,96326979
0,7536112674,96411106
0,7538407055,96359717
0,7540701423,96314752
0,7542995810,96275408
0,7545290196,96365982
0,7547584560,96320234
0,7549878950,96280204
0,7552173336,96370178
0,7554467720,96323905
0,7556762085,96283416
0,7559056477,96372989
0,7561350859,96451365
0,7563645226,96394944
0,7565939614,96345576
0,7568234000,96427379
0,7570528382,96373956
0,7572822751,96327211
0,7575117140,96411309
0,7577411523,96359895
0,7579705889,96314908
0,7582000278,96400544
0,7584294664,96475476
0,7586589028,96416041
0,7588883419,96364035
0,7591177804,96443530
0,7593472187,96388088
0,7595766553,96339577
0,7598060944,96422129
0,7600355328,96494362
0,7602649694,96432566
0,7604944082,96378495
0,7607238468,96456183
0,7609532850,96399160
0,7611827221,96349265
0,7614121608,96430606
0,7616415991,96376780
0,7618710358,96329682
0,7621004747,96413471
0,7623299132,96486787
0,7625593497,96425938
0,7627887887,96372695
0,7630182273,96451108
0,7632476655,96394719
0,7634771022,96345379
0,7637065413,96427206
0,7639359797,96498805
0,7641654163,96436454
0,7643948551,96381897
0,7646242937,96459159
0,7648537320,96401764
0,7650831690,96351543
0,7653126077,96432600
0,7655420460,96378525
0,7657714826,96331209
0,7660009215,96414807
0,7662303601,96487956
0,7664597966,96426961
0,7666892357,96373590
0,7669186742,96451891
0,7671481124,96395404
0,7673775492,96345978
0,7676069883,96427730
0,7678364266,96374263
0,7680658631,96327480
0,7682953020,96286545
0,7685247407,96375726
0,7687541771,96328760
0,7689836159,96287665
0,7692130546,96376706
0,7694424929,96329617
0,7696719296,96288414
0,7699013685,96377362
0,7701308071,96455191
0,7703602435,96398292
0,7705896825,96348505
0,7708191211,96429941
0,7710485594,96376198
0,7712779963,96329173
0,7715074352,96413026
0,7717368736,96361397
0,7719663102,96316222
0,7721957490,96276694
0,7724251876,96367107
0,7726546241,96321218
0,7728840628,96281065
0,7731135016,96370931
0,7733429401,96324564
0,7735723766,96283993
0,7738018154,96373493
0,7740312540,96451806
0,7742606905,96395330
0,7744901295,96345913
0,7747195681,96427673
0,7749490065,96374213
0,7751784434,96327436
0,7754078823,96411506
0,7756373205,96360067
0,7758667573,96315058
0,7760961960,96275675
0,7763256346,96366215
0,7765550711,96320438
0,7767845098,96280383
0,7770139488,96370335
0,7772433871,96324043
0,7774728237,96283537
0,7777022624,96373094
0,7779317010,96701457
0,7781611375,96988774
0,7783905765,97115177
0,7786200151,97350779
0,7788494535,97556931
0,7790788904,97612314
0,7793083293,97785774
0,7795377676,97937552
0,7797672042,97945358
0,7799966430,97952188
0,7802260817,98083164
0,7804555181,98197768
0,7806849570,98173047
0,7809143958,98276416
0,7811438341,98366864
0,7813732707,98321006
0,7816027095,98405880
0,7818321481,98480145
0,7820615846,98545126
0,7822910237,98476985
0,7825204623,98542361
0,7827499005,98599565
0,7829793375,98524619
0,7832087764,98584041
0,7834382146,98636035
0,7836676513,98556530
0,7838970903,98486963
0,7841265288,98551092
0,7843559652,98607205
0,7845854041,98531304
0,7848148429,98589891
0,7850442811,98641154
0,7852737178,98561009
0,7855031567,98615882
0,7857325953,98663896
0,7859620320,98705909
0,7861914708,98617670
0,7864209093,98665461
0,7866503476,98707278
0,7868797846,98618868
0,7871092235,98666509
0,7873386618,98708195
0,7875680985,98619670
0,7877975373,98542211
0,7880269759,98599434
0,7882564124,98649504
0,7884858512,98568316
0,7887152901,98622276
0,7889447284,98669491
0,7891741650,98585804
0,7894036038,98637578
0,7896330425,98682880
0,7898624791,98722520
0,7900919179,98632205
0,7903213566,98678179
0,7905507948,98718406
0,7907802319,98628605
0,7910096707,98675029
0,7912391089,98715650
0,7914685457,98626193
0,7916979845,98547918
0,7919274231,98604428
0,7921568596,98653874
0,7923862984,98572139
0,7926157372,98625621
0,7928451755,98672418
0,7930746122,98588365
0,7933040511,98639819
0,7935334897,98684841
0,7937629264,98724235
0,7939923651,98633705
0,7942218038,98679491
0,7944512421,98719554
0,7946806790,98629609
0,7949101180,98675907
0,7951395562,98716418
0,7953689928,98626865
0,7955984318,98548506
0,7958278703,98604942
0,7960573068,98654324
0,7962867460,98572533
0,7965161845,98625966
0,7967456228,98672720
0,7969750596,98588630
0,7972044986,98640051
0,7974339369,98685044
0,7976633736,98724413
0,7978928124,98633861
0,7981222511,98679628
0,7983516894,98719674
0,7985811263,98629714
0,7988105652,98675999
0,7990400035,98716499
0,7992694402,98626936
0,7994988791,98548569
0,7997283176,98604997
0,7999577541,98654372
0,8001871932,98572575
0,8004166317,98626003
0,8006460702,98672752
0,8008755068,98588658
0,8011049460,98640075
0,8013343843,98685065
0,8015638209,98724431
0,8017932596,98633877
0,8020226984,98679642
0,8022521367,98719686
0,8024815738,98629725
0,8027110125,98676009
0,8029404507,98716507
0,8031698875,98626943
0,8033993264,98548575
0,8036287650,98605003
0,8038582015,98654377
0,8040876405,98572579
0,8043170792,98626006
0,8045465175,98672755
0,8047759541,98588660
0,8050053934,98640077
0,8052348316,98685067
0,8054642683,98724433
0,8056937071,98633878
0,8059231456,98679643
0,8061525842,98719687
0,8063820211,98629726
0,8066114599,98676010
0,8068408982,98716508
0,8070703349,98626944
0,8072997738,98548576
0,8075292124,98605004
0,8077586488,98654378
0,8079880880,98572580
0,8082175265,98626007
0,8084469648,98672756
0,8086764015,98588661
0,8089058407,98640078
0,8091352791,98685068
0,8093647157,98724434
0,8095941544,98633879
0,8098235932,98679644
0,8100530315,98719688
0,8102824686,98629727
0,8105119073,98676011
0,8107413455,98716509
0,8109707823,98626945
0,8112002211,98673576
0,8114296599,98714379
0,8116590962,98750081
0,8118885353,98656320
0,8121179740,98699280
0,8123474122,98736870
0,8125768490,98644761
0,8128062882,98689165
0,8130357264,98728019
0,8132651632,98762016
0,8134946019,98666764
0,8137240407,98708418
0,8139534771,98744865
0,8141829159,98651756
0,8144123548,98695286
0,8146417930,98733375
0,8148712299,98641703
0,8151006686,98686490
0,8153301073,98725678
0,8155595438,98759968
0,8157889828,98664972
0,8160184215,98706850
0,8162478597,98743493
0,8164772964,98650556
0,8167067357,98694236
0,8169361739,98732456
0,8171656107,98765899
0,8173950494,98670161
0,8176244881,98711390
0,8178539246,98747466
0,8180833634,98654032
0,8183128023,98697278
0,8185422405,98985118
0,8187716773,99236978
0,8190011161,99457355
0,8192305548,99650185
0,8194599913,99818911
0,8196894303,99966547
0,8199188690,100095728
0,8201483072,100208762
0,8203777444,100307666
0,8206071832,100394207
0,8208366215,100469931
0,8210660582,100536189
0,8212954969,100469165
0,8215249357,100535519
0,8217543721,100593579
0,8219838111,100644381
0,8222132498,100688833
0,8224426880,100727728
0,8226721249,100761762
0,8229015637,100791541
0,8231310024,100817598
0,8233604388,100840398
0,8235898780,100860348
0,8238193165,100877804
0,8240487549,100893078
0,8242781919,100906443
0,8245076307,100918137
0,8247370691,100928369
0,8249665057,100937322
0,8251959446,100820156
0,8254253832,100842636
0,8256548198,100862306
0,8258842586,100879517
0,8261136973,100894577
0,8263431358,100907754
0,8265725724,100919284
0,8268020114,100929373
0,8270314499,100938201
0,8272608865,100945925
0,8274903255,100952684
0,8277197643,100958598
0,8279492025,100963773
0,8281786396,100968301
0,8284080784,100972263
0,8286375167,100975730
0,8288669534,100978763
0,8290963922,100856417
0,8293258309,100874364
0,8295552674,100890068
0,8297847062,100903809
0,8300141451,100915832
0,8302435833,100926353
0,8304730202,100935558
0,8307024589,100943613
0,8309318976,100950661
0,8311613343,100956828
0,8313907733,100962224
0,8316202118,100966946
0,8318496502,100971077
0,8320790871,100974692
0,8323085262,100977855
0,8325379644,100980623
0,8327674010,100983045
0,8329968399,100860164
0,8332262784,100877643
0,8334557150,100892937
0,8336851539,100906319
0,8339145928,100918029
0,8341440310,100928275
0,8343734678,100937240
0,8346029067,100945085
0,8348323454,100951949
0,8350617820,100957955
0,8352912209,100963210
0,8355206595,100967808
0,8357500978,100971832
0,8359795349,100975353
0,8362089738,100978433
0,8364384121,100981128
0,8366678487,100983487
0,8368972877,100860551
0,8371267262,100877982
0,8373561628,100893234
0,8375856016,100906579
0,8378150405,100918256
0,8380444788,100928474
0,8382739157,100937414
0,8385033544,100945237
0,8387327931,100952082
0,8389622298,100958071
0,8391916687,100963312
0,8394211073,100967898
0,8396505457,100971910
0,8398799826,100975421
0,8401094216,100978493
0,8403388599,100981181
0,8405682965,100983533
0,8407977354,100860591
0,8410271739,100878017
0,8412566105,100893264
0,8414860494,100906606
0,8417154883,100918280
0,8419449265,100928495
0,8421743633,100937433
0,8424038025,100945253
0,8426332409,100952096
0,8428626775,100958084
0,8430921165,100963323
0,8433215551,100967907
0,8435509935,100971918
0,8437804304,100975428
0,8440098693,100978499
0,8442393076,100981186
0,8444687445,100983537
0,8446981832,100860594
0,8449276219,100878019
0,8451570583,100893266
0,8453864975,100906607
0,8456159361,100918281
0,8458453745,100928495
0,8460748112,100937433
0,8463042504,100945253
0,8465336887,100952096
0,8467631255,100958084
0,8469925642,100963323
0,8472220030,100967907
0,8474514412,100971918
0,8476808783,100975428
0,8479103170,100978499
0,8481397554,100981186
0,8483691921,100983537
0,8485986311,100860594
0,8488280696,100878019
0,8490575062,100893266
0,8492869452,100906607
0,8495163839,100918281
0,8497458222,100928495
0,8499752590,100937433
0,8502046981,100945253
0,8504341365,100952096
0,8506635731,100958084
0,8508930121,100963323
0,8511224506,100967907
0,8513518891,100971918
0,8515813261,100975428
0,8518107650,100978499
0,8520402032,100981186
0,8522696400,100983537
0,8524990789,100860594
0,8527285176,100878019
0,8529579540,100893266
0,8531873932,100906607
0,8534168318,100918281
0,8536462702,100928495
0,8538757069,100937433
0,8541051461,100945253
0,8543345845,100952096
0,8545640211,100958084
0,8547934600,100963323
0,8550228986,100967907
0,8552523370,100971918
0,8554817740,100975428
0,8557112130,100978499
0,8559406512,100981186
0,8561700881,100983537
0,8563995268,100860594
0,8566289656,100878019
0,8568584020,100893266
0,8570878412,100906607
0,8573172798,100918281
0,8575467182,100928495
0,8577761548,100937433
0,8580055940,100945253
0,8582350324,100952096
0,8584644691,100958084
0,8586939080,100963323
0,8589233466,100967907
0,8591527832,100971918
0,8593822219,100975428
0,8596116610,100978499
0,8598410992,100981186
0,8600705360,100983537
0,8602999749,100860594
0,8605294136,100878019
0,8607588501,100893266
0,8609882891,101156607
0,8612177279,101512031
0,8614471662,101698027
0,8616766029,101860773
0,8619060420,102128176
0,8621354804,102237154
0,8623649170,102332509
0,8625943561,102415945
0,8628237947,102613951
0,8630532312,102662207
0,8632826701,102704431
0,8635121090,102866377
0,8637415473,102883079
0,8639709841,102897694
0,8642004229,103035482
0,8644298616,103031046
0,8646592982,103027165
0,8648887372,103023769
0,8651181758,103145797
0,8653476142,103127572
0,8655770513,103111625
0,8658064901,103222671
0,8660359284,103194837
0,8662653652,103170482
0,8664948041,103149171
0,8667242428,103255524
0,8669536792,103223583
0,8671831181,103195635
0,8674125571,103296180
0,8676419954,103259157
0,8678714321,103226762
0,8681008709,103323416
0,8683303098,103282989
0,8685597462,103247615
0,8687891853,103216663
0,8690186239,103314580
0,8692480623,103275257
0,8694774993,103240849
0,8697069382,103335742
0,8699363766,103293774
0,8701658133,103257052
0,8703952523,103224920
0,8706246909,103321805
0,8708541274,103281579
0,8710835664,103246381
0,8713130052,103340583
0,8715424435,103298010
0,8717718802,103260758
0,8720013191,103353163
0,8722307577,103309017
0,8724601944,103270389
0,8726896334,103236590
0,8729190721,103332016
0,8731485104,103290514
0,8733779475,103254199
0,8736073864,103347424
0,8738368248,103303996
0,8740662616,103265996
0,8742957004,103232746
0,8745251390,103203652
0,8747545756,103178195
0,8749840145,103155920
0,8752134533,103261430
0,8754428918,103228751
0,8756723285,103200157
0,8759017673,103300137
0,8761312059,103262619
0,8763606428,103229791
0,8765900817,103201067
0,8768195203,103300933
0,8770489586,103263316
0,8772783956,103230401
0,8775078347,103326600
0,8777372729,103285775
0,8779667097,103250053
0,8781961486,103218796
0,8784255873,103191446
0,8786550238,103167515
0,8788844627,103146575
0,8791139016,103253253
0,8793433399,103221596
0,8795727767,103193896
0,8798022155,103294659
0,8800316542,103257826
0,8802610910,103225597
0,8804905299,103197397
0,8807199685,103297722
0,8809494069,103260506
0,8811788441,103227942
0,8814082829,103324449
0,8816377212,103283892
0,8818671580,103248405
0,8820965968,103217354
0,8823260354,103190184
0,8825554721,103166411
0,8827849110,103145609
0,8830143498,103252407
0,8832437881,103220856
0,8834732249,103193249
0,8837026639,103294092
0,8839321025,103257330
0,8841615393,103225163
0,8843909782,103197017
0,8846204168,103297389
0,8848498552,103260215
0,8850792922,103227688
0,8853087311,103324227
0,8855381696,103283698
0,8857676062,103248235
0,8859970451,103217205
0,8862264838,103190054
0,8864559203,103166297
0,8866853592,103145509
0,8869147982,103252320
0,8871442365,103220780
0,8873736732,103193182
0,8876031122,103294034
0,8878325509,103257279
0,8880619876,103225119
0,8882914264,103196979
0,8885208652,103297356
0,8887503036,103260186
0,8889797406,103227662
0,8892091795,103324204
0,8894386178,103283678
0,8896680546,103248218
0,8898974935,103217190
0,8901269321,103190041
0,8903563687,103166285
0,8905858077,103145499
0,8908152465,103252311
0,8910446849,103220772
0,8912741216,103193175
0,8915035609,103294028
0,8917329992,103257274
0,8919624359,103225114
0,8921918748,103196974
0,8924213135,103297352
0,8926507518,103260183
0,8928801890,103227660
0,8931096279,103324202
0,8933390662,103283676
0,8935685030,103248216
0,8937979420,103217189
0,8940273806,103190040
0,8942568171,103166285
0,8944862562,103145499
0,8947156950,103252311
0,8949451333,103220772
0,8951745700,103193175
0,8954040093,103294028
0,8956334477,103257274
0,8958628844,103225114
0,8960923232,103196974
0,8963217619,103297352
0,8965512003,103260183
0,8967806373,103227660
0,8970100763,103324202
0,8972395147,103283676
0,8974689514,103248216
0,8976983903,103217189
0,8979278291,103190040
0,8981572656,103166285
0,8983867046,103145499
0,8986161435,103252311
0,8988455818,103220772
0,8990750185,103193175
0,8993044577,103294028
0,8995338961,103257274
0,8997633328,103225114
0,8999927717,103196974
0,9002222105,103297352
0,9004516470,103260183
0,9006810859,103227660
0,9009105249,103324202
0,9011399632,103283676
0,9013693999,103248216
0,9015988389,103217189
0,9018282776,103190040
0,9020577141,103166285
0,9022871532,103145499
0,9025165919,103252311
0,9027460302,103220772
0,9029754670,103193175
0,9032049062,103294028
0,9034343446,103632274
0,9036637814,103803239
0,9038932202,103952834
0,9041226590,104208729
0,9043520955,104432637
0,9045815343,104503557
0,9048109733,104690612
0,9050404117,104854285
0,9052698485,104872499
0,9054992873,104888436
0,9057287260,105027381
0,9059581626,105023958
0,9061876017,105020963
0,9064170403,105143342
0,9066464788,105250424
0,9068759155,105219121
0,9071053548,105316730
0,9073347932,105402138
0,9075642299,105351870
0,9077936688,105307886
0,9080231076,105394400
0,9082525441,105470100
0,9084819830,105411337
0,9087114218,105484919
0,9089408602,105549304
0,9091702969,105480641
0,9093997359,105420560
0,9096291746,105492990
0,9098586112,105431366
0,9100880503,105377445
0,9103174891,105455264
0,9105469274,105523356
0,9107763645,105457936
0,9110058034,105525694
0,9112352418,105584982
0,9114646785,105511859
0,9116941173,105447876
0,9119235561,105516891
0,9121529926,105577279
0,9123824316,105505119
0,9126118705,105566979
0,9128413089,105621106
0,9130707457,105543467
0,9133001845,105600533
0,9135296233,105650466
0,9137590598,105569157
0,9139884989,105498012
0,9142179377,105560760
0,9144473760,105615665
0,9146768130,105538706
0,9149062520,105596367
0,9151356903,105646821
0,9153651272,105565968
0,9155945660,105495222
0,9158240048,105558319
0,9160534413,105613529
0,9162828801,105536837
0,9165123192,105594732
0,9167417575,105645390
0,9169711942,105564716
0,9172006333,105619126
0,9174300720,105666735
0,9176595085,105583393
0,9178889475,105510468
0,9181183863,105571659
0,9183478246,105625201
0,9185772617,105547050
0,9188067007,105603668
0,9190361390,105653209
0,9192655758,105571557
0,9194950148,105500112
0,9197244535,105562598
0,9199538900,105617273
0,9201833290,105540113
0,9204127679,105597598
0,9206422062,105647898
0,9208716430,105566910
0,9211010819,105621046
0,9213305206,105668415
0,9215599574,105584863
0,9217893963,105511755
0,9220188350,105572785
0,9222482734,105626186
0,9224777105,105547912
0,9227071494,105604423
0,9229365878,105653870
0,9231660246,105572136
0,9233954635,105500619
0,9236249022,105563041
0,9238543388,105492660
0,9240837777,105431077
0,9243132165,105502192
0,9245426550,105564418
0,9247720918,105493865
0,9250015306,105557131
0,9252309694,105612489
0,9254604063,105535927
0,9256898451,105468936
0,9259192839,105535319
0,9261487222,105593404
0,9263781593,105519228
0,9266075982,105579324
0,9268370366,105631908
0,9270664734,105552919
0,9272959123,105483804
0,9275253510,105548328
0,9277547875,105479787
0,9279842265,105419813
0,9282136654,105492336
0,9284431038,105555794
0,9286725405,105486319
0,9289019796,105550529
0,9291314182,105606712
0,9293608549,105530873
0,9295902940,105464513
0,9298197327,105531448
0,9300491710,105590017
0,9302786081,105516264
0,9305080470,105576731
0,9307374854,105629639
0,9309669222,105550934
0,9311963611,105482067
0,9314257998,105546808
0,9316552363,105478457
0,9318846753,105418649
0,9321141142,105491317
0,9323435527,105554902
0,9325729894,105485539
0,9328024283,105549846
0,9330318671,105606115
0,9332613039,105530350
0,9334907428,105464056
0,9337201815,105531049
0,9339496198,105589667
0,9341790570,105515958
0,9344084960,105576463
0,9346379343,105629405
0,9348673711,105550729
0,9350968100,105481887
0,9353262488,105546651
0,9355556853,105478319
0,9357851241,105418529
0,9360145632,105491212
0,9362440016,105554810
0,9364734383,105485458
0,9367028776,105549775
0,9369323159,105606053
0,9371617528,105530296
0,9373911918,105464009
0,9376206304,105531007
0,9378500688,105589631
0,9380795059,105515927
0,9383089449,105576436
0,9385383833,105629381
0,9387678200,105550708
0,9389972589,105481869
0,9392266978,105546635
0,9394561343,105478305
0,9396855731,105418516
0,9399150121,105491201
0,9401444505,105554800
0,9403738872,105485450
0,9406033265,105549768
0,9408327648,105606047
0,9410622016,105530291
0,9412916407,105464004
0,9415210793,105531003
0,9417505176,105589627
0,9419799547,105515923
0,9422093938,105576432
0,9424388321,105629378
0,9426682688,105550705
0,9428977078,105481866
0,9431271465,105546632
0,9433565830,105478303
0,9435860222,105418515
0,9438154609,105491200
0,9440448994,105554800
0,9442743362,105485450
0,9445037754,105549768
0,9447332138,105606047
0,9449626506,105530291
0,9451920895,105464004
0,9454215283,105531003
0,9456509649,105589627
0,9458804037,105515923
0,9461098427,105576432
0,9463392811,105629378
0,9465687179,105550705
0,9467981568,105481866
0,9470275955,105546632
0,9472570321,105478303
0,9474864714,105668515
0,9477159100,105959950
0,9479453484,106214956
0,9481747852,106438086
0,9484042244,106633325
0,9486336630,106804159
0,9488630997,106953639
0,9490925385,106959434
0,9493219773,107089504
0,9495514139,107203316
0,9497808528,107302901
0,9500102918,107390038
0,9502397301,107466283
0,9504691669,107532997
0,9506986060,107466372
0,9509280447,107533075
0,9511574812,107591440
0,9513869203,107517510
0,9516163590,107577821
0,9518457975,107630593
0,9520752343,107676768
0,9523046735,107717172
0,9525341119,107752525
0,9527635487,107783459
0,9529929877,107685526
0,9532224265,107724835
0,9534518630,107759230
0,9536813018,107789326
0,9539107409,107815660
0,9541401793,107838702
0,9543696160,107858864
0,9545990550,107751506
0,9548284936,107782567
0,9550579302,107809746
0,9552873695,107708527
0,9555168082,107744961
0,9557462466,107776840
0,9559756838,107804735
0,9562051226,107829143
0,9564345611,107850500
0,9566639979,107869187
0,9568934369,107760538
0,9571228755,107790470
0,9573523121,107816661
0,9575817510,107839578
0,9578111900,107859630
0,9580406284,107877176
0,9582700652,107892529
0,9584995041,107780962
0,9587289428,107808341
0,9589583794,107832298
0,9591878187,107728260
0,9594172574,107762227
0,9596466958,107791948
0,9598761329,107817954
0,9601055717,107840709
0,9603350103,107860620
0,9605644471,107878042
0,9607938860,107768286
0,9610233248,107797250
0,9612527612,107822593
0,9614822001,107844768
0,9617116392,107864172
0,9619410776,107881150
0,9621705143,107896006
0,9623999534,107784005
0,9626293920,107811004
0,9628588286,107834628
0,9630882678,107730299
0,9633177065,107764011
0,9635471450,107793509
0,9637765821,107819320
0,9640060210,107841905
0,9642354594,107861666
0,9644648962,107878957
0,9646943353,107769087
0,9649237740,107797951
0,9651532105,107823207
0,9653826495,107845306
0,9656120884,107864642
0,9658415269,107881561
0,9660709637,107896365
0,9663004026,107909319
0,9665298414,107920654
0,9667592780,107930572
0,9669887170,107814250
0,9672181558,107837468
0,9674475942,107857784
0,9676770314,107875561
0,9679064704,107891115
0,9681359088,107904725
0,9683653454,107916634
0,9685947844,107802054
0,9688242231,107826797
0,9690536598,107848447
0,9692830988,107867391
0,9695125377,107883967
0,9697419761,107898471
0,9699714129,107911162
0,9702008518,107922266
0,9704302906,107931982
0,9706597274,107940484
0,9708891665,107822923
0,9711186052,107845057
0,9713480435,107864424
0,9715774807,107881371
0,9718069195,107896199
0,9720363580,107909174
0,9722657949,107920527
0,9724952338,107805461
0,9727246726,107829778
0,9729541091,107851055
0,9731835480,107869673
0,9734129870,107885963
0,9736424254,107900217
0,9738718622,107912689
0,9741013012,107923602
0,9743307400,107933151
0,9745601769,107941507
0,9747896157,107823818
0,9750190544,107845840
0,9752484928,107865110
0,9754779299,107881971
0,9757073690,107896724
0,9759368074,107909633
0,9761662442,107920928
0,9763956832,107805812
0,9766251220,107830085
0,9768545584,107851324
0,9770839974,107744908
0,9773134364,107776794
0,9775428748,107804694
0,9777723117,107829107
0,9780017506,107850468
0,9782311894,107869159
0,9784606260,107885514
0,9786900652,107774824
0,9789195038,107802971
0,9791489422,107827599
0,9793783795,107849149
0,9796078184,107868005
0,9798372569,107884504
0,9800666937,107898941
0,9802961325,107786573
0,9805255714,107813251
0,9807550079,107836594
0,9809844468,107732019
0,9812138858,107765516
0,9814433242,107794826
0,9816727612,107820472
0,9819022001,107842913
0,9821316388,107862548
0,9823610757,107879729
0,9825905146,107769762
0,9828199533,107798541
0,9830493917,107823723
0,9832788288,107845757
0,9835082678,107865037
0,9837377062,107881907
0,9839671431,107896668
0,9841965821,107784584
0,9844260208,107811511
0,9846554574,107835072
0,9848848963,107730688
0,9851143353,107764352
0,9853437737,107793808
0,9855732105,107819582
0,9858026498,107842134
0,9860320883,107861867
0,9862615251,107879133
0,9864909641,107769241
0,9867204028,107798085
0,9869498413,107823324
0,9871792783,107845408
0,9874087173,107864732
0,9876381557,107881640
0,9878675925,107896435
0,9880970315,107784380
0,9883264703,107811332
0,9885559069,107834915
0,9887853461,107730550
0,9890147848,107764231
0,9892442233,107793702
0,9894736599,107819489
0,9897030994,107842052
0,9899325377,107861795
0,9901619745,107879070
0,9903914136,107769186
0,9906208523,107798037
0,9908502889,107823282
0,9910797279,107845371
0,9913091669,107864699
0,9915386053,107881611
0,9917680422,107896409
0,9919974810,107784357
0,9922269199,107811312
0,9924563563,107834898
0,9926857957,107730535
0,9929152343,108014218
0,9931446728,108262440
0,9933741096,108479635
0,9936035489,108794680
0,9938329874,108945345
0,9940624242,109077176
0,9942918631,109192529
0,9945213019,109293462
0,9947507385,109381779
0,9949801775,109459056
0,9952096165,109651674
0,9954390549,109695214
0,9956684917,109733312
0,9958979307,109766648
0,9961273694,109795817
0,9963568060,109821339
0,9965862452,109843671
0,9968156839,109863212
0,9970451225,109880310
0,9972745593,109895271
0,9975039985,110033362
0,9977334370,110029191
0,9979628739,110025542
0,9981923127,110022349
0,9984217516,110019555
0,9986511882,110017110
0,9988806271,110014971
0,9991100662,110138099
0,9993395045,110120836
0,9995689413,110105731
0,9997983802,110092514
0,10000278190,110080949
0,10002572556,110070830
0,10004866949,110061976
0,10007161336,110054229
0,10009455721,110047450
0,10011750089,110041518
0,10014044482,110161328
0,10016338867,110141162
0,10018633235,110123516
0,10020927623,110108076
0,10023222013,110094566
0,10025516378,110082745
0,10027810768,110072401
0,10030105158,110188350
0,10032399542,110164806
0,10034693909,110144205
0,10036988300,110126179
0,10039282687,110110406
0,10041577053,110096605
0,10043871446,110084529
0,10046165833,110073962
0,10048460218,110064716
0,10050754589,110056626
0,10053048978,110174547
0,10055343363,110152728
0,10057637731,110133637
0,10059932122,110116932
0,10062226509,110102315
0,10064520875,110089525
0,10066815266,110078334
0,10069109655,110193542
0,10071404040,110169349
0,10073698408,110148180
0,10075992797,110129657
0,10078287185,110113449
0,10080581554,110099267
0,10082875943,110086858
0,10085170331,110076000
0,10087464715,110066500
0,10089759087,110058187
0,10092053478,110175913
0,10094347861,110153923
0,10096642228,110134682
0,10098936620,110117846
0,10101231006,110103115
0,10103525373,110090225
0,10105819763,110078946
0,10108114152,110194077
0,10110408536,110169817
0,10112702905,110148589
0,10114997295,110130015
0,10117291682,110113763
0,10119586052,110099542
0,10121880441,110087099
0,10124174829,110076211
0,10126469213,110066684
0,10128763584,110058348
0,10131057974,110176054
0,10133352359,110154047
0,10135646728,110134791
0,10137941117,110117942
0,10140235505,110103199
0,10142529871,110090299
0,10144824260,110079011
0,10147118651,110194134
0,10149413035,110169867
0,10151707404,110148633
0,10154001793,110255053
0,10156296182,110223171
0,10158590550,110195274
0,10160884939,110170864
0,10163179327,110149506
0,10165473711,110130817
0,10167768083,110114464
0,10170062473,110225156
0,10172356858,110197011
0,10174651226,110172384
0,10176945615,110150836
0,10179240004,110131981
0,10181534370,110115483
0,10183828759,110101047
0,10186123149,110213416
0,10188417534,110186739
0,10190711903,110163396
0,10193006292,110267971
0,10195300680,110234474
0,10197595048,110205164
0,10199889438,110179518
0,10202183826,110157078
0,10204478211,110137443
0,10206772582,110120262
0,10209066973,110230229
0,10211361356,110201450
0,10213655725,110176268
0,10215950114,110154234
0,10218244502,110134954
0,10220538869,110118084
0,10222833259,110103323
0,10225127649,110215407
0,10227422033,110188481
0,10229716402,110164920
0,10232010791,110269305
0,10234305180,110235641
0,10236599548,110206185
0,10238893937,110180411
0,10241188325,110157859
0,10243482709,110138126
0,10245777082,110120860
0,10248071471,110230752
0,10250365856,110201908
0,10252660225,110176669
0,10254954614,110154585
0,10257249002,110135261
0,10259543368,110118353
0,10261837758,110103558
0,10264132147,110090613
0,10266426533,110079286
0,10268720901,110069375
0,10271015291,110185703
0,10273309678,110162490
0,10275604047,110142178
0,10277898437,110124405
0,10280192824,110108854
0,10282487209,110095247
0,10284781581,110083341
0,10287075971,110197923
0,10289370355,110173182
0,10291664724,110151534
0,10293959114,110132592
0,10296253502,110116018
0,10298547867,110101515
0,10300842257,110088825
0,10303136648,110077721
0,10305431032,110068005
0,10307725400,110059504
0,10310019794,110177066
0,10312314179,110154932
0,10314608547,110135565
0,10316902937,110118619
0,10319197325,110103791
0,10321491691,110090817
0,10323786080,110079464
0,10326080471,110194531
0,10328374856,110170214
0,10330669224,110148937
0,10332963614,110130319
0,10335258001,110114029
0,10337552368,110099775
0,10339846757,110087303
0,10342141147,110076390
0,10344435531,110066841
0,10346729901,110058485
0,10349024293,110176174
0,10351318678,110154152
0,10353613046,110134883
0,10355907437,110118022
0,10358201825,110103269
0,10360496190,110090360
0,10362790581,110079065
0,10365084971,110194181
0,10367379355,110169908
0,10369673724,110148669
0,10371968114,110130085
0,10374262502,110113824
0,10376556868,110099596
0,10378851260,110087146
0,10381145649,110076252
0,10383440033,110316720
0,10385734401,110527130
0,10388028795,110836238
0,10390323179,111106708
0,10392617548,111218369
0,10394911938,111316072
0,10397206325,111526563
0,10399500691,111585742
0,10401795083,111637524
0,10404089472,111807833
0,10406383857,111956853
0,10408678226,111962246
0,10410972616,111966965
0,10413267004,112096094
0,10415561369,112084082
0,10417855761,112073571
0,10420150149,112189374
0,10422444535,112165702
0,10424738903,112144989
0,10427033296,112251865
0,10429327680,112345381
0,10431622050,112302208
0,10433916440,112264432
0,10436210828,112356378
0,10438505193,112311830
0,10440799584,112272851
0,10443093973,112363744
0,10445388359,112443276
0,10447682727,112387866
0,10449977116,112339382
0,10452271505,112421959
0,10454565871,112369214
0,10456860264,112323062
0,10459154651,112407679
0,10461449036,112356719
0,10463743404,112312129
0,10466037798,112398112
0,10468332183,112473348
0,10470626551,112414179
0,10472920941,112362406
0,10475215329,112442105
0,10477509695,112386841
0,10479804085,112338485
0,10482098476,112421174
0,10484392861,112493527
0,10486687229,112431836
0,10488981619,112377856
0,10491276007,112455624
0,10493570373,112398671
0,10495864766,112348837
0,10498159153,112430232
0,10500453538,112376453
0,10502747909,112329396
0,10505042301,112413221
0,10507336685,112486568
0,10509631054,112425747
0,10511925443,112372528
0,10514219832,112450962
0,10516514198,112394591
0,10518808589,112345267
0,10521102978,112427108
0,10523397363,112498719
0,10525691732,112436379
0,10527986122,112381831
0,10530280510,112459102
0,10532574878,112401714
0,10534869268,112351499
0,10537163657,112432561
0,10539458041,112378490
0,10541752414,112331178
0,10544046804,112414780
0,10546341188,112487932
0,10548635557,112426940
0,10550929947,112373572
0,10553224335,112451875
0,10555518700,112395390
0,10557813091,112345966
0,10560107481,112427720
0,10562401866,112499255
0,10564696234,112436848
0,10566990626,112382242
0,10569285012,112459461
0,10571579382,112402028
0,10573873771,112351774
0,10576168160,112432802
0,10578462544,112378701
0,10580756917,112331363
0,10583051306,112414942
0,10585345691,112488074
0,10587640059,112427064
0,10589934451,112373681
0,10592228837,112451970
0,10594523205,112395473
0,10596817594,112346038
0,10599111985,112427783
0,10601406369,112499310
0,10603700739,112436896
0,10605995129,112382284
0,10608289517,112459498
0,10610583885,112402060
0,10612878276,112351802
0,10615172664,112432826
0,10617467048,112378722
0,10619761419,112331381
0,10622055810,112414958
0,10624350194,112488088
0,10626644564,112427077
0,10628938954,112373692
0,10631233342,112451980
0,10633527708,112395482
0,10635822098,112346046
0,10638116489,112427790
0,10640410874,112499316
0,10642705242,112436901
0,10644999633,112382288
0,10647294020,112459502
0,10649588390,112402064
0,10651882779,112351806
0,10654177168,112432830
0,10656471552,112378726
0,10658765925,112331385
0,10661060315,112414961
0,10663354700,112488090
0,10665649068,112427078
0,10667943458,112373693
0,10670237847,112451981
0,10672532213,112395483
0,10674826603,112346047
0,10677120993,112427791
0,10679415377,112499317
0,10681709746,112436902
0,10684004137,112507289
0,10686298525,112568877
0,10688592893,112497767
0,10690887283,112435546
0,10693181672,112506102
0,10695476056,112442839
0,10697770429,112387484
0,10700064819,112464048
0,10702359203,112531042
0,10704653572,112464661
0,10706947962,112406578
0,10709242351,112480755
0,10711536717,112420660
0,10713831108,112368077
0,10716125498,112447067
0,10718419882,112516183
0,10720714251,112451660
0,10723008641,112520202
0,10725303029,112580176
0,10727597398,112507654
0,10729891789,112444197
0,10732186177,112513672
0,10734480561,112449463
0,10736774933,112393280
0,10739069324,112469120
0,10741363709,112535480
0,10743658078,112468545
0,10745952468,112409976
0,10748246856,112483729
0,10750541223,112423262
0,10752835614,112370354
0,10755130004,112449059
0,10757424388,112517926
0,10759718757,112453185
0,10762013147,112521536
0,10764307536,112581344
0,10766601904,112508676
0,10768896295,112445091
0,10771190682,112514454
0,10773485049,112450147
0,10775779439,112393878
0,10778073830,112469643
0,10780368215,112535937
0,10782662583,112468944
0,10784956975,112410326
0,10787251362,112484035
0,10789545728,112423530
0,10791840118,112370588
0,10794134509,112449264
0,10796428893,112393106
0,10798723263,112343967
0,10801017656,112425971
0,10803312041,112497724
0,10805606409,112435508
0,10807900802,112381069
0,10810195189,112458435
0,10812489556,112401130
0,10814783945,112350988
0,10817078336,112432114
0,10819372720,112503099
0,10821667090,112440211
0,10823961480,112385184
0,10826255868,112462036
0,10828550234,112404281
0,10830844624,112353745
0,10833139015,112434526
0,10835433400,112380210
0,10837727768,112332683
0,10840022162,112416097
0,10842316547,112489084
0,10844610917,112427948
0,10846905308,112624454
0,10849199695,112921397
0,10851494061,113181222
0,10853788451,113283569
0,10856082843,113498122
0,10858377227,113685856
0,10860671596,113850124
0,10862965986,113868858
0,10865260375,114010250
0,10867554740,114133968
0,10869849134,114117222
0,10872143522,114227569
0,10874437907,114324122
0,10876732275,114283606
0,10879026670,114373155
0,10881321055,114451510
0,10883615423,114520071
0,10885909813,114455062
0,10888204202,114523179
0,10890498567,114582781
0,10892792959,114509933
0,10895087350,114571191
0,10897381734,114624792
0,10899676103,114671693
0,10901970493,114587731
0,10904264882,114639264
0,10906559248,114684356
0,10908853641,114598811
0,10911148029,114648959
0,10913442413,114692839
0,10915736783,114606234
0,10918031177,114655454
0,10920325562,114698522
0,10922619930,114736206
0,10924914320,114644180
0,10927208709,114688657
0,10929503076,114727574
0,10931797466,114636627
0,10934091858,114682048
0,10936386241,114721792
0,10938680611,114756568
0,10940975001,114661997
0,10943269389,114704247
0,10945563755,114741216
0,10947858149,114648564
0,10950152537,114692493
0,10952446922,114730931
0,10954741293,114639564
0,10957035685,114684618
0,10959330069,114724040
0,10961624438,114758535
0,10963918829,114663718
0,10966213216,114705753
0,10968507584,114742533
0,10970801975,114649716
0,10973096365,114693501
0,10975390749,114731813
0,10977685118,114765336
0,10979979509,114669669
0,10982273897,114710960
0,10984568266,114747090
0,10986862656,114653703
0,10989157045,114696990
0,10991451430,114734866
0,10993745803,114643007
0,10996040193,114687631
0,10998334578,114726677
0,11000628946,114760842
0,11002923338,114665736
0,11005217724,114707519
0,11007512092,114744079
0,11009806482,114651069
0,11012100873,114694685
0,11014395258,114732849
0,11016689627,114766242
0,11018984018,114670461
0,11021278406,114711653
0,11023572775,114747696
0,11025867165,114654234
0,11028161553,114697454
0,11030455938,114735272
0,11032750311,114643363
0,11035044700,114687942
0,11037339086,114726949
0,11039633456,114761080
0,11041927846,114665945
0,11044222234,114707701
0,11046516600,114744238
0,11048810992,114651208
0,11051105381,114694807
0,11053399767,114732956
0,11055694135,114766336
0,11057988526,114670544
0,11060282915,114711726
0,11062577284,114747760
0,11064871674,114654290
0,11067166063,114697503
0,11069460448,114735315
0,11071754819,114643400
0,11074049210,114687975
0,11076343595,114726978
0,11078637965,114761105
0,11080932354,114665966
0,11083226743,114707720
0,11085521109,114744255
0,11087815500,114651223
0,11090109891,114694820
0,11092404275,114732967
0,11094698645,114766346
0,11096993035,114670552
0,11099287424,114711733
0,11101581792,114747766
0,11103876184,114654295
0,11106170572,114697508
0,11108464956,114735319
0,11110759329,114643404
0,11113053720,114687978
0,11115348105,114726980
0,11117642473,114761107
0,11119936864,114665968
0,11122231254,114707722
0,11124525619,114744256
0,11126820010,114651224
0,11129114401,114694821
0,11131408786,114732968
0,11133703154,114766347
0,11135997545,114670553
0,11138291934,114711733
0,11140586303,114747766
0,11142880693,114654295
0,11145175082,114697508
0,11147469467,114735319
0,11149763839,114643404
0,11152058230,114687978
0,11154352614,114726980
0,11156646984,114761107
0,11158941374,114665968
0,11161235763,114707722
0,11163530130,114744256
0,11165824520,114651224
0,11168118911,114694821
0,11170413295,114732968
0,11172707665,114766347
0,11175002055,114795553
0,11177296443,114821108
0,11179590813,114843469
0,11181885204,114738035
0,11184179592,114770780
0,11186473977,114799432
0,11188768350,114699503
0,11191062740,114737065
0,11193357124,114769931
0,11195651494,114798689
0,11197945885,114698852
0,11200240273,114736495
0,11202534639,114769433
0,11204829032,114673253
0,11207123421,114714096
0,11209417806,114749834
0,11211712175,114781104
0,11214006566,114808466
0,11216300954,114832407
0,11218595323,114853356
0,11220889715,114746686
0,11223184102,114778350
0,11225478469,114806056
0,11227772862,114705299
0,11230067251,114742136
0,11232361636,114774369
0,11234656005,114802572
0,11236950396,114702250
0,11239244783,114739468
0,11241539151,114772034
0,11243833543,114675529
0,11246127932,114716087
0,11248422317,114751576
0,11250716686,114782629
0,11253011081,114809800
0,11255305466,114833575
0,11257599834,114854378
0,11259894225,114747580
0,11262188612,114779132
0,11264482980,114806740
0,11266777371,114705897
0,11269071761,114742659
0,11271366147,114774826
0,11273660516,114802972
0,11275954907,114702600
0,11278249295,114739775
0,11280543663,114772303
0,11282838052,114675765
0,11285132443,114716294
0,11287426829,114751757
0,11289721198,114657787
0,11292015592,114700563
0,11294309977,114737992
0,11296604346,114770743
0,11298898736,114674400
0,11301193125,114715100
0,11303487493,114750712
0,11305781882,114656873
0,11308076274,114699763
0,11310370658,114737292
0,11312665028,114770130
0,11314959419,114673863
0,11317253807,114714630
0,11319548174,114750301
0,11321842564,114656513
0,11324136955,114699448
0,11326431341,114737017
0,11328725709,114644889
0,11331020104,114689277
0,11333314488,114728117
0,11335608858,115012102
0,11337903248,115260589
0,11340197637,115478015
0,11342492003,115668263
0,11344786394,115834730
0,11347080785,115980388
0,11349375170,116107839
0,11351669540,116219359
0,11353963931,116316939
0,11356258318,116402321
0,11358552686,116477030
0,11360847079,116542401
0,11363141467,116599600
0,11365435854,116649650
0,11367730222,116693443
0,11370024616,116731762
0,11372319002,116765291
0,11374613371,116794629
0,11376907761,116820300
0,11379202150,116842762
0,11381496517,116862416
0,11383790907,116879614
0,11386085299,116894662
0,11388379683,116907829
0,11390674052,116919350
0,11392968443,116929431
0,11395262832,116938252
0,11397557198,116945970
0,11399851592,116952723
0,11402145980,116958632
0,11404440365,116963803
0,11406734738,116968327
0,11409029129,116972286
0,11411323514,116975750
0,11413617884,116978781
0,11415912274,116981433
0,11418206664,116983753
0,11420501030,116985783
0,11422795421,116987560
0,11425089812,116989115
0,11427384197,116990475
0,11429678565,116991665
0,11431972957,116992706
0,11434267345,116993617
0,11436561714,116994414
0,11438856105,116995112
0,11441150493,116995723
0,11443444878,116996257
0,11445739252,116996724
0,11448033642,116997133
0,11450328029,116997491
0,11452622397,116997804
0,11454916787,116998078
0,11457211177,116998318
0,11459505544,116998528
0,11461799935,116998712
0,11464094325,116998873
0,11466388710,116999013
0,11468683078,116999136
0,11470977470,116999244
0,11473271859,116999338
0,11475566227,116999420
0,11477860619,116999492
0,11480155007,116999555
0,11482449393,116999610
0,11484743766,116999658
0,11487038157,116999700
0,11489332542,116999737
0,11491626910,116999769
0,11493921302,116999797
0,11496215691,116999822
0,11498510057,116999844
0,11500804448,116999863
0,11503098840,116999880
0,11505393223,116999895
0,11507687595,116999908
0,11509981984,116999919
0,11512276374,116999929
0,11514570742,116999937
0,11516865134,116999944
0,11519159523,116999951
0,11521453907,116999957
0,11523748280,116999962
0,11526042672,116999966
0,11528337055,116999970
0,11530631425,116999973
0,11532925816,116999976
0,11535220204,116999979
0,11537514573,116999981
0,11539808963,116999983
0,11542103355,116999985
0,11544397740,116999986
0,11546692108,116999987
0,11548986499,116999988
0,11551280887,116999989
0,11553575257,116999990
0,11555869648,116999991
0,11558164036,116999992
0,11560458422,116999993
0,11666000047,117124993
0,11668294435,117109368
0,11670588804,117095697
0,11672883195,117083734
0,11675177583,117073267
0,11677471951,117064108
0,11679766342,117056094
0,11682060732,117049082
0,11684355119,117042946
0,11686649488,117037577
0,11688943879,117032879
0,11691238268,117028769
0,11693532634,117025172
0,11695827025,117022025
0,11698121415,117019271
0,11700415803,117016862
0,11702710172,117014754
0,11705004562,117137909
0,11707298951,117120670
0,11709593320,117105586
0,11711887711,117092387
0,11714182100,117080838
0,11716476468,117070733
0,11718770859,117061891
0,11721065250,117054154
0,11723359635,117047384
0,11725654004,117041461
0,11727948395,117036278
0,11730242783,117031743
0,11732537152,117027775
0,11734831543,117024303
0,11737125934,117021265
0,11739420319,117018606
0,11741714687,117016280
0,11744009082,117139245
0,11746303468,117121839
0,11748597838,117106609
0,11750892229,117093282
0,11753186618,117081621
0,11755480984,117071418
0,11757775375,117062490
0,11760069766,117054678
0,11762364153,117047843
0,11764658522,117041862
0,11766952913,117036629
0,11769247301,117032050
0,11771541668,117028043
0,11773836058,117024537
0,11776130451,117021469
0,11778424837,117018785
0,11780719205,117016436
0,11783013600,117014381
0,11785307986,117012583
0,11787602354,117011010
0,11789896746,117009633
0,11792191135,117008428
0,11794485502,117007374
0,11796779893,117006452
0,11799074285,117005645
0,11801368669,117004939
0,11803663040,117004321
0,11805957431,117003780
0,11808251820,117003307
0,11810546186,117002893
0,11812840579,117002531
0,11815134968,117002214
0,11817429354,117001937
0,11819723723,117001694
0,11822018119,117001482
0,11824312504,117251296
0,11826606872,117469884
0,11828901263,117661148
0,11831195653,117953504
0,11833490020,118084316
0,11835784412,118198776
0,11838078803,118423929
0,11840373187,118495937
0,11842667557,118558944
0,11844961949,118614076
0,11847256338,118787316
0,11849550704,118813901
0,11851845098,118837163
0,11854139486,118982517
0,11856433872,118984702
0,11858728246,118986614
0,11861022637,119113287
0,11863317022,119099126
0,11865611390,119086735
0,11867905781,119075893
0,11870200172,119191406
0,11872494538,119167480
0,11874788930,119146545
0,11877083321,119253226
0,11879377706,119221572
0,11881672076,119193875
0,11883966468,119169640
0,11886260856,119273435
0,11888555225,119239255
0,11890849616,119209348
0,11893144005,119308179
0,11895438391,119269656
0,11897732765,119235949
0,11900027155,119331455
0,11902321540,119290023
0,11904615910,119253770
0,11906910301,119222048
0,11909204691,119319292
0,11911499057,119279380
0,11913793448,119244457
0,11916087840,119338899
0,11918382226,119296536
0,11920676594,119259469
0,11922970986,119227035
0,11925265375,119323655
0,11927559744,119283198
0,11929854136,119247798
0,11932148526,119341823
0,11934442909,119299095
0,11936737283,119261708
0,11939031674,119353994
0,11941326060,119309744
0,11943620429,119271026
0,11945914821,119237147
0,11948209209,119332503
0,11950503577,119290940
0,11952797969,119254572
0,11955092359,119347750
0,11957386744,119304281
0,11959681115,119266245
0,11961975506,119232964
0,11964269895,119328843
0,11966564264,119287737
0,11968858654,119251769
0,11971153045,119345297
0,11973447430,119302134
0,11975741803,119264367
0,11978036194,119356321
0,11980330579,119311780
0,11982624948,119272807
0,11984919341,119238706
0,11987213730,119333867
0,11989508096,119292133
0,11991802487,119255616
0,11994096880,119348664
0,11996391265,119305081
0,11998685634,119266945
0,12000980025,119233576
0,12003274415,119329379
0,12005568784,119288206
0,12007863176,119252180
0,12010157565,119345657
0,12012451950,119302449
0,12014746324,119264642
0,12017040715,119356561
0,12019335099,119311990
0,12021629470,119272991
0,12023923862,119238867
0,12026218250,119334008
0,12028512617,119292257
0,12030807008,119255724
0,12033101400,119348758
0,12035395785,119305163
0,12037690155,119267017
0,12039984545,119233639
0,12042278935,119329434
0,12044573305,119288254
0,12046867696,119252222
0,12049162085,119345694
0,12051456471,119302482
0,12053750844,119264671
0,12056045236,119356587
0,12058339620,119312013
0,12060633990,119273011
0,12062928382,119238884
0,12065222771,119334023
0,12067517137,119292270
0,12069811528,119255736
0,12072105921,119348769
0,12074400307,119305172
0,12076694675,119267025
0,12078989066,119233646
0,12081283456,119329440
0,12083577825,119288260
0,12085872217,119252227
0,12088166606,119345698
0,12090460973,119302485
0,12092755365,119264674
0,12095049757,119356589
0,12097344141,119312015
0,12099638511,119273013
0,12101932903,119238886
0,12104227292,119334025
0,12106521659,119292271
0,12108816051,119255737
0,12111110443,119348769
0,12113404827,119305172
0,12115699197,119267025
0,12117993590,119233646
0,12120287977,119329440
0,12122582347,119288260
0,12124876738,119252227
0,12127171127,119345698
0,12129465495,119302485
0,12131759886,119264674
0,12134054278,119356589
0,12136348662,119312015
0,12138643033,119273013
0,12140937424,119238886
0,12143231813,119334025
0,12145526181,119292271
0,12147820573,119255737
0,12150114963,119348769
0,12152409349,119305172
0,12154703719,119267025
0,12156998110,119233646
0,12159292498,119329440
0,12161586869,119288260
0,12163881261,119252227
0,12166175649,119345698
0,12168470017,119302485
0,12170764409,119264674
0,12173058800,119356589
0,12175353185,119312015
0,12177647555,119273013
0,12179941945,119238886
0,12182236334,119334025
0,12184530702,119292271
0,12186825094,119255737
0,12189119485,119348769
0,12191413870,119305172
0,12193708240,119267025
0,12196002635,119358646
0,12198297020,119438815
0,12200591391,119383963
0,12202885781,119335967
0,12205180171,119418971
0,12207474538,119366599
0,12209768930,119320774
0,12212063321,119405677
0,12214357707,119354967
0,12216652077,119310596
0,12218946467,119271771
0,12221240857,119362799
0,12223535225,119317449
0,12225829615,119277767
0,12228124007,119368046
0,12230418393,119322040
0,12232712763,119281785
0,12235007158,119371561
0,12237301543,119450115
0,12239595913,119393850
0,12241890303,119344618
0,12244184693,119426540
0,12246479061,119373222
0,12248773453,119326569
0,12251067844,119410747
0,12253362230,119359403
0,12255656599,119314477
0,12257950991,119275167
0,12260245379,119365771
0,12262539748,119320049
0,12264834138,119280042
0,12267128530,119370036
0,12269422916,119323781
0,12271717286,119283308
0,12274011681,119372894
0,12276306066,119451282
0,12278600436,119394871
0,12280894827,119345512
0,12283189216,119427323
0,12285483584,119373907
0,12287777976,119327168
0,12290072367,119411272
0,12292366753,119359863
0,12294661123,119314880
0,12296955515,119275520
0,12299249903,119366080
0,12301544272,119320320
0,12303838665,119280280
0,12306133054,119370245
0,12308427439,119323964
0,12310721813,119283468
0,12313016204,119373034
0,12315310590,119701404
0,12317604960,119863728
0,12319899352,120005762
0,12322193740,120255041
0,12324488108,120473160
0,12326782501,120539015
0,12329076892,120721638
0,12331371277,120881433
0,12333665646,120896253
0,12335960039,120909221
0,12338254426,121045568
0,12340548797,121164872
0,12342843189,121144263
0,12345137578,121251230
0,12347431963,121344826
0,12349726338,121301722
0,12352020729,121389006
0,12354315114,121465380
0,12356609484,121407207
0,12358903875,121356306
0,12361198265,121436767
0,12363492633,121507171
0,12365787024,121443774
0,12368081416,121513302
0,12370375802,121574139
0,12372670170,121502371
0,12374964563,121439574
0,12377258951,121509627
0,12379553321,121570923
0,12381847713,121499557
0,12384142102,121562112
0,12386436488,121616848
0,12388730862,121539742
0,12391025253,121597274
0,12393319639,121647614
0,12395614008,121566662
0,12397908400,121495829
0,12400202789,121558850
0,12402497158,121613993
0,12404791549,121537243
0,12407085940,121595087
0,12409380326,121645701
0,12411674696,121564988
0,12413969087,121494364
0,12416263476,121557568
0,12418557847,121612872
0,12420852238,121536263
0,12423146627,121594230
0,12425441013,121644951
0,12427735387,121564332
0,12430029778,121618790
0,12432324164,121666441
0,12434618534,121583135
0,12436912927,121510243
0,12439207314,121571462
0,12441501683,121625029
0,12443796075,121546900
0,12446090466,121603537
0,12448384851,121653094
0,12450679221,121571457
0,12452973613,121500024
0,12455268002,121562521
0,12457562372,121617205
0,12459856763,121540054
0,12462151153,121597547
0,12464445539,121647853
0,12466739912,121566871
0,12469034304,121621012
0,12471328690,121668385
0,12473623059,121584836
0,12475917452,121511731
0,12478211840,121572764
0,12480506209,121626168
0,12482800600,121547897
0,12485094991,121604409
0,12487389377,121653857
0,12489683747,121572124
0,12491978138,121500608
0,12494272527,121563032
0,12496566898,121617653
0,12498861289,121540446
0,12501155678,121597890
0,12503450064,121648153
0,12505744439,121567133
0,12508038830,121621241
0,12510333215,121668585
0,12512627585,121585011
0,12514921978,121511884
0,12517216367,121572898
0,12519510734,121626285
0,12521805126,121547999
0,12524099518,121604499
0,12526393903,121653936
0,12528688273,121572194
0,12530982665,121500669
0,12533277054,121563085
0,12535571424,121617699
0,12537865815,121540486
0,12540160205,121597925
0,12542454573,121648184
0,12544748965,121567161
0,12547043356,121621265
0,12549337742,121668606
0,12551632112,121585030
0,12553926503,121511901
0,12556220892,121572913
0,12558515261,121626298
0,12560809653,121548010
0,12563104043,121604508
0,12565398430,121653944
0,12567692799,121572201
0,12569987192,121500675
0,12572281580,121563090
0,12574575950,121617703
0,12576870342,121540490
0,12579164732,121597928
0,12581459099,121648187
0,12583753491,121567163
0,12586047883,121621267
0,12588342269,121668608
0,12590636638,121585032
0,12592931030,121511903
0,12595225420,121572915
0,12597519788,121626300
0,12599814179,121548012
0,12602108571,121604510
0,12604402957,121653946
0,12606697327,121572202
0,12608991719,121500676
0,12611286107,121563091
0,12613580478,121617704
0,12615874870,121540491
0,12618169260,121597929
0,12620463626,121648187
0,12622758019,121567163
0,12625052411,121621267
0,12627346796,121668608
0,12629641166,121585032
0,12631935557,121511903
0,12634229947,121572915
0,12636524316,121626300
0,12638818707,121548012
0,12641113099,121604510
0,12643407484,121653946
0,12645701855,121572202
0,12647996246,121500676
0,12650290635,121563091
0,12652585006,121617704
0,12654879398,121540491
0,12657173786,121597929
0,12659468154,121648187
0,12661762546,121567163
0,12664056939,121621267
0,12666351324,121668608
0,12668645694,121585032
0,12670940085,121511903
0,12673234475,121572915
0,12675528843,121626300
0,12677823235,121548012
0,12680117627,121604510
0,12682412012,121653946
0,12684706383,121572202
0,12687000778,121625676
0,12689295163,121672466
0,12691589534,121713407
0,12693883926,121624231
0,12696178315,121671202
0,12698472682,121712301
0,12700767074,121623263
0,12703061467,121670355
0,12705355852,121711560
0,12707650222,121622615
0,12709944614,121544788
0,12712239004,121601689
0,12714533371,121651477
0,12716827763,121570042
0,12719122155,121623786
0,12721416541,121670812
0,12723710911,121586960
0,12726005306,121638590
0,12728299692,121683766
0,12730594062,121723295
0,12732888454,121632883
0,12735182844,121678772
0,12737477211,121718925
0,12739771603,121629059
0,12742065995,121675426
0,12744360381,121715997
0,12746654750,121626497
0,12748949142,121548184
0,12751243532,121604661
0,12753537900,121654078
0,12755832293,121572318
0,12758126683,121625778
0,12760421070,121672555
0,12762715439,121588485
0,12765009837,121639924
0,12767304220,121684933
0,12769598592,121724316
0,12771892983,121633776
0,12774187373,121679554
0,12776481740,121719609
0,12778776132,121629657
0,12781070525,121675949
0,12783364909,121716455
0,12785659281,121626898
0,12787953671,121548535
0,12790248062,121604968
0,12792542431,121654347
0,12794836823,121572553
0,12797131214,121625983
0,12799425599,121672735
0,12801719973,121588643
0,12804014364,121640062
0,12806308751,121685054
0,12808603119,121599422
0,12810897513,121524494
0,12813191902,121583932
0,12815486271,121635940
0,12817780662,121556447
0,12820075054,121861891
0,12822369439,122129154
0,12824663810,122363009
0,12826958202,122442632
0,12829252591,122637303
0,12831546961,122807640
0,12833841352,122956685
0,12836135744,123087099
0,12838430128,123201211
0,12840724502,123301059
0,12843018894,123388426
0,12845313281,123464872
0,12847607650,123531763
0,12849902043,123465292
0,12852196432,123532130
0,12854490800,123590613
0,12856785192,123641786
0,12859079584,123686562
0,12861373970,123725741
0,12863668340,123760023
0,12865962732,123665020
0,12868257121,123706892
0,12870551492,123743530
0,12872845883,123775588
0,12875140274,123803639
0,12877434658,123828184
0,12879729033,123849661
0,12882023425,123868453
0,12884317812,123884896
0,12886612180,123899284
0,12888906573,123786873
0,12891200963,123813513
0,12893495332,123836823
0,12895789722,123857220
0,12898084114,123875067
0,12900378500,123890683
0,12902672871,123904347
0,12904967263,123791303
0,12907261651,123817390
0,12909556022,123840216
0,12911850414,123860189
0,12914144805,123877665
0,12916439189,123892956
0,12918733564,123906336
0,12921027955,123918044
0,12923322342,123928288
0,12925616711,123937252
0,12927911104,123820095
0,12930205493,123842583
0,12932499861,123862260
0,12934794253,123879477
0,12937088646,123894542
0,12939383031,123907724
0,12941677401,123919258
0,12943971793,123804350
0,12946266184,123828806
0,12948560553,123850205
0,12950854946,123868929
0,12953149335,123885312
0,12955443703,123899648
0,12957738095,123912192
0,12960032488,123923168
0,12962326873,123932772
0,12964621243,123941175
0,12966915634,123823528
0,12969210026,123845587
0,12971504392,123864888
0,12973798786,123881777
0,12976093176,123896554
0,12978387563,123909484
0,12980681932,123920798
0,12982976325,123805698
0,12985270715,123829985
0,12987565085,123851236
0,12989859476,123869831
0,12992153867,123886102
0,12994448234,123900339
0,12996742627,123912796
0,12999037019,123923696
0,13001331405,123933234
0,13003625774,123941579
0,13005920167,123823881
0,13008214557,123845895
0,13010508925,123865158
0,13012803316,123882013
0,13015097709,123896761
0,13017392094,123909665
0,13019686465,123920956
0,13021980857,123805836
0,13024275247,123830106
0,13026569617,123851342
0,13028864009,123869924
0,13031158398,123886183
0,13033452767,123900410
0,13035747159,123912858
0,13038041550,123923750
0,13040335938,123933281
0,13042630307,123941620
0,13044924699,123823917
0,13047219089,123845927
0,13049513457,123865186
0,13051807848,123882037
0,13054102242,123896782
0,13056396627,123909684
0,13058690998,123920973
0,13060985389,123805851
0,13063279780,123830119
0,13065574149,123851354
0,13067868542,123869934
0,13070162931,123886192
0,13072457300,123900418
0,13074751691,123912865
0,13077046083,123923756
0,13079340471,123933286
0,13081634840,123941625
0,13083929232,123823921
0,13086223622,123845930
0,13088517990,123865188
0,13090812381,123882039
0,13093106775,123896784
0,13095401159,123909686
0,13097695530,123920975
0,13099989920,123805853
0,13102284311,123830121
0,13104578681,123851355
0,13106873074,123869935
0,13109167463,123886193
0,13111461832,123900418
0,13113756223,123912865
0,13116050615,123923756
0,13118345003,123933286
0,13120639372,123941625
0,13122933765,123823921
0,13125228154,123845930
0,13127522522,123865188
0,13129816913,123882039
0,13132111306,123896784
0,13134405693,123909686
0,13136700063,123920975
0,13138994455,123805853
0,13141288844,123830121
0,13143583215,123851355
0,13145877607,123869935
0,13148171998,123886193
0,13150466365,123900418
0,13152760757,123912865
0,13155055148,123923756
0,13157349535,123933286
0,13159643907,123941625
0,13161938298,123823921
0,13164232689,123845930
0,13166527055,123865188
0,13168821448,123882039
0,13171115839,123896784
0,13173410227,123909686
0,13175704598,123920975
0,13177998993,123805853
0,13180293379,123830121
0,13182587748,123851355
0,13184882142,123869935
0,13187176530,123886193
0,13189470900,123900418
0,13191765291,123912865
0,13194059683,123923756
0,13196354070,123933286
0,13198648439,123941625
0,13200942833,123823921
0,13203237221,123845930
0,13205531591,123865188
0,13207825981,123882039
0,13210120374,123896784
0,13212414761,123909686
0,13214709131,123920975
0,13217003528,123930853
0,13219297913,123939496
0,13221592283,123947059
0,13223886675,123953676
0,13226181065,123959466
0,13228475435,123964532
0,13230769826,123968965
0,13233064219,123972844
0,13235358604,123976238
0,13237652974,123979208
0,13239947366,123856807
0,13242241756,123874706
0,13244536128,123890367
0,13246830517,123904071
0,13249124910,123916062
0,13251419294,123926554
0,13253713669,123935734
0,13256008061,123943767
0,13258302447,123950796
0,13260596819,123956946
0,13262891210,123962327
0,13265185600,123967036
0,13267479967,123971156
0,13269774361,123974761
0,13272068753,123977915
0,13274363139,123980675
0,13276657510,123983090
0,13278951902,123860203
0,13281246291,123877677
0,13283540662,123892967
0,13285835054,123906346
0,13288129445,123918052
0,13290423830,123928295
0,13292718205,123937258
0,13295012596,123945100
0,13297306982,123951962
0,13299601354,123957966
0,13301895745,123963220
0,13304190136,123967817
0,13306484504,123971839
0,13308778896,123975359
0,13311073289,123978439
0,13313367673,123981134
0,13315662045,123983492
0,13317956436,123860555
0,13320250827,123877985
0,13322545198,123893236
0,13324839589,123906581
0,13327133980,123918258
0,13329428366,123928475
0,13331722740,123937415
0,13334017133,123945238
0,13336311518,123952083
0,13338605889,123958072
0,13340900282,123838313
0,13343194671,123858523
0,13345489040,123876207
0,13347783431,123891681
0,13350077825,124280220
0,13352372210,124495192
0,13354666581,124683293
0,13356960974,124847881
0,13359255362,124991895
0,13361549733,125117908
0,13363844126,125228169
0,13366138516,125449647
0,13368432902,125518441
0,13370727276,125578635
0,13373021669,125756305
0,13375316055,125786766
0,13377610424,125813420
0,13379904817,125836742
0,13382199208,125857149
0,13384493575,125875005
0,13386787969,125890629
0,13389082360,126029300
0,13391376746,126025637
0,13393671117,126022432
0,13395965509,126019628
0,13398259900,126017174
0,13400554270,126015027
0,13402848662,126013148
0,13405143054,126136504
0,13407437419,126119441
0,13409731813,126104510
0,13412026205,126216446
0,13414320591,126189390
0,13416614962,126165716
0,13418909355,126145001
0,13421203745,126126875
0,13423498112,126111015
0,13425792504,126097138
0,13428086897,126209995
0,13430381284,126183745
0,13432675653,126160776
0,13434970046,126140679
0,13437264437,126123094
0,13439558807,126107707
0,13441853199,126094243
0,13444147589,126207462
0,13446441957,126181529
0,13448736350,126158837
0,13451030741,126263982
0,13453325129,126230984
0,13455619500,126202111
0,13457913891,126176847
0,13460208281,126154741
0,13462502650,126135398
0,13464797041,126118473
0,13467091435,126228663
0,13469385821,126200080
0,13471680191,126175070
0,13473974584,126153186
0,13476268975,126134037
0,13478563344,126117282
0,13480857737,126102621
0,13483152126,126214793
0,13485446495,126187943
0,13487740888,126164450
0,13490035279,126268893
0,13492329667,126235281
0,13494624037,126205870
0,13496918428,126180136
0,13499212819,126157619
0,13501507188,126137916
0,13503801579,126120676
0,13506095972,126230591
0,13508390359,126201767
0,13510684729,126176546
0,13512979122,126154477
0,13515273511,126135167
0,13517567881,126118271
0,13519862275,126103487
0,13522156664,126215551
0,13524451033,126188607
0,13526745426,126165031
0,13529039818,126269402
0,13531334204,126235726
0,13533628575,126206260
0,13535922967,126180477
0,13538217357,126157917
0,13540511726,126138177
0,13542806118,126120904
0,13545100510,126230791
0,13547394898,126201942
0,13549689268,126176699
0,13551983660,126154611
0,13554278050,126135284
0,13556572420,126118373
0,13558866813,126103576
0,13561161203,126215629
0,13563455572,126188675
0,13565749964,126165090
0,13568044357,126269453
0,13570338743,126235771
0,13572633112,126206299
0,13574927506,126180511
0,13577221895,126157947
0,13579516264,126138203
0,13581810657,126120927
0,13584105049,126230811
0,13586399435,126201959
0,13588693806,126176714
0,13590988200,126154624
0,13593282587,126135296
0,13595576959,126118384
0,13597871352,126103586
0,13600165741,126215637
0,13602460110,126188682
0,13604754503,126165096
0,13607048895,126269459
0,13609343281,126235776
0,13611637653,126206304
0,13613932044,126180516
0,13616226434,126157951
0,13618520803,126138207
0,13620815196,126120931
0,13623109588,126230814
0,13625403975,126201962
0,13627698345,126176716
0,13629992742,126154626
0,13632287128,126135297
0,13634581499,126118384
0,13636875890,126103586
0,13639170281,126215637
0,13641464650,126188682
0,13643759041,126165096
0,13646053435,126269459
0,13648347821,126235776
0,13650642192,126206304
0,13652936584,126180516
0,13655230975,126157951
0,13657525345,126138207
0,13659819734,126120931
0,13662114128,126230814
0,13664408513,126201962
0,13666702885,126176716
0,13668997281,126154626
0,13671291668,126135297
0,13673586038,126118384
0,13675880430,126103586
0,13678174822,126215637
0,13680469188,126188682
0,13682763581,126165096
0,13685057974,126269459
0,13687352360,126235776
0,13689646731,126206304
0,13691941123,126180516
0,13694235515,126157951
0,13696529885,126138207
0,13698824275,126120931
0,13701118668,126230814
0,13703413054,126201962
0,13705707427,126176716
0,13708001821,126279626
0,13710296208,126244672
0,13712590578,126214088
0,13714884970,126187327
0,13717179362,126288911
0,13719473729,126252797
0,13721768122,126221197
0,13724062515,126318547
0,13726356902,126278728
0,13728651271,126243887
0,13730945663,126213401
0,13733240055,126186725
0,13735534425,126163384
0,13737828817,126142961
0,13740123208,126250090
0,13742417595,126218828
0,13744711969,126191474
0,13747006361,126292539
0,13749300749,126255971
0,13751595120,126223974
0,13753889512,126195977
0,13756183901,126296479
0,13758478270,126259419
0,13760772662,126226991
0,13763067054,126323617
0,13765361442,126283164
0,13767655813,126247768
0,13769950205,126216797
0,13772244595,126189697
0,13774538966,126165984
0,13776833360,126145236
0,13779127749,126252081
0,13781422135,126220570
0,13783716510,126192998
0,13786010902,126293873
0,13788305289,126257138
0,13790599660,126224995
0,13792894053,126196870
0,13795188443,126297261
0,13797482812,126260103
0,13799777204,126227590
0,13802071597,126324141
0,13804365984,126283623
0,13806660355,126248170
0,13808954746,126217148
0,13811249137,126190004
0,13813543507,126166253
0,13815837900,126145471
0,13818132290,126252287
0,13820426677,126220751
0,13822721052,126193157
0,13825015444,126294012
0,13827309831,126257260
0,13829604202,126225102
0,13831898595,126196964
0,13834192984,126172343
0,13836487354,126150800
0,13838781746,126131950
0,13841076138,126240456
0,13843370524,126210399
0,13845664895,126184099
0,13847959289,126161086
0,13850253678,126140950
0,13852548049,126123331
0,13854842442,126107914
0,13857136832,126219424
0,13859431201,126191996
0,13861725593,126167996
0,13864019987,126271996
0,13866314373,126237996
0,13868608743,126208246
0,13870903135,126182215
0,13873197526,126159438
0,13875491895,126139508
0,13877786287,126122069
0,13880080681,126481810
0,13882375066,126796583
0,13884669438,126947010
0,13886963830,127078633
0,13889258221,127318803
0,13891552591,127403952
0,13893846985,127478458
0,13896141375,127668650
0,13898435744,127835068
0,13900730135,127855684
0,13903024529,127998723
0,13905318914,128123882
0,13907613286,128108396
0,13909907678,128094846
0,13912202069,128207990
0,13914496438,128181991
0,13916790830,128159242
0,13919085224,128264336
0,13921379609,128356294
0,13923673981,128311757
0,13925968373,128272787
0,13928262764,128363688
0,13930557134,128318227
0,13932851527,128278448
0,13935145917,128368642
0,13937440285,128447561
0,13939734678,128391615
0,13942029071,128467663
0,13944323458,128534205
0,13946617828,128467429
0,13948912221,128409000
0,13951206612,128482875
0,13953500980,128422515
0,13955795374,128369700
0,13958089766,128448487
0,13960384153,128517426
0,13962678523,128452747
0,13964972916,128396153
0,13967267307,128471633
0,13969561678,128412678
0,13971856070,128361093
0,13974150460,128440956
0,13976444829,128510836
0,13978739221,128446981
0,13981033614,128516108
0,13983328001,128576594
0,13985622372,128504519
0,13987916765,128441454
0,13990211155,128511272
0,13992505524,128447363
0,13994799916,128391442
0,13997094309,128467511
0,13999388696,128534072
0,14001683067,128467313
0,14003977460,128408898
0,14006271850,128482785
0,14008566221,128422436
0,14010860614,128369631
0,14013155004,128448427
0,14015449372,128517373
0,14017743764,128452701
0,14020038157,128521113
0,14022332544,128580973
0,14024626915,128508351
0,14026921308,128444807
0,14029215698,128514206
0,14031510067,128449930
0,14033804460,128393688
0,14036098852,128469477
0,14038393240,128535792
0,14040687611,128468818
0,14042982003,128410215
0,14045276394,128483938
0,14047570764,128423445
0,14049865158,128370514
0,14052159547,128449199
0,14054453917,128518049
0,14056748310,128453292
0,14059042702,128521630
0,14061337088,128581426
0,14063631459,128508747
0,14065925852,128445153
0,14068220242,128514508
0,14070514611,128450194
0,14072809004,128393919
0,14075103397,128469679
0,14077397783,128535969
0,14079692154,128468972
0,14081986548,128410350
0,14084280937,128484056
0,14086575309,128423549
0,14088869702,128370605
0,14091164092,128449279
0,14093458461,128518119
0,14095752853,128453354
0,14098047247,128521684
0,14100341633,128581473
0,14102636005,128508788
0,14104930397,128445189
0,14107224788,128514540
0,14109519158,128450222
0,14111813549,128393944
0,14114107943,128469701
0,14116402327,128535988
0,14118696699,128468989
0,14120991095,128410365
0,14123285482,128484069
0,14125579853,128423560
0,14127874246,128370615
0,14130168637,128449288
0,14132463005,128518127
0,14134757399,128453361
0,14137051791,128521690
0,14139346178,128581478
0,14141640549,128508793
0,14143934941,128445193
0,14146229333,128514543
0,14148523704,128450225
0,14150818094,128393946
0,14153112487,128469702
0,14155406874,128535989
0,14157701248,128468990
0,14159995642,128410366
0,14162290029,128484070
0,14164584399,128423561
0,14166878792,128370615
0,14169173184,128449288
0,14171467552,128518127
0,14173761945,128453361
0,14176056338,128521690
0,14178350724,128581478
0,14180645094,128508793
0,14182939487,128445193
0,14185233879,128514543
0,14187528250,128450225
0,14189822640,128393946
0,14192117033,128469702
0,14194411419,128535989
0,14196705794,128468990
0,14199000187,128535366
0,14201294575,128593445
0,14203588945,128519264
0,14205883338,128454356
0,14208177728,128522561
0,14210472097,128582240
0,14212766490,128509460
0,14215060883,128570777
0,14217355271,128624429
0,14219649641,128546375
0,14221944034,128478078
0,14224238424,128543318
0,14226532795,128475403
0,14228827189,128415977
0,14231121579,128488979
0,14233415967,128552856
0,14235710341,128483749
0,14238004734,128548280
0,14240299121,128604745
0,14242593491,128529151
0,14244887885,128463007
0,14247182275,128530131
0,14249476645,128588864
0,14251771038,128515256
0,14254065430,128575849
0,14256359817,128628867
0,14258654187,128550258
0,14260948581,128481475
0,14263242971,128546290
0,14265537343,128478003
0,14267831736,128418252
0,14270126127,128490970
0,14272420495,128554598
0,14274714888,128485273
0,14277009281,128549613
0,14279303667,128605911
0,14281598038,128530172
0,14283892431,128463900
0,14286186822,128530912
0,14288481191,128589548
0,14290775583,128515854
0,14293069977,128576372
0,14295364362,128629325
0,14297658734,128550659
0,14299953127,128481826
0,14302247518,128546597
0,14304541889,128478272
0,14306836282,128418488
0,14309130673,128491177
0,14311425041,128554779
0,14313719434,128485431
0,14316013827,128549752
0,14318308214,128606033
0,14320602585,128530278
0,14322896978,128463993
0,14325191370,128530993
0,14327485738,128464618
0,14329780131,128406540
0,14332074524,128480722
0,14334368910,128545631
0,14336663281,128477427
0,14338957674,128417748
0,14341252066,128490529
0,14343546437,128429212
0,14345840830,128375560
0,14348135221,128453615
0,14350429589,128521913
0,14352723982,128456673
0,14355018374,128524588
0,14357312762,128584014
0,14359607133,128511012
0,14361901526,128447135
0,14364195917,128516243
0,14366490286,128451712
0,14368784679,128395248
0,14371079073,128470842
0,14373373459,128536986
0,14375667830,128469862
0,14377962223,128411129
0,14380256614,128484737
0,14382550985,128424144
0,14384845378,128371126
0,14387139769,128449735
0,14389434138,128518518
0,14391728531,128453703
0,14394022924,128521990
0,14396317312,128581741
0,14398611682,128509023
0,14400906075,128445395
0,14403200465,128514720
0,14405494834,128450380
0,14407789227,128394082
0,14410083620,128719821
0,14412378008,129004843
0,14414672379,129254237
0,14416966772,129347457
0,14419261163,129554024
0,14421555534,129734771
0,14423849927,129767924
0,14426144317,129921933
0,14428438686,130056691
0,14430733079,130174604
0,14433027472,130277778
0,14435321859,130368055
0,14437616230,130447048
0,14439910624,130391167
0,14442205014,130467271
0,14444499384,130533862
0,14446793777,130467129
0,14449088170,130533737
0,14451382557,130592019
0,14453676927,130643016
0,14455971321,130562639
0,14458265710,130617309
0,14460560082,130665145
0,14462854475,130582001
0,14465148866,130634250
0,14467443235,130679968
0,14469737628,130719972
0,14472032022,130754975
0,14474326408,130785603
0,14476620780,130812402
0,14478915173,130710851
0,14481209564,130746994
0,14483503933,130778619
0,14485798325,130681291
0,14488092719,130721129
0,14490387104,130755987
0,14492681476,130786488
0,14494975869,130688177
0,14497270260,130727154
0,14499564631,130761259
0,14501859024,130666101
0,14504153416,130707838
0,14506447784,130744358
0,14508742178,130776313
0,14511036571,130804273
0,14513330958,130828738
0,14515625329,130850145
0,14517919723,130743876
0,14520214115,130775891
0,14522508483,130803904
0,14524802876,130703416
0,14527097269,130740489
0,14529391655,130772927
0,14531686026,130801311
0,14533980419,130701147
0,14536274811,130738503
0,14538569182,130771190
0,14540863575,130674791
0,14543157966,130715442
0,14545452335,130751011
0,14547746728,130782134
0,14550041121,130809367
0,14552335509,130833196
0,14554629880,130854046
0,14556924273,130747290
0,14559218664,130778878
0,14561513035,130806518
0,14563807426,130705703
0,14566101819,130742490
0,14568396207,130774678
0,14570690578,130802843
0,14572984974,130702487
0,14575279361,130739676
0,14577573731,130772216
0,14579868125,130675689
0,14582162515,130716227
0,14584456885,130751698
0,14586751278,130782735
0,14589045671,130809893
0,14591340058,130833656
0,14593634429,130854449
0,14595928823,130747642
0,14598223213,130779186
0,14600517585,130806787
0,14602811976,130705938
0,14605106369,130742695
0,14607400756,130774858
0,14609695131,130803000
0,14611989525,130702625
0,14614283911,130739796
0,14616578284,130772321
0,14618872677,130675780
0,14621167068,130716307
0,14623461437,130751768
0,14625755830,130782797
0,14628050224,130809947
0,14630344610,130833703
0,14632638982,130854490
0,14634933375,130747678
0,14637227766,130779218
0,14639522137,130806815
0,14641816528,130705963
0,14644110922,130742717
0,14646405307,130774877
0,14648699683,130803017
0,14650994075,130702639
0,14653288462,130739809
0,14655582833,130772332
0,14657877226,130675790
0,14660171618,130716316
0,14662465986,130751776
0,14664760380,130782804
0,14667054773,130809953
0,14669349160,130833708
0,14671643531,130854494
0,14673937924,130747682
0,14676232316,130779221
0,14678526687,130806818
0,14680821078,130705965
0,14683115472,130742719
0,14685409859,130774879
0,14687704234,130803019
0,14689998627,130702641
0,14692293015,130739810
0,14694587386,130772333
0,14696881779,130675791
0,14699176170,130716317
0,14701470539,130751777
0,14703764932,130782804
0,14706059325,130809953
0,14708353713,130833708
0,14710648084,130854494
0,14712942477,130747682
0,14715236868,130779221
0,14717531239,130806818
0,14719825633,130705965
0,14722120023,130742719
0,14724414393,130774879
0,14726708786,130803019
0,14729003179,130827641
0,14731297566,130849185
0,14733591937,130868036
0,14735886332,130759531
0,14738180722,130789589
0,14740475092,130815890
0,14742769485,130838903
0,14745063878,130859040
0,14747358265,130876660
0,14749652636,130892077
0,14751947030,130780567
0,14754241420,130807996
0,14756535792,130831996
0,14758830185,130727996
0,14761124576,130761996
0,14763418945,130791746
0,14765713338,130817777
0,14768007732,130840554
0,14770302118,130860484
0,14772596490,130877923
0,14774890883,130768182
0,14777185274,130797159
0,14779479643,130822514
0,14781774037,130844699
0,14784068431,130864111
0,14786362818,130881097
0,14788657190,130895959
0,14790951584,130783964
0,14793245975,130810968
0,14795540346,130834597
0,14797834739,130730272
0,14800129131,130763988
0,14802423499,130793489
0,14804717893,130819302
0,14807012286,130841889
0,14809306673,130861652
0,14811601044,130878945
0,14813895437,130769076
0,14816189829,130797941
0,14818484197,130823198
0,14820778591,130845298
0,14823072985,130864635
0,14825367372,130881555
0,14827661743,130896360
0,14829956136,130784315
0,14832250528,130811275
0,14834544899,130834865
0,14836839292,130730506
0,14839133683,130764192
0,14841428052,130793668
0,14843722445,130819459
0,14846016838,130842026
0,14848311226,130861772
0,14850605597,130879050
0,14852899990,130769168
0,14855194381,130798022
0,14857488750,130823269
0,14859783144,130720360
0,14862077538,130755315
0,14864371926,130785900
0,14866666298,130812662
0,14868960691,130711079
0,14871255082,130747194
0,14873549453,130778794
0,14875843847,130681444
0,14878138237,130721263
0,14880432607,130756105
0,14882727000,130786591
0,14885021393,130813267
0,14887315780,130836608
0,14889610151,130857032
0,14891904545,130749903
0,14894198936,130781165
0,14896493306,130808519
0,14898787699,130707454
0,14901082092,130744022
0,14903376479,130776019
0,14905670850,130804016
0,14907965245,130703514
0,14910259635,130740574
0,14912554007,130773002
0,14914848401,130676376
0,14917142792,130716829
0,14919437160,130752225
0,14921731553,130783196
0,14924025947,130810296
0,14926320333,130834009
0,14928614706,130854757
0,14930909099,130747912
0,14933203490,130779423
0,14935497859,130806995
0,14937792252,130706120
0,14940086646,130992855
0,14942381032,131243748
0,14944675404,131463279
0,14946969798,131655369
0,14949264189,131823447
0,14951558561,131970516
0,14953852954,132099201
0,14956147346,132211800
0,14958441715,132310325
0,14960736109,132396534
0,14963030502,132596967
0,14965324889,132647346
0,14967619260,132691427
0,14969913653,132729998
0,14972208045,132763748
0,14974502413,132793279
0,14976796807,132819119
0,14979091200,132841729
0,14981385588,132861512
0,14983679959,132878823
0,14985974354,132893970
0,14988268745,132907223
0,14990563116,132918820
0,14992857510,132928967
0,14995151900,132937846
0,14997446270,132945615
0,14999740663,132952413
0,15002035056,133083361
0,15004329443,133072940
0,15006623814,133063822
0,15008918209,133055844
0,15011212599,133048863
0,15013506973,133042755
0,15015801364,133037410
0,15018095757,133032733
0,15020390144,133028641
0,15022684515,133025060
0,15024978909,133021927
0,15027273299,133019186
0,15029567671,133016787
0,15031862064,133014688
0,15034156456,133012852
0,15036450825,133011245
0,15038745218,133009839
0,15041039614,133133609
0,15043334000,133116907
0,15045628372,133102293
0,15047922765,133089506
0,15050217156,133078317
0,15052511527,133068527
0,15054805918,133059961
0,15057100312,133052465
0,15059394699,133045906
0,15061689075,133040167
0,15063983469,133035146
0,15066277857,133030752
0,15068572228,133026908
0,15070866621,133023544
0,15073161013,133020601
0,15075455381,133018025
0,15077749775,133015771
0,15080044168,133138799
0,15082338556,133121449
0,15084632927,133106267
0,15086927320,133092983
0,15089221713,133081360
0,15091516085,133071190
0,15093810476,133062291
0,15096104869,133054504
0,15098399256,133047691
0,15100693631,133041729
0,15102988025,133036512
0,15105282413,133031948
0,15107576784,133027954
0,15109871178,133024459
0,15112165569,133021401
0,15114459939,133018725
0,15116754332,133016384
0,15119048725,133139336
0,15121343113,133121919
0,15123637485,133106679
0,15125931878,133093344
0,15128226270,133081676
0,15130520641,133071466
0,15132815032,133062532
0,15135109426,133054715
0,15137403814,133047875
0,15139698189,133041890
0,15141992582,133036653
0,15144286970,133032071
0,15146581341,133028062
0,15148875736,133024554
0,15151170126,133021484
0,15153464496,133018798
0,15155758889,133016448
0,15158053283,133139392
0,15160347670,133121968
0,15162642042,133106722
0,15164936436,133093381
0,15167230827,133081708
0,15169525199,133071494
0,15171819590,133062557
0,15174113983,133054737
0,15176408351,133047894
0,15178702747,133041907
0,15180997141,133036668
0,15183291527,133032084
0,15185585900,133028073
0,15187880292,133024563
0,15190174684,133021492
0,15192469052,133018805
0,15194763446,133016454
0,15197057840,133139397
0,15199352227,133121972
0,15201646600,133106725
0,15203940993,133093384
0,15206235385,133081711
0,15208529756,133071497
0,15210824149,133062559
0,15213118541,133054739
0,15215412910,133047896
0,15217707303,133041909
0,15220001697,133161670
0,15222296086,133141461
0,15224590457,133123778
0,15226884850,133108305
0,15229179242,133094766
0,15231473611,133082920
0,15233768005,133072555
0,15236062398,133188485
0,15238356786,133164924
0,15240651158,133144308
0,15242945551,133126269
0,15245239943,133110485
0,15247534314,133096674
0,15249828709,133084589
0,15252123099,133074015
0,15254417469,133064763
0,15256711862,133056667
0,15259006257,133174583
0,15261300644,133152760
0,15263595015,133133665
0,15265889410,133116956
0,15268183800,133102336
0,15270478170,133089544
0,15272772563,133078351
0,15275066957,133193557
0,15277361344,133169362
0,15279655717,133148191
0,15281950111,133129667
0,15284244501,133113458
0,15286538873,133099275
0,15288833267,133086865
0,15291127658,133076006
0,15293422028,133066505
0,15295716421,133058191
0,15298010816,133175917
0,15300305202,133153927
0,15302599575,133134686
0,15304893968,133117850
0,15307188360,133103118
0,15309482729,133090228
0,15311777122,133078949
0,15314071516,133194080
0,15316365904,133169820
0,15318660276,133148592
0,15320954668,133130018
0,15323249061,133113765
0,15325543432,133099544
0,15327837825,133087101
0,15330132218,133076213
0,15332426587,133066686
0,15334720981,133058350
0,15337015374,133176056
0,15339309762,133154049
0,15341604133,133134792
0,15343898527,133117943
0,15346192918,133103200
0,15348487288,133090300
0,15350781682,133079012
0,15353076075,133069135
0,15355370464,133060493
0,15357664835,133052931
0,15359959228,133046314
0,15362253620,133040524
0,15364547991,133035458
0,15366842386,133031025
0,15369136777,133027146
0,15371431147,133023752
0,15373725541,133020783
0,15376019934,133143185
0,15378314321,133125286
0,15380608693,133109625
0,15382903087,133095921
0,15385197479,133083930
0,15387491849,133073438
0,15389786242,133064258
0,15392080636,133056225
0,15394375023,133049196
0,15396669395,133043046
0,15398963789,133037665
0,15401258180,133032956
0,15403552553,133028836
0,15405846946,133025231
0,15408141338,133022077
0,15410435707,133019317
0,15412730100,133016902
0,15415024495,133139789
0,15417318882,133122315
0,15419613254,133107025
0,15421907648,133093646
0,15424202039,133081940
0,15426496409,133071697
0,15428790802,133062734
0,15431085197,133054892
0,15433379583,133048030
0,15435673956,133042026
0,15437968349,133036772
0,15440262741,133032175
0,15442557112,133028153
0,15444851506,133024633
0,15447145898,133021553
0,15449440268,133018858
0,15451734661,133016500
0,15454029055,133139437
0,15456323443,133122007
0,15458617814,133106756
0,15460912208,133093411
0,15463206599,133081734
0,15465500972,133071517
0,15467795363,133062577
0,15470089757,133054754
0,15472384145,133047909
0,15474678516,133041920
0,15476972910,133036680
0,15479267301,133032095
0,15481561674,133028083
0,15483856068,133024572
0,15486150459,133021500
0,15488444829,133018812
0,15490739223,133016460
0,15493033616,133139402
0,15495328004,133121976
0,15497622376,133106729
0,15499916770,133093387
0,15502211161,133081713
0,15504505533,133071498
0,15506799924,133062560
0,15509094318,133054740
0,15511388706,133047897
0,15513683078,133041909
0,15515977476,133036670
0,15518271863,133407086
0,15520566235,133606200
0,15522860629,133780425
0,15525155021,134057871
0,15527449391,134175637
0,15529743784,134278682
0,15532038179,134493846
0,15534332565,134682115
0,15536626937,134721850
0,15538921332,134756618
0,15541215723,134912040
0,15543510095,134923035
0,15545804486,134932655
0,15548098881,135066073
0,15550393267,135057813
0,15552687644,135050586
0,15554982037,135044262
0,15557276426,135163729
0,15559570797,135143262
0,15561865191,135125354
0,15564159582,135234684
0,15566453952,135205348
0,15568748346,135179679
0,15571042740,135282219
0,15573337128,135371941
0,15575631499,135325448
0,15577925893,135284767
0,15580220285,135374171
0,15582514657,135327399
0,15584809048,135286474
0,15587103442,135375664
0,15589397813,135328706
0,15591692206,135287617
0,15593986600,135251664
0,15596280988,135345206
0,15598575359,135302055
0,15600869754,135264298
0,15603164144,135356260
0,15605458515,135311727
0,15607752909,135272761
0,15610047303,135363665
0,15612341690,135443206
0,15614636062,135387805
0,15616930457,135339329
0,15619224847,135421912
0,15621519219,135369173
0,15623813612,135323026
0,15626108006,135407647
0,15628402375,135356691
0,15630696768,135312104
0,15632991163,135273091
0,15635285550,135363954
0,15637579923,135318459
0,15639874316,135278651
0,15642168708,135368819
0,15644463077,135322716
0,15646757471,135282376
0,15649051866,135372079
0,15651346253,135450569
0,15653640625,135394247
0,15655935018,135344966
0,15658229411,135426845
0,15660523783,135373489
0,15662818175,135326802
0,15665112569,135410951
0,15667406938,135359582
0,15669701332,135314634
0,15671995725,135275304
0,15674290114,135365891
0,15676584486,135320154
0,15678878880,135280134
0,15681173271,135370117
0,15683467641,135323852
0,15685762035,135283370
0,15688056429,135372948
0,15690350817,135451329
0,15692645189,135394912
0,15694939583,135345548
0,15697233974,135427354
0,15699528346,135373934
0,15701822742,135327192
0,15704117132,135411293
0,15706411502,135359881
0,15708705896,135314895
0,15711000290,135400533
0,15713294678,135475466
0,15715589050,135416032
0,15717883445,135364028
0,15720177835,135443524
0,15722472205,135388083
0,15724766598,135339572
0,15727060994,135422125
0,15729355380,135494359
0,15731649753,135432564
0,15733944146,135378493
0,15736238538,135456181
0,15738532910,135399158
0,15740827304,135349263
0,15743121697,135430605
0,15745416065,135376779
0,15747710460,135329681
0,15750004855,135413470
0,15752299242,135486786
0,15754593613,135425937
0,15756888007,135372694
0,15759182400,135451107
0,15761476769,135394718
0,15763771164,135345378
0,15766065558,135427205
0,15768359945,135498804
0,15770654316,135436453
0,15772948711,135381896
0,15775243104,135459159
0,15777537475,135401764
0,15779831869,135351543
0,15782126261,135432600
0,15784420630,135378525
0,15786715025,135331209
0,15789009419,135414807
0,15791303807,135487956
0,15793598178,135426961
0,15795892573,135373590
0,15798186964,135451891
0,15800481334,135395404
0,15802775728,135345978
0,15805070122,135427730
0,15807364509,135499263
0,15809658882,135436855
0,15811953277,135382248
0,15814247667,135459467
0,15816542040,135402033
0,15818836434,135351778
0,15821130826,135432805
0,15823425196,135378704
0,15825719589,135331366
0,15828013983,135414945
0,15830308369,135488076
0,15832602743,135427066
0,15834897137,135373682
0,15837191528,135451971
0,15839485898,135395474
0,15841780292,135346039
0,15844074687,135427784
0,15846369074,135374311
0,15848663447,135327522
0,15850957840,135286581
0,15853252232,135375758
0,15855546605,135328788
0,15857840998,135287689
0,15860135391,135376727
0,15862429760,135329636
0,15864724154,135288431
0,15867018548,135377377
0,15869312937,135455204
0,15871607308,135398303
0,15873901702,135348515
0,15876196095,135429950
0,15878490466,135376206
0,15880784858,135329180
0,15883079252,135413032
0,15885373640,135361403
0,15887668012,135316227
0,15889962407,135276698
0,15892256798,135367110
0,15894551170,135321221
0,15896845565,135281068
0,15899139955,135370934
0,15901434327,135324567
0,15903728721,135283996
0,15906023114,135373496
0,15908317502,135451809
0,15910611875,135395332
0,15912906269,135345915
0,15915200660,135427675
0,15917495033,135374215
0,15919789424,135327438
0,15922083819,135411508
0,15924378207,135360069
0,15926672578,135315060
0,15928966973,135275677
0,15931261364,135366217
0,15933555737,135320439
0,15935850131,135280384
0,15938144523,135370336
0,15940438891,135324044
0,15942733288,135283538
0,15945027682,135373095
0,15947322068,135451458
0,15949616440,135395025
0,15951910834,135345646
0,15954205227,135427440
0,15956499600,135374010
0,15958793991,135327258
0,15961088385,135411350
0,15963382773,135359931
0,15965677145,135314939
0,15967971538,135275571
0,15970265932,135366124
0,15972560303,135320358
0,15974854699,135280313
0,15977149090,135370273
0,15979443459,135323988
0,15981737854,135283489
0,15984032247,135373052
0,15986326636,135451420
0,15988621009,135394992
0,15990915402,135345618
0,15993209794,135427415
0,15995504167,135373988
0,15997798558,135327239
0,16000092952,135411334
0,16002387341,135359917
0,16004681716,135314927
0,16006976112,135275561
0,16009270498,135366115
0,16011564870,135320350
0,16013859265,135280306
0,16016153657,135370267
0,16018448027,135323983
0,16020742421,135283485
0,16023036815,135373049
0,16025331203,135451417
0,16027625576,135394989
0,16029919969,135345615
0,16032214362,135427413
0,16034508733,135373986
0,16036803125,135327237
0,16039097521,135411332
0,16041391889,135359915
0,16043686285,135314925
0,16045980679,135275559
0,16048275066,135366114
0,16050569439,135320349
0,16052863832,135280305
0,16055158225,135370266
0,16057452595,135323982
0,16059746989,135283484
0,16062041383,135373048
0,16064335771,135451417
0,16066630143,135394989
0,16068924538,135345615
0,16071218930,135427413
0,16073513301,135373986
0,16075807694,135327237
0,16078102087,135411332
0,16080396459,135359915
0,16082690852,135314925
0,16084985247,135275559
0,16087279635,135366114
0,16089574006,135320349
0,16091868402,135280305
0,16094162793,135370266
0,16096457163,135698982
0,16098751558,135861609
0,16101045951,136128907
0,16103340339,136362793
0,16105634712,136567443
0,16107929106,136621512
0,16110223498,136793823
0,16112517870,136944595
0,16114812264,136951520
0,16117106657,137082580
0,16119401026,137197257
0,16121695421,137172599
0,16123989816,137151024
0,16126284203,137257146
0,16128578576,137350002
0,16130872968,137306251
0,16133167363,137392969
0,16135461731,137468847
0,16137756127,137410241
0,16140050520,137483960
0,16142344908,137548465
0,16144639281,137604906
0,16146933674,137529292
0,16149228068,137588130
0,16151522440,137639613
0,16153816833,137559661
0,16156111226,137614703
0,16158405595,137662865
0,16160699991,137580006
0,16162994384,137507505
0,16165288772,137569066
0,16167583145,137622932
0,16169877539,137545065
0,16172171932,137601931
0,16174466301,137651689
0,16176760695,137570227
0,16179055090,137623948
0,16181349478,137670954
0,16183643850,137712084
0,16185938244,137623073
0,16188232636,137670188
0,16190527009,137711414
0,16192821402,137622487
0,16195115795,137669676
0,16197410165,137710966
0,16199704560,137622095
0,16201998954,137544333
0,16204293341,137601291
0,16206587715,137651129
0,16208882108,137569737
0,16211176501,137623519
0,16213470870,137670579
0,16215765266,137586756
0,16218059660,137638411
0,16220354047,137683609
0,16222648420,137723157
0,16224942814,137632762
0,16227237207,137678666
0,16229531578,137718832
0,16231825973,137628978
0,16234120366,137675355
0,16236414734,137715935
0,16238709130,137626443
0,16241003522,137673137
0,16243297913,137713994
0,16245592284,137749744
0,16247886679,137656026
0,16250181070,137699022
0,16252475441,137736644
0,16254769835,137644563
0,16257064228,137688992
0,16259358618,137727868
0,16261652990,137761884
0,16263947385,137666648
0,16266241776,137708317
0,16268536150,137744777
0,16270830544,137651679
0,16273124935,137695219
0,16275419306,137733316
0,16277713700,137641651
0,16280008095,137686444
0,16282302482,137725638
0,16284596855,137759933
0,16286891250,137664941
0,16289185642,137706823
0,16291480012,137743470
0,16293774405,137650536
0,16296068801,137694219
0,16298363187,137732441
0,16300657561,137765885
0,16302951954,137670149
0,16305246348,137711380
0,16307540719,137747457
0,16309835114,137654024
0,16312129507,137697271
0,16314423875,137735112
0,16316718271,137643223
0,16319012664,137687820
0,16321307054,137726842
0,16323601425,137760986
0,16325895820,137665862
0,16328190212,137707629
0,16330484586,137744175
0,16332778977,137651153
0,16335073372,137694758
0,16337367759,137732913
0,16339662131,137766298
0,16341956526,137670510
0,16344250918,137711696
0,16346545291,137747734
0,16348839685,137654267
0,16351134077,137697483
0,16353428448,137735297
0,16355722843,137643384
0,16358017236,137687961
0,16360311625,137726965
0,16362605997,137761094
0,16364900393,137665957
0,16367194783,137707712
0,16369489157,137744248
0,16371783549,137651217
0,16374077944,137694814
0,16376372331,137732962
0,16378666703,137641341
0,16380961099,137561173
0,16383255489,137616026
0,16385549863,137664022
0,16387844256,137581019
0,16390138650,137633391
0,16392433018,137679217
0,16394727414,137594314
0,16397021809,137645024
0,16399316197,137689396
0,16401610568,137728221
0,16403904964,137637193
0,16406199356,137682543
0,16408493729,137722225
0,16410788120,137631946
0,16413082516,137677952
0,16415376903,137718208
0,16417671275,137628432
0,16419965670,137549878
0,16422260064,137606143
0,16424554435,137655375
0,16426848829,137573453
0,16429143222,137626771
0,16431437591,137673424
0,16433731986,137589246
0,16436026381,137640590
0,16438320770,137685516
0,16440615140,137724826
0,16442909536,137634222
0,16445203927,137679944
0,16447498301,137719951
0,16449792693,137629957
0,16452087088,137676212
0,16454381457,137716685
0,16456675852,137627099
0,16458970246,137548711
0,16461264635,137605122
0,16463559007,137654481
0,16465853402,137572670
0,16468147794,137626086
0,16470442165,137672825
0,16472736558,137588721
0,16475030954,137640130
0,16477325341,137685113
0,16479619715,137724473
0,16481914108,137633913
0,16484208502,137679673
0,16486502873,137719713
0,16488797266,137629748
0,16491091660,137676029
0,16493386031,137716525
0,16495680426,137626959
0,16497974819,137548589
0,16500269208,137605015
0,16502563581,137654388
0,16504857975,137572589
0,16507152368,137626015
0,16509446737,137672763
0,16511741132,137588667
0,16514035526,137640083
0,16516329916,137685072
0,16518624287,137724438
0,16520918682,137633883
0,16523213075,137679647
0,16525507447,137719691
0,16527801839,137629729
0,16530096234,137676012
0,16532390605,137716510
0,16534684998,137626946
0,16536979394,137548577
0,16539273781,137605004
0,16541568154,137654378
0,16543862548,137572580
0,16546156942,137626007
0,16548451311,137672756
0,16550745705,137588661
0,16553040101,137640078
0,16555334489,137685068
0,16557628861,137724434
0,16559923256,137633879
0,16562217648,137679644
0,16564512021,137719688
0,16566806412,137629727
0,16569100809,137676011
0,16571395177,137716509
0,16573689573,137626945
0,16575983967,137548576
0,16578278356,137605004
0,16580572727,137654378
0,16582867123,137572580
0,16585161516,137626007
0,16587455885,137672756
0,16589750280,137588661
0,16592044674,137640078
0,16594339064,137685068
0,16596633435,137724434
0,16598927830,137633879
0,16601222222,137679644
0,16603516595,137719688
0,16605810988,137629727
0,16608105382,137676011
0,16610399752,137716509
0,16612694148,137626945
0,16614988542,137548576
0,16617282930,137605004
0,16619577303,137654378
0,16621871698,137572580
0,16624166090,137626007
0,16626460460,137672756
0,16628754855,137588661
0,16631049249,137640078
0,16633343637,137685068
0,16635638010,137724434
0,16637932405,137633879
0,16640226797,137679644
0,16642521170,137719688
0,16644815564,137629727
0,16647109957,137676011
0,16649404328,137716509
0,16651698722,137626945
0,16653993117,137548576
0,16656287504,137605004
0,16658581878,137654378
0,16660876272,137572580
0,16663170665,137626007
0,16665465035,137672756
0,16667759430,137588661
0,16670053824,137640078
0,16672348213,137685068
0,16674642585,137974434
0,16676936979,138227629
0,16679231373,138449175
0,16681525744,138643028
0,16683820140,138812649
0,16686114532,138961067
0,16688408903,139090933
0,16690703297,139204566
0,16692997692,139178995
0,16695292081,139281620
0,16697586452,139371417
0,16699880849,139449989
0,16702175240,139518740
0,16704469611,139578897
0,16706764005,139631534
0,16709058400,139677592
0,16711352788,139717893
0,16713647161,139753156
0,16715941556,139784011
0,16718235947,139811009
0,16720530321,139834632
0,16722824715,139855303
0,16725119108,139873390
0,16727413477,139889216
0,16729707872,139903064
0,16732002267,139915181
0,16734296655,139925783
0,16736591028,139935060
0,16738885422,139943177
0,16741179816,139950279
0,16743474185,139956494
0,16745768580,139961932
0,16748062975,139966690
0,16750357363,139970853
0,16752651736,139974496
0,16754946131,139977684
0,16757240523,139980473
0,16759534895,139982913
0,16761829292,139985048
0,16764123683,139986917
0,16766418054,139988552
0,16768712449,139989983
0,16771006844,139991235
0,16773301231,139992330
0,16775595605,139993288
0,16777890000,139994127
0,16780184391,139994861
0,16782478765,139995503
0,16784773156,139996065
0,16787067552,139996556
0,16789361938,139996986
0,16791656313,139997362
0,16793950708,139997691
0,16796245100,139997979
0,16798539472,139998231
0,16800833866,139998452
0,16803128261,139998645
0,16805422629,139998814
0,16807717025,139998962
0,16810011420,139999091
0,16812305808,139999204
0,16814600181,139999303
0,16816894576,139999390
0,16819188969,139999466
0,16821483341,139999532
0,16823777734,139999590
0,16826072128,139999641
0,16828366516,139999685
0,16830660890,139999724
0,16832955284,139999758
0,16835249677,139999788
0,16837544050,139999814
0,16839838445,139999837
0,16842132836,139999857
0,16844427208,139999874
0,16846721602,139999889
0,16849015997,139999902
0,16851310386,139999914
0,16853604758,139999924
0,16855899153,139999933
0,16858193545,139999941
0,16860487919,139999948
0,16862782311,139999954
0,16865076706,139999959
0,16867371093,139999964
0,16869665467,139999968
0,16871959862,139874972
0,16874254254,139890600
0,16876548627,139904275
0,16878843021,139916240
0,16881137414,139926710
0,16883431785,139935871
0,16885726180,139943887
0,16888020574,139950901
0,16890314964,139957038
0,16892609335,139962408
0,16894903730,139967107
0,16897198124,139971218
0,16899492496,139974815
0,16901786889,139977963
0,16904081283,139980717
0,16906375654,139983127
0,16908670049,139985236
0,16910964440,139862081
0,16913258833,139879320
0,16915553205,139894405
0,16917847600,139907604
0,16920141992,139919153
0,16922436364,139929258
0,16924730758,139938100
0,16927025153,139945837
0,16929319541,139952607
0,16931613914,139958531
0,16933908309,139963714
0,16936202701,139968249
0,16938497075,139972217
0,16940791467,139975689
0,16943085862,139978727
0,16945380232,139981386
0,16947674628,139983712
0,16949969023,139860748
0,16952263410,139878154
0,16954557783,139893384
0,16956852178,139906711
0,16959146571,139918372
0,16961440941,139928575
0,16963735336,139937503
0,16966029731,139945315
0,16968324120,139952150
0,16970618492,139958131
0,16972912888,139963364
0,16975207281,139967943
0,16977501652,139971950
0,16979796047,139975456
0,16982090440,139978524
0,16984384811,139981208
0,16986679207,139983557
0,16988973601,139860612
0,16991267989,139878035
0,16993562362,139893280
0,16995856757,139906620
0,16998151150,139918292
0,17000445521,139928505
0,17002739915,139937441
0,17005034311,139945260
0,17007328699,139952102
0,17009623071,139958089
0,17011917468,139963327
0,17014211859,139967911
0,17016506233,139971922
0,17018800625,139975431
0,17021095020,139978502
0,17023389390,139981189
0,17025683786,139983540
0,17027978180,139860597
0,17030272569,139878022
0,17032566941,139893269
0,17034861335,139906610
0,17037155730,139918283
0,17039450099,139928497
0,17041744495,139937434
0,17044038890,139945254
0,17046333278,139952097
0,17048627651,139958084
0,17050922046,139963323
0,17053216439,139967907
0,17055510812,139971918
0,17057805205,139975428
0,17060099599,139978499
0,17062393971,139981186
0,17064688365,139983537
0,17066982760,139860594
0,17069277149,139878019
0,17071571522,139893266
0,17073865917,139906607
0,17076160309,139918281
0,17078454681,139928495
0,17080749076,139937433
0,17083043470,139945253
0,17085337858,139952096
0,17087632231,139958084
0,17089926627,139963323
0,17092221019,139967907
0,17094515392,139971918
0,17096809784,139975428
0,17099104180,139978499
0,17101398550,139981186
0,17103692946,139983537
0,17105987340,139860594
0,17108281729,139878019
0,17110576102,139893266
0,17112870496,139906607
0,17115164891,139918281
0,17117459260,139928495
0,17119753656,139937433
0,17122048050,139945253
0,17124342439,139952096
0,17126636812,139958084
0,17128931207,139963323
0,17131225599,139967907
0,17133519972,139971918
0,17135814368,139975428
0,17138108760,139978499
0,17140403131,139981186
0,17142697526,139983537
0,17144991921,139860594
0,17147286310,139878019
0,17149580683,139893266
0,17151875079,139906607
0,17154169470,139918281
0,17156463842,139928495
0,17158758236,139937433
0,17161052631,139945253
0,17163347019,139952096
0,17165641393,139958084
0,17167935788,139963323
0,17170230181,139967907
0,17172524553,139971918
0,17174818949,139975428
0,17177113342,139978499
0,17179407712,139981186
0,17181702108,139983537
0,17183996502,139860594
0,17186290891,139878019
0,17188585264,139893266
0,17190879659,139906607
0,17193174053,139918281
0,17195468422,139928495
0,17197762819,139937433
0,17200057212,139945253
0,17202351601,139952096
0,17204645974,139958084
0,17206940368,139963323
0,17209234762,139967907
0,17211529135,139971918
0,17213823531,139975428
0,17216117923,139978499
0,17218412294,139981186
0,17220706689,139983537
0,17223001084,139985594
0,17225295471,139987394
0,17227589846,139988969
0,17229884241,139990347
0,17232178634,139991553
0,17234473006,139992608
0,17236767400,139993532
0,17239061795,139994340
0,17241356182,139995047
0,17243650557,139995666
0,17245944951,139996207
0,17248239345,139996681
0,17250533717,139997095
0,17252828112,140247458
0,17255122506,140591525
0,17257416875,140767584
0,17259711272,140921636
0,17262005665,141181431
0,17264300055,141283752
0,17266594428,141373283
0,17268888823,141451622
0,17271183216,141645169
0,17273477588,141689522
0,17275771981,141728331
0,17278066377,141887289
0,17280360766,141901377
0,17282655139,141913704
0,17284949534,141924491
0,17287243925,142058929
0,17289538299,142051562
0,17291832695,142045116
0,17294127088,142164476
0,17296421459,142143916
0,17298715853,142125926
0,17301010249,142235185
0,17303304636,142205786
0,17305599011,142180062
0,17307893405,142157554
0,17310187799,142262859
0,17312482171,142230001
0,17314776563,142201250
0,17317070960,142301093
0,17319365330,142263456
0,17321659722,142230524
0,17323954115,142201708
0,17326248509,142301494
0,17328542883,142263807
0,17330837277,142230831
0,17333131671,142326977
0,17335426041,142286104
0,17337720437,142250341
0,17340014831,142344048
0,17342309220,142301042
0,17344603594,142263411
0,17346897989,142230484
0,17349192381,142326673
0,17351486754,142285838
0,17353781147,142250108
0,17356075543,142343844
0,17358369914,142300863
0,17360664308,142263255
0,17362958700,142230348
0,17365253093,142201554
0,17367547466,142176359
0,17369841860,142154314
0,17372136254,142260024
0,17374430624,142227521
0,17376725019,142199080
0,17379019415,142299195
0,17381313803,142261795
0,17383608177,142229070
0,17385902570,142200436
0,17388196965,142300381
0,17390491338,142262833
0,17392785732,142229978
0,17395080126,142326230
0,17397374497,142285451
0,17399668892,142249769
0,17401963287,142218547
0,17404257677,142191228
0,17406552049,142167324
0,17408846445,142146408
0,17411140837,142253107
0,17413435209,142221468
0,17415729603,142193784
0,17418023998,142294561
0,17420318389,142257740
0,17422612760,142225522
0,17424907156,142197331
0,17427201548,142297664
0,17429495923,142260456
0,17431790316,142227899
0,17434084710,142324411
0,17436379081,142283859
0,17438673476,142248376
0,17440967873,142217329
0,17443262260,142190162
0,17445556634,142166391
0,17447851028,142145592
0,17450145422,142252393
0,17452439792,142220843
0,17454734187,142193237
0,17457028583,142294082
0,17459322972,142257321
0,17461617346,142225155
0,17463911741,142197010
0,17466206134,142297383
0,17468500507,142260210
0,17470794900,142227683
0,17473089295,142324222
0,17475383666,142283694
0,17477678061,142248232
0,17479972456,142217203
0,17482266846,142190052
0,17484561218,142166295
0,17486855613,142145508
0,17489150006,142252319
0,17491444378,142220779
0,17493738774,142193181
0,17496033168,142294033
0,17498327556,142257278
0,17500621930,142225118
0,17502916326,142196978
0,17505210719,142297355
0,17507505092,142260185
0,17509799484,142227661
0,17512093880,142324203
0,17514388251,142283677
0,17516682647,142248217
0,17518977041,142217189
0,17521271430,142190040
0,17523565803,142166285
0,17525860199,142145499
0,17528154593,142252311
0,17530448962,142220772
0,17532743358,142193175
0,17535037753,142294028
0,17537332143,142257274
0,17539626515,142225114
0,17541920910,142196974
0,17544215303,142297352
0,17546509677,142260183
0,17548804070,142227660
0,17551098466,142324202
0,17553392837,142283676
0,17555687232,142248216
0,17557981627,142217189
0,17560276015,142190040
0,17562570389,142166285
0,17564864784,142145499
0,17567159177,142252311
0,17569453549,142220772
0,17571747944,142193175
0,17574042340,142294028
0,17576336728,142257274
0,17578631101,142225114
0,17580925497,142196974
0,17583219890,142297352
0,17585514264,142260183
0,17587808656,142227660
0,17590103052,142324202
0,17592397422,142283676
0,17594691818,142248216
0,17596986213,142217189
0,17599280602,142190040
0,17601574975,142166285
0,17603869370,142145499
0,17606163763,142252311
0,17608458135,142220772
0,17610752530,142193175
0,17613046925,142294028
0,17615341314,142257274
0,17617635687,142225114
0,17619930083,142196974
0,17622224476,142297352
0,17624518849,142260183
0,17626813245,142227660
0,17629107636,142324202
0,17631402008,142283676
0,17633696403,142248216
0,17635990799,142217189
0,17638285187,142190040
0,17640579560,142166285
0,17642873956,142145499
0,17645168349,142252311
0,17647462723,142220772
0,17649757116,142193175
0,17652051513,142294028
0,17654345899,142257274
0,17656640274,142225114
0,17658934668,142196974
0,17661229062,142297352
0,17663523436,142260183
0,17665817830,142227660
0,17668112224,142324202
0,17670406594,142283676
0,17672700990,142248216
0,17674995385,142217189
0,17677289776,142190040
0,17679584147,142166285
0,17681878543,142145499
0,17684172935,142252311
0,17686467310,142220772
0,17688761703,142193175
0,17691056099,142294028
0,17693350488,142257274
0,17695644860,142225114
0,17697939256,142196974
0,17700233648,142297352
0,17702528023,142260183
0,17704822417,142227660
0,17707116812,142324202
0,17709411181,142283676
0,17711705578,142248216
0,17713999973,142217189
0,17716294362,142190040
0,17718588735,142166285
0,17720883131,142145499
0,17723177525,142252311
0,17725471897,142220772
0,17727766290,142193175
0,17730060686,142294028
0,17732355075,142257274
0,17734649449,142225114
0,17736943844,142196974
0,17739238238,142297352
0,17741532609,142260183
0,17743827005,142227660
0,17746121398,142324202
0,17748415770,142283676
0,17750710166,142248216
0,17753004561,142342189
0,17755298951,142299415
0,17757593322,142261988
0,17759887719,142229239
0,17762182111,142325584
0,17764476486,142284886
0,17766770878,142249275
0,17769065275,142343115
0,17771359645,142300225
0,17773654036,142262696
0,17775948431,142229859
0,17778242825,142326126
0,17780537198,142285360
0,17782831594,142249690
0,17785125988,142343478
0,17787420359,142300543
0,17789714754,142262975
0,17792009149,142355103
0,17794303538,142310715
0,17796597911,142271875
0,17798892307,142237890
0,17801186700,142333153
0,17803481074,142291508
0,17805775467,142255069
0,17808069863,142348185
0,17810364233,142304661
0,17812658629,142266578
0,17814953020,142233255
0,17817247413,142329098
0,17819541787,142287960
0,17821836184,142251965
0,17824130576,142345469
0,17826424948,142302285
0,17828719342,142264499
0,17831013739,142606436
0,17833308126,142905631
0,17835602501,143042427
0,17837896896,143162123
0,17840191290,143391857
0,17842485663,143592874
0,17844780057,143643764
0,17847074453,143813293
0,17849368822,143961631
0,17851663219,143966427
0,17853957609,143970623
0,17856252003,144099295
0,17858546377,144211883
0,17860840772,144185397
0,17863135166,144287222
0,17865429537,144376319
0,17867723932,144329279
0,17870018328,144413119
0,17872312716,144486479
0,17874607089,144425669
0,17876901486,144372460
0,17879195878,144450902
0,17881490253,144519539
0,17883784646,144454596
0,17886079041,144522771
0,17888373413,144582424
0,17890667808,144509621
0,17892962205,144445918
0,17895256591,144515178
0,17897550966,144450780
0,17899845361,144394432
0,17902139755,144470128
0,17904434126,144536362
0,17906728522,144469316
0,17909022917,144535651
0,17911317307,144593694
0,17913611679,144519482
0,17915906075,144454546
0,17918200468,144522727
0,17920494841,144582386
0,17922789236,144509587
0,17925083630,144570888
0,17927378003,144624527
0,17929672398,144546461
0,17931966793,144478153
0,17934261183,144543383
0,17936555556,144475460
0,17938849952,144416027
0,17941144343,144489023
0,17943438716,144552895
0,17945733111,144483783
0,17948027507,144548310
0,17950321895,144604771
0,17952616270,144529174
0,17954910667,144463027
0,17957205059,144530148
0,17959499433,144588879
0,17961793825,144515269
0,17964088223,144575860
0,17966382591,144628877
0,17968676989,144550267
0,17970971382,144481483
0,17973265773,144546297
0,17975560146,144478009
0,17977854542,144418257
0,17980148936,144490974
0,17982443307,144554602
0,17984737702,144485276
0,17987032098,144549616
0,17989326488,144605914
0,17991620862,144530174
0,17993915256,144463902
0,17996209650,144530914
0,17998504022,144589549
0,18000798417,144515855
0,18003092811,144576373
0,18005387184,144629326
0,18007681578,144550660
0,18009975975,144481827
0,18010417914,144296598
0,18012712312,144009523
0,18015006715,143883332
0,18017301105,143772915
0,18019595502,143676300
0,18021889904,143466762
0,18024184307,143408416
0,18026478693,143357364
0,18028773089,143187693
0,18031067492,143164231
0,18033361882,143143702
0,18035656278,143125739
0,18037950681,142985021
0,18040245072,142986893
0,18042539469,142988531
0,18044833870,142864964
0,18047128274,142881843
0,18049422660,142896612
0,18051717057,142784535
0,18054011461,142811468
0,18056305850,142835034
0,18058600248,142855654
0,18060894649,142748697
0,18063189053,142780109
0,18065483438,142807595
0,18067777834,142706645
0,18070072239,142743314
0,18072366628,142775399
0,18074661025,142803474
0,18076955429,142703039
0,18079249818,142740159
0,18081544215,142772639
0,18083838618,142676059
0,18086133020,142716551
0,18088427406,142751982
0,18090721803,142657984
0,18093016207,142700736
0,18095310597,142738144
0,18097604994,142770876
0,18099899396,142674516
0,18102193799,142715201
0,18104488185,142750800
0,18106782582,142656950
0,18109076985,142699831
0,18111371375,142737352
0,18113665773,142770183
0,18115960176,142673910
0,18118254566,142714671
0,18120548963,142750337
0,18122843364,142656544
0,18125137769,142699476
0,18127432153,142737041
0,18129726550,142644910
0,18132020954,142689296
0,18134315343,142728134
0,18136609740,142762117
0,18138904143,142666852
0,18141217738,142958495
0,18143492920,143463683
0,18145787313,143280722
0,18148081710,143245631
0,18150376095,143214927
0,18152670488,143188061
0,18154964885,143289553
0,18157259270,143503358
0,18159553663,143565438
0,18161848060,143619758
0,18164142456,143792288
0,18166436838,143943252
0,18168731231,143950345
0,18171025627,144081551
0,18173320013,144196357
0,18175614406,144171812
0,18177908803,144150335
0,18180203199,144256543
0,18182497581,144349475
0,18184791974,144305790
0,18187086369,144392566
0,18189380756,144468495
0,18191675149,144409933
0,18193969545,144358691
0,18196263931,144438854
0,18198558324,144383997
0,18200852720,144335997
0,18203147117,144418997
0,18205441499,144491622
0,18207735891,144430169
0,18210030288,144501397
0,18212324674,144563722
0,18214619066,144493256
0,18216913463,144431599
0,18219207861,144502649
0,18221502242,144564817
0,18223796634,144494214
0,18226091031,144557437
0,18228385417,144612757
0,18230679809,144536162
0,18232974206,144469141
0,18235268592,144535498
0,18237562984,144468560
0,18239857381,144409990
0,18242151779,144483741
0,18244446159,144548273
0,18246740552,144479738
0,18249034949,144544770
0,18251329335,144601673
0,18253623727,144526463
0,18255918124,144460655
0,18258212522,144528073
0,18260506902,144587063
0,18262801299,144513680
0,18265095692,144574470
0,18267390078,144627661
0,18269684470,144549203
0,18271978867,144480552
0,18274273253,144545483
0,18276567645,144477297
0,18278862042,144417634
0,18281156440,144490429
0,18283450821,144554125
0,18285745213,144609859
0,18288039610,144783626
0,18290333996,144810672
0,18292628388,144709338
0,18294922785,144620670
0,18297217183,144668086
0,18299511564,144709575
0,18301805960,144620878
0,18304100353,144668268
0,18306394740,144709734
0,18308689133,144621017
0,18310983528,144543389
0,18313277915,144600465
0,18315572308,144525406
0,18317866705,144459730
0,18320161101,144527263
0,18322455483,144586355
0,18324749876,144513060
0,18327044273,144573927
0,18329338658,144627186
0,18331633051,144548787
0,18333927448,144480188
0,18336221845,144545164
0,18338516226,144602018
0,18340810623,144526765
0,18343105020,144585919
0,18345399401,144637679
0,18347693794,144557969
0,18349988192,144488222
0,18352282576,144552194
0,18354576969,144483169
0,18356871367,144422772
0,18359165764,144494925
0,18361460144,144558059
0,18363754537,144488301
0,18366048935,144552263
0,18368343321,144608230
0,18370637713,144532201
0,18372932110,144465675
0,18375226508,144532465
0,18377520889,144590906
0,18379815286,144517042
0,18382109683,144577411
0,18384404065,144630234
0,18386698457,144551454
0,18388992854,144482522
0,18391287240,144547206
0,18393581633,144478805
0,18395876030,144418954
0,18398170427,144491584
0,18400464808,144555136
0,18402759201,144485744
0,18405053598,144550026
0,18407347983,144606272
0,18409642376,144530488
0,18411936774,144464177
0,18414231170,144531154
0,18416525551,144589759
0,18418819949,144516039
0,18421114346,144576534
0,18423408728,144629467
0,18425703120,144550783
0,18427997518,144481935
0,18430291903,144546693
0,18432586296,144478356
0,18434880693,144418561
0,18437175091,144491240
0,18439469472,144554835
0,18441763865,144485480
0,18444058261,144549795
0,18446352647,144606070
0,18448647040,144530311
0,18450941437,144714022
0,18453235834,144999769
0,18455530215,145249797
0,18457824613,145468572
0,18460119010,145660000
0,18462413392,145827500
0,18464707784,145974062
0,18467002182,146102304
0,18469296567,146214516
0,18471590960,146312701
0,18473885357,146273613
0,18476179755,146364411
0,18478474136,146443859
0,18480768529,146513376
0,18483062925,146574204
0,18485357311,146627428
0,18487651704,146673999
0,18489946102,146589749
0,18492240487,146641030
0,18494534880,146685901
0,18496829277,146725163
0,18499123674,146759517
0,18501418056,146789577
0,18503712449,146815879
0,18506006846,146838894
0,18508301232,146859032
0,18510595625,146876653
0,18512890021,146767071
0,18515184419,146796187
0,18517478800,146821663
0,18519773193,146843955
0,18522067590,146863460
0,18524361976,146880527
0,18526656368,146895461
0,18528950766,146783528
0,18531245152,146810587
0,18533539545,146834263
0,18535833942,146854980
0,18538128340,146873107
0,18540422721,146888968
0,18542717114,146902847
0,18545011510,146914991
0,18547305896,146925617
0,18549600289,146934914
0,18551894687,146818049
0,18554189083,146840792
0,18556483465,146860693
0,18558777856,146878106
0,18561072254,146893342
0,18563366640,146906674
0,18565661033,146918339
0,18567955430,146803546
0,18570249816,146828102
0,18572544209,146849589
0,18574838607,146868390
0,18577133004,146884841
0,18579427384,146899235
0,18581721777,146911830
0,18584016175,146922851
0,18586310561,146932494
0,18588604954,146940932
0,18590899351,146823315
0,18593193749,146845400
0,18595488130,146864725
0,18597782523,146881634
0,18600076921,146896429
0,18602371305,146909375
0,18604665698,146920703
0,18606960096,146805615
0,18609254482,146829913
0,18611548875,146851173
0,18613843272,146744776
0,18616137670,146776679
0,18618432051,146804594
0,18620726444,146829019
0,18623020842,146850391
0,18625315227,146869092
0,18627609619,146885455
0,18629904017,146774773
0,18632198414,146802926
0,18634492796,146827560
0,18636787189,146849115
0,18639081586,146867975
0,18641375972,146884478
0,18643670365,146898918
0,18645964763,146786553
0,18648259148,146813233
0,18650553541,146836578
0,18652847938,146732005
0,18655142336,146765504
0,18657436718,146794816
0,18659731111,146820464
0,18662025508,146842906
0,18664319893,146862542
0,18666614286,146879724
0,18668908684,146769758
0,18671203081,146798538
0,18673497462,146823720
0,18675791855,146845755
0,18678086252,146865035
0,18680380639,146881905
0,18682675032,146896666
0,18684969430,146784582
0,18687263815,146811509
0,18689558208,146835070
0,18691852605,146730686
0,18694147003,146764350
0,18696441384,146793806
0,18698735777,146819580
0,18701030175,146842132
0,18703324561,146861865
0,18705618954,146879131
0,18707913351,146769239
0,18710207749,146798084
0,18712502129,146823323
0,18714796522,146845407
0,18717090919,146864731
0,18719385306,146881639
0,18721679699,146896434
0,18723974097,146784379
0,18726268482,146811331
0,18728562875,146834914
0,18730857272,146730549
0,18733151670,146764230
0,18735446051,146793701
0,18737740444,146819488
0,18740034842,146842052
0,18742329228,146861795
0,18744623621,146879070
0,18746918018,146769186
0,18749212416,146798037
0,18751506797,146823282
0,18753801195,146845371
0,18756095588,146864699
0,18758389974,146881611
0,18760684367,146896409
0,18762978764,146784357
0,18765273150,146811312
0,18767567543,146834898
0,18769861941,146730535
0,18772156338,146764218
0,18774450720,146793690
0,18776745112,146819478
0,18779039509,146842043
0,18781333896,146861787
0,18783628289,146879063
0,18785922687,146769180
0,18788217084,146798032
0,18790511465,146823278
0,18792805862,146845368
0,18795100255,146864697
0,18797394642,146881609
0,18799689035,146896407
0,18801983433,146784356
0,18804277818,146811311
0,18806572211,146834897
0,18808866608,146730534
0,18811161006,146764217
0,18813455388,146793689
0,18815749781,146819477
0,18818044179,146842042
0,18820338564,146861786
0,18822632957,146879062
0,18824927354,146769179
0,18827221752,146798031
0,18829516134,146823277
0,18831810532,146845367
0,18834104929,146864696
0,18836399310,146881609
0,18838693703,146896407
0,18840988102,146784356
0,18843282488,146811311
0,18845576881,146834897
0,18847871278,146730534
0,18850165676,146764217
0,18852460057,146793689
0,18854754450,146819477
0,18857048848,146842042
0,18859343234,146861786
0,18861637627,146879062
0,18863932024,146769179
0,18866226422,146798031
0,18868520803,146823277
0,18870815201,146845367
0,18873109598,146864696
0,18875403980,146881609
0,18877698373,146896407
0,18879992770,146784356
0,18882287157,146811311
0,18884581550,146834897
0,18886875947,146730534
0,18889170345,146764217
0,18891464727,146793689
0,18893759120,146819477
0,18896053518,146842042
0,18898347903,146861786
0,18900642296,146879062
0,18902936693,146769179
0,18905231091,146798031
0,18907525473,146823277
0,18909819871,146845367
0,18912114268,146864696
0,18914408649,146881609
0,18916703042,146896407
0,18918997441,146784356
0,18921291827,146811311
0,18923586220,146834897
0,18925880617,146730534
0,18928175015,146764217
0,18930469396,146793689
0,18932763789,146819477
0,18935058187,146842042
0,18937352573,146861786
0,18939646966,146879062
0,18941941364,146769179
0,18944235750,146798031
0,18946530143,146823277
0,18948824540,146845367
0,18951118938,146864696
0,18953413320,146881609
0,18955707713,146896407
0,18958002111,146909356
0,18960296496,146920686
0,18962590890,146930600
0,18964885288,146814275
0,18967179686,146837490
0,18969474067,146857803
0,18971768460,146875577
0,18974062857,146891129
0,18976357244,146904737
0,18978651637,146916644
0,18980946035,146802063
0,18983240420,146826805
0,18985534813,146848454
0,18987829212,146867397
0,18990123609,146883972
0,18992417991,146898475
0,18994712384,146911165
0,18997006781,146922269
0,18999301167,146931985
0,19001595561,146940486
0,19003889958,146822925
0,19006184356,146845059
0,19008478738,146864426
0,19010773131,146881372
0,19013067529,146896200
0,19015361915,146909175
0,19017656308,146920528
0,19019950706,146805462
0,19022245092,146829779
0,19024539485,146851056
0,19026833882,146869674
0,19029128280,146885964
0,19031422662,146900218
0,19033717056,146912690
0,19036011453,146923603
0,19038305839,146933152
0,19040600232,146941508
0,19042894631,146823819
0,19045189028,146845841
0,19047483409,146865110
0,19049777802,146881971
0,19052072200,146896724
0,19054366587,146909633
0,19056660980,146920928
0,19058955377,146805812
0,19061249763,146830085
0,19063544157,146851324
0,19065838554,146869908
0,19068132952,146886169
0,19070427334,146900397
0,19072721727,146912847
0,19075016125,146923741
0,19077310511,146933273
0,19079604904,146941613
0,19081899303,146823911
0,19084193700,146845922
0,19236770793,137615181
0,19239065191,129663283
0,19241359578,122705372
0,19243653971,116492200
0,19245948369,111055675
0,19248242756,106423715
0,19250537149,102245750
0,19252831547,98590031
0,19255125945,95516277
0,19257420327,92701742
0,19259714720,90239024
0,19262009118,88209146
0,19264303504,86433002
0,19266597897,84753876
0,19268892296,83284641
0,19271186694,82124060
0,19273481075,80983552
0,19275775468,79985608
0,19278069866,79237407
0,19280364253,78582731
0,19282658646,77884889
0,19284953044,77274277
0,19287247431,76864992
0,19289541824,76381868
0,19291836221,75959134
0,19294130620,75714242
0,19296425002,75374961
0,19298719395,75078090
0,19301013793,74943328
0,19303308179,74825412
0,19305602572,74597235
0,19307896971,74397580
0,19310191369,74347882
0,19312485750,74179396
0,19314780143,74031971
0,19317074541,74027974
0,19319368928,74024477
0,19321663321,73896417
0,19323957719,73784364
0,19326252106,73811318
0,19328546499,73709903
0,19330840897,73621165
0,19333135295,73668519
0,19335429677,73584954
0,19337724070,73511834
0,19340018468,73572854
0,19342312855,73626247
0,19344607248,73547966
0,19346901646,73479470
0,19349196044,73544536
0,19351490425,73476469
0,19353784819,73416910
0,19356079217,73489796
0,19358373603,73553571
0,19360667996,73484374
0,19362962394,73423827
0,19365256781,73495848
0,19367551174,73433867
0,19369845572,73379633
0,19372139970,73457178
0,19374434352,73400030
0,19376728745,73350026
0,19379023144,73431272
0,19381317530,73502363
0,19383611923,73439567
0,19385906322,73384621
0,19388200719,73461543
0,19390495101,73403850
0,19392789495,73353368
0,19395083893,73434197
0,19397378279,73504922
0,19399672674,73441806
0,19401967071,73386580
0,19404261457,73463257
0,19406555852,73405349
0,19408850249,73354680
0,19411144647,73435345
0,19413439029,73380926
0,19415733422,73333310
0,19418027820,73416646
0,19420322207,73489565
0,19422616600,73428369
0,19424910998,73374822
0,19427205397,73452969
0,19429499778,73396347
0,19431794176,73346803
0,19434088569,73428452
0,19436382956,73499895
0,19438677349,73437408
0,19440971747,73382732
0,19443266134,73459890
0,19445560527,73402403
0,19447854925,73352102
0,19450149323,73433089
0,19452443705,73378952
0,19454738099,73331583
0,19457032497,73415135
0,19459326883,73488243
0,19461621278,73427212
0,19463915675,73373810
0,19466210073,73452083
0,19468504456,73395572
0,19470798853,73346125
0,19473093247,73427859
0,19475387634,73499376
0,19477682027,73436954
0,19479976425,73382334
0,19482270812,73459542
0,19484565205,73402099
0,19486859603,73351836
0,19489154001,73432856
0,19491448383,73378749
0,19493742776,73331405
0,19496037175,73414979
0,19498331561,73488106
0,19500625954,73427092
0,19502920353,73373705
0,19505214750,73451991
0,19507509134,73395492
0,19509803531,73346055
0,19512097925,73427798
0,19514392311,73499323
0,19516686705,73436907
0,19518981103,73382293
0,19521275489,73459506
0,19523569883,73402067
0,19525864281,73351808
0,19528158679,73432832
0,19530453060,73378728
0,19532747454,73331387
0,19535041853,73414963
0,19537336238,73738092
0,19539630634,74020830
0,19541925031,74143226
0,19544219429,74375322
0,19546513811,74578406
0,19548808209,74631105
0,19551102608,74802216
0,19553396989,74951939
0,19555691383,75082946
0,19557985781,75072577
0,19560280167,75188504
0,19562574560,75289941
0,19564868959,75253698
0,19567163357,75346985
0,19569457738,75428611
0,19571752134,75375034
0,19574046531,75453154
0,19576340918,75521509
0,19578635312,75581320
0,19580929710,75508655
0,19583224108,75570073
0,19585518489,75623813
0,19587812888,75545836
0,19590107286,75602606
0,19592401667,75652280
0,19594696061,75695745
0,19596990460,75608776
0,19599284845,75657679
0,19601579241,75700469
0,19603873638,75612910
0,19606168037,75661296
0,19608462419,75703634
0,19610756812,75615679
0,19613051210,75663719
0,19615345597,75705754
0,19617639990,75742534
0,19619934388,75649717
0,19622228775,75693502
0,19624523168,75731814
0,19626817567,75640337
0,19629111964,75685294
0,19631406348,75724632
0,19633700741,75759053
0,19635995139,75664171
0,19638289526,75706149
0,19640583919,75742880
0,19642878317,75650020
0,19645172715,75693767
0,19647467097,75732046
0,19649761492,75640540
0,19652055889,75685472
0,19654350277,75724788
0,19656644670,75759189
0,19658939068,75664290
0,19661233455,75706253
0,19663527848,75742971
0,19665822246,75650099
0,19668116644,75693836
0,19670411026,75732106
0,19672705421,75765592
0,19674999818,75669893
0,19677294206,75711156
0,19679588599,75747261
0,19681882997,75653853
0,19684177395,75697121
0,19686471777,75734980
0,19688766170,75643107
0,19691060569,75687718
0,19693354955,75726753
0,19695649350,75760908
0,19697943749,75665794
0,19700238135,75707569
0,19702532528,75744122
0,19704826927,75651106
0,19707121325,75694717
0,19709415706,75732877
0,19711710101,75766267
0,19714004499,75795483
0,19716298886,75821047
0,19718593280,75843416
0,19720887678,75737989
0,19723182076,75770740
0,19725476458,75799397
0,19727770851,75699472
0,19730065250,75737038
0,19732359636,75769908
0,19734654031,75798669
0,19736948429,75698835
0,19739242816,75736480
0,19741537209,75769420
0,19743831607,75673242
0,19746126005,75714086
0,19748420387,75749825
0,19750714782,75781096
0,19753009179,75808459
0,19755303567,75832401
0,19757597960,75853350
0,19759892358,75746681
0,19762186757,75778345
0,19764481138,75806051
0,19766775533,75705294
0,19769069931,75742132
0,19771364318,75774365
0,19773658712,75802569
0,19775953110,75702247
0,19778247497,75739466
0,19780541890,75772032
0,19782836288,75675528
0,19785130686,75716087
0,19787425070,75751576
0,19789719463,75657629
0,19792013861,75700425
0,19794308248,75737871
0,19796602641,75770637
0,19798897039,75674307
0,19801191437,75715018
0,19803485820,75750640
0,19805780214,75656810
0,19808074613,75699708
0,19810368999,75737244
0,19812663392,75770088
0,19814957791,75673827
0,19817252177,75714598
0,19819546573,75750273
0,19821840971,75656488
0,19824135369,75699427
0,19826429751,75736998
0,19828724144,75644873
0,19831018542,75689263
0,19833312929,75728105
0,19835607324,75762091
0,19837901722,75666829
0,19840196120,75708475
0,19842490502,75744915
0,19844784895,75651800
0,19847079295,75695325
0,19849373681,75733409
0,19851668075,76016732
0,19853962474,76264640
0,19856256860,76481560
0,19858551254,76671365
0,19860845652,76837444
0,19863140050,76982763
0,19865434434,77109917
0,19867728827,77221177
0,19870023225,77318529
0,19872317612,77403712
0,19874612005,77478248
0,19876906404,77543467
0,19879200802,77600533
0,19881495185,77650466
0,19883789578,77694157
0,19886083977,77732387
0,19888378363,77765838
0,19890672758,77795108
0,19892967157,77820719
0,19895261544,77843129
0,19897555937,77862737
0,19899850335,77879894
0,19902144733,77894907
0,19904439116,77908043
0,19906733510,77919537
0,19909027908,77929594
0,19911322295,77938394
0,19913616687,77946094
0,19915911086,77952832
0,19918205484,77958728
0,19920499868,77963887
0,19922794266,77968401
0,19925088659,77972350
0,19927383046,77975806
0,19929677440,77978830
0,19931971838,77981476
0,19934266226,77983791
0,19936560619,77985817
0,19938855017,77987589
0,19941149415,77989140
0,19943443798,77990497
0,19945738192,77991684
0,19948032591,77992723
0,19950326977,77993632
0,19952621371,77994428
0,19954915769,77995124
0,19957210168,77995733
0,19959504551,77996266
0,19961798949,77996732
0,19964093342,77997140
0,19966387729,77997497
0,19968682123,77997809
0,19970976523,77998082
0,19973270909,77998321
0,19975565303,77998530
0,19977859701,77998713
0,19980154099,77998873
0,19982448482,77999013
0,19984742876,77999136
0,19987037274,77999244
0,19989331661,77999338
0,19991626055,77999420
0,19993920453,77999492
0,19996214853,77999555
0,19998509234,77999610
0,20000803633,77999658
0,20003098026,77999700
0,20005392414,77999737
0,20007686808,77999769
0,20009981206,77999797
0,20012275593,77999822
0,20014569987,77999844
0,20016864385,77999863
0,20019158785,77999880
0,20021453166,77999895
0,20023747560,77999908
0,20026041958,77999919
0,20028336346,77999929
0,20030630740,77999937
0,20032925138,77999944
0,20035219536,77999951
0,20037513919,77999957
0,20039808318,77999962
0,20042102717,77999966
0,20044397098,77999970
0,20046691492,77999973
0,20048985890,77999976
0,20051280278,77999979
0,20053574672,77999981
0,20055869070,77999983
0,20058163468,77999985
0,20060457851,77999986
0,20062752245,77999987
0,20065046644,77999988
0,20067341030,77999989
0,20069635425,77999990
0,20071929824,77999991
0,20074224211,77999992
0,20076518604,77999993
0,20170588729,78249993
0,20172883128,78468743
0,20175177526,78785150
0,20177471908,78937006
0,20179766302,79069880
0,20182060702,79311145
0,20184355089,79397251
0,20186649482,79472594
0,20188943881,79538519
0,20191238268,79721204
0,20193532662,79756053
0,20195827060,79786546
0,20198121460,79938227
0,20200415843,79945948
0,20202710236,79952704
0,20205004634,80083616
0,20207299022,80198164
0,20209593416,80173393
0,20211887814,80151718
0,20214182213,80257753
0,20216476596,80225533
0,20218770990,80197341
0,20221065388,80297673
0,20223359775,80260463
0,20225654169,80227905
0,20227948568,80199416
0,20230242955,80299489
0,20232537350,80262052
0,20234831749,80229295
0,20237126147,80325633
0,20239420529,80284928
0,20241714923,80249312
0,20244009322,80343148
0,20246303709,80425254
0,20248598103,80372097
0,20250892502,80325584
0,20253186900,80409886
0,20255481283,80358650
0,20257775677,80313818
0,20260070077,80399590
0,20262364463,80349641
0,20264658857,80305935
0,20266953255,80267693
0,20269247643,80359231
0,20271542037,80314327
0,20273836435,80275036
0,20276130835,80365656
0,20278425217,80319949
0,20280719611,80279955
0,20283014009,80369960
0,20285308397,80323715
0,20287602791,80283250
0,20289897189,80247843
0,20292191589,80341862
0,20294485971,80299129
0,20296780365,80261737
0,20299074763,80354019
0,20301369151,80309766
0,20303663545,80271045
0,20305957944,80237164
0,20308252331,80332518
0,20310546725,80290953
0,20312841124,80254583
0,20315135522,80347760
0,20317429905,80304290
0,20319724299,80266253
0,20322018698,80357971
0,20324313086,80313224
0,20326607479,80274071
0,20328901878,80239812
0,20331196276,80334835
0,20333490659,80292980
0,20335785054,80256357
0,20338079452,80349312
0,20340373840,80305648
0,20342668234,80267442
0,20344962632,80234011
0,20347257019,80329759
0,20349551414,80288539
0,20351845813,80252471
0,20354140211,80345912
0,20356434594,80302673
0,20358728988,80264838
0,20361023387,80356733
0,20363317774,80312141
0,20365612168,80273123
0,20367906567,80238982
0,20370200965,80334109
0,20372495348,80292345
0,20374789748,80255801
0,20377084141,80348825
0,20379378529,80305221
0,20381672923,80267068
0,20383967321,80233684
0,20386261709,80329473
0,20388556102,80288288
0,20390850502,80252252
0,20393144900,80345720
0,20395439283,80302505
0,20397733677,80264691
0,20400028076,80356604
0,20402322463,80312028
0,20404616858,80273024
0,20406911256,80238896
0,20409205655,80334034
0,20411500038,80292279
0,20413794437,80255744
0,20416088831,80348776
0,20418383218,80305179
0,20420677612,80267031
0,20422972010,80233652
0,20425266398,80329445
0,20427560793,80288264
0,20429855191,80252231
0,20432149590,80345702
0,20434443973,80302489
0,20436738367,80264677
0,20439032766,80356592
0,20441327154,80312018
0,20443621548,80273015
0,20445915946,80238888
0,20448210345,80334027
0,20450504727,80292273
0,20452799127,80255738
0,20455093521,80348770
0,20457387908,80305173
0,20459682302,80267026
0,20461976702,80233647
0,20464271089,80329441
0,20466565483,80288260
0,20468859882,80252227
0,20471154280,80345698
0,20473448663,80302485
0,20475743058,80264674
0,20478037456,80356589
0,20480331844,80312015
0,20482626238,80273013
0,20484920636,80238886
0,20487215036,80334025
0,20489509418,80292271
0,20491803817,80255737
0,20494098211,80348769
0,20496392598,80305172
0,20498686993,80267025
0,20500981392,80233646
0,20503275779,80329440
0,20505570173,80663260
0,20507864572,80830352
0,20510158971,81101558
0,20512453354,81338863
0,20514747748,81421505
0,20517042147,81618816
0,20519336534,81791464
0,20521630929,81817531
0,20523925328,81840339
0,20526219715,81985296
0,20528514109,82112134
0,20530808509,82098117
0,20533102907,82210852
0,20535397290,82309495
0,20537691684,82270808
0,20539986082,82236957
0,20542280470,82332337
0,20544574865,82415794
0,20546869263,82363819
0,20549163662,82443341
0,20551458045,82512923
0,20553752440,82448807
0,20556046839,82517706
0,20558341226,82577992
0,20560635620,82505743
0,20562930020,82442525
0,20565224406,82512209
0,20567518801,82573182
0,20569813200,82501534
0,20572107598,82563842
0,20574401981,82618361
0,20576696376,82541065
0,20578990774,82473431
0,20581285162,82539252
0,20583579556,82596845
0,20585873955,82522239
0,20588168354,82581959
0,20590462737,82634214
0,20592757131,82554937
0,20595051531,82610569
0,20597345918,82659247
0,20599640312,82576841
0,20601934711,82504735
0,20604229099,82566643
0,20606523493,82620812
0,20608817892,82543210
0,20611112291,82600308
0,20613406673,82650269
0,20615701068,82568985
0,20617995467,82497861
0,20620289854,82560628
0,20622584249,82615549
0,20624878647,82538605
0,20627173047,82596279
0,20629467430,82646744
0,20631761823,82565901
0,20634056222,82620163
0,20636350610,82667642
0,20638645005,82584186
0,20640939403,82511162
0,20643233791,82572266
0,20645528185,82625732
0,20647822584,82547515
0,20650116983,82604075
0,20652411366,82653565
0,20654705760,82571869
0,20657000160,82625385
0,20659294548,82672211
0,20661588941,82713184
0,20663883340,82624036
0,20666177740,82671031
0,20668472122,82712152
0,20670766517,82623133
0,20673060915,82670241
0,20675355303,82711460
0,20677649698,82622527
0,20679944097,82544711
0,20682238484,82601622
0,20684532878,82651419
0,20686827278,82569991
0,20689121676,82623742
0,20691416059,82670774
0,20693710454,82586927
0,20696004853,82638561
0,20698299240,82683740
0,20700593635,82723272
0,20702888034,82632863
0,20705182433,82678755
0,20707476816,82718910
0,20709771210,82629046
0,20712065609,82675415
0,20714359997,82715988
0,20716654391,82626489
0,20718948790,82548177
0,20721243177,82604654
0,20723537573,82654072
0,20725831971,82572313
0,20728126370,82625773
0,20730420753,82672551
0,20732715147,82588482
0,20735009546,82639921
0,20737303934,82684930
0,20739598328,82599313
0,20741892728,82524398
0,20744187126,82583848
0,20746481510,82635867
0,20748775903,82556383
0,20751070303,82611835
0,20753364691,82660355
0,20755659085,82577810
0,20757953484,82505583
0,20760247872,82567385
0,20762542266,82621461
0,20764836665,82543778
0,20767131064,82600805
0,20769425448,82650704
0,20771719841,82569366
0,20774014240,82623195
0,20776308628,82670295
0,20778603023,82586508
0,20780897422,82513194
0,20783191820,82574044
0,20785486205,82627288
0,20787780598,82548877
0,20790074997,82605267
0,20792369385,82654608
0,20794663780,82572782
0,20796958179,82501184
0,20799252566,82563536
0,20801546961,82618094
0,20803841360,82540832
0,20806135759,82598228
0,20808430142,82648449
0,20810724537,82567392
0,20813018935,82621468
0,20815313323,82668784
0,20817607717,82585186
0,20819902117,82512037
0,20822196515,82573032
0,20824490899,82626403
0,20826785297,82548102
0,20829079692,82604589
0,20831374080,82654015
0,20833668474,82572263
0,20835962874,82500730
0,20838257261,82563138
0,20840551656,82617745
0,20842846055,82540526
0,20845140455,82847960
0,20847434837,83116965
0,20849729232,83352344
0,20852023631,83558301
0,20854318019,83738513
0,20856612413,83896198
0,20858906812,83909173
0,20861201212,84045526
0,20863495594,84164835
0,20865789993,84269230
0,20868084388,84360576
0,20870378776,84440504
0,20872673170,84510441
0,20874967569,84446635
0,20877261957,84515805
0,20879556351,84576329
0,20881850750,84629287
0,20884145150,84675626
0,20886439534,84716172
0,20888733927,84751650
0,20891028326,84782693
0,20893322714,84809856
0,20895617109,84833624
0,20897911508,84729421
0,20900205907,84763243
0,20902500291,84792837
0,20904794689,84818732
0,20907089083,84841390
0,20909383471,84861216
0,20911677867,84878564
0,20913972265,84768743
0,20916266653,84797650
0,20918561048,84822943
0,20920855447,84845075
0,20923149846,84864440
0,20925444228,84881385
0,20927738624,84896211
0,20930033022,84909184
0,20932327411,84920536
0,20934621805,84930469
0,20936916204,84814160
0,20939210603,84837390
0,20941504987,84857716
0,20943799386,84875501
0,20946093780,84891063
0,20948388168,84904680
0,20950682562,84916595
0,20952976962,84802020
0,20955271349,84826767
0,20957565745,84848421
0,20959860143,84867368
0,20962154543,84883947
0,20964448926,84898453
0,20966743321,84911146
0,20969037719,84922252
0,20971332107,84931970
0,20973626502,84940473
0,20975920901,84822913
0,20978215289,84845048
0,20980509684,84864417
0,20982804083,84881364
0,20985098477,84896193
0,20987392866,84909168
0,20989687259,84920522
0,20991981659,84805456
0,20994276046,84829774
0,20996570442,84851052
0,20998864840,84869670
0,21001159241,84885961
0,21003453623,84900215
0,21005748018,84912688
0,21008042417,84923602
0,21010336806,84933151
0,21012631199,84941507
0,21014925598,84823818
0,21017219987,84845840
0,21019514381,84865110
0,21021808780,84881971
0,21024103179,84896724
0,21026397563,84909633
0,21028691957,84920928
0,21030986357,84805812
0,21033280744,84830085
0,21035575139,84851324
0,21037869539,84869908
0,21040163938,84886169
0,21042458320,84900397
0,21044752715,84912847
0,21047047115,84923741
0,21049341503,84933273
0,21051635896,84941613
0,21053930297,84823911
0,21056224684,84845922
0,21058519079,84865181
0,21060813478,84882033
0,21063107878,84896778
0,21065402260,84909680
0,21067696656,84920970
0,21069991054,84805848
0,21072285443,84830117
0,21074579837,84851352
0,21076874237,84869933
0,21079168635,84886191
0,21081463020,84900417
0,21083757413,84912864
0,21086051813,84923756
0,21088346201,84933286
0,21090640596,84941625
0,21092934994,84823921
0,21095229383,84845930
0,21097523777,84865188
0,21099818177,84882039
0,21102112576,84896784
0,21104406960,84909686
0,21106701353,84920975
0,21108995754,84805853
0,21111290141,84830121
0,21113584536,84851355
0,21115878935,84869935
0,21118173335,84886193
0,21120467717,84900418
0,21122762113,84912865
0,21125056512,84923756
0,21127350900,84933286
0,21129645294,84941625
0,21131939694,84823921
0,21134234081,84845930
0,21136528477,84865188
0,21138822876,84882039
0,21141117275,84896784
0,21143411658,84909686
0,21145706053,84920975
0,21148000452,84930853
0,21150294841,84939496
0,21152589236,84947059
0,21154883634,84953676
0,21157178035,84959466
0,21159472417,84964532
0,21161766812,84968965
0,21164061211,84972844
0,21166355600,84976238
0,21168649993,84979208
0,21170944394,84856807
0,21173238781,84874706
0,21175533176,84890367
0,21177827575,84904071
0,21180121975,84916062
0,21182416357,84926554
0,21184710753,84935734
0,21187005152,84943767
0,21189299540,84950796
0,21191593934,84956946
0,21193888334,84962327
0,21196182733,84967036
0,21198477117,85221156
0,21200771512,85443511
0,21203065911,85763072
0,21205360300,85917688
0,21207654693,86052977
0,21209949094,86171354
0,21212243481,86274934
0,21214537876,86365567
0,21216832275,86444871
0,21219126675,86639262
0,21221421057,86684354
0,21223715453,86723809
0,21226009852,86883332
0,21228304240,86897915
0,21230598636,86910675
0,21232893034,86921840
0,21235187435,86931610
0,21237481817,86940158
0,21239776212,86947638
0,21242070611,87079183
0,21244365000,87069285
0,21246659393,87060624
0,21248953794,87053046
0,21251248181,87046415
0,21253542576,87040613
0,21255836976,87035536
0,21258131375,87156094
0,21260425760,87136582
0,21262720153,87119509
0,21265014552,87229570
0,21267308940,87200873
0,21269603335,87175763
0,21271897733,87153792
0,21274192134,87134568
0,21276486518,87117747
0,21278780917,87103028
0,21281075312,87215149
0,21283369699,87188255
0,21285664095,87164723
0,21287958493,87144132
0,21290252882,87126115
0,21292547276,87110350
0,21294841676,87096556
0,21297136075,87209486
0,21299430459,87183300
0,21301724854,87160387
0,21304019253,87265338
0,21306313642,87232170
0,21308608035,87203148
0,21310902436,87177754
0,21313196834,87155534
0,21315491218,87136092
0,21317785618,87119080
0,21320080012,87229195
0,21322374402,87200545
0,21324668795,87175476
0,21326963195,87153541
0,21329257583,87134348
0,21331551978,87117554
0,21333846378,87102859
0,21336140777,87215001
0,21338435161,87188125
0,21340729555,87164609
0,21343023955,87269032
0,21345318342,87235403
0,21347612738,87205977
0,21349907137,87180229
0,21352201537,87157700
0,21354495921,87137987
0,21356790319,87120738
0,21359084715,87230645
0,21361379102,87201814
0,21363673498,87176587
0,21365967898,87154513
0,21368262285,87135198
0,21370556681,87118298
0,21372851079,87103510
0,21375145480,87215571
0,21377439863,87188624
0,21379734257,87165046
0,21382028658,87269415
0,21384323045,87235738
0,21386617440,87206270
0,21388911839,87180486
0,21391206239,87157925
0,21393500624,87138184
0,21395795022,87120911
0,21398089418,87230797
0,21400383805,87201947
0,21402678200,87176703
0,21404972600,87154615
0,21407266988,87135288
0,21409561383,87118377
0,21411855782,87103579
0,21414150182,87215631
0,21416444566,87188677
0,21418738960,87165092
0,21421033360,87269455
0,21423327748,87235773
0,21425622143,87206301
0,21427916542,87180513
0,21430210931,87157948
0,21432505326,87138204
0,21434799725,87120928
0,21437094120,87230812
0,21439388508,87201960
0,21441682903,87176715
0,21443977303,87154625
0,21446271691,87135296
0,21448566086,87118384
0,21450860485,87103586
0,21453154885,87215637
0,21455449269,87188682
0,21457743663,87165096
0,21460038063,87269459
0,21462332451,87235776
0,21464626846,87206304
0,21466921247,87180516
0,21469215634,87157951
0,21471510029,87138207
0,21473804428,87120931
0,21476098828,87230814
0,21478393212,87201962
0,21480687606,87176716
0,21482982006,87154626
0,21485276395,87135297
0,21487570789,87118384
0,21489865190,87103586
0,21492159588,87215637
0,21494453972,87188682
0,21496748368,87165096
0,21499042766,87269459
0,21501337156,87235776
0,21503631550,87206304
0,21505925950,87180516
0,21508220339,87157951
0,21510514732,87138207
0,21512809133,87120931
0,21515103532,87230814
0,21517397916,87201962
0,21519692311,87176716
0,21521986710,87154626
0,21524281099,87135297
0,21526575494,87118384
0,21528869893,87103586
0,21531164293,87215637
0,21533458677,87188682
0,21535753071,87165096
0,21538047472,87269459
0,21540341859,87235776
0,21542636254,87206304
0,21544930655,87180516
0,21547225042,87157951
0,21549519438,87138207
0,21551813838,87120931
0,21554108237,87230814
0,21556402621,87576962
0,21558697015,87754841
0,21560991415,87910485
0,21563285804,88171674
0,21565580198,88275214
0,21567874598,88365812
0,21570168998,88570085
0,21572463381,88748824
0,21574757776,88780221
0,21577052177,88932693
0,21579346564,89066106
0,21581640960,89057842
0,21583935358,89050611
0,21586229747,89169284
0,21588524143,89148123
0,21590818541,89129607
0,21593112942,89238406
0,21595407326,89333605
0,21597701720,89291904
0,21599996120,89255416
0,21602290508,89348489
0,21604584903,89304927
0,21606879303,89266811
0,21609173703,89358459
0,21611468086,89438651
0,21613762482,89383819
0,21616056881,89460841
0,21618351270,89528235
0,21620645665,89462205
0,21622940064,89404429
0,21625234453,89478875
0,21627528848,89419015
0,21629823247,89366638
0,21632117647,89445808
0,21634412032,89515082
0,21636706425,89450696
0,21639000826,89519359
0,21641295214,89579439
0,21643589609,89507009
0,21645884009,89443632
0,21648178409,89513178
0,21650472792,89574030
0,21652767187,89502276
0,21655061588,89564491
0,21657355975,89618929
0,21659650371,89541562
0,21661944770,89473866
0,21664239158,89539632
0,21666533554,89472178
0,21668827954,89413155
0,21671122353,89486510
0,21673416737,89550696
0,21675711132,89481859
0,21678005531,89546626
0,21680299921,89603297
0,21682594315,89527884
0,21684888715,89461898
0,21687183115,89529160
0,21689477499,89588015
0,21691771893,89514513
0,21694066294,89575198
0,21696360682,89628298
0,21698655076,89549760
0,21700949477,89481040
0,21703243865,89545910
0,21705538260,89477671
0,21707832660,89417962
0,21710127060,89490716
0,21712421443,89554376
0,21714715839,89485079
0,21717010239,89549444
0,21719304627,89605763
0,21721599022,89530042
0,21723893423,89463786
0,21726187821,89530812
0,21728482205,89464460
0,21730776601,89406402
0,21733071000,89480601
0,21735365389,89545525
0,21737659784,89477334
0,21739954183,89417667
0,21742248572,89490458
0,21744542968,89429150
0,21746837367,89375506
0,21749131767,89453567
0,21751426151,89521871
0,21753720546,89456637
0,21756014945,89524557
0,21758309335,89583987
0,21760603729,89510988
0,21762898129,89447114
0,21765192529,89516224
0,21767486912,89451696
0,21769781312,89395234
0,21772075708,89470829
0,21774370097,89536975
0,21776664491,89469853
0,21778958891,89411121
0,21781253280,89484730
0,21783547675,89424138
0,21785842074,89371120
0,21788136475,89449730
0,21790430858,89518513
0,21792725253,89453698
0,21795019653,89521985
0,21797314042,89581736
0,21799608437,89509019
0,21801902837,89445391
0,21804197237,89514717
0,21806491621,89450377
0,21808786020,89394079
0,21811080416,89469819
0,21813374804,89536091
0,21815669199,89469079
0,21817963599,89410444
0,21820257987,89484138
0,21822552383,89423620
0,21824846783,89370667
0,21827141183,89449333
0,21829435566,89518166
0,21831729961,89453395
0,21834024362,89521720
0,21836318750,89581505
0,21838613145,89508816
0,21840907545,89445214
0,21843201934,89514562
0,21845496329,89450241
0,21847790728,89393960
0,21850085124,89469715
0,21852379512,89536000
0,21854673908,89469000
0,21856968307,89410375
0,21859262697,89484078
0,21861557091,89423568
0,21863851491,89370622
0,21866145891,89449294
0,21868440275,89518132
0,21870734670,89453365
0,21873029070,89521694
0,21875323459,89581482
0,21877617854,89508796
0,21879912253,89445196
0,21882206643,89514546
0,21884501037,89450227
0,21886795438,89393948
0,21889089832,89469704
0,21891384222,89535991
0,21893678616,89468992
0,21895973016,89410368
0,21898267405,89484072
0,21900561801,89423563
0,21902856200,89370617
0,21905150600,89449289
0,21907444984,89518127
0,21909739379,89453361
0,21912033779,89521690
0,21914328168,89581478
0,21916622563,89508793
0,21918916963,89445193
0,21921211351,89514543
0,21923505747,89450225
0,21925800147,89393946
0,21928094542,89469702
0,21930388930,89785989
0,21932683326,90062740
0,21934977727,90179897
0,21937272115,90407409
0,21939566510,90606482
0,21941860910,90655671
0,21944155310,90823712
0,21946449694,90970748
0,21948744089,91099404
0,21951038489,91211978
0,21953332878,91310480
0,21955627273,91396670
0,21957921673,91347086
0,21960216062,91428700
0,21962510457,91500112
0,21964804856,91437598
0,21967099257,91507898
0,21969393641,91569410
0,21971688036,91623233
0,21973982436,91545328
0,21976276825,91602162
0,21978571220,91651891
0,21980865620,91570404
0,21983160020,91624103
0,21985454404,91671090
0,21987748799,91712203
0,21990043199,91748177
0,21992337588,91779654
0,21994631983,91807197
0,21996926384,91706297
0,21999220772,91743009
0,22001515168,91775132
0,22003809567,91678240
0,22006103968,91718460
0,22008398351,91753652
0,22010692747,91784445
0,22012987146,91686389
0,22015281536,91725590
0,22017575930,91759891
0,22019870331,91664904
0,22022164730,91706791
0,22024459115,91743442
0,22026753509,91775511
0,22029047910,91803572
0,22031342298,91828125
0,22033636694,91849609
0,22035931095,91743407
0,22038225483,91775481
0,22040519879,91803545
0,22042814278,91703101
0,22045108679,91740213
0,22047403062,91772686
0,22049697458,91801100
0,22051991857,91700962
0,22054286247,91738341
0,22056580641,91771048
0,22058875042,91674667
0,22061169442,91715333
0,22063463826,91750916
0,22065758221,91782051
0,22068052621,91809294
0,22070347010,91833132
0,22072641405,91853990
0,22074935806,91747241
0,22077230194,91778835
0,22079524590,91806480
0,22081818989,91705670
0,22084113390,91742461
0,22086407773,91774653
0,22088702169,91802821
0,22090996570,91702468
0,22093290958,91739659
0,22095585354,91772201
0,22097879753,91675675
0,22100174154,91716215
0,22102468537,91751688
0,22104762933,91782727
0,22107057333,91809886
0,22109351722,91833650
0,22111646117,91854443
0,22113940517,91747637
0,22116234906,91779182
0,22118529301,91806784
0,22120823702,91705936
0,22123118102,91742694
0,22125412486,91774857
0,22127706881,91802999
0,22130001281,91827624
0,22132295670,91849171
0,22134590066,91868024
0,22136884466,91759521
0,22139178866,91789580
0,22141473250,91815882
0,22143767645,91838896
0,22146062045,91859034
0,22148356434,91876654
0,22150650830,91892072
0,22152945229,91780563
0,22155239619,91807992
0,22157534013,91831993
0,22159828414,91727993
0,22162122814,91761993
0,22164417198,91791743
0,22166711594,91817775
0,22169005993,91840553
0,22171300383,91860483
0,22173594778,91877922
0,22175889178,91768181
0,22178183579,91797158
0,22180477962,91822513
0,22182772358,91844698
0,22185066758,91864110
0,22187361147,91881096
0,22189655542,91895959
0,22191949943,91783964
0,22194244331,91810968
0,22196538727,91834597
0,22198833127,91730272
0,22201127527,91763988
0,22203421912,91793489
0,22205716306,91819302
0,22208010707,91841889
0,22210305095,91861652
0,22212599491,91878945
0,22214893892,91769076
0,22217188291,91797941
0,22219482676,91823198
0,22221777076,91720298
0,22224071471,91755260
0,22226365860,91785852
0,22228660256,91812620
0,22230954656,91711042
0,22233249045,91747161
0,22235543440,91778765
0,22237837840,91681419
0,22240132241,91721241
0,22242426625,91756085
0,22244721020,91786574
0,22247015421,91813252
0,22249309809,91836595
0,22251604205,91857020
0,22253898606,91749892
0,22256193005,91781155
0,22258487390,91808510
0,22260781789,91707446
0,22263076185,91744015
0,22265370574,91776013
0,22267664970,91804011
0,22269959370,91703509
0,22272253759,91740570
0,22274548154,91772998
0,22276842554,91676373
0,22279136955,91716826
0,22281431339,91752222
0,22283725734,91783194
0,22286020135,91810294
0,22288314523,91834007
0,22290608919,91854756
0,22292903319,91747911
0,22295197709,91779422
0,22297492104,91806994
0,22299786504,91706119
0,22302080900,91742854
0,22304375288,92024997
0,22306669684,92271872
0,22308964085,92487888
0,22311258473,92676902
0,22313552869,92842289
0,22315847269,92987002
0,22318141669,93113626
0,22320436053,93224422
0,22322730449,93321369
0,22325024849,93531197
0,22327319238,93589797
0,22329613634,93641072
0,22331908034,93685938
0,22334202423,93725195
0,22336496819,93759545
0,22338791219,93789601
0,22341085614,93815900
0,22343380003,93838912
0,22345674399,93859048
0,22347968799,93876667
0,22350263188,93892083
0,22352557584,93905572
0,22354851985,93917375
0,22357146384,93927703
0,22359440769,93936740
0,22361735163,93944647
0,22364029564,94076566
0,22366323953,94066995
0,22368618349,94058620
0,22370912750,94051292
0,22373207138,94044880
0,22375501534,94039270
0,22377795934,94034361
0,22380090329,94030065
0,22382384719,94026306
0,22384679114,94023017
0,22386973515,94020139
0,22389267904,94017621
0,22391562299,94015418
0,22393856700,94013490
0,22396151100,94011803
0,22398445484,94010327
0,22400739880,94009036
0,22403034280,94132906
0,22405328670,94116292
0,22407623065,94101755
0,22409917465,94089035
0,22412211854,94077905
0,22414506249,94068166
0,22416800650,94059645
0,22419095046,94052189
0,22421389435,94045665
0,22423683831,94039956
0,22425978230,94034961
0,22428272620,94030590
0,22430567015,94026766
0,22432861415,94023420
0,22435155816,94020492
0,22437450201,94017930
0,22439744596,94015688
0,22442038996,94138727
0,22444333385,94121386
0,22446627781,94106212
0,22448922181,94092935
0,22451216570,94081318
0,22453510966,94071153
0,22455805367,94062258
0,22458099767,94054475
0,22460394152,94047665
0,22462688546,94041706
0,22464982947,94036492
0,22467277336,94031930
0,22469571731,94027938
0,22471866132,94024445
0,22474160533,94021389
0,22476454917,94018715
0,22478749313,94016375
0,22481043713,94139328
0,22483338102,94121912
0,22485632498,94106673
0,22487926897,94093338
0,22490221287,94081670
0,22492515683,94071461
0,22494810083,94062528
0,22497104484,94054712
0,22499398868,94047873
0,22501693264,94041888
0,22503987664,94036652
0,22506282053,94032070
0,22508576448,94028061
0,22510870849,94024553
0,22513165249,94021483
0,22515459634,94018797
0,22517754030,94016447
0,22520048430,94139391
0,22522342820,94121967
0,22524637216,94106721
0,22526931615,94093380
0,22529226005,94081707
0,22531520399,94071493
0,22533814800,94062556
0,22536109201,94054736
0,22538403585,94047894
0,22540697981,94041907
0,22542992382,94036668
0,22545286771,94032084
0,22547581167,94028073
0,22549875567,94024563
0,22552169967,94021492
0,22554464352,94018805
0,22556758747,94016454
0,22559053147,94139397
0,22561347537,94121972
0,22563641932,94106725
0,22565936333,94093384
0,22568230723,94081711
0,22570525118,94071497
0,22572819519,94062559
0,22575113920,94054739
0,22577408303,94047896
0,22579702699,94041909
0,22581997099,94036670
0,22584291488,94032086
0,22586585884,94028075
0,22588880285,94024565
0,22591174685,94021494
0,22593469070,94018807
0,22595763466,94016456
0,22598057866,94139399
0,22600352256,94121974
0,22602646652,94106727
0,22604941050,94093386
0,22607235440,94081712
0,22609529835,94071498
0,22611824235,94062560
0,22614118636,94054740
0,22616413020,94047897
0,22618707416,94041909
0,22621001817,94161670
0,22623296206,94141461
0,22625590602,94123778
0,22627885003,94108305
0,22630179404,94094766
0,22632473788,94082920
0,22634768184,94072555
0,22637062584,94188485
0,22639356973,94164924
0,22641651368,94144308
0,22643945769,94126269
0,22646240158,94110485
0,22648534554,94096674
0,22650828955,94084589
0,22653123355,94074015
0,22655417740,94064763
0,22657712135,94056667
0,22660006536,94174583
0,22662300926,94152760
0,22664595321,94133665
0,22666889722,94116956
0,22669184123,94102336
0,22671478507,94089544
0,22673772907,94078351
0,22676067303,94193557
0,22678361691,94169362
0,22680656087,94148191
0,22682950488,94129667
0,22685244877,94113458
0,22687539273,94099275
0,22689833674,94086865
0,22692128075,94076006
0,22694422459,94066505
0,22696716855,94058191
0,22699011256,94175917
0,22701305645,94528927
0,22703600041,94712811
0,22705894442,94873709
0,22708188842,95139495
0,22710483227,95247058
0,22712777628,95341175
0,22715072023,95548528
0,22717366413,95604962
0,22719660808,95654341
0,22721955208,95697548
0,22724249597,95860354
0,22726543993,95877809
0,22728838394,95893082
0,22731132794,96031446
0,22733427179,96027515
0,22735721575,96024075
0,22738015975,96146065
0,22740310365,96252806
0,22742604761,96221205
0,22744899161,96193554
0,22747193551,96294359
0,22749487947,96257564
0,22751782347,96225368
0,22754076743,96322197
0,22756371133,96281922
0,22758665528,96246681
0,22760959929,96215845
0,22763254319,96313864
0,22765548714,96274631
0,22767843115,96240302
0,22770137516,96335264
0,22772431901,96293356
0,22774726296,96256686
0,22777020697,96349600
0,22779315087,96430900
0,22781609481,96377037
0,22783903882,96329907
0,22786198271,96413668
0,22788492666,96361959
0,22790787067,96316714
0,22793081463,96402124
0,22795375853,96351858
0,22797670248,96307875
0,22799964649,96269390
0,22802259039,96360716
0,22804553434,96315626
0,22806847835,96276172
0,22809142236,96366650
0,22811436620,96320818
0,22813731016,96280715
0,22816025417,96370625
0,22818319807,96449296
0,22820614202,96393134
0,22822908603,96343992
0,22825202993,96425993
0,22827497388,96372743
0,22829791789,96326150
0,22832086185,96410381
0,22834380574,96359083
0,22836674970,96314197
0,22838969371,96274922
0,22841263761,96365556
0,22843558156,96319861
0,22845852557,96279878
0,22848146958,96369893
0,22850441342,96323656
0,22852735738,96283199
0,22855030139,96372799
0,22857324529,96451199
0,22859618924,96394799
0,22861913325,96345449
0,22864207715,96427267
0,22866502110,96373858
0,22868796511,96327125
0,22871090907,96411234
0,22873385297,96359829
0,22875679692,96314850
0,22877974093,96275493
0,22880268483,96366056
0,22882562878,96320299
0,22884857279,96280261
0,22887151680,96370228
0,22889446065,96323949
0,22891740460,96283455
0,22894034861,96373023
0,22896329251,96451395
0,22898623647,96394970
0,22900918047,96345598
0,22903212437,96427398
0,22905506833,96373973
0,22907801233,96327226
0,22910095629,96411322
0,22912390019,96359906
0,22914684415,96314917
0,22916978815,96275552
0,22919273205,96366108
0,22921567601,96320344
0,22923862002,96280301
0,22926156402,96370263
0,22928450787,96323980
0,22930745183,96283482
0,22933039583,96373046
0,22935333973,96451415
0,22937628369,96394988
0,22939922770,96345614
0,22942217159,96427412
0,22944511555,96373985
0,22946805956,96327236
0,22949100357,96411331
0,22951394741,96359914
0,22953689137,96314924
0,22955983538,96275558
0,22958277927,96366113
0,22960572323,96320348
0,22962866724,96280304
0,22965161125,96370266
0,22967455509,96323982
0,22969749905,96283484
0,22972044306,96373048
0,22974338696,96451417
0,22976633091,96394989
0,22978927492,96345615
0,22981221882,96427413
0,22983516279,96373986
0,22985810679,96327237
0,22988105081,96411332
0,22990399466,96359915
0,22992693862,96314925
0,22994988262,96275559
0,22997282652,96366114
0,22999577048,96320349
0,23001871449,96280305
0,23004165849,96370266
0,23006460234,96323982
0,23008754630,96283484
0,23011049031,96373048
0,23013343420,96451417
0,23015637816,96394989
0,23017932217,96345615
0,23020226606,96427413
0,23022521002,96373986
0,23024815403,96327237
0,23027109804,96411332
0,23029404188,96359915
0,23031698584,96314925
0,23033992985,96275559
0,23036287375,96366114
0,23038581771,96320349
0,23040876171,96280305
0,23043170572,96370266
0,23045464958,96323982
0,23047759354,96283484
0,23050053755,96373048
0,23052348145,96451417
0,23054642541,96394989
0,23056936942,96345615
0,23059231331,96427413
0,23061525727,96373986
0,23063820128,96327237
0,23066114529,96411332
0,23068408913,96359915
0,23070703309,96314925
0,23072997710,96275559
0,23075292100,96366114
0,23077586495,96320349
0,23079880896,96280305
0,23082175297,96370266
0,23084469682,96323982
0,23086764077,96283484
0,23089058479,96373048
0,23091352869,96451417
0,23093647266,96394989
0,23095941667,96345615
0,23098236056,96427413
0,23100530452,96748986
0,23102824853,96905362
0,23105119254,97167191
0,23107413638,97396292
0,23109708034,97471755
0,23112002435,97662785
0,23114296825,97829936
0,23116591220,97976194
0,23118885621,97979169
0,23121180022,98106772
0,23123474407,98218425
0,23125768803,98191121
0,23128063204,98292230
0,23130357594,98380701
0,23132651991,98458113
0,23134946392,98400848
0,23137240781,98475742
0,23139535177,98541274
0,23141829578,98473614
0,23144123979,98539412
0,23146418363,98596985
0,23148712759,98522361
0,23151007160,98582065
0,23153301550,98634306
0,23155595946,98680017
0,23157890347,98595014
0,23160184748,98645637
0,23162479134,98689932
0,23164773535,98603690
0,23167067931,98653228
0,23169362320,98696574
0,23171656716,98734502
0,23173951117,98642689
0,23176245507,98687352
0,23178539902,98726433
0,23180834303,98635628
0,23183128704,98681174
0,23185423090,98721027
0,23187717486,98630898
0,23190011886,98677035
0,23192306277,98717405
0,23194600673,98752729
0,23196895074,98658637
0,23199189463,98701307
0,23201483859,98738643
0,23203778260,98646312
0,23206072656,98690523
0,23208367046,98729207
0,23210661441,98638056
0,23212955843,98558299
0,23215250233,98613511
0,23217544630,98661822
0,23219839031,98579094
0,23222133431,98631707
0,23224427816,98677743
0,23226722212,98593025
0,23229016613,98643896
0,23231311003,98688409
0,23233605398,98727357
0,23235899800,98636437
0,23238194190,98681882
0,23240488587,98721646
0,23242782988,98631440
0,23245077383,98677510
0,23247371773,98717821
0,23249666169,98628093
0,23251960570,98549581
0,23254254959,98605883
0,23256549355,98655147
0,23258843757,98573253
0,23261138158,98626596
0,23263432544,98673271
0,23265726940,98589112
0,23268021340,98640473
0,23270315730,98685413
0,23272610126,98724736
0,23274904527,98634144
0,23277198917,98679876
0,23279493312,98719891
0,23281787714,98629904
0,23284082110,98676166
0,23286376501,98716645
0,23288670897,98627064
0,23290965297,98548681
0,23293259687,98605095
0,23295554083,98654458
0,23297848484,98572650
0,23300142886,98626068
0,23302437270,98672809
0,23304731666,98588707
0,23307026068,98640118
0,23309320458,98685103
0,23311614854,98724465
0,23313909255,98633906
0,23316203644,98679667
0,23318498040,98719708
0,23320792442,98629744
0,23323086838,98676026
0,23325381229,98716522
0,23327675624,98626956
0,23329970025,98548586
0,23332264415,98605012
0,23334558811,98654385
0,23336853212,98572586
0,23339147614,98626012
0,23341441998,98672760
0,23343736395,98588665
0,23346030796,98640081
0,23348325186,98685070
0,23350619582,98724436
0,23352913982,98633881
0,23355208372,98679645
0,23357502769,98719689
0,23359797170,98629727
0,23362091567,98676011
0,23364385956,98716509
0,23366680352,98626945
0,23368974753,98548576
0,23371269143,98605004
0,23373563540,98654378
0,23375857941,98572580
0,23378152343,98626007
0,23380446727,98672756
0,23382741123,98588661
0,23385035524,98640078
0,23387329914,98685068
0,23389624311,98724434
0,23391918711,98633879
0,23394213102,98679644
0,23396507498,98719688
0,23398801899,98629727
0,23401096300,98676011
0,23403390685,98716509
0,23405685081,98626945
0,23407979482,98548576
0,23410273873,98605004
0,23412568269,98654378
0,23414862670,98572580
0,23417157071,98626007
0,23419451455,98672756
0,23421745852,98588661
0,23424040253,98640078
0,23426334644,98685068
0,23428629040,98724434
0,23430923441,98633879
0,23433217830,98679644
0,23435512226,98719688
0,23437806628,98629727
0,23440101029,98676011
0,23442395415,98716509
0,23444689811,98626945
0,23446984212,98548576
0,23449278601,98605004
0,23451572998,98654378
0,23453867399,98572580
0,23456161801,98626007
0,23458456186,98672756
0,23460750582,98588661
0,23463044982,98640078
0,23465339373,98685068
0,23467633769,98724434
0,23469928170,98633879
0,23472222561,98679644
0,23474516957,98719688
0,23476811358,98629727
0,23479105759,98676011
0,23481400144,98716509
0,23483694540,98626945
0,23485988942,98548576
0,23488283332,98605004
0,23490577728,98654378
0,23492872129,98572580
0,23495166530,98626007
0,23497460915,98672756
0,23499755312,98588661
0,23502049713,98640078
0,23504344103,98685068
0,23506638500,98974434
0,23508932900,99227629
0,23511227291,99449175
0,23513521687,99643028
0,23515816088,99812649
0,23518110489,99961067
0,23520404875,100090933
0,23522699271,100204566
0,23524993672,100178995
0,23527288062,100281620
0,23529582458,100371417
0,23531876860,100449989
0,23534171261,100518740
0,23536465646,100578897
0,23538760043,100631534
0,23541054444,100677592
0,23543348833,100717893
0,23545643230,100753156
0,23547937631,100784011
0,23550232022,100811009
0,23552526418,100834632
0,23554820819,100855303
0,23557115221,100873390
0,23559409605,100889216
0,23561704001,100903064
0,23563998403,100790181
0,23566292793,100816408
0,23568587189,100839357
0,23570881591,100859437
0,23573175992,100877007
0,23575470377,100892381
0,23577764773,100905833
0,23580059174,100917603
0,23582353565,100927902
0,23584647961,100936914
0,23586942363,100944799
0,23589236753,100951699
0,23591531149,100957736
0,23593825551,100963019
0,23596119951,100967641
0,23598414337,100971685
0,23600708733,100975224
0,23603003134,100978321
0,23605297525,100981030
0,23607591921,100983401
0,23609886323,100985475
0,23612180724,100987290
0,23614475108,100988878
0,23616769510,100990268
0,23619063906,100991484
0,23621358297,100992548
0,23623652693,100993479
0,23625947094,100994294
0,23628241485,100995007
0,23630535881,100995631
0,23632830282,100996177
0,23635124683,100996654
0,23637419068,100997072
0,23639713465,100997438
0,23642007866,100997758
0,23644302257,100998038
0,23646596653,100998283
0,23648891055,100998497
0,23651185444,100998684
0,23653479840,100998848
0,23655774242,100998992
0,23658068638,100999118
0,23660363029,100999228
0,23662657425,100999324
0,23664951826,100999408
0,23667246217,100999482
0,23669540613,100999546
0,23671835015,100999602
0,23674129415,100999651
0,23676423801,100999694
0,23678718197,100999732
0,23681012599,100999765
0,23683306989,100999794
0,23685601385,100999819
0,23687895787,100999841
0,23690190177,100999860
0,23692484574,100999877
0,23694778974,100999892
0,23697073371,100999905
0,23699367761,100999916
0,23701662158,100999926
0,23703956559,100874935
0,23706250950,100890568
0,23708545346,100904247
0,23710839748,100916216
0,23713134149,100926689
0,23715428534,100935852
0,23717722930,100943870
0,23720017331,100950886
0,23722311722,100957025
0,23724606118,100962396
0,23726900520,100967096
0,23729194910,100971209
0,23731489307,100974807
0,23733783708,100977956
0,23736078104,100980711
0,23738372495,100983122
0,23740666891,100985231
0,23742961292,100862077
0,23745255682,100879317
0,23747550079,100894402
0,23749844481,100907601
0,23752138882,100919150
0,23754433267,100929256
0,23756727664,100938099
0,23759022065,100945836
0,23761316456,100952606
0,23763610852,100958530
0,23765905254,100963713
0,23768199643,100968248
0,23770494040,100972217
0,23772788441,100975689
0,23775082838,100978727
0,23777377228,100981386
0,23779671625,100983712
0,23781966026,100860748
0,23784260417,100878154
0,23786554813,100893384
0,23788849215,100906711
0,23791143616,100918372
0,23793438002,100928575
0,23795732397,100937503
0,23798026799,100945315
0,23800321189,100952150
0,23802615586,100958131
0,23804909987,100963364
0,23807204378,100967943
0,23809498774,100971950
0,23811793176,100975456
0,23814087572,100978524
0,23816381963,100981208
0,23818676359,100983557
0,23820970761,100860612
0,23823265151,100878035
0,23825559547,100893280
0,23827853948,100906620
0,23830148350,100918292
0,23832442736,100928505
0,23834737132,100937441
0,23837031533,100945260
0,23839325924,100952102
0,23841620321,100958089
0,23843914722,100963327
0,23846209113,100967911
0,23848503509,100971922
0,23850797911,100975431
0,23853092307,100978502
0,23855386698,100981189
0,23857681093,100983540
0,23859975495,100860597
0,23862269885,100878022
0,23864564282,100893269
0,23866858684,100906610
0,23869153085,100918283
0,23871447471,100928497
0,23873741867,100937434
0,23876036269,100945254
0,23878330659,100952097
0,23880625056,100958084
0,23882919458,100963323
0,23885213848,100967907
0,23887508244,100971918
0,23889802646,100975428
0,23892097048,100978499
0,23894391432,100981186
0,23896685829,100983537
0,23898980230,100860594
0,23901274621,100878019
0,23903569017,100893266
0,23905863419,100906607
0,23908157821,100918281
0,23910452206,100928495
0,23912746602,100937433
0,23915041004,100945253
0,23917335395,100952096
0,23919629791,100958084
0,23921924193,100963323
0,23924218584,100967907
0,23926512980,100971918
0,23928807381,100975428
0,23931101783,101353499
0,23933396168,101559311
0,23935690563,101739397
0,23937984965,101896972
0,23940279356,102034850
0,23942573752,102155493
0,23944868154,102261056
0,23947162556,102478424
0,23949456941,102543621
0,23951751337,102600668
0,23954045739,102775584
0,23956340130,102803636
0,23958634526,102828181
0,23960928928,102849658
0,23963223319,102993450
0,23965517715,102994268
0,23967812116,102994984
0,23970106519,103120611
0,23972400904,103105534
0,23974695300,103092342
0,23976989702,103080799
0,23979284093,103070699
0,23981578489,103061861
0,23983872891,103054128
0,23986167293,103172362
0,23988461677,103150816
0,23990756074,103131964
0,23993050476,103240468
0,23995344866,103210409
0,23997639262,103184107
0,23999933665,103161093
0,24002228055,103265956
0,24004522451,103232711
0,24006816853,103203622
0,24009111255,103303169
0,24011405640,103265272
0,24013700037,103232113
0,24015994439,103203098
0,24018288829,103177710
0,24020583226,103155496
0,24022877628,103136059
0,24025172029,103244051
0,24027466415,103213544
0,24029760811,103186851
0,24032055213,103288494
0,24034349603,103252432
0,24036644000,103220878
0,24038938402,103193268
0,24041232792,103294109
0,24043527189,103257345
0,24045821591,103225176
0,24048115992,103322029
0,24050410378,103281775
0,24052704775,103246553
0,24054999176,103215733
0,24057293567,103188766
0,24059587964,103165170
0,24061882365,103144523
0,24064176756,103251457
0,24066471152,103220024
0,24068765553,103192521
0,24071059950,103293455
0,24073354341,103256773
0,24075648737,103224676
0,24077943139,103196591
0,24080237530,103297017
0,24082531926,103259889
0,24084826328,103227402
0,24087120730,103323976
0,24089415115,103283479
0,24091709512,103248044
0,24094003914,103342038
0,24096298304,103299283
0,24098592701,103261872
0,24100887103,103229138
0,24103181493,103325495
0,24105475890,103284808
0,24107770292,103249207
0,24110064688,103343056
0,24112359079,103300174
0,24114653476,103262652
0,24116947877,103229820
0,24119242268,103326092
0,24121536665,103285330
0,24123831066,103249663
0,24126125468,103343455
0,24128419854,103300523
0,24130714250,103262957
0,24133008653,103355087
0,24135303043,103310701
0,24137597439,103271863
0,24139891842,103237880
0,24142186232,103333145
0,24144480628,103291501
0,24146775031,103255063
0,24149069427,103348180
0,24151363818,103304657
0,24153658215,103266574
0,24155952616,103233252
0,24158247007,103329095
0,24160541404,103287958
0,24162835805,103251963
0,24165130207,103345467
0,24167424593,103302283
0,24169718989,103264497
0,24172013392,103356434
0,24174307782,103311879
0,24176602178,103272894
0,24178896581,103238782
0,24181190971,103333934
0,24183485367,103292192
0,24185779770,103255668
0,24188074166,103348709
0,24190368557,103305120
0,24192662954,103266980
0,24194957355,103233607
0,24197251746,103204406
0,24199546143,103178855
0,24201840544,103156498
0,24204134947,103261935
0,24206429332,103229193
0,24208723728,103200543
0,24211018131,103300475
0,24213312521,103262915
0,24215606917,103230050
0,24217901320,103201293
0,24220195710,103301131
0,24222490107,103263489
0,24224784509,103230552
0,24227078905,103326733
0,24229373297,103285891
0,24231667693,103250154
0,24233962094,103218884
0,24236256486,103191523
0,24238550882,103167582
0,24240845285,103146634
0,24243139686,103253304
0,24245434071,103221641
0,24247728469,103193935
0,24250022870,103294693
0,24252317261,103257856
0,24254611659,103225624
0,24256906060,103197421
0,24259200451,103297743
0,24261494848,103260525
0,24263789249,103227959
0,24266083647,103324464
0,24268378037,103283906
0,24270672433,103248417
0,24272966836,103217364
0,24275261226,103190193
0,24277555624,103166418
0,24279850025,103145615
0,24282144427,103252413
0,24284438813,103220861
0,24286733209,103193253
0,24289027612,103294096
0,24291322002,103257334
0,24293616398,103225167
0,24295910801,103197021
0,24298205191,103297393
0,24300499588,103260218
0,24302793990,103227690
0,24305088386,103324228
0,24307382778,103283699
0,24309677174,103248236
0,24311971575,103217206
0,24314265967,103190055
0,24316560363,103166298
0,24318854766,103145510
0,24321149167,103252321
0,24323443553,103220780
0,24325737950,103193182
0,24328032351,103294034
0,24330326743,103257279
0,24332621140,103225119
0,24334915541,103196979
0,24337209933,103297356
0,24339504329,103260186
0,24341798732,103227662
0,24344093128,103324204
0,24346387519,103283678
0,24348681916,103248218
0,24350976317,103217190
0,24353270709,103190041
0,24355565105,103416285
0,24357859507,103614249
0,24360153909,103912467
0,24362448294,104173408
0,24364742692,104276732
0,24367037093,104492140
0,24369331484,104680622
0,24371625881,104720544
0,24373920282,104755476
0,24376214674,104911041
0,24378509070,105047160
0,24380803473,105041265
0,24383097874,105161106
0,24385392260,105265967
0,24387686658,105232721
0,24389981059,105203630
0,24392275451,105303176
0,24394569847,105265279
0,24396864249,105232119
0,24399158651,105328104
0,24401453036,105412091
0,24403747434,105360579
0,24406041835,105440506
0,24408336227,105510442
0,24410630623,105446636
0,24412925024,105390806
0,24415219416,105466955
0,24417513812,105533585
0,24419808215,105466886
0,24422102616,105533525
0,24424397003,105591834
0,24426691400,105517854
0,24428985801,105453122
0,24431280193,105521481
0,24433574589,105456295
0,24435868992,105399258
0,24438163393,105474350
0,24440457780,105540056
0,24442752176,105472549
0,24445046577,105538480
0,24447340969,105596170
0,24449635365,105521648
0,24451929768,105456442
0,24454224158,105524386
0,24456518556,105583837
0,24458812957,105510857
0,24461107359,105571999
0,24463401746,105625499
0,24465696142,105547311
0,24467990545,105478897
0,24470284935,105544034
0,24472579333,105476029
0,24474873734,105416525
0,24477168137,105489459
0,24479462522,105553276
0,24481756918,105484116
0,24484051321,105548601
0,24486345711,105605025
0,24488640109,105529396
0,24490934510,105463221
0,24493228902,105530318
0,24495523299,105589028
0,24497817701,105515399
0,24500112103,105575974
0,24502406488,105628977
0,24504700886,105550354
0,24506995287,105481559
0,24509289679,105546364
0,24511584075,105478068
0,24513878478,105418309
0,24516172868,105491020
0,24518467266,105554642
0,24520761667,105485311
0,24523056064,105549647
0,24525350456,105605941
0,24527644852,105530198
0,24529939255,105463923
0,24532233645,105530932
0,24534528043,105589565
0,24536822444,105515869
0,24539116847,105576385
0,24541411232,105629336
0,24543705630,105550669
0,24546000031,105606835
0,24548294423,105655980
0,24550588819,105573982
0,24552883222,105502234
0,24555177613,105564454
0,24557472009,105618897
0,24559766412,105541534
0,24562060808,105598842
0,24564355200,105648986
0,24566649596,105567862
0,24568943999,105496879
0,24571238389,105559769
0,24573532787,105614797
0,24575827188,105537947
0,24578121592,105595703
0,24580415977,105646240
0,24582710373,105565460
0,24585004776,105619777
0,24587299166,105667304
0,24589593564,105583891
0,24591887965,105510904
0,24594182357,105572041
0,24596476753,105625535
0,24598771156,105547343
0,24601065552,105603925
0,24603359945,105653434
0,24605654341,105571754
0,24607948744,105500284
0,24610243134,105562748
0,24612537532,105617404
0,24614831933,105540228
0,24617126336,105597699
0,24619420721,105647986
0,24621715117,105566987
0,24624009520,105621113
0,24626303912,105668473
0,24628598309,105584913
0,24630892711,105511798
0,24633187102,105572823
0,24635481498,105626220
0,24637775901,105547942
0,24640070297,105604449
0,24642364689,105653892
0,24644659085,105572155
0,24646953489,105500635
0,24649247879,105563055
0,24651542277,105492673
0,24653836678,105431088
0,24656131081,105502202
0,24658425466,105564426
0,24660719864,105493872
0,24663014265,105557138
0,24665308657,105612495
0,24667603054,105535933
0,24669897457,105468941
0,24672191847,105535323
0,24674486245,105593407
0,24676780646,105519231
0,24679075044,105579327
0,24681369434,105631911
0,24683663832,105552922
0,24685958233,105483806
0,24688252626,105548330
0,24690547022,105479788
0,24692841425,105419814
0,24695135826,105492337
0,24697430213,105555794
0,24699724609,105486319
0,24702019012,105550529
0,24704313402,105606712
0,24706607801,105530873
0,24708902202,105464513
0,24711196594,105531448
0,24713490990,105590017
0,24715785393,105516264
0,24718079789,105576731
0,24720374181,105629639
0,24722668577,105550934
0,24724962981,105482067
0,24727257371,105546808
0,24729551769,105478457
0,24731846170,105418649
0,24734140573,105491317
0,24736434958,105554902
0,24738729356,105485539
0,24741023757,105549846
0,24743318150,105606115
0,24745612546,105530350
0,24747906949,105464056
0,24750201340,105531049
0,24752495737,105589667
0,24754790139,105515958
0,24757084536,105576463
0,24759378928,105629405
0,24761673325,105550729
0,24763967727,105481887
0,24766262118,105546651
0,24768556515,105478319
0,24770850917,105418529
0,24773145320,105491212
0,24775439705,105554810
0,24777734103,105485458
0,24780028505,105549775
0,24782322897,105606053
0,24784617293,105530296
0,24786911696,105464009
0,24789206086,105531007
0,24791500484,105589631
0,24793794887,105515927
0,24796089284,105826436
0,24798383674,106098131
0,24800678072,106335864
0,24802972474,106418881
0,24805266865,106616520
0,24807561262,106789455
0,24809855665,106815773
0,24812150068,106963801
0,24814444453,107093325
0,24816738850,107206659
0,24819033252,107305826
0,24821327644,107392597
0,24823622040,107468522
0,24825916444,107409956
0,24828210834,107483711
0,24830505232,107548247
0,24832799634,107604716
0,24835094031,107654126
0,24837388422,107697360
0,24839682819,107735190
0,24841977222,107643291
0,24844271613,107687879
0,24846566010,107726894
0,24848860412,107636032
0,24851154815,107681528
0,24853449200,107721337
0,24855743599,107756169
0,24858038001,107786647
0,24860332392,107813316
0,24862626788,107836651
0,24864921191,107732069
0,24867215582,107765560
0,24869509979,107794865
0,24871804382,107820506
0,24874098784,107842942
0,24876393171,107862574
0,24878687567,107879752
0,24880981970,107769783
0,24883276361,107798560
0,24885570759,107823740
0,24887865161,107720772
0,24890159563,107755675
0,24892453949,107786215
0,24894748346,107812938
0,24897042748,107836320
0,24899337140,107856780
0,24901631538,107874682
0,24903925940,107765346
0,24906220331,107794677
0,24908514728,107820342
0,24910809130,107842799
0,24913103534,107862449
0,24915397919,107879642
0,24917692317,107894686
0,24919986718,107782850
0,24922281110,107809993
0,24924575506,107833743
0,24926869910,107729525
0,24929164312,107763334
0,24931458698,107792917
0,24933753095,107818802
0,24936047497,107841451
0,24938341889,107861269
0,24940636286,107878610
0,24942930689,107768783
0,24945225080,107797685
0,24947519477,107822974
0,24949813879,107845102
0,24952108281,107864464
0,24954402669,107881406
0,24956697065,107896230
0,24958991468,107784201
0,24961285859,107811175
0,24963580256,107834778
0,24965874659,107730430
0,24968169050,107764126
0,24970463448,107793610
0,24972757844,107819408
0,24975052247,107841982
0,24977346638,107861734
0,24979641036,107879017
0,24981935438,107769139
0,24984229829,107797996
0,24986524227,107823246
0,24988818629,107845340
0,24991113032,107864672
0,24993407418,107881588
0,24995701815,107896389
0,24997996217,107784340
0,25000290609,107811297
0,25002585006,107834884
0,25004879409,107730523
0,25007173800,107764207
0,25009468198,107793681
0,25011762600,107819470
0,25014056997,107842036
0,25016351389,107861781
0,25018645786,107879058
0,25020940188,107769175
0,25023234579,107798028
0,25025528977,107823274
0,25027823380,107845364
0,25030117782,107864693
0,25032412168,107881606
0,25034706565,107896405
0,25037000967,107909354
0,25039295360,107920684
0,25041589757,107930598
0,25043884159,107814273
0,25046178550,107837488
0,25048472948,107857802
0,25050767351,107875576
0,25053061748,107891129
0,25055356139,107904737
0,25057650536,107916644
0,25059944938,107802063
0,25062239331,107826805
0,25064533728,107848454
0,25066828130,107867397
0,25069122532,107883972
0,25071416919,107898475
0,25073711316,107911165
0,25076005719,107922269
0,25078300110,107931985
0,25080594507,107940486
0,25082888910,107822925
0,25085183302,107845059
0,25087477699,107864426
0,25089772101,107881372
0,25092066498,107896200
0,25094360890,107909175
0,25096655288,107920528
0,25098949690,107805462
0,25101244082,107829779
0,25103538478,107851056
0,25105832881,107869674
0,25108127284,107885964
0,25110421670,107900218
0,25112716067,107912690
0,25115010470,107923603
0,25117304862,107933152
0,25119599259,107941508
0,25121893662,107823819
0,25124188053,107845841
0,25126482450,107865110
0,25128776853,107881971
0,25131071250,107896724
0,25133365641,107909633
0,25135660039,107920928
0,25137954441,107805812
0,25140248833,107830085
0,25142543231,107851324
0,25144837633,107744908
0,25147132035,107776794
0,25149426422,107804694
0,25151720819,107829107
0,25154015222,107850468
0,25156309613,107869159
0,25158604010,107885514
0,25160898413,107774824
0,25163192805,107802971
0,25165487202,107827599
0,25167781604,107849149
0,25170076002,107868005
0,25172370394,107884504
0,25174664791,107898941
0,25176959194,107786573
0,25179253585,107813251
0,25181547983,107836594
0,25183842385,107732019
0,25186136788,107765516
0,25188431174,107794826
0,25190725572,107820472
0,25193019974,107842913
0,25195314366,107862548
0,25197608763,107879729
0,25199903165,107769762
0,25202197557,107798541
0,25204491955,107823723
0,25206786357,107845757
0,25209080754,107865037
0,25211375147,107881907
0,25213669544,107896668
0,25215963946,107784584
0,25218258338,107811511
0,25220552736,107835072
0,25222847138,107730688
0,25225141541,107764352
0,25227435926,107793808
0,25229730325,107819582
0,25232024727,107842134
0,25234319118,107861867
0,25236613516,107879133
0,25238907918,107769241
0,25241202310,107798085
0,25243496708,107823324
0,25245791110,107845408
0,25248085507,107864732
0,25250379900,108131640
0,25252674296,108365185
0,25254968698,108569536
0,25257263090,108748344
0,25259557488,108904801
0,25261851890,109041700
0,25264146293,109161487
0,25266440679,109266301
0,25268735077,109358013
0,25271029479,109563261
0,25273323871,109617853
0,25275618268,109665621
0,25277912671,109707418
0,25280207063,109743990
0,25282501460,109775991
0,25284795862,109803992
0,25287090261,109953493
0,25289384652,109959306
0,25291679049,109964392
0,25293973452,109968843
0,25296267844,109972737
0,25298562241,109976144
0,25300856644,109979126
0,25303151046,109981735
0,25305445433,109984018
0,25307739830,109986015
0,25310034233,110112763
0,25312328624,110098667
0,25314623022,110086333
0,25316917425,110075541
0,25319211816,110066098
0,25321506215,110057835
0,25323800617,110050605
0,25326095020,110169279
0,25328389406,110148119
0,25330683804,110129604
0,25332978206,110113403
0,25335272598,110099227
0,25337566995,110086823
0,25339861398,110075970
0,25342155801,110066473
0,25344450187,110058163
0,25346744584,110050892
0,25349038988,110169530
0,25351333379,110148338
0,25353627776,110129795
0,25355922179,110113570
0,25358216571,110099373
0,25360510969,110086951
0,25362805371,110076082
0,25365099774,110191571
0,25367394161,110167624
0,25369688558,110146671
0,25371982961,110128337
0,25374277353,110112294
0,25376571750,110098257
0,25378866153,110085974
0,25381160555,110075227
0,25383454942,110065823
0,25385749340,110057595
0,25388043742,110175395
0,25390338135,110153470
0,25392632532,110134286
0,25394926935,110117500
0,25397221326,110102812
0,25399515724,110089960
0,25401810127,110078715
0,25404104529,110193875
0,25406398915,110169640
0,25408693314,110148435
0,25410987716,110129880
0,25413282108,110113645
0,25415576506,110099439
0,25417870909,110087009
0,25420165300,110076132
0,25422459697,110066615
0,25424754095,110058288
0,25427048497,110176002
0,25429342889,110154001
0,25431637287,110134750
0,25433931690,110117906
0,25436226082,110103167
0,25438520479,110090271
0,25440814883,110078987
0,25443109285,110194113
0,25445403671,110169848
0,25447698068,110148617
0,25449992472,110130039
0,25452286863,110113784
0,25454581261,110099561
0,25456875665,110087115
0,25459170056,110076225
0,25461464453,110066696
0,25463758857,110058359
0,25466053253,110176064
0,25468347645,110154056
0,25470642043,110134799
0,25472936447,110117949
0,25475230838,110103205
0,25477525235,110090304
0,25479819639,110079016
0,25482114041,110194139
0,25484408427,110169871
0,25486702825,110148637
0,25488997229,110130057
0,25491291620,110113799
0,25493586017,110099574
0,25495880421,110087127
0,25498174812,110076236
0,25500469209,110066706
0,25502763613,110058367
0,25505058011,110176071
0,25507352402,110154062
0,25509646799,110134804
0,25511941203,110117953
0,25514235594,110103208
0,25516529991,110090307
0,25518824395,110079018
0,25521118798,110194140
0,25523413184,110169872
0,25525707582,110148638
0,25528001985,110255058
0,25530296376,110223175
0,25532590773,110195278
0,25534885177,110170868
0,25537179569,110149509
0,25539473966,110130820
0,25541768369,110114467
0,25544062767,110225158
0,25546357159,110197013
0,25548651557,110172386
0,25550945959,110150837
0,25553240351,110131982
0,25555534749,110115484
0,25557829152,110101048
0,25560123554,110213417
0,25562417942,110186739
0,25564712339,110163396
0,25567006741,110267971
0,25569301133,110234474
0,25571595532,110205164
0,25573889935,110179518
0,25576184326,110157078
0,25578478724,110137443
0,25580773127,110120262
0,25583067524,110230229
0,25585361917,110201450
0,25587656314,110176268
0,25589950717,110154234
0,25592245109,110134954
0,25594539506,110118084
0,25596833909,110103323
0,25599128312,110215407
0,25601422699,110188481
0,25603717096,110164920
0,25606011499,110269305
0,25608305892,110235641
0,25610600289,110206185
0,25612894691,110180411
0,25615189084,110157859
0,25617483482,110138126
0,25619777885,110120860
0,25622072282,110230752
0,25624366674,110201908
0,25626661072,110176669
0,25628955476,110154585
0,25631249867,110135261
0,25633544264,110118353
0,25635838668,110103558
0,25638133071,110090613
0,25640427457,110079286
0,25642721855,110069375
0,25645016258,110185703
0,25647310650,110162490
0,25649605048,110142178
0,25651899450,110124405
0,25654193842,110108854
0,25656488241,110095247
0,25658782644,110083341
0,25661077040,110197923
0,25663371433,110173182
0,25665665831,110151534
0,25667960234,110132592
0,25670254626,110116018
0,25672549023,110101515
0,25674843426,110088825
0,25677137830,110077721
0,25679432216,110068005
0,25681726613,110059504
0,25684021017,110177066
0,25686315409,110154932
0,25688609806,110135565
0,25690904209,110118619
0,25693198601,110103791
0,25695492999,110090817
0,25697787403,110079464
0,25700081799,110194531
0,25702376192,110170214
0,25704670590,110398937
0,25706964993,110599069
0,25709259385,110899185
0,25711553782,111036786
0,25713848185,111157187
0,25716142589,111387538
0,25718436975,111464095
0,25720731372,111531083
0,25723025776,111714697
0,25725320168,111875359
0,25727614566,111890939
0,25729908969,111904571
0,25732203361,112041499
0,25734497758,112036311
0,25736792162,112031772
0,25739086560,112152800
0,25741380951,112258700
0,25743675349,112226362
0,25745969752,112198066
0,25748264145,112298307
0,25750558542,112261018
0,25752852944,112228390
0,25755147347,112324841
0,25757441735,112284235
0,25759736133,112248705
0,25762030536,112342616
0,25764324928,112424789
0,25766619325,112371690
0,25768913729,112325228
0,25771208121,112409574
0,25773502518,112358377
0,25775796921,112313579
0,25778091319,112399381
0,25780385712,112474458
0,25782680110,112415150
0,25784974512,112363256
0,25787268905,112442849
0,25789563302,112387492
0,25791857705,112339055
0,25794152109,112421673
0,25796446495,112368963
0,25798740892,112322842
0,25801035296,112407486
0,25803329688,112481550
0,25805624087,112421356
0,25807918489,112368686
0,25810212881,112447600
0,25812507279,112391650
0,25814801682,112342693
0,25817096085,112424856
0,25819390472,112496749
0,25821684869,112434655
0,25823979272,112380323
0,25826273665,112457782
0,25828568063,112400559
0,25830862467,112350489
0,25833156869,112431677
0,25835451255,112377717
0,25837745654,112330502
0,25840040057,112414189
0,25842334449,112487415
0,25844628847,112426488
0,25846923249,112373177
0,25849217642,112451529
0,25851512040,112395087
0,25853806443,112345701
0,25856100847,112427488
0,25858395233,112499052
0,25860689630,112436670
0,25862984034,112382086
0,25865278426,112459325
0,25867572825,112401909
0,25869867227,112351670
0,25872161619,112432711
0,25874456017,112378622
0,25876750415,112331294
0,25879044818,112414882
0,25881339211,112488021
0,25883633608,112427018
0,25885928011,112373640
0,25888222403,112451935
0,25890516801,112395443
0,25892811205,112346012
0,25895105608,112427760
0,25897399995,112499290
0,25899694392,112436878
0,25901988795,112382268
0,25904283188,112459484
0,25906577586,112402048
0,25908871990,112351792
0,25911166381,112432818
0,25913460778,112378715
0,25915755182,112331375
0,25918049580,112414953
0,25920343973,112488083
0,25922638370,112427072
0,25924932773,112373688
0,25927227165,112451977
0,25929521563,112395479
0,25931815966,112346044
0,25934110370,112427788
0,25936404757,112499314
0,25938699154,112436899
0,25940993557,112382286
0,25943287950,112459500
0,25945582348,112402062
0,25947876751,112351804
0,25950171144,112432828
0,25952465541,112378724
0,25954759944,112331383
0,25957054342,112414960
0,25959348734,112488090
0,25961643133,112427078
0,25963937536,112373693
0,25966231929,112451981
0,25968526326,112395483
0,25970820728,112346047
0,25973115132,112427791
0,25975409519,112499317
0,25977703917,112436902
0,25979998321,112382289
0,25982292713,112459502
0,25984587110,112402064
0,25986881513,112351806
0,25989175906,112432830
0,25991470304,112378726
0,25993764707,112331385
0,25996059106,112414961
0,25998353498,112488090
0,26000647895,112427078
0,26002942298,112373693
0,26005236690,112451981
0,26007531089,112395483
0,26009825492,112346047
0,26012119896,112427791
0,26014414283,112499317
0,26016708679,112436902
0,26019003083,112507289
0,26021297475,112568877
0,26023591874,112497767
0,26025886277,112435546
0,26028180670,112506102
0,26030475068,112442839
0,26032769470,112387484
0,26035063868,112464048
0,26037358260,112531042
0,26039652659,112464661
0,26041947062,112406578
0,26044241455,112480755
0,26046535853,112420660
0,26048830256,112368077
0,26051124660,112447067
0,26053419045,112516183
0,26055713444,112451660
0,26058007847,112520202
0,26060302240,112580176
0,26062596638,112507654
0,26064891041,112444197
0,26067185434,112513672
0,26069479831,112449463
0,26071774235,112393280
0,26074068632,112469120
0,26076363024,112535480
0,26078657423,112468545
0,26080951826,112409976
0,26083246219,112483729
0,26085540617,112423262
0,26087835020,112370354
0,26090129424,112449059
0,26092423809,112517926
0,26094718208,112453185
0,26097012611,112521536
0,26099307004,112581344
0,26101601402,112508676
0,26103895806,112445091
0,26106190198,112514454
0,26108484595,112450147
0,26110778999,112393878
0,26113073396,112469643
0,26115367789,112535937
0,26117662187,112468944
0,26119956591,112410326
0,26122250983,112484035
0,26124545382,112423530
0,26126839784,112370588
0,26129134188,112449264
0,26131428574,112393106
0,26133722972,112343967
0,26136017376,112425971
0,26138311768,112497724
0,26140606167,112435508
0,26142900570,112381069
0,26145194963,112458435
0,26147489361,112401130
0,26149783763,112350988
0,26152078162,112432114
0,26154372553,112503099
0,26156666952,112440211
0,26158961355,112385184
0,26161255748,112462036
0,26163550146,112404281
0,26165844549,112353745
0,26168138953,112684526
0,26170433340,112973960
0,26172727738,113102215
0,26175022141,113339438
0,26177316533,113547008
0,26179610931,113728632
0,26181905335,113762553
0,26184199727,113917233
0,26186494126,114052578
0,26188788529,114046005
0,26191082927,114165254
0,26193377320,114269597
0,26195671718,114360897
0,26197966121,114315784
0,26200260514,114401311
0,26202554911,114476147
0,26204849315,114416628
0,26207143718,114489549
0,26209438105,114553355
0,26211732504,114484185
0,26214026907,114548661
0,26216321300,114605078
0,26218615698,114654443
0,26220910101,114572637
0,26223204494,114626057
0,26225498892,114672799
0,26227793295,114588699
0,26230087693,114640111
0,26232382085,114685097
0,26234676483,114724459
0,26236970887,114633901
0,26239265279,114679663
0,26241559678,114719705
0,26243854081,114629741
0,26246148484,114676023
0,26248442872,114716520
0,26250737270,114626955
0,26253031673,114673585
0,26255326066,114714386
0,26257620464,114750087
0,26259914867,114656326
0,26262209261,114699285
0,26264503657,114736874
0,26266798062,114644764
0,26269092459,114689168
0,26271386852,114728022
0,26273681250,114762019
0,26275975654,114666766
0,26278270046,114708420
0,26280564445,114744867
0,26282858848,114651758
0,26285153241,114695288
0,26287447639,114733377
0,26289742036,114641704
0,26292036440,114686491
0,26294330833,114725679
0,26296625230,114759969
0,26298919634,114664972
0,26301214026,114706850
0,26303508424,114743493
0,26305802829,114650556
0,26308097231,114694236
0,26310391619,114732456
0,26312686017,114765899
0,26314980421,114670161
0,26317274813,114711390
0,26319569212,114747466
0,26321863615,114654032
0,26324158008,114697278
0,26326452406,114735118
0,26328746805,114643228
0,26331041207,114687824
0,26333335601,114726846
0,26335629997,114760990
0,26337924402,114665866
0,26340218794,114707632
0,26342513192,114744178
0,26344807596,114651155
0,26347101998,114694760
0,26349396386,114732915
0,26351690784,114766300
0,26353985188,114670512
0,26356279581,114711698
0,26358573979,114747735
0,26360868382,114654268
0,26363162775,114697484
0,26365457173,114735298
0,26367751577,114643385
0,26370045975,114687961
0,26372340368,114726965
0,26374634766,114761094
0,26376929169,114665957
0,26379223563,114707712
0,26381517961,114744248
0,26383812363,114651217
0,26386106768,114694814
0,26388401154,114732962
0,26390695552,114766341
0,26392989956,114670548
0,26395284349,114711729
0,26397578746,114747762
0,26399873151,114654291
0,26402167544,114697504
0,26404461941,114735316
0,26406756345,114643401
0,26409050743,114687975
0,26411345135,114726978
0,26413639534,114761105
0,26415933937,114665966
0,26418228330,114707720
0,26420522728,114744255
0,26422817132,114651223
0,26425111535,114694820
0,26427405923,114732967
0,26429700321,114766346
0,26431994725,114670552
0,26434289118,114711733
0,26436583516,114747766
0,26438877919,114654295
0,26441172312,114697508
0,26443466711,114735319
0,26445761114,114643404
0,26448055512,114687978
0,26450349905,114726980
0,26452644304,114761107
0,26454938707,114665968
0,26457233100,114707722
0,26459527498,114744256
0,26461821902,114651224
0,26464116305,114694821
0,26466410693,114732968
0,26468705091,114766347
0,26470999494,114670553
0,26473293887,114711733
0,26475588286,114747766
0,26477882688,114654295
0,26480177082,114697508
0,26482471480,114735319
0,26484765883,114643404
0,26487060281,114687978
0,26489354675,114726980
0,26491649072,114761107
0,26493943476,114665968
0,26496237869,114707722
0,26498532267,114744256
0,26500826670,114651224
0,26503121075,114694821
0,26505415462,114732968
0,26507709860,114766347
0,26510004263,114795553
0,26512298657,114821108
0,26514593055,114843469
0,26516887458,114738035
0,26519181852,114770780
0,26521476249,114799432
0,26523770653,114699503
0,26526065051,114737065
0,26528359445,114769931
0,26530653842,114798689
0,26532948246,114698852
0,26535242639,114736495
0,26537537037,114769433
0,26539831440,114673253
0,26542125845,114714096
0,26544420233,114749834
0,26546714630,114781104
0,26549009033,114808466
0,26551303427,114832407
0,26553597825,114853356
0,26555892228,114746686
0,26558186622,114778350
0,26560481020,114806056
0,26562775423,114705299
0,26565069820,114742136
0,26567364214,114774369
0,26569658612,114802572
0,26571953015,114702250
0,26574247409,114739468
0,26576541807,114772034
0,26578836210,114675529
0,26581130614,114716087
0,26583425002,114751576
0,26585719400,114782629
0,26588013803,114809800
0,26590308196,114833575
0,26592602595,114854378
0,26594896998,114747580
0,26597191391,114779132
0,26599485789,114806740
0,26601780193,114705897
0,26604074591,114742659
0,26606368984,114774826
0,26608663383,114802972
0,26610957786,114702600
0,26613252179,114739775
0,26615546577,114772303
0,26617840982,114675765
0,26620135384,114716294
0,26622429772,114751757
0,26624724170,114657787
0,26627018575,114700563
0,26629312967,114737992
0,26631607365,114770743
0,26633901770,114674400
0,26636196162,114715100
0,26638490561,114750712
0,26640784964,114656873
0,26643079363,114699763
0,26645373756,114737292
0,26647668154,114770130
0,26649962557,114673863
0,26652256951,114714630
0,26654551349,114750301
0,26656845752,115031513
0,26659140157,115277573
0,26661434544,115492876
0,26663728943,115681266
0,26666023345,115846107
0,26668317739,115990343
0,26670612138,116116550
0,26672906541,116226981
0,26675200934,116323608
0,26677495332,116408157
0,26679789737,116482137
0,26682084134,116546869
0,26684378527,116603510
0,26686672926,116653071
0,26688967330,116696437
0,26691261723,116734382
0,26693556121,116767584
0,26695850525,116796636
0,26698144929,116822056
0,26700439316,116844299
0,26702733715,116863761
0,26705028118,116880790
0,26707322512,116895691
0,26709616910,116908729
0,26711911313,116920137
0,26714205707,116930119
0,26716500105,116938854
0,26718794508,116946497
0,26721088907,116953184
0,26723383300,116959036
0,26725677698,116964156
0,26727972103,116968636
0,26730266494,116972556
0,26732560893,116975986
0,26734855298,116978987
0,26737149690,116981613
0,26739444089,116983911
0,26741738487,116985922
0,26744032891,116987681
0,26746327285,116989220
0,26748621682,116990567
0,26750916086,116991746
0,26753210479,116992777
0,26755504878,116993679
0,26757799281,116994469
0,26760093680,116995160
0,26762388073,116995765
0,26764682471,116996294
0,26766976876,116996757
0,26769271268,116997162
0,26771565667,116997516
0,26773860070,116997826
0,26776154464,116998097
0,26778448862,116998334
0,26780743260,116998542
0,26783037664,116998724
0,26785332057,116998883
0,26787626456,116999022
0,26789920859,116999144
0,26792215252,116999251
0,26794509651,116999344
0,26796804055,116999426
0,26799098459,116999497
0,26801392847,116999559
0,26803687245,116999614
0,26805981649,116999662
0,26808276042,116999704
0,26810570440,116999741
0,26812864843,116999773
0,26815159237,116999801
0,26817453636,116999825
0,26819748040,116999846
0,26822042438,116999865
0,26824336831,116999881
0,26826631229,116999895
0,26828925634,116999908
0,26831220026,116999919
0,26833514425,116999929
0,26835808828,116999937
0,26838103233,116999944
0,26840397621,116999951
0,26842692019,116999957
0,26844986422,116999962
0,26847280816,116999966
0,26849575214,116999970
0,26851869619,116999973
0,26854164011,116999976
0,26856458410,116999979
0,26858752813,116999981
0,26861047212,116999983
0,26863341606,116999985
0,26865636003,116999986
0,26867930407,116999987
0,26870224801,116999988
0,26872519199,116999989
0,26874813604,116999990
0,26877108007,116999991
0,26879402395,116999992
0,26881696794,116999993
0,26962000748,117124993
0,26964295141,117109368
0,26966589539,117095697
0,26968883943,117083734
0,26971178337,117073267
0,26973472735,117064108
0,26975767140,117056094
0,26978061538,117049082
0,26980355931,117042946
0,26982650330,117037577
0,26984944733,117032879
0,26987239127,117028769
0,26989533526,117025172
0,26991827929,117022025
0,26994122333,117019271
0,26996416721,117016862
0,26998711119,117014754
0,27001005524,117137909
0,27003299917,117120670
0,27005594315,117105586
0,27007888719,117092387
0,27010183113,117080838
0,27012477511,117070733
0,27014771916,117061891
0,27017066314,117054154
0,27019360707,117047384
0,27021655106,117041461
0,27023949509,117036278
0,27026243903,117031743
0,27028538302,117027775
0,27030832706,117024303
0,27033127110,117021265
0,27035421498,117018606
0,27037715896,117016280
0,27040010300,117139245
0,27042304694,117121839
0,27044599092,117106609
0,27046893497,117093282
0,27049187890,117081621
0,27051482288,117071418
0,27053776692,117062490
0,27056071090,117054678
0,27058365484,117047843
0,27060659883,117041862
0,27062954287,117036629
0,27065248680,117032050
0,27067543079,117028043
0,27069837482,117024537
0,27072131887,117021469
0,27074426275,117018785
0,27076720673,117016436
0,27079015078,117014381
0,27081309471,117012583
0,27083603869,117011010
0,27085898273,117009633
0,27088192667,117008428
0,27090487065,117007374
0,27092781470,117006452
0,27095075868,117005645
0,27097370261,117004939
0,27099664660,117004321
0,27101959063,117003780
0,27104253457,117003307
0,27106547856,117002893
0,27108842260,117002531
0,27111136664,117002214
0,27113431052,117001937
0,27115725450,117001694
0,27118019855,117001482
0,27120314249,117001296
0,27122608647,117001134
0,27124903051,117000992
0,27127197445,117000868
0,27129491843,117000759
0,27131786248,117000664
0,27134080647,117000581
0,27136375039,117000508
0,27138669438,117000444
0,27140963842,117000388
0,27143258236,117000339
0,27145552634,117250296
0,27147847039,117469009
0,27150141442,117785382
0,27152435830,117937209
0,27154730229,118070057
0,27157024632,118311299
0,27159319026,118397386
0,27161613425,118472712
0,27163907829,118538623
0,27166202222,118721295
0,27168496621,118756133
0,27170791026,118786616
0,27173085425,118938289
0,27175379818,118946002
0,27177674217,118952751
0,27179968620,118958657
0,27182263014,119088824
0,27184557413,119077721
0,27186851817,119068005
0,27189146210,119184504
0,27191440609,119161441
0,27193735007,119141260
0,27196029411,119248602
0,27198323806,119217526
0,27200618204,119190335
0,27202912608,119166543
0,27205207002,119270725
0,27207501400,119236884
0,27209795805,119207273
0,27212090204,119306363
0,27214384596,119268067
0,27216678995,119234558
0,27218973399,119205238
0,27221267793,119304583
0,27223562191,119266510
0,27225856596,119233196
0,27228150989,119329046
0,27230445388,119287915
0,27232739787,119251925
0,27235034191,119345434
0,27237328584,119302254
0,27239622983,119264472
0,27241917387,119231413
0,27244211780,119327486
0,27246506179,119286550
0,27248800584,119250731
0,27251094987,119344389
0,27253389376,119301340
0,27255683775,119263672
0,27257978179,119230713
0,27260272572,119326873
0,27262566971,119286013
0,27264861375,119250261
0,27267155768,119343978
0,27269450168,119300980
0,27271744567,119263357
0,27274038970,119355437
0,27276333364,119311007
0,27278627763,119272131
0,27280922167,119238114
0,27283216560,119333349
0,27285510959,119291680
0,27287805364,119255220
0,27290099768,119348317
0,27292394156,119304777
0,27294688555,119266679
0,27296982958,119233344
0,27299277352,119329176
0,27301571751,119288029
0,27303866155,119252025
0,27306160548,119345521
0,27308454947,119302330
0,27310749353,119264538
0,27313043751,119356470
0,27315338144,119311911
0,27317632543,119272922
0,27319926946,119238806
0,27322221341,119333955
0,27324515740,119292210
0,27326810144,119255683
0,27329104548,119348722
0,27331398936,119305131
0,27333693335,119266989
0,27335987739,119233615
0,27338282132,119329413
0,27340576531,119288236
0,27342870937,119252206
0,27345165329,119345680
0,27347459728,119302470
0,27349754132,119264661
0,27352048531,119356578
0,27354342925,119312005
0,27356637324,119273004
0,27358931728,119238878
0,27361226121,119334018
0,27363520520,119292265
0,27365814925,119255731
0,27368109328,119348764
0,27370403717,119305168
0,27372698116,119267022
0,27374992521,119233644
0,27377286913,119329438
0,27379581312,119288258
0,27381875717,119252225
0,27384170111,119345696
0,27386464509,119302484
0,27388758913,119264673
0,27391053313,119356588
0,27393347707,119312014
0,27395642105,119273012
0,27397936509,119238885
0,27400230903,119334024
0,27402525301,119292271
0,27404819706,119255737
0,27407114110,119348769
0,27409408499,119305172
0,27411702897,119267025
0,27413997302,119233646
0,27416291695,119329440
0,27418586093,119288260
0,27420880499,119252227
0,27423174892,119345698
0,27425469291,119302485
0,27427763695,119264674
0,27430058094,119356589
0,27432352488,119312015
0,27434646887,119273013
0,27436941291,119238886
0,27439235685,119334025
0,27441530084,119292271
0,27443824487,119255737
0,27446118892,119348769
0,27448413281,119305172
0,27450707680,119267025
0,27453002083,119358646
0,27455296477,119438815
0,27457590876,119383963
0,27459885281,119335967
0,27462179674,119418971
0,27464474073,119366599
0,27466768478,119320774
0,27469062877,119405677
0,27471357270,119354967
0,27473651668,119310596
0,27475946074,119271771
0,27478240467,119362799
0,27480534865,119317449
0,27482829270,119277767
0,27485123675,119368046
0,27487418063,119322040
0,27489712461,119281785
0,27492006866,119371561
0,27494301260,119450115
0,27496595659,119393850
0,27498890063,119344618
0,27501184457,119426540
0,27503478856,119373222
0,27505773260,119326569
0,27508067659,119410747
0,27510362053,119359403
0,27512656452,119314477
0,27514950856,119275167
0,27517245251,119365771
0,27519539649,119320049
0,27521834053,119280042
0,27524128458,119370036
0,27526422846,119323781
0,27528717245,119283308
0,27531011649,119372894
0,27533306043,119451282
0,27535600442,119394871
0,27537894846,119345512
0,27540189240,119427323
0,27542483639,119373907
0,27544778043,119327168
0,27547072442,119411272
0,27549366836,119359863
0,27551661235,119314880
0,27553955639,119275520
0,27556250032,119366080
0,27558544432,119320320
0,27560838837,119280280
0,27563133240,119370245
0,27565427629,119323964
0,27567722028,119283468
0,27570016433,119373034
0,27572310826,119326404
0,27574605225,119285603
0,27576899630,119249902
0,27579194023,119343664
0,27581488422,119300706
0,27583782827,119263117
0,27586077226,119355227
0,27588371619,119310823
0,27590666019,119271970
0,27592960423,119237973
0,27595254816,119333226
0,27597549215,119291572
0,27599843621,119255125
0,27602138024,119348234
0,27604432413,119304704
0,27606726812,119266616
0,27609021217,119358289
0,27611315610,119313502
0,27613610010,119274314
0,27615904414,119240024
0,27618198807,119335021
0,27620493206,119293143
0,27622787612,119256500
0,27625082010,119349437
0,27627376403,119305757
0,27629670803,119267537
0,27631965208,119234094
0,27634259601,119579832
0,27636554000,119882353
0,27638848405,120022058
0,27641142798,120269300
0,27643437198,120485637
0,27645731597,120549932
0,27648026001,120731190
0,27650320395,120889791
0,27652614795,120903567
0,27654909198,120915621
0,27657203593,121051168
0,27659497992,121169772
0,27661792396,121148550
0,27664086795,121254981
0,27666381190,121348108
0,27668675588,121304594
0,27670969992,121266519
0,27673264387,121358204
0,27675558786,121438428
0,27677853189,121383624
0,27680147584,121460671
0,27682441983,121528087
0,27684736382,121462076
0,27687030787,121529316
0,27689325181,121588151
0,27691619579,121514632
0,27693913984,121450303
0,27696208378,121519015
0,27698502777,121579138
0,27700797181,121506745
0,27703091580,121568401
0,27705385974,121622350
0,27707680373,121544556
0,27709974777,121476486
0,27712269172,121541925
0,27714563570,121599184
0,27716857975,121524286
0,27719152369,121583750
0,27721446768,121635781
0,27723741166,121556308
0,27726035572,121611769
0,27728329965,121660297
0,27730624365,121577759
0,27732918769,121505539
0,27735213163,121567346
0,27737507562,121621427
0,27739801967,121543748
0,27742096371,121600779
0,27744390761,121650681
0,27746685159,121569345
0,27748979563,121498176
0,27751273958,121560904
0,27753568357,121615791
0,27755862762,121538817
0,27758157156,121596464
0,27760451554,121646906
0,27762745959,121566042
0,27765040358,121620286
0,27767334752,121667750
0,27769629151,121584281
0,27771923555,121511245
0,27774217949,121572339
0,27776512348,121625796
0,27778806753,121547571
0,27781101157,121604124
0,27783395545,121653608
0,27785689946,121571907
0,27787984350,121500418
0,27790278744,121562865
0,27792573144,121617506
0,27794867547,121540317
0,27797161942,121597777
0,27799456341,121648054
0,27801750746,121567047
0,27804045145,121621166
0,27806339539,121668520
0,27808633937,121584955
0,27810928342,121511835
0,27813222736,121572855
0,27815517135,121626248
0,27817811540,121547967
0,27820105944,121604471
0,27822400332,121653912
0,27824694733,121572173
0,27826989137,121500651
0,27829283531,121563069
0,27831577931,121617685
0,27833872334,121540474
0,27836166729,121597914
0,27838461128,121648174
0,27840755533,121567152
0,27843049932,121621258
0,27845344326,121668600
0,27847638724,121585025
0,27849933129,121511896
0,27852227523,121572909
0,27854521922,121626295
0,27856816328,121548008
0,27859110731,121604507
0,27861405119,121653943
0,27863699519,121572200
0,27865993923,121500675
0,27868288318,121563090
0,27870582717,121617703
0,27872877121,121540490
0,27875171516,121597928
0,27877465914,121648187
0,27879760319,121567163
0,27882054718,121621267
0,27884349112,121668608
0,27886643511,121585032
0,27888937916,121511903
0,27891232309,121572915
0,27893526710,121626300
0,27895821114,121548012
0,27898115520,121604510
0,27900409908,121653946
0,27902704306,121572202
0,27904998711,121500676
0,27907293105,121563091
0,27909587504,121617704
0,27911881909,121540491
0,27914176303,121597929
0,27916470702,121648187
0,27918765107,121567163
0,27921059506,121621267
0,27923353901,121668608
0,27925648300,121585032
0,27927942705,121511903
0,27930237099,121572915
0,27932531497,121626300
0,27934825902,121548012
0,27937120307,121604510
0,27939414695,121653946
0,27941709096,121572202
0,27944003500,121625676
0,27946297895,121672466
0,27948592293,121713407
0,27950886698,121624231
0,27953181092,121671202
0,27955475491,121712301
0,27957769896,121623263
0,27960064295,121670355
0,27962358689,121711560
0,27964653087,121622615
0,27966947493,121544788
0,27969241887,121601689
0,27971536287,121651477
0,27973830692,121570042
0,27976125096,121623786
0,27978419485,121670812
0,27980713883,121586960
0,27983008288,121638590
0,27985302682,121683766
0,27987597081,121723295
0,27989891487,121632883
0,27992185881,121678772
0,27994480281,121718925
0,27996774685,121629059
0,27999069084,121675426
0,28001363478,121715997
0,28003657877,121626497
0,28005952282,121548184
0,28008246676,121604661
0,28010541077,121654078
0,28020880359,122572318
0,28023174771,123500778
0,28025469177,124313180
0,28027763593,124899032
0,28037192414,126411653
0,28039486828,127735196
0,28041781266,128893296
0,28044075673,129906634
0,28046370091,130793304
0,28048664530,131569141
0,28050958934,132122998
0,28053253351,132732623
0,28055547768,133266045
0,28057842194,133607789
0,28060136611,134031815
0,28062431029,134402838
0,28064725466,134727483
0,28067019871,135011547
0,28069314289,135260103
0,28071608705,135477590
0,28073903131,135542891
0,28076197549,135725029
0,28078491967,135884400
0,28080786405,135898850
0,28083080808,136036493
0,28085375226,136156931
0,28087669666,136262314
0,28089964068,136229524
0,28092258487,136325833
0,28094552905,136410103
0,28096847330,136358840
0,28099141748,136438985
0,28101436164,136509111
0,28103730602,136570472
0,28106025008,136624163
0,28108319425,136671142
0,28110613854,136712249
0,28112908268,136623217
0,28115202685,136670314
0,28117497103,136711524
0,28119791528,136622583
0,28122085945,136669760
0,28124380364,136711040
0,28126674802,136747160
0,28128969206,136653765
0,28131263624,136697044
0,28133558041,136734913
0,28135852466,136643048
0,28137868693,136562667
0,28140163083,136617333
0,28142457474,136665166
0,28144751877,136582020
0,28147046244,136634267
0,28149340648,135679983
0,28151635048,134719985
0,28153929428,133879986
0,28156223820,133519987
0,28158518209,133204988
0,28160812600,131929364
0,28163106990,130938193
0,28165401382,130070918
0,28167695786,129187053
0,28169990151,128413671
0,28172284554,127861962
0,28174578944,127379216
0,28176873334,126831814
0,28179167727,126477837
0,28181462118,126168107
0,28183756518,125772093
0,28186050885,125550581
0,28188345289,125356758
0,28190639692,125062163
0,28192934071,124804392
0,28195228461,124703843
0,28197522852,124615862
0,28199817242,124413879
0,28202111633,124362144
0,28204406025,124316876
0,28206700427,124152266
0,28208994794,124008232
0,28211289197,124007203
0,28213583586,124006302
0,28215877977,123880514
0,28218172370,123895449
0,28220466758,123908517
0,28222761162,123794952
0,28225055528,123820583
0,28227349932,123843010
0,28229644335,123737633
0,28231938714,123645428
0,28234233104,123689749
0,28236527496,123728530
0,28238821884,123637463
0,28241116276,123682780
0,28243410668,123722432
0,28245705070,123632128
0,28247999437,123553112
0,28250293839,123608973
0,28252588230,123657851
0,28254882621,123575619
0,28257177012,123628666
0,28259471403,123675082
0,28261765805,123715696
0,28264060171,123751234
0,28266354576,123782329
0,28268648978,123809537
0,28270943357,123708344
0,28273237749,123744801
0,28275532138,123776700
0,28277826529,123804612
0,28280120920,123829035
0,28282415311,123850405
0,28284709714,123869104
0,28287004081,123885466
0,28289298483,123899782
0,28291592875,123912309
0,28293887264,123923270
0,28296181656,123932861
0,28298476047,123941253
0,28300770449,123948596
0,28303064816,123955021
0,28305359220,123960643
0,28307653621,123965562
0,28309948001,123844866
0,28312242392,123864257
0,28314536783,123881224
0,28316831174,123896071
0,28319125563,123909062
0,28321419957,123920429
0,28323714359,123930375
0,28326008724,123939078
0,28328303128,123946693
0,28330597520,123953356
0,28332891910,123959186
0,28335186301,123964287
0,28337480690,123968751
0,28339775093,123972657
0,28342069461,123976074
0,28344363864,123979064
0,28346658267,123981681
0,28348952646,123858970
0,28351247037,123876598
0,28353541428,123892023
0,28355835816,123905520
0,28358130209,123917330
0,28360424602,123927663
0,28362719002,123936705
0,28365013371,123944616
0,28367307774,123951539
0,28369602164,123957596
0,28371896554,123962896
0,28374190945,123967534
0,28376485337,123971592
0,28378779739,123975143
0,28381074106,123978250
0,28383368511,123980968
0,28385662914,123983347
0,28387957291,123860428
0,28390251682,123877874
0,28392546072,123893139
0,28394840464,123906496
0,28397134856,123918184
0,28399429247,123928411
0,28401723650,123937359
0,28404018016,123945189
0,28406312419,123952040
0,28408606810,123958035
0,28410901201,123838280
0,28413195592,123858495
0,28415489983,123876183
0,28417784384,123891660
0,28420078754,123905202
0,28422373157,123917051
0,28424667558,123927419
0,28426961926,123811491
0,28429256329,123835054
0,28431550719,123855672
0,28433845110,123873713
0,28436139502,123889498
0,28438433894,123903310
0,28440728295,123915396
0,28443022662,123925971
0,28445317067,123935224
0,28447611456,123943321
0,28449905846,123825405
0,28452200239,123847229
0,28454494629,123866325
0,28456789020,123883034
0,28459083401,123897654
0,28461377803,123910447
0,28463672206,123921641
0,28465966573,123806435
0,28468260975,123830630
0,28470555367,123851801
0,28472849757,123870325
0,28475144149,123886534
0,28477438541,123900717
0,28479732942,123913127
0,28482027311,123923986
0,28484321715,123933487
0,28486616116,123941801
0,28488910495,123824075
0,28491204886,123846065
0,28493499276,123865306
0,28495793668,123882142
0,28498088048,123896874
0,28500382451,123909764
0,28502676855,123921043
0,28504971221,123805912
0,28507265625,123830173
0,28509560016,123851401
0,28511854405,123869975
0,28514148797,123886228
0,28516443188,123900449
0,28518737590,123912892
0,28521031959,123923780
0,28523326361,123933307
0,28525620765,123941643
0,28527915144,123823937
0,28530209535,123845944
0,28532503926,123865201
0,28534798317,123882050
0,28537092708,123896793
0,28539387100,123909693
0,28541681501,123920981
0,28543975869,123805858
0,28546270272,123830125
0,28548564664,123851359
0,28550859055,123869939
0,28553153446,123886196
0,28555447836,123900421
0,28557742241,123912868
0,28560036607,123923759
0,28562331011,123933289
0,28564625415,123941627
0,28566919792,123823923
0,28569214183,123845932
0,28571508575,123865190
0,28573802965,123882041
0,28576097357,123896785
0,28578391749,123909686
0,28580686152,123920975
0,28582980518,123805853
0,28585274921,123830121
0,28587569314,123851355
0,28589863704,123869935
0,28592158095,123886193
0,28594452488,123900418
0,28596746889,123912865
0,28599041256,123923756
0,28601335661,123933286
0,28603630062,123941625
0,28605924441,123823921
0,28608218833,123845930
0,28610513224,123865188
0,28612807615,123882039
0,28615102007,123896784
0,28617396399,123909686
0,28619690802,123920975
0,28621985169,123805853
0,28624279573,123830121
0,28626573964,123851355
0,28628868354,123869935
0,28631162747,123886193
0,28633457137,123900418
0,28635751538,123912865
0,28638045908,123923756
0,28640340310,123933286
0,28642634712,123941625
0,28644929092,123823921
0,28647223483,123845930
0,28649517875,123865188
0,28651812266,123882039
0,28654106657,123896784
0,28656401050,123909686
0,28658695452,123920975
0,28660989819,123805853
0,28663284224,123830121
0,28665578614,123851355
0,28667873005,123869935
0,28670167397,123886193
0,28672461788,123900418
0,28674756191,123912865
0,28677050559,123923756
0,28679344962,123933286
0,28681639366,123941625
0,28683933743,123823921
0,28686228134,124095930
0,28688522527,124333938
0,28690816916,124542195
0,28693111308,124849420
0,28695405701,124993242
0,28697700103,125119086
0,28699994471,125229200
0,28702288875,125325550
0,28704583265,125409856
0,28706877656,125483624
0,28709172048,125673171
0,28711466439,125714024
0,28713760842,125749771
0,28716055210,125906049
0,28718349614,125917792
0,28720644016,125928068
0,28722938396,125937059
0,28725232788,125944926
0,28727527178,125951810
0,28729821570,125957833
0,28732115961,126088103
0,28734410353,126077090
0,28736704757,126067453
0,28738999124,126059021
0,28741293528,126051643
0,28743587919,126045187
0,28745882309,126039538
0,28748176702,126159595
0,28750471092,126139645
0,28752765495,126122189
0,28755059864,126231915
0,28757354266,126202925
0,28759648669,126177559
0,28761943048,126155364
0,28764237438,126135943
0,28766531831,126118950
0,28768826221,126104081
0,28771120612,126216070
0,28773415006,126189061
0,28775709408,126165428
0,28778003774,126269749
0,28780298180,126236030
0,28782592569,126206526
0,28784886961,126180710
0,28787181353,126283121
0,28789475743,126247730
0,28791770147,126216763
0,28794064515,126314667
0,28796358918,126275333
0,28798653322,126240916
0,28800947700,126210801
0,28803242092,126184450
0,28805536485,126161393
0,28807830874,126141218
0,28810125267,126248565
0,28812419659,126217494
0,28814714061,126190307
0,28817008430,126291518
0,28819302833,126255078
0,28821597224,126223193
0,28823891616,126195293
0,28826186006,126295881
0,28828480398,126258895
0,28830774801,126226533
0,28833069168,126323216
0,28835363573,126282814
0,28837657976,126247462
0,28839952354,126216529
0,28842246747,126189462
0,28844541137,126165779
0,28846835529,126145056
0,28849129921,126251924
0,28851424312,126220433
0,28853718717,126192878
0,28856013083,126293768
0,28858307487,126257047
0,28860601879,126224916
0,28862896268,126196801
0,28865190661,126297200
0,28867485053,126260050
0,28869779454,126227543
0,28872073824,126324100
0,28874368227,126283587
0,28876662630,126248138
0,28878956998,126217120
0,28881251401,126189980
0,28883545792,126166232
0,28885840183,126145453
0,28888134575,126252271
0,28890428969,126220737
0,28892723370,126193144
0,28895017739,126294001
0,28897312144,126257250
0,28899606534,126225093
0,28901900926,126196956
0,28904195318,126172336
0,28906489708,126150794
0,28908784112,126131944
0,28911078480,126240451
0,28913372883,126210394
0,28915667287,126184094
0,28917961654,126161082
0,28920256058,126140946
0,28922550450,126123327
0,28924844839,126107911
0,28927139232,126219422
0,28929433625,126191994
0,28931728026,126167994
0,28934022395,126271994
0,28936316798,126237994
0,28938611190,126208244
0,28940905581,126182213
0,28943199972,126159436
0,28945494364,126139506
0,28947788754,126122067
0,28950083134,126231808
0,28952377539,126202832
0,28954671942,126177478
0,28956966309,126155293
0,28959260713,126135881
0,28961555104,126118895
0,28963849495,126104033
0,28966143888,126216028
0,28968438280,126189024
0,28970732683,126165396
0,28973027052,126269721
0,28975321455,126236005
0,28977615848,126206504
0,28979910238,126180691
0,28982204629,126158104
0,28984499022,126138341
0,28986793411,126121048
0,28989087793,126230917
0,28991382197,126202052
0,28993676599,126176795
0,28995970968,126154695
0,28998265371,126135358
0,29000559763,126118438
0,29002854154,126103633
0,29005148544,126215678
0,29007442937,126188718
0,29009737339,126165128
0,29012031708,126269487
0,29014326113,126235801
0,29016620516,126206325
0,29018914896,126180534
0,29021209288,126157967
0,29023503679,126138221
0,29025798071,126120943
0,29028092465,126230825
0,29030386855,126201971
0,29032681259,126176724
0,29034975626,126154633
0,29037270030,126135303
0,29039564422,126118390
0,29041858812,126103591
0,29044153204,126215642
0,29046447596,126188686
0,29048741998,126165100
0,29051036368,126269462
0,29053330772,126235779
0,29055625176,126206306
0,29057919555,126180517
0,29060213947,126157952
0,29062508338,126138208
0,29064802730,126120932
0,29067097121,126230815
0,29069391514,126201963
0,29071685918,126176717
0,29073980283,126154627
0,29076274688,126135298
0,29078569079,126118385
0,29080863471,126103586
0,29083157864,126215637
0,29085452254,126188682
0,29087746659,126165096
0,29090041027,126269459
0,29092335431,126235776
0,29094629834,126206304
0,29096924214,126180516
0,29099218605,126157951
0,29101512997,126138207
0,29103807387,126120931
0,29106101780,126230814
0,29108396173,126201962
0,29110690574,126176716
0,29112984944,126154626
0,29115279349,126135297
0,29117573739,126118384
0,29119868131,126103586
0,29122162523,126215637
0,29124456914,126188682
0,29126751317,126165096
0,29129045685,126269459
0,29131340090,126235776
0,29133634494,126206304
0,29135928872,126180516
0,29138223265,126157951
0,29140517656,126138207
0,29142812048,126120931
0,29145106441,126230814
0,29147400833,126201962
0,29149695236,126176716
0,29151989603,126154626
0,29154284006,126135297
0,29156578399,126118384
0,29158872790,126103586
0,29161167183,126215637
0,29163461574,126188682
0,29165755977,126165096
0,29168050346,126269459
0,29170344752,126235776
0,29172639153,126206304
0,29174933533,126180516
0,29177227925,126157951
0,29179522316,126138207
0,29181816708,126120931
0,29184111100,126230814
0,29186405493,126201962
0,29188699897,126176716
0,29190994264,126154626
0,29193288668,126135297
0,29195583060,126118384
0,29197877450,126103586
0,29200171844,126215637
0,29202466233,126188682
0,29204760638,126165096
0,29207055007,126269459
0,29209349411,126235776
0,29211643815,126206304
0,29213938194,126180516
0,29216232586,126532951
0,29218526977,126716332
0,29220821369,126876790
0,29223115760,127142191
0,29225410155,127374417
0,29227704556,127452614
0,29229998926,127521037
0,29232293329,127705907
0,29234587721,127742668
0,29236882112,127774834
0,29239176504,127927979
0,29241470895,128061981
0,29243765301,128054233
0,29246059667,128172453
0,29248354073,128275896
0,29250648477,128241409
0,29252942856,128211232
0,29255237248,128309828
0,29257531639,128271099
0,29259826030,128237211
0,29262120424,128332559
0,29264414816,128415989
0,29266709219,128363990
0,29269003588,128443491
0,29271297991,128513054
0,29273592383,128448922
0,29275886773,128392806
0,29278181166,128468705
0,29280475558,128535116
0,29282769962,128468226
0,29285064330,128534697
0,29287358736,128592859
0,29289653137,128518751
0,29291947518,128453907
0,29294241909,128522168
0,29296536302,128456897
0,29298830693,128399784
0,29301125086,128474811
0,29303419478,128540459
0,29305713883,128472901
0,29308008248,128538788
0,29310302653,128596439
0,29312597046,128521884
0,29314891437,128456648
0,29317185830,128524567
0,29319480221,128583996
0,29321774624,128510996
0,29324068993,128572121
0,29326363397,128625605
0,29328657801,128547404
0,29330952168,128478978
0,29333246573,128544105
0,29335540965,128476091
0,29337835356,128416579
0,29340129748,128489506
0,29342424141,128553317
0,29344718544,128484152
0,29347012913,128548633
0,29349307318,128605053
0,29351601708,128529421
0,29353896100,128463243
0,29356190492,128530337
0,29358484885,128589044
0,29360779288,128515413
0,29363073657,128575986
0,29365368061,128628987
0,29367662465,128550363
0,29369956831,128481567
0,29372251238,128546371
0,29374545629,128478074
0,29376840021,128418314
0,29379134413,128491024
0,29381428806,128554646
0,29383723208,128485315
0,29386017578,128549650
0,29388311981,128605943
0,29390606374,128530200
0,29392900764,128463925
0,29395195157,128530934
0,29397489548,128464567
0,29399783952,128406496
0,29402078321,128480684
0,29404372727,128545598
0,29406667128,128477398
0,29408961497,128417723
0,29411255901,128490507
0,29413550293,128429193
0,29415844685,128375543
0,29418139078,128453600
0,29420433471,128521900
0,29422727873,128456662
0,29425022242,128524579
0,29427316646,128584006
0,29429611039,128511005
0,29431905429,128447129
0,29434199823,128516237
0,29436494213,128451707
0,29438788606,128395243
0,29441082986,128470837
0,29443377392,128536982
0,29445671794,128469859
0,29447966163,128411126
0,29450260565,128484735
0,29452554959,128424143
0,29454849349,128371125
0,29457143743,128449734
0,29459438135,128518517
0,29461732538,128453702
0,29464026908,128521989
0,29466321312,128581740
0,29468615704,128509022
0,29470910095,128445394
0,29473204487,128514719
0,29475498878,128450379
0,29477793272,128394081
0,29480087652,128469820
0,29482382057,128536092
0,29484676460,128469080
0,29486970827,128410445
0,29489265233,128484139
0,29491559625,128423621
0,29493854016,128370668
0,29496148409,128449334
0,29498442800,128518167
0,29500737204,128453396
0,29503031575,128521721
0,29505325978,128581505
0,29507620370,128508816
0,29509914761,128445214
0,29512209154,128514562
0,29514503546,128450241
0,29516797938,128393960
0,29519092330,128469715
0,29521386723,128536000
0,29523681127,128469000
0,29525975495,128410375
0,29528269900,128484078
0,29530564290,128423568
0,29532858684,128370622
0,29535153076,128449294
0,29537447468,128518132
0,29539741872,128453365
0,29542036240,128521694
0,29544330645,128581482
0,29546625037,128508796
0,29548919428,128445196
0,29551213821,128514546
0,29553508213,128450227
0,29555802604,128393948
0,29558096997,128469704
0,29560391391,128535991
0,29562685794,128468992
0,29564980163,128410368
0,29567274567,128484072
0,29569568959,128423563
0,29571863350,128370617
0,29574157742,128449289
0,29576452136,128518127
0,29578746539,128453361
0,29581040908,128521690
0,29583335313,128581478
0,29585629715,128508793
0,29587924096,128445193
0,29590218490,128514543
0,29592512881,128450225
0,29594807272,128393946
0,29597101666,128469702
0,29599396057,128535989
0,29601690463,128468990
0,29603984830,128410366
0,29606279235,128484070
0,29608573628,128423561
0,29610868018,128370615
0,29613162412,128449288
0,29615456803,128518127
0,29617751207,128453361
0,29620045577,128521690
0,29622339981,128581478
0,29624634384,128508793
0,29626928765,128445193
0,29629223158,128514543
0,29631517549,128450225
0,29633811941,128393946
0,29636106333,128469702
0,29638400727,128535989
0,29640695132,128468990
0,29642989498,128410366
0,29645283905,128484070
0,29647578294,128423561
0,29649872688,128370615
0,29652167081,128449288
0,29654461472,128518127
0,29656755877,128453361
0,29659050245,128521690
0,29661344650,128581478
0,29663639053,128508793
0,29665933434,128445193
0,29668227827,128514543
0,29670522219,128450225
0,29672816611,128393946
0,29675111003,128469702
0,29677405397,128535989
0,29679699799,128468990
0,29681994169,128410366
0,29684288574,128484070
0,29686582965,128423561
0,29688877358,128370615
0,29691171750,128449288
0,29693466142,128518127
0,29695760547,128453361
0,29698054914,128521690
0,29700349321,128581478
0,29702643723,128508793
0,29704938104,128445193
0,29707232497,128514543
0,29709526888,128450225
0,29711821281,128393946
0,29714115673,128469702
0,29716410066,128535989
0,29718704471,128468990
0,29720998839,128410366
0,29723293243,128484070
0,29725587636,128423561
0,29727882027,128370615
0,29730176421,128449288
0,29732470813,128518127
0,29734765216,128453361
0,29737059585,128521690
0,29739353991,128581478
0,29741648394,128508793
0,29743942763,128445193
0,29746237167,128764543
0,29748531560,129043975
0,29750825952,129163478
0,29753120344,129393043
0,29755414737,129593912
0,29757709142,129769673
0,29760003510,129923463
0,29762297915,130058030
0,29764592307,130175776
0,29766886698,130153804
0,29769181092,130259578
0,29771475483,130352130
0,29773769888,130433113
0,29776064257,130503973
0,29778358661,130565976
0,29780653066,130620229
0,29782947434,130542700
0,29785241839,130599862
0,29787536231,130649879
0,29789830622,130568644
0,29792125015,130622563
0,29794419410,130669742
0,29796713812,130711024
0,29799008181,130747146
0,29801302587,130778752
0,29803596978,130806408
0,29805891371,130705607
0,29808185764,130742406
0,29810480155,130774605
0,29812774560,130802779
0,29815068928,130827431
0,29817363334,130849002
0,29819657738,130867876
0,29821952105,130759391
0,29824246512,130789467
0,29826540903,130815783
0,29828835295,130713810
0,29831129689,130749583
0,29833424080,130780885
0,29835718485,130808274
0,29838012854,130832239
0,29840307258,130853209
0,29842601651,130871557
0,29844896043,130762612
0,29847190436,130792285
0,29849484829,130818249
0,29851779231,130840967
0,29854073601,130860846
0,29856368008,130878240
0,29858662409,130893460
0,29860956779,130781777
0,29863251185,130809054
0,29865545575,130832922
0,29867839969,130728806
0,29870134361,130762705
0,29872428753,130792366
0,29874723160,130818320
0,29877017526,130841030
0,29879311932,130860901
0,29881606325,130878288
0,29883900716,130768502
0,29886195110,130797439
0,29888489501,130822759
0,29890783905,130719914
0,29893078276,130754924
0,29895372679,130785558
0,29897667084,130812363
0,29899961453,130710817
0,29902255856,130746964
0,29904550250,130778593
0,29906844643,130681268
0,29909139034,130721109
0,29911433428,130755970
0,29913727832,130786473
0,29916022200,130813163
0,29918316606,130836517
0,29920610998,130856952
0,29922905390,130749833
0,29925199784,130781103
0,29927494176,130808465
0,29929788568,130707406
0,29932082949,130743980
0,29934377355,130775982
0,29936671759,130803984
0,29938966127,130703486
0,29941260533,130740550
0,29943554924,130772981
0,29945849316,130676358
0,29948143710,130716813
0,29950438101,130752211
0,29952732507,130783184
0,29955026875,130810286
0,29957321280,130834000
0,29959615673,130854750
0,29961910065,130747906
0,29964204458,130779417
0,29966498851,130806989
0,29968793242,130706115
0,29971087624,130742850
0,29973382030,130774993
0,29975676432,130803118
0,29977970802,130702728
0,29980265207,130739887
0,29982559599,130772401
0,29984853992,130675850
0,29987148385,130716368
0,29989442777,130751822
0,29991737180,130782844
0,29994031550,130809988
0,29996325956,130833739
0,29998620348,130854521
0,30000914740,130747705
0,30003209134,130779241
0,30005503524,130806835
0,30007797918,130705980
0,30010092312,130742732
0,30012386704,130774890
0,30014681109,130803028
0,30016975477,130702649
0,30019269882,130739817
0,30021564275,130772339
0,30023858667,130675796
0,30026153060,130716321
0,30028447454,130751780
0,30030741856,130782807
0,30033036226,130809956
0,30035330633,130833711
0,30037625024,130854497
0,30039919416,130747684
0,30042213810,130779223
0,30044508202,130806820
0,30046802594,130705967
0,30049096988,130742721
0,30051391381,130774880
0,30053685785,130803020
0,30055980153,130702642
0,30058274560,130739811
0,30060568951,130772334
0,30062863343,130675792
0,30065157738,130716318
0,30067452128,130751778
0,30069746533,130782805
0,30072040904,130809954
0,30074335307,130833709
0,30076629700,130854495
0,30078924094,130747683
0,30081218485,130779222
0,30083512879,130806819
0,30085807272,130705966
0,30088101664,130742720
0,30090396058,130774880
0,30092690462,130803020
0,30094984832,130702642
0,30097279236,130739811
0,30099573628,130772334
0,30101868022,130675792
0,30104162414,130716318
0,30106456806,130751778
0,30108751212,130782805
0,30111045579,130809954
0,30113339986,130833709
0,30115634393,130854495
0,30117928771,130747683
0,30120223165,130779222
0,30122517558,130806819
0,30124811949,130705966
0,30127106344,130742720
0,30129400737,130774880
0,30131695142,130803020
0,30133989510,130702642
0,30136283914,130739811
0,30138578308,130772334
0,30140872700,130675792
0,30143167093,130716318
0,30145461487,130751778
0,30147755890,130782805
0,30150050260,130809954
0,30152344667,130833709
0,30154639069,130854495
0,30156933451,130747683
0,30159227844,130779222
0,30161522237,130806819
0,30163816630,130705966
0,30166111022,130742720
0,30168405417,130774880
0,30170699821,130803020
0,30172994188,130702642
0,30175288595,130739811
0,30177582987,130772334
0,30179877380,130675792
0,30182171773,130716318
0,30184466166,130751778
0,30186760570,130782805
0,30189054940,130809954
0,30191349346,130833709
0,30193643749,130854495
0,30195938118,130747683
0,30198232523,130779222
0,30200526915,130806819
0,30202821309,130705966
0,30205115701,130742720
0,30207410096,130774880
0,30209704499,130803020
0,30211998869,130702642
0,30214293275,130739811
0,30216587665,130772334
0,30218882060,130675792
0,30221176452,130716318
0,30223470845,130751778
0,30225765250,130782805
0,30228059619,130809954
0,30230354025,130833709
0,30232648429,130854495
0,30234942797,130747683
0,30237237204,130779222
0,30239531596,130806819
0,30241825988,130705966
0,30244120382,130742720
0,30246414776,130774880
0,30248709179,130803020
0,30251003549,130827642
0,30253297955,130849186
0,30255592346,130868037
0,30257886739,130759532
0,30260181132,130789590
0,30262475526,130815891
0,30264769929,130838904
0,30267064299,130859041
0,30269358706,130876660
0,30271653108,130892077
0,30273947478,130780567
0,30276241884,131057996
0,30278536276,131300746
0,30280830669,131513152
0,30283125062,131699008
0,30285419456,131861632
0,30287713861,132003928
0,30290008230,132253437
0,30292302634,132346757
0,30294597028,132428412
0,30296891420,132499860
0,30299185813,132562377
0,30301480206,132617079
0,30303774610,132664944
0,30306068982,132831826
0,30308363385,132852847
0,30310657790,132871241
0,30312952160,132887335
0,30315246564,132901418
0,30317540957,132913740
0,30319835349,132924522
0,30322129744,132933956
0,30324424136,132942211
0,30326718542,132949434
0,30329012910,133080754
0,30331307318,133070659
0,30333601708,133061826
0,30335896102,133054097
0,30338190495,133047334
0,30340484888,133041417
0,30342779293,133036239
0,30345073661,133156709
0,30347368068,133137120
0,30349662473,133119980
0,30351956841,133104982
0,30354251246,133091859
0,30356545640,133080376
0,30358840032,133070329
0,30361134426,133061537
0,30363428818,133053844
0,30365723223,133047113
0,30368017594,133166223
0,30370311998,133145445
0,30372606391,133127264
0,30374900783,133111356
0,30377195178,133097436
0,30379489570,133085256
0,30381783963,133074599
0,30384078344,133065274
0,30386372751,133057114
0,30388667154,133049974
0,30390961523,133043727
0,30393255930,133038261
0,30395550321,133033478
0,30397844715,133029293
0,30400139108,133025631
0,30402433501,133022427
0,30404727907,133019623
0,30407022276,133142170
0,30409316681,133124398
0,30411611075,133108848
0,30413905466,133095242
0,30416199861,133083336
0,30418494254,133072919
0,30420788646,133063804
0,30423083028,133055828
0,30425377433,133048849
0,30427671838,133042742
0,30429966208,133037399
0,30432260613,133032724
0,30434555004,133028633
0,30436849398,133025053
0,30439143791,133021921
0,30441438185,133019180
0,30443732590,133016782
0,30446026959,133139684
0,30448321365,133122223
0,30450615758,133106945
0,30452910150,133093576
0,30455204545,133081879
0,30457498936,133071644
0,30459793331,133062688
0,30462087723,133054852
0,30464382117,133047995
0,30466676522,133041995
0,30468970892,133036745
0,30471265297,133032151
0,30473559690,133028132
0,30475854081,133024615
0,30478148477,133021538
0,30480442869,133018845
0,30482737274,133016489
0,30485031643,133139427
0,30487326049,133121998
0,30489620442,133106748
0,30491914836,133093404
0,30494209228,133081728
0,30496503621,133071512
0,30498798014,133062573
0,30501092409,133054751
0,30503386803,133047907
0,30505681206,133041918
0,30507975575,133036678
0,30510269982,133032093
0,30512564374,133028081
0,30514858768,133024570
0,30517153160,133021498
0,30519447553,133018810
0,30521741959,133016458
0,30524036330,133139400
0,30526330734,133121975
0,30528625127,133106728
0,30530919519,133093387
0,30533213915,133081713
0,30535508308,133071498
0,30537802700,133062560
0,30540097093,133054740
0,30542391488,133047897
0,30544685892,133041909
0,30546980263,133036670
0,30549274667,133032086
0,30551569060,133028075
0,30553863453,133024565
0,30556157847,133021494
0,30558452240,133018807
0,30560746645,133016456
0,30563041013,133139399
0,30565335421,133121974
0,30567629813,133106727
0,30569924207,133093386
0,30572218600,133081712
0,30574512992,133071498
0,30576807385,133062560
0,30579101780,133054740
0,30581396173,133047897
0,30583690579,133041909
0,30585984946,133036670
0,30588279353,133032086
0,30590573746,133028075
0,30592868139,133024565
0,30595162533,133021494
0,30597456927,133018807
0,30599751329,133016456
0,30602045701,133139399
0,30604340108,133121974
0,30606634499,133106727
0,30608928894,133093386
0,30611223286,133081712
0,30613517680,133071498
0,30615812072,133062560
0,30618106466,133054740
0,30620400860,133047897
0,30622695266,133041909
0,30624989633,133036670
0,30627284041,133032086
0,30629578431,133028075
0,30631872826,133024565
0,30634167222,133021494
0,30636461612,133018807
0,30638756018,133016456
0,30641050388,133139399
0,30643344794,133121974
0,30645639187,133106727
0,30647933569,133093386
0,30650227973,133081712
0,30652522368,133071498
0,30654816758,133062560
0,30657111154,133054740
0,30659405547,133047897
0,30661699953,133041909
0,30663994323,133036670
0,30666288728,133032086
0,30668583121,133028075
0,30670877514,133024565
0,30673171908,133021494
0,30675466301,133018807
0,30677760706,133016456
0,30680055074,133139399
0,30682349482,133121974
0,30684643886,133106727
0,30686938256,133093386
0,30689232664,133081712
0,30691527054,133071498
0,30693821448,133062560
0,30696115842,133054740
0,30698410236,133047897
0,30700704641,133041909
0,30702999011,133036670
0,30705293415,133032086
0,30707587809,133028075
0,30709882202,133024565
0,30712176596,133021494
0,30714470991,133018807
0,30716765394,133016456
0,30719059765,133139399
0,30721354169,133121974
0,30723648575,133106727
0,30725942946,133093386
0,30728237351,133081712
0,30730531745,133071498
0,30732826138,133062560
0,30735120530,133054740
0,30737414924,133047897
0,30739709331,133041909
0,30742003700,133161670
0,30744298106,133141461
0,30746592500,133123778
0,30748886891,133108305
0,30751181286,133094766
0,30753475677,133082920
0,30755770084,133072555
0,30758064455,133188485
0,30760358860,133164924
0,30762653266,133144308
0,30764947633,133126269
0,30767242040,133110485
0,30769536433,133096674
0,30771830826,133084589
0,30774125222,133074015
0,30776419615,133064763
0,30778714020,133056667
0,30781008388,133174583
0,30783302795,133152760
0,30785597187,133133665
0,30787891582,133116956
0,30790185977,133102336
0,30792480369,133089544
0,30794774774,133078351
0,30797069143,133193557
0,30799363550,133169362
0,30801657955,133148191
0,30803952324,133129667
0,30806246732,133113458
0,30808541122,133099275
0,30810835517,133086865
0,30813129912,133076006
0,30815424303,133066505
0,30817718711,133058191
0,30820013079,133175917
0,30822307486,133153927
0,30824601878,133134686
0,30826896272,133117850
0,30829190667,133103118
0,30831485060,133090228
0,30833779464,133078949
0,30836073834,133194080
0,30838368242,133169820
0,30840662646,133148592
0,30842957015,133130018
0,30845251422,133113765
0,30847545814,133099544
0,30849840208,133087101
0,30852134603,133076213
0,30854428995,133316686
0,30856723403,133527100
0,30859017770,133836212
0,30861312177,134106685
0,30863606571,134218349
0,30865900963,134316055
0,30868195359,134526548
0,30870489749,134585729
0,30872784144,134637512
0,30875078528,134807823
0,30877372931,134831845
0,30879667338,134852864
0,30881961708,134871256
0,30884256113,135012349
0,30886550508,135010805
0,30888844899,135009454
0,30891139294,135133272
0,30893433687,135116613
0,30895728092,135102036
0,30898022463,135214281
0,30900316868,135312495
0,30902611262,135273433
0,30904905656,135239253
0,30907200050,135334346
0,30909494443,135292552
0,30911788837,135255983
0,30914083217,135348985
0,30916377625,135305361
0,30918672030,135267190
0,30920966399,135233791
0,30923260807,135329567
0,30925555199,135288371
0,30927849593,135252324
0,30930143988,135345783
0,30932438378,135302560
0,30934732786,135264740
0,30937027154,135356647
0,30939321561,135437066
0,30941615955,135382432
0,30943910348,135334628
0,30946204743,135417799
0,30948499136,135365574
0,30950793529,135319877
0,30953087923,135404892
0,30955382317,135354280
0,30957676722,135309995
0,30959971093,135271245
0,30962265498,135362339
0,30964559892,135317046
0,30966854286,135277415
0,30969148680,135367738
0,30971443074,135321770
0,30973737480,135281548
0,30976031848,135371354
0,30978326255,135449934
0,30980620648,135393692
0,30982915041,135344480
0,30985209437,135426420
0,30987503828,135373117
0,30989798223,135326477
0,30992092619,135410667
0,30994387012,135359333
0,30996681417,135314416
0,30998975787,135275114
0,31001270192,135365724
0,31003564586,135320008
0,31005858979,135280007
0,31008153373,135370006
0,31010447768,135323755
0,31012742172,135283285
0,31015036543,135372874
0,31017330951,135451264
0,31019625342,135394856
0,31021919736,135345499
0,31024214131,135427311
0,31026508523,135373897
0,31028802918,135327159
0,31031097312,135411264
0,31033391705,135359856
0,31035686112,135314874
0,31037980481,135275514
0,31040274887,135366074
0,31042569281,135320314
0,31044863674,135280274
0,31047158068,135370239
0,31049452461,135323959
0,31051746867,135283464
0,31054041238,135373031
0,31056335644,135451402
0,31058630038,135394976
0,31060924430,135345604
0,31063218825,135427403
0,31065513219,135373977
0,31067807612,135327229
0,31070102007,135411325
0,31072396402,135359909
0,31074690805,135314920
0,31076985176,135275555
0,31079279583,135366110
0,31081573975,135320346
0,31083868370,135280302
0,31086162765,135370264
0,31088457157,135323981
0,31090751564,135283483
0,31093045933,135373047
0,31095340339,135451416
0,31097634734,135394989
0,31099929115,135345615
0,31102223520,135427413
0,31104517914,135373986
0,31106812307,135327237
0,31109106703,135411332
0,31111401097,135359915
0,31113695503,135314925
0,31115989872,135275559
0,31118284278,135366114
0,31120578673,135320349
0,31122873066,135280305
0,31125167460,135370266
0,31127461855,135323982
0,31129756257,135283484
0,31132050629,135373048
0,31134345037,135451417
0,31136639428,135394989
0,31138933810,135345615
0,31141228217,135427413
0,31143522610,135373986
0,31145817005,135327237
0,31148111399,135411332
0,31150405794,135359915
0,31152700199,135314925
0,31154994568,135275559
0,31157288976,135366114
0,31159583370,135320349
0,31161877762,135280305
0,31164172158,135370266
0,31166466550,135323982
0,31168760956,135283484
0,31171055328,135373048
0,31173349734,135451417
0,31175644125,135394989
0,31177938507,135345615
0,31180232914,135427413
0,31182527308,135373986
0,31184821701,135327237
0,31187116096,135411332
0,31189410490,135359915
0,31191704895,135314925
0,31193999266,135275559
0,31196293674,135366114
0,31198588065,135320349
0,31200882460,135280305
0,31203176855,135370266
0,31205471248,135323982
0,31207765654,135283484
0,31210060025,135373048
0,31212354432,135451417
0,31214648837,135394989
0,31216943206,135345615
0,31219237613,135427413
0,31221532006,135373986
0,31223826399,135327237
0,31226120795,135411332
0,31228415187,135359915
0,31230709594,135314925
0,31233003965,135400559
0,31235298370,135475489
0,31237592764,135416052
0,31239887157,135364045
0,31242181552,135443539
0,31244475947,135388096
0,31246770352,135339584
0,31249064723,135422136
0,31251359131,135494369
0,31253653535,135432572
0,31255947906,135378500
0,31258242312,135456187
0,31260536706,135399163
0,31262831100,135349267
0,31265125494,135430608
0,31267419888,135376782
0,31269714295,135329684
0,31272008664,135413473
0,31274303071,135486788
0,31276597466,135425939
0,31278891858,135372696
0,31281186253,135451109
0,31283480647,135394720
0,31285775052,135345380
0,31288069424,135427207
0,31290363830,135498806
0,31292658236,135436455
0,31294952606,135381898
0,31297247012,135459160
0,31299541406,135401765
0,31301835800,135351544
0,31304130195,135432601
0,31306424588,135378525
0,31308718994,135331209
0,31311013365,135414807
0,31313307772,135487956
0,31315602164,135426961
0,31317896559,135373590
0,31320190954,135451891
0,31322485347,135395404
0,31324779753,135345978
0,31327074124,135427730
0,31329368531,135499263
0,31331662937,135436855
0,31333957306,135382248
0,31336251713,135459467
0,31338546108,135402033
0,31340840500,135351778
0,31343134895,135432805
0,31345429288,135378704
0,31347723695,135331366
0,31350018066,135414945
0,31352312472,135488076
0,31354606866,135427066
0,31356901259,135373682
0,31359195654,135451971
0,31361490048,135395474
0,31363784442,135346039
0,31366078825,135427784
0,31368373232,135374311
0,31370667636,135327522
0,31372962007,135286581
0,31375256415,135375758
0,31377550807,135328788
0,31379845202,135287689
0,31382139596,135376727
0,31384433990,135329636
0,31386728397,135288431
0,31389022767,135377377
0,31391317173,135455204
0,31393611568,135398303
0,31395905960,135348515
0,31398200356,135429950
0,31400494749,135376206
0,31402789143,135329180
0,31405083527,135413032
0,31407377933,135361403
0,31409672338,135316227
0,31411966709,135276698
0,31414261115,135367110
0,31416555509,135321221
0,31418849903,135281068
0,31421144297,135370934
0,31423438692,135324567
0,31425733098,135283996
0,31428027468,135373496
0,31430321875,135451809
0,31432616268,135770332
0,31434910662,135924040
0,31437205057,136183535
0,31439499451,136410593
0,31441793846,136484268
0,31444088240,136673734
0,31446382635,136839517
0,31448677041,136859577
0,31450971410,136877129
0,31453265817,137017487
0,31455560212,137140301
0,31457854604,137122763
0,31460149000,137232417
0,31462443393,137328364
0,31464737800,137287318
0,31467032171,137376403
0,31469326577,137454352
0,31471620970,137522558
0,31473915365,137457238
0,31476209759,137525083
0,31478504154,137584447
0,31480798547,137511391
0,31483092942,137572467
0,31485387337,137625908
0,31487681742,137547669
0,31489976113,137479210
0,31492270521,137544308
0,31494564913,137601269
0,31496859308,137526110
0,31499153703,137585346
0,31501448096,137637177
0,31503742504,137557529
0,31506036874,137612837
0,31508331280,137661232
0,31510625675,137703578
0,31512920056,137615630
0,31515214463,137663676
0,31517508857,137705716
0,31519803250,137617501
0,31522097646,137665313
0,31524392040,137707148
0,31526686446,137618754
0,31528980817,137541409
0,31531275223,137598732
0,31533569617,137648890
0,31535864011,137567778
0,31538158406,137621805
0,31540452801,137669079
0,31542747207,137585444
0,31545041577,137637263
0,31547335985,137682605
0,31549630377,137722279
0,31551924761,137631994
0,31554219168,137677994
0,31556513561,137718244
0,31558807955,137628463
0,31561102351,137674905
0,31563396745,137715541
0,31565691151,137626098
0,31567985521,137547835
0,31570279928,137604355
0,31572574322,137653810
0,31574868715,137572083
0,31577163111,137625572
0,31579457504,137672375
0,31581751910,137588328
0,31584046282,137639787
0,31586340688,137684813
0,31588635082,137724211
0,31590929465,137633684
0,31593223870,137679473
0,31595518266,137719538
0,31597812660,137629595
0,31600107056,137675895
0,31602401451,137716408
0,31604695856,137626857
0,31606990226,137548499
0,31609284634,137604936
0,31611579026,137654319
0,31613873421,137572529
0,31616167816,137625962
0,31618462209,137672716
0,31620756616,137588626
0,31623050987,137640047
0,31625345394,137685041
0,31627639788,137724410
0,31629934169,137633858
0,31632228577,137679625
0,31634522972,137719671
0,31636817365,137629712
0,31639111761,137675998
0,31641406155,137716498
0,31643700562,137626935
0,31645994933,137548568
0,31648289339,137604997
0,31650583733,137654372
0,31652878126,137572575
0,31655172522,137626003
0,31657466916,137672752
0,31659761322,137588658
0,31662055693,137640075
0,31664350100,137685065
0,31666644493,137724431
0,31668938877,137633877
0,31671233284,137679642
0,31673527677,137719686
0,31675822072,137629725
0,31678116468,137676009
0,31680410861,137716507
0,31682705269,137626943
0,31684999639,137548575
0,31687294045,137605003
0,31689588440,137654377
0,31691882833,137572579
0,31694177229,137626006
0,31696471623,137672755
0,31698766029,137588660
0,31701060401,137640077
0,31703354807,137685067
0,31705649201,137724433
0,31707943584,137633878
0,31710237991,137679643
0,31712532385,137719687
0,31714826778,137629726
0,31717121174,137676010
0,31719415568,137716508
0,31721709975,137626944
0,31724004345,137673576
0,31726298754,137714379
0,31728593146,137750081
0,31730887541,137656320
0,31733181937,137699280
0,31735476329,137736870
0,31737770736,137644761
0,31740065107,137689165
0,31742359515,137728019
0,31744653921,137762016
0,31746948291,137666764
0,31749242698,137708418
0,31751537093,137744865
0,31753831486,137651756
0,31756125882,137695286
0,31758420276,137733375
0,31760714682,137641703
0,31763009054,137686490
0,31765303460,137725678
0,31767597854,137759968
0,31769892249,137664972
0,31772186644,137706850
0,31774481039,137743493
0,31776775445,137650556
0,31779069816,137694236
0,31781364224,137732456
0,31783658629,137765899
0,31785952999,137670161
0,31788247407,137711390
0,31790541799,137747466
0,31792836194,137654032
0,31795130590,137697278
0,31797424985,137735118
0,31799719392,137643228
0,31802013763,137687824
0,31804308169,137726846
0,31806602564,137760990
0,31808896956,137665866
0,31811191353,137707632
0,31813485747,137744178
0,31815780152,137651155
0,31818074526,137694760
0,31820368933,137732915
0,31822663338,137766300
0,31824957710,137670512
0,31827252116,137711698
0,31829546510,137747735
0,31831840903,137654268
0,31834135299,137697484
0,31836429693,137735298
0,31838724102,137643385
0,31841018472,137687961
0,31843312880,137726965
0,31845607272,137761094
0,31847901668,137665957
0,31850196063,137707712
0,31852490456,137744248
0,31854784850,137651217
0,31857079234,137694814
0,31859373641,137732962
0,31861668049,137641341
0,31863962419,137561173
0,31866256826,137616026
0,31868551221,137664022
0,31870845614,137581019
0,31873140010,137633391
0,31875434404,137679217
0,31877728811,137594314
0,31880023182,137645024
0,31882317589,137689396
0,31884611983,137728221
0,31886906378,137637193
0,31889200773,137682543
0,31891495167,137722225
0,31893789561,137631946
0,31896083945,137677952
0,31898378352,137718208
0,31900672758,137628432
0,31902967129,137549878
0,31905261537,137606143
0,31907555929,137655375
0,31909850324,137573453
0,31912144720,137626771
0,31914439114,137673424
0,31916733522,137589246
0,31919027892,137640590
0,31921322300,137685516
0,31923616695,137724826
0,31925911089,137634222
0,31928205484,137679944
0,31930499879,137719951
0,31932794273,137629957
0,31935088668,137676212
0,31937383063,137716685
0,31939677469,137627099
0,31941971841,137548711
0,31944266247,137605122
0,31946560642,137654481
0,31948855037,137572670
0,31951149431,137626086
0,31953443826,137672825
0,31955738234,137588721
0,31958032604,137640130
0,31960327012,137685113
0,31962621405,137724473
0,31964915789,137633913
0,31967210196,137679673
0,31969504589,137719713
0,31971798983,137629748
0,31974093380,137676029
0,31976387774,137716525
0,31978682182,137626959
0,31980976553,137548589
0,31983270959,137605015
0,31985565354,137654388
0,31987859747,137572589
0,31990154144,137626015
0,31992448539,137672763
0,31994742946,137588667
0,31997037317,137640083
0,31999331724,137685072
0,32001626117,137724438
0,32003920501,137633883
0,32006214909,137679647
0,32008509302,137719691
0,32010803698,138004729
0,32013098092,138254137
0,32015392488,138472369
0,32017686893,138663322
0,32019981264,138705406
0,32022275673,138867230
0,32024570066,139008826
0,32026864461,139132722
0,32029158857,139241131
0,32031453250,139335989
0,32033747658,139418990
0,32036042028,139491616
0,32038336437,139555164
0,32040630832,139610768
0,32042925214,139659422
0,32045219621,139701994
0,32047514016,139739244
0,32049808409,139771838
0,32052102807,139800358
0,32054397203,139825313
0,32056691607,139847148
0,32058985979,139741254
0,32061280386,139773597
0,32063574779,139801897
0,32065869176,139826659
0,32068163572,139848326
0,32070457965,139867285
0,32072752373,139883874
0,32075046742,139898389
0,32077341150,139911090
0,32079635544,139922203
0,32081929928,139931927
0,32084224336,139940436
0,32086518728,139947881
0,32088813123,139954395
0,32091107520,139960095
0,32093401913,139965083
0,32095696322,139969447
0,32097990693,139848266
0,32100285099,139867232
0,32102579494,139883828
0,32104873889,139898349
0,32107168284,139911055
0,32109462680,139922173
0,32111757085,139931901
0,32114051457,139940413
0,32116345864,139947861
0,32118640259,139954378
0,32120934642,139960080
0,32123229050,139965070
0,32125523444,139969436
0,32127817839,139973256
0,32130112234,139976599
0,32132406629,139979524
0,32134701037,139982083
0,32136995407,139859322
0,32139289815,139876906
0,32141584209,139892292
0,32143878604,139905755
0,32146173000,139917535
0,32148467394,139927843
0,32150761801,139936862
0,32153056172,139944754
0,32155350580,139951659
0,32157644975,139957701
0,32159939357,139962988
0,32162233765,139967614
0,32164528160,139971662
0,32166822554,139975204
0,32169116950,139978303
0,32171411345,139981015
0,32173705752,139983388
0,32176000123,139985464
0,32178294531,139987281
0,32180588925,139988870
0,32182883320,139990261
0,32185177716,139991478
0,32187472110,139992543
0,32189766517,139993475
0,32192060888,139994290
0,32194355296,139995003
0,32196649690,139995627
0,32198944073,139996173
0,32201238482,139996651
0,32203532875,139997069
0,32205827270,139997435
0,32208121666,139997755
0,32210416060,139998035
0,32212710469,139998280
0,32215004839,139998495
0,32217299246,139998683
0,32219593641,139998847
0,32221888036,139998991
0,32224182432,139999117
0,32226476827,139999227
0,32228771232,139999323
0,32231065604,139999407
0,32233360012,139999481
0,32235654407,139999545
0,32237948791,139999601
0,32240243198,139999650
0,32242537591,139999693
0,32244831988,139999731
0,32247126383,139999764
0,32249420778,139999793
0,32251715185,139999818
0,32254009556,139999840
0,32256303964,139999860
0,32258598359,139999877
0,32260892753,139999892
0,32263187150,139999905
0,32265481542,139999916
0,32267775951,139999926
0,32270070323,139999935
0,32272364730,139999943
0,32274659137,139999950
0,32276953507,139999956
0,32279247916,139999961
0,32281542311,139999965
0,32283836704,139999969
0,32286131100,139999972
0,32288425496,139999975
0,32290719903,139999978
0,32293014274,139999980
0,32295308681,139999982
0,32297603075,139999984
0,32299897471,139999986
0,32302191867,139999987
0,32304486261,139999988
0,32306780667,139999989
0,32309075040,139999990
0,32311369448,139999991
0,32313663855,139999992
0,32315958226,139874993
0,32318252633,139890618
0,32320547027,139904290
0,32322841423,139916253
0,32325135820,139926721
0,32327430213,139935880
0,32329724622,139943895
0,32332018993,139950908
0,32334313401,139957044
0,32336607796,139962413
0,32338902191,139967111
0,32341196587,139971222
0,32343490982,139974819
0,32345785375,139977966
0,32348079760,139980720
0,32350374168,139983130
0,32352668574,139985238
0,32354962946,139862083
0,32357257354,139879322
0,32359551748,139894406
0,32361846144,139907605
0,32364140541,139919154
0,32366434935,139929259
0,32368729343,139938101
0,32371023713,139945838
0,32373318122,139952608
0,32375612516,139958532
0,32377906911,139963715
0,32380201308,139968250
0,32382495702,139972218
0,32384790097,139975690
0,32387084494,139978728
0,32389378888,139981387
0,32391673296,139983713
0,32393967668,139860748
0,32396262076,139878154
0,32398556470,139893384
0,32400850865,139906711
0,32403145261,139918372
0,32405439657,139928575
0,32407734063,139937503
0,32410028434,139945315
0,32412322842,139952150
0,32414617238,139958131
0,32416911621,139963364
0,32419206028,139967943
0,32421500423,139971950
0,32423794820,139975456
0,32426089215,139978524
0,32428383611,139981208
0,32430678018,139983557
0,32432972389,139860612
0,32435266797,139878035
0,32437561191,139893280
0,32439855586,139906620
0,32442149983,139918292
0,32444444376,139928505
0,32446738784,139937441
0,32449033156,139945260
0,32451327563,139952102
0,32453621958,139958089
0,32455916342,139963327
0,32458210751,139967911
0,32460505146,139971922
0,32462799539,139975431
0,32465093935,139978502
0,32467388333,139981189
0,32469682738,139983540
0,32471977109,139860597
0,32474271516,139878022
0,32476565912,139893269
0,32478860308,139906610
0,32481154704,139918283
0,32483449098,139928497
0,32485743508,139937434
0,32488037877,139945254
0,32490332285,139952097
0,32492626680,139958084
0,32494921063,139963323
0,32497215471,139967907
0,32499509864,139971918
0,32501804262,139975428
0,32504098659,139978499
0,32506393052,139981186
0,32508687461,139983537
0,32510981832,139860594
0,32513276239,139878019
0,32515570634,139893266
0,32517865029,139906607
0,32520159426,139918281
0,32522453820,139928495
0,32524748226,139937433
0,32527042600,139945253
0,32529337009,139952096
0,32531631402,139958084
0,32533925786,139963323
0,32536220194,139967907
0,32538514588,139971918
0,32540808984,139975428
0,32543103381,139978499
0,32545397776,139981186
0,32547692184,139983537
0,32549986554,139860594
0,32552280963,139878019
0,32554575357,139893266
0,32556869751,139906607
0,32559164148,139918281
0,32561458542,139928495
0,32563752950,139937433
0,32566047324,139945253
0,32568341730,139952096
0,32570636126,139958084
0,32572930508,139963323
0,32575224916,139967907
0,32577519312,139971918
0,32579813707,139975428
0,32582108104,139978499
0,32584402499,139981186
0,32586696906,139983537
0,32588991277,140235594
0,32591285685,140456144
0,32593580080,140649126
0,32595874476,140817985
0,32598168873,141090736
0,32600463267,141204394
0,32602757676,141303844
0,32605052046,141515863
0,32607346454,141576380
0,32609640850,141629332
0,32611935232,141675665
0,32614229640,141841206
0,32616524034,141861055
0,32618818430,141878423
0,32621112828,142018620
0,32623407221,142016292
0,32625701630,142014255
0,32627996001,142012473
0,32630290408,142010913
0,32632584803,142009548
0,32634879199,142008354
0,32637173596,142132309
0,32639467991,142115770
0,32641762397,142101298
0,32644056770,142213635
0,32646351178,142186930
0,32648645572,142163563
0,32650939958,142143117
0,32653234365,142250227
0,32655528759,142218948
0,32657823156,142191579
0,32660117551,142292631
0,32662411945,142256052
0,32664706354,142224045
0,32667000726,142321039
0,32669295134,142280909
0,32671589529,142245795
0,32673883924,142215070
0,32676178320,142313186
0,32678472714,142274037
0,32680767123,142239782
0,32683061496,142334809
0,32685355902,142292957
0,32687650299,142256337
0,32689944683,142224294
0,32692239090,142321257
0,32694533486,142281099
0,32696827881,142245961
0,32699122276,142340215
0,32701416672,142297688
0,32703711079,142260477
0,32706005452,142352917
0,32708299859,142308802
0,32710594255,142270201
0,32712888650,142236425
0,32715183045,142331871
0,32717477441,142290387
0,32719771848,142254088
0,32722066220,142347327
0,32724360630,142303911
0,32726655025,142265922
0,32728949406,142232681
0,32731243816,142328595
0,32733538210,142287520
0,32735832605,142251580
0,32738127004,142345132
0,32740421397,142301990
0,32742715805,142264241
0,32745010178,142356210
0,32747304586,142311683
0,32749598981,142272722
0,32751893376,142238631
0,32754187772,142333802
0,32756482167,142292076
0,32758776573,142255566
0,32761070948,142348620
0,32763365356,142305042
0,32765659750,142266911
0,32767954134,142233547
0,32770248542,142329353
0,32772542937,142288183
0,32774837334,142252160
0,32777131729,142345640
0,32779426124,142302435
0,32781720533,142264630
0,32784014904,142356551
0,32786309313,142311982
0,32788603709,142272984
0,32790898102,142238861
0,32793192499,142334003
0,32795486893,142292252
0,32797781302,142255720
0,32800075675,142348755
0,32802370083,142305160
0,32804664477,142267015
0,32806958862,142233638
0,32809253270,142204433
0,32811547665,142178878
0,32813842060,142156518
0,32816136456,142261953
0,32818430852,142229208
0,32820725259,142200557
0,32823019632,142300487
0,32825314041,142262926
0,32827608434,142230060
0,32829902831,142201302
0,32832197228,142301139
0,32834491622,142263496
0,32836786018,142230559
0,32839080402,142326739
0,32841374811,142285896
0,32843669219,142250159
0,32845963589,142218889
0,32848257998,142191527
0,32850552392,142167586
0,32852846788,142146637
0,32855141186,142253307
0,32857435580,142221643
0,32859729988,142193937
0,32862024362,142294694
0,32864318769,142257857
0,32866613164,142225624
0,32868907547,142197421
0,32871201955,142297743
0,32873496350,142260525
0,32875790747,142227959
0,32878085143,142324464
0,32880379539,142283906
0,32882673946,142248417
0,32884968319,142217364
0,32887262727,142190193
0,32889557122,142166418
0,32891851518,142145615
0,32894145915,142252413
0,32896440310,142220861
0,32898734718,142193253
0,32901029089,142294096
0,32903323497,142257334
0,32905617893,142225167
0,32907912277,142197021
0,32910206685,142297393
0,32912501079,142260218
0,32914795476,142227690
0,32917089873,142324228
0,32919384269,142283699
0,32921678676,142248236
0,32923973048,142217206
0,32926267457,142190055
0,32928561852,142166298
0,32930856246,142145510
0,32933150644,142252321
0,32935445039,142220780
0,32937739447,142193182
0,32940033819,142294034
0,32942328227,142257279
0,32944622622,142225119
0,32946917007,142196979
0,32949211414,142297356
0,32951505810,142260186
0,32953800206,142227662
0,32956094602,142324204
0,32958388998,142283678
0,32960683406,142248218
0,32962977778,142217190
0,32965272187,142190041
0,32967566582,142166285
0,32969860978,142145499
0,32972155374,142252311
0,32974449769,142220772
0,32976744178,142193175
0,32979038549,142294028
0,32981332959,142257274
0,32983627353,142225114
0,32985921737,142196974
0,32988216145,142297352
0,32990510540,142260183
0,32992804936,142227660
0,32995099333,142324202
0,32997393728,142283676
0,32999688135,142248216
0,33001982509,142217189
0,33004276918,142190040
0,33006571312,142166285
0,33008865708,142145499
0,33011160105,142252311
0,33013454500,142220772
0,33015748909,142193175
0,33018043282,142294028
0,33020337689,142257274
0,33022632085,142225114
0,33024926468,142196974
0,33027220878,142297352
0,33029515273,142260183
0,33031809668,142227660
0,33034104065,142324202
0,33036398460,142283676
0,33038692869,142248216
0,33040987241,142217189
0,33043281648,142190040
0,33045576045,142166285
0,33047870440,142145499
0,33050164837,142252311
0,33052459232,142220772
0,33054753641,142193175
0,33057048012,142294028
0,33059342422,142257274
0,33061636816,142225114
0,33063931200,142196974
0,33066225608,142297352
0,33068520004,142260183
0,33070814400,142227660
0,33073108797,142324202
0,33075403191,142283676
0,33077697602,142248216
0,33079991972,142217189
0,33082286381,142190040
0,33084580777,142166285
0,33086875171,142145499
0,33089169570,142252311
0,33091463964,142220772
0,33093758372,142193175
0,33096052746,142294028
0,33098347153,142257274
0,33100641549,142225114
0,33102935933,142196974
0,33105230341,142297352
0,33107524737,142260183
0,33109819132,142227660
0,33112113530,142324202
0,33114407925,142283676
0,33116702333,142248216
0,33118996706,142217189
0,33121291115,142190040
0,33123585509,142166285
0,33125879905,142145499
0,33128174303,142252311
0,33130468697,142220772
0,33132763107,142193175
0,33135057479,142294028
0,33137351886,142257274
0,33139646283,142225114
0,33141940666,142196974
0,33144235076,142297352
0,33146529470,142260183
0,33148823866,142227660
0,33151118264,142324202
0,33153412657,142283676
0,33155707067,142248216
0,33158001440,142342189
0,33160295848,142299415
0,33162590243,142261988
0,33164884639,142229239
0,33167179036,142575584
0,33169473431,142878636
0,33171767840,143018806
0,33174062212,143266455
0,33176356622,143483148
0,33178651016,143547754
0,33180945401,143604284
0,33183239809,143778748
0,33185534204,143931404
0,33187828601,143939978
0,33190122997,144072480
0,33192417394,144188420
0,33194711802,144164867
0,33197006173,144269258
0,33199300583,144360600
0,33201594978,144315525
0,33203889375,144276084
0,33206183771,144366573
0,33208478168,144445751
0,33210772574,144390032
0,33213066948,144466278
0,33215361357,144532993
0,33217655751,144466368
0,33219950136,144408072
0,33222244544,144482063
0,33224538941,144546805
0,33226833336,144478454
0,33229127733,144543647
0,33231422129,144600691
0,33233716536,144525604
0,33236010910,144584903
0,33238305319,144636790
0,33240599713,144557191
0,33242894109,144487542
0,33245188507,144551599
0,33247482901,144607649
0,33249777310,144531692
0,33252071683,144590230
0,33254366091,144641451
0,33256660488,144561269
0,33258954871,144491110
0,33261249281,144554721
0,33263543676,144610380
0,33265838071,144534082
0,33268132469,144592321
0,33270426863,144643280
0,33272721273,144562870
0,33275015646,144617511
0,33277310055,144665322
0,33279604450,144582156
0,33281898834,144509386
0,33284193243,144570712
0,33286487638,144624373
0,33288782035,144546326
0,33291076419,144603035
0,33293370828,144652655
0,33295665222,144571073
0,33297959608,144499688
0,33300254017,144562227
0,33302548412,144491948
0,33304842808,144430454
0,33307137205,144501647
0,33309431601,144563941
0,33311726009,144493448
0,33314020383,144556767
0,33316314790,144612171
0,33318609187,144535649
0,33320903570,144468692
0,33323197981,144535105
0,33325492375,144593216
0,33327786772,144519064
0,33330081157,144579181
0,33332375565,144631783
0,33334669960,144552810
0,33336964345,144483708
0,33339258753,144548244
0,33341553149,144479713
0,33343847545,144419748
0,33346141942,144492279
0,33348436339,144555744
0,33350730747,144486276
0,33353025120,144550491
0,33355319529,144606679
0,33357613924,144530844
0,33359908309,144464488
0,33362202718,144531427
0,33364497112,144589998
0,33366791510,144516248
0,33369085906,144576717
0,33371380302,144629627
0,33373674711,144550923
0,33375969081,144482057
0,33378263492,144546799
0,33380557887,144478449
0,33382852284,144418642
0,33385146680,144491311
0,33387441077,144554897
0,33389735484,144485534
0,33392029859,144549842
0,33394324266,144606111
0,33396618662,144530347
0,33398913046,144464053
0,33401207455,144531046
0,33403501851,144589665
0,33405796247,144515956
0,33408090644,144576461
0,33410385041,144629403
0,33412679448,144550727
0,33414973822,144481886
0,33417268231,144546650
0,33419562625,144478318
0,33421857022,144418528
0,33424151420,144491212
0,33426445815,144554810
0,33428740224,144485458
0,33431034597,144549775
0,33433329005,144606053
0,33435623402,144530296
0,33437917785,144464009
0,33440212195,144531007
0,33442506590,144589631
0,33444800986,144515927
0,33447095384,144576436
0,33449389779,144629381
0,33451684188,144550708
0,33453978562,144481869
0,33456272969,144546635
0,33458567366,144478305
0,33460861762,144418516
0,33463156159,144491201
0,33465450555,144554800
0,33467744963,144485450
0,33470039336,144549768
0,33472333746,144606047
0,33474628140,144530291
0,33476922526,144464004
0,33479216934,144531003
0,33481511330,144589627
0,33483805727,144515923
0,33486100124,144576432
0,33488394519,144629378
0,33490688929,144550705
0,33492983300,144481866
0,33495277710,144546632
0,33497572106,144478303
0,33499866502,144418515
0,33502160899,144491200
0,33504455295,144554800
0,33506749703,144485450
0,33509044077,144549768
0,33511338486,144606047
0,33513632881,144530291
0,33515927266,144464004
0,33518221674,144531003
0,33520516071,144589627
0,33522810468,144515923
0,33525104865,144576432
0,33527399261,144629378
0,33529693669,144550705
0,33531988042,144481866
0,33534282452,144546632
0,33536576846,144478303
0,33538871244,144418515
0,33541165641,144491200
0,33543460036,144554800
0,33545754447,144485450
0,33548048818,144549768
0,33550343228,144606047
0,33552637623,144530291
0,33554932008,144464004
0,33557226418,144531003
0,33559520815,144589627
0,33561815209,144515923
0,33564109608,144576432
0,33566404002,144629378
0,33568698412,144550705
0,33570992785,144481866
0,33573287195,144546632
0,33575581589,144478303
0,33577875986,144418515
0,33580170383,144491200
0,33582464780,144554800
0,33584759188,144485450
0,33587053561,144549768
0,33589347971,144606047
0,33591642365,144530291
0,33593936752,144464004
0,33596231160,144531003
0,33598525556,144589627
0,33600819952,144515923
0,33603114350,144576432
0,33605408745,144629378
0,33607703155,144550705
0,33609997527,144481866
0,33612291936,144546632
0,33614586332,144478303
0,33616880728,144418515
0,33619175125,144491200
0,33621469522,144554800
0,33623763930,144485450
0,33626058304,144549768
0,33628352714,144606047
0,33630647108,144530291
0,33632941494,144464004
0,33635235901,144531003
0,33637530299,144589627
0,33639824694,144515923
0,33642119092,144576432
0,33644413488,144629378
0,33646707897,144550705
0,33649002270,144606866
0,33651296680,144656007
0,33653591074,144574006
0,33655885471,144502255
0,33658179870,144564473
0,33660474264,144618913
0,33662768674,144541548
0,33665063047,144598854
0,33667357456,144648997
0,33669651852,144567872
0,33671946237,144496888
0,33674240646,144559777
0,33676535043,144614804
0,33678829438,144537953
0,33681123836,144595708
0,33683418232,144646244
0,33685712640,144565463
0,33688007014,144619780
0,33690301423,144667307
0,33692595819,144583893
0,33694890215,144510906
0,33697184613,144572042
0,33699479009,144625536
0,33701773418,144547344
0,33704067790,144603926
0,33706362200,144653435
0,33708656595,144571755
0,33710950982,144500285
0,33713245391,144562749
0,33715539785,144617405
0,33717834183,144540229
0,33720128580,144597700
0,33722422976,144647987
0,33724717385,144566988
0,33727011758,144621114
0,33729306167,144668474
0,33731600563,144584914
0,33733894947,144511799
0,33736189358,144572824
0,33738483753,144626221
0,33740778161,144547943
0,33743072536,144604450
0,33745366945,144653893
0,33747661340,144572156
0,33749955726,144500636
0,33752250134,144563056
0,33754544531,144617674
0,33756838927,144540464
0,33759133325,144597906
0,33761427721,144648167
0,33763722131,144567146
0,33766016503,144621252
0,33768310913,144668595
0,33770605307,144585020
0,33772899694,144511892
0,33775194102,144572905
0,33777488498,144626291
0,33779782896,144548004
0,33782077281,144604503
0,33784371690,144653940
0,33786666086,144572197
0,33788960471,144750672
0,33791254880,145031838
0,33793549277,145277858
0,33795843673,145368125
0,33798138070,145572109
0,33800432467,145750595
0,33802726875,145906770
0,33805021250,146043423
0,33807315658,146162995
0,33809610054,146267620
0,33811904440,146234167
0,33814198848,146329896
0,33816493245,146413659
0,33818787641,146486951
0,33821082027,146551082
0,33823376437,146607196
0,33825670831,146656296
0,33827965218,146574259
0,33830259626,146627476
0,33832554022,146674041
0,33834848419,146589785
0,33837142817,146641061
0,33839437213,146685928
0,33841731622,146725187
0,33844025996,146759538
0,33846320404,146789595
0,33848614801,146815895
0,33850909185,146713908
0,33853203595,146749669
0,33855497993,146780960
0,33857792388,146808340
0,33860086786,146832297
0,33862381181,146853259
0,33864675579,146871601
0,33866969966,146762650
0,33869264373,146792318
0,33871558770,146818278
0,33873853166,146715993
0,33876147564,146751493
0,33878441961,146782556
0,33880736370,146809736
0,33883030743,146833519
0,33885325153,146854329
0,33887619547,146872537
0,33889913933,146763469
0,33892208343,146793035
0,33894502739,146818905
0,33896797136,146841541
0,33899091533,146861348
0,33901385930,146878679
0,33903680340,146893844
0,33905974713,146782113
0,33908269121,146809348
0,33910563518,146833179
0,33912857913,146729031
0,33915152312,146762902
0,33917446708,146792539
0,33919741117,146818471
0,33922035491,146841162
0,33924329901,146861016
0,33926624295,146878389
0,33928918681,146768590
0,33931213090,146797516
0,33933507487,146822826
0,33935801883,146844972
0,33938096282,146864350
0,33940390679,146881306
0,33942685086,146896142
0,33944979460,146784124
0,33947273871,146811108
0,33949568266,146834719
0,33951862663,146730379
0,33954157060,146764081
0,33956451456,146793570
0,33958745866,146819373
0,33961040240,146841951
0,33963334648,146861707
0,33965629045,146878993
0,33967923431,146769118
0,33970217840,146797978
0,33972512237,146823230
0,33974806633,146845326
0,33977101032,146864660
0,33979395426,146881577
0,33981689836,146896379
0,33983984210,146784331
0,33986278620,146811289
0,33988573014,146834877
0,33990867412,146730517
0,33993161810,146764202
0,33995456206,146793676
0,33997750616,146819466
0,34000044988,146842032
0,34002339399,146861778
0,34004633793,146879055
0,34006928179,146769173
0,34009222590,146798026
0,34011516985,146823272
0,34013811382,146845363
0,34016105780,146864692
0,34018400177,146881605
0,34020694586,146896404
0,34022988960,146784353
0,34025283368,146811308
0,34027577766,146834894
0,34029872162,146730532
0,34032166559,146764215
0,34034460957,146793688
0,34036755365,146819477
0,34039049739,146842042
0,34041344149,146861786
0,34043638544,146879062
0,34045932931,146769179
0,34048227339,146798031
0,34050521736,146823277
0,34052816133,146845367
0,34055110531,146864696
0,34057404927,146881609
0,34059699337,146896407
0,34061993710,146784356
0,34064288120,146811311
0,34066582516,146834897
0,34068876913,146730534
0,34071171310,146764217
0,34073465708,146793689
0,34075760116,146819477
0,34078054490,146842042
0,34080348900,146861786
0,34082643296,146879062
0,34084937681,146769179
0,34087232091,146798031
0,34089526488,146823277
0,34091820884,146845367
0,34094115282,146864696
0,34096409678,146881609
0,34098704088,146896407
0,34100998462,146784356
0,34103292871,146811311
0,34105587268,146834897
0,34107881664,146730534
0,34110176061,146764217
0,34112470460,146793689
0,34114764868,146819477
0,34117059241,146842042
0,34119353652,146861786
0,34121648046,146879062
0,34123942433,146769179
0,34126236843,146798031
0,34128531238,146823277
0,34130825636,146845367
0,34133120034,146864696
0,34135414430,146881609
0,34137708840,146896407
0,34140003213,146909356
0,34142297623,146920686
0,34144592020,146930600
0,34146886416,146814275
0,34149180815,146837490
0,34151475211,146857803
0,34153769620,146875577
0,34156063995,146891129
0,34158358404,146904737
0,34160652800,146916644
0,34162947186,146802063
0,34165241595,146826805
0,34167535991,146848454
0,34169830388,146867397
0,34172124787,146883972
0,34174419183,146898475
0,34176713593,146911165
0,34179007966,146922269
0,34181302376,146931985
0,34183596772,146940486
0,34185891158,146822925
0,34188185567,146845059
0,34190479964,146864426
0,34192774373,146881372
0,34195068747,146896200
0,34197363156,146909175
0,34199657553,146920528
0,34201951938,146805462
0,34204246348,146829779
0,34206540745,146851056
0,34208835141,146869674
0,34211129540,146885964
0,34213423936,146900218
0,34215718345,146912690
0,34218012721,146923603
0,34220307129,146933152
0,34222601525,146941508
0,34224895912,146823819
0,34227190320,146845841
0,34229484717,146865110
0,34231779129,146881971
0,34234073500,146896724
0,34236367910,146909633
0,34238662306,146920928
0,34240956692,146805812
0,34243251102,146830085
0,34245545499,146851324
0,34247839895,146869908
0,34250134293,146886169
0,34252428691,146900397
0,34254723100,146912847
0,34257017473,146923741
0,34259311884,146933273
0,34261606280,146941613
0,34263900664,146823911
0,34266195076,146845922
0,34268489472,146865181
0,34270783868,146882033
0,34273078256,146896778
0,34275372663,146909680
0,34277667061,146920970
0,34279961448,146805848
0,34282255857,146830117
0,34284550253,146851352
0,34286844650,146744933
0,34289139048,146776816
0,34291433445,146804714
0,34293727854,146829124
0,34296022229,146850483
0,34298316640,146869172
0,34300611033,146885525
0,34302905422,146774834
0,34305199832,146802979
0,34307494226,146827606
0,34309788625,146849155
0,34312083023,146868010
0,34314377418,146884508
0,34316671817,146898944
0,34318966203,146786576
0,34321260613,146813254
0,34323555009,146836597
0,34325849406,146732022
0,34328143806,146765519
0,34330438200,146794829
0,34332732611,146820475
0,34335026985,146842915
0,34337321393,146862550
0,34339615791,146879731
0,34341910178,146769764
0,34344204585,146798543
0,34346498983,146823725
0,34348793380,146845759
0,34351087779,146865039
0,34353382175,146881909
0,34355676572,146896670
0,34357970959,146784586
0,34360265369,146811512
0,34362559764,146835073
0,34364854163,146730688
0,34367148560,146764352
0,34369442957,146793808
0,34371737367,146819582
0,34374031740,146842134
0,34376326151,146861867
0,34378620547,146879133
0,34380914931,146769241
0,34383209343,146798085
0,34385503739,146823324
0,34387798137,146845408
0,34390092536,146864732
0,34392386932,146881640
0,34394681329,146896435
0,34396975715,146784380
0,34399270126,146811332
0,34401564521,146834915
0,34403858919,146730550
0,34406153318,146764231
0,34408447714,146793702
0,34410742125,146819489
0,34413036497,146842052
0,34415330908,146861795
0,34417625303,146879070
0,34419919690,146769186
0,34422214102,146798037
0,34424508496,147073282
0,34426802895,147314121
0,34429097293,147649855
0,34431391688,147818623
0,34433686100,147966295
0,34435980474,148095508
0,34438274884,148208569
0,34440569280,148307497
0,34442863677,148394059
0,34445158076,148469801
0,34447452471,148536075
0,34449746882,148594065
0,34452041257,148769806
0,34454335665,148798580
0,34456630062,148823757
0,34458924449,148845787
0,34461218858,148865063
0,34463513254,148881930
0,34465807652,148896688
0,34468102051,149034602
0,34470396447,149030276
0,34472690857,149026491
0,34474985231,149023179
0,34477279643,149020281
0,34479574037,149017745
0,34481868435,149015526
0,34484162834,149013585
0,34486457230,149011886
0,34488751641,149010400
0,34491046014,149134100
0,34493340425,149117337
0,34495634821,149102669
0,34497929205,149089835
0,34500223617,149078605
0,34502518014,149068779
0,34504812411,149060181
0,34507106809,149177658
0,34509401207,149155450
0,34511695616,149136018
0,34513989990,149119015
0,34516284400,149104138
0,34518578796,149091120
0,34520873195,149079730
0,34523167593,149069763
0,34525461990,149061042
0,34527756399,149053411
0,34530050773,149171734
0,34532345185,149150267
0,34534639578,149131483
0,34536933967,149115047
0,34539228377,149100666
0,34541522772,149088082
0,34543817170,149077071
0,34546111570,149192437
0,34548405966,149168382
0,34550700377,149147334
0,34552994750,149128917
0,34555289159,149112802
0,34557583558,149098701
0,34559877953,149086363
0,34562172353,149075567
0,34564466749,149066121
0,34566761160,149057855
0,34569055534,149175623
0,34571349943,149153670
0,34573644340,149134461
0,34575938727,149117653
0,34578233137,149102946
0,34580527532,149090077
0,34582821931,149078817
0,34585116329,149193964
0,34587410727,149169718
0,34589705136,149148503
0,34591999510,149129940
0,34594293921,149113697
0,34596588317,149099484
0,34598882715,149087048
0,34601177112,149076167
0,34603471510,149066646
0,34605765919,149058315
0,34608060295,149176025
0,34610354703,149154021
0,34612649102,149134768
0,34614943486,149117922
0,34617237898,149103181
0,34619532294,149090283
0,34621826692,149078997
0,34624121091,149194122
0,34626415488,149169856
0,34628709897,149148624
0,34631004272,149255046
0,34633298682,149223165
0,34635593078,149195269
0,34637887465,149170860
0,34640181874,149149502
0,34642476272,149130814
0,34644770681,149114462
0,34647065056,149225154
0,34649359466,149197009
0,34651653862,149172382
0,34653948248,149150834
0,34656242660,149131979
0,34658537055,149115481
0,34660831455,149101045
0,34663125852,149213414
0,34665420249,149186737
0,34667714659,149163394
0,34670009034,149267969
0,34672303444,149234472
0,34674597843,149205163
0,34676892227,149179517
0,34679186638,149157077
0,34681481036,149137442
0,34683775446,149120261
0,34686069819,149230228
0,34688364227,149201449
0,34690658626,149176267
0,34692953013,149154233
0,34695247423,149134953
0,34697541819,149118083
0,34699836217,149103322
0,34702130615,149215406
0,34704425015,149188480
0,34706719424,149164920
0,34709013798,149269305
0,34711308208,149235641
0,34713602605,149206185
0,34715896991,149180411
0,34718191402,149157859
0,34720485797,149138126
0,34722780209,149120860
0,34725074583,149230752
0,34727368992,149201908
0,34729663389,149176669
0,34731957776,149154585
0,34734252186,149135261
0,34736546585,149118353
0,34738840980,149103558
0,34741135380,149215613
0,34743429776,149188661
0,34745724187,149165078
0,34748018562,149269443
0,34750312973,149235762
0,34752607368,149206291
0,34754901755,149180504
0,34757196164,149157941
0,34759490563,149138198
0,34761784961,149120923
0,34764079346,149230807
0,34766373756,149201956
0,34768668153,149176711
0,34770962539,149154622
0,34773256952,149135294
0,34775551346,149118382
0,34777845745,149103584
0,34780140144,149090636
0,34782434541,149079306
0,34784728952,149069392
0,34787023326,149185718
0,34789317736,149162503
0,34791612133,149142190
0,34793906519,149124416
0,34796200930,149108864
0,34798495327,149095256
0,34800789724,149083349
0,34803084124,149197930
0,34805378519,149173188
0,34807672918,149151539
0,34809967305,149132596
0,34812261715,149116021
0,34814556112,149101518
0,34816850510,149088828
0,34819144908,149077724
0,34821439306,149068008
0,34823733716,149059507
0,34826028090,149177068
0,34828322501,149154934
0,34830616897,149135567
0,34832911284,149118621
0,34835205695,149103793
0,34837500091,149090818
0,34839794489,149079465
0,34842088889,149194531
0,34844383285,149170214
0,34846677684,149148937
0,34848972070,149130319
0,34851266480,149114029
0,34853560878,149099775
0,34855855274,149087303
0,34858149675,149076390
0,34860444071,149066841
0,34862738482,149058485
0,34865032856,149176174
0,34867327267,149154152
0,34869621662,149134883
0,34871916051,149118022
0,34874210459,149103269
0,34876504857,149090360
0,34878799255,149079065
0,34881093654,149194181
0,34883388051,149169908
0,34885682449,149148669
0,34887976836,149130085
0,34890271247,149113824
0,34892565643,149099596
0,34894860040,149087146
0,34897154441,149076252
0,34899448837,149066720
0,34901743248,149058380
0,34904037623,149176082
0,34906332032,149154071
0,34908626430,149134812
0,34910920815,149117960
0,34913215227,149103215
0,34915509624,149090313
0,34917804022,149079023
0,34920098421,149194145
0,34922392818,149169876
0,34924687215,149148641
0,34926981603,149130060
0,34929276014,149113802
0,34931570410,149099576
0,34933864809,149087129
0,34936159206,149076237
0,34938453604,149066707
0,34940748014,149058368
0,34943042389,149176072
0,34945336800,149154063
0,34947631196,149134805
0,34949925584,149117954
0,34952219994,149103209
0,34954514390,149090307
0,34956808788,149079018
0,34959103188,149194140
0,34961397585,149169872
0,34963691996,149148638
0,34965986371,149130058
0,34968280779,149113800
0,34970575178,149099575
0,34972869575,149087128
0,34975163975,149076237
0,34977458373,149066707
0,34979752781,149058368
0,34982047158,149176072
0,34984341567,149154063
0,34986635964,149134805
0,34988930352,149117954
0,34991224761,149103209
0,34993519160,149090307
0,34995813556,149079018
0,34998107956,149194140
0,35000402353,149169872
0,35002696763,149148638
0,35004991138,149130058
0,35007285549,149113800
0,35009579946,149099575
0,35011874343,149087128
0,35014168743,149076237
0,35016463139,149066707
0,35018757550,149058368
0,35021051926,149176072
0,35023346336,149154063
0,35025640734,149134805
0,35027935119,149117954
0,35030229530,149103209
0,35032523928,149090307
0,35034818325,149079018
0,35037112725,149194140
0,35039407122,149169872
0,35041701532,149148638
0,35043995908,149130058
0,35046290317,149113800
0,35048584714,149099575
0,35050879102,149087128
0,35053173511,149076237
0,35055467910,149066707
0,35057762320,149058368
0,35060056694,149426072
0,35062351105,149747813
0,35064645501,149904336
0,35066939890,150041294
0,35069234300,150286132
0,35071528696,150375365
0,35073823096,150453444
0,35076117494,150646763
0,35078411892,150815917
0,35080706302,150838927
0,35083000677,150984061
0,35085295087,151111053
0,35087589484,151097171
0,35089883872,151085024
0,35092178282,151199396
0,35094472679,151174471
0,35096767089,151152662
0,35099061464,151258579
0,35101355875,151351256
0,35103650272,151307349
0,35105944660,151268930
0,35108239069,151360313
0,35110533467,151315273
0,35112827864,151275863
0,35115122264,151366380
0,35117416661,151445582
0,35119711072,151389884
0,35122005447,151466148
0,35124299858,151532879
0,35126594254,151466269
0,35128888643,151407985
0,35131183052,151481986
0,35133477450,151421737
0,35135771860,151369019
0,35138066235,151447891
0,35140360644,151516904
0,35142655043,151452291
0,35144949430,151395754
0,35147243841,151471284
0,35149538238,151412373
0,35151832636,151360826
0,35154127036,151440722
0,35156421432,151510631
0,35158715843,151446802
0,35161010218,151515951
0,35163304629,151576457
0,35165599026,151504399
0,35167893413,151441349
0,35170187824,151511180
0,35172482221,151447282
0,35174776632,151391371
0,35177071006,151467449
0,35179365416,151534017
0,35181659813,151467264
0,35183954201,151408856
0,35186248612,151482749
0,35188543009,151422405
0,35190837408,151369604
0,35193131807,151448403
0,35195426204,151517352
0,35197720615,151452683
0,35200014989,151521097
0,35202309400,151580959
0,35204603798,151508339
0,35206898184,151444796
0,35209192596,151514196
0,35211486993,151449921
0,35213781392,151393680
0,35216075779,151469470
0,35218370188,151535786
0,35220664585,151468812
0,35222958974,151410210
0,35225253383,151483933
0,35227547781,151423441
0,35229842180,151370510
0,35232136579,151449196
0,35234430977,151393046
0,35236725388,151343915
0,35239019761,151425925
0,35241314174,151497684
0,35243608569,151435473
0,35245902957,151381038
0,35248197368,151458408
0,35250491764,151401107
0,35252786165,151350968
0,35255080551,151432097
0,35257374960,151503084
0,35259669360,151440198
0,35261963746,151385173
0,35264258157,151462026
0,35266552556,151404272
0,35268846952,151353738
0,35271141353,151434520
0,35273435750,151380205
0,35275730160,151332679
0,35278024536,151416094
0,35280318946,151489082
0,35282613343,151427946
0,35284907731,151374452
0,35287202141,151452645
0,35289496539,151396064
0,35291790940,151346556
0,35294085337,151428236
0,35296379735,151499706
0,35298674132,151437242
0,35300968520,151382586
0,35303262931,151459762
0,35305557328,151402291
0,35307851727,151352004
0,35310146126,151433003
0,35312440523,151378877
0,35314734935,151331517
0,35317029309,151415077
0,35319323720,151488192
0,35321618118,151427168
0,35323912503,151373772
0,35326206916,151452050
0,35328501314,151395543
0,35330795711,151346100
0,35333090112,151427837
0,35335384508,151499357
0,35337678907,151436937
0,35339973295,151382319
0,35342267706,151459529
0,35344562103,151402087
0,35346856501,151351826
0,35349150901,151432847
0,35351445298,151378741
0,35353739710,151331398
0,35356034083,151414973
0,35358328495,151488101
0,35360622891,151427088
0,35362917279,151373702
0,35365211692,151451989
0,35367506087,151395490
0,35369800486,151346053
0,35372094886,151427796
0,35374389283,151499321
0,35376683683,151436905
0,35378978070,151382291
0,35381272480,151459504
0,35383566879,151402066
0,35385861276,151351807
0,35388155677,151432831
0,35390450074,151378727
0,35392744485,151331386
0,35395038860,151414962
0,35397333270,151488091
0,35399627667,151427079
0,35401922055,151373694
0,35404216466,151451982
0,35406510863,151395484
0,35408805261,151346048
0,35411099661,151427792
0,35413394059,151499318
0,35415688457,151436903
0,35417982845,151382290
0,35420277257,151459503
0,35422571653,151402065
0,35424866052,151351806
0,35427160452,151432830
0,35429454849,151378726
0,35431749261,151331385
0,35434043636,151414961
0,35436338047,151488090
0,35438632445,151427078
0,35440926831,151373693
0,35443221243,151451981
0,35445515642,151395483
0,35447810038,151346047
0,35450104439,151427791
0,35452398834,151499317
0,35454693233,151436902
0,35456987623,151382289
0,35459282032,151459502
0,35461576430,151402064
0,35463870829,151351806
0,35466165228,151432830
0,35468459626,151378726
0,35470754038,151331385
0,35473048412,151414961
0,35475342824,151488090
0,35477637220,151427078
0,35479931608,151373693
0,35482226020,151451981
0,35484520417,151395483
0,35486814816,151346047
0,35489109215,151427791
0,35491403613,151499317
0,35493698013,151436902
0,35495992399,151382289
0,35498286810,151459502
0,35500581209,151402064
0,35502875594,151351806
0,35505170007,151432830
0,35507464404,151378726
0,35509758814,151331385
0,35512053190,151414961
0,35514347602,151488090
0,35516641998,151427078
0,35518936387,151373693
0,35521230796,151451981
0,35523525195,151395483
0,35525819593,151346047
0,35528113993,151427791
0,35530408391,151499317
0,35532702802,151436902
0,35534997177,151382289
0,35537291589,151459502
0,35539585986,151402064
0,35541880374,151351806
0,35544174784,151432830
0,35546469182,151378726
0,35548763594,151331385
0,35551057969,151414961
0,35553352379,151488090
0,35555646777,151427078
0,35557941165,151373693
0,35560235576,151451981
0,35562529974,151395483
0,35564824372,151346047
0,35567118773,151427791
0,35569413169,151499317
0,35571707581,151436902
0,35574001957,151507289
0,35576296368,151568877
0,35578590765,151497767
0,35580885153,151435546
0,35583179563,151506102
0,35585473961,151442839
0,35587768373,151387484
0,35590062748,151464048
0,35592357158,151531042
0,35594651555,151464661
0,35596945945,151406578
0,35599240356,151480755
0,35601534752,151420660
0,35603829152,151368077
0,35606123552,151447067
0,35608417949,151516183
0,35610712361,151451660
0,35613006735,151520202
0,35615301147,151580176
0,35617595545,151507654
0,35619889932,151444197
0,35622184344,151513672
0,35624478740,151449463
0,35626773152,151393280
0,35629067528,151469120
0,35631361937,151535480
0,35633656336,151468545
0,35635950724,151409976
0,35638245135,151483729
0,35640539534,151423262
0,35642833932,151370354
0,35645128331,151449059
0,35647422730,151517926
0,35649717141,151453185
0,35652011515,151521536
0,35654305928,151581344
0,35656600324,151508676
0,35658894713,151445091
0,35661189124,151514454
0,35663483521,151450147
0,35665777933,151393878
0,35668072307,151469643
0,35670366718,151535937
0,35672661118,151468944
0,35674955504,151410326
0,35677249916,151484035
0,35679544314,151423530
0,35681838712,151370588
0,35684133113,151449264
0,35686427510,151518106
0,35688721921,151453342
0,35691016297,151521674
0,35693310708,151581464
0,35695605106,151883781
0,35697899493,152023308
0,35700193904,152270394
0,35702488302,152486594
0,35704782702,152550769
0,35707077089,152731922
0,35709371500,152890431
0,35711665897,153029127
0,35713960285,153025486
0,35716254697,153147300
0,35718549094,153253887
0,35720843495,153222151
0,35723137893,153319382
0,35725432291,153404459
0,35727726703,153353901
0,35730021079,153434663
0,35732315489,153505330
0,35734609888,153567163
0,35736904275,153496267
0,35739198686,153559233
0,35741493084,153614328
0,35743787484,153537537
0,35746081872,153595344
0,35748376280,153645926
0,35750670680,153690185
0,35752965068,153603911
0,35755259478,153653422
0,35757553877,153696744
0,35759848276,153609651
0,35762142676,153658444
0,35764437075,153701138
0,35766731484,153613495
0,35769025860,153661808
0,35771320273,153704082
0,35773614670,153741071
0,35775909057,153648437
0,35778203468,153692382
0,35780497866,153730834
0,35782792268,153639479
0,35785086666,153684544
0,35787381064,153723976
0,35789675463,153758479
0,35791969850,153663669
0,35794264262,153705710
0,35796558660,153742496
0,35798853059,153649684
0,35801147460,153693473
0,35803441857,153731788
0,35805736268,153640314
0,35808030644,153685274
0,35810325055,153724614
0,35812619453,153759037
0,35814913841,153664157
0,35817208251,153706137
0,35819502650,153742869
0,35821797049,153650010
0,35824091449,153693758
0,35826385849,153732038
0,35828680246,153765533
0,35830974635,153669841
0,35833269047,153711110
0,35835563444,153747221
0,35837857844,153653818
0,35840152244,153697090
0,35842446642,153734953
0,35844741054,153643083
0,35847035430,153687697
0,35849329840,153726734
0,35851624239,153760892
0,35853918625,153665780
0,35856213037,153707557
0,35858507435,153744112
0,35860801835,153651098
0,35863096236,153694710
0,35865390632,153732871
0,35867685032,153766262
0,35869979420,153670479
0,35872273831,153711669
0,35874568229,153747710
0,35876862629,153654246
0,35879157030,153697465
0,35881451428,153735281
0,35883745839,153643370
0,35886040214,153687948
0,35888334626,153726954
0,35890629023,153761084
0,35892923412,153665948
0,35895217823,153707704
0,35897512221,153744241
0,35899806620,153651210
0,35902101019,153694808
0,35904395417,153732957
0,35906689817,153766337
0,35908984205,153670544
0,35911278618,153711726
0,35913573016,153747760
0,35915867413,153654290
0,35918161815,153697503
0,35920456212,153735315
0,35922750623,153643400
0,35925045000,153687975
0,35927339411,153726978
0,35929633809,153761105
0,35931928197,153665966
0,35934222608,153707720
0,35936517006,153744255
0,35938811406,153651223
0,35941105805,153694820
0,35943400204,153732967
0,35945694602,153766346
0,35947988991,153670552
0,35950283404,153711733
0,35952577801,153747766
0,35954872190,153654295
0,35957166600,153697508
0,35959460998,153735319
0,35961755410,153643404
0,35964049785,153687978
0,35966344196,153726980
0,35968638595,153761107
0,35970932983,153665968
0,35973227395,153707722
0,35975521793,153744256
0,35977816191,153651224
0,35980110593,153694821
0,35982404989,153732968
0,35984699389,153766347
0,35986993778,153670553
0,35989288188,153711733
0,35991582587,153747766
0,35993876976,153654295
0,35996171387,153697508
0,35998465786,153735319
0,36000760196,153643404
0,36003054572,153687978
0,36005348983,153726980
0,36007643380,153761107
0,36009937769,153665968
0,36012232181,153707722
0,36014526579,153744256
0,36016820980,153651224
0,36019115380,153694821
0,36021409778,153732968
0,36023704178,153766347
0,36025998564,153670553
0,36028292976,153711733
0,36030587374,153747766
0,36032881761,153654295
0,36035176174,153697508
0,36037470572,153735319
0,36039764984,153643404
0,36042059361,153687978
0,36044353770,153726980
0,36046648170,153761107
0,36048942558,153665968
0,36051236969,153707722
0,36053531367,153744256
0,36055825766,153651224
0,36058120166,153694821
0,36060414565,153732968
0,36062708976,153766347
0,36065003353,153795553
0,36067297765,153821108
0,36069592162,153843469
0,36071886551,153738035
0,36074180962,153770780
0,36076475360,153799432
0,36078769773,153699503
0,36081064149,153737065
0,36083358559,153769931
0,36085652958,153798689
0,36087947345,153698852
0,36090241757,153736495
0,36092536155,153769433
0,36094830554,153673253
0,36097124955,153714096
0,36099419352,153749834
0,36101713765,153781104
0,36104008142,153808466
0,36106302553,153832407
0,36108596952,153853356
0,36110891340,153746686
0,36113185751,153778350
0,36115480150,153806056
0,36117774562,153705299
0,36120068937,153742136
0,36122363348,153774369
0,36124657745,153802572
0,36126952134,153702250
0,36129246546,153739468
0,36131540944,153772034
0,36133835344,153675529
0,36136129744,153716087
0,36138424142,153751576
0,36140718555,153782629
0,36143012930,153809800
0,36145307343,153833575
0,36147601742,153854378
0,36149896129,153747580
0,36152190541,153779132
0,36154484939,153806740
0,36156779351,153705897
0,36159073728,153742659
0,36161368138,153774826
0,36163662538,153802972
0,36165956924,153702600
0,36168251336,153739775
0,36170545734,153772303
0,36172840134,153675765
0,36175134534,153716294
0,36177428933,153751757
0,36179723343,153782787
0,36182017720,153809938
0,36184312133,153833695
0,36186606530,153854483
0,36188900919,153747672
0,36191195330,153779213
0,36193489728,153806811
0,36195784130,153705959
0,36198078517,153742714
0,36200372928,153774874
0,36202667328,153803014
0,36204961715,153702637
0,36207256127,153739807
0,36209550525,153772331
0,36211844925,153675789
0,36214139327,153716315
0,36216433724,153751775
0,36218728136,153657803
0,36221022513,153700577
0,36223316923,153738004
0,36225611322,153770753
0,36227905711,153674408
0,36230200122,153715107
0,36232494521,153750718
0,36234788921,153656878
0,36237083320,153699768
0,36239377719,153737297
0,36241672116,153770134
0,36243966506,153673867
0,36246260917,153714633
0,36248555315,153750303
0,36250849715,153656515
0,36253144116,153699450
0,36255438514,153737018
0,36257732927,153644890
0,36260027302,153689278
0,36262321714,153728118
0,36264616113,153762103
0,36266910500,153666840
0,36269204913,153708485
0,36271499311,153744924
0,36273793712,153651808
0,36276088112,153695332
0,36278382509,153733415
0,36280676909,153766738
0,36282971298,153670895
0,36285265710,153712033
0,36287560109,153748028
0,36289854508,153654524
0,36292148908,153697708
0,36294443307,153735494
0,36296737718,153643557
0,36299032095,153688112
0,36301326508,153727098
0,36303620905,153761210
0,36305915294,153666058
0,36308209705,153707800
0,36310504103,153744325
0,36312798505,153651284
0,36315092905,153694873
0,36317387303,153733013
0,36319681703,153766386
0,36321976090,153670587
0,36324270502,153711763
0,36326564902,153747792
0,36328859301,153654318
0,36331153702,153947528
0,36333448099,154204087
0,36335742511,154428576
0,36338036888,154625004
0,36340331300,154796878
0,36342625698,154947268
0,36344920087,155078859
0,36347214498,155194001
0,36349508897,155294750
0,36351803297,155382906
0,36354097698,155460042
0,36356392097,155527536
0,36358686495,155586594
0,36360980884,155638269
0,36363275295,155683485
0,36365569694,155723049
0,36367864085,155757667
0,36370158497,155787958
0,36372452895,155814463
0,36374747307,155837655
0,36377041682,155857948
0,36379336094,155875704
0,36381630493,155891241
0,36383924881,155904835
0,36386219294,155916730
0,36388513692,155927138
0,36390808092,155936245
0,36393102494,155944214
0,36395396891,155951187
0,36397691291,155957288
0,36399985679,155962627
0,36402280090,155967298
0,36404574489,155971385
0,36406868878,155974961
0,36409163290,155978090
0,36411457689,155980828
0,36413752100,155983224
0,36416046477,155985321
0,36418340889,155987155
0,36420635286,155988760
0,36422929675,155990165
0,36425224087,155991394
0,36427518485,155992469
0,36429812886,155993410
0,36432107287,155994233
0,36434401685,155994953
0,36436696086,155995583
0,36438990473,155996135
0,36441284887,155996618
0,36443579286,155997040
0,36445873673,155997410
0,36448168086,155997733
0,36450462483,155998016
0,36452756896,155998264
0,36455051273,155998481
0,36457345683,155998670
0,36459640083,155998836
0,36461934471,155998981
0,36464228883,155999108
0,36466523282,155999219
0,36468817681,155999316
0,36471112082,155999401
0,36473406481,155999475
0,36475700879,155999540
0,36477995269,155999597
0,36480289680,155999647
0,36482584079,155999691
0,36484878471,155999729
0,36487172882,155999762
0,36489467280,155999791
0,36491761692,155999817
0,36494056067,155999839
0,36496350479,155999859
0,36498644879,155999876
0,36500939267,155999891
0,36503233679,155999904
0,36505528077,155999916
0,36507822478,155999926
0,36510116879,155999935
0,36512411276,155999943
0,36514705676,155999950
0,36517000065,156124956
0,36519294477,156109336
0,36521588878,156095669
0,36523883266,156083710
0,36526177678,156073246
0,36528472077,156064090
0,36530766488,156056078
0,36533060865,156049068
0,36535355276,156042934
0,36537649674,156037567
0,36539944064,156032871
0,36542238476,156028762
0,36544532874,156025166
0,36546827274,156022020
0,36549121676,156019267
0,36551416074,156016858
0,36553710475,156014750
0,36556004863,156137906
0,36558299275,156120667
0,36560593674,156105583
0,36562888062,156092385
0,36565182475,156080836
0,36567476872,156070731
0,36569771285,156061889
0,36572065662,156054152
0,36574360072,156047383
0,36576654473,156041460
0,36578948862,156036277
0,36581243274,156031742
0,36583537674,156027774
0,36585832073,156024302
0,36588126473,156021264
0,36590420872,156018606
0,36592715283,156016280
0,36595009660,156139245
0,36597304072,156121839
0,36599598470,156106609
0,36601892861,156093282
0,36604187274,156081621
0,36606481672,156071418
0,36608776084,156062490
0,36611070460,156054678
0,36613364872,156047843
0,36615659272,156041862
0,36617953659,156036629
0,36620248071,156032050
0,36622542469,156028043
0,36624836870,156024537
0,36627131273,156021469
0,36629425670,156018785
0,36631720083,156016436
0,36634014459,156139381
0,36636308871,156121958
0,36638603270,156106713
0,36640897659,156093373
0,36643192071,156081701
0,36645486471,156071488
0,36647780881,156062552
0,36650075260,156054733
0,36652369671,156047891
0,36654664070,156041904
0,36656958459,156036666
0,36659252870,156032082
0,36661547269,156028071
0,36663841669,156024562
0,36666136071,156021491
0,36668430469,156018804
0,36670724883,156016453
0,36673019258,156014396
0,36675313671,156012596
0,36677608070,156011021
0,36679902458,156009643
0,36682196871,156008437
0,36684491269,156007382
0,36686785671,156006459
0,36689080060,156005651
0,36691374469,156004944
0,36693668870,156004326
0,36695963259,156003785
0,36698257670,156003311
0,36700552069,156002897
0,36702846469,156002534
0,36705140871,156002217
0,36707435271,156001939
0,36709729681,156001696
0,36712024058,156001484
0,36714318471,156001298
0,36716612869,156001135
0,36718907258,156000993
0,36721201671,156000868
0,36723496069,156000759
0,36725790472,156000664
0,36728084872,156000581
0,36730379270,156000508
0,36732673670,156000444
0,36734968058,156000388
0,36737262471,156000339
0,36739556870,156000296
0,36741851271,156000259
0,36744145672,156000226
0,36746440069,156000197
0,36748734483,156000172
0,36751028859,156000150
0,36753323271,156000131
0,36755617670,156000114
0,36757912060,156000099
0,36760206472,156000086
0,36762500871,156000075
0,36764795271,156000065
0,36767089672,156000056
0,36769384072,156000049
0,36771678470,156000042
0,36773972861,156000036
0,36776267273,156000031
0,36778561671,156000027
0,36780856071,156000023
0,36783150473,156000020
0,36785444872,156000017
0,36787739285,156000014
0,36790033660,156000012
0,36792328073,156000010
0,36794622473,156000008
0,36796916860,156000007
0,36799211274,156000006
0,36801505671,156000005
0,36803800074,156000004
0,36806094474,156000003
0,36808388872,156000002
0,36810683273,156000001
0,36812977662,156000000
0,36966702490,156250000
0,36968996878,156468750
0,36971291292,156785156
0,36973585691,156937011
0,36975880079,157069884
0,36978174493,157311148
0,36980468891,157397254
0,36982763303,157472597
0,36985057681,157663522
0,36987352092,157705581
0,36989646493,157742383
0,36991940883,157774585
0,36994235296,157927761
0,36996529695,157936790
0,36998824094,157944691
0,37001118497,158076604
0,37003412896,158067028
0,37005707295,158058649
0,37008001686,158176317
0,37010296098,158279277
0,37012590496,158244367
0,37014884888,158213821
0,37017179299,158312093
0,37019473697,158273081
0,37021768112,158238945
0,37024062489,158334076
0,37026356900,158292316
0,37028651301,158255776
0,37030945690,158223804
0,37033240102,158320828
0,37035534501,158280724
0,37037828902,158245633
0,37040123305,158339928
0,37042417703,158297437
0,37044712104,158260257
0,37047006492,158352724
0,37049300905,158433633
0,37051595305,158379428
0,37053889695,158331999
0,37056184107,158415499
0,37058478506,158363561
0,37060772918,158318115
0,37063067296,158403350
0,37065361708,158352931
0,37067656106,158308814
0,37069950497,158270212
0,37072244910,158361435
0,37074539308,158316255
0,37076833709,158276723
0,37079128111,158367132
0,37081422509,158321240
0,37083716910,158281085
0,37086011299,158370949
0,37088305712,158449580
0,37090600111,158393382
0,37092894501,158344209
0,37095188913,158426182
0,37097483313,158372909
0,37099777725,158326295
0,37102072103,158410508
0,37104366514,158359194
0,37106660915,158314294
0,37108955305,158275007
0,37111249717,158365631
0,37113544117,158319927
0,37115838516,158279936
0,37118132919,158369944
0,37120427318,158323701
0,37122721730,158283238
0,37125016107,158372833
0,37127310520,158451228
0,37129604918,158394824
0,37131899309,158345471
0,37134193721,158427287
0,37136488121,158373876
0,37138782523,158327141
0,37141076911,158411248
0,37143371323,158359842
0,37145665724,158314861
0,37147960113,158275503
0,37150254526,158366065
0,37152548924,158320306
0,37154843325,158280267
0,37157137728,158370233
0,37159432125,158323953
0,37161726539,158283458
0,37164020916,158373025
0,37166315328,158326396
0,37168609729,158285596
0,37170904117,158249896
0,37173198530,158343659
0,37175492930,158300701
0,37177787330,158263113
0,37180081720,158355223
0,37182376132,158310820
0,37184670531,158271967
0,37186964922,158237971
0,37189259334,158333224
0,37191553733,158291571
0,37193848135,158255124
0,37196142536,158348233
0,37198436935,158304703
0,37200731348,158266615
0,37203025724,158358288
0,37205320139,158313502
0,37207614537,158274314
0,37209908927,158240024
0,37212203340,158335021
0,37214497738,158293143
0,37216792140,158256500
0,37219086541,158349437
0,37221380940,158305757
0,37223675341,158267537
0,37225969731,158234094
0,37228264144,158329832
0,37230558543,158288603
0,37232852943,158252527
0,37235147345,158345961
0,37237441746,158302715
0,37239736156,158264875
0,37242030535,158356765
0,37244324948,158312169
0,37246619346,158273147
0,37248913738,158239003
0,37251208150,158334127
0,37253502549,158292361
0,37255796952,158255815
0,37258091351,158348838
0,37260385751,158305233
0,37262680153,158267078
0,37264974541,158233693
0,37267268955,158329481
0,37269563352,158288295
0,37271857743,158252258
0,37274152157,158345725
0,37276446554,158302509
0,37278740968,158264695
0,37281035346,158356608
0,37283329757,158312032
0,37285624159,158273028
0,37287918548,158238899
0,37290212961,158334036
0,37292507361,158292281
0,37294801762,158255745
0,37297096163,158348776
0,37299390562,158305179
0,37301684961,158267031
0,37303979352,158233652
0,37306273765,158329445
0,37308568165,158288264
0,37310862555,158252231
0,37313156968,158345702
0,37315451367,158302489
0,37317745781,158264677
0,37320040157,158356592
0,37322334569,158312018
0,37324628969,158273015
0,37326923359,158238888
0,37329217772,158334027
0,37331512171,158292273
0,37333806573,158255738
0,37336100974,158348770
0,37338395374,158305173
0,37340689774,158267026
0,37342984164,158233647
0,37345278577,158329441
0,37347572976,158288260
0,37349867365,158252227
0,37352161779,158345698
0,37354456179,158302485
0,37356750591,158264674
0,37359044970,158356589
0,37361339382,158312015
0,37363633781,158273013
0,37365928172,158238886
0,37368222585,158334025
0,37370516983,158292271
0,37372811386,158255737
0,37375105786,158348769
0,37377400187,158305172
0,37379694588,158267025
0,37381988977,158233646
0,37384283391,158329440
0,37386577788,158288260
0,37388872179,158252227
0,37391166593,158345698
0,37393460990,158302485
0,37395755404,158264674
0,37398049783,158356589
0,37400344193,158312015
0,37402638595,158273013
0,37404932985,158238886
0,37407227398,158334025
0,37409521797,158292271
0,37411816197,158255737
0,37414110600,158348769
0,37416405000,158305172
0,37418699399,158267025
0,37420993791,158233646
0,37423288203,158329440
0,37425582602,158288260
0,37427876993,158252227
0,37430171405,158345698
0,37432465805,158302485
0,37434760218,158264674
0,37437054595,158356589
0,37439349008,158312015
0,37441643408,158273013
0,37443937798,158238886
0,37446232212,158334025
0,37448526610,158292271
0,37450821011,158255737
0,37453115414,158348769
0,37455409813,158305172
0,37457704213,158267025
0,37459998605,158233646
0,37462293017,158329440
0,37464587417,158288260
0,37466881806,158252227
0,37469176220,158345698
0,37471470620,158302485
0,37473765032,158264674
0,37476059411,158356589
0,37478353822,158312015
0,37480648222,158273013
0,37482942613,158238886
0,37485237027,158334025
0,37487531425,158292271
0,37489825827,158255737
0,37492120228,158348769
0,37494414628,158305172
0,37496709030,158267025
0,37499003418,158358646
0,37501297833,158438815
0,37503592231,158383963
0,37505886622,158335967
0,37508181036,158418971
0,37510475433,158366599
0,37512769848,158320774
0,37515064225,158405677
0,37517358637,158354967
0,37519653038,158310596
0,37521947428,158271771
0,37524241841,158362799
0,37526536241,158317449
0,37528830641,158277767
0,37531125043,158368046
0,37533419444,158322040
0,37535713843,158281785
0,37538008235,158371561
0,37540302647,158450115
0,37542597046,158393850
0,37544891438,158344618
0,37547185849,158426540
0,37549480251,158373222
0,37551774664,158326569
0,37554069041,158410747
0,37556363453,158359403
0,37558657853,158314477
0,37560952244,158275167
0,37563246657,158365771
0,37565541056,158320049
0,37567835458,158280042
0,37570129860,158370036
0,37572424259,158323781
0,37574718659,158283308
0,37577013051,158372894
0,37579307463,158451282
0,37581601864,158394871
0,37583896253,158345512
0,37586190667,158427323
0,37588485067,158373907
0,37590779478,158327168
0,37593073859,158411272
0,37595368270,158359863
0,37597662670,158314880
0,37599957061,158275520
0,37602251473,158366080
0,37604545874,158320320
0,37606840274,158280280
0,37609134676,158370245
0,37611429077,158323964
0,37613723476,158283468
0,37616017867,158373034
0,37618312280,158451404
0,37620606679,158394978
0,37622901071,158345605
0,37625195485,158427404
0,37627489883,158373978
0,37629784285,158327230
0,37632078674,158411326
0,37634373086,158359910
0,37636667488,158564921
0,37638961878,158744305
0,37641256291,159026266
0,37643550691,159272982
0,37645845090,159363859
0,37648139495,159568376
0,37650433893,159747329
0,37652728307,159778912
0,37655022685,159931548
0,37657317098,160065104
0,37659611498,160056966
0,37661905889,160049845
0,37664200301,160168614
0,37666494701,160272537
0,37668789105,160238469
0,37671083491,160333660
0,37673377906,160416952
0,37675672305,160364833
0,37677966696,160319228
0,37680261110,160404324
0,37682555507,160478783
0,37684849910,160418935
0,37687144312,160491568
0,37689438712,160555122
0,37691733126,160485731
0,37694027504,160550014
0,37696321916,160606262
0,37698616317,160530479
0,37700910706,160464169
0,37703205120,160531147
0,37705499521,160589753
0,37707793921,160516033
0,37710088325,160576528
0,37712382723,160629462
0,37714677124,160550779
0,37716971515,160481931
0,37719265929,160546689
0,37721560328,160603352
0,37723854719,160527933
0,37726149131,160586941
0,37728443531,160638573
0,37730737945,160558751
0,37733032322,160613907
0,37735326737,160662168
0,37737621134,160579397
0,37739915526,160506972
0,37742209939,160568600
0,37744504340,160622525
0,37746798742,160544709
0,37749093144,160601620
0,37751387542,160651417
0,37753681944,160569989
0,37755976334,160498740
0,37758270748,160561397
0,37760565148,160616222
0,37762859537,160539194
0,37765153951,160596794
0,37767448351,160647194
0,37769742765,160566294
0,37772037142,160620507
0,37774331554,160667943
0,37776625954,160584450
0,37778920347,160511393
0,37781214759,160572468
0,37783509160,160625909
0,37785803562,160547670
0,37788097963,160604211
0,37790392364,160653684
0,37792686764,160571973
0,37794981154,160500476
0,37797275569,160562916
0,37799569966,160617551
0,37801864359,160540357
0,37804158772,160597812
0,37806453171,160648085
0,37808747585,160567074
0,37811041964,160621189
0,37813336376,160668540
0,37815630777,160584972
0,37817925166,160511850
0,37820219580,160572868
0,37822513981,160626259
0,37824808383,160547976
0,37827102785,160604479
0,37829397184,160653919
0,37831691585,160572179
0,37833985976,160500656
0,37836280390,160563074
0,37838574788,160617689
0,37840869179,160540477
0,37843163592,160597917
0,37845457993,160648177
0,37847752406,160567154
0,37850046784,160621259
0,37852341196,160668601
0,37854635597,160585025
0,37856929989,160511896
0,37859224403,160572909
0,37861518800,160626295
0,37863813204,160548008
0,37866107606,160604507
0,37868402006,160653943
0,37870696406,160572200
0,37872990797,160500675
0,37875285211,160563090
0,37877579611,160617703
0,37879874002,160540490
0,37882168415,160597928
0,37884462815,160648187
0,37886757228,160567163
0,37889051608,160621267
0,37891346018,160668608
0,37893640420,160585032
0,37895934811,160511903
0,37898229224,160572915
0,37900523624,160626300
0,37902818028,160548012
0,37905112428,160604510
0,37907406829,160653946
0,37909701229,160572202
0,37911995620,160500676
0,37914290034,160563091
0,37916584433,160617704
0,37918878824,160540491
0,37921173238,160597929
0,37923467637,160648187
0,37925762052,160567163
0,37928056429,160621267
0,37930350842,160668608
0,37932645243,160585032
0,37934939633,160511903
0,37937234047,160572915
0,37939528448,160626300
0,37941822848,160548012
0,37944117252,160604510
0,37946411652,160653946
0,37948706052,160572202
0,37951000444,160625676
0,37953294857,160672466
0,37955589257,160713407
0,37957883647,160624231
0,37960178061,160671202
0,37962472461,160712301
0,37964766875,160623263
0,37967061252,160670355
0,37969355666,160711560
0,37971650065,160622615
0,37973944457,160544788
0,37976238872,160601689
0,37978533270,160651477
0,37980827673,160570042
0,37983122075,160623786
0,37985416475,160670812
0,37987710876,160586960
0,37990005267,160638590
0,37992299680,160683766
0,37994594081,160723295
0,37996888472,160632883
0,37999182886,160678772
0,38001477286,160718925
0,38003771698,160629059
0,38006066078,160675426
0,38008360489,160715997
0,38010654891,160626497
0,38012949281,160548184
0,38015243694,160604661
0,38017538095,160654078
0,38019832497,160572318
0,38022126900,160625778
0,38024421299,160672555
0,38026715702,160588485
0,38029010091,160639924
0,38031304506,160684933
0,38033598904,160724316
0,38035893297,160633776
0,38038187709,160679554
0,38040482109,160719609
0,38042776523,160629657
0,38045070902,160675949
0,38047365315,160716455
0,38049659715,160626898
0,38051954106,160548535
0,38054248520,160604968
0,38056542921,160654347
0,38058837321,160572553
0,38061131725,160625983
0,38063426126,160672735
0,38065720525,160588643
0,38068014917,160640062
0,38070309330,160685054
0,38072603731,160724422
0,38074898122,160633869
0,38077192535,160679635
0,38079486937,160719680
0,38081781349,160629720
0,38084075727,160676005
0,38086370140,160716504
0,38088664541,160626941
0,38090958933,160548573
0,38093253346,160605001
0,38095547746,160654375
0,38097842148,160572578
0,38100136551,160626005
0,38102430950,160672754
0,38104725353,160588659
0,38107019744,160640076
0,38109314156,160685066
0,38111608558,160599432
0,38113902948,160524503
0,38116197362,160583940
0,38118491763,160635947
0,38120786165,160556453
0,38123080555,160611896
0,38125374965,160660409
0,38127669368,160577857
0,38129963761,160505624
0,38132258172,160567421
0,38134552574,160621493
0,38136846963,160543806
0,38139141378,160600830
0,38141435777,160650726
0,38143730179,160569385
0,38146024571,160623211
0,38148318984,160670309
0,38150613384,160586520
0,38152907776,160513205
0,38155202188,160574054
0,38157496589,160627297
0,38159790993,160548884
0,38162085395,160605273
0,38164379794,160654613
0,38166674197,160572786
0,38168968587,160501187
0,38171263000,160563538
0,38173557403,160618095
0,38175851793,160540833
0,38178146206,160598228
0,38180440607,160648449
0,38182735019,160567392
0,38185029399,160621468
0,38187323811,160668784
0,38189618213,160585186
0,38191912604,160512037
0,38194207017,160573032
0,38196501419,160626403
0,38198795822,160548102
0,38201090223,160604589
0,38203384625,160654015
0,38205679024,160572263
0,38207973416,160500730
0,38210267831,160563138
0,38212562230,160617745
0,38214856622,160540526
0,38217151036,160597960
0,38219445435,160648215
0,38221739851,160567188
0,38224034228,160621289
0,38226328640,160668627
0,38228623044,160585048
0,38230917432,160511917
0,38233211847,160572927
0,38235506248,160626311
0,38237800650,160548022
0,38240095053,160604519
0,38242389452,160653954
0,38244683854,160572209
0,38246978246,160500682
0,38249272657,160563096
0,38251567060,160617709
0,38253861451,160540495
0,38256155863,160597933
0,38258450266,160648191
0,38260744678,160567167
0,38263039056,160621271
0,38265333472,160668612
0,38267627870,160585035
0,38269922262,160511905
0,38272216677,160572916
0,38274511076,160626301
0,38276805480,160548013
0,38279099882,160604511
0,38281394282,160653947
0,38283688684,160572203
0,38285983075,160500677
0,38288277489,160563092
0,38290571890,160617705
0,38292866279,160540491
0,38295160695,160597929
0,38297455094,160648187
0,38299749507,160567163
0,38302043888,160621267
0,38304338300,160668608
0,38306632700,160585032
0,38308927093,160511903
0,38311221507,160572915
0,38313515906,160626300
0,38315810311,160548012
0,38318104713,160604510
0,38320399112,160653946
0,38322693513,160572202
0,38324987906,160500676
0,38327282319,160563091
0,38329576719,160617704
0,38331871112,160540491
0,38334165524,160597929
0,38336459925,160648187
0,38338754339,160567163
0,38341048717,160621267
0,38343343131,160918608
0,38345637532,161178782
0,38347931922,161281434
0,38350226338,161496254
0,38352520737,161684222
0,38354815140,161848694
0,38357109544,161992607
0,38359403942,162118531
0,38361698344,162228714
0,38363992736,162200124
0,38366287149,162300108
0,38368581550,162387594
0,38370875942,162464144
0,38373170355,162531126
0,38375464756,162589735
0,38377759170,162641018
0,38380053549,162685890
0,38382347962,162725153
0,38384642363,162759508
0,38386936755,162664569
0,38389231168,162706497
0,38391525569,162743184
0,38393819973,162775286
0,38396114374,162803375
0,38398408775,162827953
0,38400703177,162849458
0,38402997566,162743275
0,38405291982,162775365
0,38407586383,162803444
0,38409880772,162828013
0,38412175188,162849511
0,38414469587,162868322
0,38416764001,162884781
0,38419058381,162899183
0,38421352794,162911785
0,38423647195,162922811
0,38425941586,162807459
0,38428236000,162831526
0,38430530401,162852585
0,38432824804,162871011
0,38435119206,162887134
0,38437413608,162901242
0,38439708007,162913586
0,38442002400,162924387
0,38444296816,162933838
0,38446591213,162942108
0,38448885606,162949344
0,38451180021,162955676
0,38453474419,162961216
0,38455768835,162966064
0,38458063214,162970306
0,38460357626,162974017
0,38462652029,162977264
0,38464946419,162855106
0,38467240833,162873217
0,38469535234,162889064
0,38471829636,162902931
0,38474124040,162915064
0,38476418439,162925681
0,38478712841,162934970
0,38481007233,162943098
0,38483301647,162950210
0,38485596047,162956433
0,38487890439,162961878
0,38490184854,162966643
0,38492479253,162970812
0,38494773668,162974460
0,38497068047,162977652
0,38499362460,162980445
0,38501656861,162982889
0,38503951253,162860027
0,38506245667,162877523
0,38508540067,162892832
0,38510834470,162906228
0,38513128874,162917949
0,38515423274,162928205
0,38517717675,162937179
0,38520012067,162945031
0,38522306482,162951902
0,38524600882,162957914
0,38526895273,162963174
0,38529189688,162967777
0,38531484087,162971804
0,38533778502,162975328
0,38536072881,162978412
0,38538367295,162981110
0,38540661695,162983471
0,38542956086,162860537
0,38545250502,162877969
0,38547544902,162893222
0,38549839304,162906569
0,38552133708,162918247
0,38554428109,162928466
0,38556722510,162937407
0,38559016901,162945231
0,38561311316,162952077
0,38563605716,162958067
0,38565900108,162963308
0,38568194522,162967894
0,38570488923,162971907
0,38572783326,162975418
0,38575077716,162978490
0,38577372129,162981178
0,38579666532,162983530
0,38581960923,162860588
0,38584255337,162878014
0,38586549737,162893262
0,38588844129,162906604
0,38591138543,162918278
0,38593432942,162928493
0,38595727345,162937431
0,38598021737,162945252
0,38600316151,162952095
0,38602610552,162958083
0,38604904944,162838322
0,38607199358,162858531
0,38609493759,162876214
0,38611788162,162891687
0,38614082551,162905226
0,38616376966,162917072
0,38618671366,162927438
0,38620965758,162811508
0,38623260172,162835069
0,38625554573,162855685
0,38627848966,162873724
0,38630143380,162889508
0,38632437780,162903319
0,38634732182,162915404
0,38637026573,162925978
0,38639320987,162935230
0,38641615388,162943326
0,38643909779,162825410
0,38646204195,162847233
0,38648498593,162866328
0,38650792998,162883037
0,38653087401,162897657
0,38655381801,162910449
0,38657676202,162921642
0,38659970594,162806436
0,38662265009,162830631
0,38664559409,162851802
0,38666853801,162870326
0,38669148216,162886535
0,38671442617,162900718
0,38673737018,162913128
0,38676031411,162923987
0,38678325824,162933488
0,38680620224,162941802
0,38682914617,162824076
0,38685209032,162846066
0,38687503431,162865307
0,38689797837,162882143
0,38692092237,162896875
0,38694418639,162909765
0,38860730805,152671044
0,38863025196,143837163
0,38865319610,136107517
0,38867614013,129219077
0,38869908404,123191692
0,38872202819,118042730
0,38874497220,113412388
0,38876791623,109360839
0,38879086027,105940734
0,38881380427,102948142
0,38883674829,100204624
0,38885969222,97804046
0,38888263636,95828540
0,38890558036,93974972
0,38892852429,92353100
0,38895146842,91058962
0,38897441244,89801591
0,38899735646,88701392
0,38902030037,87863718
0,38904324452,87130753
0,38906618852,86364408
0,38908913246,85693857
0,38911207660,85232124
0,38913502061,84703108
0,38915796465,84240219
0,38918090867,83960191
0,38920385268,83715167
0,38922679670,83375771
0,38924974063,83078799
0,38927268476,82943949
0,38929562879,82700955
0,38931857270,82488335
0,38934151685,82427293
0,38936446086,82248881
0,38938740487,82092770
0,38941034879,81956173
0,38943329294,81711651
0,38945623694,81497694
0,38947918088,81310482
0,38950212502,81271671
0,38952506903,81112712
0,38954801307,80973623
0,38957095708,80976920
0,38959390111,80854805
0,38961684511,80747954
0,38963978905,80654459
0,38966273319,80697651
0,38968567720,80610444
0,38970862112,80534138
0,38973156529,80592370
0,38975450927,80518323
0,38977745344,80453532
0,38980039722,80521840
0,38982334136,80456610
0,38984628538,80399533
0,38986922930,80349591
0,38989217345,80430892
0,38991511746,80377030
0,38993806149,80329901
0,38996100552,80413663
0,38998394954,80361955
0,39000689354,80316710
0,39002983748,80277121
0,39005278162,80367480
0,39007572563,80321545
0,39009866956,80281351
0,39012161370,80371182
0,39014455771,80324784
0,39016750187,80284186
0,39019044565,80373662
0,39021338980,80326954
0,39023633381,80286084
0,39025927774,80250323
0,39028222189,80344032
0,39030516588,80301028
0,39032810993,80263399
0,39035105396,80355474
0,39037399797,80311039
0,39039694199,80272159
0,39041988592,80238139
0,39044283006,80333371
0,39046577408,80291699
0,39048871798,80255236
0,39051166214,80348331
0,39053460616,80304789
0,39055755030,80266690
0,39058049409,80358353
0,39060343824,80313558
0,39062638225,80274363
0,39064932618,80240067
0,39067227033,80335058
0,39069521433,80293175
0,39071815837,80256528
0,39074110240,80349462
0,39076404642,80305779
0,39078699044,80267556
0,39080993435,80234111
0,39083287851,80329847
0,39085582251,80288616
0,39087876645,80252539
0,39090171059,80345971
0,39092465459,80302724
0,39094759874,80264883
0,39097054255,80356772
0,39099348667,80312175
0,39101643070,80273153
0,39103937462,80239008
0,39106231877,80334132
0,39108526279,80667365
0,39110820683,80833944
0,39113115085,81104701
0,39115409486,81341613
0,39117703888,81423911
0,39119998282,81495922
0,39122292696,81683931
0,39124587096,81848439
0,39126881489,81867384
0,39129175903,82008961
0,39131470306,82132840
0,39133764720,82116235
0,39136059100,82226705
0,39138353514,82323366
0,39140647916,82282945
0,39142942308,82247576
0,39145236724,82341629
0,39147531123,82423925
0,39149825528,82370934
0,39152119931,82449567
0,39154414332,82518371
0,39156708734,82453574
0,39159003127,82521877
0,39161297541,82581642
0,39163591944,82633936
0,39165886335,82554694
0,39168180751,82610357
0,39170475151,82659062
0,39172769566,82576679
0,39175063946,82629594
0,39177358360,82675894
0,39179652761,82591407
0,39181947155,82517481
0,39184241569,82577795
0,39186535970,82630570
0,39188830375,82551748
0,39191124777,82607779
0,39193419179,82656806
0,39195713581,82574705
0,39198007973,82627866
0,39200302389,82674382
0,39202596790,82715084
0,39204891182,82625698
0,39207185599,82672485
0,39209479997,82713424
0,39211774414,82624246
0,39214068793,82671215
0,39216363207,82712313
0,39218657609,82623273
0,39220952002,82545363
0,39223246416,82602192
0,39225540818,82651918
0,39227835210,82570428
0,39230129625,82624124
0,39232424025,82671108
0,39234718428,82587219
0,39237012820,82638816
0,39239307236,82683964
0,39241601637,82598468
0,39243896030,82523659
0,39246190444,82583201
0,39248484846,82635300
0,39250779262,82555887
0,39253073640,82611401
0,39255368056,82659975
0,39257662456,82577478
0,39259956850,82505293
0,39262251265,82567131
0,39264545665,82621239
0,39266840058,82543584
0,39269134473,82600636
0,39271428874,82650556
0,39273723276,82569236
0,39276017669,82623081
0,39278312083,82670195
0,39280606485,82586420
0,39282900877,82513117
0,39285195293,82573977
0,39287489694,82627229
0,39289784098,82548825
0,39292078489,82605221
0,39294372902,82654568
0,39296667305,82572747
0,39298961698,82501153
0,39301256113,82563508
0,39303550514,82618069
0,39305844906,82540810
0,39308139321,82598208
0,39310433723,82648432
0,39312728125,82567378
0,39315022518,82621455
0,39317316932,82668773
0,39319611334,82585176
0,39321905726,82512029
0,39324200143,82573025
0,39326494543,82626396
0,39328788948,82548096
0,39331083338,82604584
0,39333377752,82654011
0,39335672155,82572259
0,39337966548,82500726
0,39340260963,82563135
0,39342555366,82617743
0,39344849757,82540525
0,39347144173,82597959
0,39349438574,82648214
0,39351732976,82567187
0,39354027369,82621288
0,39356321782,82668627
0,39358616185,82585048
0,39360910577,82511917
0,39363204993,82572927
0,39365499394,82626311
0,39367793800,82548022
0,39370088201,82604519
0,39372382605,82653954
0,39374677006,82572209
0,39376971399,82500682
0,39379265815,82563096
0,39381560215,82617709
0,39383854609,82540495
0,39386149023,82597933
0,39388443425,82648191
0,39390737828,82567167
0,39393032220,82621271
0,39395326634,82668612
0,39397621037,82585035
0,39399915428,82511905
0,39402209844,82572916
0,39404504247,82626301
0,39406798650,82548013
0,39409093054,82604511
0,39411387454,82653947
0,39413681857,82572203
0,39415976250,82500677
0,39418270665,82563092
0,39420565067,82617705
0,39422859458,82540491
0,39425153874,82597929
0,39427448276,82648187
0,39429742678,82567163
0,39432037071,82621267
0,39434331485,82668608
0,39436625887,82585032
0,39438920279,82511903
0,39441214695,82572915
0,39443509095,82626300
0,39445803501,82548012
0,39448097905,82854510
0,39450392305,83122696
0,39452686709,83357359
0,39454981100,83437689
0,39457275516,83632977
0,39459569918,83803854
0,39461864311,83953372
0,39464158727,84084200
0,39466453127,84198675
0,39468747529,84298840
0,39471041923,84386485
0,39473336336,84463174
0,39475630740,84530277
0,39477925132,84463992
0,39480219548,84530993
0,39482513949,84589618
0,39484808355,84640915
0,39487102756,84685800
0,39489397159,84725075
0,39491691561,84759440
0,39493985953,84664510
0,39496280370,84706446
0,39498574770,84743140
0,39500869163,84775247
0,39503163578,84803341
0,39505457979,84827923
0,39507752396,84849432
0,39510046774,84868253
0,39512341189,84884721
0,39514635592,84899130
0,39516929984,84786738
0,39519224400,84813395
0,39521518800,84836720
0,39523813206,84857130
0,39526107611,84874988
0,39528402010,84890614
0,39530696413,84904287
0,39532990807,84791251
0,39535285222,84817344
0,39537579624,84840176
0,39539874016,84860154
0,39542168431,84877634
0,39544462833,84892929
0,39546757249,84906312
0,39549051628,84918023
0,39551346043,84928270
0,39553640444,84937236
0,39555934838,84820081
0,39558229252,84842570
0,39560523654,84862248
0,39562818060,84879467
0,39565112464,84894533
0,39567406865,84907716
0,39569701268,84919251
0,39571995660,84804344
0,39574290076,84828801
0,39576584478,84850200
0,39578878869,84868925
0,39581173285,84885309
0,39583467687,84899645
0,39585762102,84912189
0,39588056482,84923165
0,39590350895,84932769
0,39592645299,84941172
0,39594939693,84823525
0,39597234108,84845584
0,39599528509,84864886
0,39601822914,84881775
0,39604117317,84896553
0,39606411720,84909483
0,39608706121,84920797
0,39611000514,84930697
0,39613294931,84939359
0,39615589331,84946939
0,39617883724,84953571
0,39620178139,84959374
0,39622472540,84964452
0,39624766957,84968895
0,39627061338,84972783
0,39629355752,84976185
0,39631650156,84979161
0,39633944546,84856765
0,39636238963,84874669
0,39638533364,84890335
0,39640827768,84904043
0,39643122173,84916037
0,39645416572,84926532
0,39647710976,84935715
0,39650005371,84943750
0,39652299785,84950781
0,39654594187,84956933
0,39656888580,84962316
0,39659182995,84967026
0,39661477398,84971147
0,39663771812,84974753
0,39666066192,84977908
0,39668360608,84980669
0,39670655008,84983085
0,39672949404,84860199
0,39675243818,84877674
0,39677538219,84892964
0,39679832615,84906343
0,39682127028,84918050
0,39684421430,84928293
0,39686715834,84937256
0,39689010224,84945099
0,39691304641,84951961
0,39693599043,84957965
0,39695893436,84838219
0,39698187853,84858441
0,39700482253,84876135
0,39702776669,84891618
0,39705071050,84905165
0,39707365462,84917019
0,39709659866,84927391
0,39711954258,84811467
0,39714248673,84835033
0,39716543076,84855653
0,39718837470,84873696
0,39721131885,84889484
0,39723426288,84903298
0,39725720688,84915385
0,39728015082,84925961
0,39730309497,84935215
0,39732603898,84943313
0,39734898294,84825398
0,39737192709,84847223
0,39739487110,84866320
0,39741781527,84883030
0,39744075905,84897651
0,39746370320,84910444
0,39748664724,84921638
0,39750959114,84806433
0,39753253531,84830628
0,39755547932,84851799
0,39757842327,84870324
0,39760136743,84886533
0,39762431143,84900716
0,39764725546,84913126
0,39767019940,84923985
0,39769314353,84933486
0,39771608756,84941800
0,39773903151,84824075
0,39776197566,84846065
0,39778491968,84865306
0,39780786373,84882142
0,39783080763,84896874
0,39785375178,84909764
0,39787669579,84921043
0,39789963974,84805912
0,39792258390,84830173
0,39794552791,84851401
0,39796847184,84869975
0,39799141600,84886228
0,39801436001,85150449
0,39803730405,85381642
0,39806024798,85708936
0,39808319213,85870319
0,39810613616,86011529
0,39812908008,86135087
0,39815202424,86243201
0,39817496824,86337800
0,39819791231,86420575
0,39822085623,86618003
0,39824380036,86665752
0,39826674440,86707533
0,39828968832,86744091
0,39831263247,86776079
0,39833557649,86804069
0,39835852044,86828560
0,39838146459,86974990
0,39840440861,86978116
0,39842735263,86980851
0,39845029656,87108244
0,39847324071,87094713
0,39849618473,87082873
0,39851912868,87072513
0,39854207283,87063448
0,39856501685,87055517
0,39858796090,87048577
0,39861090493,87167504
0,39863384895,87146566
0,39865679298,87128245
0,39867973691,87112214
0,39870268108,87098187
0,39872562509,87085913
0,39874856901,87075173
0,39877151318,87190776
0,39879445719,87166929
0,39881740122,87146062
0,39884034516,87252804
0,39886328930,87221203
0,39888623333,87193552
0,39890917728,87169358
0,39893212143,87148188
0,39895506545,87129664
0,39897800949,87113456
0,39900095354,87224274
0,39902389755,87196239
0,39904684157,87171709
0,39906978553,87150245
0,39909272967,87131464
0,39911567369,87115031
0,39913861763,87100652
0,39916156177,87213070
0,39918450580,87186436
0,39920744984,87163131
0,39923039375,87267739
0,39925333791,87234271
0,39927628195,87204987
0,39929922587,87179363
0,39932217004,87156942
0,39934511405,87137324
0,39936805809,87120158
0,39939100214,87230138
0,39941394615,87201370
0,39943689019,87176198
0,39945983412,87154173
0,39948277828,87134901
0,39950572231,87118038
0,39952866624,87103283
0,39955161040,87215372
0,39957455443,87188450
0,39959749843,87164893
0,39962044237,87269281
0,39964338652,87235620
0,39966633053,87206167
0,39968927449,87180396
0,39971221865,87157846
0,39973516266,87138115
0,39975810672,87120850
0,39978105076,87230743
0,39980399478,87201900
0,39982693881,87176662
0,39984988273,87154579
0,39987282689,87135256
0,39989577090,87118349
0,39991871485,87103555
0,39994165902,87215610
0,39996460302,87188658
0,39998754705,87165075
0,40001049100,87269440
0,40003343514,87235760
0,40005637917,87206290
0,40007932310,87180503
0,40010226726,87157940
0,40012521128,87138197
0,40014815533,87120922
0,40017109937,87230806
0,40019404340,87201955
0,40021698741,87176710
0,40023993137,87154621
0,40026287552,87135293
0,40028581953,87118381
0,40030876349,87103583
0,40033170764,87215635
0,40035465166,87188680
0,40037759582,87165095
0,40040053961,87269458
0,40042348377,87235775
0,40044642779,87206303
0,40046937173,87180515
0,40049231589,87157950
0,40051525989,87138206
0,40053820396,87120930
0,40056114801,87230813
0,40058409202,87201961
0,40060703605,87176715
0,40062998000,87154625
0,40065292415,87135296
0,40067586818,87118384
0,40069881211,87103586
0,40072175626,87215637
0,40074470030,87188682
0,40076764444,87165096
0,40079058825,87269459
0,40081353239,87235776
0,40083647643,87206304
0,40085942037,87180516
0,40088236452,87157951
0,40090530854,87138207
0,40092825260,87120931
0,40095119663,87230814
0,40097414066,87201962
0,40099708470,87176716
0,40102002863,87279626
0,40104297279,87244672
0,40106591681,87214088
0,40108886074,87187327
0,40111180491,87288911
0,40113474892,87252797
0,40115769309,87221197
0,40118063689,87318547
0,40120358103,87278728
0,40122652508,87243887
0,40124946900,87213401
0,40127241315,87186725
0,40129535719,87163384
0,40131830113,87142961
0,40134124528,87250090
0,40136418930,87218828
0,40138713332,87191474
0,40141007728,87292539
0,40143302141,87255971
0,40145596544,87223974
0,40147890940,87195977
0,40150185356,87296479
0,40152479756,87259419
0,40154774173,87226991
0,40157068554,87323617
0,40159362970,87658164
0,40161657371,87825893
0,40163951766,87972656
0,40166246183,88226074
0,40168540582,88322814
0,40170834978,88407462
0,40173129394,88606529
0,40175423796,88780712
0,40177718198,88808123
0,40180012592,88957107
0,40182307007,89087468
0,40184601412,89076534
0,40186895803,89066967
0,40189190220,89183596
0,40191484623,89160646
0,40193779039,89140565
0,40196073418,89247994
0,40198367834,89341994
0,40200662237,89299244
0,40202956632,89261838
0,40205251046,89354108
0,40207545449,89309844
0,40209839845,89271113
0,40212134258,89362223
0,40214428660,89441945
0,40216723065,89386701
0,40219017458,89463363
0,40221311873,89530442
0,40223606275,89464136
0,40225900670,89406119
0,40228195087,89480354
0,40230489487,89420309
0,40232783904,89367770
0,40235078285,89446798
0,40237372700,89515948
0,40239667103,89451454
0,40241961497,89395022
0,40244255913,89470644
0,40246550316,89411813
0,40248844710,89360336
0,40251139125,89440294
0,40253433528,89510257
0,40255727930,89446474
0,40258022325,89515664
0,40260316738,89576206
0,40262611142,89504180
0,40264905538,89441157
0,40267199953,89511012
0,40269494354,89447135
0,40271788761,89391243
0,40274083152,89467337
0,40276377567,89533919
0,40278671971,89467179
0,40280966364,89408781
0,40283260781,89482683
0,40285555181,89422347
0,40287849577,89369553
0,40290143993,89448358
0,40292438394,89517313
0,40294732798,89452648
0,40297027192,89521067
0,40299321606,89580933
0,40301616011,89508316
0,40303910404,89444776
0,40306204820,89514179
0,40308499223,89449906
0,40310793627,89393667
0,40313088019,89469458
0,40315382435,89535775
0,40317676838,89468803
0,40319971232,89410202
0,40322265648,89483926
0,40324560050,89423435
0,40326854445,89370505
0,40329148860,89449191
0,40331443264,89518042
0,40333737667,89453286
0,40336032060,89521625
0,40338326476,89581421
0,40340620878,89508743
0,40342915272,89445150
0,40345209690,89514506
0,40347504091,89450192
0,40349798497,89393918
0,40352092901,89469678
0,40354387303,89535968
0,40356681707,89468972
0,40358976101,89410350
0,40361270516,89484056
0,40363564919,89423549
0,40365859313,89370605
0,40368153730,89449279
0,40370448131,89518119
0,40372742534,89453354
0,40375036929,89521684
0,40377331343,89581473
0,40379625748,89508788
0,40381920141,89445189
0,40384214557,89514540
0,40386508960,89450222
0,40388803367,89393944
0,40391097770,89469701
0,40393392172,89535988
0,40395686576,89468989
0,40397980970,89410365
0,40400275388,89484069
0,40402569787,89423560
0,40404864182,89370615
0,40407158599,89449288
0,40409453001,89518127
0,40411747405,89453361
0,40414041798,89521690
0,40416336213,89581478
0,40418630617,89508793
0,40420925011,89445193
0,40423219427,89514543
0,40425513830,89450225
0,40427808234,89393946
0,40430102641,89469702
0,40432397043,89535989
0,40434691446,89468990
0,40436985840,89410366
0,40439280256,89484070
0,40441574659,89423561
0,40443869053,89370615
0,40446163468,89449288
0,40448457871,89518127
0,40450752274,89453361
0,40453046669,89521690
0,40455341085,89581478
0,40457635487,89508793
0,40459929881,89445193
0,40462224298,89514543
0,40464518700,89450225
0,40466813106,89393946
0,40469107511,89469702
0,40471401912,89535989
0,40473696317,89468990
0,40475990711,89410366
0,40478285127,89484070
0,40480579530,89423561
0,40482873923,89370615
0,40485168340,89449288
0,40487462742,89518127
0,40489757145,89453361
0,40492051540,89521690
0,40494345954,89581478
0,40496640358,89508793
0,40498934754,89445193
0,40501229168,89514543
0,40503523572,89450225
0,40505817978,89393946
0,40508112382,89469702
0,40510406785,89535989
0,40512701188,89468990
0,40514995582,89410366
0,40517289999,89484070
0,40519584400,89423561
0,40521878796,89370615
0,40524173212,89449288
0,40526467614,89518127
0,40528762019,89453361
0,40531056412,89521690
0,40533350828,89831478
0,40535645232,90102543
0,40537939625,90214725
0,40540234042,90437884
0,40542528446,90633148
0,40544822839,90679004
0,40547117256,90844128
0,40549411657,90988612
0,40551706061,91115035
0,40554000456,91225655
0,40556294873,91322448
0,40558589275,91407142
0,40560883670,91356249
0,40563178085,91436717
0,40565472489,91507127
0,40567766905,91568736
0,40570061286,91622644
0,40572355702,91669813
0,40574650104,91711086
0,40576944499,91622200
0,40579238917,91669425
0,40581533318,91710746
0,40583827714,91621902
0,40586122128,91669164
0,40588416531,91710518
0,40590710935,91746703
0,40593005330,91778365
0,40595299745,91806069
0,40597594149,91830310
0,40599888542,91726521
0,40602182959,91760705
0,40604477361,91790616
0,40606771778,91816789
0,40609066161,91839690
0,40611360574,91859728
0,40613654978,91877262
0,40615949373,91767604
0,40618243789,91796653
0,40620538192,91822071
0,40622832589,91719312
0,40625127001,91754398
0,40627421405,91785098
0,40629715808,91811960
0,40632010203,91835465
0,40634304619,91856031
0,40636599022,91874027
0,40638893417,91764773
0,40641187832,91794176
0,40643482235,91819904
0,40645776652,91717416
0,40648071034,91752739
0,40650365449,91783646
0,40652659854,91810690
0,40654954246,91709353
0,40657248663,91745683
0,40659543067,91777472
0,40661837461,91680288
0,40664131878,91720252
0,40666426279,91755220
0,40668720682,91785817
0,40671015077,91812589
0,40673309492,91836015
0,40675603896,91856513
0,40677898291,91749448
0,40680192708,91780767
0,40682487110,91808171
0,40684781526,91707149
0,40687075908,91743755
0,40689370324,91775785
0,40691664727,91803811
0,40693959122,91703334
0,40696253539,91740417
0,40698547940,91772864
0,40700842336,91676256
0,40703136752,91716724
0,40705431154,91752133
0,40707725559,91783116
0,40710019953,91810226
0,40712314368,91833947
0,40714608772,91854703
0,40716903165,91747865
0,40719197583,91779381
0,40721491985,91806958
0,40723786391,91706088
0,40726080785,91742827
0,40728375198,91774973
0,40730669603,91803101
0,40732963997,91702713
0,40735258413,91739873
0,40737552817,91772388
0,40739847213,91675839
0,40742141627,91716359
0,40744436030,91751814
0,40746730433,91782837
0,40749024828,91809982
0,40751319244,91833734
0,40753613647,91854517
0,40755908043,91747702
0,40758202458,91779239
0,40760496861,91806834
0,40762791268,91705979
0,40765085659,91742731
0,40767380075,91774889
0,40769674479,91803027
0,40771968873,91702648
0,40774263290,91739817
0,40776557693,91772339
0,40778852088,91675796
0,40781146505,91716321
0,40783440905,91751780
0,40785735310,91782807
0,40788029706,91809956
0,40790324120,91833711
0,40792618524,91854497
0,40794912919,91747684
0,40797207335,91779223
0,40799501739,91806820
0,40801796144,91705967
0,40804090549,91742721
0,40806384953,91774880
0,40808679354,91803020
0,40810973750,91702642
0,40813268167,91739811
0,40815562570,91772334
0,40817856966,91675792
0,40820151382,91716318
0,40822445784,91751778
0,40824740188,91782805
0,40827034581,91809954
0,40829328998,91833709
0,40831623402,91854495
0,40833917796,91747683
0,40836212214,91779222
0,40838506616,91806819
0,40840801021,91705966
0,40843095428,91742720
0,40845389828,91774880
0,40847684233,91803020
0,40849978628,91702642
0,40852273045,91739811
0,40854567448,91772334
0,40856861843,91675792
0,40859156260,91716318
0,40861450662,91751778
0,40863745065,91782805
0,40866039460,91809954
0,40868333876,91833709
0,40870628279,91854495
0,40872922675,91747683
0,40875217092,91779222
0,40877511494,91806819
0,40879805902,91705966
0,40882100306,91742720
0,40884394708,91774880
0,40886689112,91803020
0,40888983506,91702642
0,40891277924,91739811
0,40893572326,91772334
0,40895866721,91675792
0,40898161139,91716318
0,40900455540,91751778
0,40902749945,91782805
0,40905044339,91809954
0,40907338754,91833709
0,40909633158,92104495
0,40911927553,92341433
0,40914221970,92548753
0,40916516374,92730158
0,40918810780,92888888
0,40921105185,93027777
0,40923399589,93149304
0,40925693991,93255641
0,40927988386,93348685
0,40930282802,93430099
0,40932577205,93501336
0,40934871601,93563669
0,40937166018,93618210
0,40939460420,93665933
0,40941754825,93707691
0,40944049219,93869229
0,40946343636,93885575
0,40948638039,93899878
0,40950932433,93912393
0,40953226850,93923343
0,40955521253,93932925
0,40957815659,93941309
0,40960110065,93948645
0,40962404467,93955064
0,40964698872,93960681
0,40966993267,93965595
0,40969287683,93969895
0,40971582086,93973658
0,40973876481,93976950
0,40976170898,93979831
0,40978465301,93982352
0,40980759703,93984558
0,40983054099,94111488
0,40985348516,94097552
0,40987642918,94085358
0,40989937314,94074688
0,40992231731,94065352
0,40994526134,94057183
0,40996820530,94050035
0,40999114945,94043780
0,41001409348,94038307
0,41003703753,94033518
0,41005998147,94029328
0,41008292563,94025662
0,41010586966,94022454
0,41012881361,94019647
0,41015175779,94017191
0,41017470180,94015042
0,41019764586,94013161
0,41022058982,94136515
0,41024353395,94119450
0,41026647800,94104518
0,41028942195,94091453
0,41031236612,94080021
0,41033531015,94070018
0,41035825411,94061265
0,41038119827,94053606
0,41040414230,94046905
0,41042708632,94041041
0,41045003028,94160910
0,41047297445,94140796
0,41049591848,94123196
0,41051886243,94107796
0,41054180660,94094321
0,41056475063,94082530
0,41058769480,94072213
0,41061063861,94188186
0,41063358278,94164662
0,41065652683,94144079
0,41067947077,94126069
0,41070241494,94110310
0,41072535897,94096521
0,41074830293,94084455
0,41077124709,94073898
0,41079419111,94064660
0,41081713516,94056577
0,41084007910,94174504
0,41086302325,94152691
0,41088596731,94133604
0,41090891126,94116903
0,41093185542,94102290
0,41095479946,94089503
0,41097774362,94078315
0,41100068745,94193525
0,41102363161,94169334
0,41104657565,94148167
0,41106951961,94129646
0,41109246377,94113440
0,41111540780,94099260
0,41113835176,94086852
0,41116129592,94075995
0,41118423993,94066495
0,41120718399,94058183
0,41123012793,94175910
0,41125307209,94153921
0,41127601613,94134680
0,41129896009,94117845
0,41132190426,94103114
0,41134484828,94090224
0,41136779246,94078946
0,41139073628,94069077
0,41141368043,94060442
0,41143662449,94052886
0,41145956844,94046275
0,41148251260,94040490
0,41150545664,94035428
0,41152840059,94030999
0,41155134475,94027124
0,41157428878,94023733
0,41159723281,94020766
0,41162017677,94143170
0,41164312092,94125273
0,41166606497,94109613
0,41168900893,94095911
0,41171195309,94083922
0,41173489712,94073431
0,41175784130,94064252
0,41178078511,94056220
0,41180372928,94049192
0,41182667332,94043043
0,41184961727,94037662
0,41187256144,94032954
0,41189550547,94028834
0,41191844944,94025229
0,41194139360,94022075
0,41196433763,94019315
0,41198728167,94016900
0,41201022562,94139787
0,41203316977,94122313
0,41205611382,94107023
0,41207905777,94093645
0,41210200194,94081939
0,41212494598,94071696
0,41214789003,94062734
0,41217083397,94054892
0,41219377812,94048030
0,41221672215,94042026
0,41223966611,94036772
0,41226261029,94032175
0,41228555431,94028153
0,41230849828,94024633
0,41233144244,94021553
0,41235438647,94018858
0,41237733052,94016500
0,41240027447,94139437
0,41242321863,94122007
0,41244616267,94106756
0,41246910663,94093411
0,41249205080,94081734
0,41251499482,94071517
0,41253793890,94062577
0,41256088282,94054754
0,41258382698,94047909
0,41260677103,94041920
0,41262971497,94036680
0,41265265914,94032095
0,41267560318,94028083
0,41269854713,94024572
0,41272149130,94021500
0,41274443534,94018812
0,41276737936,94016460
0,41279032333,94139402
0,41281326749,94121976
0,41283621152,94106729
0,41285915549,94093387
0,41288209966,94081713
0,41290504368,94071498
0,41292798776,94062560
0,41295093181,94054740
0,41297387584,94047897
0,41299681989,94041909
0,41301976384,94036670
0,41304270801,94407086
0,41306565204,94606200
0,41308859601,94780425
0,41311154017,95057871
0,41313448420,95175637
0,41315742824,95278682
0,41318037219,95493846
0,41320331636,95682115
0,41322626040,95721850
0,41324920436,95756618
0,41327214853,95912040
0,41329509256,95923035
0,41331803662,95932655
0,41334098069,96066073
0,41336392471,96057813
0,41338686876,96050586
0,41340981272,96044262
0,41343275689,96163729
0,41345570092,96143262
0,41347864488,96125354
0,41350158905,96234684
0,41352453308,96205348
0,41354747713,96179679
0,41357042108,96282219
0,41359336524,96371941
0,41361630928,96325448
0,41363925324,96284767
0,41366219741,96374171
0,41368514144,96327399
0,41370808551,96286474
0,41373102956,96375664
0,41375397360,96328706
0,41377691764,96287617
0,41379986159,96251664
0,41382280577,96345206
0,41384574980,96302055
0,41386869375,96264298
0,41389163793,96356260
0,41391458196,96311727
0,41393752600,96272761
0,41396046996,96363665
0,41398341411,96443206
0,41400635816,96387805
0,41402930212,96339329
0,41405224630,96421912
0,41407519032,96369173
0,41409813440,96323026
0,41412107845,96407647
0,41414402248,96356691
0,41416696653,96312104
0,41418991048,96273091
0,41421285465,96363954
0,41423579868,96318459
0,41425874264,96278651
0,41428168683,96368819
0,41430463084,96322716
0,41432757489,96282376
0,41435051885,96372079
0,41437346300,96450569
0,41439640706,96394247
0,41441935101,96344966
0,41444229517,96426845
0,41446523922,96373489
0,41448818317,96326802
0,41451112735,96410951
0,41453407137,96359582
0,41455701541,96314634
0,41457995938,96275304
0,41460290352,96365891
0,41462584758,96320154
0,41464879153,96280134
0,41467173569,96370117
0,41469467974,96323852
0,41471762378,96283370
0,41474056774,96372948
0,41476351190,96451329
0,41478645594,96394912
0,41480939990,96345548
0,41483234407,96427354
0,41485528810,96373934
0,41487823207,96327192
0,41490117623,96411293
0,41492412026,96359881
0,41494706430,96314895
0,41497000827,96400533
0,41499295242,96475466
0,41501589648,96416032
0,41503884042,96364028
0,41506178459,96443524
0,41508472864,96388083
0,41510767267,96339572
0,41513061665,96422125
0,41515356079,96494359
0,41517650485,96432564
0,41519944881,96378493
0,41522239296,96456181
0,41524533701,96399158
0,41526828098,96349263
0,41529122514,96430605
0,41531416917,96376779
0,41533711322,96329681
0,41536005717,96413470
0,41538300133,96486786
0,41540594537,96425937
0,41542888933,96372694
0,41545183351,96451107
0,41547477753,96394718
0,41549772159,96345378
0,41552066555,96427205
0,41554360972,96498804
0,41556655376,96436453
0,41558949770,96381896
0,41561244189,96459159
0,41563538592,96401764
0,41565832989,96351543
0,41568127406,96432600
0,41570421810,96378525
0,41572716213,96331209
0,41575010609,96414807
0,41577305025,96487956
0,41579599429,96426961
0,41581893826,96373590
0,41584188242,96451891
0,41586482647,96395404
0,41588777063,96345978
0,41591071447,96427730
0,41593365863,96374263
0,41595660267,96327480
0,41597954663,96286545
0,41600249080,96375726
0,41602543483,96328760
0,41604837880,96287665
0,41607132297,96376706
0,41609426699,96329617
0,41611721106,96288414
0,41614015502,96377362
0,41616309919,96455191
0,41618604323,96398292
0,41620898717,96348505
0,41623193136,96429941
0,41625487539,96376198
0,41627781956,96329173
0,41630076339,96413026
0,41632370755,96361397
0,41634665159,96316222
0,41636959557,96276694
0,41639253972,96367107
0,41641548377,96321218
0,41643842774,96281065
0,41646137190,96370931
0,41648431593,96324564
0,41650725998,96283993
0,41653020394,96373493
0,41655314812,96451806
0,41657609215,96395330
0,41659903611,96345913
0,41662198029,96427673
0,41664492432,96374213
0,41666786840,96327436
0,41669081232,96411506
0,41671375649,96360067
0,41673670053,96315058
0,41675964449,96275675
0,41678258866,96366215
0,41680553271,96320438
0,41682847666,96280383
0,41685142084,96370335
0,41687436487,96324043
0,41689730892,96283537
0,41692025288,96373094
0,41694319704,96451457
0,41696614109,96395024
0,41698908506,96345646
0,41701202922,96427440
0,41703497327,96749010
0,41705791733,96905383
0,41708086127,97167210
0,41710380543,97396308
0,41712674948,97471769
0,41714969344,97537797
0,41717263763,97720572
0,41719558165,97880500
0,41721852563,97895437
0,41724146979,98033507
0,41726441383,98154318
0,41728735787,98135028
0,41731030184,98243149
0,41733324600,98337755
0,41735619006,98420535
0,41737913400,98367968
0,41740207818,98446972
0,41742502221,98516100
0,41744796629,98451587
0,41747091024,98520138
0,41749385440,98580120
0,41751679844,98507605
0,41753974240,98444154
0,41756268657,98513634
0,41758563063,98574429
0,41760857460,98502625
0,41763151877,98564796
0,41765446280,98619196
0,41767740684,98541796
0,41770035080,98599071
0,41772329498,98649187
0,41774623901,98693038
0,41776918299,98606408
0,41779212715,98655607
0,41781507119,98698656
0,41783801527,98611324
0,41786095934,98659908
0,41788390336,98702419
0,41790684743,98614616
0,41792979137,98537789
0,41795273556,98595565
0,41797567959,98646119
0,41799862357,98565354
0,41802156773,98619684
0,41804451176,98667223
0,41806745581,98583820
0,41809039978,98635842
0,41811334393,98681361
0,41813628798,98721190
0,41815923194,98631041
0,41818217612,98677160
0,41820512017,98717515
0,41822806424,98627825
0,41825100831,98674346
0,41827395234,98715052
0,41829689638,98625670
0,41831984034,98547461
0,41834278452,98604028
0,41836572854,98653524
0,41838867252,98571833
0,41841161668,98625353
0,41843456073,98672183
0,41845750479,98588160
0,41848044874,98639640
0,41850339291,98684685
0,41852633696,98724099
0,41854928091,98633586
0,41857222509,98679387
0,41859516913,98719463
0,41861811309,98629530
0,41864105727,98675838
0,41866400130,98716358
0,41868694536,98626813
0,41870988931,98548461
0,41873283349,98604903
0,41875577753,98654290
0,41877872149,98572503
0,41880166566,98625940
0,41882460970,98672697
0,41884755374,98588609
0,41887049771,98640032
0,41889344190,98685028
0,41891638593,98724399
0,41893932990,98633849
0,41896227407,98679617
0,41898521810,98719664
0,41900816208,98629706
0,41903110624,98675992
0,41905405028,98716493
0,41907699433,98626931
0,41909993830,98548564
0,41912288246,98604993
0,41914582651,98654368
0,41916877047,98572572
0,41919171465,98626000
0,41921465868,98672750
0,41923760272,98588656
0,41926054671,98640074
0,41928349085,98685064
0,41930643492,98724431
0,41932937887,98633877
0,41935232305,98679642
0,41937526709,98719686
0,41939821106,98629725
0,41942115523,98676009
0,41944409927,98716507
0,41946704331,98626943
0,41948998727,98548575
0,41951293145,98605003
0,41953587549,98654377
0,41955881946,98572579
0,41958176364,98626006
0,41960470766,98672755
0,41962765173,98588660
0,41965059568,98640077
0,41967353985,98685067
0,41969648392,98724433
0,41971942786,98633878
0,41974237205,98679643
0,41976531608,98719687
0,41978826005,98629726
0,41981120423,98676010
0,41983414825,98716508
0,41985709231,98626944
0,41988003627,98673576
0,41990298044,98714379
0,41992592449,98750081
0,41994886845,98656320
0,41997181263,98699280
0,41999475667,98736870
0,42001770071,98644761
0,42004064467,98689165
0,42006358886,98728019
0,42008653289,98762016
0,42010947686,98666764
0,42013242105,98708418
0,42015536508,98744865
0,42017830906,98651756
0,42020125322,98695286
0,42022419725,98733375
0,42024714132,98641703
0,42027008526,98686490
0,42029302945,98725678
0,42031597349,98759968
0,42033891745,98664972
0,42036186164,98706850
0,42038480566,98743493
0,42040774972,98650556
0,42043069369,98694236
0,42045363785,98732456
0,42047658191,98765899
0,42049952586,98670161
0,42052247004,98711390
0,42054541408,98747466
0,42056835806,98654032
0,42059130223,98697278
0,42061424628,98735118
0,42063719031,98643228
0,42066013428,98687824
0,42068307844,98726846
0,42070602249,98760990
0,42072896647,98665866
0,42075191065,98707632
0,42077485469,98744178
0,42079779874,98651155
0,42082074269,98694760
0,42084368686,98732915
0,42086663091,98641300
0,42088957488,98561137
0,42091251907,98615994
0,42093546309,98663994
0,42095840707,98580994
0,42098135124,98633369
0,42100429527,98679197
0,42102723932,98594297
0,42105018330,98645009
0,42107312747,98689382
0,42109607152,98978209
0,42111901548,99230932
0,42114195965,99452065
0,42116490370,99645556
0,42118784788,99814861
0,42121079172,99963003
0,42123373588,100092627
0,42125667993,100206048
0,42127962390,100180292
0,42130256807,100282755
0,42132551212,100372410
0,42134845610,100450858
0,42137140026,100519500
0,42139434430,100579562
0,42141728836,100632116
0,42144023231,100678101
0,42146317649,100718338
0,42148612054,100753545
0,42150906451,100784351
0,42153200869,100811307
0,42155495271,100834893
0,42157789680,100855531
0,42160084074,100873589
0,42162378491,100889390
0,42164672897,100903216
0,42166967292,100790314
0,42169261710,100816524
0,42171556114,100839458
0,42173850511,100859525
0,42176144930,100877084
0,42178439334,100892448
0,42180733737,100905892
0,42183028135,100917655
0,42185322552,100927948
0,42187616956,100936954
0,42189911355,100944834
0,42192205772,100951729
0,42194500175,100957762
0,42196794584,100963041
0,42199088977,100967660
0,42201383394,100971702
0,42203677800,100975239
0,42205972196,100853334
0,42208266614,100871667
0,42210561017,100887708
0,42212855416,100901744
0,42215149833,100914026
0,42217444237,100924772
0,42219738642,100934175
0,42222033038,100942403
0,42224327456,100949602
0,42226621861,100955901
0,42228916258,100961413
0,42231210676,100966236
0,42233505080,100970456
0,42235799487,100974149
0,42238093882,100977380
0,42240388298,100980207
0,42242682703,100982681
0,42244977101,100859845
0,42247271518,100877364
0,42249565922,100892693
0,42251860321,100906106
0,42254154737,100917842
0,42256449141,100928111
0,42258743547,100937097
0,42261037943,100944959
0,42263332360,100951839
0,42265626765,100957859
0,42267921162,100963126
0,42270215580,100967735
0,42272509984,100971768
0,42274804392,100975297
0,42277098798,100978384
0,42279393203,100981086
0,42281687608,100983450
0,42283982006,100860518
0,42286276423,100877953
0,42288570828,100893208
0,42290865224,100906557
0,42293159642,100918237
0,42295454048,100928457
0,42297748451,100937399
0,42300042848,100945224
0,42302337266,100952071
0,42304631670,100958062
0,42306926068,100963304
0,42309220486,100967891
0,42311514889,100971904
0,42313809288,100975416
0,42316103704,100978489
0,42318398110,100981177
0,42320692514,100983529
0,42322986910,100860587
0,42325281328,100878013
0,42327575732,100893261
0,42329870131,100906603
0,42332164549,100918277
0,42334458951,100928492
0,42336753357,100937430
0,42339047755,100945251
0,42341342172,100952094
0,42343636577,100958082
0,42345930973,100963321
0,42348225392,100967905
0,42350519797,100971916
0,42352814193,100975426
0,42355108611,100978497
0,42357403014,100981184
0,42359697419,100983536
0,42361991818,100860594
0,42364286234,100878019
0,42366580639,100893266
0,42368875035,100906607
0,42371169455,100918281
0,42373463859,100928495
0,42375758265,100937433
0,42378052660,100945253
0,42380347078,100952096
0,42382641483,100958084
0,42384935881,100963323
0,42387230299,100967907
0,42389524702,100971918
0,42391819101,100975428
0,42394113518,100978499
0,42396407922,100981186
0,42398702327,100983537
0,42400996724,100860594
0,42403291142,100878019
0,42405585548,100893266
0,42407879943,100906607
0,42410174362,100918281
0,42412468767,100928495
0,42414763172,100937433
0,42417057569,100945253
0,42419351985,100952096
0,42421646390,100958084
0,42423940788,100963323
0,42426235207,100967907
0,42428529610,100971918
0,42430824009,100975428
0,42433118425,100978499
0,42435412831,100981186
0,42437707235,100983537
0,42440001632,100985594
0,42442296050,100987394
0,42444590454,100988969
0,42446884852,100990347
0,42449179270,100991553
0,42451473673,100992608
0,42453768080,100993532
0,42456062477,100994340
0,42458356894,100995047
0,42460651299,100995666
0,42462945696,100996207
0,42465240115,100996681
0,42467534520,100997095
0,42469828916,100997458
0,42472123335,100997775
0,42474417738,100998053
0,42476712144,100998296
0,42479006541,100998509
0,42481300958,100998695
0,42483595363,100998858
0,42485889760,100999000
0,42488184178,100999125
0,42490478584,100999234
0,42492772988,100999329
0,42495067385,100999412
0,42497361803,100999485
0,42499656208,100999549
0,42501950605,100999605
0,42504245025,100999654
0,42506539427,100999697
0,42508833827,100999734
0,42511128243,100999767
0,42513422647,100999796
0,42515717053,100999821
0,42518011451,100999843
0,42520305868,100999862
0,42522600273,100999879
0,42524894669,100999894
0,42527189089,100999907
0,42529483493,100999918
0,42531777897,100999928
0,42534072296,101374937
0,42536366712,101578069
0,42538661118,101755810
0,42540955515,101911333
0,42543249933,102047416
0,42545544338,102166489
0,42547838737,102270677
0,42550133153,102486842
0,42552427558,102550986
0,42554721964,102607112
0,42557016360,102781223
0,42559310778,102808570
0,42561605183,102832498
0,42563899581,102853435
0,42566193998,102996755
0,42568488402,102997160
0,42570782809,102997515
0,42573077206,103122825
0,42575371623,103107471
0,42577666028,103094037
0,42579960426,103082282
0,42582254845,103071996
0,42584549249,103062996
0,42586843645,103055121
0,42589138065,103173230
0,42591432469,103151576
0,42593726874,103132629
0,42596021271,103241050
0,42598315688,103210918
0,42600610094,103184553
0,42602904491,103161483
0,42605198909,103266297
0,42607493315,103233009
0,42609787720,103203882
0,42612082116,103303396
0,42614376534,103265471
0,42616670940,103232287
0,42618965337,103203251
0,42621259755,103177844
0,42623554160,103155613
0,42625848559,103136161
0,42628142976,103244140
0,42630437379,103213622
0,42632731787,103186919
0,42635026183,103288554
0,42637320600,103252484
0,42639615006,103220923
0,42641909403,103193307
0,42644203822,103294143
0,42646498225,103257375
0,42648792634,103225203
0,42651087030,103322052
0,42653381445,103281795
0,42655675851,103246570
0,42657970248,103215748
0,42660264667,103188779
0,42662559072,103165181
0,42664853471,103144533
0,42667147888,103251466
0,42669442292,103220032
0,42671736696,103192528
0,42674031095,103293462
0,42676325514,103256779
0,42678619917,103224681
0,42680914316,103196595
0,42683208734,103297020
0,42685503138,103259892
0,42687797547,103227405
0,42690091942,103323979
0,42692386359,103283481
0,42694680765,103248045
0,42696975161,103217039
0,42699269580,103189909
0,42701563986,103166170
0,42703858383,103145398
0,42706152801,103252223
0,42708447205,103220695
0,42710741610,103193108
0,42713036009,103293969
0,42715330425,103257222
0,42717624832,103225069
0,42719919228,103196935
0,42722213647,103297318
0,42724508052,103260153
0,42726802460,103227633
0,42729096868,103324178
0,42731391273,103283655
0,42733685677,103248198
0,42735980076,103217173
0,42738274493,103190026
0,42740568898,103166272
0,42742863297,103145488
0,42745157715,103252302
0,42747452119,103220764
0,42749746525,103193168
0,42752040921,103294022
0,42754335339,103257269
0,42756629746,103225110
0,42758924143,103196971
0,42761218562,103297349
0,42763512965,103260180
0,42765807364,103227657
0,42768101782,103324199
0,42770396185,103283674
0,42772690592,103248214
0,42774984990,103217187
0,42777279407,103190038
0,42779573813,103166283
0,42781868211,103145497
0,42784162628,103252309
0,42786457033,103220770
0,42788751438,103193173
0,42791045837,103294026
0,42793340255,103257272
0,42795634659,103225113
0,42797929058,103196973
0,42800223475,103297351
0,42802517880,103260182
0,42804812280,103227659
0,42807106697,103324201
0,42809401101,103283675
0,42811695509,103248215
0,42813989904,103217188
0,42816284321,103190039
0,42818578727,103166284
0,42820873126,103145498
0,42823167544,103252310
0,42825461948,103220771
0,42827756355,103193174
0,42830050752,103294027
0,42832345169,103257273
0,42834639575,103225113
0,42836933972,103196973
0,42839228390,103297351
0,42841522797,103260182
0,42843817195,103227659
0,42846111612,103324201
0,42848406019,103283675
0,42850700422,103248215
0,42852994819,103217188
0,42855289238,103190039
0,42857583643,103166284
0,42859878042,103145498
0,42862172461,103252310
0,42864466865,103220771
0,42866761271,103193174
0,42869055667,103294027
0,42871350086,103257273
0,42873644491,103225113
0,42875938888,103196973
0,42878233308,103297351
0,42880527712,103260182
0,42882822111,103227659
0,42885116530,103324201
0,42887410933,103283675
0,42889705339,103248215
0,42891999737,103217188
0,42894294153,103190039
0,42896588559,103166284
0,42898882958,103145498
0,42901177376,103252310
0,42903471781,103220771
0,42905766187,103193174
0,42908060585,103294027
0,42910355003,103257273
0,42912649409,103225113
0,42914943807,103196973
0,42917238224,103297351
0,42919532630,103260182
0,42921827029,103227659
0,42924121447,103324201
0,42926415852,103283675
0,42928710258,103248215
0,42931004655,103342188
0,42933299074,103299414
0,42935593479,103261987
0,42937887876,103229238
0,42940182296,103325583
0,42942476698,103284885
0,42944771104,103249274
0,42947065503,103343114
0,42949359921,103300224
0,42951654328,103262696
0,42953948725,103229859
0,42956243144,103326126
0,42958537550,103660360
0,42960831947,103827815
0,42963126366,104099338
0,42965420771,104336920
0,42967715176,104419805
0,42970009573,104617329
0,42972303991,104790162
0,42974598397,104816391
0,42976892795,104839342
0,42979187214,104984424
0,42981481619,105111371
0,42983776025,105097449
0,42986070422,105210267
0,42988364841,105308983
0,42990659247,105270360
0,42992953644,105236565
0,42995248064,105331994
0,42997542466,105415494
0,42999836865,105363557
0,43002131284,105443112
0,43004425688,105512723
0,43006720094,105448632
0,43009014492,105517553
0,43011308910,105577858
0,43013603316,105505625
0,43015897714,105442421
0,43018192133,105512118
0,43020486538,105573103
0,43022780943,105501465
0,43025075342,105563781
0,43027369759,105618308
0,43029664165,105541019
0,43031958564,105473391
0,43034252982,105539217
0,43036547387,105471814
0,43038841785,105412837
0,43041136202,105486232
0,43043430608,105550453
0,43045725014,105481646
0,43048019411,105546440
0,43050313830,105603135
0,43052608235,105527743
0,43054902634,105461775
0,43057197053,105529053
0,43059491456,105587921
0,43061785864,105514430
0,43064080261,105575126
0,43066374679,105628235
0,43068669086,105549705
0,43070963483,105480991
0,43073257902,105545867
0,43075552308,105477633
0,43077846705,105417928
0,43080141125,105490687
0,43082435529,105554351
0,43084729933,105485057
0,43087024332,105549424
0,43089318749,105605746
0,43091613154,105530027
0,43093907554,105463773
0,43096201972,105530801
0,43098496377,105589450
0,43100790774,105515768
0,43103085180,105576297
0,43105379600,105629259
0,43107674005,105550601
0,43109968402,105481775
0,43112262823,105546553
0,43114557226,105478233
0,43116851626,105418453
0,43119146045,105491146
0,43121440448,105554752
0,43123734856,105485408
0,43126029253,105549732
0,43128323670,105606015
0,43130618078,105530263
0,43132912475,105463980
0,43135206895,105530982
0,43137501300,105589609
0,43139795694,105515907
0,43142090103,105576418
0,43144384521,105629365
0,43146678926,105550694
0,43148973326,105481857
0,43151267744,105546624
0,43153562149,105478296
0,43155856549,105418509
0,43158150965,105491195
0,43160445372,105554795
0,43162739778,105485445
0,43165034175,105549764
0,43167328594,105606043
0,43169622999,105530287
0,43171917397,105464001
0,43174211817,105531000
0,43176506220,105589625
0,43178800621,105515921
0,43181095025,105576430
0,43183389443,105629376
0,43185683850,105550704
0,43187978248,105481866
0,43190272666,105546632
0,43192567072,105478303
0,43194861470,105418515
0,43197155889,105491200
0,43199450294,105554800
0,43201744699,105485450
0,43204039098,105549768
0,43206333515,105606047
0,43208627922,105530291
0,43210922320,105464004
0,43213216739,105531003
0,43215511144,105589627
0,43217805544,105515923
0,43220099961,105576432
0,43222394366,105629378
0,43224688772,105550705
0,43226983170,105481866
0,43229277589,105546632
0,43231571994,105478303
0,43233866394,105418515
0,43236160811,105491200
0,43238455216,105554800
0,43240749623,105485450
0,43243044020,105549768
0,43245338438,105606047
0,43247632845,105530291
0,43249927242,105464004
0,43252221662,105531003
0,43254516067,105589627
0,43256810466,105515923
0,43259104884,105576432
0,43261399289,105629378
0,43263693695,105550705
0,43265988093,105481866
0,43268282511,105546632
0,43270576917,105478303
0,43272871317,105418515
0,43275165734,105491200
0,43277460140,105554800
0,43279754547,105485450
0,43282048943,105549768
0,43284343362,105606047
0,43286637767,105530291
0,43288932165,105464004
0,43291226586,105531003
0,43293520989,105589627
0,43295815390,105515923
0,43298109807,105576432
0,43300404212,105629378
0,43302698619,105550705
0,43304993017,105481866
0,43307287436,105546632
0,43309581843,105478303
0,43311876242,105418515
0,43314170660,105491200
0,43316465064,105554800
0,43318759471,105485450
0,43321053869,105549768
0,43323348287,105606047
0,43325642693,105530291
0,43327937091,105464004
0,43330231510,105531003
0,43332525915,105589627
0,43334820316,105515923
0,43337114732,105576432
0,43339409138,105629378
0,43341703544,105550705
0,43343997941,105481866
0,43346292361,105546632
0,43348586765,105478303
0,43350881166,105418515
0,43353175584,105491200
0,43355469989,105554800
0,43357764397,105485450
0,43360058794,105549768
0,43362353213,105606047
0,43364647619,105530291
0,43366942017,105464004
0,43369236436,105531003
0,43371530841,105589627
0,43373825240,105515923
0,43376119658,105576432
0,43378414064,105629378
0,43380708469,105550705
0,43383002868,105606866
0,43385297285,105656007
0,43387591691,105574006
0,43389886091,105502255
0,43392180509,105564473
0,43394474917,105618913
0,43396769322,105541548
0,43399063720,105848854
0,43401358139,106117747
0,43403652544,106353028
0,43405946943,106433899
0,43408241363,106629661
0,43410535767,106800953
0,43412830166,106950833
0,43415124585,107081978
0,43417418989,107196730
0,43419713396,107297138
0,43422007795,107384995
0,43424302213,107461870
0,43426596621,107529136
0,43428891018,107462994
0,43431185438,107530119
0,43433479842,107588854
0,43435774248,107640247
0,43438068647,107685216
0,43440363064,107724564
0,43442657471,107758993
0,43444951870,107664118
0,43447246288,107706103
0,43449540694,107742840
0,43451835095,107774985
0,43454129512,107803111
0,43456423918,107827722
0,43458718324,107849256
0,43461012722,107868099
0,43463307141,107884586
0,43465601546,107899012
0,43467895945,107786635
0,43470190364,107813305
0,43472484769,107836641
0,43474779176,107857060
0,43477073575,107874927
0,43479367993,107890561
0,43481662400,107904240
0,43483956797,107791210
0,43486251217,107817308
0,43488545623,107840144
0,43490840021,107735126
0,43493134440,107768235
0,43495428844,107797205
0,43497723251,107822554
0,43500017652,107844734
0,43502312068,107864142
0,43504606475,107881124
0,43506900873,107770983
0,43509195292,107799610
0,43511489698,107824658
0,43513784104,107846575
0,43516078502,107865753
0,43518372922,107882533
0,43520667327,107897216
0,43522961726,107785064
0,43525256146,107811931
0,43527550550,107835439
0,43529844951,107731009
0,43532139368,107764632
0,43534433773,107794053
0,43536728180,107819796
0,43539022578,107842321
0,43541316998,107862030
0,43543611405,107879276
0,43545905802,107769366
0,43548200222,107798195
0,43550494627,107823420
0,43552789032,107845492
0,43555083432,107864805
0,43557377849,107881704
0,43559672257,107896491
0,43561966655,107784429
0,43564261075,107811375
0,43566555480,107834953
0,43568849881,107730583
0,43571144297,107764260
0,43573438703,107793727
0,43575733109,107819511
0,43578027508,107842072
0,43580321928,107861813
0,43582616332,107879086
0,43584910732,107769200
0,43587205150,107798050
0,43589499556,107823293
0,43591793953,107845381
0,43594088362,107864708
0,43596382780,107881619
0,43598677188,107896416
0,43600971584,107784364
0,43603266005,107811318
0,43605560409,107834903
0,43607854810,107730540
0,43610149228,107764222
0,43612443634,107793694
0,43614738040,107819482
0,43617032439,107842046
0,43619326856,107861790
0,43621621262,107879066
0,43623915662,107769182
0,43626210082,107798034
0,43628504488,107823279
0,43630798873,107845369
0,43633093292,107864697
0,43635387710,107881609
0,43637682116,107896407
0,43639976516,107784356
0,43642270935,107811311
0,43644565340,107834897
0,43646859741,107730534
0,43649154158,107764217
0,43651448564,107793689
0,43653742971,107819477
0,43656037369,107842042
0,43658331788,107861786
0,43660626196,107879062
0,43662920592,107769179
0,43665215013,107798031
0,43667509418,107823277
0,43669803818,107845367
0,43672098224,107864696
0,43674392642,107881609
0,43676687048,107896407
0,43678981446,107784356
0,43681275865,107811311
0,43683570273,107834897
0,43685864672,107730534
0,43688159091,107764217
0,43690453496,107793689
0,43692747901,107819477
0,43695042301,107842042
0,43697336721,107861786
0,43699631126,107879062
0,43701925525,107769179
0,43704219944,107798031
0,43706514349,107823277
0,43708808750,107845367
0,43711103170,107864696
0,43713397574,107881609
0,43715691981,107896407
0,43717986378,107784356
0,43720280798,107811311
0,43722575204,107834897
0,43724869604,107730534
0,43727164023,107764217
0,43729458427,107793689
0,43731752834,107819477
0,43734047234,107842042
0,43736341652,107861786
0,43738636059,107879062
0,43740930458,107769179
0,43743224877,107798031
0,43745519283,107823277
0,43747813683,107845367
0,43750108102,107864696
0,43752402507,107881609
0,43754696912,107896407
0,43756991312,107784356
0,43759285731,107811311
0,43761580137,107834897
0,43763874538,107730534
0,43766168956,107764217
0,43768463362,107793689
0,43770757768,107819477
0,43773052167,107842042
0,43775346586,107861786
0,43777640993,107879062
0,43779935390,107769179
0,43782229811,107798031
0,43784524216,107823277
0,43786818616,107845367
0,43789113035,107864696
0,43791407440,107881609
0,43793701847,107896407
0,43795996246,107784356
0,43798290664,107811311
0,43800585071,107834897
0,43802879472,107730534
0,43805173890,107764217
0,43807468296,107793689
0,43809762701,107819477
0,43812057102,107842042
0,43814351519,107861786
0,43816645927,107879062
0,43818940325,107769179
0,43821234745,107798031
0,43823529150,107823277
0,43825823551,107845367
0,43828117968,107864696
0,43830412375,107881609
0,43832706781,107896407
0,43835001180,107909356
0,43837295599,107920686
0,43839590006,107930600
0,43841884405,107814275
0,43844178825,107837490
0,43846473229,107857803
0,43848767637,107875577
0,43851062035,107891129
0,43853356453,108154737
0,43855650862,108385394
0,43857945260,108587219
0,43860239680,108763816
0,43862534085,108918339
0,43864828485,109053546
0,43867122903,109296852
0,43869417311,109384745
0,43871711715,109461651
0,43874006116,109653944
0,43876300533,109697201
0,43878594941,109735050
0,43880889341,109768168
0,43883183760,109797147
0,43885478166,109822503
0,43887772573,109844690
0,43890066970,109989103
0,43892361389,109990465
0,43894655797,109991656
0,43896950195,109992699
0,43899244616,109993611
0,43901539019,109994409
0,43903833421,109995107
0,43906127841,110120718
0,43908422245,110105628
0,43910716652,110092424
0,43913011051,110205871
0,43915305471,110180137
0,43917599877,110157619
0,43919894276,110137916
0,43922188695,110120676
0,43924483103,110105591
0,43926777507,110092392
0,43929071908,110205843
0,43931366326,110180112
0,43933660733,110157598
0,43935955132,110137898
0,43938249552,110120660
0,43940543957,110105577
0,43942838358,110092379
0,43945132776,110080831
0,43947427182,110070727
0,43949721590,110061886
0,43952015988,110179150
0,43954310407,110156756
0,43956604814,110137161
0,43958899212,110120015
0,43961193633,110105013
0,43963488037,110091886
0,43965782445,110080400
0,43968076844,110195350
0,43970371263,110170931
0,43972665669,110149564
0,43974960069,110130868
0,43977254489,110114509
0,43979548895,110100195
0,43981843294,110087670
0,43984137713,110076711
0,43986432120,110067122
0,43988726525,110058731
0,43991020925,110176389
0,43993315343,110154340
0,43995609751,110135047
0,43997904151,110118166
0,44000198570,110103395
0,44002492976,110090470
0,44004787383,110079161
0,44007081781,110194265
0,44009376201,110169981
0,44011670608,110148733
0,44013965007,110130141
0,44016259427,110113873
0,44018553832,110099638
0,44020848233,110087183
0,44023142651,110076285
0,44025437057,110066749
0,44027731464,110058405
0,44030025864,110176104
0,44032320282,110154091
0,44034614690,110134829
0,44036909088,110117975
0,44039203508,110103228
0,44041497915,110090324
0,44043792310,110079033
0,44046086721,110194153
0,44048381139,110169883
0,44050675546,110148647
0,44052969946,110130066
0,44055264365,110113807
0,44057558771,110099581
0,44059853171,110087133
0,44062147590,110076241
0,44064441996,110066710
0,44066736404,110058371
0,44069030803,110176074
0,44071325221,110154064
0,44073619628,110134806
0,44075914027,110117955
0,44078208448,110103210
0,44080502853,110090308
0,44082797240,110079019
0,44085091660,110194141
0,44087386077,110169873
0,44089680486,110148638
0,44091974884,110130058
0,44094269303,110113800
0,44096563711,110099575
0,44098858110,110087128
0,44101152530,110076237
0,44103446935,110066707
0,44105741342,110058368
0,44108035742,110176072
0,44110330160,110154063
0,44112624568,110134805
0,44114918967,110117954
0,44117213387,110103209
0,44119507793,110090307
0,44121802182,110079018
0,44124096600,110194140
0,44126391019,110169872
0,44128685427,110148638
0,44130979825,110130058
0,44133274245,110113800
0,44135568650,110099575
0,44137863052,110087128
0,44140157471,110076237
0,44142451876,110066707
0,44144746284,110058368
0,44147040683,110176072
0,44149335102,110154063
0,44151629510,110134805
0,44153923908,110117954
0,44156218330,110103209
0,44158512735,110090307
0,44160807122,110079018
0,44163101542,110194140
0,44165395960,110169872
0,44167690368,110148638
0,44169984768,110130058
0,44172279185,110113800
0,44174573593,110099575
0,44176867994,110087128
0,44179162412,110076237
0,44181456819,110066707
0,44183751226,110058368
0,44186045625,110176072
0,44188340044,110154063
0,44190634451,110134805
0,44192928851,110117954
0,44195223271,110103209
0,44197517676,110090307
0,44199812078,110079018
0,44202106497,110194140
0,44204400902,110169872
0,44206695310,110148638
0,44208989709,110130058
0,44211284127,110113800
0,44213578536,110099575
0,44215872935,110087128
0,44218167354,110076237
0,44220461760,110066707
0,44222756167,110058368
0,44225050567,110176072
0,44227344985,110154063
0,44229639393,110134805
0,44231933793,110117954
0,44234228213,110103209
0,44236522619,110090307
0,44238817020,110079018
0,44241111438,110194140
0,44243405845,110169872
0,44245700252,110148638
0,44247994651,110130058
0,44250289070,110113800
0,44252583476,110099575
0,44254877877,110087128
0,44257172297,110076237
0,44259466703,110066707
0,44261761110,110058368
0,44264055510,110176072
0,44266349929,110154063
0,44268644336,110134805
0,44270938735,110117954
0,44273233156,110103209
0,44275527562,110090307
0,44277821962,110079018
0,44280116381,110194140
0,44282410787,110169872
0,44284705194,110148638
0,44286999594,110130058
0,44289294012,110113800
0,44291588420,110099575
0,44293882822,110087128
0,44296177240,110076237
0,44298471646,110066707
0,44300766054,110058368
0,44303060452,110176072
0,44305354872,110154063
0,44307649278,110384805
0,44309943678,110586704
0,44312238099,110888366
0,44314532505,111027320
0,44316826905,111148905
0,44319121325,111380291
0,44321415730,111582754
0,44323710138,111634909
0,44326004538,111805545
0,44328298956,111954851
0,44330593365,111960494
0,44332887764,111965432
0,44335182184,112094753
0,44337476591,112082908
0,44339770996,112072544
0,44342065397,112188476
0,44344359816,112289916
0,44346654222,112253676
0,44348948623,112221966
0,44351243043,112319220
0,44353537449,112279317
0,44355831850,112244402
0,44358126270,112338851
0,44360420676,112421494
0,44362715082,112368807
0,44365009482,112447706
0,44367303902,112516742
0,44369598308,112452149
0,44371892709,112395630
0,44374187128,112471176
0,44376481535,112412279
0,44378775942,112360744
0,44381070342,112440651
0,44383364762,112510569
0,44385659168,112446747
0,44387953568,112390903
0,44390247988,112467040
0,44392542394,112408660
0,44394836795,112357577
0,44397131215,112437879
0,44399425620,112508144
0,44401720028,112444626
0,44404014429,112514047
0,44406308846,112574791
0,44408603255,112502942
0,44410897656,112440074
0,44413192073,112510064
0,44415486481,112446306
0,44417780887,112390517
0,44420075287,112466702
0,44422369707,112533364
0,44424664112,112466693
0,44426958514,112408356
0,44429252933,112482311
0,44431547340,112422022
0,44433841741,112369269
0,44436136160,112448110
0,44438430566,112392096
0,44440724974,112343084
0,44443019373,112425198
0,44445313792,112497048
0,44447608202,112434917
0,44449902599,112380552
0,44452197021,112457983
0,44454491427,112400735
0,44456785833,112350643
0,44459080234,112431812
0,44461374652,112502835
0,44463669060,112439980
0,44465963459,112384982
0,44468257881,112461859
0,44470552286,112404126
0,44472846688,112353610
0,44475141107,112434408
0,44477435513,112380107
0,44479729920,112332593
0,44482024320,112416018
0,44484318741,112489015
0,44486613146,112427888
0,44488907547,112374402
0,44491201967,112452601
0,44493496373,112396025
0,44495790771,112346521
0,44498085181,112428205
0,44500379600,112499679
0,44502674007,112437219
0,44504968407,112382566
0,44507262826,112459745
0,44509557234,112402276
0,44511851634,112351991
0,44514146055,112432992
0,44516440459,112378868
0,44518734867,112331509
0,44521029266,112415070
0,44523323686,112488186
0,44525618095,112427162
0,44527912494,112373766
0,44530206914,112452045
0,44532501321,112395539
0,44534795708,112346096
0,44537090127,112427834
0,44539384549,112499354
0,44541678954,112436934
0,44543973355,112382317
0,44546267774,112459527
0,44548562182,112402086
0,44550856582,112351825
0,44553151003,112432846
0,44555445408,112378740
0,44557739816,112331397
0,44560034215,112414972
0,44562328636,112488100
0,44564623043,112427087
0,44566917442,112373701
0,44569211864,112451988
0,44571506267,112395489
0,44573800657,112346052
0,44576095078,112427795
0,44578389496,112499320
0,44580683903,112436905
0,44582978304,112382291
0,44585272722,112459504
0,44587567131,112402066
0,44589861531,112351807
0,44592155952,112432831
0,44594450357,112378727
0,44596744765,112331386
0,44599039164,112414962
0,44601333584,112488091
0,44603627991,112427079
0,44605922393,112373694
0,44608216811,112451982
0,44610511219,112395484
0,44612805607,112346048
0,44615100025,112427792
0,44617394445,112499318
0,44619688855,112436903
0,44621983252,112382290
0,44624277673,112459503
0,44626572080,112402065
0,44628866481,112351806
0,44631160900,112432830
0,44633455307,112378726
0,44635749715,112331385
0,44638044114,112414961
0,44640338533,112488090
0,44642632943,112427078
0,44644927341,112373693
0,44647221762,112451981
0,44649516169,112395483
0,44651810555,112346047
0,44654104975,112427791
0,44656399397,112499317
0,44658693802,112436902
0,44660988204,112382289
0,44663282622,112459502
0,44665577031,112402064
0,44667871431,112351806
0,44670165851,112432830
0,44672460257,112378726
0,44674754666,112331385
0,44677049063,112414961
0,44679343485,112488090
0,44681637891,112427078
0,44683932292,112373693
0,44686226712,112451981
0,44688521119,112395483
0,44690815506,112346047
0,44693109940,112427791
0,44695404345,112499317
0,44697698754,112436902
0,44699993155,112382289
0,44702287573,112459502
0,44704581982,112402064
0,44706876382,112351806
0,44709170802,112432830
0,44711465209,112378726
0,44713759616,112331385
0,44716054016,112414961
0,44718348436,112488090
0,44720642842,112427078
0,44722937244,112373693
0,44725231663,112451981
0,44727526071,112395483
0,44729820472,112346047
0,44732114891,112427791
0,44734409297,112499317
0,44736703706,112436902
0,44738998106,112382289
0,44741292525,112459502
0,44743586934,112402064
0,44745881333,112351806
0,44748175755,112432830
0,44750470159,112378726
0,44752764568,112331385
0,44755058967,112414961
0,44757353387,112488090
0,44759647795,112427078
0,44761942195,112373693
0,44764236616,112451981
0,44766531023,112395483
0,44768825423,112346047
0,44771119843,112677791
0,44773414252,112968067
0,44775708657,113222058
0,44778003058,113444300
0,44780297476,113638762
0,44782591885,113808916
0,44784886287,113832801
0,44787180706,113978700
0,44789475114,114106362
0,44791769521,114093066
0,44794063920,114206432
0,44796358340,114305628
0,44798652748,114392424
0,44800947146,114343371
0,44803241569,114425449
0,44805535974,114497267
0,44807830377,114435108
0,44810124797,114505719
0,44812419202,114567504
0,44814713612,114621566
0,44817008011,114668870
0,44819302430,114710261
0,44821596838,114746478
0,44823891239,114653168
0,44826185660,114696522
0,44828480066,114734456
0,44830774474,114642649
0,44833068874,114687317
0,44835363294,114726402
0,44837657700,114760601
0,44839952102,114665525
0,44842246524,114707334
0,44844540928,114743917
0,44846835331,114650927
0,44849129749,114694561
0,44851424158,114732740
0,44853718563,114766147
0,44856012964,114795378
0,44858307386,114820955
0,44860601792,114843335
0,44862896193,114737918
0,44865190613,114770678
0,44867485020,114799343
0,44869779426,114699425
0,44872073827,114736996
0,44874368248,114769871
0,44876662656,114798637
0,44878957056,114698807
0,44881251475,114736456
0,44883545884,114769399
0,44885840285,114673224
0,44888134705,114714071
0,44890429111,114749812
0,44892723518,114656085
0,44895017920,114699074
0,44897312340,114736689
0,44899606746,114769602
0,44901901149,114673401
0,44904195567,114714225
0,44906489975,114749946
0,44908784382,114656202
0,44911078782,114699176
0,44913373204,114736779
0,44915667610,114769681
0,44917962011,114673470
0,44920256433,114714286
0,44922550838,114750000
0,44924845240,114656250
0,44927139659,114699218
0,44929434066,114736815
0,44931728474,114644713
0,44934022874,114689123
0,44936317295,114727982
0,44938611702,114761984
0,44940906102,114666736
0,44943200525,114708394
0,44945494931,114744844
0,44947789328,114651738
0,44950083739,114695270
0,44952378159,114733361
0,44954672567,114766690
0,44956966967,114670853
0,44959261386,114711996
0,44961555794,114747996
0,44963850196,114654496
0,44966144616,114697684
0,44968439022,114735473
0,44970733431,114643538
0,44973027831,114688095
0,44975322251,114727083
0,44977616658,114761197
0,44979911060,114666047
0,44982205481,114707791
0,44984499887,114744317
0,44986794274,114651277
0,44989088695,114694867
0,44991383115,114733008
0,44993677523,114766382
0,44995971924,114670584
0,44998266343,114711761
0,45000560752,114747790
0,45002855152,114654316
0,45005149572,114697526
0,45007443979,114735335
0,45009738387,114643418
0,45012032787,114687990
0,45014327207,114726991
0,45016621614,114761117
0,45018916015,114665977
0,45021210437,114707729
0,45023504843,114744262
0,45025799232,114651229
0,45028093652,114694825
0,45030388072,114732971
0,45032682479,114766349
0,45034976881,114670555
0,45037271301,114711735
0,45039565708,114747768
0,45041860110,114654297
0,45044154529,114697509
0,45046448937,114735320
0,45048743344,114643405
0,45051037744,114687979
0,45053332165,114726981
0,45055626573,114761108
0,45057920973,114665969
0,45060215395,114707722
0,45062509800,114744256
0,45064804189,114651224
0,45067098611,114694821
0,45069393029,114732968
0,45071687437,114766347
0,45073981839,114670553
0,45076276257,114711733
0,45078570667,114747766
0,45080865070,114654295
0,45083159487,114697508
0,45085453895,114735319
0,45087748303,114643404
0,45090042703,114687978
0,45092337125,114726980
0,45094631530,114761107
0,45096925931,114665968
0,45099220353,114707722
0,45101514760,114744256
0,45103809147,114651224
0,45106103568,114694821
0,45108397988,114732968
0,45110692397,114766347
0,45112986797,114670553
0,45115281218,114711733
0,45117575625,114747766
0,45119870026,114654295
0,45122164448,114697508
0,45124458854,114735319
0,45126753261,114643404
0,45129047663,114687978
0,45131342081,114726980
0,45133636491,114761107
0,45135930892,114665968
0,45138225312,114707722
0,45140519719,114744256
0,45142814108,114651224
0,45145108540,114694821
0,45147402949,114732968
0,45149697354,114766347
0,45151991756,114670553
0,45154286177,114711733
0,45156580585,114747766
0,45158874987,114654295
0,45161169407,114697508
0,45163463813,114735319
0,45165758221,114643404
0,45168052622,114687978
0,45170347043,114726980
0,45172641451,114761107
0,45174935850,114665968
0,45177230272,114707722
0,45179524679,114744256
0,45181819068,114651224
0,45184113502,114694821
0,45186407908,114732968
0,45188702315,114766347
0,45190996717,114670553
0,45193291137,114711733
0,45195585545,114747766
0,45197879947,114654295
0,45200174366,114697508
0,45202468774,114735319
0,45204763182,114643404
0,45207057582,114687978
0,45209352004,114726980
0,45211646409,114761107
0,45213940811,114665968
0,45216235233,114707722
0,45218529640,114744256
0,45220824042,114651224
0,45223118462,114694821
0,45225412869,114732968
0,45227707277,114766347
0,45230001677,114795553
0,45232296099,114821108
0,45234590507,114843469
0,45236884907,114738035
0,45239179328,114770780
0,45241473734,114799432
0,45243768142,114699503
0,45246062544,114737065
0,45248356964,114769931
0,45250651372,114798689
0,45252945773,114698852
0,45255240194,114736495
0,45257534601,114769433
0,45259829003,115048253
0,45262123423,115292221
0,45264417832,115505693
0,45266712238,115692481
0,45269006639,115980920
0,45271301060,116108305
0,45273595468,116219766
0,45275889870,116317295
0,45278184290,116402633
0,45280478697,116477303
0,45282773105,116542640
0,45285067505,116599810
0,45287361926,116649833
0,45289656336,116693603
0,45291950736,116731902
0,45294245156,116765414
0,45296539564,116794737
0,45298833965,116820394
0,45301128386,116842844
0,45303422792,116862488
0,45305717201,116879677
0,45308011603,117019717
0,45310306022,117017252
0,45312600430,117015095
0,45314894833,117013208
0,45317189253,117011557
0,45319483661,117010112
0,45321778067,117008848
0,45324072468,117007742
0,45326366889,117006774
0,45328661296,117005927
0,45330955698,117005186
0,45333250121,117004537
0,45335544527,117003969
0,45337838930,117003472
0,45340133350,117003038
0,45342427757,117002658
0,45344722166,117002325
0,45347016566,117002034
0,45349310987,117001779
0,45351605395,117001556
0,45353899796,117001361
0,45356194217,117001190
0,45358488623,117001041
0,45360783033,117000910
0,45363077435,117000796
0,45365371854,117000696
0,45367666262,117000609
0,45369960663,117000532
0,45372255084,117000465
0,45374549493,117000406
0,45376843895,117000355
0,45379138315,117000310
0,45381432724,117000271
0,45383727129,117000237
0,45386021531,117000207
0,45388315951,117000181
0,45390610360,117000158
0,45392904763,117000138
0,45395199183,117000120
0,45397493589,117000105
0,45399787988,117000091
0,45402082398,117000079
0,45404376819,117000069
0,45406671228,117000060
0,45408965628,117000052
0,45411260050,117000045
0,45413554457,117000039
0,45415848859,117000034
0,45418143279,117000029
0,45420437686,117000025
0,45422732095,117000021
0,45425026496,117000018
0,45427320916,117000015
0,45429615325,117000013
0,45431909727,117000011
0,45434204146,117000009
0,45436498554,117000007
0,45438792952,117000006
0,45441087364,117000005
0,45443381785,117000004
0,45445676192,117000003
0,45447970594,117000002
0,45450265012,117000001
0,45452559422,117000000
0,45682000400,117125000
0,45684294820,117109375
0,45686589229,117095703
0,45688883632,117083740
0,45691178052,117073272
0,45693472459,117064113
0,45695766869,117056098
0,45698061269,117049085
0,45700355691,117042949
0,45702650099,117037580
0,45704944500,117032882
0,45707238923,117028771
0,45709533329,117025174
0,45711827719,117022027
0,45714122153,117019273
0,45716416560,117016863
0,45718710968,117014755
0,45721005371,117137910
0,45723299790,117120671
0,45725594200,117105587
0,45727888601,117092388
0,45730183023,117080839
0,45732477431,117070734
0,45734771839,117061892
0,45737066240,117054155
0,45739360661,117047385
0,45741655069,117041461
0,45743949471,117036278
0,45746243893,117031743
0,45748538301,117277775
0,45750832704,117493053
0,45753127124,117806421
0,45755421531,117955618
0,45757715940,118086165
0,45760010341,118325394
0,45762304762,118534719
0,45764599170,118592879
0,45766893572,118643769
0,45769187994,118813297
0,45771482401,118836634
0,45773776810,118857054
0,45776071212,118999922
0,45778365632,118999931
0,45780660042,118999939
0,45782954442,118999946
0,45785248865,119124952
0,45787543272,119109333
0,45789837674,119095666
0,45792132096,119208707
0,45794426503,119182618
0,45796720911,119159790
0,45799015313,119264816
0,45801309733,119231714
0,45803604142,119202749
0,45805898545,119177405
0,45808192965,119280229
0,45810487373,119245200
0,45812781773,119214550
0,45815076183,119312731
0,45817370605,119273639
0,45819665013,119239434
0,45821959415,119209504
0,45824253837,119308316
0,45826548244,119269776
0,45828842648,119236054
0,45831137068,119331547
0,45833431475,119290103
0,45835725884,119253840
0,45838020286,119347110
0,45840314706,119303721
0,45842609115,119265755
0,45844903517,119232535
0,45847197938,119328468
0,45849492346,119287409
0,45851786745,119251482
0,45854081157,119345046
0,45856375577,119301915
0,45858669986,119264175
0,45860964389,119231153
0,45863258808,119327258
0,45865553218,119286350
0,45867847621,119250556
0,45870142041,119344236
0,45872436449,119301206
0,45874730858,119263555
0,45877025259,119355610
0,45879319681,119311158
0,45881614088,119272263
0,45883908491,119238230
0,45886202913,119333451
0,45888497319,119291769
0,45890791718,119255297
0,45893086130,119348384
0,45895380551,119304836
0,45897674960,119266731
0,45899969361,119233389
0,45902263782,119329215
0,45904558192,119288063
0,45906852594,119252055
0,45909147015,119345548
0,45911441423,119302354
0,45913735831,119264559
0,45916030234,119356489
0,45918324653,119311927
0,45920619063,119272936
0,45922913467,119238819
0,45925207886,119333966
0,45927502295,119292220
0,45929796684,119255692
0,45932091104,119348730
0,45934385527,119305138
0,45936679934,119266995
0,45938974336,119233620
0,45941268759,119329417
0,45943563166,119288239
0,45945857569,119252209
0,45948151990,119345682
0,45950446397,119302471
0,45952740806,119264662
0,45955035209,119356579
0,45957329628,119312006
0,45959624038,119273005
0,45961918440,119238879
0,45964212861,119334019
0,45966507269,119292266
0,45968801659,119255732
0,45971096080,119348765
0,45973390500,119305169
0,45975684909,119267022
0,45977979311,119233644
0,45980273731,119329438
0,45982568141,119288258
0,45984862545,119252225
0,45987156964,119345696
0,45989451373,119302484
0,45991745781,119264673
0,45994040183,119356588
0,45996334605,119312014
0,45998629013,119273012
0,46000923414,119238885
0,46003217837,119334024
0,46005512245,119292271
0,46007806634,119255737
0,46010101055,119348769
0,46012395477,119305172
0,46014689886,119267025
0,46016984286,119233646
0,46019278709,119329440
0,46021573117,119288260
0,46023867519,119252227
0,46026161942,119345698
0,46028456348,119302485
0,46030750758,119264674
0,46033045160,119356589
0,46035339580,119312015
0,46037633990,119273013
0,46039928391,119238886
0,46042222813,119334025
0,46044517222,119292271
0,46046811611,119255737
0,46049106032,119348769
0,46051400454,119305172
0,46053694862,119267025
0,46055989264,119233646
0,46058283685,119329440
0,46060578094,119288260
0,46062872497,119252227
0,46065166918,119345698
0,46067461326,119302485
0,46069755736,119264674
0,46072050136,119356589
0,46074344558,119312015
0,46076638968,119273013
0,46078933368,119238886
0,46081227791,119334025
0,46083522199,119292271
0,46085816588,119255737
0,46088111010,119348769
0,46090405430,119305172
0,46092699840,119267025
0,46094994241,119233646
0,46097288662,119329440
0,46099583072,119288260
0,46101877475,119252227
0,46104171895,119345698
0,46106466304,119302485
0,46108760712,119264674
0,46111055115,119356589
0,46113349536,119312015
0,46115643944,119273013
0,46117938347,119238886
0,46120232769,119334025
0,46122527176,119292271
0,46124821568,119255737
0,46127116001,119348769
0,46129410409,119305172
0,46131704818,119267025
0,46133999220,119233646
0,46136293642,119329440
0,46138588050,119288260
0,46140882453,119252227
0,46143176875,119345698
0,46145471282,119302485
0,46147765691,119264674
0,46150060094,119356589
0,46152354514,119312015
0,46154648924,119273013
0,46156943325,119238886
0,46159237747,119334025
0,46161532156,119292271
0,46163826545,119255737
0,46166120979,119348769
0,46168415388,119305172
0,46170709796,119267025
0,46173004198,119358646
0,46175298619,119438815
0,46177593028,119383963
0,46179887433,119335967
0,46182181853,119418971
0,46184476260,119366599
0,46186770670,119320774
0,46189065073,119405677
0,46191359493,119354967
0,46193653903,119310596
0,46195948305,119271771
0,46198242728,119362799
0,46200537134,119317449
0,46202831524,119277767
0,46205125961,119368046
0,46207420367,119322040
0,46209714777,119281785
0,46212009178,119371561
0,46214303600,119450115
0,46216598009,119393850
0,46218892412,119344618
0,46221186833,119426540
0,46223481242,119373222
0,46225775649,119326569
0,46228070053,119410747
0,46230364475,119359403
0,46232658883,119314477
0,46234953285,119275167
0,46237247706,119365771
0,46239542116,119695049
0,46241836506,119858167
0,46244130939,120125896
0,46246425348,120360159
0,46248719758,120440139
0,46251014158,120635121
0,46253308580,120805730
0,46255602989,120955013
0,46257897394,120960636
0,46260191815,121090556
0,46262486221,121204236
0,46264780621,121178706
0,46267075034,121281367
0,46269369455,121371196
0,46271663864,121324796
0,46273958266,121284196
0,46276252687,121373671
0,46278547097,121451962
0,46280841499,121395466
0,46283135920,121471032
0,46285430329,121537153
0,46287724737,121470008
0,46290019141,121536257
0,46292313563,121594224
0,46294607971,121519946
0,46296902374,121454952
0,46299196796,121523083
0,46301491204,121582697
0,46303785603,121509859
0,46306080013,121571126
0,46308374436,121624735
0,46310668845,121546643
0,46312963249,121478312
0,46315257671,121543523
0,46317552078,121600582
0,46319846482,121525509
0,46322140904,121584820
0,46324435311,121636717
0,46326729721,121557127
0,46329024122,121612486
0,46331318543,121660925
0,46333612953,121578309
0,46335907357,121506020
0,46338201778,121567767
0,46340496187,121621796
0,46342790585,121544071
0,46345084997,121601062
0,46347379418,121650929
0,46349673827,121569562
0,46351968230,121498366
0,46354262650,121561070
0,46356557060,121615936
0,46358851466,121538944
0,46361145886,121596576
0,46363440295,121647004
0,46365734705,121566128
0,46368029105,121620362
0,46370323527,121667816
0,46372617936,121584339
0,46374912340,121511296
0,46377206761,121572384
0,46379501168,121625836
0,46381795568,121547606
0,46384089980,121604155
0,46386384401,121653635
0,46388678811,121571930
0,46390973213,121500438
0,46393267634,121562883
0,46395562044,121617522
0,46397856447,121540331
0,46400150870,121597789
0,46402445279,121648065
0,46404739687,121567056
0,46407034089,121621174
0,46409328509,121668527
0,46411622919,121584961
0,46413917324,121511840
0,46416211745,121572860
0,46418506153,121626252
0,46420800543,121547970
0,46423094963,121604473
0,46425389385,121653913
0,46427683794,121572173
0,46429978198,121500651
0,46432272621,121563069
0,46434567029,121617685
0,46436861431,121540474
0,46439155853,121597914
0,46441450261,121648174
0,46443744671,121567152
0,46446039072,121621258
0,46448333493,121668600
0,46450627903,121585025
0,46452922307,121511896
0,46455216728,121572909
0,46457511137,121626295
0,46459805525,121548008
0,46462099948,121604507
0,46464394370,121653943
0,46466688778,121572200
0,46468983182,121500675
0,46471277603,121563090
0,46473572013,121617703
0,46475866417,121540490
0,46478160837,121597928
0,46480455247,121648187
0,46482749657,121567163
0,46485044058,121621267
0,46487338480,121668608
0,46489632887,121585032
0,46491927292,121511903
0,46494221716,121572915
0,46496516123,121626300
0,46498810512,121548012
0,46501104933,121604510
0,46503399355,121653946
0,46505693765,121572202
0,46507988169,121500676
0,46510282589,121563091
0,46512576999,121617704
0,46514871401,121540491
0,46517165823,121597929
0,46519460231,121648187
0,46521754640,121567163
0,46524049044,121621267
0,46526343465,121668608
0,46528637875,121585032
0,46530932277,121511903
0,46533226698,121572915
0,46535521107,121626300
0,46537815499,121548012
0,46540109920,121604510
0,46542404342,121653946
0,46544698751,121572202
0,46546993154,121500676
0,46549287577,121563091
0,46551581985,121617704
0,46553876387,121540491
0,46556170810,121597929
0,46558465218,121648187
0,46560759628,121567163
0,46563054032,121621267
0,46565348453,121668608
0,46567642863,121585032
0,46569937263,121511903
0,46572231686,121572915
0,46574526096,121626300
0,46576820485,121548012
0,46579114907,121604510
0,46581409329,121653946
0,46583703738,121572202
0,46585998143,121500676
0,46588292563,121563091
0,46590586974,121617704
0,46592881377,121540491
0,46595175797,121597929
0,46597470206,121648187
0,46599764616,121567163
0,46602059019,121621267
0,46604353442,121668608
0,46606647849,121585032
0,46608942254,121511903
0,46611236677,121572915
0,46613531084,121626300
0,46615825474,121548012
0,46618119909,121604510
0,46620414317,121653946
0,46622708727,121572202
0,46625003130,121625676
0,46627297552,121672466
0,46629591962,121713407
0,46631886365,121624231
0,46634180787,121671202
0,46636475195,121712301
0,46638769604,121623263
0,46641064007,121670355
0,46643358429,121711560
0,46645652839,121622615
0,46647947242,121544788
0,46650241663,121601689
0,46652536072,121651477
0,46654830464,121570042
0,46657124897,121623786
0,46659419306,121670812
0,46661713715,121586960
0,46664008119,121638590
0,46666302542,121683766
0,46668596950,121723295
0,46670891354,121632883
0,46673185775,121678772
0,46675480184,121718925
0,46677774584,121629059
0,46680068996,121675426
0,46682363416,121715997
0,46684657826,121626497
0,46686952229,121548184
0,46689246652,121604661
0,46691541062,121654078
0,46693835452,121572318
0,46696129887,121625778
0,46698424294,121672555
0,46700718704,121588485
0,46703013109,121639924
0,46705307530,121684933
0,46707601940,121724316
0,46709896343,121633776
0,46712190764,121679554
0,46714485173,121719609
0,46716779573,121629657
0,46719073985,121675949
0,46721368408,121716455
0,46723662816,121626898
0,46725957219,121548535
0,46728251641,121604968
0,46730546050,121654347
0,46732840442,121572553
0,46735134877,121625983
0,46737429285,121672735
0,46739723695,121588643
0,46742018097,121640062
0,46744312520,121935054
0,46746606930,122193172
0,46748901333,122294025
0,46751195756,122507271
0,46753490164,122693862
0,46755784563,122857129
0,46758078976,122999987
0,46760373397,123124988
0,46762667808,123234364
0,46764962210,123205068
0,46767256631,123304434
0,46769551042,123391379
0,46771845445,123467456
0,46774139867,123534024
0,46776434276,123592271
0,46778728684,123643237
0,46781023088,123687832
0,46783317510,123726853
0,46785611918,123760996
0,46787906324,123665871
0,46790200746,123707637
0,46792495154,123744182
0,46794789555,123776159
0,46797083967,123804139
0,46799378388,123828621
0,46801672798,123850043
0,46803967201,123743787
0,46806261624,123775813
0,46808556033,123803836
0,46810850438,123828356
0,46813144860,123849811
0,46815439267,123868584
0,46817733677,123885011
0,46820028080,123899384
0,46822322501,123911961
0,46824616911,123922965
0,46826911316,123807594
0,46829205738,123831644
0,46831500147,123852688
0,46833794546,123871102
0,46836088958,123887214
0,46838383381,123901312
0,46840677789,123913648
0,46842972193,123799442
0,46845266615,123824511
0,46847561025,123846447
0,46849855428,123865641
0,46852149851,123882435
0,46854444259,123897130
0,46856738670,123909988
0,46859033072,123921239
0,46861327494,123931084
0,46863621905,123939698
0,46865916306,123822235
0,46868210730,123844455
0,46870505138,123863898
0,46872799528,123880910
0,46875093952,123895796
0,46877388372,123908821
0,46879682783,123920218
0,46881977185,123805190
0,46884271607,123829541
0,46886566018,123850848
0,46888860422,123869492
0,46891154843,123885805
0,46893449253,123900079
0,46895743661,123912569
0,46898038065,123923497
0,46900332488,123933059
0,46902626897,123941426
0,46904921301,123823747
0,46907215722,123845778
0,46909510131,123865055
0,46911804522,123881923
0,46914098944,123896682
0,46916393367,123909596
0,46918687777,123920896
0,46920982178,123805784
0,46923276601,123830061
0,46925571010,123851303
0,46927865414,123869890
0,46930159838,123886153
0,46932454245,123900383
0,46934748655,123912835
0,46937043058,123923730
0,46939337481,123933263
0,46941631891,123941605
0,46943926296,123823904
0,46946220716,123845916
0,46948515125,123865176
0,46950809515,123882029
0,46953103938,123896775
0,46955398361,123909678
0,46957692769,123920968
0,46959987173,123805847
0,46962281594,123830116
0,46964576003,123851351
0,46966870409,123869932
0,46969164831,123886190
0,46971459240,123900416
0,46973753650,123912864
0,46976048052,123923756
0,46978342475,123933286
0,46980636884,123941625
0,46982931288,123823921
0,46985225711,123845930
0,46987520119,123865188
0,46989814510,123882039
0,46992108933,123896784
0,46994403355,123909686
0,46996697765,123920975
0,46998992168,123805853
0,47001286590,123830121
0,47003581000,123851355
0,47005875404,123869935
0,47008169826,123886193
0,47010464235,123900418
0,47012758643,123912865
0,47015053048,123923756
0,47017347470,123933286
0,47019641881,123941625
0,47021936284,123823921
0,47024230707,123845930
0,47026525116,123865188
0,47028819507,123882039
0,47031113928,123896784
0,47033408351,123909686
0,47035702762,123920975
0,47037997164,123805853
0,47040291587,123830121
0,47042585996,123851355
0,47044880402,123869935
0,47047174824,123886193
0,47049469232,123900418
0,47051763642,123912865
0,47054058045,123923756
0,47056352467,123933286
0,47058646878,123941625
0,47060941281,123823921
0,47063235704,123845930
0,47065530113,123865188
0,47067824503,123882039
0,47070118940,123896784
0,47072413350,123909686
0,47074707758,123920975
0,47077002162,123930853
0,47079296584,123939496
0,47081590993,123947059
0,47083885399,123953676
0,47086179820,123959466
0,47088474229,123964532
0,47090768639,123968965
0,47093063043,123972844
0,47095357465,123976238
0,47097651875,123979208
0,47099946277,123856807
0,47102240700,123874706
0,47104535109,123890367
0,47106829502,123904071
0,47109123937,123916062
0,47111418344,123926554
0,47113712756,123935734
0,47116007159,123943767
0,47118301581,123950796
0,47120595991,123956946
0,47122890395,123962327
0,47125184818,123967036
0,47127479228,123971156
0,47129773626,123974761
0,47132068040,123977915
0,47134362462,123980675
0,47136656871,123983090
0,47138951276,123860203
0,47141245696,123877677
0,47143540107,123892967
0,47145834498,123906346
0,47148128934,123918052
0,47150423343,123928295
0,47152717754,123937258
0,47155012156,123945100
0,47157306580,123951962
0,47159600988,123957966
0,47161895393,123963220
0,47164189815,123967817
0,47166484223,123971839
0,47168778625,123975359
0,47171073038,123978439
0,47173367460,123981134
0,47175661870,123983492
0,47177956274,123860555
0,47180250696,123877985
0,47182545106,123893236
0,47184839496,123906581
0,47187133934,123918258
0,47189428342,123928475
0,47191722752,123937415
0,47194017155,123945238
0,47196311576,123952083
0,47198605986,123958072
0,47200900393,123838313
0,47203194813,123858523
0,47205489223,123876207
0,47207783624,123891681
0,47210078036,123905220
0,47212372459,123917067
0,47214666869,123927433
0,47216961273,123811503
0,47219255696,123835065
0,47221550104,123855681
0,47223844496,123873720
0,47226138932,123889505
0,47228433341,123903316
0,47230727752,123915401
0,47233022154,123925975
0,47235316576,123935228
0,47237610986,123943324
0,47239905390,123825408
0,47242199814,123847232
0,47244494223,123866328
0,47246788622,123883037
0,47249083036,123897657
0,47251377459,123910449
0,47253671868,123921642
0,47255966273,123806436
0,47258260695,123830631
0,47260555105,123851802
0,47262849497,123870326
0,47265143931,123886535
0,47267438341,123900718
0,47269732751,123913128
0,47272027154,123923987
0,47274321578,124183488
0,47276615986,124410552
0,47278910391,124609233
0,47281204814,124783078
0,47283499222,124935193
0,47285793624,125068293
0,47288088036,125309756
0,47290382459,125396036
0,47292676869,125471531
0,47294971273,125537589
0,47297265695,125595390
0,47299560106,125645966
0,47301854510,125690220
0,47304148932,125853942
0,47306443342,125872199
0,47308737751,125888174
0,47311032156,126027152
0,47313326577,126023758
0,47315620987,126020788
0,47317915394,126018189
0,47320209815,126015915
0,47322504224,126013925
0,47324798625,126012184
0,47327093036,126135661
0,47329387461,126118703
0,47331681871,126103865
0,47333976273,126090881
0,47336270697,126079520
0,47338565105,126069580
0,47340859511,126060882
0,47343153934,126178271
0,47345448343,126155987
0,47347742753,126136488
0,47350037157,126244427
0,47352331579,126213873
0,47354625990,126187138
0,47356920394,126163745
0,47359214816,126143276
0,47361509227,126125366
0,47363803617,126109695
0,47366098040,126220983
0,47368392461,126193360
0,47370686872,126169190
0,47372981277,126148041
0,47375275698,126129535
0,47377570108,126113343
0,47379864514,126099175
0,47382158936,126211778
0,47384453346,126185305
0,47386747755,126162141
0,47389042159,126266873
0,47391336582,126233513
0,47393630991,126204323
0,47395925396,126178782
0,47398219820,126156434
0,47400514228,126136879
0,47402808620,126119769
0,47405103042,126229797
0,47407397465,126201072
0,47409691876,126175938
0,47411986278,126153945
0,47414280701,126134701
0,47416575113,126117863
0,47418869516,126103130
0,47421163940,126215238
0,47423458348,126188333
0,47425752759,126164791
0,47428047162,126269192
0,47430341583,126235543
0,47432635995,126206100
0,47434930401,126180337
0,47437224821,126157794
0,47439519231,126138069
0,47441813624,126120810
0,47444108046,126230708
0,47446402468,126201869
0,47448696877,126176635
0,47450991282,126154555
0,47453285705,126135235
0,47455580114,126118330
0,47457874520,126103538
0,47460168942,126215595
0,47462463351,126188645
0,47464757762,126165064
0,47467052166,126269431
0,47469346588,126235752
0,47471640999,126206283
0,47473935403,126180497
0,47476229827,126157934
0,47478524235,126138192
0,47480818626,126120918
0,47483113050,126230803
0,47485407471,126201952
0,47487701882,126176708
0,47489996287,126154619
0,47492290708,126135291
0,47494585119,126118379
0,47496879525,126103581
0,47499173947,126215633
0,47501468356,126188678
0,47503762766,126165093
0,47506057170,126269456
0,47508351594,126235774
0,47510646002,126206302
0,47512940407,126180514
0,47515234831,126157949
0,47517529240,126138205
0,47519823632,126120929
0,47522118054,126230812
0,47524412477,126201960
0,47526706888,126176715
0,47529001291,126279625
0,47531295714,126244671
0,47533590125,126214087
0,47535884529,126187326
0,47538178953,126288910
0,47540473361,126252796
0,47542767771,126221196
0,47545062176,126318546
0,47547356598,126278727
0,47549651008,126243886
0,47551945412,126213400
0,47554239835,126186725
0,47556534246,126163384
0,47558828637,126142961
0,47561123073,126250090
0,47563417484,126218828
0,47565711892,126191474
0,47568006297,126292539
0,47570300721,126255971
0,47572595130,126223974
0,47574889536,126195977
0,47577183958,126296479
0,47579478367,126259419
0,47581772770,126226991
0,47584067182,126323617
0,47586361604,126283164
0,47588656016,126247768
0,47590950418,126216797
0,47593244842,126189697
0,47595539252,126165984
0,47597833643,126145236
0,47600128081,126252081
0,47602422489,126220570
0,47604716900,126192998
0,47607011303,126293873
0,47609305727,126257138
0,47611600137,126224995
0,47613894542,126196870
0,47616188965,126297261
0,47618483375,126260103
0,47620777774,126227590
0,47623072188,126324141
0,47625366613,126283623
0,47627661021,126248170
0,47629955426,126217148
0,47632249849,126190004
0,47634544259,126166253
0,47636838651,126145471
0,47639133087,126252287
0,47641427496,126220751
0,47643721907,126193157
0,47646016311,126294012
0,47648310734,126257260
0,47650605144,126225102
0,47652899550,126196964
0,47655193972,126172343
0,47657488380,126150800
0,47659782783,126131950
0,47662077197,126240456
0,47664371618,126210399
0,47666666030,126184099
0,47668960434,126161086
0,47671254855,126140950
0,47673549268,126123331
0,47675843660,126107914
0,47678138094,126219424
0,47680432505,126191996
0,47682726915,126167996
0,47685021319,126271996
0,47687315742,126237996
0,47689610153,126208246
0,47691904558,126182215
0,47694198981,126159438
0,47696493390,126139508
0,47698787792,126122069
0,47701082204,126231810
0,47703376628,126202833
0,47705671039,126177478
0,47707965442,126155293
0,47710259865,126135881
0,47712554276,126118895
0,47714848667,126104033
0,47717143104,126216028
0,47719437512,126189024
0,47721731923,126165396
0,47724026327,126269721
0,47726320750,126236005
0,47728615161,126206504
0,47730909567,126180691
0,47733203988,126158104
0,47735498399,126138341
0,47737792800,126121048
0,47740087213,126230917
0,47742381638,126202052
0,47744676047,126176795
0,47746970451,126154695
0,47749264875,126135358
0,47751559285,126118438
0,47753853677,126103633
0,47756148114,126215678
0,47758442523,126188718
0,47760736933,126165128
0,47763031336,126269487
0,47765325761,126235801
0,47767620170,126206325
0,47769914575,126180534
0,47772209000,126157967
0,47774503407,126138221
0,47776797808,126120943
0,47779092224,126230825
0,47781386645,126201971
0,47783681057,126176724
0,47785975463,126154633
0,47788269885,126135303
0,47790564296,126118390
0,47792858702,126103591
0,47795153124,126215642
0,47797447534,126188686
0,47799741944,126165100
0,47802036349,126269462
0,47804330771,126610779
0,47806625182,126784431
0,47808919588,126936377
0,47811214010,127194329
0,47813508420,127295037
0,47815802812,127383157
0,47818097233,127585262
0,47820391659,127762104
0,47822686070,127791841
0,47824980472,127817860
0,47827274898,127965627
0,47829569306,127969923
0,47831863713,127973682
0,47834158137,128101971
0,47836452545,128214224
0,47838746957,128187446
0,47841041361,128289015
0,47843335783,128377888
0,47845630195,128330652
0,47847924600,128289320
0,47850219022,128378155
0,47852513433,128330885
0,47854807824,128289524
0,47857102246,128378333
0,47859396672,128456041
0,47861691080,128399035
0,47863985485,128349155
0,47866279908,128430510
0,47868574318,128376696
0,47870868725,128329609
0,47873163148,128413407
0,47875457557,128486731
0,47877751969,128425889
0,47880046372,128497652
0,47882340795,128560445
0,47884635207,128490389
0,47886929611,128429090
0,47889224034,128500453
0,47891518444,128437896
0,47893812836,128383159
0,47896107259,128460264
0,47898401682,128527731
0,47900696092,128461764
0,47902990498,128404043
0,47905284920,128478537
0,47907579331,128418719
0,47909873737,128366379
0,47912168160,128445581
0,47914462570,128514883
0,47916756980,128450522
0,47919051384,128519206
0,47921345809,128579305
0,47923640218,128506891
0,47925934624,128443529
0,47928229048,128513087
0,47930523456,128448951
0,47932817848,128392832
0,47935112272,128468728
0,47937406694,128535137
0,47939701107,128468244
0,47941995510,128409713
0,47944289934,128483498
0,47946584344,128423060
0,47948878750,128370177
0,47951173175,128448904
0,47953467582,128517791
0,47955761993,128453067
0,47958056398,128521433
0,47960350820,128581253
0,47962645232,128508596
0,47964939638,128445021
0,47967234058,128514393
0,47969528472,128450093
0,47971822862,128393831
0,47974117286,128469602
0,47976411709,128535901
0,47978706118,128468913
0,47981000525,128535298
0,47983294946,128593385
0,47985589358,128519211
0,47987883765,128454309
0,47990178185,128522520
0,47992472598,128582205
0,47994766999,128509429
0,47997061412,128570750
0,47999355836,128624406
0,48001650245,128546355
0,48003944651,128478060
0,48006239074,128543302
0,48008533484,128475389
0,48010827876,128415965
0,48013122299,128488969
0,48015416723,128552847
0,48017711134,128483741
0,48020005540,128548273
0,48022299962,128604738
0,48024594374,128529145
0,48026888778,128463001
0,48029183201,128530125
0,48031477612,128588859
0,48033772012,128515251
0,48036066428,128575844
0,48038360849,128628863
0,48040655262,128550255
0,48042949667,128481473
0,48045244088,128546288
0,48047538500,128478002
0,48049832892,128418251
0,48052127329,128490969
0,48054421738,128554597
0,48056716150,128485272
0,48059010554,128549613
0,48061304977,128605911
0,48063599388,128530172
0,48065893794,128463900
0,48068188219,128530912
0,48070482626,128589548
0,48072777028,128515854
0,48075071442,128576372
0,48077365864,128629325
0,48079660277,128550659
0,48081954682,128481826
0,48084249105,128546597
0,48086543516,128478272
0,48088837906,128418488
0,48091132345,128491177
0,48093426753,128554779
0,48095721165,128485431
0,48098015569,128549752
0,48100309993,128606033
0,48102604403,128530278
0,48104898811,128463993
0,48107193232,128530993
0,48109487644,128464618
0,48111782045,128406540
0,48114076457,128480722
0,48116370883,128545631
0,48118665291,128477427
0,48120959698,128417748
0,48123254121,128490529
0,48125548532,128429212
0,48127842924,128375560
0,48130137361,128453615
0,48132431770,128521913
0,48134726183,128456673
0,48137020587,128524588
0,48139315009,128584014
0,48141609421,128511012
0,48143903826,128447135
0,48146198250,128516243
0,48148492659,128451712
0,48150787062,128395248
0,48153081475,128470842
0,48155375899,128536986
0,48157670309,128469862
0,48159964715,128411129
0,48162259137,128484737
0,48164553549,128424144
0,48166847943,128371126
0,48169142377,128449735
0,48171436789,128518518
0,48173731198,128453703
0,48176025604,128521990
0,48178320027,128581741
0,48180614438,128509023
0,48182908844,128445395
0,48185203268,128514720
0,48187497677,128450380
0,48189792079,128394082
0,48192086493,128469821
0,48194380917,128536093
0,48196675327,128469081
0,48198969732,128410445
0,48201264156,128484139
0,48203558569,128423621
0,48205852959,128370668
0,48208147397,128449334
0,48210441806,128518167
0,48212736217,128453396
0,48215030623,128521721
0,48217325043,128581505
0,48219619457,128508816
0,48221913863,128445214
0,48224208286,128514562
0,48226502695,128450241
0,48228797097,128393960
0,48231091511,128469715
0,48233385935,128536000
0,48235680345,128469000
0,48237974752,128410375
0,48240269175,128484078
0,48242563585,128423568
0,48244857977,128370622
0,48247152415,128449294
0,48249446823,128518132
0,48251741237,128453365
0,48254035641,128521694
0,48256330065,128581482
0,48258624475,128508796
0,48260918881,128445196
0,48263213304,128514546
0,48265507716,128450227
0,48267802117,128393948
0,48270096532,128469704
0,48272390953,128535991
0,48274685365,128468992
0,48276979770,128410368
0,48279274193,128484072
0,48281568606,128423563
0,48283862999,128370617
0,48286157434,128449289
0,48288451845,128518127
0,48290746255,128453361
0,48293040660,128521690
0,48295335085,128581478
0,48297629495,128508793
0,48299923901,128445193
0,48302218325,128514543
0,48304512734,128450225
0,48306807128,128393946
0,48309101551,128469702
0,48311395974,128535989
0,48313690387,128468990
0,48315984790,128410366
0,48318279215,128484070
0,48320573625,128423561
0,48322868031,128370615
0,48325162455,128449288
0,48327456865,128518127
0,48329751275,128453361
0,48332045682,128521690
0,48334340103,128831478
0,48336634516,129102543
0,48338928923,129214725
0,48341223345,129437884
0,48343517756,129633148
0,48345812148,129679004
0,48348106571,129844128
0,48350400996,129988612
0,48352695406,130115035
0,48354989812,130100655
0,48357284236,130213073
0,48359578645,130311438
0,48361873053,130272508
0,48364167475,130363444
0,48366461886,130443013
0,48368756298,130512636
0,48371050702,130573556
0,48373345126,130626861
0,48375639538,130673503
0,48377933942,130589315
0,48380228367,130640650
0,48382522778,130685568
0,48384817169,130599872
0,48387111594,130649888
0,48389406015,130693652
0,48391700428,130731945
0,48393994833,130640451
0,48396289256,130685394
0,48398583668,130724719
0,48400878074,130634129
0,48403172497,130679862
0,48405466908,130719879
0,48407761318,130754894
0,48410055724,130785532
0,48412350149,130812340
0,48414644559,130835797
0,48416938966,130731322
0,48419233388,130764906
0,48421527798,130794292
0,48423822192,130695005
0,48426116615,130733129
0,48428411040,130766487
0,48430705450,130795676
0,48432999855,130696216
0,48435294279,130734189
0,48437588690,130767415
0,48439883096,130671488
0,48442177521,130712552
0,48444471930,130748483
0,48446766331,130779922
0,48449060748,130807431
0,48451355170,130831502
0,48453649582,130852564
0,48455943989,130745993
0,48458238410,130777743
0,48460532823,130805525
0,48462827215,130704834
0,48465121639,130741729
0,48467416063,130774012
0,48469710472,130802260
0,48472004879,130826977
0,48474299302,130848604
0,48476593714,130867528
0,48478888120,130759087
0,48481182544,130789201
0,48483476953,130815550
0,48485771357,130838606
0,48488065769,130858780
0,48490360194,130876432
0,48492654606,130891878
0,48494949009,130780393
0,48497243434,130807843
0,48499537846,130831862
0,48501832238,130727879
0,48504126663,130761894
0,48506421085,130791657
0,48508715498,130817699
0,48511009902,130840486
0,48513304326,130860425
0,48515598738,130877871
0,48517893143,130768137
0,48520187567,130797119
0,48522481979,130822479
0,48524776379,130844669
0,48527070795,130864085
0,48529365218,130881074
0,48531659629,130895939
0,48533954036,130783946
0,48536248458,130810952
0,48538542870,130834583
0,48540837262,130730260
0,48543131700,130763977
0,48545426111,130793479
0,48547720522,130819294
0,48550014927,130841882
0,48552309351,130861646
0,48554603762,130878940
0,48556898169,130769072
0,48559192593,130797938
0,48561487002,130823195
0,48563781405,130845295
0,48566075820,130864633
0,48568370243,130881553
0,48570664654,130896358
0,48572959060,130784313
0,48575253483,130811273
0,48577547896,130834863
0,48579842287,130730505
0,48582136725,130764191
0,48584431136,130793667
0,48586725546,130819458
0,48589019953,130842025
0,48591314377,130861771
0,48593608787,130879049
0,48595903194,130769167
0,48598197618,130798021
0,48600492029,130823268
0,48602786431,130720359
0,48605080844,130755314
0,48607375269,130785899
0,48609669681,130812661
0,48611964086,130711078
0,48614258510,130747193
0,48616552920,130778793
0,48618847313,130681443
0,48621141752,130721262
0,48623436161,130756104
0,48625730572,130786591
0,48628024978,130813267
0,48630319402,130836608
0,48632613814,130857032
0,48634908221,130749903
0,48637202644,130781165
0,48639497055,130808519
0,48641791456,130707454
0,48644085872,130744022
0,48646380295,130776019
0,48648674707,130804016
0,48650969113,130703514
0,48653263536,130740574
0,48655557947,130773002
0,48657852341,130676376
0,48660146778,130716829
0,48662441188,130752225
0,48664735600,130783196
0,48667030005,130810296
0,48669324430,130834009
0,48671618840,130854757
0,48673913248,130747912
0,48676207672,130779423
0,48678502081,130806995
0,48680796483,130706120
0,48683090899,130742855
0,48685385322,130774998
0,48687679735,130803123
0,48689974140,130702732
0,48692268563,130739890
0,48694562976,130772403
0,48696857367,130675852
0,48699151806,130716370
0,48701446216,130751823
0,48703740627,130782845
0,48706035033,130809989
0,48708329457,130833740
0,48710623868,130854522
0,48712918276,130747706
0,48715212699,130779242
0,48717507110,130806836
0,48719801512,130705981
0,48722095926,130742733
0,48724390352,130774891
0,48726684762,130803029
0,48728979167,130702650
0,48731273592,130739818
0,48733568003,130772340
0,48735862396,130675797
0,48738156835,130716322
0,48740451243,130751781
0,48742745657,130782808
0,48745040062,130809957
0,48747334485,130833712
0,48749628897,130854498
0,48751923304,130747685
0,48754217728,130779224
0,48756512139,130806821
0,48758806530,130705968
0,48761100955,130742722
0,48763395380,130774881
0,48765689790,130803020
0,48767984197,130702642
0,48770278620,130739811
0,48772573032,130772334
0,48774867425,130675792
0,48777161862,130716318
0,48779456274,130751778
0,48781750686,130782805
0,48784045090,130809954
0,48786339515,130833709
0,48788633926,130854495
0,48790928333,130747683
0,48793222758,130779222
0,48795517166,130806819
0,48797811561,130705966
0,48800105985,130742720
0,48802400408,130774880
0,48804694820,130803020
0,48806989227,130702642
0,48809283651,130739811
0,48811578062,130772334
0,48813872467,130675792
0,48816166894,130716318
0,48818461303,130751778
0,48820755714,130782805
0,48823050121,130809954
0,48825344544,130833709
0,48827638956,130854495
0,48829933363,130747683
0,48832227786,130779222
0,48834522198,130806819
0,48836816591,130705966
0,48839111014,130742720
0,48841405439,130774880
0,48843699851,130803020
0,48845994256,130702642
0,48848288681,130739811
0,48850583092,130772334
0,48852877499,130675792
0,48855171923,130716318
0,48857466333,130751778
0,48859760746,130782805
0,48862055151,130809954
0,48864349575,131083709
0,48866643987,131323245
0,48868938394,131532839
0,48871232817,131716234
0,48873527230,131876704
0,48875821622,132017116
0,48878116046,132139976
0,48880410470,132247479
0,48882704881,132341544
0,48884999289,132423851
0,48887293711,132495869
0,48889588123,132558885
0,48891882531,132614024
0,48894176954,132662271
0,48896471365,132704487
0,48898765767,132741426
0,48901060183,132898747
0,48903354608,132911403
0,48905649017,132922477
0,48907943425,132932167
0,48910237849,132940646
0,48912532259,132948065
0,48914826654,132954556
0,48917121078,132960236
0,48919415502,132965206
0,48921709913,132969555
0,48924004320,133098360
0,48926298743,133086065
0,48928593156,133075306
0,48930887561,133065892
0,48933181987,133057655
0,48935476397,133050448
0,48937770800,133044142
0,48940065215,133163624
0,48942359638,133143171
0,48944654050,133125274
0,48946948458,133109614
0,48949242880,133095912
0,48951537293,133083923
0,48953831687,133073432
0,48956126110,133064253
0,48958420534,133056221
0,48960714946,133049193
0,48963009351,133168043
0,48965303777,133147037
0,48967598188,133128657
0,48969892595,133112574
0,48972187019,133098502
0,48974481429,133086189
0,48976775833,133075415
0,48979070248,133190988
0,48981364671,133167114
0,48983659084,133146224
0,48985953490,133127946
0,48988247914,133111952
0,48990542326,133097958
0,48992836719,133085713
0,48995131158,133074998
0,48997425566,133065623
0,48999719979,133057420
0,49002014386,133175242
0,49004308809,133153336
0,49006603221,133134169
0,49008897629,133117397
0,49011192052,133102722
0,49013486463,133089881
0,49015780867,133078645
0,49018075281,133193814
0,49020369706,133169587
0,49022664116,133148388
0,49024958525,133129839
0,49027252950,133113609
0,49029547359,133099407
0,49031841754,133086981
0,49034136192,133076108
0,49036430602,133066594
0,49038725016,133058269
0,49041019421,133175985
0,49043313844,133153986
0,49045608258,133134737
0,49047902664,133117894
0,49050197088,133103157
0,49052491498,133090262
0,49054785901,133078979
0,49057080317,133069106
0,49059374741,133060467
0,49061669154,133052908
0,49063963560,133046294
0,49066257983,133040507
0,49068552397,133035443
0,49070846791,133031012
0,49073141227,133027135
0,49075435639,133023743
0,49077730049,133020775
0,49080024456,133143178
0,49082318881,133125280
0,49084613292,133109620
0,49086907700,133095917
0,49089202123,133083927
0,49091496535,133073436
0,49093790938,133064256
0,49096085352,133056224
0,49098379778,133049196
0,49100674189,133043046
0,49102968594,133037665
0,49105263020,133032956
0,49107557431,133028836
0,49109851824,133025231
0,49112146263,133022077
0,49114440673,133019317
0,49116735085,133016902
0,49119029494,133139789
0,49121323916,133122315
0,49123618328,133107025
0,49125912735,133093646
0,49128207160,133081940
0,49130501571,133071697
0,49132795974,133062734
0,49135090389,133054892
0,49137384813,133048030
0,49139679224,133042026
0,49141973632,133036772
0,49144268056,133032175
0,49146562467,133028153
0,49148856862,133024633
0,49151151299,133021553
0,49153445710,133018858
0,49155740123,133016500
0,49158034528,133139437
0,49160328953,133122007
0,49162623366,133106756
0,49164917771,133093411
0,49167212197,133081734
0,49169506607,133071517
0,49171801010,133062577
0,49174095426,133054754
0,49176389849,133047909
0,49178684261,133041920
0,49180978667,133036680
0,49183273092,133032095
0,49185567505,133028083
0,49187861898,133024572
0,49190156336,133021500
0,49192450747,133018812
0,49194745158,133016460
0,49197039566,133139402
0,49199333991,133121976
0,49201628402,133106729
0,49203922810,133093387
0,49206217233,133081713
0,49208511644,133071498
0,49210806048,133062560
0,49213100463,133054740
0,49215394888,133047897
0,49217689300,133041909
0,49219983705,133036670
0,49222278130,133032086
0,49224572541,133028075
0,49226866936,133024565
0,49229161375,133021494
0,49231455784,133018807
0,49233750197,133016456
0,49236044604,133139399
0,49238339026,133121974
0,49240633440,133106727
0,49242927848,133093386
0,49245222271,133081712
0,49247516684,133071498
0,49249811076,133062560
0,49252105501,133054740
0,49254399926,133047897
0,49256694336,133041909
0,49258988744,133036670
0,49261283169,133032086
0,49263577580,133028075
0,49265871976,133024565
0,49268166413,133021494
0,49270460823,133018807
0,49272755236,133016456
0,49275049641,133139399
0,49277344066,133121974
0,49279638480,133106727
0,49281932886,133093386
0,49284227310,133081712
0,49286521721,133071498
0,49288816114,133062560
0,49291110540,133054740
0,49293404964,133047897
0,49295699376,133041909
0,49297993783,133036670
0,49300288208,133032086
0,49302582620,133028075
0,49304877014,133024565
0,49307171452,133021494
0,49309465862,133018807
0,49311760265,133016456
0,49314054681,133139399
0,49316349105,133121974
0,49318643518,133106727
0,49320937926,133093386
0,49323232348,133081712
0,49325526761,133071498
0,49327821155,133062560
0,49330115578,133054740
0,49332410004,133047897
0,49334704416,133041909
0,49336998823,133036670
0,49339293248,133032086
0,49341587659,133028075
0,49343882068,133024565
0,49346176493,133021494
0,49348470901,133018807
0,49350765305,133016456
0,49353059720,133139399
0,49355354145,133121974
0,49357648558,133106727
0,49359942965,133093386
0,49362237389,133081712
0,49364531802,133071498
0,49366826195,133062560
0,49369120621,133054740
0,49371415045,133047897
0,49373709456,133041909
0,49376003863,133161670
0,49378298287,133141461
0,49380592700,133123778
0,49382887108,133108305
0,49385181532,133094766
0,49387475944,133082920
0,49389770347,133072555
0,49392064762,133188485
0,49394359188,133164924
0,49396653599,133144308
0,49398948007,133126269
0,49401242430,133110485
0,49403536841,133096674
0,49405831236,133084589
0,49408125661,133074015
0,49410420085,133064763
0,49412714498,133056667
0,49415008904,133174583
0,49417303329,133152760
0,49419597742,133133665
0,49421892149,133116956
0,49424186575,133102336
0,49426480986,133089544
0,49428775387,133078351
0,49431069804,133193557
0,49433364228,133169362
0,49435658640,133148191
0,49437953048,133129667
0,49440247471,133113458
0,49442541884,133349275
0,49444836279,133555615
0,49447130703,133861163
0,49449425128,134003517
0,49451719541,134128077
0,49454013947,134362067
0,49456308372,134566808
0,49458602784,134620957
0,49460897192,134668337
0,49463191618,134834794
0,49465486026,134855444
0,49467780429,134873513
0,49470074845,135014323
0,49472369270,135137532
0,49474663683,135120340
0,49476958091,135105297
0,49479252514,135217134
0,49481546927,135189992
0,49483841320,135166243
0,49486135759,135270462
0,49488430171,135236654
0,49490724582,135207072
0,49493018990,135306188
0,49495313413,135392914
0,49497607827,135343799
0,49499902235,135300824
0,49502196660,135388221
0,49504491071,135339693
0,49506785475,135297231
0,49509079889,135385077
0,49511374314,135336942
0,49513668726,135294824
0,49515963132,135257971
0,49518257557,135350724
0,49520551969,135306883
0,49522846363,135268522
0,49525140802,135359956
0,49527435213,135314961
0,49529729625,135275590
0,49532024033,135366141
0,49534318457,135445373
0,49536612871,135389701
0,49538907277,135340988
0,49541201702,135423364
0,49543496115,135370443
0,49545790516,135324137
0,49548084933,135408619
0,49550379358,135357541
0,49552673769,135312848
0,49554968178,135273742
0,49557262601,135364524
0,49559557015,135318958
0,49561851409,135279088
0,49564145846,135369202
0,49566440259,135323051
0,49568734670,135282669
0,49571029078,135372335
0,49573323503,135450793
0,49575617915,135394443
0,49577912323,135345137
0,49580206748,135426994
0,49582501159,135373619
0,49584795562,135326916
0,49587089978,135411051
0,49589384403,135359669
0,49591678815,135314710
0,49593973223,135275371
0,49596267647,135365949
0,49598562061,135320205
0,49600856453,135280179
0,49603150892,135370156
0,49605445304,135323886
0,49607739715,135283400
0,49610034124,135372975
0,49612328547,135451353
0,49614622961,135394933
0,49616917369,135345566
0,49619211792,135427370
0,49621506205,135373948
0,49623800608,135327204
0,49626095024,135411303
0,49628389449,135359890
0,49630683861,135314903
0,49632978268,135275540
0,49635272693,135366097
0,49637567105,135320334
0,49639861499,135280292
0,49642155938,135370255
0,49644450349,135323973
0,49646744762,135283476
0,49649039169,135373041
0,49651333593,135451410
0,49653628007,135394983
0,49655922413,135345610
0,49658216839,135427408
0,49660511251,135373982
0,49662805653,135327234
0,49665100070,135411329
0,49667394494,135359912
0,49669688907,135314923
0,49671983314,135275557
0,49674277738,135366112
0,49676572151,135320348
0,49678866546,135280304
0,49681160984,135370266
0,49683455396,135323982
0,49685749808,135283484
0,49688044214,135373048
0,49690338640,135451417
0,49692633051,135394989
0,49694927460,135345615
0,49697221885,135427413
0,49699516296,135373986
0,49701810691,135327237
0,49704105115,135411332
0,49706399540,135359915
0,49708693953,135314925
0,49710988360,135275559
0,49713282785,135366114
0,49715577198,135320349
0,49717871591,135280305
0,49720166031,135370266
0,49722460442,135323982
0,49724754854,135283484
0,49727049263,135373048
0,49729343687,135451417
0,49731638100,135394989
0,49733932509,135345615
0,49736226932,135427413
0,49738521345,135373986
0,49740815740,135327237
0,49743110164,135411332
0,49745404590,135359915
0,49747699000,135314925
0,49749993408,135275559
0,49752287834,135366114
0,49754582245,135320349
0,49756876640,135280305
0,49759171079,135370266
0,49761465490,135323982
0,49763759894,135283484
0,49766054310,135373048
0,49768348734,135451417
0,49770643148,135394989
0,49772937555,135345615
0,49775231980,135427413
0,49777526394,135373986
0,49779820787,135327237
0,49782115213,135411332
0,49784409636,135359915
0,49786704050,135314925
0,49788998458,135275559
0,49791292882,135366114
0,49793587294,135320349
0,49795881690,135280305
0,49798176127,135370266
0,49800470539,135323982
0,49802764942,135283484
0,49805059358,135373048
0,49807353784,135451417
0,49809648196,135394989
0,49811942605,135345615
0,49814237029,135427413
0,49816531442,135373986
0,49818825836,135327237
0,49821120262,135411332
0,49823414686,135359915
0,49825709100,135314925
0,49828003505,135400559
0,49830297931,135475489
0,49832592344,135416052
0,49834886751,135364045
0,49837181177,135443539
0,49839475588,135388096
0,49841769992,135339584
0,49844064409,135422136
0,49846358834,135494369
0,49848653246,135432572
0,49850947656,135378500
0,49853242078,135456187
0,49855536492,135399163
0,49857830885,135349267
0,49860125311,135430608
0,49862419736,135376782
0,49864714148,135329684
0,49867008556,135413473
0,49869302981,135486788
0,49871597394,135425939
0,49873891802,135372696
0,49876186228,135451109
0,49878480638,135394720
0,49880775043,135345380
0,49883069458,135427207
0,49885363884,135498806
0,49887658296,135436455
0,49889952705,135381898
0,49892247129,135459160
0,49894541543,135401765
0,49896835936,135351544
0,49899130363,135432601
0,49901424786,135378525
0,49903719200,135331209
0,49906013607,135414807
0,49908308031,135487956
0,49910602444,135426961
0,49912896854,135373590
0,49915191279,135451891
0,49917485691,135395404
0,49919780094,135345978
0,49922074509,135427730
0,49924368936,135499263
0,49926663347,135436855
0,49928957756,135382248
0,49931252179,135459467
0,49933546593,135402033
0,49935840989,135351778
0,49938135414,135432805
0,49940429838,135378704
0,49942724252,135331366
0,49945018657,135414945
0,49947313084,135488076
0,49949607496,135427066
0,49951901905,135373682
0,49954196330,135451971
0,49956490743,135395474
0,49958785145,135346039
0,49961079563,135427784
0,49963373986,135374311
0,49965668399,135327522
0,49967962808,135286581
0,49970257232,135375758
0,49972551645,135328788
0,49974846040,135287689
0,49977140479,135376727
0,49979434891,135329636
0,49981729302,135288431
0,49984023710,135377377
0,49986318136,135455204
0,49988612548,135398303
0,49990906958,135348515
0,49993201383,135429950
0,49995495794,135376206
0,49997790198,135329180
0,50000000000,135329180
