1160,1185,0,140927704
1160,1185,1000000,140927684
1160,1185,2000000,140927664
1160,1185,3000000,140927643
1160,1185,4000000,140927622
1160,1185,5000000,140927602
1160,1185,6000000,140927580
1160,1185,7000000,140927558
1160,1185,8000000,140927535
1160,1185,9000000,140927516
1160,1185,10000000,140927492
1160,1185,11000000,140927471
1160,1185,12000000,140927450
1160,1185,13000000,140927429
1160,1185,14000000,140927409
1160,1185,15000000,140927388
1160,1185,16000000,140927366
1160,1185,17000000,140927343
1160,1185,18000000,140927321
1160,1185,19000000,140927300
1160,1185,20000000,140927279
1160,1185,21000000,140927259
1160,1185,22000000,140927237
1160,1185,23000000,140927216
1160,1185,24000000,140927195
1160,1185,25000000,140927173
1160,1185,26000000,140927152
1160,1185,27000000,140927132
1160,1185,28000000,140927112
1160,1185,29000000,140927091
1160,1185,30000000,140927071
1160,1185,31000000,140927049
1160,1185,32000000,140927027
1160,1185,33000000,140927007
1160,1185,34000000,140926985
1160,1185,35000000,140926964
1160,1185,36000000,140926944
1160,1185,37000000,140926923
1160,1185,38000000,140926901
1160,1185,39000000,140926879
1160,1185,40000000,140926857
1160,1185,41000000,140926836
1160,1185,42000000,140926815
1160,1185,43000000,140926793
1160,1185,44000000,140926772
1160,1185,45000000,140926752
1160,1185,46000000,140926730
1160,1185,47000000,140926707
1160,1185,48000000,140926684
1160,1185,49000000,140926662
1160,1185,50000000,140926641
1160,1185,51000000,140926621
1160,1185,52000000,140926600
1160,1185,53000000,140926579
1160,1185,54000000,140926559
1160,1185,55000000,140926537
1160,1185,56000000,140926515
1160,1185,57000000,140926495
1160,1185,58000000,140926473
1160,1185,59000000,140926452
1160,1185,60000000,140926433
1160,1185,61000000,140926412
1160,1185,62000000,140926390
1160,1185,63000000,140926369
1160,1185,64000000,140926348
1160,1185,65000000,140926326
1160,1185,66000000,140926307
1160,1185,67000000,140926286
1160,1185,68000000,140926265
1160,1185,69000000,140926244
1160,1185,70000000,140926221
1160,1185,71000000,140926200
1160,1185,72000000,140926178
1160,1185,73000000,140926155
1160,1185,74000000,140926134
1160,1185,75000000,140926114
1160,1185,76000000,140926093
1160,1185,77000000,140926071
1160,1185,78000000,140926048
1160,1185,79000000,140926027
1160,1185,80000000,140926004
1160,1185,81000000,140925984
1160,1185,82000000,140925962
1160,1185,83000000,140925941
1160,1185,84000000,140925921
1160,1185,85000000,140925900
1160,1185,86000000,140925878
1160,1185,87000000,140925857
1160,1185,88000000,140925836
1160,1185,89000000,140925815
1160,1185,90000000,140925796
1160,1185,91000000,140925775
1160,1185,92000000,140925754
1160,1185,93000000,140925734
1160,1185,94000000,140925712
1160,1185,95000000,140925691
1160,1185,96000000,140925670
1160,1185,97000000,140925648
1160,1185,98000000,140925628
1160,1185,99000000,140925607
1160,1185,100000000,140925584
1160,1185,101000000,140925563
1160,1185,102000000,140925543
1160,1185,103000000,140925520
1160,1185,104000000,140925497
1160,1185,105000000,140925477
1160,1185,106000000,140925455
1160,1185,107000000,140925433
1160,1185,108000000,140925411
1160,1185,109000000,140925390
1160,1185,110000000,140925369
1160,1185,111000000,140925347
1160,1185,112000000,140925326
1160,1185,113000000,140925306
1160,1185,114000000,140925285
1160,1185,115000000,140925264
1160,1185,116000000,140925243
1160,1185,117000000,140925224
1160,1185,118000000,140925202
1160,1185,119000000,140925181
1160,1185,120000000,140925160
1160,1185,121000000,140925138
1160,1185,122000000,140925117
1160,1185,123000000,140925097
1160,1185,124000000,140925077
1160,1185,125000000,140925056
1160,1185,126000000,140925036
1160,1185,127000000,140925016
1160,1185,128000000,140924992
1160,1185,129000000,140924970
1160,1185,130000000,140924948
1160,1185,131000000,140924927
1160,1185,132000000,140924906
1160,1185,133000000,140924884
1160,1185,134000000,140924862
1160,1185,135000000,140924842
1160,1185,136000000,140924822
1160,1185,137000000,140924799
1160,1185,138000000,140924775
1160,1185,139000000,140924756
1160,1185,140000000,140924735
1160,1185,141000000,140924713
1160,1185,142000000,140924692
1160,1185,143000000,140924671
1160,1185,144000000,140924650
1160,1185,145000000,140924629
1160,1185,146000000,140924609
1160,1185,147000000,140924588
1160,1185,148000000,140924568
1160,1185,149000000,140924547
1160,1185,150000000,140924525
1160,1185,151000000,140924505
1160,1185,152000000,140924483
1160,1185,153000000,140924462
1160,1185,154000000,140924441
1160,1185,155000000,140924420
1160,1185,156000000,140924399
1160,1185,157000000,140924380
1160,1185,158000000,140924359
1160,1185,159000000,140924334
1160,1185,160000000,140924313
1160,1185,161000000,140924294
1160,1185,162000000,140924271
1160,1185,163000000,140924249
1160,1185,164000000,140924229
1160,1185,165000000,140924209
1160,1185,166000000,140924187
1160,1185,167000000,140924166
1160,1185,168000000,140924142
1160,1185,169000000,140924121
1160,1185,170000000,140924101
1160,1185,171000000,140924079
1160,1185,172000000,140924058
1160,1185,173000000,140924038
1160,1185,174000000,140924016
1160,1185,175000000,140923995
1160,1185,176000000,140923973
1160,1185,177000000,140923953
1160,1185,178000000,140923932
1160,1185,179000000,140923912
1160,1185,180000000,140923892
1160,1185,181000000,140923870
1160,1185,182000000,140923849
1160,1185,183000000,140923828
1160,1185,184000000,140923807
1160,1185,185000000,140923786
1160,1185,186000000,140923766
1160,1185,187000000,140923746
1160,1185,188000000,140923725
1160,1185,189000000,140923702
1160,1185,190000000,140923680
1160,1185,191000000,140923659
1160,1185,192000000,140923637
1160,1185,193000000,140923615
1160,1185,194000000,140923594
1160,1185,195000000,140923574
1160,1185,196000000,140923553
1160,1185,197000000,140923530
1160,1185,198000000,140923508
1160,1185,199000000,140923488
1160,1185,200000000,140923465
1160,1185,201000000,140923444
1160,1185,202000000,140923425
1160,1185,203000000,140923404
1160,1185,204000000,140923383
1160,1185,205000000,140923363
1160,1185,206000000,140923341
1160,1185,207000000,140923320
1160,1185,208000000,140923300
1160,1185,209000000,140923280
1160,1185,210000000,140923258
1160,1185,211000000,140923240
1160,1185,212000000,140923219
1160,1185,213000000,140923198
1160,1185,214000000,140923177
1160,1185,215000000,140923157
1160,1185,216000000,140923134
1160,1185,217000000,140923115
1160,1185,218000000,140923093
1160,1185,219000000,140923071
1160,1185,220000000,140923050
1160,1185,221000000,140923030
1160,1185,222000000,140923007
1160,1185,223000000,140922985
1160,1185,224000000,140922964
1160,1185,225000000,140922943
1160,1185,226000000,140922922
1160,1185,227000000,140922899
1160,1185,228000000,140922879
1160,1185,229000000,140922857
1160,1185,230000000,140922837
1160,1185,231000000,140922814
1160,1185,232000000,140922793
1160,1185,233000000,140922771
1160,1185,234000000,140922752
1160,1185,235000000,140922732
1160,1185,236000000,140922711
1160,1185,237000000,140922691
1160,1185,238000000,140922669
1160,1185,239000000,140922648
1160,1185,240000000,140922627
1160,1185,241000000,140922606
1160,1185,242000000,140922585
1160,1185,243000000,140922566
1160,1185,244000000,140922546
1160,1185,245000000,140922525
1160,1185,246000000,140922504
1160,1185,247000000,140922483
1160,1185,248000000,140922459
1160,1185,249000000,140922437
1160,1185,250000000,140922418
1160,1185,251000000,140922395
1160,1185,252000000,140922373
1160,1185,253000000,140922353
1160,1185,254000000,140922334
1160,1185,255000000,140922310
1160,1185,256000000,140922288
1160,1185,257000000,140922265
1160,1185,258000000,140922245
1160,1185,259000000,140922224
1160,1185,260000000,140922203
1160,1185,261000000,140922182
1160,1185,262000000,140922160
1160,1185,263000000,140922141
1160,1185,264000000,140922119
1160,1185,265000000,140922099
1160,1185,266000000,140922078
1160,1185,267000000,140922058
1160,1185,268000000,140922036
1160,1185,269000000,140922016
1160,1185,270000000,140921995
1160,1185,271000000,140921973
1160,1185,272000000,140921952
1160,1185,273000000,140921933
1160,1185,274000000,140921912
1160,1185,275000000,140921890
1160,1185,276000000,140921870
1160,1185,277000000,140921849
1160,1185,278000000,140921825
1160,1185,279000000,140921803
1160,1185,280000000,140921784
1160,1185,281000000,140921762
1160,1185,282000000,140921740
1160,1185,283000000,140921720
1160,1185,284000000,140921699
1160,1185,285000000,140921677
1160,1185,286000000,140921654
1160,1185,287000000,140921633
1160,1185,288000000,140921611
1160,1185,289000000,140921591
1160,1185,290000000,140921570
1160,1185,291000000,140921549
1160,1185,292000000,140921528
1160,1185,293000000,140921508
1160,1185,294000000,140921486
1160,1185,295000000,140921465
1160,1185,296000000,140921444
1160,1185,297000000,140921424
1160,1185,298000000,140921403
1160,1185,299000000,140921382
1160,1185,300000000,140921362
1160,1185,301000000,140921341
1160,1185,302000000,140921321
1160,1185,303000000,140921299
1160,1185,304000000,140921278
1160,1185,305000000,140921256
1160,1185,306000000,140921235
1160,1185,307000000,140921215
1160,1185,308000000,140921192
1160,1185,309000000,140921173
1160,1185,310000000,140921151
1160,1185,311000000,140921130
1160,1185,312000000,140921107
1160,1185,313000000,140921086
1160,1185,314000000,140921064
1160,1185,315000000,140921043
1160,1185,316000000,140921022
1160,1185,317000000,140921002
1160,1185,318000000,140920979
1160,1185,319000000,140920958
1160,1185,320000000,140920936
1160,1185,321000000,140920915
1160,1185,322000000,140920893
1160,1185,323000000,140920874
1160,1185,324000000,140920855
1160,1185,325000000,140920833
1160,1185,326000000,140920813
1160,1185,327000000,140920791
1160,1185,328000000,140920770
1160,1185,329000000,140920748
1160,1185,330000000,140920728
1160,1185,331000000,140920709
1160,1185,332000000,140920688
1160,1185,333000000,140920668
1160,1185,334000000,140920647
1160,1185,335000000,140920624
1160,1185,336000000,140920602
1160,1185,337000000,140920580
1160,1185,338000000,140920560
1160,1185,339000000,140920538
1160,1185,340000000,140920519
1160,1185,341000000,140920498
1160,1185,342000000,140920475
1160,1185,343000000,140920453
1160,1185,344000000,140920432
1160,1185,345000000,140920410
1160,1185,346000000,140920387
1160,1185,347000000,140920367
1160,1185,348000000,140920347
1160,1185,349000000,140920325
1160,1185,350000000,140920305
1160,1185,351000000,140920284
1160,1185,352000000,140920262
1160,1185,353000000,140920241
1160,1185,354000000,140920221
1160,1185,355000000,140920200
1160,1185,356000000,140920180
1160,1185,357000000,140920160
1160,1185,358000000,140920140
1160,1185,359000000,140920118
1160,1185,360000000,140920097
1160,1185,361000000,140920076
1160,1185,362000000,140920055
1160,1185,363000000,140920034
1160,1185,364000000,140920015
1160,1185,365000000,140919994
1160,1185,366000000,140919971
1160,1185,367000000,140919949
1160,1185,368000000,140919927
1160,1185,369000000,140919906
1160,1185,370000000,140919884
1160,1185,371000000,140919864
1160,1185,372000000,140919844
1160,1185,373000000,140919821
1160,1185,374000000,140919801
1160,1185,375000000,140919777
1160,1185,376000000,140919755
1160,1185,377000000,140919734
1160,1185,378000000,140919715
1160,1185,379000000,140919694
1160,1185,380000000,140919673
1160,1185,381000000,140919653
1160,1185,382000000,140919632
1160,1185,383000000,140919610
1160,1185,384000000,140919589
1160,1185,385000000,140919569
1160,1185,386000000,140919548
1160,1185,387000000,140919528
1160,1185,388000000,140919508
1160,1185,389000000,140919488
1160,1185,390000000,140919465
1160,1185,391000000,140919444
1160,1185,392000000,140919424
1160,1185,393000000,140919403
1160,1185,394000000,140919379
1160,1185,395000000,140919360
1160,1185,396000000,140919340
1160,1185,397000000,140919318
1160,1185,398000000,140919298
1160,1185,399000000,140919276
1160,1185,400000000,140919255
1160,1185,401000000,140919232
1160,1185,402000000,140919211
1160,1185,403000000,140919192
1160,1185,404000000,140919169
1160,1185,405000000,140919149
1160,1185,406000000,140919128
1160,1185,407000000,140919108
1160,1185,408000000,140919085
1160,1185,409000000,140919064
1160,1185,410000000,140919045
1160,1185,411000000,140919025
1160,1185,412000000,140919004
1160,1185,413000000,140918984
1160,1185,414000000,140918962
1160,1185,415000000,140918940
1160,1185,416000000,140918919
1160,1185,417000000,140918900
1160,1185,418000000,140918879
1160,1185,419000000,140918858
1160,1185,420000000,140918838
1160,1185,421000000,140918818
1160,1185,422000000,140918796
1160,1185,423000000,140918772
1160,1185,424000000,140918753
1160,1185,425000000,140918731
1160,1185,426000000,140918710
1160,1185,427000000,140918689
1160,1185,428000000,140918669
1160,1185,429000000,140918645
1160,1185,430000000,140918625
1160,1185,431000000,140918605
1160,1185,432000000,140918585
1160,1185,433000000,140918561
1160,1185,434000000,140918541
1160,1185,435000000,140918521
1160,1185,436000000,140918499
1160,1185,437000000,140918478
1160,1185,438000000,140918457
1160,1185,439000000,140918438
1160,1185,440000000,140918415
1160,1185,441000000,140918395
1160,1185,442000000,140918374
1160,1185,443000000,140918354
1160,1185,444000000,140918333
1160,1185,445000000,140918313
1160,1185,446000000,140918293
1160,1185,447000000,140918270
1160,1185,448000000,140918249
1160,1185,449000000,140918230
1160,1185,450000000,140918209
1160,1185,451000000,140918187
1160,1185,452000000,140918166
1160,1185,453000000,140918147
1160,1185,454000000,140918124
1160,1185,455000000,140918105
1160,1185,456000000,140918083
1160,1185,457000000,140918062
1160,1185,458000000,140918039
1160,1185,459000000,140918018
1160,1185,460000000,140917997
1160,1185,461000000,140917976
1160,1185,462000000,140917954
1160,1185,463000000,140917933
1160,1185,464000000,140917912
1160,1185,465000000,140917890
1160,1185,466000000,140917868
1160,1185,467000000,140917848
1160,1185,468000000,140917830
1160,1185,469000000,140917808
1160,1185,470000000,140917787
1160,1185,471000000,140917766
1160,1185,472000000,140917744
1160,1185,473000000,140917724
1160,1185,474000000,140917705
1160,1185,475000000,140917686
1160,1185,476000000,140917664
1160,1185,477000000,140917644
1160,1185,478000000,140917624
1160,1185,479000000,140917604
1160,1185,480000000,140917581
1160,1185,481000000,140917560
1160,1185,482000000,140917540
1160,1185,483000000,140917518
1160,1185,484000000,140917496
1160,1185,485000000,140917475
1160,1185,486000000,140917455
1160,1185,487000000,140917433
1160,1185,488000000,140917411
1160,1185,489000000,140917390
1160,1185,490000000,140917369
1160,1185,491000000,140917346
1160,1185,492000000,140917326
1160,1185,493000000,140917306
1160,1185,494000000,140917284
1160,1185,495000000,140917263
1160,1185,496000000,140917241
1160,1185,497000000,140917221
1160,1185,498000000,140917200
1160,1185,499000000,140917180
1160,1185,500000000,140917160
1160,1185,501000000,140917139
1160,1185,502000000,140917118
1160,1185,503000000,140917098
1160,1185,504000000,140917077
1160,1185,505000000,140917057
1160,1185,506000000,140917035
1160,1185,507000000,140917015
1160,1185,508000000,140916995
1160,1185,509000000,140916973
1160,1185,510000000,140916951
1160,1185,511000000,140916931
1160,1185,512000000,140916909
1160,1185,513000000,140916886
1160,1185,514000000,140916865
1160,1185,515000000,140916846
1160,1185,516000000,140916827
1160,1185,517000000,140916803
1160,1185,518000000,140916780
1160,1185,519000000,140916760
1160,1185,520000000,140916737
1160,1185,521000000,140916715
1160,1185,522000000,140916697
1160,1185,523000000,140916677
1160,1185,524000000,140916655
1160,1185,525000000,140916633
1160,1185,526000000,140916613
1160,1185,527000000,140916593
1160,1185,528000000,140916570
1160,1185,529000000,140916551
1160,1185,530000000,140916531
1160,1185,531000000,140916511
1160,1185,532000000,140916489
1160,1185,533000000,140916468
1160,1185,534000000,140916448
1160,1185,535000000,140916428
1160,1185,536000000,140916406
1160,1185,537000000,140916385
1160,1185,538000000,140916364
1160,1185,539000000,140916343
1160,1185,540000000,140916322
1160,1185,541000000,140916301
1160,1185,542000000,140916279
1160,1185,543000000,140916257
1160,1185,544000000,140916236
1160,1185,545000000,140916217
1160,1185,546000000,140916195
1160,1185,547000000,140916172
1160,1185,548000000,140916152
1160,1185,549000000,140916130
1160,1185,550000000,140916111
1160,1185,551000000,140916088
1160,1185,552000000,140916067
1160,1185,553000000,140916047
1160,1185,554000000,140916026
1160,1185,555000000,140916005
1160,1185,556000000,140915985
1160,1185,557000000,140915964
1160,1185,558000000,140915943
1160,1185,559000000,140915921
1160,1185,560000000,140915901
1160,1185,561000000,140915881
1160,1185,562000000,140915860
1160,1185,563000000,140915840
1160,1185,564000000,140915820
1160,1185,565000000,140915799
1160,1185,566000000,140915775
1160,1185,567000000,140915754
1160,1185,568000000,140915735
1160,1185,569000000,140915715
1160,1185,570000000,140915692
1160,1185,571000000,140915671
1160,1185,572000000,140915650
1160,1185,573000000,140915631
1160,1185,574000000,140915608
1160,1185,575000000,140915586
1160,1185,576000000,140915565
1160,1185,577000000,140915545
1160,1185,578000000,140915522
1160,1185,579000000,140915502
1160,1185,580000000,140915482
1160,1185,581000000,140915462
1160,1185,582000000,140915439
1160,1185,583000000,140915418
1160,1185,584000000,140915399
1160,1185,585000000,140915377
1160,1185,586000000,140915357
1160,1185,587000000,140915337
1160,1185,588000000,140915317
1160,1185,589000000,140915294
1160,1185,590000000,140915274
1160,1185,591000000,140915253
1160,1185,592000000,140915235
1160,1185,593000000,140915213
1160,1185,594000000,140915193
1160,1185,595000000,140915173
1160,1185,596000000,140915151
1160,1185,597000000,140915129
1160,1185,598000000,140915109
1160,1185,599000000,140915087
1160,1185,600000000,140915067
1160,1185,601000000,140915045
1160,1185,602000000,140915025
1160,1185,603000000,140915003
1160,1185,604000000,140914982
1160,1185,605000000,140914960
1160,1185,606000000,140914941
1160,1185,607000000,140914918
1160,1185,608000000,140914898
1160,1185,609000000,140914875
1160,1185,610000000,140914855
1160,1185,611000000,140914836
1160,1185,612000000,140914816
1160,1185,613000000,140914793
1160,1185,614000000,140914772
1160,1185,615000000,140914751
1160,1185,616000000,140914731
1160,1185,617000000,140914711
1160,1185,618000000,140914692
1160,1185,619000000,140914672
1160,1185,620000000,140914651
1160,1185,621000000,140914629
1160,1185,622000000,140914610
1160,1185,623000000,140914588
1160,1185,624000000,140914567
1160,1185,625000000,140914545
1160,1185,626000000,140914525
1160,1185,627000000,140914506
1160,1185,628000000,140914482
1160,1185,629000000,140914461
1160,1185,630000000,140914441
1160,1185,631000000,140914419
1160,1185,632000000,140914397
1160,1185,633000000,140914375
1160,1185,634000000,140914355
1160,1185,635000000,140914336
1160,1185,636000000,140914314
1160,1185,637000000,140914290
1160,1185,638000000,140914271
1160,1185,639000000,140914250
1160,1185,640000000,140914229
1160,1185,641000000,140914208
1160,1185,642000000,140914188
1160,1185,643000000,140914168
1160,1185,644000000,140914148
1160,1185,645000000,140914126
1160,1185,646000000,140914105
1160,1185,647000000,140914085
1160,1185,648000000,140914065
1160,1185,649000000,140914044
1160,1185,650000000,140914024
1160,1185,651000000,140914003
1160,1185,652000000,140913981
1160,1185,653000000,140913959
1160,1185,654000000,140913939
1160,1185,655000000,140913919
1160,1185,656000000,140913896
1160,1185,657000000,140913874
1160,1185,658000000,140913854
1160,1185,659000000,140913836
1160,1185,660000000,140913814
1160,1185,661000000,140913789
1160,1185,662000000,140913768
1160,1185,663000000,140913748
1160,1185,664000000,140913728
1160,1185,665000000,140913706
1160,1185,666000000,140913686
1160,1185,667000000,140913665
1160,1185,668000000,140913645
1160,1185,669000000,140913623
1160,1185,670000000,140913603
1160,1185,671000000,140913582
1160,1185,672000000,140913562
1160,1185,673000000,140913540
1160,1185,674000000,140913521
1160,1185,675000000,140913500
1160,1185,676000000,140913480
1160,1185,677000000,140913458
1160,1185,678000000,140913437
1160,1185,679000000,140913417
1160,1185,680000000,140913396
1160,1185,681000000,140913374
1160,1185,682000000,140913354
1160,1185,683000000,140913335
1160,1185,684000000,140913314
1160,1185,685000000,140913292
1160,1185,686000000,140913269
1160,1185,687000000,140913250
1160,1185,688000000,140913229
1160,1185,689000000,140913207
1160,1185,690000000,140913186
1160,1185,691000000,140913165
1160,1185,692000000,140913145
1160,1185,693000000,140913124
1160,1185,694000000,140913101
1160,1185,695000000,140913081
1160,1185,696000000,140913061
1160,1185,697000000,140913041
1160,1185,698000000,140913019
1160,1185,699000000,140912998
1160,1185,700000000,140912979
1160,1185,701000000,140912959
1160,1185,702000000,140912936
1160,1185,703000000,140912917
1160,1185,704000000,140912897
1160,1185,705000000,140912878
1160,1185,706000000,140912857
1160,1185,707000000,140912836
1160,1185,708000000,140912814
1160,1185,709000000,140912792
1160,1185,710000000,140912773
1160,1185,711000000,140912751
1160,1185,712000000,140912731
1160,1185,713000000,140912709
1160,1185,714000000,140912688
1160,1185,715000000,140912668
1160,1185,716000000,140912647
1160,1185,717000000,140912626
1160,1185,718000000,140912603
1160,1185,719000000,140912581
1160,1185,720000000,140912562
1160,1185,721000000,140912541
1160,1185,722000000,140912520
1160,1185,723000000,140912497
1160,1185,724000000,140912477
1160,1185,725000000,140912458
1160,1185,726000000,140912437
1160,1185,727000000,140912417
1160,1185,728000000,140912395
1160,1185,729000000,140912375
1160,1185,730000000,140912356
1160,1185,731000000,140912335
1160,1185,732000000,140912313
1160,1185,733000000,140912292
1160,1185,734000000,140912272
1160,1185,735000000,140912253
1160,1185,736000000,140912230
1160,1185,737000000,140912211
1160,1185,738000000,140912189
1160,1185,739000000,140912169
1160,1185,740000000,140912148
1160,1185,741000000,140912126
1160,1185,742000000,140912104
1160,1185,743000000,140912085
1160,1185,744000000,140912064
1160,1185,745000000,140912043
1160,1185,746000000,140912020
1160,1185,747000000,140911999
1160,1185,748000000,140911980
1160,1185,749000000,140911958
1160,1185,750000000,140911936
1160,1185,751000000,140911915
1160,1185,752000000,140911895
1160,1185,753000000,140911873
1160,1185,754000000,140911854
1160,1185,755000000,140911833
1160,1185,756000000,140911812
1160,1185,757000000,140911789
1160,1185,758000000,140911769
1160,1185,759000000,140911751
1160,1185,760000000,140911731
1160,1185,761000000,140911710
1160,1185,762000000,140911688
1160,1185,763000000,140911668
1160,1185,764000000,140911649
1160,1185,765000000,140911628
1160,1185,766000000,140911604
1160,1185,767000000,140911584
1160,1185,768000000,140911564
1160,1185,769000000,140911544
1160,1185,770000000,140911520
1160,1185,771000000,140911500
1160,1185,772000000,140911479
1160,1185,773000000,140911459
1160,1185,774000000,140911437
1160,1185,775000000,140911415
1160,1185,776000000,140911395
1160,1185,777000000,140911375
1160,1185,778000000,140911354
1160,1185,779000000,140911331
1160,1185,780000000,140911311
1160,1185,781000000,140911290
1160,1185,782000000,140911270
1160,1185,783000000,140911249
1160,1185,784000000,140911228
1160,1185,785000000,140911207
1160,1185,786000000,140911188
1160,1185,787000000,140911168
1160,1185,788000000,140911147
1160,1185,789000000,140911126
1160,1185,790000000,140911106
1160,1185,791000000,140911087
1160,1185,792000000,140911065
1160,1185,793000000,140911044
1160,1185,794000000,140911022
1160,1185,795000000,140911002
1160,1185,796000000,140910982
1160,1185,797000000,140910960
1160,1185,798000000,140910939
1160,1185,799000000,140910918
1160,1185,800000000,140910897
1160,1185,801000000,140910877
1160,1185,802000000,140910856
1160,1185,803000000,140910834
1160,1185,804000000,140910813
1160,1185,805000000,140910792
1160,1185,806000000,140910771
1160,1185,807000000,140910751
1160,1185,808000000,140910731
1160,1185,809000000,140910710
1160,1185,810000000,140910688
1160,1185,811000000,140910669
1160,1185,812000000,140910648
1160,1185,813000000,140910627
1160,1185,814000000,140910606
1160,1185,815000000,140910585
1160,1185,816000000,140910566
1160,1185,817000000,140910545
1160,1185,818000000,140910525
1160,1185,819000000,140910503
1160,1185,820000000,140910482
1160,1185,821000000,140910462
1160,1185,822000000,140910441
1160,1185,823000000,140910420
1160,1185,824000000,140910399
1160,1185,825000000,140910379
1160,1185,826000000,140910358
1160,1185,827000000,140910337
1160,1185,828000000,140910313
1160,1185,829000000,140910294
1160,1185,830000000,140910273
1160,1185,831000000,140910252
1160,1185,832000000,140910231
1160,1185,833000000,140910210
1160,1185,834000000,140910190
1160,1185,835000000,140910169
1160,1185,836000000,140910148
1160,1185,837000000,140910126
1160,1185,838000000,140910106
1160,1185,839000000,140910086
1160,1185,840000000,140910065
1160,1185,841000000,140910043
1160,1185,842000000,140910023
1160,1185,843000000,140910004
1160,1185,844000000,140909983
1160,1185,845000000,140909963
1160,1185,846000000,140909940
1160,1185,847000000,140909921
1160,1185,848000000,140909901
1160,1185,849000000,140909880
1160,1185,850000000,140909858
1160,1185,851000000,140909835
1160,1185,852000000,140909817
1160,1185,853000000,140909796
1160,1185,854000000,140909776
1160,1185,855000000,140909754
1160,1185,856000000,140909731
1160,1185,857000000,140909713
1160,1185,858000000,140909692
1160,1185,859000000,140909671
1160,1185,860000000,140909647
1160,1185,861000000,140909628
1160,1185,862000000,140909608
1160,1185,863000000,140909587
1160,1185,864000000,140909565
1160,1185,865000000,140909543
1160,1185,866000000,140909524
1160,1185,867000000,140909504
1160,1185,868000000,140909483
1160,1185,869000000,140909461
1160,1185,870000000,140909441
1160,1185,871000000,140909421
1160,1185,872000000,140909402
1160,1185,873000000,140909380
1160,1185,874000000,140909358
1160,1185,875000000,140909338
1160,1185,876000000,140909317
1160,1185,877000000,140909297
1160,1185,878000000,140909276
1160,1185,879000000,140909256
1160,1185,880000000,140909235
1160,1185,881000000,140909215
1160,1185,882000000,140909195
1160,1185,883000000,140909172
1160,1185,884000000,140909150
1160,1185,885000000,140909129
1160,1185,886000000,140909110
1160,1185,887000000,140909088
1160,1185,888000000,140909066
1160,1185,889000000,140909046
1160,1185,890000000,140909025
1160,1185,891000000,140909004
1160,1185,892000000,140908984
1160,1185,893000000,140908962
1160,1185,894000000,140908942
1160,1185,895000000,140908921
1160,1185,896000000,140908902
1160,1185,897000000,140908881
1160,1185,898000000,140908859
1160,1185,899000000,140908838
1160,1185,900000000,140908818
1160,1185,901000000,140908800
1160,1185,902000000,140908778
1160,1185,903000000,140908757
1160,1185,904000000,140908736
1160,1185,905000000,140908716
1160,1185,906000000,140908696
1160,1185,907000000,140908673
1160,1185,908000000,140908653
1160,1185,909000000,140908632
1160,1185,910000000,140908614
1160,1185,911000000,140908591
1160,1185,912000000,140908568
1160,1185,913000000,140908547
1160,1185,914000000,140908529
1160,1185,915000000,140908508
1160,1185,916000000,140908487
1160,1185,917000000,140908465
1160,1185,918000000,140908445
1160,1185,919000000,140908424
1160,1185,920000000,140908404
1160,1185,921000000,140908382
1160,1185,922000000,140908360
1160,1185,923000000,140908340
1160,1185,924000000,140908320
1160,1185,925000000,140908301
1160,1185,926000000,140908279
1160,1185,927000000,140908259
1160,1185,928000000,140908239
1160,1185,929000000,140908220
1160,1185,930000000,140908198
1160,1185,931000000,140908177
1160,1185,932000000,140908156
1160,1185,933000000,140908135
1160,1185,934000000,140908117
1160,1185,935000000,140908094
1160,1185,936000000,140908074
1160,1185,937000000,140908053
1160,1185,938000000,140908032
1160,1185,939000000,140908012
1160,1185,940000000,140907990
1160,1185,941000000,140907968
1160,1185,942000000,140907948
1160,1185,943000000,140907928
1160,1185,944000000,140907908
1160,1185,945000000,140907886
1160,1185,946000000,140907863
1160,1185,947000000,140907842
1160,1185,948000000,140907824
1160,1185,949000000,140907804
1160,1185,950000000,140907782
1160,1185,951000000,140907760
1160,1185,952000000,140907740
1160,1185,953000000,140907722
1160,1185,954000000,140907701
1160,1185,955000000,140907679
1160,1185,956000000,140907658
1160,1185,957000000,140907640
1160,1185,958000000,140907619
1160,1185,959000000,140907597
1160,1185,960000000,140907576
1160,1185,961000000,140907555
1160,1185,962000000,140907535
1160,1185,963000000,140907515
1160,1185,964000000,140907494
1160,1185,965000000,140907473
1160,1185,966000000,140907452
1160,1185,967000000,140907430
1160,1185,968000000,140907410
1160,1185,969000000,140907388
1160,1185,970000000,140907367
1160,1185,971000000,140907346
1160,1185,972000000,140907326
1160,1185,973000000,140907307
1160,1185,974000000,140907284
1160,1185,975000000,140907263
1160,1185,976000000,140907243
1160,1185,977000000,140907223
1160,1185,978000000,140907202
1160,1185,979000000,140907181
1160,1185,980000000,140907161
1160,1185,981000000,140907140
1160,1185,982000000,140907119
1160,1185,983000000,140907099
1160,1185,984000000,140907079
1160,1185,985000000,140907059
1160,1185,986000000,140907039
1160,1185,987000000,140907018
1160,1185,988000000,140906996
1160,1185,989000000,140906977
1160,1185,990000000,140906958
1160,1185,991000000,140906936
1160,1185,992000000,140906914
1160,1185,993000000,140906893
1160,1185,994000000,140906874
1160,1185,995000000,140906852
1160,1185,996000000,140906830
1160,1185,997000000,140906810
1160,1185,998000000,140906793
1160,1185,999000000,140906772
1160,1185,1000000000,140906751
1160,1185,1001000000,140906729
1160,1185,1002000000,140906707
1160,1185,1003000000,140906688
1160,1185,1004000000,140906668
1160,1185,1005000000,140906646
1160,1185,1006000000,140906624
1160,1185,1007000000,140906605
1160,1185,1008000000,140906585
1160,1185,1009000000,140906564
1160,1185,1010000000,140906543
1160,1185,1011000000,140906522
1160,1185,1012000000,140906503
1160,1185,1013000000,140906483
1160,1185,1014000000,140906461
1160,1185,1015000000,140906441
1160,1185,1016000000,140906418
1160,1185,1017000000,140906398
1160,1185,1018000000,140906378
1160,1185,1019000000,140906360
1160,1185,1020000000,140906339
1160,1185,1021000000,140906318
1160,1185,1022000000,140906295
1160,1185,1023000000,140906276
1160,1185,1024000000,140906255
1160,1185,1025000000,140906234
1160,1185,1026000000,140906213
1160,1185,1027000000,140906192
1160,1185,1028000000,140906172
1160,1185,1029000000,140906151
1160,1185,1030000000,140906129
1160,1185,1031000000,140906109
1160,1185,1032000000,140906088
1160,1185,1033000000,140906067
1160,1185,1034000000,140906049
1160,1185,1035000000,140906028
1160,1185,1036000000,140906007
1160,1185,1037000000,140905986
1160,1185,1038000000,140905966
1160,1185,1039000000,140905946
1160,1185,1040000000,140905925
1160,1185,1041000000,140905904
1160,1185,1042000000,140905884
1160,1185,1043000000,140905863
1160,1185,1044000000,140905842
1160,1185,1045000000,140905822
1160,1185,1046000000,140905802
1160,1185,1047000000,140905782
1160,1185,1048000000,140905760
1160,1185,1049000000,140905739
1160,1185,1050000000,140905717
1160,1185,1051000000,140905698
1160,1185,1052000000,140905676
1160,1185,1053000000,140905654
1160,1185,1054000000,140905634
1160,1185,1055000000,140905615
1160,1185,1056000000,140905594
1160,1185,1057000000,140905572
1160,1185,1058000000,140905550
1160,1185,1059000000,140905530
1160,1185,1060000000,140905511
1160,1185,1061000000,140905490
1160,1185,1062000000,140905470
1160,1185,1063000000,140905447
1160,1185,1064000000,140905427
1160,1185,1065000000,140905407
1160,1185,1066000000,140905387
1160,1185,1067000000,140905368
1160,1185,1068000000,140905347
1160,1185,1069000000,140905325
1160,1185,1070000000,140905304
1160,1185,1071000000,140905285
1160,1185,1072000000,140905263
1160,1185,1073000000,140905243
1160,1185,1074000000,140905224
1160,1185,1075000000,140905202
1160,1185,1076000000,140905180
1160,1185,1077000000,140905159
1160,1185,1078000000,140905139
1160,1185,1079000000,140905118
1160,1185,1080000000,140905096
1160,1185,1081000000,140905077
1160,1185,1082000000,140905056
1160,1185,1083000000,140905036
1160,1185,1084000000,140905015
1160,1185,1085000000,140904993
1160,1185,1086000000,140904972
1160,1185,1087000000,140904951
1160,1185,1088000000,140904931
1160,1185,1089000000,140904911
1160,1185,1090000000,140904891
1160,1185,1091000000,140904869
1160,1185,1092000000,140904849
1160,1185,1093000000,140904829
1160,1185,1094000000,140904811
1160,1185,1095000000,140904789
1160,1185,1096000000,140904766
1160,1185,1097000000,140904746
1160,1185,1098000000,140904727
1160,1185,1099000000,140904705
1160,1185,1100000000,140904684
1160,1185,1101000000,140904664
1160,1185,1102000000,140904644
1160,1185,1103000000,140904623
1160,1185,1104000000,140904602
1160,1185,1105000000,140904580
1160,1185,1106000000,140904560
1160,1185,1107000000,140904540
1160,1185,1108000000,140904518
1160,1185,1109000000,140904499
1160,1185,1110000000,140904477
1160,1185,1111000000,140904457
1160,1185,1112000000,140904435
1160,1185,1113000000,140904414
1160,1185,1114000000,140904393
1160,1185,1115000000,140904374
1160,1185,1116000000,140904354
1160,1185,1117000000,140904334
1160,1185,1118000000,140904313
1160,1185,1119000000,140904291
1160,1185,1120000000,140904271
1160,1185,1121000000,140904252
1160,1185,1122000000,140904232
1160,1185,1123000000,140904211
1160,1185,1124000000,140904189
1160,1185,1125000000,140904169
1160,1185,1126000000,140904149
1160,1185,1127000000,140904129
1160,1185,1128000000,140904109
1160,1185,1129000000,140904087
1160,1185,1130000000,140904066
1160,1185,1131000000,140904046
1160,1185,1132000000,140904025
1160,1185,1133000000,140904002
1160,1185,1134000000,140903981
1160,1185,1135000000,140903962
1160,1185,1136000000,140903942
1160,1185,1137000000,140903921
1160,1185,1138000000,140903900
1160,1185,1139000000,140903881
1160,1185,1140000000,140903859
1160,1185,1141000000,140903838
1160,1185,1142000000,140903817
1160,1185,1143000000,140903796
1160,1185,1144000000,140903779
1160,1185,1145000000,140903757
1160,1185,1146000000,140903735
1160,1185,1147000000,140903715
1160,1185,1148000000,140903696
1160,1185,1149000000,140903676
1160,1185,1150000000,140903655
1160,1185,1151000000,140903634
1160,1185,1152000000,140903613
1160,1185,1153000000,140903592
1160,1185,1154000000,140903572
1160,1185,1155000000,140903552
1160,1185,1156000000,140903533
1160,1185,1157000000,140903509
1160,1185,1158000000,140903489
1160,1185,1159000000,140903467
1160,1185,1160000000,140903447
1160,1185,1161000000,140903426
1160,1185,1162000000,140903407
1160,1185,1163000000,140903386
1160,1185,1164000000,140903367
1160,1185,1165000000,140903346
1160,1185,1166000000,140903325
1160,1185,1167000000,140903303
1160,1185,1168000000,140903284
1160,1185,1169000000,140903263
1160,1185,1170000000,140903242
1160,1185,1171000000,140903222
1160,1185,1172000000,140903203
1160,1185,1173000000,140903183
1160,1185,1174000000,140903161
1160,1185,1175000000,140903141
1160,1185,1176000000,140903120
1160,1185,1177000000,140903101
1160,1185,1178000000,140903079
1160,1185,1179000000,140903058
1160,1185,1180000000,140903036
1160,1185,1181000000,140903017
1160,1185,1182000000,140902996
1160,1185,1183000000,140902977
1160,1185,1184000000,140902957
1160,1185,1185000000,140902937
1160,1185,1186000000,140902915
1160,1185,1187000000,140902893
1160,1185,1188000000,140902874
1160,1185,1189000000,140902852
1160,1185,1190000000,140902832
1160,1185,1191000000,140902812
1160,1185,1192000000,140902792
1160,1185,1193000000,140902770
1160,1185,1194000000,140902748
1160,1185,1195000000,140902729
1160,1185,1196000000,140902710
1160,1185,1197000000,140902689
1160,1185,1198000000,140902668
1160,1185,1199000000,140902648
1160,1185,1200000000,140902627
1160,1185,1201000000,140902607
1160,1185,1202000000,140902586
1160,1185,1203000000,140902566
1160,1185,1204000000,140902545
1160,1185,1205000000,140902524
1160,1185,1206000000,140902503
1160,1185,1207000000,140902483
1160,1185,1208000000,140902463
1160,1185,1209000000,140902443
1160,1185,1210000000,140902423
1160,1185,1211000000,140902403
1160,1185,1212000000,140902381
1160,1185,1213000000,140902359
1160,1185,1214000000,140902338
1160,1185,1215000000,140902319
1160,1185,1216000000,140902296
1160,1185,1217000000,140902277
1160,1185,1218000000,140902256
1160,1185,1219000000,140902236
1160,1185,1220000000,140902215
1160,1185,1221000000,140902196
1160,1185,1222000000,140902172
1160,1185,1223000000,140902153
1160,1185,1224000000,140902132
1160,1185,1225000000,140902112
1160,1185,1226000000,140902092
1160,1185,1227000000,140902070
1160,1185,1228000000,140902050
1160,1185,1229000000,140902030
1160,1185,1230000000,140902009
1160,1185,1231000000,140901989
1160,1185,1232000000,140901969
1160,1185,1233000000,140901948
1160,1185,1234000000,140901927
1160,1185,1235000000,140901909
1160,1185,1236000000,140901887
1160,1185,1237000000,140901866
1160,1185,1238000000,140901845
1160,1185,1239000000,140901826
1160,1185,1240000000,140901804
1160,1185,1241000000,140901781
1160,1185,1242000000,140901762
1160,1185,1243000000,140901742
1160,1185,1244000000,140901721
1160,1185,1245000000,140901701
1160,1185,1246000000,140901682
1160,1185,1247000000,140901660
1160,1185,1248000000,140901639
1160,1185,1249000000,140901616
1160,1185,1250000000,140901596
1160,1185,1251000000,140901576
1160,1185,1252000000,140901556
1160,1185,1253000000,140901536
1160,1185,1254000000,140901517
1160,1185,1255000000,140901494
1160,1185,1256000000,140901474
1160,1185,1257000000,140901455
1160,1185,1258000000,140901436
1160,1185,1259000000,140901413
1160,1185,1260000000,140901392
1160,1185,1261000000,140901372
1160,1185,1262000000,140901352
1160,1185,1263000000,140901330
1160,1185,1264000000,140901311
1160,1185,1265000000,140901291
1160,1185,1266000000,140901270
1160,1185,1267000000,140901249
1160,1185,1268000000,140901226
1160,1185,1269000000,140901206
1160,1185,1270000000,140901186
1160,1185,1271000000,140901167
1160,1185,1272000000,140901145
1160,1185,1273000000,140901126
1160,1185,1274000000,140901103
1160,1185,1275000000,140901083
1160,1185,1276000000,140901061
1160,1185,1277000000,140901042
1160,1185,1278000000,140901021
1160,1185,1279000000,140901001
1160,1185,1280000000,140900981
1160,1185,1281000000,140900962
1160,1185,1282000000,140900941
1160,1185,1283000000,140900919
1160,1185,1284000000,140900901
1160,1185,1285000000,140900881
1160,1185,1286000000,140900858
1160,1185,1287000000,140900836
1160,1185,1288000000,140900818
1160,1185,1289000000,140900798
1160,1185,1290000000,140900778
1160,1185,1291000000,140900756
1160,1185,1292000000,140900737
1160,1185,1293000000,140900716
1160,1185,1294000000,140900694
1160,1185,1295000000,140900672
1160,1185,1296000000,140900653
1160,1185,1297000000,140900631
1160,1185,1298000000,140900610
1160,1185,1299000000,140900592
1160,1185,1300000000,140900572
1160,1185,1301000000,140900549
1160,1185,1302000000,140900530
1160,1185,1303000000,140900509
1160,1185,1304000000,140900489
1160,1185,1305000000,140900469
1160,1185,1306000000,140900447
1160,1185,1307000000,140900427
1160,1185,1308000000,140900407
1160,1185,1309000000,140900386
1160,1185,1310000000,140900366
1160,1185,1311000000,140900345
1160,1185,1312000000,140900325
1160,1185,1313000000,140900306
1160,1185,1314000000,140900284
1160,1185,1315000000,140900264
1160,1185,1316000000,140900244
1160,1185,1317000000,140900224
1160,1185,1318000000,140900203
1160,1185,1319000000,140900183
1160,1185,1320000000,140900160
1160,1185,1321000000,140900139
1160,1185,1322000000,140900118
1160,1185,1323000000,140900099
1160,1185,1324000000,140900079
1160,1185,1325000000,140900058
1160,1185,1326000000,140900039
1160,1185,1327000000,140900018
1160,1185,1328000000,140899997
1160,1185,1329000000,140899978
1160,1185,1330000000,140899955
1160,1185,1331000000,140899934
1160,1185,1332000000,140899915
1160,1185,1333000000,140899894
1160,1185,1334000000,140899873
1160,1185,1335000000,140899853
1160,1185,1336000000,140899834
1160,1185,1337000000,140899813
1160,1185,1338000000,140899792
1160,1185,1339000000,140899770
1160,1185,1340000000,140899752
1160,1185,1341000000,140899730
1160,1185,1342000000,140899709
1160,1185,1343000000,140899691
1160,1185,1344000000,140899669
1160,1185,1345000000,140899647
1160,1185,1346000000,140899628
1160,1185,1347000000,140899608
1160,1185,1348000000,140899586
1160,1185,1349000000,140899564
1160,1185,1350000000,140899545
1160,1185,1351000000,140899526
1160,1185,1352000000,140899505
1160,1185,1353000000,140899484
1160,1185,1354000000,140899465
1160,1185,1355000000,140899443
1160,1185,1356000000,140899421
1160,1185,1357000000,140899400
1160,1185,1358000000,140899381
1160,1185,1359000000,140899360
1160,1185,1360000000,140899341
1160,1185,1361000000,140899320
1160,1185,1362000000,140899300
1160,1185,1363000000,140899279
1160,1185,1364000000,140899259
1160,1185,1365000000,140899239
1160,1185,1366000000,140899217
1160,1185,1367000000,140899195
1160,1185,1368000000,140899175
1160,1185,1369000000,140899155
1160,1185,1370000000,140899136
1160,1185,1371000000,140899115
1160,1185,1372000000,140899095
1160,1185,1373000000,140899075
1160,1185,1374000000,140899054
1160,1185,1375000000,140899034
1160,1185,1376000000,140899011
1160,1185,1377000000,140898992
1160,1185,1378000000,140898972
1160,1185,1379000000,140898952
1160,1185,1380000000,140898932
1160,1185,1381000000,140898912
1160,1185,1382000000,140898891
1160,1185,1383000000,140898872
1160,1185,1384000000,140898849
1160,1185,1385000000,140898829
1160,1185,1386000000,140898809
1160,1185,1387000000,140898789
1160,1185,1388000000,140898768
1160,1185,1389000000,140898748
1160,1185,1390000000,140898726
1160,1185,1391000000,140898706
1160,1185,1392000000,140898686
1160,1185,1393000000,140898667
1160,1185,1394000000,140898646
1160,1185,1395000000,140898626
1160,1185,1396000000,140898607
1160,1185,1397000000,140898588
1160,1185,1398000000,140898567
1160,1185,1399000000,140898545
1160,1185,1400000000,140898524
1160,1185,1401000000,140898505
1160,1185,1402000000,140898483
1160,1185,1403000000,140898461
1160,1185,1404000000,140898442
1160,1185,1405000000,140898421
1160,1185,1406000000,140898402
1160,1185,1407000000,140898381
1160,1185,1408000000,140898362
1160,1185,1409000000,140898340
1160,1185,1410000000,140898319
1160,1185,1411000000,140898299
1160,1185,1412000000,140898277
1160,1185,1413000000,140898258
1160,1185,1414000000,140898237
1160,1185,1415000000,140898218
1160,1185,1416000000,140898198
1160,1185,1417000000,140898177
1160,1185,1418000000,140898157
1160,1185,1419000000,140898137
1160,1185,1420000000,140898116
1160,1185,1421000000,140898095
1160,1185,1422000000,140898076
1160,1185,1423000000,140898055
1160,1185,1424000000,140898034
1160,1185,1425000000,140898014
1160,1185,1426000000,140897993
1160,1185,1427000000,140897971
1160,1185,1428000000,140897951
1160,1185,1429000000,140897932
1160,1185,1430000000,140897911
1160,1185,1431000000,140897889
1160,1185,1432000000,140897871
1160,1185,1433000000,140897850
1160,1185,1434000000,140897830
1160,1185,1435000000,140897808
1160,1185,1436000000,140897789
1160,1185,1437000000,140897766
1160,1185,1438000000,140897745
1160,1185,1439000000,140897726
1160,1185,1440000000,140897706
1160,1185,1441000000,140897685
1160,1185,1442000000,140897666
1160,1185,1443000000,140897645
1160,1185,1444000000,140897625
1160,1185,1445000000,140897605
1160,1185,1446000000,140897583
1160,1185,1447000000,140897562
1160,1185,1448000000,140897543
1160,1185,1449000000,140897522
1160,1185,1450000000,140897501
1160,1185,1451000000,140897482
1160,1185,1452000000,140897462
1160,1185,1453000000,140897442
1160,1185,1454000000,140897420
1160,1185,1455000000,140897400
1160,1185,1456000000,140897379
1160,1185,1457000000,140897359
1160,1185,1458000000,140897338
1160,1185,1459000000,140897318
1160,1185,1460000000,140897297
1160,1185,1461000000,140897278
1160,1185,1462000000,140897256
1160,1185,1463000000,140897237
1160,1185,1464000000,140897215
1160,1185,1465000000,140897195
1160,1185,1466000000,140897175
1160,1185,1467000000,140897155
1160,1185,1468000000,140897136
1160,1185,1469000000,140897115
1160,1185,1470000000,140897093
1160,1185,1471000000,140897074
1160,1185,1472000000,140897051
1160,1185,1473000000,140897031
1160,1185,1474000000,140897011
1160,1185,1475000000,140896991
1160,1185,1476000000,140896971
1160,1185,1477000000,140896951
1160,1185,1478000000,140896930
1160,1185,1479000000,140896909
1160,1185,1480000000,140896890
1160,1185,1481000000,140896868
1160,1185,1482000000,140896847
1160,1185,1483000000,140896827
1160,1185,1484000000,140896806
1160,1185,1485000000,140896785
1160,1185,1486000000,140896765
1160,1185,1487000000,140896747
1160,1185,1488000000,140896726
1160,1185,1489000000,140896704
1160,1185,1490000000,140896685
1160,1185,1491000000,140896664
1160,1185,1492000000,140896644
1160,1185,1493000000,140896622
1160,1185,1494000000,140896603
1160,1185,1495000000,140896583
1160,1185,1496000000,140896562
1160,1185,1497000000,140896541
1160,1185,1498000000,140896520
1160,1185,1499000000,140896501
1160,1185,1500000000,140896481
1160,1185,1501000000,140896459
1160,1185,1502000000,140896440
1160,1185,1503000000,140896419
1160,1185,1504000000,140896400
1160,1185,1505000000,140896379
1160,1185,1506000000,140896356
1160,1185,1507000000,140896336
1160,1185,1508000000,140896316
1160,1185,1509000000,140896296
1160,1185,1510000000,140896275
1160,1185,1511000000,140896254
1160,1185,1512000000,140896235
1160,1185,1513000000,140896215
1160,1185,1514000000,140896195
1160,1185,1515000000,140896175
1160,1185,1516000000,140896153
1160,1185,1517000000,140896133
1160,1185,1518000000,140896112
1160,1185,1519000000,140896090
1160,1185,1520000000,140896071
1160,1185,1521000000,140896052
1160,1185,1522000000,140896031
1160,1185,1523000000,140896011
1160,1185,1524000000,140895991
1160,1185,1525000000,140895970
1160,1185,1526000000,140895947
1160,1185,1527000000,140895929
1160,1185,1528000000,140895908
1160,1185,1529000000,140895888
1160,1185,1530000000,140895868
1160,1185,1531000000,140895846
1160,1185,1532000000,140895826
1160,1185,1533000000,140895807
1160,1185,1534000000,140895785
1160,1185,1535000000,140895764
1160,1185,1536000000,140895744
1160,1185,1537000000,140895725
1160,1185,1538000000,140895705
1160,1185,1539000000,140895684
1160,1185,1540000000,140895664
1160,1185,1541000000,140895644
1160,1185,1542000000,140895622
1160,1185,1543000000,140895602
1160,1185,1544000000,140895580
1160,1185,1545000000,140895560
1160,1185,1546000000,140895542
1160,1185,1547000000,140895521
1160,1185,1548000000,140895500
1160,1185,1549000000,140895480
1160,1185,1550000000,140895460
1160,1185,1551000000,140895438
1160,1185,1552000000,140895418
1160,1185,1553000000,140895396
1160,1185,1554000000,140895376
1160,1185,1555000000,140895357
1160,1185,1556000000,140895338
1160,1185,1557000000,140895316
1160,1185,1558000000,140895296
1160,1185,1559000000,140895275
1160,1185,1560000000,140895256
1160,1185,1561000000,140895235
1160,1185,1562000000,140895213
1160,1185,1563000000,140895193
1160,1185,1564000000,140895174
1160,1185,1565000000,140895152
1160,1185,1566000000,140895132
1160,1185,1567000000,140895113
1160,1185,1568000000,140895092
1160,1185,1569000000,140895073
1160,1185,1570000000,140895051
1160,1185,1571000000,140895030
1160,1185,1572000000,140895010
1160,1185,1573000000,140894991
1160,1185,1574000000,140894970
1160,1185,1575000000,140894949
1160,1185,1576000000,140894929
1160,1185,1577000000,140894908
1160,1185,1578000000,140894889
1160,1185,1579000000,140894869
1160,1185,1580000000,140894848
1160,1185,1581000000,140894828
1160,1185,1582000000,140894810
1160,1185,1583000000,140894790
1160,1185,1584000000,140894768
1160,1185,1585000000,140894749
1160,1185,1586000000,140894727
1160,1185,1587000000,140894706
1160,1185,1588000000,140894684
1160,1185,1589000000,140894665
1160,1185,1590000000,140894645
1160,1185,1591000000,140894626
1160,1185,1592000000,140894607
1160,1185,1593000000,140894586
1160,1185,1594000000,140894566
1160,1185,1595000000,140894545
1160,1185,1596000000,140894524
1160,1185,1597000000,140894502
1160,1185,1598000000,140894483
1160,1185,1599000000,140894462
1160,1185,1600000000,140894442
1160,1185,1601000000,140894423
1160,1185,1602000000,140894402
1160,1185,1603000000,140894380
1160,1185,1604000000,140894360
1160,1185,1605000000,140894341
1160,1185,1606000000,140894321
1160,1185,1607000000,140894302
1160,1185,1608000000,140894283
1160,1185,1609000000,140894262
1160,1185,1610000000,140894241
1160,1185,1611000000,140894218
1160,1185,1612000000,140894199
1160,1185,1613000000,140894178
1160,1185,1614000000,140894159
1160,1185,1615000000,140894138
1160,1185,1616000000,140894118
1160,1185,1617000000,140894098
1160,1185,1618000000,140894079
1160,1185,1619000000,140894058
1160,1185,1620000000,140894038
1160,1185,1621000000,140894017
1160,1185,1622000000,140893996
1160,1185,1623000000,140893973
1160,1185,1624000000,140893955
1160,1185,1625000000,140893935
1160,1185,1626000000,140893915
1160,1185,1627000000,140893896
1160,1185,1628000000,140893876
1160,1185,1629000000,140893854
1160,1185,1630000000,140893836
1160,1185,1631000000,140893814
1160,1185,1632000000,140893792
1160,1185,1633000000,140893774
1160,1185,1634000000,140893754
1160,1185,1635000000,140893731
1160,1185,1636000000,140893712
1160,1185,1637000000,140893691
1160,1185,1638000000,140893671
1160,1185,1639000000,140893652
1160,1185,1640000000,140893630
1160,1185,1641000000,140893611
1160,1185,1642000000,140893590
1160,1185,1643000000,140893570
1160,1185,1644000000,140893549
1160,1185,1645000000,140893529
1160,1185,1646000000,140893508
1160,1185,1647000000,140893489
1160,1185,1648000000,140893468
1160,1185,1649000000,140893448
1160,1185,1650000000,140893426
1160,1185,1651000000,140893406
1160,1185,1652000000,140893387
1160,1185,1653000000,140893368
1160,1185,1654000000,140893347
1160,1185,1655000000,140893325
1160,1185,1656000000,140893305
1160,1185,1657000000,140893284
1160,1185,1658000000,140893263
1160,1185,1659000000,140893244
1160,1185,1660000000,140893223
1160,1185,1661000000,140893204
1160,1185,1662000000,140893184
1160,1185,1663000000,140893162
1160,1185,1664000000,140893142
1160,1185,1665000000,140893121
1160,1185,1666000000,140893101
1160,1185,1667000000,140893081
1160,1185,1668000000,140893061
1160,1185,1669000000,140893039
1160,1185,1670000000,140893019
1160,1185,1671000000,140893000
1160,1185,1672000000,140892980
1160,1185,1673000000,140892960
1160,1185,1674000000,140892939
1160,1185,1675000000,140892918
1160,1185,1676000000,140892899
1160,1185,1677000000,140892879
1160,1185,1678000000,140892857
1160,1185,1679000000,140892839
1160,1185,1680000000,140892819
1160,1185,1681000000,140892795
1160,1185,1682000000,140892775
1160,1185,1683000000,140892755
1160,1185,1684000000,140892735
1160,1185,1685000000,140892715
1160,1185,1686000000,140892695
1160,1185,1687000000,140892675
1160,1185,1688000000,140892654
1160,1185,1689000000,140892634
1160,1185,1690000000,140892613
1160,1185,1691000000,140892593
1160,1185,1692000000,140892571
1160,1185,1693000000,140892551
1160,1185,1694000000,140892531
1160,1185,1695000000,140892512
1160,1185,1696000000,140892490
1160,1185,1697000000,140892471
1160,1185,1698000000,140892452
1160,1185,1699000000,140892433
1160,1185,1700000000,140892412
1160,1185,1701000000,140892390
1160,1185,1702000000,140892369
1160,1185,1703000000,140892349
1160,1185,1704000000,140892328
1160,1185,1705000000,140892309
1160,1185,1706000000,140892288
1160,1185,1707000000,140892268
1160,1185,1708000000,140892248
1160,1185,1709000000,140892226
1160,1185,1710000000,140892207
1160,1185,1711000000,140892187
1160,1185,1712000000,140892167
1160,1185,1713000000,140892146
1160,1185,1714000000,140892126
1160,1185,1715000000,140892104
1160,1185,1716000000,140892085
1160,1185,1717000000,140892063
1160,1185,1718000000,140892043
1160,1185,1719000000,140892024
1160,1185,1720000000,140892003
1160,1185,1721000000,140891983
1160,1185,1722000000,140891965
1160,1185,1723000000,140891945
1160,1185,1724000000,140891924
1160,1185,1725000000,140891904
1160,1185,1726000000,140891883
1160,1185,1727000000,140891860
1160,1185,1728000000,140891840
1160,1185,1729000000,140891820
1160,1185,1730000000,140891800
1160,1185,1731000000,140891782
1160,1185,1732000000,140891762
1160,1185,1733000000,140891741
1160,1185,1734000000,140891720
1160,1185,1735000000,140891699
1160,1185,1736000000,140891678
1160,1185,1737000000,140891659
1160,1185,1738000000,140891638
1160,1185,1739000000,140891618
1160,1185,1740000000,140891597
1160,1185,1741000000,140891576
1160,1185,1742000000,140891556
1160,1185,1743000000,140891536
1160,1185,1744000000,140891516
1160,1185,1745000000,140891497
1160,1185,1746000000,140891477
1160,1185,1747000000,140891457
1160,1185,1748000000,140891435
1160,1185,1749000000,140891416
1160,1185,1750000000,140891395
1160,1185,1751000000,140891374
1160,1185,1752000000,140891354
1160,1185,1753000000,140891334
1160,1185,1754000000,140891313
1160,1185,1755000000,140891294
1160,1185,1756000000,140891274
1160,1185,1757000000,140891254
1160,1185,1758000000,140891234
1160,1185,1759000000,140891212
1160,1185,1760000000,140891191
1160,1185,1761000000,140891171
1160,1185,1762000000,140891150
1160,1185,1763000000,140891129
1160,1185,1764000000,140891111
1160,1185,1765000000,140891090
1160,1185,1766000000,140891069
1160,1185,1767000000,140891050
1160,1185,1768000000,140891030
1160,1185,1769000000,140891009
1160,1185,1770000000,140890991
1160,1185,1771000000,140890968
1160,1185,1772000000,140890947
1160,1185,1773000000,140890927
1160,1185,1774000000,140890907
1160,1185,1775000000,140890888
1160,1185,1776000000,140890869
1160,1185,1777000000,140890849
1160,1185,1778000000,140890830
1160,1185,1779000000,140890808
1160,1185,1780000000,140890787
1160,1185,1781000000,140890768
1160,1185,1782000000,140890747
1160,1185,1783000000,140890726
1160,1185,1784000000,140890707
1160,1185,1785000000,140890685
1160,1185,1786000000,140890666
1160,1185,1787000000,140890645
1160,1185,1788000000,140890624
1160,1185,1789000000,140890605
1160,1185,1790000000,140890586
1160,1185,1791000000,140890566
1160,1185,1792000000,140890546
1160,1185,1793000000,140890526
1160,1185,1794000000,140890504
1160,1185,1795000000,140890484
1160,1185,1796000000,140890462
1160,1185,1797000000,140890443
1160,1185,1798000000,140890422
1160,1185,1799000000,140890403
1160,1185,1800000000,140890383
1160,1185,1801000000,140890363
1160,1185,1802000000,140890343
1160,1185,1803000000,140890324
1160,1185,1804000000,140890302
1160,1185,1805000000,140890281
1160,1185,1806000000,140890261
1160,1185,1807000000,140890240
1160,1185,1808000000,140890220
1160,1185,1809000000,140890200
1160,1185,1810000000,140890179
1160,1185,1811000000,140890160
1160,1185,1812000000,140890137
1160,1185,1813000000,140890118
1160,1185,1814000000,140890099
1160,1185,1815000000,140890080
1160,1185,1816000000,140890061
1160,1185,1817000000,140890040
1160,1185,1818000000,140890018
1160,1185,1819000000,140889998
1160,1185,1820000000,140889977
1160,1185,1821000000,140889957
1160,1185,1822000000,140889938
1160,1185,1823000000,140889918
1160,1185,1824000000,140889897
1160,1185,1825000000,140889878
1160,1185,1826000000,140889857
1160,1185,1827000000,140889837
1160,1185,1828000000,140889817
1160,1185,1829000000,140889797
1160,1185,1830000000,140889776
1160,1185,1831000000,140889756
1160,1185,1832000000,140889735
1160,1185,1833000000,140889716
1160,1185,1834000000,140889696
1160,1185,1835000000,140889675
1160,1185,1836000000,140889657
1160,1185,1837000000,140889637
1160,1185,1838000000,140889616
1160,1185,1839000000,140889596
1160,1185,1840000000,140889574
1160,1185,1841000000,140889555
1160,1185,1842000000,140889534
1160,1185,1843000000,140889513
1160,1185,1844000000,140889493
1160,1185,1845000000,140889474
1160,1185,1846000000,140889454
1160,1185,1847000000,140889434
1160,1185,1848000000,140889414
1160,1185,1849000000,140889394
1160,1185,1850000000,140889372
1160,1185,1851000000,140889352
1160,1185,1852000000,140889333
1160,1185,1853000000,140889312
1160,1185,1854000000,140889292
1160,1185,1855000000,140889272
1160,1185,1856000000,140889253
1160,1185,1857000000,140889232
1160,1185,1858000000,140889211
1160,1185,1859000000,140889192
1160,1185,1860000000,140889173
1160,1185,1861000000,140889154
1160,1185,1862000000,140889135
1160,1185,1863000000,140889112
1160,1185,1864000000,140889090
1160,1185,1865000000,140889070
1160,1185,1866000000,140889050
1160,1185,1867000000,140889029
1160,1185,1868000000,140889012
1160,1185,1869000000,140888991
1160,1185,1870000000,140888972
1160,1185,1871000000,140888951
1160,1185,1872000000,140888931
1160,1185,1873000000,140888912
1160,1185,1874000000,140888891
1160,1185,1875000000,140888871
1160,1185,1876000000,140888851
1160,1185,1877000000,140888830
1160,1185,1878000000,140888811
1160,1185,1879000000,140888791
1160,1185,1880000000,140888770
1160,1185,1881000000,140888751
1160,1185,1882000000,140888731
1160,1185,1883000000,140888709
1160,1185,1884000000,140888690
1160,1185,1885000000,140888670
1160,1185,1886000000,140888649
1160,1185,1887000000,140888629
1160,1185,1888000000,140888607
1160,1185,1889000000,140888587
1160,1185,1890000000,140888567
1160,1185,1891000000,140888547
1160,1185,1892000000,140888528
1160,1185,1893000000,140888509
1160,1185,1894000000,140888488
1160,1185,1895000000,140888466
1160,1185,1896000000,140888446
1160,1185,1897000000,140888425
1160,1185,1898000000,140888405
1160,1185,1899000000,140888384
1160,1185,1900000000,140888364
1160,1185,1901000000,140888345
1160,1185,1902000000,140888326
1160,1185,1903000000,140888305
1160,1185,1904000000,140888286
1160,1185,1905000000,140888267
1160,1185,1906000000,140888247
1160,1185,1907000000,140888229
1160,1185,1908000000,140888207
1160,1185,1909000000,140888183
1160,1185,1910000000,140888165
1160,1185,1911000000,140888143
1160,1185,1912000000,140888124
1160,1185,1913000000,140888103
1160,1185,1914000000,140888083
1160,1185,1915000000,140888064
1160,1185,1916000000,140888043
1160,1185,1917000000,140888022
1160,1185,1918000000,140888004
1160,1185,1919000000,140887983
1160,1185,1920000000,140887961
1160,1185,1921000000,140887942
1160,1185,1922000000,140887921
1160,1185,1923000000,140887901
1160,1185,1924000000,140887881
1160,1185,1925000000,140887861
1160,1185,1926000000,140887841
1160,1185,1927000000,140887820
1160,1185,1928000000,140887801
1160,1185,1929000000,140887782
1160,1185,1930000000,140887761
1160,1185,1931000000,140887742
1160,1185,1932000000,140887721
1160,1185,1933000000,140887700
1160,1185,1934000000,140887679
1160,1185,1935000000,140887658
1160,1185,1936000000,140887639
1160,1185,1937000000,140887620
1160,1185,1938000000,140887599
1160,1185,1939000000,140887580
1160,1185,1940000000,140887559
1160,1185,1941000000,140887539
1160,1185,1942000000,140887518
1160,1185,1943000000,140887497
1160,1185,1944000000,140887478
1160,1185,1945000000,140887458
1160,1185,1946000000,140887435
1160,1185,1947000000,140887415
1160,1185,1948000000,140887395
1160,1185,1949000000,140887375
1160,1185,1950000000,140887355
1160,1185,1951000000,140887336
1160,1185,1952000000,140887317
1160,1185,1953000000,140887296
1160,1185,1954000000,140887278
1160,1185,1955000000,140887256
1160,1185,1956000000,140887237
1160,1185,1957000000,140887216
1160,1185,1958000000,140887196
1160,1185,1959000000,140887177
1160,1185,1960000000,140887156
1160,1185,1961000000,140887134
1160,1185,1962000000,140887116
1160,1185,1963000000,140887095
1160,1185,1964000000,140887075
1160,1185,1965000000,140887054
1160,1185,1966000000,140887032
1160,1185,1967000000,140887013
1160,1185,1968000000,140886992
1160,1185,1969000000,140886971
1160,1185,1970000000,140886953
1160,1185,1971000000,140886932
1160,1185,1972000000,140886912
1160,1185,1973000000,140886893
1160,1185,1974000000,140886872
1160,1185,1975000000,140886854
1160,1185,1976000000,140886834
1160,1185,1977000000,140886815
1160,1185,1978000000,140886793
1160,1185,1979000000,140886773
1160,1185,1980000000,140886751
1160,1185,1981000000,140886732
1160,1185,1982000000,140886713
1160,1185,1983000000,140886695
1160,1185,1984000000,140886674
1160,1185,1985000000,140886653
1160,1185,1986000000,140886632
1160,1185,1987000000,140886612
1160,1185,1988000000,140886592
1160,1185,1989000000,140886571
1160,1185,1990000000,140886552
1160,1185,1991000000,140886531
1160,1185,1992000000,140886510
1160,1185,1993000000,140886490
1160,1185,1994000000,140886471
1160,1185,1995000000,140886451
1160,1185,1996000000,140886431
1160,1185,1997000000,140886410
1160,1185,1998000000,140886391
1160,1185,1999000000,140886371
1160,1185,2000000000,140886351
1160,1185,2001000000,140886329
1160,1185,2002000000,140886310
1160,1185,2003000000,140886289
1160,1185,2004000000,140886267
1160,1185,2005000000,140886249
1160,1185,2006000000,140886229
1160,1185,2007000000,140886210
1160,1185,2008000000,140886191
1160,1185,2009000000,140886170
1160,1185,2010000000,140886151
1160,1185,2011000000,140886129
1160,1185,2012000000,140886107
1160,1185,2013000000,140886089
1160,1185,2014000000,140886067
1160,1185,2015000000,140886048
1160,1185,2016000000,140886027
1160,1185,2017000000,140886007
1160,1185,2018000000,140885987
1160,1185,2019000000,140885967
1160,1185,2020000000,140885948
1160,1185,2021000000,140885928
1160,1185,2022000000,140885906
1160,1185,2023000000,140885888
1160,1185,2024000000,140885865
1160,1185,2025000000,140885845
1160,1185,2026000000,140885824
1160,1185,2027000000,140885804
1160,1185,2028000000,140885785
1160,1185,2029000000,140885765
1160,1185,2030000000,140885746
1160,1185,2031000000,140885727
1160,1185,2032000000,140885706
1160,1185,2033000000,140885687
1160,1185,2034000000,140885667
1160,1185,2035000000,140885647
1160,1185,2036000000,140885625
1160,1185,2037000000,140885604
1160,1185,2038000000,140885584
1160,1185,2039000000,140885564
1160,1185,2040000000,140885545
1160,1185,2041000000,140885524
1160,1185,2042000000,140885504
1160,1185,2043000000,140885485
1160,1185,2044000000,140885464
1160,1185,2045000000,140885445
1160,1185,2046000000,140885425
1160,1185,2047000000,140885402
1160,1185,2048000000,140885382
1160,1185,2049000000,140885360
1160,1185,2050000000,140885341
1160,1185,2051000000,140885321
1160,1185,2052000000,140885302
1160,1185,2053000000,140885283
1160,1185,2054000000,140885263
1160,1185,2055000000,140885243
1160,1185,2056000000,140885223
1160,1185,2057000000,140885202
1160,1185,2058000000,140885183
1160,1185,2059000000,140885163
1160,1185,2060000000,140885144
1160,1185,2061000000,140885122
1160,1185,2062000000,140885101
1160,1185,2063000000,140885082
1160,1185,2064000000,140885061
1160,1185,2065000000,140885042
1160,1185,2066000000,140885023
1160,1185,2067000000,140885002
1160,1185,2068000000,140884984
1160,1185,2069000000,140884962
1160,1185,2070000000,140884941
1160,1185,2071000000,140884921
1160,1185,2072000000,140884899
1160,1185,2073000000,140884879
1160,1185,2074000000,140884859
1160,1185,2075000000,140884839
1160,1185,2076000000,140884820
1160,1185,2077000000,140884800
1160,1185,2078000000,140884781
1160,1185,2079000000,140884761
1160,1185,2080000000,140884740
1160,1185,2081000000,140884720
1160,1185,2082000000,140884700
1160,1185,2083000000,140884680
1160,1185,2084000000,140884660
1160,1185,2085000000,140884641
1160,1185,2086000000,140884623
1160,1185,2087000000,140884601
1160,1185,2088000000,140884580
1160,1185,2089000000,140884561
1160,1185,2090000000,140884541
1160,1185,2091000000,140884522
1160,1185,2092000000,140884502
1160,1185,2093000000,140884480
1160,1185,2094000000,140884460
1160,1185,2095000000,140884439
1160,1185,2096000000,140884419
1160,1185,2097000000,140884400
1160,1185,2098000000,140884378
1160,1185,2099000000,140884359
1160,1185,2100000000,140884338
1160,1185,2101000000,140884317
1160,1185,2102000000,140884299
1160,1185,2103000000,140884278
1160,1185,2104000000,140884258
1160,1185,2105000000,140884237
1160,1185,2106000000,140884217
1160,1185,2107000000,140884198
1160,1185,2108000000,140884178
1160,1185,2109000000,140884159
1160,1185,2110000000,140884139
1160,1185,2111000000,140884119
1160,1185,2112000000,140884099
1160,1185,2113000000,140884078
1160,1185,2114000000,140884060
1160,1185,2115000000,140884039
1160,1185,2116000000,140884017
1160,1185,2117000000,140883996
1160,1185,2118000000,140883976
1160,1185,2119000000,140883958
1160,1185,2120000000,140883937
1160,1185,2121000000,140883917
1160,1185,2122000000,140883899
1160,1185,2123000000,140883877
1160,1185,2124000000,140883857
1160,1185,2125000000,140883837
1160,1185,2126000000,140883816
1160,1185,2127000000,140883797
1160,1185,2128000000,140883775
1160,1185,2129000000,140883756
1160,1185,2130000000,140883736
1160,1185,2131000000,140883716
1160,1185,2132000000,140883695
1160,1185,2133000000,140883675
1160,1185,2134000000,140883656
1160,1185,2135000000,140883637
1160,1185,2136000000,140883618
1160,1185,2137000000,140883597
1160,1185,2138000000,140883578
1160,1185,2139000000,140883555
1160,1185,2140000000,140883533
1160,1185,2141000000,140883514
1160,1185,2142000000,140883494
1160,1185,2143000000,140883475
1160,1185,2144000000,140883455
1160,1185,2145000000,140883435
1160,1185,2146000000,140883416
1160,1185,2147000000,140883396
1160,1185,2148000000,140883375
1160,1185,2149000000,140883353
1160,1185,2150000000,140883334
1160,1185,2151000000,140883313
1160,1185,2152000000,140883294
1160,1185,2153000000,140883274
1160,1185,2154000000,140883254
1160,1185,2155000000,140883235
1160,1185,2156000000,140883214
1160,1185,2157000000,140883195
1160,1185,2158000000,140883176
1160,1185,2159000000,140883156
1160,1185,2160000000,140883138
1160,1185,2161000000,140883117
1160,1185,2162000000,140883097
1160,1185,2163000000,140883074
1160,1185,2164000000,140883052
1160,1185,2165000000,140883033
1160,1185,2166000000,140883014
1160,1185,2167000000,140882995
1160,1185,2168000000,140882974
1160,1185,2169000000,140882956
1160,1185,2170000000,140882935
1160,1185,2171000000,140882915
1160,1185,2172000000,140882895
1160,1185,2173000000,140882873
1160,1185,2174000000,140882853
1160,1185,2175000000,140882833
1160,1185,2176000000,140882812
1160,1185,2177000000,140882794
1160,1185,2178000000,140882773
1160,1185,2179000000,140882754
1160,1185,2180000000,140882736
1160,1185,2181000000,140882716
1160,1185,2182000000,140882697
1160,1185,2183000000,140882677
1160,1185,2184000000,140882657
1160,1185,2185000000,140882637
1160,1185,2186000000,140882616
1160,1185,2187000000,140882597
1160,1185,2188000000,140882576
1160,1185,2189000000,140882555
1160,1185,2190000000,140882535
1160,1185,2191000000,140882516
1160,1185,2192000000,140882496
1160,1185,2193000000,140882476
1160,1185,2194000000,140882455
1160,1185,2195000000,140882436
1160,1185,2196000000,140882416
1160,1185,2197000000,140882396
1160,1185,2198000000,140882374
1160,1185,2199000000,140882354
1160,1185,2200000000,140882335
1160,1185,2201000000,140882314
1160,1185,2202000000,140882295
1160,1185,2203000000,140882276
1160,1185,2204000000,140882256
1160,1185,2205000000,140882238
1160,1185,2206000000,140882217
1160,1185,2207000000,140882197
1160,1185,2208000000,140882176
1160,1185,2209000000,140882155
1160,1185,2210000000,140882137
1160,1185,2211000000,140882117
1160,1185,2212000000,140882098
1160,1185,2213000000,140882076
1160,1185,2214000000,140882056
1160,1185,2215000000,140882035
1160,1185,2216000000,140882014
1160,1185,2217000000,140881994
1160,1185,2218000000,140881973
1160,1185,2219000000,140881954
1160,1185,2220000000,140881934
1160,1185,2221000000,140881913
1160,1185,2222000000,140881894
1160,1185,2223000000,140881872
1160,1185,2224000000,140881853
1160,1185,2225000000,140881832
1160,1185,2226000000,140881813
1160,1185,2227000000,140881794
1160,1185,2228000000,140881775
1160,1185,2229000000,140881756
1160,1185,2230000000,140881734
1160,1185,2231000000,140881713
1160,1185,2232000000,140881693
1160,1185,2233000000,140881674
1160,1185,2234000000,140881655
1160,1185,2235000000,140881636
1160,1185,2236000000,140881616
1160,1185,2237000000,140881597
1160,1185,2238000000,140881575
1160,1185,2239000000,140881555
1160,1185,2240000000,140881534
1160,1185,2241000000,140881513
1160,1185,2242000000,140881493
1160,1185,2243000000,140881473
1160,1185,2244000000,140881453
1160,1185,2245000000,140881434
1160,1185,2246000000,140881413
1160,1185,2247000000,140881394
1160,1185,2248000000,140881372
1160,1185,2249000000,140881355
1160,1185,2250000000,140881334
1160,1185,2251000000,140881315
1160,1185,2252000000,140881296
1160,1185,2253000000,140881274
1160,1185,2254000000,140881254
1160,1185,2255000000,140881234
1160,1185,2256000000,140881215
1160,1185,2257000000,140881195
1160,1185,2258000000,140881176
1160,1185,2259000000,140881157
1160,1185,2260000000,140881137
1160,1185,2261000000,140881118
1160,1185,2262000000,140881098
1160,1185,2263000000,140881076
1160,1185,2264000000,140881054
1160,1185,2265000000,140881034
1160,1185,2266000000,140881015
1160,1185,2267000000,140880993
1160,1185,2268000000,140880975
1160,1185,2269000000,140880954
1160,1185,2270000000,140880935
1160,1185,2271000000,140880915
1160,1185,2272000000,140880895
1160,1185,2273000000,140880875
1160,1185,2274000000,140880855
1160,1185,2275000000,140880836
1160,1185,2276000000,140880814
1160,1185,2277000000,140880793
1160,1185,2278000000,140880774
1160,1185,2279000000,140880755
1160,1185,2280000000,140880736
1160,1185,2281000000,140880716
1160,1185,2282000000,140880696
1160,1185,2283000000,140880677
1160,1185,2284000000,140880657
1160,1185,2285000000,140880638
1160,1185,2286000000,140880618
1160,1185,2287000000,140880599
1160,1185,2288000000,140880577
1160,1185,2289000000,140880555
1160,1185,2290000000,140880535
1160,1185,2291000000,140880516
1160,1185,2292000000,140880495
1160,1185,2293000000,140880476
1160,1185,2294000000,140880456
1160,1185,2295000000,140880438
1160,1185,2296000000,140880417
1160,1185,2297000000,140880398
1160,1185,2298000000,140880377
1160,1185,2299000000,140880356
1160,1185,2300000000,140880335
1160,1185,2301000000,140880315
1160,1185,2302000000,140880297
1160,1185,2303000000,140880277
1160,1185,2304000000,140880259
1160,1185,2305000000,140880238
1160,1185,2306000000,140880220
1160,1185,2307000000,140880199
1160,1185,2308000000,140880179
1160,1185,2309000000,140880157
1160,1185,2310000000,140880138
1160,1185,2311000000,140880119
1160,1185,2312000000,140880099
1160,1185,2313000000,140880077
1160,1185,2314000000,140880055
1160,1185,2315000000,140880034
1160,1185,2316000000,140880015
1160,1185,2317000000,140879997
1160,1185,2318000000,140879978
1160,1185,2319000000,140879958
1160,1185,2320000000,140879939
1160,1185,2321000000,140879918
1160,1185,2322000000,140879895
1160,1185,2323000000,140879875
1160,1185,2324000000,140879854
1160,1185,2325000000,140879836
1160,1185,2326000000,140879816
1160,1185,2327000000,140879797
1160,1185,2328000000,140879778
1160,1185,2329000000,140879759
1160,1185,2330000000,140879739
1160,1185,2331000000,140879718
1160,1185,2332000000,140879697
1160,1185,2333000000,140879677
1160,1185,2334000000,140879658
1160,1185,2335000000,140879638
1160,1185,2336000000,140879619
1160,1185,2337000000,140879599
1160,1185,2338000000,140879578
1160,1185,2339000000,140879556
1160,1185,2340000000,140879538
1160,1185,2341000000,140879517
1160,1185,2342000000,140879498
1160,1185,2343000000,140879479
1160,1185,2344000000,140879458
1160,1185,2345000000,140879437
1160,1185,2346000000,140879416
1160,1185,2347000000,140879397
1160,1185,2348000000,140879377
1160,1185,2349000000,140879357
1160,1185,2350000000,140879337
1160,1185,2351000000,140879319
1160,1185,2352000000,140879299
1160,1185,2353000000,140879278
1160,1185,2354000000,140879259
1160,1185,2355000000,140879239
1160,1185,2356000000,140879219
1160,1185,2357000000,140879199
1160,1185,2358000000,140879181
1160,1185,2359000000,140879161
1160,1185,2360000000,140879141
1160,1185,2361000000,140879122
1160,1185,2362000000,140879101
1160,1185,2363000000,140879081
1160,1185,2364000000,140879060
1160,1185,2365000000,140879042
1160,1185,2366000000,140879022
1160,1185,2367000000,140879001
1160,1185,2368000000,140878980
1160,1185,2369000000,140878961
1160,1185,2370000000,140878942
1160,1185,2371000000,140878920
1160,1185,2372000000,140878901
1160,1185,2373000000,140878881
1160,1185,2374000000,140878861
1160,1185,2375000000,140878841
1160,1185,2376000000,140878822
1160,1185,2377000000,140878802
1160,1185,2378000000,140878783
1160,1185,2379000000,140878763
1160,1185,2380000000,140878744
1160,1185,2381000000,140878722
1160,1185,2382000000,140878703
1160,1185,2383000000,140878683
1160,1185,2384000000,140878664
1160,1185,2385000000,140878645
1160,1185,2386000000,140878626
1160,1185,2387000000,140878605
1160,1185,2388000000,140878584
1160,1185,2389000000,140878564
1160,1185,2390000000,140878541
1160,1185,2391000000,140878522
1160,1185,2392000000,140878502
1160,1185,2393000000,140878483
1160,1185,2394000000,140878464
1160,1185,2395000000,140878444
1160,1185,2396000000,140878423
1160,1185,2397000000,140878403
1160,1185,2398000000,140878383
1160,1185,2399000000,140878363
1160,1185,2400000000,140878343
1160,1185,2401000000,140878323
1160,1185,2402000000,140878304
1160,1185,2403000000,140878284
1160,1185,2404000000,140878263
1160,1185,2405000000,140878244
1160,1185,2406000000,140878223
1160,1185,2407000000,140878205
1160,1185,2408000000,140878185
1160,1185,2409000000,140878167
1160,1185,2410000000,140878147
1160,1185,2411000000,140878128
1160,1185,2412000000,140878105
1160,1185,2413000000,140878083
1160,1185,2414000000,140878063
1160,1185,2415000000,140878042
1160,1185,2416000000,140878024
1160,1185,2417000000,140878004
1160,1185,2418000000,140877986
1160,1185,2419000000,140877966
1160,1185,2420000000,140877945
1160,1185,2421000000,140877924
1160,1185,2422000000,140877904
1160,1185,2423000000,140877883
1160,1185,2424000000,140877863
1160,1185,2425000000,140877844
1160,1185,2426000000,140877823
1160,1185,2427000000,140877804
1160,1185,2428000000,140877784
1160,1185,2429000000,140877765
1160,1185,2430000000,140877745
1160,1185,2431000000,140877726
1160,1185,2432000000,140877707
1160,1185,2433000000,140877688
1160,1185,2434000000,140877669
1160,1185,2435000000,140877648
1160,1185,2436000000,140877626
1160,1185,2437000000,140877605
1160,1185,2438000000,140877584
1160,1185,2439000000,140877564
1160,1185,2440000000,140877545
1160,1185,2441000000,140877526
1160,1185,2442000000,140877507
1160,1185,2443000000,140877487
1160,1185,2444000000,140877468
1160,1185,2445000000,140877443
1160,1185,2446000000,140877425
1160,1185,2447000000,140877403
1160,1185,2448000000,140877385
1160,1185,2449000000,140877364
1160,1185,2450000000,140877347
1160,1185,2451000000,140877326
1160,1185,2452000000,140877306
1160,1185,2453000000,140877288
1160,1185,2454000000,140877269
1160,1185,2455000000,140877250
1160,1185,2456000000,140877230
1160,1185,2457000000,140877212
1160,1185,2458000000,140877189
1160,1185,2459000000,140877170
1160,1185,2460000000,140877151
1160,1185,2461000000,140877130
1160,1185,2462000000,140877110
1160,1185,2463000000,140877090
1160,1185,2464000000,140877070
1160,1185,2465000000,140877051
1160,1185,2466000000,140877031
1160,1185,2467000000,140877011
1160,1185,2468000000,140876991
1160,1185,2469000000,140876970
1160,1185,2470000000,140876948
1160,1185,2471000000,140876929
1160,1185,2472000000,140876908
1160,1185,2473000000,140876889
1160,1185,2474000000,140876869
1160,1185,2475000000,140876850
1160,1185,2476000000,140876831
1160,1185,2477000000,140876812
1160,1185,2478000000,140876793
1160,1185,2479000000,140876772
1160,1185,2480000000,140876752
1160,1185,2481000000,140876731
1160,1185,2482000000,140876711
1160,1185,2483000000,140876692
1160,1185,2484000000,140876673
1160,1185,2485000000,140876653
1160,1185,2486000000,140876632
1160,1185,2487000000,140876612
1160,1185,2488000000,140876591
1160,1185,2489000000,140876573
1160,1185,2490000000,140876553
1160,1185,2491000000,140876533
1160,1185,2492000000,140876512
1160,1185,2493000000,140876493
1160,1185,2494000000,140876471
1160,1185,2495000000,140876452
1160,1185,2496000000,140876430
1160,1185,2497000000,140876412
1160,1185,2498000000,140876393
1160,1185,2499000000,140876373
1160,1185,2500000000,140876355
1160,1185,2501000000,140876336
1160,1185,2502000000,140876318
1160,1185,2503000000,140876297
1160,1185,2504000000,140876275
1160,1185,2505000000,140876255
1160,1185,2506000000,140876237
1160,1185,2507000000,140876217
1160,1185,2508000000,140876198
1160,1185,2509000000,140876179
1160,1185,2510000000,140876159
1160,1185,2511000000,140876139
1160,1185,2512000000,140876117
1160,1185,2513000000,140876096
1160,1185,2514000000,140876076
1160,1185,2515000000,140876057
1160,1185,2516000000,140876037
1160,1185,2517000000,140876018
1160,1185,2518000000,140875996
1160,1185,2519000000,140875975
1160,1185,2520000000,140875955
1160,1185,2521000000,140875936
1160,1185,2522000000,140875917
1160,1185,2523000000,140875898
1160,1185,2524000000,140875879
1160,1185,2525000000,140875860
1160,1185,2526000000,140875838
1160,1185,2527000000,140875818
1160,1185,2528000000,140875799
1160,1185,2529000000,140875780
1160,1185,2530000000,140875760
1160,1185,2531000000,140875742
1160,1185,2532000000,140875722
1160,1185,2533000000,140875704
1160,1185,2534000000,140875683
1160,1185,2535000000,140875662
1160,1185,2536000000,140875640
1160,1185,2537000000,140875621
1160,1185,2538000000,140875601
1160,1185,2539000000,140875582
1160,1185,2540000000,140875562
1160,1185,2541000000,140875541
1160,1185,2542000000,140875522
1160,1185,2543000000,140875500
1160,1185,2544000000,140875482
1160,1185,2545000000,140875461
1160,1185,2546000000,140875443
1160,1185,2547000000,140875423
1160,1185,2548000000,140875405
1160,1185,2549000000,140875382
1160,1185,2550000000,140875364
1160,1185,2551000000,140875344
1160,1185,2552000000,140875325
1160,1185,2553000000,140875305
1160,1185,2554000000,140875285
1160,1185,2555000000,140875267
1160,1185,2556000000,140875248
1160,1185,2557000000,140875229
1160,1185,2558000000,140875207
1160,1185,2559000000,140875187
1160,1185,2560000000,140875165
1160,1185,2561000000,140875145
1160,1185,2562000000,140875125
1160,1185,2563000000,140875106
1160,1185,2564000000,140875086
1160,1185,2565000000,140875068
1160,1185,2566000000,140875048
1160,1185,2567000000,140875028
1160,1185,2568000000,140875008
1160,1185,2569000000,140874989
1160,1185,2570000000,140874970
1160,1185,2571000000,140874949
1160,1185,2572000000,140874928
1160,1185,2573000000,140874909
1160,1185,2574000000,140874891
1160,1185,2575000000,140874872
1160,1185,2576000000,140874852
1160,1185,2577000000,140874833
1160,1185,2578000000,140874813
1160,1185,2579000000,140874794
1160,1185,2580000000,140874774
1160,1185,2581000000,140874753
1160,1185,2582000000,140874734
1160,1185,2583000000,140874712
1160,1185,2584000000,140874692
1160,1185,2585000000,140874670
1160,1185,2586000000,140874651
1160,1185,2587000000,140874631
1160,1185,2588000000,140874612
1160,1185,2589000000,140874592
1160,1185,2590000000,140874574
1160,1185,2591000000,140874552
1160,1185,2592000000,140874534
1160,1185,2593000000,140874513
1160,1185,2594000000,140874492
1160,1185,2595000000,140874471
1160,1185,2596000000,140874454
1160,1185,2597000000,140874434
1160,1185,2598000000,140874416
1160,1185,2599000000,140874396
1160,1185,2600000000,140874378
1160,1185,2601000000,140874357
1160,1185,2602000000,140874338
1160,1185,2603000000,140874318
1160,1185,2604000000,140874297
1160,1185,2605000000,140874277
1160,1185,2606000000,140874258
1160,1185,2607000000,140874238
1160,1185,2608000000,140874216
1160,1185,2609000000,140874194
1160,1185,2610000000,140874174
1160,1185,2611000000,140874156
1160,1185,2612000000,140874136
1160,1185,2613000000,140874118
1160,1185,2614000000,140874098
1160,1185,2615000000,140874079
1160,1185,2616000000,140874057
1160,1185,2617000000,140874034
1160,1185,2618000000,140874015
1160,1185,2619000000,140873996
1160,1185,2620000000,140873978
1160,1185,2621000000,140873959
1160,1185,2622000000,140873940
1160,1185,2623000000,140873921
1160,1185,2624000000,140873902
1160,1185,2625000000,140873882
1160,1185,2626000000,140873861
1160,1185,2627000000,140873841
1160,1185,2628000000,140873821
1160,1185,2629000000,140873802
1160,1185,2630000000,140873782
1160,1185,2631000000,140873762
1160,1185,2632000000,140873741
1160,1185,2633000000,140873720
1160,1185,2634000000,140873699
1160,1185,2635000000,140873681
1160,1185,2636000000,140873661
1160,1185,2637000000,140873643
1160,1185,2638000000,140873623
1160,1185,2639000000,140873601
1160,1185,2640000000,140873580
1160,1185,2641000000,140873560
1160,1185,2642000000,140873540
1160,1185,2643000000,140873522
1160,1185,2644000000,140873503
1160,1185,2645000000,140873485
1160,1185,2646000000,140873465
1160,1185,2647000000,140873446
1160,1185,2648000000,140873426
1160,1185,2649000000,140873406
1160,1185,2650000000,140873385
1160,1185,2651000000,140873365
1160,1185,2652000000,140873346
1160,1185,2653000000,140873326
1160,1185,2654000000,140873306
1160,1185,2655000000,140873286
1160,1185,2656000000,140873266
1160,1185,2657000000,140873246
1160,1185,2658000000,140873225
1160,1185,2659000000,140873206
1160,1185,2660000000,140873187
1160,1185,2661000000,140873167
1160,1185,2662000000,140873146
1160,1185,2663000000,140873125
1160,1185,2664000000,140873106
1160,1185,2665000000,140873086
1160,1185,2666000000,140873067
1160,1185,2667000000,140873048
1160,1185,2668000000,140873030
1160,1185,2669000000,140873010
1160,1185,2670000000,140872990
1160,1185,2671000000,140872970
1160,1185,2672000000,140872950
1160,1185,2673000000,140872930
1160,1185,2674000000,140872910
1160,1185,2675000000,140872891
1160,1185,2676000000,140872871
1160,1185,2677000000,140872851
1160,1185,2678000000,140872832
1160,1185,2679000000,140872812
1160,1185,2680000000,140872793
1160,1185,2681000000,140872773
1160,1185,2682000000,140872752
1160,1185,2683000000,140872733
1160,1185,2684000000,140872712
1160,1185,2685000000,140872692
1160,1185,2686000000,140872673
1160,1185,2687000000,140872653
1160,1185,2688000000,140872633
1160,1185,2689000000,140872613
1160,1185,2690000000,140872593
1160,1185,2691000000,140872573
1160,1185,2692000000,140872555
1160,1185,2693000000,140872534
1160,1185,2694000000,140872514
1160,1185,2695000000,140872494
1160,1185,2696000000,140872475
1160,1185,2697000000,140872455
1160,1185,2698000000,140872435
1160,1185,2699000000,140872416
1160,1185,2700000000,140872397
1160,1185,2701000000,140872377
1160,1185,2702000000,140872359
1160,1185,2703000000,140872339
1160,1185,2704000000,140872322
1160,1185,2705000000,140872301
1160,1185,2706000000,140872280
1160,1185,2707000000,140872257
1160,1185,2708000000,140872238
1160,1185,2709000000,140872218
1160,1185,2710000000,140872200
1160,1185,2711000000,140872179
1160,1185,2712000000,140872160
1160,1185,2713000000,140872140
1160,1185,2714000000,140872120
1160,1185,2715000000,140872099
1160,1185,2716000000,140872080
1160,1185,2717000000,140872059
1160,1185,2718000000,140872040
1160,1185,2719000000,140872021
1160,1185,2720000000,140872002
1160,1185,2721000000,140871982
1160,1185,2722000000,140871962
1160,1185,2723000000,140871943
1160,1185,2724000000,140871924
1160,1185,2725000000,140871905
1160,1185,2726000000,140871886
1160,1185,2727000000,140871866
1160,1185,2728000000,140871847
1160,1185,2729000000,140871825
1160,1185,2730000000,140871801
1160,1185,2731000000,140871782
1160,1185,2732000000,140871763
1160,1185,2733000000,140871744
1160,1185,2734000000,140871725
1160,1185,2735000000,140871706
1160,1185,2736000000,140871686
1160,1185,2737000000,140871667
1160,1185,2738000000,140871645
1160,1185,2739000000,140871627
1160,1185,2740000000,140871606
1160,1185,2741000000,140871587
1160,1185,2742000000,140871567
1160,1185,2743000000,140871548
1160,1185,2744000000,140871528
1160,1185,2745000000,140871509
1160,1185,2746000000,140871489
1160,1185,2747000000,140871469
1160,1185,2748000000,140871450
1160,1185,2749000000,140871431
1160,1185,2750000000,140871412
1160,1185,2751000000,140871393
1160,1185,2752000000,140871371
1160,1185,2753000000,140871349
1160,1185,2754000000,140871330
1160,1185,2755000000,140871311
1160,1185,2756000000,140871292
1160,1185,2757000000,140871273
1160,1185,2758000000,140871255
1160,1185,2759000000,140871235
1160,1185,2760000000,140871215
1160,1185,2761000000,140871195
1160,1185,2762000000,140871173
1160,1185,2763000000,140871153
1160,1185,2764000000,140871134
1160,1185,2765000000,140871115
1160,1185,2766000000,140871095
1160,1185,2767000000,140871076
1160,1185,2768000000,140871057
1160,1185,2769000000,140871038
1160,1185,2770000000,140871019
1160,1185,2771000000,140871001
1160,1185,2772000000,140870982
1160,1185,2773000000,140870963
1160,1185,2774000000,140870942
1160,1185,2775000000,140870920
1160,1185,2776000000,140870901
1160,1185,2777000000,140870880
1160,1185,2778000000,140870861
1160,1185,2779000000,140870841
1160,1185,2780000000,140870822
1160,1185,2781000000,140870803
1160,1185,2782000000,140870785
1160,1185,2783000000,140870765
1160,1185,2784000000,140870744
1160,1185,2785000000,140870723
1160,1185,2786000000,140870703
1160,1185,2787000000,140870684
1160,1185,2788000000,140870665
1160,1185,2789000000,140870645
1160,1185,2790000000,140870626
1160,1185,2791000000,140870606
1160,1185,2792000000,140870588
1160,1185,2793000000,140870568
1160,1185,2794000000,140870550
1160,1185,2795000000,140870529
1160,1185,2796000000,140870511
1160,1185,2797000000,140870490
1160,1185,2798000000,140870468
1160,1185,2799000000,140870449
1160,1185,2800000000,140870430
1160,1185,2801000000,140870410
1160,1185,2802000000,140870390
1160,1185,2803000000,140870370
1160,1185,2804000000,140870351
1160,1185,2805000000,140870332
1160,1185,2806000000,140870311
1160,1185,2807000000,140870290
1160,1185,2808000000,140870269
1160,1185,2809000000,140870249
1160,1185,2810000000,140870229
1160,1185,2811000000,140870210
1160,1185,2812000000,140870190
1160,1185,2813000000,140870171
1160,1185,2814000000,140870152
1160,1185,2815000000,140870134
1160,1185,2816000000,140870115
1160,1185,2817000000,140870096
1160,1185,2818000000,140870077
1160,1185,2819000000,140870055
1160,1185,2820000000,140870034
1160,1185,2821000000,140870016
1160,1185,2822000000,140869995
1160,1185,2823000000,140869977
1160,1185,2824000000,140869957
1160,1185,2825000000,140869938
1160,1185,2826000000,140869917
1160,1185,2827000000,140869898
1160,1185,2828000000,140869877
1160,1185,2829000000,140869859
1160,1185,2830000000,140869837
1160,1185,2831000000,140869817
1160,1185,2832000000,140869797
1160,1185,2833000000,140869778
1160,1185,2834000000,140869756
1160,1185,2835000000,140869737
1160,1185,2836000000,140869717
1160,1185,2837000000,140869699
1160,1185,2838000000,140869679
1160,1185,2839000000,140869662
1160,1185,2840000000,140869642
1160,1185,2841000000,140869624
1160,1185,2842000000,140869601
1160,1185,2843000000,140869582
1160,1185,2844000000,140869562
1160,1185,2845000000,140869544
1160,1185,2846000000,140869523
1160,1185,2847000000,140869505
1160,1185,2848000000,140869486
1160,1185,2849000000,140869465
1160,1185,2850000000,140869444
1160,1185,2851000000,140869424
1160,1185,2852000000,140869404
1160,1185,2853000000,140869384
1160,1185,2854000000,140869364
1160,1185,2855000000,140869344
1160,1185,2856000000,140869325
1160,1185,2857000000,140869304
1160,1185,2858000000,140869284
1160,1185,2859000000,140869265
1160,1185,2860000000,140869246
1160,1185,2861000000,140869227
1160,1185,2862000000,140869208
1160,1185,2863000000,140869189
1160,1185,2864000000,140869168
1160,1185,2865000000,140869148
1160,1185,2866000000,140869128
1160,1185,2867000000,140869109
1160,1185,2868000000,140869090
1160,1185,2869000000,140869073
1160,1185,2870000000,140869052
1160,1185,2871000000,140869034
1160,1185,2872000000,140869013
1160,1185,2873000000,140868993
1160,1185,2874000000,140868970
1160,1185,2875000000,140868951
1160,1185,2876000000,140868931
1160,1185,2877000000,140868912
1160,1185,2878000000,140868893
1160,1185,2879000000,140868871
1160,1185,2880000000,140868851
1160,1185,2881000000,140868832
1160,1185,2882000000,140868813
1160,1185,2883000000,140868794
1160,1185,2884000000,140868775
1160,1185,2885000000,140868756
1160,1185,2886000000,140868738
1160,1185,2887000000,140868715
1160,1185,2888000000,140868696
1160,1185,2889000000,140868676
1160,1185,2890000000,140868658
1160,1185,2891000000,140868638
1160,1185,2892000000,140868620
1160,1185,2893000000,140868599
1160,1185,2894000000,140868582
1160,1185,2895000000,140868562
1160,1185,2896000000,140868540
1160,1185,2897000000,140868519
1160,1185,2898000000,140868498
1160,1185,2899000000,140868478
1160,1185,2900000000,140868460
1160,1185,2901000000,140868438
1160,1185,2902000000,140868420
1160,1185,2903000000,140868399
1160,1185,2904000000,140868380
1160,1185,2905000000,140868361
1160,1185,2906000000,140868342
1160,1185,2907000000,140868323
1160,1185,2908000000,140868304
1160,1185,2909000000,140868283
1160,1185,2910000000,140868262
1160,1185,2911000000,140868243
1160,1185,2912000000,140868224
1160,1185,2913000000,140868205
1160,1185,2914000000,140868186
1160,1185,2915000000,140868167
1160,1185,2916000000,140868148
1160,1185,2917000000,140868128
1160,1185,2918000000,140868109
1160,1185,2919000000,140868089
1160,1185,2920000000,140868068
1160,1185,2921000000,140868046
1160,1185,2922000000,140868027
1160,1185,2923000000,140868007
1160,1185,2924000000,140867987
1160,1185,2925000000,140867967
1160,1185,2926000000,140867948
1160,1185,2927000000,140867929
1160,1185,2928000000,140867909
1160,1185,2929000000,140867890
1160,1185,2930000000,140867871
1160,1185,2931000000,140867851
1160,1185,2932000000,140867830
1160,1185,2933000000,140867810
1160,1185,2934000000,140867791
1160,1185,2935000000,140867773
1160,1185,2936000000,140867753
1160,1185,2937000000,140867736
1160,1185,2938000000,140867715
1160,1185,2939000000,140867697
1160,1185,2940000000,140867676
1160,1185,2941000000,140867657
1160,1185,2942000000,140867636
1160,1185,2943000000,140867616
1160,1185,2944000000,140867595
1160,1185,2945000000,140867576
1160,1185,2946000000,140867554
1160,1185,2947000000,140867535
1160,1185,2948000000,140867516
1160,1185,2949000000,140867497
1160,1185,2950000000,140867477
1160,1185,2951000000,140867457
1160,1185,2952000000,140867439
1160,1185,2953000000,140867419
1160,1185,2954000000,140867398
1160,1185,2955000000,140867377
1160,1185,2956000000,140867358
1160,1185,2957000000,140867340
1160,1185,2958000000,140867322
1160,1185,2959000000,140867303
1160,1185,2960000000,140867285
1160,1185,2961000000,140867265
1160,1185,2962000000,140867246
1160,1185,2963000000,140867227
1160,1185,2964000000,140867206
1160,1185,2965000000,140867185
1160,1185,2966000000,140867166
1160,1185,2967000000,140867146
1160,1185,2968000000,140867126
1160,1185,2969000000,140867105
1160,1185,2970000000,140867086
1160,1185,2971000000,140867067
1160,1185,2972000000,140867047
1160,1185,2973000000,140867028
1160,1185,2974000000,140867010
1160,1185,2975000000,140866989
1160,1185,2976000000,140866970
1160,1185,2977000000,140866946
1160,1185,2978000000,140866928
1160,1185,2979000000,140866908
1160,1185,2980000000,140866891
1160,1185,2981000000,140866871
1160,1185,2982000000,140866853
1160,1185,2983000000,140866833
1160,1185,2984000000,140866816
1160,1185,2985000000,140866796
1160,1185,2986000000,140866775
1160,1185,2987000000,140866755
1160,1185,2988000000,140866734
1160,1185,2989000000,140866717
1160,1185,2990000000,140866697
1160,1185,2991000000,140866677
1160,1185,2992000000,140866656
1160,1185,2993000000,140866636
1160,1185,2994000000,140866617
1160,1185,2995000000,140866598
1160,1185,2996000000,140866578
1160,1185,2997000000,140866559
1160,1185,2998000000,140866539
1160,1185,2999000000,140866518
1160,1185,3000000000,140866497
1160,1185,3001000000,140866478
1160,1185,3002000000,140866459
1160,1185,3003000000,140866440
1160,1185,3004000000,140866421
1160,1185,3005000000,140866403
1160,1185,3006000000,140866385
1160,1185,3007000000,140866365
1160,1185,3008000000,140866346
1160,1185,3009000000,140866326
1160,1185,3010000000,140866306
1160,1185,3011000000,140866286
1160,1185,3012000000,140866267
1160,1185,3013000000,140866247
1160,1185,3014000000,140866227
1160,1185,3015000000,140866207
1160,1185,3016000000,140866187
1160,1185,3017000000,140866167
1160,1185,3018000000,140866149
1160,1185,3019000000,140866128
1160,1185,3020000000,140866109
1160,1185,3021000000,140866088
1160,1185,3022000000,140866067
1160,1185,3023000000,140866048
1160,1185,3024000000,140866028
1160,1185,3025000000,140866010
1160,1185,3026000000,140865991
1160,1185,3027000000,140865972
1160,1185,3028000000,140865953
1160,1185,3029000000,140865935
1160,1185,3030000000,140865915
1160,1185,3031000000,140865896
1160,1185,3032000000,140865874
1160,1185,3033000000,140865855
1160,1185,3034000000,140865835
1160,1185,3035000000,140865817
1160,1185,3036000000,140865795
1160,1185,3037000000,140865776
1160,1185,3038000000,140865756
1160,1185,3039000000,140865737
1160,1185,3040000000,140865717
1160,1185,3041000000,140865698
1160,1185,3042000000,140865679
1160,1185,3043000000,140865658
1160,1185,3044000000,140865638
1160,1185,3045000000,140865616
1160,1185,3046000000,140865598
1160,1185,3047000000,140865578
1160,1185,3048000000,140865559
1160,1185,3049000000,140865541
1160,1185,3050000000,140865523
1160,1185,3051000000,140865504
1160,1185,3052000000,140865485
1160,1185,3053000000,140865464
1160,1185,3054000000,140865445
1160,1185,3055000000,140865425
1160,1185,3056000000,140865405
1160,1185,3057000000,140865387
1160,1185,3058000000,140865366
1160,1185,3059000000,140865347
1160,1185,3060000000,140865327
1160,1185,3061000000,140865308
1160,1185,3062000000,140865288
1160,1185,3063000000,140865269
1160,1185,3064000000,140865249
1160,1185,3065000000,140865230
1160,1185,3066000000,140865208
1160,1185,3067000000,140865187
1160,1185,3068000000,140865167
1160,1185,3069000000,140865149
1160,1185,3070000000,140865129
1160,1185,3071000000,140865110
1160,1185,3072000000,140865092
1160,1185,3073000000,140865073
1160,1185,3074000000,140865054
1160,1185,3075000000,140865034
1160,1185,3076000000,140865015
1160,1185,3077000000,140864994
1160,1185,3078000000,140864977
1160,1185,3079000000,140864956
1160,1185,3080000000,140864938
1160,1185,3081000000,140864916
1160,1185,3082000000,140864898
1160,1185,3083000000,140864878
1160,1185,3084000000,140864859
1160,1185,3085000000,140864841
1160,1185,3086000000,140864822
1160,1185,3087000000,140864802
1160,1185,3088000000,140864781
1160,1185,3089000000,140864760
1160,1185,3090000000,140864740
1160,1185,3091000000,140864721
1160,1185,3092000000,140864700
1160,1185,3093000000,140864682
1160,1185,3094000000,140864663
1160,1185,3095000000,140864644
1160,1185,3096000000,140864625
1160,1185,3097000000,140864606
1160,1185,3098000000,140864586
1160,1185,3099000000,140864566
1160,1185,3100000000,140864547
1160,1185,3101000000,140864527
1160,1185,3102000000,140864509
1160,1185,3103000000,140864487
1160,1185,3104000000,140864468
1160,1185,3105000000,140864449
1160,1185,3106000000,140864430
1160,1185,3107000000,140864410
1160,1185,3108000000,140864392
1160,1185,3109000000,140864372
1160,1185,3110000000,140864352
1160,1185,3111000000,140864330
1160,1185,3112000000,140864309
1160,1185,3113000000,140864291
1160,1185,3114000000,140864271
1160,1185,3115000000,140864251
1160,1185,3116000000,140864232
1160,1185,3117000000,140864214
1160,1185,3118000000,140864194
1160,1185,3119000000,140864176
1160,1185,3120000000,140864154
1160,1185,3121000000,140864137
1160,1185,3122000000,140864117
1160,1185,3123000000,140864098
1160,1185,3124000000,140864079
1160,1185,3125000000,140864060
1160,1185,3126000000,140864040
1160,1185,3127000000,140864019
1160,1185,3128000000,140864001
1160,1185,3129000000,140863981
1160,1185,3130000000,140863963
1160,1185,3131000000,140863943
1160,1185,3132000000,140863924
1160,1185,3133000000,140863902
1160,1185,3134000000,140863881
1160,1185,3135000000,140863862
1160,1185,3136000000,140863842
1160,1185,3137000000,140863823
1160,1185,3138000000,140863803
1160,1185,3139000000,140863785
1160,1185,3140000000,140863765
1160,1185,3141000000,140863747
1160,1185,3142000000,140863727
1160,1185,3143000000,140863707
1160,1185,3144000000,140863686
1160,1185,3145000000,140863667
1160,1185,3146000000,140863649
1160,1185,3147000000,140863630
1160,1185,3148000000,140863610
1160,1185,3149000000,140863590
1160,1185,3150000000,140863571
1160,1185,3151000000,140863552
1160,1185,3152000000,140863533
1160,1185,3153000000,140863514
1160,1185,3154000000,140863494
1160,1185,3155000000,140863477
1160,1185,3156000000,140863455
1160,1185,3157000000,140863433
1160,1185,3158000000,140863414
1160,1185,3159000000,140863395
1160,1185,3160000000,140863375
1160,1185,3161000000,140863356
1160,1185,3162000000,140863336
1160,1185,3163000000,140863319
1160,1185,3164000000,140863299
1160,1185,3165000000,140863278
1160,1185,3166000000,140863259
1160,1185,3167000000,140863240
1160,1185,3168000000,140863221
1160,1185,3169000000,140863202
1160,1185,3170000000,140863182
1160,1185,3171000000,140863163
1160,1185,3172000000,140863145
1160,1185,3173000000,140863124
1160,1185,3174000000,140863105
1160,1185,3175000000,140863087
1160,1185,3176000000,140863068
1160,1185,3177000000,140863047
1160,1185,3178000000,140863026
1160,1185,3179000000,140863007
1160,1185,3180000000,140862987
1160,1185,3181000000,140862967
1160,1185,3182000000,140862946
1160,1185,3183000000,140862929
1160,1185,3184000000,140862908
1160,1185,3185000000,140862889
1160,1185,3186000000,140862871
1160,1185,3187000000,140862849
1160,1185,3188000000,140862832
1160,1185,3189000000,140862809
1160,1185,3190000000,140862791
1160,1185,3191000000,140862771
1160,1185,3192000000,140862752
1160,1185,3193000000,140862733
1160,1185,3194000000,140862714
1160,1185,3195000000,140862697
1160,1185,3196000000,140862676
1160,1185,3197000000,140862657
1160,1185,3198000000,140862638
1160,1185,3199000000,140862619
1160,1185,3200000000,140862597
1160,1185,3201000000,140862577
1160,1185,3202000000,140862557
1160,1185,3203000000,140862539
1160,1185,3204000000,140862519
1160,1185,3205000000,140862499
1160,1185,3206000000,140862481
1160,1185,3207000000,140862462
1160,1185,3208000000,140862442
1160,1185,3209000000,140862421
1160,1185,3210000000,140862402
1160,1185,3211000000,140862382
1160,1185,3212000000,140862363
1160,1185,3213000000,140862344
1160,1185,3214000000,140862325
1160,1185,3215000000,140862305
1160,1185,3216000000,140862286
1160,1185,3217000000,140862267
1160,1185,3218000000,140862249
1160,1185,3219000000,140862230
1160,1185,3220000000,140862210
1160,1185,3221000000,140862192
1160,1185,3222000000,140862173
1160,1185,3223000000,140862151
1160,1185,3224000000,140862132
1160,1185,3225000000,140862111
1160,1185,3226000000,140862094
1160,1185,3227000000,140862072
1160,1185,3228000000,140862053
1160,1185,3229000000,140862033
1160,1185,3230000000,140862015
1160,1185,3231000000,140861996
1160,1185,3232000000,140861974
1160,1185,3233000000,140861954
1160,1185,3234000000,140861935
1160,1185,3235000000,140861916
1160,1185,3236000000,140861896
1160,1185,3237000000,140861876
1160,1185,3238000000,140861858
1160,1185,3239000000,140861839
1160,1185,3240000000,140861822
1160,1185,3241000000,140861803
1160,1185,3242000000,140861785
1160,1185,3243000000,140861764
1160,1185,3244000000,140861744
1160,1185,3245000000,140861724
1160,1185,3246000000,140861703
1160,1185,3247000000,140861685
1160,1185,3248000000,140861665
1160,1185,3249000000,140861647
1160,1185,3250000000,140861627
1160,1185,3251000000,140861606
1160,1185,3252000000,140861588
1160,1185,3253000000,140861569
1160,1185,3254000000,140861547
1160,1185,3255000000,140861529
1160,1185,3256000000,140861509
1160,1185,3257000000,140861490
1160,1185,3258000000,140861470
1160,1185,3259000000,140861449
1160,1185,3260000000,140861431
1160,1185,3261000000,140861412
1160,1185,3262000000,140861394
1160,1185,3263000000,140861376
1160,1185,3264000000,140861357
1160,1185,3265000000,140861338
1160,1185,3266000000,140861316
1160,1185,3267000000,140861297
1160,1185,3268000000,140861276
1160,1185,3269000000,140861257
1160,1185,3270000000,140861237
1160,1185,3271000000,140861220
1160,1185,3272000000,140861200
1160,1185,3273000000,140861181
1160,1185,3274000000,140861160
1160,1185,3275000000,140861141
1160,1185,3276000000,140861120
1160,1185,3277000000,140861099
1160,1185,3278000000,140861080
1160,1185,3279000000,140861062
1160,1185,3280000000,140861042
1160,1185,3281000000,140861023
1160,1185,3282000000,140861002
1160,1185,3283000000,140860984
1160,1185,3284000000,140860965
1160,1185,3285000000,140860947
1160,1185,3286000000,140860929
1160,1185,3287000000,140860909
1160,1185,3288000000,140860890
1160,1185,3289000000,140860868
1160,1185,3290000000,140860848
1160,1185,3291000000,140860829
1160,1185,3292000000,140860810
1160,1185,3293000000,140860792
1160,1185,3294000000,140860772
1160,1185,3295000000,140860753
1160,1185,3296000000,140860735
1160,1185,3297000000,140860713
1160,1185,3298000000,140860693
1160,1185,3299000000,140860673
1160,1185,3300000000,140860652
1160,1185,3301000000,140860633
1160,1185,3302000000,140860614
1160,1185,3303000000,140860596
1160,1185,3304000000,140860575
1160,1185,3305000000,140860555
1160,1185,3306000000,140860537
1160,1185,3307000000,140860519
1160,1185,3308000000,140860500
1160,1185,3309000000,140860481
1160,1185,3310000000,140860463
1160,1185,3311000000,140860443
1160,1185,3312000000,140860420
1160,1185,3313000000,140860402
1160,1185,3314000000,140860382
1160,1185,3315000000,140860363
1160,1185,3316000000,140860344
1160,1185,3317000000,140860326
1160,1185,3318000000,140860307
1160,1185,3319000000,140860287
1160,1185,3320000000,140860267
1160,1185,3321000000,140860245
1160,1185,3322000000,140860224
1160,1185,3323000000,140860205
1160,1185,3324000000,140860186
1160,1185,3325000000,140860168
1160,1185,3326000000,140860146
1160,1185,3327000000,140860129
1160,1185,3328000000,140860109
1160,1185,3329000000,140860090
1160,1185,3330000000,140860072
1160,1185,3331000000,140860053
1160,1185,3332000000,140860035
1160,1185,3333000000,140860014
1160,1185,3334000000,140859995
1160,1185,3335000000,140859974
1160,1185,3336000000,140859954
1160,1185,3337000000,140859936
1160,1185,3338000000,140859916
1160,1185,3339000000,140859898
1160,1185,3340000000,140859880
1160,1185,3341000000,140859860
1160,1185,3342000000,140859842
1160,1185,3343000000,140859818
1160,1185,3344000000,140859801
1160,1185,3345000000,140859779
1160,1185,3346000000,140859759
1160,1185,3347000000,140859741
1160,1185,3348000000,140859720
1160,1185,3349000000,140859702
1160,1185,3350000000,140859683
1160,1185,3351000000,140859664
1160,1185,3352000000,140859646
1160,1185,3353000000,140859627
1160,1185,3354000000,140859609
1160,1185,3355000000,140859590
1160,1185,3356000000,140859569
1160,1185,3357000000,140859549
1160,1185,3358000000,140859529
1160,1185,3359000000,140859510
1160,1185,3360000000,140859493
1160,1185,3361000000,140859473
1160,1185,3362000000,140859454
1160,1185,3363000000,140859436
1160,1185,3364000000,140859417
1160,1185,3365000000,140859397
1160,1185,3366000000,140859374
1160,1185,3367000000,140859355
1160,1185,3368000000,140859335
1160,1185,3369000000,140859315
1160,1185,3370000000,140859296
1160,1185,3371000000,140859276
1160,1185,3372000000,140859259
1160,1185,3373000000,140859240
1160,1185,3374000000,140859221
1160,1185,3375000000,140859203
1160,1185,3376000000,140859183
1160,1185,3377000000,140859165
1160,1185,3378000000,140859143
1160,1185,3379000000,140859125
1160,1185,3380000000,140859106
1160,1185,3381000000,140859085
1160,1185,3382000000,140859067
1160,1185,3383000000,140859047
1160,1185,3384000000,140859029
1160,1185,3385000000,140859010
1160,1185,3386000000,140858992
1160,1185,3387000000,140858972
1160,1185,3388000000,140858950
1160,1185,3389000000,140858928
1160,1185,3390000000,140858910
1160,1185,3391000000,140858890
1160,1185,3392000000,140858871
1160,1185,3393000000,140858850
1160,1185,3394000000,140858832
1160,1185,3395000000,140858813
1160,1185,3396000000,140858794
1160,1185,3397000000,140858775
1160,1185,3398000000,140858756
1160,1185,3399000000,140858738
1160,1185,3400000000,140858719
1160,1185,3401000000,140858698
1160,1185,3402000000,140858678
1160,1185,3403000000,140858659
1160,1185,3404000000,140858640
1160,1185,3405000000,140858622
1160,1185,3406000000,140858602
1160,1185,3407000000,140858583
1160,1185,3408000000,140858565
1160,1185,3409000000,140858546
1160,1185,3410000000,140858525
1160,1185,3411000000,140858503
1160,1185,3412000000,140858483
1160,1185,3413000000,140858464
1160,1185,3414000000,140858443
1160,1185,3415000000,140858423
1160,1185,3416000000,140858405
1160,1185,3417000000,140858386
1160,1185,3418000000,140858369
1160,1185,3419000000,140858349
1160,1185,3420000000,140858330
1160,1185,3421000000,140858310
1160,1185,3422000000,140858292
1160,1185,3423000000,140858272
1160,1185,3424000000,140858252
1160,1185,3425000000,140858234
1160,1185,3426000000,140858213
1160,1185,3427000000,140858194
1160,1185,3428000000,140858177
1160,1185,3429000000,140858156
1160,1185,3430000000,140858138
1160,1185,3431000000,140858120
1160,1185,3432000000,140858099
1160,1185,3433000000,140858079
1160,1185,3434000000,140858057
1160,1185,3435000000,140858038
1160,1185,3436000000,140858018
1160,1185,3437000000,140857997
1160,1185,3438000000,140857979
1160,1185,3439000000,140857959
1160,1185,3440000000,140857941
1160,1185,3441000000,140857923
1160,1185,3442000000,140857904
1160,1185,3443000000,140857885
1160,1185,3444000000,140857865
1160,1185,3445000000,140857845
1160,1185,3446000000,140857825
1160,1185,3447000000,140857807
1160,1185,3448000000,140857788
1160,1185,3449000000,140857769
1160,1185,3450000000,140857750
1160,1185,3451000000,140857732
1160,1185,3452000000,140857712
1160,1185,3453000000,140857694
1160,1185,3454000000,140857674
1160,1185,3455000000,140857655
1160,1185,3456000000,140857634
1160,1185,3457000000,140857614
1160,1185,3458000000,140857593
1160,1185,3459000000,140857573
1160,1185,3460000000,140857553
1160,1185,3461000000,140857535
1160,1185,3462000000,140857516
1160,1185,3463000000,140857497
1160,1185,3464000000,140857479
1160,1185,3465000000,140857461
1160,1185,3466000000,140857440
1160,1185,3467000000,140857421
1160,1185,3468000000,140857400
1160,1185,3469000000,140857382
1160,1185,3470000000,140857362
1160,1185,3471000000,140857345
1160,1185,3472000000,140857327
1160,1185,3473000000,140857307
1160,1185,3474000000,140857288
1160,1185,3475000000,140857268
1160,1185,3476000000,140857248
1160,1185,3477000000,140857231
1160,1185,3478000000,140857208
1160,1185,3479000000,140857190
1160,1185,3480000000,140857171
1160,1185,3481000000,140857149
1160,1185,3482000000,140857128
1160,1185,3483000000,140857109
1160,1185,3484000000,140857091
1160,1185,3485000000,140857073
1160,1185,3486000000,140857054
1160,1185,3487000000,140857036
1160,1185,3488000000,140857015
1160,1185,3489000000,140856995
1160,1185,3490000000,140856976
1160,1185,3491000000,140856957
1160,1185,3492000000,140856939
1160,1185,3493000000,140856920
1160,1185,3494000000,140856900
1160,1185,3495000000,140856881
1160,1185,3496000000,140856863
1160,1185,3497000000,140856844
1160,1185,3498000000,140856824
1160,1185,3499000000,140856804
1160,1185,3500000000,140856784
1160,1185,3501000000,140856765
1160,1185,3502000000,140856746
1160,1185,3503000000,140856724
1160,1185,3504000000,140856704
1160,1185,3505000000,140856684
1160,1185,3506000000,140856667
1160,1185,3507000000,140856648
1160,1185,3508000000,140856630
1160,1185,3509000000,140856611
1160,1185,3510000000,140856591
1160,1185,3511000000,140856570
1160,1185,3512000000,140856552
1160,1185,3513000000,140856532
1160,1185,3514000000,140856515
1160,1185,3515000000,140856495
1160,1185,3516000000,140856476
1160,1185,3517000000,140856457
1160,1185,3518000000,140856438
1160,1185,3519000000,140856420
1160,1185,3520000000,140856399
1160,1185,3521000000,140856380
1160,1185,3522000000,140856360
1160,1185,3523000000,140856340
1160,1185,3524000000,140856321
1160,1185,3525000000,140856301
1160,1185,3526000000,140856280
1160,1185,3527000000,140856261
1160,1185,3528000000,140856240
1160,1185,3529000000,140856223
1160,1185,3530000000,140856204
1160,1185,3531000000,140856186
1160,1185,3532000000,140856167
1160,1185,3533000000,140856146
1160,1185,3534000000,140856126
1160,1185,3535000000,140856107
1160,1185,3536000000,140856088
1160,1185,3537000000,140856071
1160,1185,3538000000,140856052
1160,1185,3539000000,140856032
1160,1185,3540000000,140856013
1160,1185,3541000000,140855995
1160,1185,3542000000,140855976
1160,1185,3543000000,140855956
1160,1185,3544000000,140855935
1160,1185,3545000000,140855917
1160,1185,3546000000,140855899
1160,1185,3547000000,140855877
1160,1185,3548000000,140855858
1160,1185,3549000000,140855837
1160,1185,3550000000,140855818
1160,1185,3551000000,140855799
1160,1185,3552000000,140855781
1160,1185,3553000000,140855763
1160,1185,3554000000,140855744
1160,1185,3555000000,140855724
1160,1185,3556000000,140855704
1160,1185,3557000000,140855684
1160,1185,3558000000,140855665
1160,1185,3559000000,140855648
1160,1185,3560000000,140855630
1160,1185,3561000000,140855611
1160,1185,3562000000,140855592
1160,1185,3563000000,140855572
1160,1185,3564000000,140855554
1160,1185,3565000000,140855534
1160,1185,3566000000,140855513
1160,1185,3567000000,140855494
1160,1185,3568000000,140855476
1160,1185,3569000000,140855456
1160,1185,3570000000,140855436
1160,1185,3571000000,140855415
1160,1185,3572000000,140855395
1160,1185,3573000000,140855376
1160,1185,3574000000,140855357
1160,1185,3575000000,140855339
1160,1185,3576000000,140855319
1160,1185,3577000000,140855301
1160,1185,3578000000,140855281
1160,1185,3579000000,140855260
1160,1185,3580000000,140855242
1160,1185,3581000000,140855224
1160,1185,3582000000,140855205
1160,1185,3583000000,140855187
1160,1185,3584000000,140855167
1160,1185,3585000000,140855149
1160,1185,3586000000,140855130
1160,1185,3587000000,140855108
1160,1185,3588000000,140855089
1160,1185,3589000000,140855069
1160,1185,3590000000,140855051
1160,1185,3591000000,140855033
1160,1185,3592000000,140855011
1160,1185,3593000000,140854992
1160,1185,3594000000,140854971
1160,1185,3595000000,140854950
1160,1185,3596000000,140854933
1160,1185,3597000000,140854915
1160,1185,3598000000,140854895
1160,1185,3599000000,140854876
1160,1185,3600000000,140854856
1160,1185,3601000000,140854837
1160,1185,3602000000,140854818
1160,1185,3603000000,140854800
1160,1185,3604000000,140854781
1160,1185,3605000000,140854762
1160,1185,3606000000,140854743
1160,1185,3607000000,140854724
1160,1185,3608000000,140854707
1160,1185,3609000000,140854685
1160,1185,3610000000,140854664
1160,1185,3611000000,140854645
1160,1185,3612000000,140854626
1160,1185,3613000000,140854609
1160,1185,3614000000,140854587
1160,1185,3615000000,140854567
1160,1185,3616000000,140854549
1160,1185,3617000000,140854528
1160,1185,3618000000,140854509
1160,1185,3619000000,140854491
1160,1185,3620000000,140854470
1160,1185,3621000000,140854452
1160,1185,3622000000,140854433
1160,1185,3623000000,140854412
1160,1185,3624000000,140854395
1160,1185,3625000000,140854375
1160,1185,3626000000,140854356
1160,1185,3627000000,140854338
1160,1185,3628000000,140854319
1160,1185,3629000000,140854301
1160,1185,3630000000,140854283
1160,1185,3631000000,140854260
1160,1185,3632000000,140854240
1160,1185,3633000000,140854221
1160,1185,3634000000,140854203
1160,1185,3635000000,140854185
1160,1185,3636000000,140854164
1160,1185,3637000000,140854143
1160,1185,3638000000,140854127
1160,1185,3639000000,140854106
1160,1185,3640000000,140854086
1160,1185,3641000000,140854067
1160,1185,3642000000,140854047
1160,1185,3643000000,140854030
1160,1185,3644000000,140854009
1160,1185,3645000000,140853990
1160,1185,3646000000,140853971
1160,1185,3647000000,140853952
1160,1185,3648000000,140853933
1160,1185,3649000000,140853915
1160,1185,3650000000,140853898
1160,1185,3651000000,140853878
1160,1185,3652000000,140853859
1160,1185,3653000000,140853839
1160,1185,3654000000,140853818
1160,1185,3655000000,140853799
1160,1185,3656000000,140853780
1160,1185,3657000000,140853761
1160,1185,3658000000,140853742
1160,1185,3659000000,140853722
1160,1185,3660000000,140853703
1160,1185,3661000000,140853685
1160,1185,3662000000,140853662
1160,1185,3663000000,140853643
1160,1185,3664000000,140853625
1160,1185,3665000000,140853606
1160,1185,3666000000,140853586
1160,1185,3667000000,140853569
1160,1185,3668000000,140853548
1160,1185,3669000000,140853531
1160,1185,3670000000,140853511
1160,1185,3671000000,140853493
1160,1185,3672000000,140853475
1160,1185,3673000000,140853455
1160,1185,3674000000,140853437
1160,1185,3675000000,140853419
1160,1185,3676000000,140853396
1160,1185,3677000000,140853376
1160,1185,3678000000,140853357
1160,1185,3679000000,140853339
1160,1185,3680000000,140853321
1160,1185,3681000000,140853301
1160,1185,3682000000,140853281
1160,1185,3683000000,140853263
1160,1185,3684000000,140853242
1160,1185,3685000000,140853223
1160,1185,3686000000,140853203
1160,1185,3687000000,140853184
1160,1185,3688000000,140853164
1160,1185,3689000000,140853146
1160,1185,3690000000,140853127
1160,1185,3691000000,140853109
1160,1185,3692000000,140853090
1160,1185,3693000000,140853070
1160,1185,3694000000,140853052
1160,1185,3695000000,140853035
1160,1185,3696000000,140853015
1160,1185,3697000000,140852995
1160,1185,3698000000,140852975
1160,1185,3699000000,140852954
1160,1185,3700000000,140852936
1160,1185,3701000000,140852918
1160,1185,3702000000,140852899
1160,1185,3703000000,140852879
1160,1185,3704000000,140852859
1160,1185,3705000000,140852841
1160,1185,3706000000,140852823
1160,1185,3707000000,140852800
1160,1185,3708000000,140852780
1160,1185,3709000000,140852763
1160,1185,3710000000,140852743
1160,1185,3711000000,140852724
1160,1185,3712000000,140852705
1160,1185,3713000000,140852685
1160,1185,3714000000,140852668
1160,1185,3715000000,140852650
1160,1185,3716000000,140852630
1160,1185,3717000000,140852612
1160,1185,3718000000,140852593
1160,1185,3719000000,140852573
1160,1185,3720000000,140852554
1160,1185,3721000000,140852534
1160,1185,3722000000,140852513
1160,1185,3723000000,140852495
1160,1185,3724000000,140852476
1160,1185,3725000000,140852457
1160,1185,3726000000,140852438
1160,1185,3727000000,140852417
1160,1185,3728000000,140852399
1160,1185,3729000000,140852379
1160,1185,3730000000,140852358
1160,1185,3731000000,140852340
1160,1185,3732000000,140852319
1160,1185,3733000000,140852300
1160,1185,3734000000,140852282
1160,1185,3735000000,140852264
1160,1185,3736000000,140852245
1160,1185,3737000000,140852226
1160,1185,3738000000,140852207
1160,1185,3739000000,140852190
1160,1185,3740000000,140852171
1160,1185,3741000000,140852151
1160,1185,3742000000,140852130
1160,1185,3743000000,140852111
1160,1185,3744000000,140852092
1160,1185,3745000000,140852073
1160,1185,3746000000,140852054
1160,1185,3747000000,140852035
1160,1185,3748000000,140852016
1160,1185,3749000000,140851997
1160,1185,3750000000,140851979
1160,1185,3751000000,140851959
1160,1185,3752000000,140851936
1160,1185,3753000000,140851919
1160,1185,3754000000,140851898
1160,1185,3755000000,140851880
1160,1185,3756000000,140851860
1160,1185,3757000000,140851842
1160,1185,3758000000,140851826
1160,1185,3759000000,140851807
1160,1185,3760000000,140851787
1160,1185,3761000000,140851769
1160,1185,3762000000,140851751
1160,1185,3763000000,140851731
1160,1185,3764000000,140851711
1160,1185,3765000000,140851690
1160,1185,3766000000,140851670
1160,1185,3767000000,140851653
1160,1185,3768000000,140851633
1160,1185,3769000000,140851614
1160,1185,3770000000,140851596
1160,1185,3771000000,140851575
1160,1185,3772000000,140851557
1160,1185,3773000000,140851539
1160,1185,3774000000,140851515
1160,1185,3775000000,140851497
1160,1185,3776000000,140851477
1160,1185,3777000000,140851459
1160,1185,3778000000,140851440
1160,1185,3779000000,140851421
1160,1185,3780000000,140851402
1160,1185,3781000000,140851385
1160,1185,3782000000,140851366
1160,1185,3783000000,140851347
1160,1185,3784000000,140851329
1160,1185,3785000000,140851308
1160,1185,3786000000,140851288
1160,1185,3787000000,140851270
1160,1185,3788000000,140851249
1160,1185,3789000000,140851230
1160,1185,3790000000,140851211
1160,1185,3791000000,140851193
1160,1185,3792000000,140851174
1160,1185,3793000000,140851154
1160,1185,3794000000,140851135
1160,1185,3795000000,140851117
1160,1185,3796000000,140851095
1160,1185,3797000000,140851076
1160,1185,3798000000,140851055
1160,1185,3799000000,140851036
1160,1185,3800000000,140851018
1160,1185,3801000000,140851000
1160,1185,3802000000,140850981
1160,1185,3803000000,140850963
1160,1185,3804000000,140850944
1160,1185,3805000000,140850926
1160,1185,3806000000,140850908
1160,1185,3807000000,140850886
1160,1185,3808000000,140850866
1160,1185,3809000000,140850848
1160,1185,3810000000,140850828
1160,1185,3811000000,140850809
1160,1185,3812000000,140850790
1160,1185,3813000000,140850769
1160,1185,3814000000,140850753
1160,1185,3815000000,140850734
1160,1185,3816000000,140850713
1160,1185,3817000000,140850695
1160,1185,3818000000,140850675
1160,1185,3819000000,140850654
1160,1185,3820000000,140850634
1160,1185,3821000000,140850615
1160,1185,3822000000,140850595
1160,1185,3823000000,140850578
1160,1185,3824000000,140850560
1160,1185,3825000000,140850541
1160,1185,3826000000,140850523
1160,1185,3827000000,140850503
1160,1185,3828000000,140850486
1160,1185,3829000000,140850466
1160,1185,3830000000,140850445
1160,1185,3831000000,140850425
1160,1185,3832000000,140850407
1160,1185,3833000000,140850388
1160,1185,3834000000,140850368
1160,1185,3835000000,140850349
1160,1185,3836000000,140850330
1160,1185,3837000000,140850312
1160,1185,3838000000,140850293
1160,1185,3839000000,140850274
1160,1185,3840000000,140850252
1160,1185,3841000000,140850232
1160,1185,3842000000,140850213
1160,1185,3843000000,140850194
1160,1185,3844000000,140850174
1160,1185,3845000000,140850156
1160,1185,3846000000,140850139
1160,1185,3847000000,140850120
1160,1185,3848000000,140850102
1160,1185,3849000000,140850082
1160,1185,3850000000,140850064
1160,1185,3851000000,140850045
1160,1185,3852000000,140850024
1160,1185,3853000000,140850004
1160,1185,3854000000,140849986
1160,1185,3855000000,140849967
1160,1185,3856000000,140849947
1160,1185,3857000000,140849928
1160,1185,3858000000,140849909
1160,1185,3859000000,140849890
1160,1185,3860000000,140849873
1160,1185,3861000000,140849853
1160,1185,3862000000,140849832
1160,1185,3863000000,140849811
1160,1185,3864000000,140849791
1160,1185,3865000000,140849773
1160,1185,3866000000,140849754
1160,1185,3867000000,140849734
1160,1185,3868000000,140849718
1160,1185,3869000000,140849700
1160,1185,3870000000,140849680
1160,1185,3871000000,140849661
1160,1185,3872000000,140849644
1160,1185,3873000000,140849624
1160,1185,3874000000,140849603
1160,1185,3875000000,140849584
1160,1185,3876000000,140849565
1160,1185,3877000000,140849546
1160,1185,3878000000,140849527
1160,1185,3879000000,140849507
1160,1185,3880000000,140849488
1160,1185,3881000000,140849470
1160,1185,3882000000,140849452
1160,1185,3883000000,140849432
1160,1185,3884000000,140849412
1160,1185,3885000000,140849391
1160,1185,3886000000,140849371
1160,1185,3887000000,140849353
1160,1185,3888000000,140849333
1160,1185,3889000000,140849314
1160,1185,3890000000,140849298
1160,1185,3891000000,140849279
1160,1185,3892000000,140849260
1160,1185,3893000000,140849241
1160,1185,3894000000,140849223
1160,1185,3895000000,140849203
1160,1185,3896000000,140849182
1160,1185,3897000000,140849163
1160,1185,3898000000,140849144
1160,1185,3899000000,140849125
1160,1185,3900000000,140849106
1160,1185,3901000000,140849086
1160,1185,3902000000,140849067
1160,1185,3903000000,140849050
1160,1185,3904000000,140849033
1160,1185,3905000000,140849012
1160,1185,3906000000,140848992
1160,1185,3907000000,140848973
1160,1185,3908000000,140848951
1160,1185,3909000000,140848933
1160,1185,3910000000,140848914
1160,1185,3911000000,140848894
1160,1185,3912000000,140848878
1160,1185,3913000000,140848861
1160,1185,3914000000,140848841
1160,1185,3915000000,140848823
1160,1185,3916000000,140848806
1160,1185,3917000000,140848784
1160,1185,3918000000,140848764
1160,1185,3919000000,140848745
1160,1185,3920000000,140848726
1160,1185,3921000000,140848706
1160,1185,3922000000,140848688
1160,1185,3923000000,140848668
1160,1185,3924000000,140848650
1160,1185,3925000000,140848633
1160,1185,3926000000,140848614
1160,1185,3927000000,140848594
1160,1185,3928000000,140848574
1160,1185,3929000000,140848554
1160,1185,3930000000,140848533
1160,1185,3931000000,140848515
1160,1185,3932000000,140848495
1160,1185,3933000000,140848480
1160,1185,3934000000,140848462
1160,1185,3935000000,140848443
1160,1185,3936000000,140848424
1160,1185,3937000000,140848407
1160,1185,3938000000,140848387
1160,1185,3939000000,140848367
1160,1185,3940000000,140848347
1160,1185,3941000000,140848327
1160,1185,3942000000,140848310
1160,1185,3943000000,140848291
1160,1185,3944000000,140848271
1160,1185,3945000000,140848252
1160,1185,3946000000,140848235
1160,1185,3947000000,140848215
1160,1185,3948000000,140848197
1160,1185,3949000000,140848177
1160,1185,3950000000,140848159
1160,1185,3951000000,140848139
1160,1185,3952000000,140848117
1160,1185,3953000000,140848098
1160,1185,3954000000,140848082
1160,1185,3955000000,140848063
1160,1185,3956000000,140848044
1160,1185,3957000000,140848026
1160,1185,3958000000,140848008
1160,1185,3959000000,140847990
1160,1185,3960000000,140847971
1160,1185,3961000000,140847952
1160,1185,3962000000,140847931
1160,1185,3963000000,140847914
1160,1185,3964000000,140847895
1160,1185,3965000000,140847874
1160,1185,3966000000,140847855
1160,1185,3967000000,140847838
1160,1185,3968000000,140847818
1160,1185,3969000000,140847799
1160,1185,3970000000,140847781
1160,1185,3971000000,140847762
1160,1185,3972000000,140847741
1160,1185,3973000000,140847722
1160,1185,3974000000,140847699
1160,1185,3975000000,140847683
1160,1185,3976000000,140847664
1160,1185,3977000000,140847645
1160,1185,3978000000,140847626
1160,1185,3979000000,140847610
1160,1185,3980000000,140847591
1160,1185,3981000000,140847572
1160,1185,3982000000,140847552
1160,1185,3983000000,140847534
1160,1185,3984000000,140847513
1160,1185,3985000000,140847494
1160,1185,3986000000,140847474
1160,1185,3987000000,140847455
1160,1185,3988000000,140847437
1160,1185,3989000000,140847417
1160,1185,3990000000,140847399
1160,1185,3991000000,140847379
1160,1185,3992000000,140847362
1160,1185,3993000000,140847343
1160,1185,3994000000,140847321
1160,1185,3995000000,140847301
1160,1185,3996000000,140847282
1160,1185,3997000000,140847263
1160,1185,3998000000,140847243
1160,1185,3999000000,140847225
1160,1185,4000000000,140847208
1160,1185,4001000000,140847189
1160,1185,4002000000,140847171
1160,1185,4003000000,140847153
1160,1185,4004000000,140847133
1160,1185,4005000000,140847114
1160,1185,4006000000,140847094
1160,1185,4007000000,140847073
1160,1185,4008000000,140847056
1160,1185,4009000000,140847037
1160,1185,4010000000,140847016
1160,1185,4011000000,140846997
1160,1185,4012000000,140846981
1160,1185,4013000000,140846962
1160,1185,4014000000,140846942
1160,1185,4015000000,140846922
1160,1185,4016000000,140846904
1160,1185,4017000000,140846883
1160,1185,4018000000,140846862
1160,1185,4019000000,140846843
1160,1185,4020000000,140846825
1160,1185,4021000000,140846807
1160,1185,4022000000,140846789
1160,1185,4023000000,140846770
1160,1185,4024000000,140846753
1160,1185,4025000000,140846735
1160,1185,4026000000,140846713
1160,1185,4027000000,140846693
1160,1185,4028000000,140846676
1160,1185,4029000000,140846656
1160,1185,4030000000,140846636
1160,1185,4031000000,140846617
1160,1185,4032000000,140846598
1160,1185,4033000000,140846579
1160,1185,4034000000,140846560
1160,1185,4035000000,140846541
1160,1185,4036000000,140846525
1160,1185,4037000000,140846504
1160,1185,4038000000,140846483
1160,1185,4039000000,140846464
1160,1185,4040000000,140846444
1160,1185,4041000000,140846425
1160,1185,4042000000,140846406
1160,1185,4043000000,140846387
1160,1185,4044000000,140846371
1160,1185,4045000000,140846352
1160,1185,4046000000,140846334
1160,1185,4047000000,140846315
1160,1185,4048000000,140846295
1160,1185,4049000000,140846275
1160,1185,4050000000,140846256
1160,1185,4051000000,140846236
1160,1185,4052000000,140846219
1160,1185,4053000000,140846199
1160,1185,4054000000,140846178
1160,1185,4055000000,140846160
1160,1185,4056000000,140846143
1160,1185,4057000000,140846123
1160,1185,4058000000,140846105
1160,1185,4059000000,140846084
1160,1185,4060000000,140846065
1160,1185,4061000000,140846045
1160,1185,4062000000,140846025
1160,1185,4063000000,140846006
1160,1185,4064000000,140845988
1160,1185,4065000000,140845970
1160,1185,4066000000,140845952
1160,1185,4067000000,140845932
1160,1185,4068000000,140845916
1160,1185,4069000000,140845898
1160,1185,4070000000,140845875
1160,1185,4071000000,140845855
1160,1185,4072000000,140845839
1160,1185,4073000000,140845818
1160,1185,4074000000,140845798
1160,1185,4075000000,140845780
1160,1185,4076000000,140845761
1160,1185,4077000000,140845742
1160,1185,4078000000,140845723
1160,1185,4079000000,140845706
1160,1185,4080000000,140845688
1160,1185,4081000000,140845665
1160,1185,4082000000,140845646
1160,1185,4083000000,140845628
1160,1185,4084000000,140845607
1160,1185,4085000000,140845588
1160,1185,4086000000,140845569
1160,1185,4087000000,140845552
1160,1185,4088000000,140845534
1160,1185,4089000000,140845515
1160,1185,4090000000,140845497
1160,1185,4091000000,140845479
1160,1185,4092000000,140845458
1160,1185,4093000000,140845438
1160,1185,4094000000,140845419
1160,1185,4095000000,140845400
1160,1185,4096000000,140845381
1160,1185,4097000000,140845362
1160,1185,4098000000,140845342
1160,1185,4099000000,140845325
1160,1185,4100000000,140845306
1160,1185,4101000000,140845287
1160,1185,4102000000,140845269
1160,1185,4103000000,140845248
1160,1185,4104000000,140845229
1160,1185,4105000000,140845207
1160,1185,4106000000,140845190
1160,1185,4107000000,140845171
1160,1185,4108000000,140845151
1160,1185,4109000000,140845133
1160,1185,4110000000,140845117
1160,1185,4111000000,140845097
1160,1185,4112000000,140845079
1160,1185,4113000000,140845059
1160,1185,4114000000,140845042
1160,1185,4115000000,140845020
1160,1185,4116000000,140845002
1160,1185,4117000000,140844982
1160,1185,4118000000,140844963
1160,1185,4119000000,140844944
1160,1185,4120000000,140844925
1160,1185,4121000000,140844905
1160,1185,4122000000,140844888
1160,1185,4123000000,140844870
1160,1185,4124000000,140844849
1160,1185,4125000000,140844829
1160,1185,4126000000,140844811
1160,1185,4127000000,140844791
1160,1185,4128000000,140844771
1160,1185,4129000000,140844753
1160,1185,4130000000,140844735
1160,1185,4131000000,140844716
1160,1185,4132000000,140844697
1160,1185,4133000000,140844681
1160,1185,4134000000,140844662
1160,1185,4135000000,140844642
1160,1185,4136000000,140844622
1160,1185,4137000000,140844603
1160,1185,4138000000,140844584
1160,1185,4139000000,140844564
1160,1185,4140000000,140844546
1160,1185,4141000000,140844528
1160,1185,4142000000,140844509
1160,1185,4143000000,140844489
1160,1185,4144000000,140844473
1160,1185,4145000000,140844455
1160,1185,4146000000,140844433
1160,1185,4147000000,140844413
1160,1185,4148000000,140844396
1160,1185,4149000000,140844375
1160,1185,4150000000,140844356
1160,1185,4151000000,140844336
1160,1185,4152000000,140844321
1160,1185,4153000000,140844302
1160,1185,4154000000,140844283
1160,1185,4155000000,140844266
1160,1185,4156000000,140844249
1160,1185,4157000000,140844226
1160,1185,4158000000,140844207
1160,1185,4159000000,140844190
1160,1185,4160000000,140844170
1160,1185,4161000000,140844150
1160,1185,4162000000,140844130
1160,1185,4163000000,140844113
1160,1185,4164000000,140844094
1160,1185,4165000000,140844075
1160,1185,4166000000,140844057
1160,1185,4167000000,140844040
1160,1185,4168000000,140844017
1160,1185,4169000000,140843999
1160,1185,4170000000,140843979
1160,1185,4171000000,140843959
1160,1185,4172000000,140843940
1160,1185,4173000000,140843922
1160,1185,4174000000,140843905
1160,1185,4175000000,140843886
1160,1185,4176000000,140843868
1160,1185,4177000000,140843849
1160,1185,4178000000,140843831
1160,1185,4179000000,140843811
1160,1185,4180000000,140843790
1160,1185,4181000000,140843773
1160,1185,4182000000,140843753
1160,1185,4183000000,140843734
1160,1185,4184000000,140843714
1160,1185,4185000000,140843697
1160,1185,4186000000,140843677
1160,1185,4187000000,140843658
1160,1185,4188000000,140843640
1160,1185,4189000000,140843623
1160,1185,4190000000,140843601
1160,1185,4191000000,140843581
1160,1185,4192000000,140843563
1160,1185,4193000000,140843543
1160,1185,4194000000,140843523
1160,1185,4195000000,140843505
1160,1185,4196000000,140843488
1160,1185,4197000000,140843469
1160,1185,4198000000,140843451
1160,1185,4199000000,140843433
1160,1185,4200000000,140843414
1160,1185,4201000000,140843394
1160,1185,4202000000,140843374
1160,1185,4203000000,140843356
1160,1185,4204000000,140843336
1160,1185,4205000000,140843317
1160,1185,4206000000,140843298
1160,1185,4207000000,140843279
1160,1185,4208000000,140843260
1160,1185,4209000000,140843242
1160,1185,4210000000,140843225
1160,1185,4211000000,140843203
1160,1185,4212000000,140843184
1160,1185,4213000000,140843165
1160,1185,4214000000,140843146
1160,1185,4215000000,140843126
1160,1185,4216000000,140843107
1160,1185,4217000000,140843089
1160,1185,4218000000,140843071
1160,1185,4219000000,140843053
1160,1185,4220000000,140843035
1160,1185,4221000000,140843016
1160,1185,4222000000,140842997
1160,1185,4223000000,140842978
1160,1185,4224000000,140842957
1160,1185,4225000000,140842940
1160,1185,4226000000,140842920
1160,1185,4227000000,140842901
1160,1185,4228000000,140842883
1160,1185,4229000000,140842863
1160,1185,4230000000,140842845
1160,1185,4231000000,140842826
1160,1185,4232000000,140842810
1160,1185,4233000000,140842787
1160,1185,4234000000,140842769
1160,1185,4235000000,140842749
1160,1185,4236000000,140842730
1160,1185,4237000000,140842711
1160,1185,4238000000,140842691
1160,1185,4239000000,140842674
1160,1185,4240000000,140842656
1160,1185,4241000000,140842638
1160,1185,4242000000,140842619
1160,1185,4243000000,140842602
1160,1185,4244000000,140842581
1160,1185,4245000000,140842562
1160,1185,4246000000,140842542
1160,1185,4247000000,140842524
1160,1185,4248000000,140842504
1160,1185,4249000000,140842484
1160,1185,4250000000,140842468
1160,1185,4251000000,140842447
1160,1185,4252000000,140842428
1160,1185,4253000000,140842411
1160,1185,4254000000,140842392
1160,1185,4255000000,140842370
1160,1185,4256000000,140842352
1160,1185,4257000000,140842335
1160,1185,4258000000,140842315
1160,1185,4259000000,140842295
1160,1185,4260000000,140842277
1160,1185,4261000000,140842260
1160,1185,4262000000,140842241
1160,1185,4263000000,140842222
1160,1185,4264000000,140842205
1160,1185,4265000000,140842187
1160,1185,4266000000,140842165
1160,1185,4267000000,140842147
1160,1185,4268000000,140842128
1160,1185,4269000000,140842108
1160,1185,4270000000,140842088
1160,1185,4271000000,140842071
1160,1185,4272000000,140842051
1160,1185,4273000000,140842032
1160,1185,4274000000,140842014
1160,1185,4275000000,140841997
1160,1185,4276000000,140841975
1160,1185,4277000000,140841956
1160,1185,4278000000,140841938
1160,1185,4279000000,140841919
1160,1185,4280000000,140841898
1160,1185,4281000000,140841880
1160,1185,4282000000,140841862
1160,1185,4283000000,140841843
1160,1185,4284000000,140841825
1160,1185,4285000000,140841808
1160,1185,4286000000,140841789
1160,1185,4287000000,140841769
1160,1185,4288000000,140841751
1160,1185,4289000000,140841730
1160,1185,4290000000,140841711
1160,1185,4291000000,140841692
1160,1185,4292000000,140841674
1160,1185,4293000000,140841655
1160,1185,4294000000,140841634
1160,1185,4295000000,140841617
1160,1185,4296000000,140841600
1160,1185,4297000000,140841579
1160,1185,4298000000,140841558
1160,1185,4299000000,140841542
1160,1185,4300000000,140841522
1160,1185,4301000000,140841501
1160,1185,4302000000,140841483
1160,1185,4303000000,140841465
1160,1185,4304000000,140841446
1160,1185,4305000000,140841427
1160,1185,4306000000,140841411
1160,1185,4307000000,140841392
1160,1185,4308000000,140841372
1160,1185,4309000000,140841353
1160,1185,4310000000,140841336
1160,1185,4311000000,140841315
1160,1185,4312000000,140841295
1160,1185,4313000000,140841278
1160,1185,4314000000,140841258
1160,1185,4315000000,140841238
1160,1185,4316000000,140841219
1160,1185,4317000000,140841202
1160,1185,4318000000,140841184
1160,1185,4319000000,140841163
1160,1185,4320000000,140841144
1160,1185,4321000000,140841126
1160,1185,4322000000,140841106
1160,1185,4323000000,140841087
1160,1185,4324000000,140841068
1160,1185,4325000000,140841049
1160,1185,4326000000,140841031
1160,1185,4327000000,140841014
1160,1185,4328000000,140840994
1160,1185,4329000000,140840976
1160,1185,4330000000,140840959
1160,1185,4331000000,140840939
1160,1185,4332000000,140840918
1160,1185,4333000000,140840899
1160,1185,4334000000,140840882
1160,1185,4335000000,140840861
1160,1185,4336000000,140840842
1160,1185,4337000000,140840824
1160,1185,4338000000,140840806
1160,1185,4339000000,140840787
1160,1185,4340000000,140840769
1160,1185,4341000000,140840749
1160,1185,4342000000,140840730
1160,1185,4343000000,140840712
1160,1185,4344000000,140840692
1160,1185,4345000000,140840673
1160,1185,4346000000,140840655
1160,1185,4347000000,140840637
1160,1185,4348000000,140840618
1160,1185,4349000000,140840601
1160,1185,4350000000,140840583
1160,1185,4351000000,140840565
1160,1185,4352000000,140840545
1160,1185,4353000000,140840526
1160,1185,4354000000,140840508
1160,1185,4355000000,140840487
1160,1185,4356000000,140840468
1160,1185,4357000000,140840450
1160,1185,4358000000,140840431
1160,1185,4359000000,140840410
1160,1185,4360000000,140840393
1160,1185,4361000000,140840374
1160,1185,4362000000,140840355
1160,1185,4363000000,140840336
1160,1185,4364000000,140840318
1160,1185,4365000000,140840298
1160,1185,4366000000,140840278
1160,1185,4367000000,140840260
1160,1185,4368000000,140840241
1160,1185,4369000000,140840223
1160,1185,4370000000,140840205
1160,1185,4371000000,140840186
1160,1185,4372000000,140840168
1160,1185,4373000000,140840151
1160,1185,4374000000,140840131
1160,1185,4375000000,140840111
1160,1185,4376000000,140840092
1160,1185,4377000000,140840075
1160,1185,4378000000,140840055
1160,1185,4379000000,140840034
1160,1185,4380000000,140840018
1160,1185,4381000000,140839999
1160,1185,4382000000,140839981
1160,1185,4383000000,140839961
1160,1185,4384000000,140839943
1160,1185,4385000000,140839923
1160,1185,4386000000,140839904
1160,1185,4387000000,140839885
1160,1185,4388000000,140839865
1160,1185,4389000000,140839847
1160,1185,4390000000,140839829
1160,1185,4391000000,140839811
1160,1185,4392000000,140839791
1160,1185,4393000000,140839774
1160,1185,4394000000,140839757
1160,1185,4395000000,140839737
1160,1185,4396000000,140839718
1160,1185,4397000000,140839701
1160,1185,4398000000,140839681
1160,1185,4399000000,140839662
1160,1185,4400000000,140839642
1160,1185,4401000000,140839623
1160,1185,4402000000,140839605
1160,1185,4403000000,140839585
1160,1185,4404000000,140839566
1160,1185,4405000000,140839547
1160,1185,4406000000,140839530
1160,1185,4407000000,140839510
1160,1185,4408000000,140839491
1160,1185,4409000000,140839471
1160,1185,4410000000,140839454
1160,1185,4411000000,140839434
1160,1185,4412000000,140839415
1160,1185,4413000000,140839397
1160,1185,4414000000,140839380
1160,1185,4415000000,140839361
1160,1185,4416000000,140839343
1160,1185,4417000000,140839324
1160,1185,4418000000,140839305
1160,1185,4419000000,140839286
1160,1185,4420000000,140839267
1160,1185,4421000000,140839246
1160,1185,4422000000,140839226
1160,1185,4423000000,140839210
1160,1185,4424000000,140839191
1160,1185,4425000000,140839170
1160,1185,4426000000,140839151
1160,1185,4427000000,140839134
1160,1185,4428000000,140839114
1160,1185,4429000000,140839096
1160,1185,4430000000,140839076
1160,1185,4431000000,140839058
1160,1185,4432000000,140839039
1160,1185,4433000000,140839022
1160,1185,4434000000,140839002
1160,1185,4435000000,140838983
1160,1185,4436000000,140838966
1160,1185,4437000000,140838948
1160,1185,4438000000,140838927
1160,1185,4439000000,140838909
1160,1185,4440000000,140838891
1160,1185,4441000000,140838871
1160,1185,4442000000,140838852
1160,1185,4443000000,140838833
1160,1185,4444000000,140838814
1160,1185,4445000000,140838795
1160,1185,4446000000,140838775
1160,1185,4447000000,140838757
1160,1185,4448000000,140838739
1160,1185,4449000000,140838720
1160,1185,4450000000,140838700
1160,1185,4451000000,140838681
1160,1185,4452000000,140838664
1160,1185,4453000000,140838644
1160,1185,4454000000,140838625
1160,1185,4455000000,140838607
1160,1185,4456000000,140838589
1160,1185,4457000000,140838569
1160,1185,4458000000,140838552
1160,1185,4459000000,140838534
1160,1185,4460000000,140838515
1160,1185,4461000000,140838495
1160,1185,4462000000,140838477
1160,1185,4463000000,140838458
1160,1185,4464000000,140838439
1160,1185,4465000000,140838420
1160,1185,4466000000,140838400
1160,1185,4467000000,140838382
1160,1185,4468000000,140838363
1160,1185,4469000000,140838343
1160,1185,4470000000,140838324
1160,1185,4471000000,140838307
1160,1185,4472000000,140838287
1160,1185,4473000000,140838268
1160,1185,4474000000,140838249
1160,1185,4475000000,140838231
1160,1185,4476000000,140838212
1160,1185,4477000000,140838193
1160,1185,4478000000,140838175
1160,1185,4479000000,140838157
1160,1185,4480000000,140838139
1160,1185,4481000000,140838120
1160,1185,4482000000,140838101
1160,1185,4483000000,140838083
1160,1185,4484000000,140838064
1160,1185,4485000000,140838043
1160,1185,4486000000,140838025
1160,1185,4487000000,140838006
1160,1185,4488000000,140837987
1160,1185,4489000000,140837967
1160,1185,4490000000,140837948
1160,1185,4491000000,140837930
1160,1185,4492000000,140837911
1160,1185,4493000000,140837892
1160,1185,4494000000,140837874
1160,1185,4495000000,140837854
1160,1185,4496000000,140837836
1160,1185,4497000000,140837818
1160,1185,4498000000,140837799
1160,1185,4499000000,140837781
1160,1185,4500000000,140837762
1160,1185,4501000000,140837744
1160,1185,4502000000,140837725
1160,1185,4503000000,140837708
1160,1185,4504000000,140837687
1160,1185,4505000000,140837670
1160,1185,4506000000,140837650
1160,1185,4507000000,140837631
1160,1185,4508000000,140837611
1160,1185,4509000000,140837593
1160,1185,4510000000,140837573
1160,1185,4511000000,140837553
1160,1185,4512000000,140837536
1160,1185,4513000000,140837517
1160,1185,4514000000,140837498
1160,1185,4515000000,140837479
1160,1185,4516000000,140837461
1160,1185,4517000000,140837441
1160,1185,4518000000,140837423
1160,1185,4519000000,140837405
1160,1185,4520000000,140837385
1160,1185,4521000000,140837368
1160,1185,4522000000,140837350
1160,1185,4523000000,140837330
1160,1185,4524000000,140837313
1160,1185,4525000000,140837296
1160,1185,4526000000,140837276
1160,1185,4527000000,140837256
1160,1185,4528000000,140837237
1160,1185,4529000000,140837219
1160,1185,4530000000,140837199
1160,1185,4531000000,140837180
1160,1185,4532000000,140837161
1160,1185,4533000000,140837142
1160,1185,4534000000,140837125
1160,1185,4535000000,140837106
1160,1185,4536000000,140837087
1160,1185,4537000000,140837069
1160,1185,4538000000,140837050
1160,1185,4539000000,140837031
1160,1185,4540000000,140837012
1160,1185,4541000000,140836994
1160,1185,4542000000,140836975
1160,1185,4543000000,140836958
1160,1185,4544000000,140836937
1160,1185,4545000000,140836919
1160,1185,4546000000,140836903
1160,1185,4547000000,140836885
1160,1185,4548000000,140836864
1160,1185,4549000000,140836845
1160,1185,4550000000,140836827
1160,1185,4551000000,140836808
1160,1185,4552000000,140836787
1160,1185,4553000000,140836770
1160,1185,4554000000,140836751
1160,1185,4555000000,140836733
1160,1185,4556000000,140836716
1160,1185,4557000000,140836695
1160,1185,4558000000,140836676
1160,1185,4559000000,140836659
1160,1185,4560000000,140836640
1160,1185,4561000000,140836620
1160,1185,4562000000,140836602
1160,1185,4563000000,140836584
1160,1185,4564000000,140836566
1160,1185,4565000000,140836547
1160,1185,4566000000,140836527
1160,1185,4567000000,140836510
1160,1185,4568000000,140836493
1160,1185,4569000000,140836472
1160,1185,4570000000,140836454
1160,1185,4571000000,140836435
1160,1185,4572000000,140836416
1160,1185,4573000000,140836395
1160,1185,4574000000,140836377
1160,1185,4575000000,140836357
1160,1185,4576000000,140836339
1160,1185,4577000000,140836321
1160,1185,4578000000,140836302
1160,1185,4579000000,140836284
1160,1185,4580000000,140836265
1160,1185,4581000000,140836247
1160,1185,4582000000,140836227
1160,1185,4583000000,140836209
1160,1185,4584000000,140836190
1160,1185,4585000000,140836172
1160,1185,4586000000,140836153
1160,1185,4587000000,140836134
1160,1185,4588000000,140836117
1160,1185,4589000000,140836099
1160,1185,4590000000,140836079
1160,1185,4591000000,140836060
1160,1185,4592000000,140836042
1160,1185,4593000000,140836022
1160,1185,4594000000,140836002
1160,1185,4595000000,140835983
1160,1185,4596000000,140835964
1160,1185,4597000000,140835947
1160,1185,4598000000,140835927
1160,1185,4599000000,140835908
1160,1185,4600000000,140835890
1160,1185,4601000000,140835872
1160,1185,4602000000,140835854
1160,1185,4603000000,140835833
1160,1185,4604000000,140835817
1160,1185,4605000000,140835798
1160,1185,4606000000,140835781
1160,1185,4607000000,140835761
1160,1185,4608000000,140835742
1160,1185,4609000000,140835725
1160,1185,4610000000,140835708
1160,1185,4611000000,140835688
1160,1185,4612000000,140835668
1160,1185,4613000000,140835651
1160,1185,4614000000,140835632
1160,1185,4615000000,140835611
1160,1185,4616000000,140835593
1160,1185,4617000000,140835572
1160,1185,4618000000,140835555
1160,1185,4619000000,140835536
1160,1185,4620000000,140835517
1160,1185,4621000000,140835498
1160,1185,4622000000,140835481
1160,1185,4623000000,140835462
1160,1185,4624000000,140835443
1160,1185,4625000000,140835425
1160,1185,4626000000,140835406
1160,1185,4627000000,140835389
1160,1185,4628000000,140835369
1160,1185,4629000000,140835350
1160,1185,4630000000,140835333
1160,1185,4631000000,140835315
1160,1185,4632000000,140835295
1160,1185,4633000000,140835277
1160,1185,4634000000,140835259
1160,1185,4635000000,140835239
1160,1185,4636000000,140835219
1160,1185,4637000000,140835201
1160,1185,4638000000,140835180
1160,1185,4639000000,140835163
1160,1185,4640000000,140835145
1160,1185,4641000000,140835124
1160,1185,4642000000,140835106
1160,1185,4643000000,140835089
1160,1185,4644000000,140835070
1160,1185,4645000000,140835050
1160,1185,4646000000,140835032
1160,1185,4647000000,140835014
1160,1185,4648000000,140834996
1160,1185,4649000000,140834978
1160,1185,4650000000,140834957
1160,1185,4651000000,140834940
1160,1185,4652000000,140834923
1160,1185,4653000000,140834905
1160,1185,4654000000,140834884
1160,1185,4655000000,140834866
1160,1185,4656000000,140834849
1160,1185,4657000000,140834829
1160,1185,4658000000,140834810
1160,1185,4659000000,140834790
1160,1185,4660000000,140834771
1160,1185,4661000000,140834753
1160,1185,4662000000,140834735
1160,1185,4663000000,140834715
1160,1185,4664000000,140834696
1160,1185,4665000000,140834679
1160,1185,4666000000,140834660
1160,1185,4667000000,140834641
1160,1185,4668000000,140834623
1160,1185,4669000000,140834605
1160,1185,4670000000,140834585
1160,1185,4671000000,140834567
1160,1185,4672000000,140834548
1160,1185,4673000000,140834530
1160,1185,4674000000,140834511
1160,1185,4675000000,140834493
1160,1185,4676000000,140834474
1160,1185,4677000000,140834456
1160,1185,4678000000,140834436
1160,1185,4679000000,140834417
1160,1185,4680000000,140834398
1160,1185,4681000000,140834378
1160,1185,4682000000,140834360
1160,1185,4683000000,140834342
1160,1185,4684000000,140834322
1160,1185,4685000000,140834304
1160,1185,4686000000,140834286
1160,1185,4687000000,140834267
1160,1185,4688000000,140834249
1160,1185,4689000000,140834230
1160,1185,4690000000,140834212
1160,1185,4691000000,140834193
1160,1185,4692000000,140834175
1160,1185,4693000000,140834155
1160,1185,4694000000,140834137
1160,1185,4695000000,140834119
1160,1185,4696000000,140834100
1160,1185,4697000000,140834083
1160,1185,4698000000,140834063
1160,1185,4699000000,140834043
1160,1185,4700000000,140834025
1160,1185,4701000000,140834006
1160,1185,4702000000,140833988
1160,1185,4703000000,140833967
1160,1185,4704000000,140833949
1160,1185,4705000000,140833930
1160,1185,4706000000,140833912
1160,1185,4707000000,140833895
1160,1185,4708000000,140833875
1160,1185,4709000000,140833856
1160,1185,4710000000,140833839
1160,1185,4711000000,140833821
1160,1185,4712000000,140833802
1160,1185,4713000000,140833781
1160,1185,4714000000,140833764
1160,1185,4715000000,140833746
1160,1185,4716000000,140833727
1160,1185,4717000000,140833708
1160,1185,4718000000,140833690
1160,1185,4719000000,140833672
1160,1185,4720000000,140833652
1160,1185,4721000000,140833633
1160,1185,4722000000,140833614
1160,1185,4723000000,140833595
1160,1185,4724000000,140833576
1160,1185,4725000000,140833557
1160,1185,4726000000,140833538
1160,1185,4727000000,140833520
1160,1185,4728000000,140833501
1160,1185,4729000000,140833483
1160,1185,4730000000,140833464
1160,1185,4731000000,140833447
1160,1185,4732000000,140833428
1160,1185,4733000000,140833410
1160,1185,4734000000,140833391
1160,1185,4735000000,140833373
1160,1185,4736000000,140833353
1160,1185,4737000000,140833336
1160,1185,4738000000,140833318
1160,1185,4739000000,140833299
1160,1185,4740000000,140833280
1160,1185,4741000000,140833261
1160,1185,4742000000,140833244
1160,1185,4743000000,140833224
1160,1185,4744000000,140833205
1160,1185,4745000000,140833188
1160,1185,4746000000,140833168
1160,1185,4747000000,140833149
1160,1185,4748000000,140833132
1160,1185,4749000000,140833111
1160,1185,4750000000,140833093
1160,1185,4751000000,140833076
1160,1185,4752000000,140833058
1160,1185,4753000000,140833039
1160,1185,4754000000,140833019
1160,1185,4755000000,140833001
1160,1185,4756000000,140832983
1160,1185,4757000000,140832964
1160,1185,4758000000,140832945
1160,1185,4759000000,140832926
1160,1185,4760000000,140832909
1160,1185,4761000000,140832889
1160,1185,4762000000,140832872
1160,1185,4763000000,140832854
1160,1185,4764000000,140832833
1160,1185,4765000000,140832816
1160,1185,4766000000,140832798
1160,1185,4767000000,140832777
1160,1185,4768000000,140832758
1160,1185,4769000000,140832741
1160,1185,4770000000,140832721
1160,1185,4771000000,140832703
1160,1185,4772000000,140832685
1160,1185,4773000000,140832667
1160,1185,4774000000,140832649
1160,1185,4775000000,140832629
1160,1185,4776000000,140832611
1160,1185,4777000000,140832592
1160,1185,4778000000,140832573
1160,1185,4779000000,140832555
1160,1185,4780000000,140832536
1160,1185,4781000000,140832518
1160,1185,4782000000,140832498
1160,1185,4783000000,140832481
1160,1185,4784000000,140832463
1160,1185,4785000000,140832443
1160,1185,4786000000,140832425
1160,1185,4787000000,140832406
1160,1185,4788000000,140832388
1160,1185,4789000000,140832367
1160,1185,4790000000,140832350
1160,1185,4791000000,140832330
1160,1185,4792000000,140832311
1160,1185,4793000000,140832294
1160,1185,4794000000,140832277
1160,1185,4795000000,140832258
1160,1185,4796000000,140832238
1160,1185,4797000000,140832219
1160,1185,4798000000,140832202
1160,1185,4799000000,140832183
1160,1185,4800000000,140832166
1160,1185,4801000000,140832145
1160,1185,4802000000,140832128
1160,1185,4803000000,140832108
1160,1185,4804000000,140832091
1160,1185,4805000000,140832074
1160,1185,4806000000,140832054
1160,1185,4807000000,140832034
1160,1185,4808000000,140832017
1160,1185,4809000000,140831998
1160,1185,4810000000,140831978
1160,1185,4811000000,140831958
1160,1185,4812000000,140831940
1160,1185,4813000000,140831922
1160,1185,4814000000,140831904
1160,1185,4815000000,140831886
1160,1185,4816000000,140831867
1160,1185,4817000000,140831850
1160,1185,4818000000,140831829
1160,1185,4819000000,140831812
1160,1185,4820000000,140831794
1160,1185,4821000000,140831775
1160,1185,4822000000,140831756
1160,1185,4823000000,140831737
1160,1185,4824000000,140831719
1160,1185,4825000000,140831700
1160,1185,4826000000,140831682
1160,1185,4827000000,140831664
1160,1185,4828000000,140831646
1160,1185,4829000000,140831626
1160,1185,4830000000,140831607
1160,1185,4831000000,140831589
1160,1185,4832000000,140831569
1160,1185,4833000000,140831551
1160,1185,4834000000,140831533
1160,1185,4835000000,140831514
1160,1185,4836000000,140831496
1160,1185,4837000000,140831478
1160,1185,4838000000,140831461
1160,1185,4839000000,140831442
1160,1185,4840000000,140831422
1160,1185,4841000000,140831404
1160,1185,4842000000,140831385
1160,1185,4843000000,140831368
1160,1185,4844000000,140831347
1160,1185,4845000000,140831328
1160,1185,4846000000,140831311
1160,1185,4847000000,140831293
1160,1185,4848000000,140831276
1160,1185,4849000000,140831258
1160,1185,4850000000,140831238
1160,1185,4851000000,140831219
1160,1185,4852000000,140831200
1160,1185,4853000000,140831180
1160,1185,4854000000,140831163
1160,1185,4855000000,140831145
1160,1185,4856000000,140831125
1160,1185,4857000000,140831107
1160,1185,4858000000,140831091
1160,1185,4859000000,140831072
1160,1185,4860000000,140831053
1160,1185,4861000000,140831034
1160,1185,4862000000,140831016
1160,1185,4863000000,140830997
1160,1185,4864000000,140830979
1160,1185,4865000000,140830958
1160,1185,4866000000,140830941
1160,1185,4867000000,140830923
1160,1185,4868000000,140830904
1160,1185,4869000000,140830887
1160,1185,4870000000,140830868
1160,1185,4871000000,140830850
1160,1185,4872000000,140830830
1160,1185,4873000000,140830810
1160,1185,4874000000,140830793
1160,1185,4875000000,140830774
1160,1185,4876000000,140830755
1160,1185,4877000000,140830737
1160,1185,4878000000,140830719
1160,1185,4879000000,140830700
1160,1185,4880000000,140830682
1160,1185,4881000000,140830662
1160,1185,4882000000,140830645
1160,1185,4883000000,140830626
1160,1185,4884000000,140830607
1160,1185,4885000000,140830588
1160,1185,4886000000,140830569
1160,1185,4887000000,140830551
1160,1185,4888000000,140830533
1160,1185,4889000000,140830515
1160,1185,4890000000,140830497
1160,1185,4891000000,140830479
1160,1185,4892000000,140830459
1160,1185,4893000000,140830440
1160,1185,4894000000,140830422
1160,1185,4895000000,140830404
1160,1185,4896000000,140830382
1160,1185,4897000000,140830365
1160,1185,4898000000,140830347
1160,1185,4899000000,140830329
1160,1185,4900000000,140830311
1160,1185,4901000000,140830292
1160,1185,4902000000,140830272
1160,1185,4903000000,140830255
1160,1185,4904000000,140830235
1160,1185,4905000000,140830218
1160,1185,4906000000,140830198
1160,1185,4907000000,140830180
1160,1185,4908000000,140830160
1160,1185,4909000000,140830142
1160,1185,4910000000,140830125
1160,1185,4911000000,140830108
1160,1185,4912000000,140830088
1160,1185,4913000000,140830070
1160,1185,4914000000,140830050
1160,1185,4915000000,140830032
1160,1185,4916000000,140830014
1160,1185,4917000000,140829995
1160,1185,4918000000,140829975
1160,1185,4919000000,140829957
1160,1185,4920000000,140829940
1160,1185,4921000000,140829921
1160,1185,4922000000,140829901
1160,1185,4923000000,140829883
1160,1185,4924000000,140829866
1160,1185,4925000000,140829846
1160,1185,4926000000,140829827
1160,1185,4927000000,140829809
1160,1185,4928000000,140829790
1160,1185,4929000000,140829772
1160,1185,4930000000,140829754
1160,1185,4931000000,140829736
1160,1185,4932000000,140829719
1160,1185,4933000000,140829699
1160,1185,4934000000,140829681
1160,1185,4935000000,140829662
1160,1185,4936000000,140829644
1160,1185,4937000000,140829626
1160,1185,4938000000,140829606
1160,1185,4939000000,140829586
1160,1185,4940000000,140829569
1160,1185,4941000000,140829553
1160,1185,4942000000,140829533
1160,1185,4943000000,140829514
1160,1185,4944000000,140829496
1160,1185,4945000000,140829478
1160,1185,4946000000,140829459
1160,1185,4947000000,140829439
1160,1185,4948000000,140829422
1160,1185,4949000000,140829403
1160,1185,4950000000,140829385
1160,1185,4951000000,140829365
1160,1185,4952000000,140829348
1160,1185,4953000000,140829331
1160,1185,4954000000,140829313
1160,1185,4955000000,140829292
1160,1185,4956000000,140829273
1160,1185,4957000000,140829255
1160,1185,4958000000,140829238
1160,1185,4959000000,140829218
1160,1185,4960000000,140829199
1160,1185,4961000000,140829181
1160,1185,4962000000,140829163
1160,1185,4963000000,140829144
1160,1185,4964000000,140829125
1160,1185,4965000000,140829107
1160,1185,4966000000,140829088
1160,1185,4967000000,140829070
1160,1185,4968000000,140829049
1160,1185,4969000000,140829032
1160,1185,4970000000,140829015
1160,1185,4971000000,140828995
1160,1185,4972000000,140828977
1160,1185,4973000000,140828959
1160,1185,4974000000,140828940
1160,1185,4975000000,140828923
1160,1185,4976000000,140828903
1160,1185,4977000000,140828884
1160,1185,4978000000,140828867
1160,1185,4979000000,140828849
1160,1185,4980000000,140828830
1160,1185,4981000000,140828812
1160,1185,4982000000,140828791
1160,1185,4983000000,140828774
1160,1185,4984000000,140828755
1160,1185,4985000000,140828737
1160,1185,4986000000,140828719
1160,1185,4987000000,140828700
1160,1185,4988000000,140828679
1160,1185,4989000000,140828662
1160,1185,4990000000,140828643
1160,1185,4991000000,140828626
1160,1185,4992000000,140828607
1160,1185,4993000000,140828588
1160,1185,4994000000,140828570
1160,1185,4995000000,140828551
1160,1185,4996000000,140828532
1160,1185,4997000000,140828515
1160,1185,4998000000,140828498
1160,1185,4999000000,140828478
1160,1185,5000000000,140828458
1160,1185,5001000000,140828441
1160,1185,5002000000,140828423
1160,1185,5003000000,140828405
1160,1185,5004000000,140828384
1160,1185,5005000000,140828366
1160,1185,5006000000,140828348
1160,1185,5007000000,140828329
1160,1185,5008000000,140828311
1160,1185,5009000000,140828292
1160,1185,5010000000,140828273
1160,1185,5011000000,140828255
1160,1185,5012000000,140828236
1160,1185,5013000000,140828218
1160,1185,5014000000,140828200
1160,1185,5015000000,140828182
1160,1185,5016000000,140828163
1160,1185,5017000000,140828144
1160,1185,5018000000,140828126
1160,1185,5019000000,140828108
1160,1185,5020000000,140828090
1160,1185,5021000000,140828071
1160,1185,5022000000,140828053
1160,1185,5023000000,140828035
1160,1185,5024000000,140828017
1160,1185,5025000000,140827995
1160,1185,5026000000,140827978
1160,1185,5027000000,140827960
1160,1185,5028000000,140827940
1160,1185,5029000000,140827921
1160,1185,5030000000,140827903
1160,1185,5031000000,140827886
1160,1185,5032000000,140827868
1160,1185,5033000000,140827847
1160,1185,5034000000,140827830
1160,1185,5035000000,140827812
1160,1185,5036000000,140827794
1160,1185,5037000000,140827774
1160,1185,5038000000,140827755
1160,1185,5039000000,140827737
1160,1185,5040000000,140827720
1160,1185,5041000000,140827702
1160,1185,5042000000,140827684
1160,1185,5043000000,140827665
1160,1185,5044000000,140827648
1160,1185,5045000000,140827626
1160,1185,5046000000,140827607
1160,1185,5047000000,140827590
1160,1185,5048000000,140827571
1160,1185,5049000000,140827552
1160,1185,5050000000,140827534
1160,1185,5051000000,140827515
1160,1185,5052000000,140827497
1160,1185,5053000000,140827478
1160,1185,5054000000,140827460
1160,1185,5055000000,140827443
1160,1185,5056000000,140827423
1160,1185,5057000000,140827406
1160,1185,5058000000,140827384
1160,1185,5059000000,140827367
1160,1185,5060000000,140827350
1160,1185,5061000000,140827333
1160,1185,5062000000,140827314
1160,1185,5063000000,140827295
1160,1185,5064000000,140827277
1160,1185,5065000000,140827259
1160,1185,5066000000,140827239
1160,1185,5067000000,140827221
1160,1185,5068000000,140827201
1160,1185,5069000000,140827183
1160,1185,5070000000,140827165
1160,1185,5071000000,140827147
1160,1185,5072000000,140827129
1160,1185,5073000000,140827110
1160,1185,5074000000,140827091
1160,1185,5075000000,140827073
1160,1185,5076000000,140827056
1160,1185,5077000000,140827038
1160,1185,5078000000,140827017
1160,1185,5079000000,140826999
1160,1185,5080000000,140826980
1160,1185,5081000000,140826963
1160,1185,5082000000,140826945
1160,1185,5083000000,140826927
1160,1185,5084000000,140826909
1160,1185,5085000000,140826891
1160,1185,5086000000,140826871
1160,1185,5087000000,140826853
1160,1185,5088000000,140826834
1160,1185,5089000000,140826815
1160,1185,5090000000,140826797
1160,1185,5091000000,140826779
1160,1185,5092000000,140826760
1160,1185,5093000000,140826742
1160,1185,5094000000,140826723
1160,1185,5095000000,140826705
1160,1185,5096000000,140826688
1160,1185,5097000000,140826669
1160,1185,5098000000,140826651
1160,1185,5099000000,140826630
1160,1185,5100000000,140826612
1160,1185,5101000000,140826594
1160,1185,5102000000,140826576
1160,1185,5103000000,140826559
1160,1185,5104000000,140826542
1160,1185,5105000000,140826523
1160,1185,5106000000,140826503
1160,1185,5107000000,140826484
1160,1185,5108000000,140826467
1160,1185,5109000000,140826449
1160,1185,5110000000,140826428
1160,1185,5111000000,140826408
1160,1185,5112000000,140826391
1160,1185,5113000000,140826374
1160,1185,5114000000,140826355
1160,1185,5115000000,140826337
1160,1185,5116000000,140826320
1160,1185,5117000000,140826301
1160,1185,5118000000,140826281
1160,1185,5119000000,140826263
1160,1185,5120000000,140826245
1160,1185,5121000000,140826227
1160,1185,5122000000,140826209
1160,1185,5123000000,140826190
1160,1185,5124000000,140826172
1160,1185,5125000000,140826155
1160,1185,5126000000,140826137
1160,1185,5127000000,140826117
1160,1185,5128000000,140826099
1160,1185,5129000000,140826082
1160,1185,5130000000,140826063
1160,1185,5131000000,140826042
1160,1185,5132000000,140826023
1160,1185,5133000000,140826007
1160,1185,5134000000,140825989
1160,1185,5135000000,140825969
1160,1185,5136000000,140825951
1160,1185,5137000000,140825933
1160,1185,5138000000,140825915
1160,1185,5139000000,140825896
1160,1185,5140000000,140825878
1160,1185,5141000000,140825861
1160,1185,5142000000,140825843
1160,1185,5143000000,140825823
1160,1185,5144000000,140825805
1160,1185,5145000000,140825788
1160,1185,5146000000,140825771
1160,1185,5147000000,140825753
1160,1185,5148000000,140825734
1160,1185,5149000000,140825715
1160,1185,5150000000,140825697
1160,1185,5151000000,140825676
1160,1185,5152000000,140825658
1160,1185,5153000000,140825639
1160,1185,5154000000,140825622
1160,1185,5155000000,140825605
1160,1185,5156000000,140825584
1160,1185,5157000000,140825566
1160,1185,5158000000,140825548
1160,1185,5159000000,140825529
1160,1185,5160000000,140825511
1160,1185,5161000000,140825492
1160,1185,5162000000,140825475
1160,1185,5163000000,140825455
1160,1185,5164000000,140825438
1160,1185,5165000000,140825419
1160,1185,5166000000,140825402
1160,1185,5167000000,140825384
1160,1185,5168000000,140825365
1160,1185,5169000000,140825347
1160,1185,5170000000,140825329
1160,1185,5171000000,140825309
1160,1185,5172000000,140825290
1160,1185,5173000000,140825271
1160,1185,5174000000,140825254
1160,1185,5175000000,140825234
1160,1185,5176000000,140825216
1160,1185,5177000000,140825199
1160,1185,5178000000,140825181
1160,1185,5179000000,140825162
1160,1185,5180000000,140825142
1160,1185,5181000000,140825124
1160,1185,5182000000,140825105
1160,1185,5183000000,140825087
1160,1185,5184000000,140825070
1160,1185,5185000000,140825052
1160,1185,5186000000,140825036
1160,1185,5187000000,140825016
1160,1185,5188000000,140824997
1160,1185,5189000000,140824979
1160,1185,5190000000,140824962
1160,1185,5191000000,140824942
1160,1185,5192000000,140824922
1160,1185,5193000000,140824906
1160,1185,5194000000,140824888
1160,1185,5195000000,140824868
1160,1185,5196000000,140824848
1160,1185,5197000000,140824831
1160,1185,5198000000,140824814
1160,1185,5199000000,140824793
1160,1185,5200000000,140824776
1160,1185,5201000000,140824757
1160,1185,5202000000,140824739
1160,1185,5203000000,140824719
1160,1185,5204000000,140824701
1160,1185,5205000000,140824685
1160,1185,5206000000,140824666
1160,1185,5207000000,140824648
1160,1185,5208000000,140824630
1160,1185,5209000000,140824611
1160,1185,5210000000,140824594
1160,1185,5211000000,140824574
1160,1185,5212000000,140824555
1160,1185,5213000000,140824537
1160,1185,5214000000,140824519
1160,1185,5215000000,140824502
1160,1185,5216000000,140824481
1160,1185,5217000000,140824463
1160,1185,5218000000,140824445
1160,1185,5219000000,140824428
1160,1185,5220000000,140824407
1160,1185,5221000000,140824390
1160,1185,5222000000,140824371
1160,1185,5223000000,140824354
1160,1185,5224000000,140824335
1160,1185,5225000000,140824317
1160,1185,5226000000,140824301
1160,1185,5227000000,140824281
1160,1185,5228000000,140824263
1160,1185,5229000000,140824243
1160,1185,5230000000,140824226
1160,1185,5231000000,140824209
1160,1185,5232000000,140824188
1160,1185,5233000000,140824171
1160,1185,5234000000,140824153
1160,1185,5235000000,140824134
1160,1185,5236000000,140824116
1160,1185,5237000000,140824097
1160,1185,5238000000,140824079
1160,1185,5239000000,140824060
1160,1185,5240000000,140824042
1160,1185,5241000000,140824023
1160,1185,5242000000,140824005
1160,1185,5243000000,140823986
1160,1185,5244000000,140823967
1160,1185,5245000000,140823950
1160,1185,5246000000,140823931
1160,1185,5247000000,140823915
1160,1185,5248000000,140823895
1160,1185,5249000000,140823877
1160,1185,5250000000,140823860
1160,1185,5251000000,140823841
1160,1185,5252000000,140823821
1160,1185,5253000000,140823802
1160,1185,5254000000,140823786
1160,1185,5255000000,140823767
1160,1185,5256000000,140823749
1160,1185,5257000000,140823731
1160,1185,5258000000,140823713
1160,1185,5259000000,140823694
1160,1185,5260000000,140823672
1160,1185,5261000000,140823656
1160,1185,5262000000,140823637
1160,1185,5263000000,140823619
1160,1185,5264000000,140823601
1160,1185,5265000000,140823582
1160,1185,5266000000,140823565
1160,1185,5267000000,140823546
1160,1185,5268000000,140823529
1160,1185,5269000000,140823510
1160,1185,5270000000,140823491
1160,1185,5271000000,140823474
1160,1185,5272000000,140823453
1160,1185,5273000000,140823435
1160,1185,5274000000,140823417
1160,1185,5275000000,140823401
1160,1185,5276000000,140823382
1160,1185,5277000000,140823362
1160,1185,5278000000,140823345
1160,1185,5279000000,140823328
1160,1185,5280000000,140823306
1160,1185,5281000000,140823287
1160,1185,5282000000,140823270
1160,1185,5283000000,140823252
1160,1185,5284000000,140823233
1160,1185,5285000000,140823216
1160,1185,5286000000,140823197
1160,1185,5287000000,140823179
1160,1185,5288000000,140823159
1160,1185,5289000000,140823143
1160,1185,5290000000,140823124
1160,1185,5291000000,140823107
1160,1185,5292000000,140823087
1160,1185,5293000000,140823068
1160,1185,5294000000,140823050
1160,1185,5295000000,140823032
1160,1185,5296000000,140823015
1160,1185,5297000000,140822995
1160,1185,5298000000,140822979
1160,1185,5299000000,140822960
1160,1185,5300000000,140822941
1160,1185,5301000000,140822923
1160,1185,5302000000,140822904
1160,1185,5303000000,140822886
1160,1185,5304000000,140822866
1160,1185,5305000000,140822849
1160,1185,5306000000,140822832
1160,1185,5307000000,140822814
1160,1185,5308000000,140822796
1160,1185,5309000000,140822777
1160,1185,5310000000,140822759
1160,1185,5311000000,140822741
1160,1185,5312000000,140822723
1160,1185,5313000000,140822702
1160,1185,5314000000,140822685
1160,1185,5315000000,140822667
1160,1185,5316000000,140822650
1160,1185,5317000000,140822632
1160,1185,5318000000,140822613
1160,1185,5319000000,140822596
1160,1185,5320000000,140822576
1160,1185,5321000000,140822560
1160,1185,5322000000,140822539
1160,1185,5323000000,140822522
1160,1185,5324000000,140822502
1160,1185,5325000000,140822485
1160,1185,5326000000,140822468
1160,1185,5327000000,140822450
1160,1185,5328000000,140822431
1160,1185,5329000000,140822413
1160,1185,5330000000,140822396
1160,1185,5331000000,140822376
1160,1185,5332000000,140822359
1160,1185,5333000000,140822337
1160,1185,5334000000,140822320
1160,1185,5335000000,140822303
1160,1185,5336000000,140822286
1160,1185,5337000000,140822269
1160,1185,5338000000,140822250
1160,1185,5339000000,140822234
1160,1185,5340000000,140822212
1160,1185,5341000000,140822193
1160,1185,5342000000,140822176
1160,1185,5343000000,140822158
1160,1185,5344000000,140822138
1160,1185,5345000000,140822119
1160,1185,5346000000,140822103
1160,1185,5347000000,140822085
1160,1185,5348000000,140822066
1160,1185,5349000000,140822047
1160,1185,5350000000,140822029
1160,1185,5351000000,140822011
1160,1185,5352000000,140821993
1160,1185,5353000000,140821974
1160,1185,5354000000,140821956
1160,1185,5355000000,140821939
1160,1185,5356000000,140821920
1160,1185,5357000000,140821903
1160,1185,5358000000,140821884
1160,1185,5359000000,140821866
1160,1185,5360000000,140821848
1160,1185,5361000000,140821829
1160,1185,5362000000,140821811
1160,1185,5363000000,140821792
1160,1185,5364000000,140821774
1160,1185,5365000000,140821754
1160,1185,5366000000,140821737
1160,1185,5367000000,140821719
1160,1185,5368000000,140821701
1160,1185,5369000000,140821682
1160,1185,5370000000,140821665
1160,1185,5371000000,140821646
1160,1185,5372000000,140821626
1160,1185,5373000000,140821607
1160,1185,5374000000,140821589
1160,1185,5375000000,140821573
1160,1185,5376000000,140821554
1160,1185,5377000000,140821538
1160,1185,5378000000,140821518
1160,1185,5379000000,140821500
1160,1185,5380000000,140821482
1160,1185,5381000000,140821463
1160,1185,5382000000,140821445
1160,1185,5383000000,140821425
1160,1185,5384000000,140821408
1160,1185,5385000000,140821390
1160,1185,5386000000,140821372
1160,1185,5387000000,140821354
1160,1185,5388000000,140821335
1160,1185,5389000000,140821316
1160,1185,5390000000,140821298
1160,1185,5391000000,140821280
1160,1185,5392000000,140821260
1160,1185,5393000000,140821242
1160,1185,5394000000,140821223
1160,1185,5395000000,140821207
1160,1185,5396000000,140821189
1160,1185,5397000000,140821171
1160,1185,5398000000,140821152
1160,1185,5399000000,140821133
1160,1185,5400000000,140821115
1160,1185,5401000000,140821097
1160,1185,5402000000,140821080
1160,1185,5403000000,140821060
1160,1185,5404000000,140821043
1160,1185,5405000000,140821024
1160,1185,5406000000,140821007
1160,1185,5407000000,140820987
1160,1185,5408000000,140820969
1160,1185,5409000000,140820950
1160,1185,5410000000,140820934
1160,1185,5411000000,140820916
1160,1185,5412000000,140820896
1160,1185,5413000000,140820877
1160,1185,5414000000,140820858
1160,1185,5415000000,140820841
1160,1185,5416000000,140820823
1160,1185,5417000000,140820807
1160,1185,5418000000,140820787
1160,1185,5419000000,140820771
1160,1185,5420000000,140820751
1160,1185,5421000000,140820732
1160,1185,5422000000,140820715
1160,1185,5423000000,140820696
1160,1185,5424000000,140820677
1160,1185,5425000000,140820659
1160,1185,5426000000,140820642
1160,1185,5427000000,140820624
1160,1185,5428000000,140820607
1160,1185,5429000000,140820587
1160,1185,5430000000,140820568
1160,1185,5431000000,140820550
1160,1185,5432000000,140820531
1160,1185,5433000000,140820511
1160,1185,5434000000,140820492
1160,1185,5435000000,140820476
1160,1185,5436000000,140820458
1160,1185,5437000000,140820441
1160,1185,5438000000,140820422
1160,1185,5439000000,140820406
1160,1185,5440000000,140820387
1160,1185,5441000000,140820368
1160,1185,5442000000,140820349
1160,1185,5443000000,140820331
1160,1185,5444000000,140820313
1160,1185,5445000000,140820296
1160,1185,5446000000,140820278
1160,1185,5447000000,140820259
1160,1185,5448000000,140820242
1160,1185,5449000000,140820224
1160,1185,5450000000,140820205
1160,1185,5451000000,140820185
1160,1185,5452000000,140820167
1160,1185,5453000000,140820147
1160,1185,5454000000,140820130
1160,1185,5455000000,140820111
1160,1185,5456000000,140820094
1160,1185,5457000000,140820077
1160,1185,5458000000,140820058
1160,1185,5459000000,140820039
1160,1185,5460000000,140820021
1160,1185,5461000000,140820003
1160,1185,5462000000,140819985
1160,1185,5463000000,140819966
1160,1185,5464000000,140819947
1160,1185,5465000000,140819931
1160,1185,5466000000,140819913
1160,1185,5467000000,140819894
1160,1185,5468000000,140819875
1160,1185,5469000000,140819858
1160,1185,5470000000,140819841
1160,1185,5471000000,140819820
1160,1185,5472000000,140819802
1160,1185,5473000000,140819782
1160,1185,5474000000,140819766
1160,1185,5475000000,140819746
1160,1185,5476000000,140819729
1160,1185,5477000000,140819710
1160,1185,5478000000,140819693
1160,1185,5479000000,140819673
1160,1185,5480000000,140819656
1160,1185,5481000000,140819638
1160,1185,5482000000,140819620
1160,1185,5483000000,140819601
1160,1185,5484000000,140819582
1160,1185,5485000000,140819566
1160,1185,5486000000,140819547
1160,1185,5487000000,140819529
1160,1185,5488000000,140819510
1160,1185,5489000000,140819493
1160,1185,5490000000,140819475
1160,1185,5491000000,140819457
1160,1185,5492000000,140819436
1160,1185,5493000000,140819419
1160,1185,5494000000,140819400
1160,1185,5495000000,140819383
1160,1185,5496000000,140819364
1160,1185,5497000000,140819347
1160,1185,5498000000,140819327
1160,1185,5499000000,140819308
1160,1185,5500000000,140819291
1160,1185,5501000000,140819272
1160,1185,5502000000,140819256
1160,1185,5503000000,140819235
1160,1185,5504000000,140819219
1160,1185,5505000000,140819200
1160,1185,5506000000,140819183
1160,1185,5507000000,140819164
1160,1185,5508000000,140819148
1160,1185,5509000000,140819129
1160,1185,5510000000,140819111
1160,1185,5511000000,140819091
1160,1185,5512000000,140819073
1160,1185,5513000000,140819053
1160,1185,5514000000,140819035
1160,1185,5515000000,140819018
1160,1185,5516000000,140818999
1160,1185,5517000000,140818983
1160,1185,5518000000,140818963
1160,1185,5519000000,140818945
1160,1185,5520000000,140818927
1160,1185,5521000000,140818909
1160,1185,5522000000,140818891
1160,1185,5523000000,140818873
1160,1185,5524000000,140818854
1160,1185,5525000000,140818837
1160,1185,5526000000,140818819
1160,1185,5527000000,140818800
1160,1185,5528000000,140818783
1160,1185,5529000000,140818765
1160,1185,5530000000,140818748
1160,1185,5531000000,140818728
1160,1185,5532000000,140818710
1160,1185,5533000000,140818692
1160,1185,5534000000,140818676
1160,1185,5535000000,140818657
1160,1185,5536000000,140818638
1160,1185,5537000000,140818620
1160,1185,5538000000,140818603
1160,1185,5539000000,140818583
1160,1185,5540000000,140818566
1160,1185,5541000000,140818547
1160,1185,5542000000,140818529
1160,1185,5543000000,140818510
1160,1185,5544000000,140818493
1160,1185,5545000000,140818475
1160,1185,5546000000,140818456
1160,1185,5547000000,140818439
1160,1185,5548000000,140818420
1160,1185,5549000000,140818403
1160,1185,5550000000,140818385
1160,1185,5551000000,140818366
1160,1185,5552000000,140818347
1160,1185,5553000000,140818330
1160,1185,5554000000,140818312
1160,1185,5555000000,140818295
1160,1185,5556000000,140818276
1160,1185,5557000000,140818257
1160,1185,5558000000,140818238
1160,1185,5559000000,140818222
1160,1185,5560000000,140818203
1160,1185,5561000000,140818185
1160,1185,5562000000,140818166
1160,1185,5563000000,140818146
1160,1185,5564000000,140818129
1160,1185,5565000000,140818112
1160,1185,5566000000,140818093
1160,1185,5567000000,140818074
1160,1185,5568000000,140818058
1160,1185,5569000000,140818039
1160,1185,5570000000,140818023
1160,1185,5571000000,140818003
1160,1185,5572000000,140817984
1160,1185,5573000000,140817966
1160,1185,5574000000,140817949
1160,1185,5575000000,140817931
1160,1185,5576000000,140817914
1160,1185,5577000000,140817893
1160,1185,5578000000,140817874
1160,1185,5579000000,140817856
1160,1185,5580000000,140817839
1160,1185,5581000000,140817820
1160,1185,5582000000,140817801
1160,1185,5583000000,140817783
1160,1185,5584000000,140817766
1160,1185,5585000000,140817748
1160,1185,5586000000,140817730
1160,1185,5587000000,140817713
1160,1185,5588000000,140817694
1160,1185,5589000000,140817677
1160,1185,5590000000,140817655
1160,1185,5591000000,140817638
1160,1185,5592000000,140817619
1160,1185,5593000000,140817603
1160,1185,5594000000,140817584
1160,1185,5595000000,140817567
1160,1185,5596000000,140817549
1160,1185,5597000000,140817532
1160,1185,5598000000,140817511
1160,1185,5599000000,140817494
1160,1185,5600000000,140817474
1160,1185,5601000000,140817458
1160,1185,5602000000,140817437
1160,1185,5603000000,140817420
1160,1185,5604000000,140817401
1160,1185,5605000000,140817386
1160,1185,5606000000,140817366
1160,1185,5607000000,140817350
1160,1185,5608000000,140817332
1160,1185,5609000000,140817314
1160,1185,5610000000,140817295
1160,1185,5611000000,140817276
1160,1185,5612000000,140817257
1160,1185,5613000000,140817239
1160,1185,5614000000,140817223
1160,1185,5615000000,140817204
1160,1185,5616000000,140817187
1160,1185,5617000000,140817167
1160,1185,5618000000,140817151
1160,1185,5619000000,140817131
1160,1185,5620000000,140817113
1160,1185,5621000000,140817094
1160,1185,5622000000,140817076
1160,1185,5623000000,140817056
1160,1185,5624000000,140817039
1160,1185,5625000000,140817020
1160,1185,5626000000,140817004
1160,1185,5627000000,140816985
1160,1185,5628000000,140816969
1160,1185,5629000000,140816951
1160,1185,5630000000,140816932
1160,1185,5631000000,140816913
1160,1185,5632000000,140816895
1160,1185,5633000000,140816877
1160,1185,5634000000,140816861
1160,1185,5635000000,140816841
1160,1185,5636000000,140816824
1160,1185,5637000000,140816803
1160,1185,5638000000,140816787
1160,1185,5639000000,140816769
1160,1185,5640000000,140816750
1160,1185,5641000000,140816731
1160,1185,5642000000,140816714
1160,1185,5643000000,140816696
1160,1185,5644000000,140816678
1160,1185,5645000000,140816659
1160,1185,5646000000,140816642
1160,1185,5647000000,140816625
1160,1185,5648000000,140816605
1160,1185,5649000000,140816588
1160,1185,5650000000,140816568
1160,1185,5651000000,140816550
1160,1185,5652000000,140816531
1160,1185,5653000000,140816514
1160,1185,5654000000,140816496
1160,1185,5655000000,140816480
1160,1185,5656000000,140816461
1160,1185,5657000000,140816443
1160,1185,5658000000,140816424
1160,1185,5659000000,140816408
1160,1185,5660000000,140816388
1160,1185,5661000000,140816369
1160,1185,5662000000,140816350
1160,1185,5663000000,140816333
1160,1185,5664000000,140816315
1160,1185,5665000000,140816298
1160,1185,5666000000,140816278
1160,1185,5667000000,140816262
1160,1185,5668000000,140816243
1160,1185,5669000000,140816225
1160,1185,5670000000,140816205
1160,1185,5671000000,140816188
1160,1185,5672000000,140816169
1160,1185,5673000000,140816152
1160,1185,5674000000,140816134
1160,1185,5675000000,140816117
1160,1185,5676000000,140816097
1160,1185,5677000000,140816081
1160,1185,5678000000,140816062
1160,1185,5679000000,140816044
1160,1185,5680000000,140816026
1160,1185,5681000000,140816008
1160,1185,5682000000,140815989
1160,1185,5683000000,140815972
1160,1185,5684000000,140815952
1160,1185,5685000000,140815935
1160,1185,5686000000,140815916
1160,1185,5687000000,140815898
1160,1185,5688000000,140815880
1160,1185,5689000000,140815862
1160,1185,5690000000,140815842
1160,1185,5691000000,140815825
1160,1185,5692000000,140815807
1160,1185,5693000000,140815790
1160,1185,5694000000,140815772
1160,1185,5695000000,140815756
1160,1185,5696000000,140815735
1160,1185,5697000000,140815719
1160,1185,5698000000,140815701
1160,1185,5699000000,140815682
1160,1185,5700000000,140815662
1160,1185,5701000000,140815644
1160,1185,5702000000,140815627
1160,1185,5703000000,140815610
1160,1185,5704000000,140815589
1160,1185,5705000000,140815570
1160,1185,5706000000,140815555
1160,1185,5707000000,140815538
1160,1185,5708000000,140815518
1160,1185,5709000000,140815498
1160,1185,5710000000,140815482
1160,1185,5711000000,140815462
1160,1185,5712000000,140815446
1160,1185,5713000000,140815427
1160,1185,5714000000,140815410
1160,1185,5715000000,140815390
1160,1185,5716000000,140815374
1160,1185,5717000000,140815355
1160,1185,5718000000,140815339
1160,1185,5719000000,140815320
1160,1185,5720000000,140815303
1160,1185,5721000000,140815283
1160,1185,5722000000,140815267
1160,1185,5723000000,140815248
1160,1185,5724000000,140815230
1160,1185,5725000000,140815211
1160,1185,5726000000,140815194
1160,1185,5727000000,140815175
1160,1185,5728000000,140815158
1160,1185,5729000000,140815136
1160,1185,5730000000,140815119
1160,1185,5731000000,140815102
1160,1185,5732000000,140815085
1160,1185,5733000000,140815067
1160,1185,5734000000,140815051
1160,1185,5735000000,140815031
1160,1185,5736000000,140815015
1160,1185,5737000000,140814997
1160,1185,5738000000,140814979
1160,1185,5739000000,140814960
1160,1185,5740000000,140814943
1160,1185,5741000000,140814923
1160,1185,5742000000,140814906
1160,1185,5743000000,140814887
1160,1185,5744000000,140814870
1160,1185,5745000000,140814851
1160,1185,5746000000,140814834
1160,1185,5747000000,140814814
1160,1185,5748000000,140814796
1160,1185,5749000000,140814778
1160,1185,5750000000,140814759
1160,1185,5751000000,140814741
1160,1185,5752000000,140814725
1160,1185,5753000000,140814706
1160,1185,5754000000,140814689
1160,1185,5755000000,140814670
1160,1185,5756000000,140814653
1160,1185,5757000000,140814635
1160,1185,5758000000,140814617
1160,1185,5759000000,140814598
1160,1185,5760000000,140814580
1160,1185,5761000000,140814564
1160,1185,5762000000,140814544
1160,1185,5763000000,140814527
1160,1185,5764000000,140814510
1160,1185,5765000000,140814494
1160,1185,5766000000,140814474
1160,1185,5767000000,140814456
1160,1185,5768000000,140814435
1160,1185,5769000000,140814419
1160,1185,5770000000,140814400
1160,1185,5771000000,140814382
1160,1185,5772000000,140814363
1160,1185,5773000000,140814347
1160,1185,5774000000,140814326
1160,1185,5775000000,140814310
1160,1185,5776000000,140814292
1160,1185,5777000000,140814275
1160,1185,5778000000,140814255
1160,1185,5779000000,140814239
1160,1185,5780000000,140814219
1160,1185,5781000000,140814203
1160,1185,5782000000,140814184
1160,1185,5783000000,140814167
1160,1185,5784000000,140814149
1160,1185,5785000000,140814133
1160,1185,5786000000,140814114
1160,1185,5787000000,140814096
1160,1185,5788000000,140814075
1160,1185,5789000000,140814057
1160,1185,5790000000,140814038
1160,1185,5791000000,140814022
1160,1185,5792000000,140814002
1160,1185,5793000000,140813985
1160,1185,5794000000,140813966
1160,1185,5795000000,140813949
1160,1185,5796000000,140813931
1160,1185,5797000000,140813914
1160,1185,5798000000,140813894
1160,1185,5799000000,140813877
1160,1185,5800000000,140813859
1160,1185,5801000000,140813841
1160,1185,5802000000,140813823
1160,1185,5803000000,140813807
1160,1185,5804000000,140813788
1160,1185,5805000000,140813770
1160,1185,5806000000,140813751
1160,1185,5807000000,140813733
1160,1185,5808000000,140813714
1160,1185,5809000000,140813696
1160,1185,5810000000,140813677
1160,1185,5811000000,140813661
1160,1185,5812000000,140813643
1160,1185,5813000000,140813623
1160,1185,5814000000,140813605
1160,1185,5815000000,140813589
1160,1185,5816000000,140813570
1160,1185,5817000000,140813551
1160,1185,5818000000,140813534
1160,1185,5819000000,140813515
1160,1185,5820000000,140813499
1160,1185,5821000000,140813480
1160,1185,5822000000,140813462
1160,1185,5823000000,140813444
1160,1185,5824000000,140813428
1160,1185,5825000000,140813408
1160,1185,5826000000,140813390
1160,1185,5827000000,140813371
1160,1185,5828000000,140813354
1160,1185,5829000000,140813335
1160,1185,5830000000,140813318
1160,1185,5831000000,140813299
1160,1185,5832000000,140813282
1160,1185,5833000000,140813263
1160,1185,5834000000,140813245
1160,1185,5835000000,140813227
1160,1185,5836000000,140813209
1160,1185,5837000000,140813190
1160,1185,5838000000,140813173
1160,1185,5839000000,140813155
1160,1185,5840000000,140813137
1160,1185,5841000000,140813118
1160,1185,5842000000,140813102
1160,1185,5843000000,140813083
1160,1185,5844000000,140813066
1160,1185,5845000000,140813047
1160,1185,5846000000,140813028
1160,1185,5847000000,140813009
1160,1185,5848000000,140812992
1160,1185,5849000000,140812975
1160,1185,5850000000,140812957
1160,1185,5851000000,140812938
1160,1185,5852000000,140812919
1160,1185,5853000000,140812903
1160,1185,5854000000,140812885
1160,1185,5855000000,140812867
1160,1185,5856000000,140812847
1160,1185,5857000000,140812831
1160,1185,5858000000,140812811
1160,1185,5859000000,140812794
1160,1185,5860000000,140812776
1160,1185,5861000000,140812758
1160,1185,5862000000,140812740
1160,1185,5863000000,140812724
1160,1185,5864000000,140812704
1160,1185,5865000000,140812687
1160,1185,5866000000,140812668
1160,1185,5867000000,140812650
1160,1185,5868000000,140812631
1160,1185,5869000000,140812615
1160,1185,5870000000,140812597
1160,1185,5871000000,140812579
1160,1185,5872000000,140812559
1160,1185,5873000000,140812542
1160,1185,5874000000,140812525
1160,1185,5875000000,140812506
1160,1185,5876000000,140812487
1160,1185,5877000000,140812469
1160,1185,5878000000,140812453
1160,1185,5879000000,140812432
1160,1185,5880000000,140812416
1160,1185,5881000000,140812397
1160,1185,5882000000,140812380
1160,1185,5883000000,140812361
1160,1185,5884000000,140812344
1160,1185,5885000000,140812324
1160,1185,5886000000,140812308
1160,1185,5887000000,140812289
1160,1185,5888000000,140812272
1160,1185,5889000000,140812253
1160,1185,5890000000,140812236
1160,1185,5891000000,140812217
1160,1185,5892000000,140812200
1160,1185,5893000000,140812181
1160,1185,5894000000,140812164
1160,1185,5895000000,140812145
1160,1185,5896000000,140812128
1160,1185,5897000000,140812108
1160,1185,5898000000,140812090
1160,1185,5899000000,140812074
1160,1185,5900000000,140812055
1160,1185,5901000000,140812039
1160,1185,5902000000,140812021
1160,1185,5903000000,140812002
1160,1185,5904000000,140811983
1160,1185,5905000000,140811966
1160,1185,5906000000,140811946
1160,1185,5907000000,140811930
1160,1185,5908000000,140811912
1160,1185,5909000000,140811894
1160,1185,5910000000,140811875
1160,1185,5911000000,140811858
1160,1185,5912000000,140811840
1160,1185,5913000000,140811823
1160,1185,5914000000,140811802
1160,1185,5915000000,140811785
1160,1185,5916000000,140811767
1160,1185,5917000000,140811749
1160,1185,5918000000,140811731
1160,1185,5919000000,140811714
1160,1185,5920000000,140811697
1160,1185,5921000000,140811678
1160,1185,5922000000,140811661
1160,1185,5923000000,140811642
1160,1185,5924000000,140811624
1160,1185,5925000000,140811605
1160,1185,5926000000,140811589
1160,1185,5927000000,140811569
1160,1185,5928000000,140811553
1160,1185,5929000000,140811535
1160,1185,5930000000,140811517
1160,1185,5931000000,140811498
1160,1185,5932000000,140811482
1160,1185,5933000000,140811463
1160,1185,5934000000,140811445
1160,1185,5935000000,140811427
1160,1185,5936000000,140811408
1160,1185,5937000000,140811391
1160,1185,5938000000,140811373
1160,1185,5939000000,140811355
1160,1185,5940000000,140811337
1160,1185,5941000000,140811320
1160,1185,5942000000,140811300
1160,1185,5943000000,140811284
1160,1185,5944000000,140811265
1160,1185,5945000000,140811247
1160,1185,5946000000,140811229
1160,1185,5947000000,140811213
1160,1185,5948000000,140811193
1160,1185,5949000000,140811176
1160,1185,5950000000,140811159
1160,1185,5951000000,140811141
1160,1185,5952000000,140811122
1160,1185,5953000000,140811103
1160,1185,5954000000,140811087
1160,1185,5955000000,140811067
1160,1185,5956000000,140811049
1160,1185,5957000000,140811030
1160,1185,5958000000,140811014
1160,1185,5959000000,140810996
1160,1185,5960000000,140810977
1160,1185,5961000000,140810959
1160,1185,5962000000,140810942
1160,1185,5963000000,140810922
1160,1185,5964000000,140810905
1160,1185,5965000000,140810888
1160,1185,5966000000,140810870
1160,1185,5967000000,140810852
1160,1185,5968000000,140810835
1160,1185,5969000000,140810817
1160,1185,5970000000,140810799
1160,1185,5971000000,140810783
1160,1185,5972000000,140810762
1160,1185,5973000000,140810745
1160,1185,5974000000,140810726
1160,1185,5975000000,140810709
1160,1185,5976000000,140810690
1160,1185,5977000000,140810673
1160,1185,5978000000,140810655
1160,1185,5979000000,140810638
1160,1185,5980000000,140810619
1160,1185,5981000000,140810599
1160,1185,5982000000,140810581
1160,1185,5983000000,140810563
1160,1185,5984000000,140810545
1160,1185,5985000000,140810527
1160,1185,5986000000,140810510
1160,1185,5987000000,140810491
1160,1185,5988000000,140810474
1160,1185,5989000000,140810456
1160,1185,5990000000,140810439
1160,1185,5991000000,140810420
1160,1185,5992000000,140810403
1160,1185,5993000000,140810385
1160,1185,5994000000,140810365
1160,1185,5995000000,140810348
1160,1185,5996000000,140810332
1160,1185,5997000000,140810315
1160,1185,5998000000,140810296
1160,1185,5999000000,140810278
1160,1185,6000000000,140810259
1160,1185,6001000000,140810243
1160,1185,6002000000,140810223
1160,1185,6003000000,140810206
1160,1185,6004000000,140810189
1160,1185,6005000000,140810171
1160,1185,6006000000,140810153
1160,1185,6007000000,140810135
1160,1185,6008000000,140810118
1160,1185,6009000000,140810100
1160,1185,6010000000,140810084
1160,1185,6011000000,140810064
1160,1185,6012000000,140810048
1160,1185,6013000000,140810029
1160,1185,6014000000,140810011
1160,1185,6015000000,140809992
1160,1185,6016000000,140809976
1160,1185,6017000000,140809959
1160,1185,6018000000,140809940
1160,1185,6019000000,140809921
1160,1185,6020000000,140809903
1160,1185,6021000000,140809886
1160,1185,6022000000,140809867
1160,1185,6023000000,140809849
1160,1185,6024000000,140809831
1160,1185,6025000000,140809814
1160,1185,6026000000,140809795
1160,1185,6027000000,140809779
1160,1185,6028000000,140809762
1160,1185,6029000000,140809743
1160,1185,6030000000,140809725
1160,1185,6031000000,140809709
1160,1185,6032000000,140809691
1160,1185,6033000000,140809672
1160,1185,6034000000,140809656
1160,1185,6035000000,140809637
1160,1185,6036000000,140809620
1160,1185,6037000000,140809601
1160,1185,6038000000,140809585
1160,1185,6039000000,140809566
1160,1185,6040000000,140809547
1160,1185,6041000000,140809528
1160,1185,6042000000,140809511
1160,1185,6043000000,140809495
1160,1185,6044000000,140809474
1160,1185,6045000000,140809458
1160,1185,6046000000,140809439
1160,1185,6047000000,140809422
1160,1185,6048000000,140809404
1160,1185,6049000000,140809386
1160,1185,6050000000,140809368
1160,1185,6051000000,140809351
1160,1185,6052000000,140809332
1160,1185,6053000000,140809314
1160,1185,6054000000,140809298
1160,1185,6055000000,140809280
1160,1185,6056000000,140809264
1160,1185,6057000000,140809243
1160,1185,6058000000,140809226
1160,1185,6059000000,140809207
1160,1185,6060000000,140809190
1160,1185,6061000000,140809171
1160,1185,6062000000,140809153
1160,1185,6063000000,140809135
1160,1185,6064000000,140809119
1160,1185,6065000000,140809100
1160,1185,6066000000,140809082
1160,1185,6067000000,140809065
1160,1185,6068000000,140809046
1160,1185,6069000000,140809029
1160,1185,6070000000,140809012
1160,1185,6071000000,140808992
1160,1185,6072000000,140808975
1160,1185,6073000000,140808958
1160,1185,6074000000,140808941
1160,1185,6075000000,140808923
1160,1185,6076000000,140808905
1160,1185,6077000000,140808886
1160,1185,6078000000,140808869
1160,1185,6079000000,140808850
1160,1185,6080000000,140808832
1160,1185,6081000000,140808815
1160,1185,6082000000,140808796
1160,1185,6083000000,140808778
1160,1185,6084000000,140808760
1160,1185,6085000000,140808743
1160,1185,6086000000,140808724
1160,1185,6087000000,140808707
1160,1185,6088000000,140808687
1160,1185,6089000000,140808671
1160,1185,6090000000,140808652
1160,1185,6091000000,140808635
1160,1185,6092000000,140808617
1160,1185,6093000000,140808600
1160,1185,6094000000,140808584
1160,1185,6095000000,140808564
1160,1185,6096000000,140808547
1160,1185,6097000000,140808528
1160,1185,6098000000,140808511
1160,1185,6099000000,140808492
1160,1185,6100000000,140808475
1160,1185,6101000000,140808456
1160,1185,6102000000,140808439
1160,1185,6103000000,140808422
1160,1185,6104000000,140808402
1160,1185,6105000000,140808386
1160,1185,6106000000,140808366
1160,1185,6107000000,140808348
1160,1185,6108000000,140808331
1160,1185,6109000000,140808311
1160,1185,6110000000,140808294
1160,1185,6111000000,140808277
1160,1185,6112000000,140808261
1160,1185,6113000000,140808242
1160,1185,6114000000,140808225
1160,1185,6115000000,140808207
1160,1185,6116000000,140808190
1160,1185,6117000000,140808171
1160,1185,6118000000,140808152
1160,1185,6119000000,140808134
1160,1185,6120000000,140808116
1160,1185,6121000000,140808100
1160,1185,6122000000,140808081
1160,1185,6123000000,140808064
1160,1185,6124000000,140808045
1160,1185,6125000000,140808027
1160,1185,6126000000,140808010
1160,1185,6127000000,140807992
1160,1185,6128000000,140807973
1160,1185,6129000000,140807955
1160,1185,6130000000,140807938
1160,1185,6131000000,140807920
1160,1185,6132000000,140807904
1160,1185,6133000000,140807885
1160,1185,6134000000,140807867
1160,1185,6135000000,140807850
1160,1185,6136000000,140807833
1160,1185,6137000000,140807814
1160,1185,6138000000,140807796
1160,1185,6139000000,140807778
1160,1185,6140000000,140807759
1160,1185,6141000000,140807743
1160,1185,6142000000,140807725
1160,1185,6143000000,140807707
1160,1185,6144000000,140807690
1160,1185,6145000000,140807672
1160,1185,6146000000,140807654
1160,1185,6147000000,140807635
1160,1185,6148000000,140807616
1160,1185,6149000000,140807598
1160,1185,6150000000,140807582
1160,1185,6151000000,140807564
1160,1185,6152000000,140807546
1160,1185,6153000000,140807528
1160,1185,6154000000,140807511
1160,1185,6155000000,140807494
1160,1185,6156000000,140807475
1160,1185,6157000000,140807457
1160,1185,6158000000,140807439
1160,1185,6159000000,140807422
1160,1185,6160000000,140807404
1160,1185,6161000000,140807385
1160,1185,6162000000,140807369
1160,1185,6163000000,140807350
1160,1185,6164000000,140807333
1160,1185,6165000000,140807313
1160,1185,6166000000,140807296
1160,1185,6167000000,140807277
1160,1185,6168000000,140807260
1160,1185,6169000000,140807241
1160,1185,6170000000,140807224
1160,1185,6171000000,140807207
1160,1185,6172000000,140807187
1160,1185,6173000000,140807171
1160,1185,6174000000,140807154
1160,1185,6175000000,140807135
1160,1185,6176000000,140807117
1160,1185,6177000000,140807099
1160,1185,6178000000,140807082
1160,1185,6179000000,140807064
1160,1185,6180000000,140807047
1160,1185,6181000000,140807029
1160,1185,6182000000,140807010
1160,1185,6183000000,140806993
1160,1185,6184000000,140806975
1160,1185,6185000000,140806957
1160,1185,6186000000,140806937
1160,1185,6187000000,140806921
1160,1185,6188000000,140806902
1160,1185,6189000000,140806886
1160,1185,6190000000,140806866
1160,1185,6191000000,140806848
1160,1185,6192000000,140806831
1160,1185,6193000000,140806813
1160,1185,6194000000,140806796
1160,1185,6195000000,140806777
1160,1185,6196000000,140806759
1160,1185,6197000000,140806742
1160,1185,6198000000,140806725
1160,1185,6199000000,140806706
1160,1185,6200000000,140806689
1160,1185,6201000000,140806672
1160,1185,6202000000,140806653
1160,1185,6203000000,140806635
1160,1185,6204000000,140806617
1160,1185,6205000000,140806599
1160,1185,6206000000,140806582
1160,1185,6207000000,140806564
1160,1185,6208000000,140806547
1160,1185,6209000000,140806528
1160,1185,6210000000,140806510
1160,1185,6211000000,140806492
1160,1185,6212000000,140806475
1160,1185,6213000000,140806456
1160,1185,6214000000,140806438
1160,1185,6215000000,140806421
1160,1185,6216000000,140806403
1160,1185,6217000000,140806386
1160,1185,6218000000,140806368
1160,1185,6219000000,140806351
1160,1185,6220000000,140806332
1160,1185,6221000000,140806315
1160,1185,6222000000,140806297
1160,1185,6223000000,140806278
1160,1185,6224000000,140806260
1160,1185,6225000000,140806243
1160,1185,6226000000,140806225
1160,1185,6227000000,140806208
1160,1185,6228000000,140806190
1160,1185,6229000000,140806172
1160,1185,6230000000,140806154
1160,1185,6231000000,140806137
1160,1185,6232000000,140806118
1160,1185,6233000000,140806100
1160,1185,6234000000,140806081
1160,1185,6235000000,140806064
1160,1185,6236000000,140806048
1160,1185,6237000000,140806029
1160,1185,6238000000,140806012
1160,1185,6239000000,140805994
1160,1185,6240000000,140805977
1160,1185,6241000000,140805958
1160,1185,6242000000,140805940
1160,1185,6243000000,140805922
1160,1185,6244000000,140805903
1160,1185,6245000000,140805887
1160,1185,6246000000,140805870
1160,1185,6247000000,140805852
1160,1185,6248000000,140805835
1160,1185,6249000000,140805817
1160,1185,6250000000,140805800
1160,1185,6251000000,140805782
1160,1185,6252000000,140805763
1160,1185,6253000000,140805744
1160,1185,6254000000,140805727
1160,1185,6255000000,140805710
1160,1185,6256000000,140805691
1160,1185,6257000000,140805675
1160,1185,6258000000,140805657
1160,1185,6259000000,140805639
1160,1185,6260000000,140805621
1160,1185,6261000000,140805603
1160,1185,6262000000,140805585
1160,1185,6263000000,140805567
1160,1185,6264000000,140805550
1160,1185,6265000000,140805532
1160,1185,6266000000,140805514
1160,1185,6267000000,140805496
1160,1185,6268000000,140805478
1160,1185,6269000000,140805462
1160,1185,6270000000,140805443
1160,1185,6271000000,140805424
1160,1185,6272000000,140805406
1160,1185,6273000000,140805388
1160,1185,6274000000,140805371
1160,1185,6275000000,140805352
1160,1185,6276000000,140805335
1160,1185,6277000000,140805317
1160,1185,6278000000,140805300
1160,1185,6279000000,140805282
1160,1185,6280000000,140805263
1160,1185,6281000000,140805248
1160,1185,6282000000,140805230
1160,1185,6283000000,140805213
1160,1185,6284000000,140805196
1160,1185,6285000000,140805177
1160,1185,6286000000,140805158
1160,1185,6287000000,140805141
1160,1185,6288000000,140805125
1160,1185,6289000000,140805106
1160,1185,6290000000,140805088
1160,1185,6291000000,140805069
1160,1185,6292000000,140805051
1160,1185,6293000000,140805035
1160,1185,6294000000,140805014
1160,1185,6295000000,140804998
1160,1185,6296000000,140804980
1160,1185,6297000000,140804962
1160,1185,6298000000,140804945
1160,1185,6299000000,140804927
1160,1185,6300000000,140804909
1160,1185,6301000000,140804892
1160,1185,6302000000,140804875
1160,1185,6303000000,140804857
1160,1185,6304000000,140804839
1160,1185,6305000000,140804822
1160,1185,6306000000,140804803
1160,1185,6307000000,140804786
1160,1185,6308000000,140804768
1160,1185,6309000000,140804749
1160,1185,6310000000,140804732
1160,1185,6311000000,140804714
1160,1185,6312000000,140804698
1160,1185,6313000000,140804680
1160,1185,6314000000,140804662
1160,1185,6315000000,140804643
1160,1185,6316000000,140804626
1160,1185,6317000000,140804608
1160,1185,6318000000,140804590
1160,1185,6319000000,140804572
1160,1185,6320000000,140804555
1160,1185,6321000000,140804537
1160,1185,6322000000,140804521
1160,1185,6323000000,140804502
1160,1185,6324000000,140804485
1160,1185,6325000000,140804468
1160,1185,6326000000,140804450
1160,1185,6327000000,140804433
1160,1185,6328000000,140804414
1160,1185,6329000000,140804397
1160,1185,6330000000,140804379
1160,1185,6331000000,140804362
1160,1185,6332000000,140804343
1160,1185,6333000000,140804324
1160,1185,6334000000,140804308
1160,1185,6335000000,140804289
1160,1185,6336000000,140804272
1160,1185,6337000000,140804254
1160,1185,6338000000,140804235
1160,1185,6339000000,140804218
1160,1185,6340000000,140804201
1160,1185,6341000000,140804184
1160,1185,6342000000,140804167
1160,1185,6343000000,140804149
1160,1185,6344000000,140804132
1160,1185,6345000000,140804114
1160,1185,6346000000,140804097
1160,1185,6347000000,140804078
1160,1185,6348000000,140804059
1160,1185,6349000000,140804042
1160,1185,6350000000,140804025
1160,1185,6351000000,140804007
1160,1185,6352000000,140803989
1160,1185,6353000000,140803971
1160,1185,6354000000,140803953
1160,1185,6355000000,140803935
1160,1185,6356000000,140803917
1160,1185,6357000000,140803897
1160,1185,6358000000,140803881
1160,1185,6359000000,140803864
1160,1185,6360000000,140803846
1160,1185,6361000000,140803829
1160,1185,6362000000,140803811
1160,1185,6363000000,140803794
1160,1185,6364000000,140803777
1160,1185,6365000000,140803759
1160,1185,6366000000,140803739
1160,1185,6367000000,140803722
1160,1185,6368000000,140803705
1160,1185,6369000000,140803687
1160,1185,6370000000,140803669
1160,1185,6371000000,140803651
1160,1185,6372000000,140803633
1160,1185,6373000000,140803617
1160,1185,6374000000,140803597
1160,1185,6375000000,140803579
1160,1185,6376000000,140803561
1160,1185,6377000000,140803543
1160,1185,6378000000,140803526
1160,1185,6379000000,140803508
1160,1185,6380000000,140803490
1160,1185,6381000000,140803472
1160,1185,6382000000,140803456
1160,1185,6383000000,140803440
1160,1185,6384000000,140803422
1160,1185,6385000000,140803403
1160,1185,6386000000,140803386
1160,1185,6387000000,140803368
1160,1185,6388000000,140803352
1160,1185,6389000000,140803333
1160,1185,6390000000,140803314
1160,1185,6391000000,140803297
1160,1185,6392000000,140803279
1160,1185,6393000000,140803261
1160,1185,6394000000,140803244
1160,1185,6395000000,140803225
1160,1185,6396000000,140803207
1160,1185,6397000000,140803189
1160,1185,6398000000,140803171
1160,1185,6399000000,140803153
1160,1185,6400000000,140803135
1160,1185,6401000000,140803118
1160,1185,6402000000,140803101
1160,1185,6403000000,140803085
1160,1185,6404000000,140803064
1160,1185,6405000000,140803048
1160,1185,6406000000,140803031
1160,1185,6407000000,140803013
1160,1185,6408000000,140802995
1160,1185,6409000000,140802976
1160,1185,6410000000,140802960
1160,1185,6411000000,140802942
1160,1185,6412000000,140802923
1160,1185,6413000000,140802905
1160,1185,6414000000,140802888
1160,1185,6415000000,140802870
1160,1185,6416000000,140802853
1160,1185,6417000000,140802834
1160,1185,6418000000,140802817
1160,1185,6419000000,140802798
1160,1185,6420000000,140802782
1160,1185,6421000000,140802764
1160,1185,6422000000,140802746
1160,1185,6423000000,140802728
1160,1185,6424000000,140802712
1160,1185,6425000000,140802694
1160,1185,6426000000,140802677
1160,1185,6427000000,140802658
1160,1185,6428000000,140802641
1160,1185,6429000000,140802624
1160,1185,6430000000,140802605
1160,1185,6431000000,140802586
1160,1185,6432000000,140802569
1160,1185,6433000000,140802552
1160,1185,6434000000,140802534
1160,1185,6435000000,140802516
1160,1185,6436000000,140802498
1160,1185,6437000000,140802479
1160,1185,6438000000,140802463
1160,1185,6439000000,140802445
1160,1185,6440000000,140802428
1160,1185,6441000000,140802408
1160,1185,6442000000,140802390
1160,1185,6443000000,140802374
1160,1185,6444000000,140802357
1160,1185,6445000000,140802340
1160,1185,6446000000,140802320
1160,1185,6447000000,140802304
1160,1185,6448000000,140802288
1160,1185,6449000000,140802269
1160,1185,6450000000,140802252
1160,1185,6451000000,140802234
1160,1185,6452000000,140802215
1160,1185,6453000000,140802199
1160,1185,6454000000,140802180
1160,1185,6455000000,140802163
1160,1185,6456000000,140802145
1160,1185,6457000000,140802127
1160,1185,6458000000,140802111
1160,1185,6459000000,140802093
1160,1185,6460000000,140802074
1160,1185,6461000000,140802056
1160,1185,6462000000,140802039
1160,1185,6463000000,140802022
1160,1185,6464000000,140802004
1160,1185,6465000000,140801986
1160,1185,6466000000,140801970
1160,1185,6467000000,140801952
1160,1185,6468000000,140801933
1160,1185,6469000000,140801916
1160,1185,6470000000,140801898
1160,1185,6471000000,140801880
1160,1185,6472000000,140801863
1160,1185,6473000000,140801845
1160,1185,6474000000,140801827
1160,1185,6475000000,140801810
1160,1185,6476000000,140801794
1160,1185,6477000000,140801777
1160,1185,6478000000,140801759
1160,1185,6479000000,140801738
1160,1185,6480000000,140801721
1160,1185,6481000000,140801704
1160,1185,6482000000,140801687
1160,1185,6483000000,140801667
1160,1185,6484000000,140801650
1160,1185,6485000000,140801634
1160,1185,6486000000,140801618
1160,1185,6487000000,140801598
1160,1185,6488000000,140801581
1160,1185,6489000000,140801564
1160,1185,6490000000,140801546
1160,1185,6491000000,140801529
1160,1185,6492000000,140801511
1160,1185,6493000000,140801492
1160,1185,6494000000,140801476
1160,1185,6495000000,140801459
1160,1185,6496000000,140801442
1160,1185,6497000000,140801423
1160,1185,6498000000,140801404
1160,1185,6499000000,140801388
1160,1185,6500000000,140801370
1160,1185,6501000000,140801352
1160,1185,6502000000,140801332
1160,1185,6503000000,140801316
1160,1185,6504000000,140801298
1160,1185,6505000000,140801280
1160,1185,6506000000,140801262
1160,1185,6507000000,140801247
1160,1185,6508000000,140801228
1160,1185,6509000000,140801211
1160,1185,6510000000,140801194
1160,1185,6511000000,140801176
1160,1185,6512000000,140801159
1160,1185,6513000000,140801141
1160,1185,6514000000,140801123
1160,1185,6515000000,140801106
1160,1185,6516000000,140801087
1160,1185,6517000000,140801069
1160,1185,6518000000,140801052
1160,1185,6519000000,140801035
1160,1185,6520000000,140801018
1160,1185,6521000000,140800999
1160,1185,6522000000,140800983
1160,1185,6523000000,140800965
1160,1185,6524000000,140800946
1160,1185,6525000000,140800929
1160,1185,6526000000,140800912
1160,1185,6527000000,140800894
1160,1185,6528000000,140800877
1160,1185,6529000000,140800859
1160,1185,6530000000,140800841
1160,1185,6531000000,140800824
1160,1185,6532000000,140800806
1160,1185,6533000000,140800790
1160,1185,6534000000,140800772
1160,1185,6535000000,140800751
1160,1185,6536000000,140800735
1160,1185,6537000000,140800718
1160,1185,6538000000,140800701
1160,1185,6539000000,140800682
1160,1185,6540000000,140800665
1160,1185,6541000000,140800648
1160,1185,6542000000,140800630
1160,1185,6543000000,140800610
1160,1185,6544000000,140800593
1160,1185,6545000000,140800575
1160,1185,6546000000,140800558
1160,1185,6547000000,140800540
1160,1185,6548000000,140800523
1160,1185,6549000000,140800504
1160,1185,6550000000,140800489
1160,1185,6551000000,140800472
1160,1185,6552000000,140800454
1160,1185,6553000000,140800436
1160,1185,6554000000,140800417
1160,1185,6555000000,140800399
1160,1185,6556000000,140800382
1160,1185,6557000000,140800365
1160,1185,6558000000,140800346
1160,1185,6559000000,140800330
1160,1185,6560000000,140800312
1160,1185,6561000000,140800294
1160,1185,6562000000,140800276
1160,1185,6563000000,140800258
1160,1185,6564000000,140800240
1160,1185,6565000000,140800223
1160,1185,6566000000,140800205
1160,1185,6567000000,140800188
1160,1185,6568000000,140800170
1160,1185,6569000000,140800153
1160,1185,6570000000,140800136
1160,1185,6571000000,140800119
1160,1185,6572000000,140800099
1160,1185,6573000000,140800081
1160,1185,6574000000,140800065
1160,1185,6575000000,140800047
1160,1185,6576000000,140800028
1160,1185,6577000000,140800012
1160,1185,6578000000,140799996
1160,1185,6579000000,140799978
1160,1185,6580000000,140799959
1160,1185,6581000000,140799941
1160,1185,6582000000,140799924
1160,1185,6583000000,140799905
1160,1185,6584000000,140799887
1160,1185,6585000000,140799869
1160,1185,6586000000,140799852
1160,1185,6587000000,140799834
1160,1185,6588000000,140799817
1160,1185,6589000000,140799800
1160,1185,6590000000,140799784
1160,1185,6591000000,140799764
1160,1185,6592000000,140799747
1160,1185,6593000000,140799730
1160,1185,6594000000,140799713
1160,1185,6595000000,140799696
1160,1185,6596000000,140799678
1160,1185,6597000000,140799660
1160,1185,6598000000,140799643
1160,1185,6599000000,140799624
1160,1185,6600000000,140799607
1160,1185,6601000000,140799590
1160,1185,6602000000,140799572
1160,1185,6603000000,140799554
1160,1185,6604000000,140799536
1160,1185,6605000000,140799518
1160,1185,6606000000,140799501
1160,1185,6607000000,140799483
1160,1185,6608000000,140799466
1160,1185,6609000000,140799448
1160,1185,6610000000,140799430
1160,1185,6611000000,140799412
1160,1185,6612000000,140799396
1160,1185,6613000000,140799379
1160,1185,6614000000,140799361
1160,1185,6615000000,140799343
1160,1185,6616000000,140799326
1160,1185,6617000000,140799307
1160,1185,6618000000,140799290
1160,1185,6619000000,140799273
1160,1185,6620000000,140799254
1160,1185,6621000000,140799237
1160,1185,6622000000,140799220
1160,1185,6623000000,140799201
1160,1185,6624000000,140799184
1160,1185,6625000000,140799167
1160,1185,6626000000,140799149
1160,1185,6627000000,140799131
1160,1185,6628000000,140799113
1160,1185,6629000000,140799097
1160,1185,6630000000,140799080
1160,1185,6631000000,140799063
1160,1185,6632000000,140799044
1160,1185,6633000000,140799027
1160,1185,6634000000,140799010
1160,1185,6635000000,140798991
1160,1185,6636000000,140798973
1160,1185,6637000000,140798956
1160,1185,6638000000,140798938
1160,1185,6639000000,140798920
1160,1185,6640000000,140798902
1160,1185,6641000000,140798886
1160,1185,6642000000,140798868
1160,1185,6643000000,140798850
1160,1185,6644000000,140798834
1160,1185,6645000000,140798816
1160,1185,6646000000,140798798
1160,1185,6647000000,140798778
1160,1185,6648000000,140798761
1160,1185,6649000000,140798744
1160,1185,6650000000,140798727
1160,1185,6651000000,140798709
1160,1185,6652000000,140798693
1160,1185,6653000000,140798675
1160,1185,6654000000,140798657
1160,1185,6655000000,140798640
1160,1185,6656000000,140798622
1160,1185,6657000000,140798604
1160,1185,6658000000,140798586
1160,1185,6659000000,140798569
1160,1185,6660000000,140798551
1160,1185,6661000000,140798533
1160,1185,6662000000,140798516
1160,1185,6663000000,140798501
1160,1185,6664000000,140798482
1160,1185,6665000000,140798463
1160,1185,6666000000,140798445
1160,1185,6667000000,140798428
1160,1185,6668000000,140798410
1160,1185,6669000000,140798391
1160,1185,6670000000,140798374
1160,1185,6671000000,140798357
1160,1185,6672000000,140798339
1160,1185,6673000000,140798321
1160,1185,6674000000,140798306
1160,1185,6675000000,140798289
1160,1185,6676000000,140798271
1160,1185,6677000000,140798253
1160,1185,6678000000,140798235
1160,1185,6679000000,140798216
1160,1185,6680000000,140798199
1160,1185,6681000000,140798183
1160,1185,6682000000,140798165
1160,1185,6683000000,140798147
1160,1185,6684000000,140798128
1160,1185,6685000000,140798112
1160,1185,6686000000,140798094
1160,1185,6687000000,140798076
1160,1185,6688000000,140798058
1160,1185,6689000000,140798041
1160,1185,6690000000,140798023
1160,1185,6691000000,140798007
1160,1185,6692000000,140797989
1160,1185,6693000000,140797972
1160,1185,6694000000,140797954
1160,1185,6695000000,140797936
1160,1185,6696000000,140797920
1160,1185,6697000000,140797901
1160,1185,6698000000,140797884
1160,1185,6699000000,140797867
1160,1185,6700000000,140797849
1160,1185,6701000000,140797832
1160,1185,6702000000,140797815
1160,1185,6703000000,140797796
1160,1185,6704000000,140797779
1160,1185,6705000000,140797762
1160,1185,6706000000,140797743
1160,1185,6707000000,140797725
1160,1185,6708000000,140797709
1160,1185,6709000000,140797691
1160,1185,6710000000,140797673
1160,1185,6711000000,140797656
1160,1185,6712000000,140797639
1160,1185,6713000000,140797622
1160,1185,6714000000,140797605
1160,1185,6715000000,140797588
1160,1185,6716000000,140797571
1160,1185,6717000000,140797555
1160,1185,6718000000,140797537
1160,1185,6719000000,140797520
1160,1185,6720000000,140797503
1160,1185,6721000000,140797483
1160,1185,6722000000,140797466
1160,1185,6723000000,140797449
1160,1185,6724000000,140797431
1160,1185,6725000000,140797413
1160,1185,6726000000,140797395
1160,1185,6727000000,140797379
1160,1185,6728000000,140797361
1160,1185,6729000000,140797342
1160,1185,6730000000,140797326
1160,1185,6731000000,140797308
1160,1185,6732000000,140797289
1160,1185,6733000000,140797273
1160,1185,6734000000,140797255
1160,1185,6735000000,140797237
1160,1185,6736000000,140797221
1160,1185,6737000000,140797205
1160,1185,6738000000,140797186
1160,1185,6739000000,140797170
1160,1185,6740000000,140797151
1160,1185,6741000000,140797133
1160,1185,6742000000,140797116
1160,1185,6743000000,140797098
1160,1185,6744000000,140797080
1160,1185,6745000000,140797063
1160,1185,6746000000,140797044
1160,1185,6747000000,140797028
1160,1185,6748000000,140797009
1160,1185,6749000000,140796992
1160,1185,6750000000,140796974
1160,1185,6751000000,140796955
1160,1185,6752000000,140796937
1160,1185,6753000000,140796922
1160,1185,6754000000,140796905
1160,1185,6755000000,140796888
1160,1185,6756000000,140796870
1160,1185,6757000000,140796854
1160,1185,6758000000,140796835
1160,1185,6759000000,140796818
1160,1185,6760000000,140796800
1160,1185,6761000000,140796783
1160,1185,6762000000,140796764
1160,1185,6763000000,140796748
1160,1185,6764000000,140796729
1160,1185,6765000000,140796713
1160,1185,6766000000,140796695
1160,1185,6767000000,140796679
1160,1185,6768000000,140796661
1160,1185,6769000000,140796641
1160,1185,6770000000,140796625
1160,1185,6771000000,140796606
1160,1185,6772000000,140796588
1160,1185,6773000000,140796572
1160,1185,6774000000,140796555
1160,1185,6775000000,140796537
1160,1185,6776000000,140796520
1160,1185,6777000000,140796503
1160,1185,6778000000,140796486
1160,1185,6779000000,140796469
1160,1185,6780000000,140796451
1160,1185,6781000000,140796432
1160,1185,6782000000,140796415
1160,1185,6783000000,140796397
1160,1185,6784000000,140796379
1160,1185,6785000000,140796361
1160,1185,6786000000,140796346
1160,1185,6787000000,140796327
1160,1185,6788000000,140796310
1160,1185,6789000000,140796290
1160,1185,6790000000,140796274
1160,1185,6791000000,140796256
1160,1185,6792000000,140796239
1160,1185,6793000000,140796221
1160,1185,6794000000,140796204
1160,1185,6795000000,140796185
1160,1185,6796000000,140796170
1160,1185,6797000000,140796152
1160,1185,6798000000,140796134
1160,1185,6799000000,140796117
1160,1185,6800000000,140796100
1160,1185,6801000000,140796082
1160,1185,6802000000,140796065
1160,1185,6803000000,140796046
1160,1185,6804000000,140796029
1160,1185,6805000000,140796013
1160,1185,6806000000,140795994
1160,1185,6807000000,140795977
1160,1185,6808000000,140795959
1160,1185,6809000000,140795942
1160,1185,6810000000,140795923
1160,1185,6811000000,140795907
1160,1185,6812000000,140795889
1160,1185,6813000000,140795870
1160,1185,6814000000,140795854
1160,1185,6815000000,140795837
1160,1185,6816000000,140795819
1160,1185,6817000000,140795802
1160,1185,6818000000,140795784
1160,1185,6819000000,140795766
1160,1185,6820000000,140795750
1160,1185,6821000000,140795731
1160,1185,6822000000,140795714
1160,1185,6823000000,140795698
1160,1185,6824000000,140795679
1160,1185,6825000000,140795662
1160,1185,6826000000,140795643
1160,1185,6827000000,140795627
1160,1185,6828000000,140795610
1160,1185,6829000000,140795592
1160,1185,6830000000,140795572
1160,1185,6831000000,140795556
1160,1185,6832000000,140795537
1160,1185,6833000000,140795521
1160,1185,6834000000,140795503
1160,1185,6835000000,140795486
1160,1185,6836000000,140795468
1160,1185,6837000000,140795452
1160,1185,6838000000,140795433
1160,1185,6839000000,140795416
1160,1185,6840000000,140795400
1160,1185,6841000000,140795382
1160,1185,6842000000,140795363
1160,1185,6843000000,140795346
1160,1185,6844000000,140795328
1160,1185,6845000000,140795311
1160,1185,6846000000,140795294
1160,1185,6847000000,140795277
1160,1185,6848000000,140795259
1160,1185,6849000000,140795243
1160,1185,6850000000,140795224
1160,1185,6851000000,140795205
1160,1185,6852000000,140795189
1160,1185,6853000000,140795170
1160,1185,6854000000,140795152
1160,1185,6855000000,140795136
1160,1185,6856000000,140795118
1160,1185,6857000000,140795101
1160,1185,6858000000,140795085
1160,1185,6859000000,140795067
1160,1185,6860000000,140795050
1160,1185,6861000000,140795032
1160,1185,6862000000,140795014
1160,1185,6863000000,140794995
1160,1185,6864000000,140794979
1160,1185,6865000000,140794962
1160,1185,6866000000,140794945
1160,1185,6867000000,140794928
1160,1185,6868000000,140794910
1160,1185,6869000000,140794892
1160,1185,6870000000,140794875
1160,1185,6871000000,140794856
1160,1185,6872000000,140794839
1160,1185,6873000000,140794822
1160,1185,6874000000,140794804
1160,1185,6875000000,140794787
1160,1185,6876000000,140794770
1160,1185,6877000000,140794753
1160,1185,6878000000,140794736
1160,1185,6879000000,140794717
1160,1185,6880000000,140794700
1160,1185,6881000000,140794682
1160,1185,6882000000,140794666
1160,1185,6883000000,140794649
1160,1185,6884000000,140794630
1160,1185,6885000000,140794614
1160,1185,6886000000,140794597
1160,1185,6887000000,140794577
1160,1185,6888000000,140794561
1160,1185,6889000000,140794543
1160,1185,6890000000,140794526
1160,1185,6891000000,140794510
1160,1185,6892000000,140794490
1160,1185,6893000000,140794473
1160,1185,6894000000,140794457
1160,1185,6895000000,140794438
1160,1185,6896000000,140794421
1160,1185,6897000000,140794404
1160,1185,6898000000,140794387
1160,1185,6899000000,140794368
1160,1185,6900000000,140794352
1160,1185,6901000000,140794336
1160,1185,6902000000,140794319
1160,1185,6903000000,140794300
1160,1185,6904000000,140794284
1160,1185,6905000000,140794265
1160,1185,6906000000,140794248
1160,1185,6907000000,140794231
1160,1185,6908000000,140794215
1160,1185,6909000000,140794197
1160,1185,6910000000,140794181
1160,1185,6911000000,140794162
1160,1185,6912000000,140794143
1160,1185,6913000000,140794126
1160,1185,6914000000,140794110
1160,1185,6915000000,140794091
1160,1185,6916000000,140794074
1160,1185,6917000000,140794057
1160,1185,6918000000,140794040
1160,1185,6919000000,140794024
1160,1185,6920000000,140794007
1160,1185,6921000000,140793989
1160,1185,6922000000,140793973
1160,1185,6923000000,140793958
1160,1185,6924000000,140793939
1160,1185,6925000000,140793922
1160,1185,6926000000,140793903
1160,1185,6927000000,140793886
1160,1185,6928000000,140793868
1160,1185,6929000000,140793850
1160,1185,6930000000,140793833
1160,1185,6931000000,140793817
1160,1185,6932000000,140793799
1160,1185,6933000000,140793781
1160,1185,6934000000,140793763
1160,1185,6935000000,140793745
1160,1185,6936000000,140793726
1160,1185,6937000000,140793710
1160,1185,6938000000,140793694
1160,1185,6939000000,140793676
1160,1185,6940000000,140793660
1160,1185,6941000000,140793643
1160,1185,6942000000,140793625
1160,1185,6943000000,140793609
1160,1185,6944000000,140793591
1160,1185,6945000000,140793573
1160,1185,6946000000,140793554
1160,1185,6947000000,140793538
1160,1185,6948000000,140793521
1160,1185,6949000000,140793503
1160,1185,6950000000,140793486
1160,1185,6951000000,140793470
1160,1185,6952000000,140793451
1160,1185,6953000000,140793432
1160,1185,6954000000,140793414
1160,1185,6955000000,140793398
1160,1185,6956000000,140793381
1160,1185,6957000000,140793362
1160,1185,6958000000,140793345
1160,1185,6959000000,140793329
1160,1185,6960000000,140793312
1160,1185,6961000000,140793293
1160,1185,6962000000,140793277
1160,1185,6963000000,140793260
1160,1185,6964000000,140793242
1160,1185,6965000000,140793224
1160,1185,6966000000,140793207
1160,1185,6967000000,140793188
1160,1185,6968000000,140793171
1160,1185,6969000000,140793155
1160,1185,6970000000,140793138
1160,1185,6971000000,140793120
1160,1185,6972000000,140793103
1160,1185,6973000000,140793085
1160,1185,6974000000,140793066
1160,1185,6975000000,140793049
1160,1185,6976000000,140793031
1160,1185,6977000000,140793015
1160,1185,6978000000,140792998
1160,1185,6979000000,140792980
1160,1185,6980000000,140792962
1160,1185,6981000000,140792946
1160,1185,6982000000,140792927
1160,1185,6983000000,140792909
1160,1185,6984000000,140792893
1160,1185,6985000000,140792876
1160,1185,6986000000,140792858
1160,1185,6987000000,140792841
1160,1185,6988000000,140792824
1160,1185,6989000000,140792805
1160,1185,6990000000,140792787
1160,1185,6991000000,140792771
1160,1185,6992000000,140792755
1160,1185,6993000000,140792736
1160,1185,6994000000,140792718
1160,1185,6995000000,140792702
1160,1185,6996000000,140792684
1160,1185,6997000000,140792666
1160,1185,6998000000,140792647
1160,1185,6999000000,140792631
1160,1185,7000000000,140792615
1160,1185,7001000000,140792596
1160,1185,7002000000,140792578
1160,1185,7003000000,140792563
1160,1185,7004000000,140792546
1160,1185,7005000000,140792528
1160,1185,7006000000,140792511
1160,1185,7007000000,140792493
1160,1185,7008000000,140792474
1160,1185,7009000000,140792457
1160,1185,7010000000,140792440
1160,1185,7011000000,140792422
1160,1185,7012000000,140792406
1160,1185,7013000000,140792390
1160,1185,7014000000,140792373
1160,1185,7015000000,140792352
1160,1185,7016000000,140792335
1160,1185,7017000000,140792317
1160,1185,7018000000,140792299
1160,1185,7019000000,140792281
1160,1185,7020000000,140792266
1160,1185,7021000000,140792249
1160,1185,7022000000,140792233
1160,1185,7023000000,140792215
1160,1185,7024000000,140792197
1160,1185,7025000000,140792180
1160,1185,7026000000,140792161
1160,1185,7027000000,140792143
1160,1185,7028000000,140792127
1160,1185,7029000000,140792111
1160,1185,7030000000,140792093
1160,1185,7031000000,140792075
1160,1185,7032000000,140792059
1160,1185,7033000000,140792042
1160,1185,7034000000,140792021
1160,1185,7035000000,140792004
1160,1185,7036000000,140791988
1160,1185,7037000000,140791971
1160,1185,7038000000,140791952
1160,1185,7039000000,140791935
1160,1185,7040000000,140791918
1160,1185,7041000000,140791900
1160,1185,7042000000,140791884
1160,1185,7043000000,140791866
1160,1185,7044000000,140791847
1160,1185,7045000000,140791832
1160,1185,7046000000,140791816
1160,1185,7047000000,140791797
1160,1185,7048000000,140791779
1160,1185,7049000000,140791763
1160,1185,7050000000,140791746
1160,1185,7051000000,140791727
1160,1185,7052000000,140791709
1160,1185,7053000000,140791693
1160,1185,7054000000,140791676
1160,1185,7055000000,140791658
1160,1185,7056000000,140791640
1160,1185,7057000000,140791622
1160,1185,7058000000,140791605
1160,1185,7059000000,140791587
1160,1185,7060000000,140791570
1160,1185,7061000000,140791553
1160,1185,7062000000,140791537
1160,1185,7063000000,140791519
1160,1185,7064000000,140791501
1160,1185,7065000000,140791485
1160,1185,7066000000,140791467
1160,1185,7067000000,140791449
1160,1185,7068000000,140791433
1160,1185,7069000000,140791416
1160,1185,7070000000,140791397
1160,1185,7071000000,140791380
1160,1185,7072000000,140791363
1160,1185,7073000000,140791345
1160,1185,7074000000,140791327
1160,1185,7075000000,140791310
1160,1185,7076000000,140791293
1160,1185,7077000000,140791275
1160,1185,7078000000,140791259
1160,1185,7079000000,140791241
1160,1185,7080000000,140791221
1160,1185,7081000000,140791204
1160,1185,7082000000,140791188
1160,1185,7083000000,140791172
1160,1185,7084000000,140791154
1160,1185,7085000000,140791138
1160,1185,7086000000,140791121
1160,1185,7087000000,140791103
1160,1185,7088000000,140791085
1160,1185,7089000000,140791068
1160,1185,7090000000,140791049
1160,1185,7091000000,140791032
1160,1185,7092000000,140791015
1160,1185,7093000000,140790998
1160,1185,7094000000,140790981
1160,1185,7095000000,140790964
1160,1185,7096000000,140790947
1160,1185,7097000000,140790927
1160,1185,7098000000,140790910
1160,1185,7099000000,140790893
1160,1185,7100000000,140790874
1160,1185,7101000000,140790858
1160,1185,7102000000,140790841
1160,1185,7103000000,140790826
1160,1185,7104000000,140790809
1160,1185,7105000000,140790791
1160,1185,7106000000,140790773
1160,1185,7107000000,140790756
1160,1185,7108000000,140790739
1160,1185,7109000000,140790722
1160,1185,7110000000,140790702
1160,1185,7111000000,140790686
1160,1185,7112000000,140790669
1160,1185,7113000000,140790651
1160,1185,7114000000,140790636
1160,1185,7115000000,140790619
1160,1185,7116000000,140790601
1160,1185,7117000000,140790581
1160,1185,7118000000,140790565
1160,1185,7119000000,140790549
1160,1185,7120000000,140790528
1160,1185,7121000000,140790512
1160,1185,7122000000,140790498
1160,1185,7123000000,140790480
1160,1185,7124000000,140790462
1160,1185,7125000000,140790444
1160,1185,7126000000,140790428
1160,1185,7127000000,140790410
1160,1185,7128000000,140790393
1160,1185,7129000000,140790376
1160,1185,7130000000,140790359
1160,1185,7131000000,140790340
1160,1185,7132000000,140790324
1160,1185,7133000000,140790305
1160,1185,7134000000,140790287
1160,1185,7135000000,140790271
1160,1185,7136000000,140790256
1160,1185,7137000000,140790236
1160,1185,7138000000,140790218
1160,1185,7139000000,140790202
1160,1185,7140000000,140790184
1160,1185,7141000000,140790166
1160,1185,7142000000,140790149
1160,1185,7143000000,140790133
1160,1185,7144000000,140790115
1160,1185,7145000000,140790099
1160,1185,7146000000,140790080
1160,1185,7147000000,140790064
1160,1185,7148000000,140790047
1160,1185,7149000000,140790029
1160,1185,7150000000,140790011
1160,1185,7151000000,140789993
1160,1185,7152000000,140789977
1160,1185,7153000000,140789958
1160,1185,7154000000,140789941
1160,1185,7155000000,140789926
1160,1185,7156000000,140789909
1160,1185,7157000000,140789891
1160,1185,7158000000,140789873
1160,1185,7159000000,140789857
1160,1185,7160000000,140789841
1160,1185,7161000000,140789819
1160,1185,7162000000,140789803
1160,1185,7163000000,140789787
1160,1185,7164000000,140789768
1160,1185,7165000000,140789752
1160,1185,7166000000,140789736
1160,1185,7167000000,140789720
1160,1185,7168000000,140789701
1160,1185,7169000000,140789684
1160,1185,7170000000,140789666
1160,1185,7171000000,140789646
1160,1185,7172000000,140789631
1160,1185,7173000000,140789615
1160,1185,7174000000,140789597
1160,1185,7175000000,140789580
1160,1185,7176000000,140789564
1160,1185,7177000000,140789548
1160,1185,7178000000,140789528
1160,1185,7179000000,140789510
1160,1185,7180000000,140789494
1160,1185,7181000000,140789477
1160,1185,7182000000,140789456
1160,1185,7183000000,140789440
1160,1185,7184000000,140789425
1160,1185,7185000000,140789408
1160,1185,7186000000,140789390
1160,1185,7187000000,140789373
1160,1185,7188000000,140789358
1160,1185,7189000000,140789338
1160,1185,7190000000,140789322
1160,1185,7191000000,140789304
1160,1185,7192000000,140789286
1160,1185,7193000000,140789270
1160,1185,7194000000,140789253
1160,1185,7195000000,140789237
1160,1185,7196000000,140789217
1160,1185,7197000000,140789201
1160,1185,7198000000,140789184
1160,1185,7199000000,140789165
1160,1185,7200000000,140789147
1160,1185,7201000000,140789130
1160,1185,7202000000,140789113
1160,1185,7203000000,140789096
1160,1185,7204000000,140789078
1160,1185,7205000000,140789062
1160,1185,7206000000,140789046
1160,1185,7207000000,140789026
1160,1185,7208000000,140789011
1160,1185,7209000000,140788994
1160,1185,7210000000,140788975
1160,1185,7211000000,140788958
1160,1185,7212000000,140788941
1160,1185,7213000000,140788925
1160,1185,7214000000,140788906
1160,1185,7215000000,140788889
1160,1185,7216000000,140788873
1160,1185,7217000000,140788855
1160,1185,7218000000,140788837
1160,1185,7219000000,140788820
1160,1185,7220000000,140788804
1160,1185,7221000000,140788787
1160,1185,7222000000,140788767
1160,1185,7223000000,140788751
1160,1185,7224000000,140788732
1160,1185,7225000000,140788715
1160,1185,7226000000,140788701
1160,1185,7227000000,140788683
1160,1185,7228000000,140788665
1160,1185,7229000000,140788649
1160,1185,7230000000,140788633
1160,1185,7231000000,140788614
1160,1185,7232000000,140788596
1160,1185,7233000000,140788579
1160,1185,7234000000,140788563
1160,1185,7235000000,140788543
1160,1185,7236000000,140788526
1160,1185,7237000000,140788510
1160,1185,7238000000,140788494
1160,1185,7239000000,140788475
1160,1185,7240000000,140788457
1160,1185,7241000000,140788441
1160,1185,7242000000,140788421
1160,1185,7243000000,140788403
1160,1185,7244000000,140788388
1160,1185,7245000000,140788371
1160,1185,7246000000,140788354
1160,1185,7247000000,140788338
1160,1185,7248000000,140788321
1160,1185,7249000000,140788305
1160,1185,7250000000,140788286
1160,1185,7251000000,140788268
1160,1185,7252000000,140788251
1160,1185,7253000000,140788232
1160,1185,7254000000,140788215
1160,1185,7255000000,140788199
1160,1185,7256000000,140788182
1160,1185,7257000000,140788165
1160,1185,7258000000,140788147
1160,1185,7259000000,140788131
1160,1185,7260000000,140788110
1160,1185,7261000000,140788094
1160,1185,7262000000,140788078
1160,1185,7263000000,140788059
1160,1185,7264000000,140788041
1160,1185,7265000000,140788026
1160,1185,7266000000,140788011
1160,1185,7267000000,140787993
1160,1185,7268000000,140787974
1160,1185,7269000000,140787957
1160,1185,7270000000,140787941
1160,1185,7271000000,140787922
1160,1185,7272000000,140787905
1160,1185,7273000000,140787888
1160,1185,7274000000,140787872
1160,1185,7275000000,140787852
1160,1185,7276000000,140787835
1160,1185,7277000000,140787819
1160,1185,7278000000,140787803
1160,1185,7279000000,140787785
1160,1185,7280000000,140787767
1160,1185,7281000000,140787749
1160,1185,7282000000,140787731
1160,1185,7283000000,140787714
1160,1185,7284000000,140787699
1160,1185,7285000000,140787682
1160,1185,7286000000,140787663
1160,1185,7287000000,140787646
1160,1185,7288000000,140787630
1160,1185,7289000000,140787611
1160,1185,7290000000,140787594
1160,1185,7291000000,140787579
1160,1185,7292000000,140787561
1160,1185,7293000000,140787542
1160,1185,7294000000,140787526
1160,1185,7295000000,140787510
1160,1185,7296000000,140787492
1160,1185,7297000000,140787474
1160,1185,7298000000,140787458
1160,1185,7299000000,140787441
1160,1185,7300000000,140787423
1160,1185,7301000000,140787406
1160,1185,7302000000,140787390
1160,1185,7303000000,140787373
1160,1185,7304000000,140787353
1160,1185,7305000000,140787337
1160,1185,7306000000,140787321
1160,1185,7307000000,140787303
1160,1185,7308000000,140787285
1160,1185,7309000000,140787269
1160,1185,7310000000,140787253
1160,1185,7311000000,140787237
1160,1185,7312000000,140787218
1160,1185,7313000000,140787201
1160,1185,7314000000,140787182
1160,1185,7315000000,140787166
1160,1185,7316000000,140787148
1160,1185,7317000000,140787132
1160,1185,7318000000,140787116
1160,1185,7319000000,140787098
1160,1185,7320000000,140787081
1160,1185,7321000000,140787063
1160,1185,7322000000,140787046
1160,1185,7323000000,140787028
1160,1185,7324000000,140787009
1160,1185,7325000000,140786992
1160,1185,7326000000,140786976
1160,1185,7327000000,140786960
1160,1185,7328000000,140786944
1160,1185,7329000000,140786925
1160,1185,7330000000,140786908
1160,1185,7331000000,140786892
1160,1185,7332000000,140786875
1160,1185,7333000000,140786857
1160,1185,7334000000,140786838
1160,1185,7335000000,140786822
1160,1185,7336000000,140786805
1160,1185,7337000000,140786789
1160,1185,7338000000,140786772
1160,1185,7339000000,140786754
1160,1185,7340000000,140786738
1160,1185,7341000000,140786720
1160,1185,7342000000,140786700
1160,1185,7343000000,140786684
1160,1185,7344000000,140786666
1160,1185,7345000000,140786651
1160,1185,7346000000,140786633
1160,1185,7347000000,140786615
1160,1185,7348000000,140786599
1160,1185,7349000000,140786582
1160,1185,7350000000,140786563
1160,1185,7351000000,140786548
1160,1185,7352000000,140786531
1160,1185,7353000000,140786511
1160,1185,7354000000,140786496
1160,1185,7355000000,140786479
1160,1185,7356000000,140786463
1160,1185,7357000000,140786443
1160,1185,7358000000,140786426
1160,1185,7359000000,140786411
1160,1185,7360000000,140786394
1160,1185,7361000000,140786373
1160,1185,7362000000,140786356
1160,1185,7363000000,140786341
1160,1185,7364000000,140786325
1160,1185,7365000000,140786304
1160,1185,7366000000,140786288
1160,1185,7367000000,140786271
1160,1185,7368000000,140786254
1160,1185,7369000000,140786237
1160,1185,7370000000,140786220
1160,1185,7371000000,140786204
1160,1185,7372000000,140786188
1160,1185,7373000000,140786169
1160,1185,7374000000,140786152
1160,1185,7375000000,140786135
1160,1185,7376000000,140786117
1160,1185,7377000000,140786099
1160,1185,7378000000,140786082
1160,1185,7379000000,140786065
1160,1185,7380000000,140786048
1160,1185,7381000000,140786031
1160,1185,7382000000,140786015
1160,1185,7383000000,140785996
1160,1185,7384000000,140785978
1160,1185,7385000000,140785960
1160,1185,7386000000,140785944
1160,1185,7387000000,140785928
1160,1185,7388000000,140785910
1160,1185,7389000000,140785894
1160,1185,7390000000,140785878
1160,1185,7391000000,140785862
1160,1185,7392000000,140785844
1160,1185,7393000000,140785827
1160,1185,7394000000,140785808
1160,1185,7395000000,140785791
1160,1185,7396000000,140785773
1160,1185,7397000000,140785755
1160,1185,7398000000,140785740
1160,1185,7399000000,140785724
1160,1185,7400000000,140785706
1160,1185,7401000000,140785689
1160,1185,7402000000,140785671
1160,1185,7403000000,140785654
1160,1185,7404000000,140785635
1160,1185,7405000000,140785616
1160,1185,7406000000,140785601
1160,1185,7407000000,140785586
1160,1185,7408000000,140785568
1160,1185,7409000000,140785553
1160,1185,7410000000,140785535
1160,1185,7411000000,140785519
1160,1185,7412000000,140785500
1160,1185,7413000000,140785483
1160,1185,7414000000,140785464
1160,1185,7415000000,140785448
1160,1185,7416000000,140785431
1160,1185,7417000000,140785415
1160,1185,7418000000,140785396
1160,1185,7419000000,140785380
1160,1185,7420000000,140785362
1160,1185,7421000000,140785347
1160,1185,7422000000,140785329
1160,1185,7423000000,140785311
1160,1185,7424000000,140785293
1160,1185,7425000000,140785276
1160,1185,7426000000,140785261
1160,1185,7427000000,140785244
1160,1185,7428000000,140785225
1160,1185,7429000000,140785209
1160,1185,7430000000,140785192
1160,1185,7431000000,140785175
1160,1185,7432000000,140785157
1160,1185,7433000000,140785141
1160,1185,7434000000,140785124
1160,1185,7435000000,140785107
1160,1185,7436000000,140785087
1160,1185,7437000000,140785072
1160,1185,7438000000,140785054
1160,1185,7439000000,140785037
1160,1185,7440000000,140785018
1160,1185,7441000000,140785003
1160,1185,7442000000,140784986
1160,1185,7443000000,140784970
1160,1185,7444000000,140784951
1160,1185,7445000000,140784935
1160,1185,7446000000,140784916
1160,1185,7447000000,140784899
1160,1185,7448000000,140784881
1160,1185,7449000000,140784865
1160,1185,7450000000,140784849
1160,1185,7451000000,140784832
1160,1185,7452000000,140784814
1160,1185,7453000000,140784799
1160,1185,7454000000,140784781
1160,1185,7455000000,140784764
1160,1185,7456000000,140784744
1160,1185,7457000000,140784727
1160,1185,7458000000,140784709
1160,1185,7459000000,140784694
1160,1185,7460000000,140784677
1160,1185,7461000000,140784661
1160,1185,7462000000,140784645
1160,1185,7463000000,140784626
1160,1185,7464000000,140784607
1160,1185,7465000000,140784591
1160,1185,7466000000,140784572
1160,1185,7467000000,140784556
1160,1185,7468000000,140784538
1160,1185,7469000000,140784523
1160,1185,7470000000,140784508
1160,1185,7471000000,140784490
1160,1185,7472000000,140784471
1160,1185,7473000000,140784454
1160,1185,7474000000,140784438
1160,1185,7475000000,140784421
1160,1185,7476000000,140784401
1160,1185,7477000000,140784385
1160,1185,7478000000,140784368
1160,1185,7479000000,140784352
1160,1185,7480000000,140784336
1160,1185,7481000000,140784318
1160,1185,7482000000,140784302
1160,1185,7483000000,140784283
1160,1185,7484000000,140784265
1160,1185,7485000000,140784248
1160,1185,7486000000,140784231
1160,1185,7487000000,140784215
1160,1185,7488000000,140784198
1160,1185,7489000000,140784180
1160,1185,7490000000,140784164
1160,1185,7491000000,140784148
1160,1185,7492000000,140784131
1160,1185,7493000000,140784111
1160,1185,7494000000,140784096
1160,1185,7495000000,140784078
1160,1185,7496000000,140784063
1160,1185,7497000000,140784044
1160,1185,7498000000,140784027
1160,1185,7499000000,140784011
1160,1185,7500000000,140783995
1160,1185,7501000000,140783976
1160,1185,7502000000,140783960
1160,1185,7503000000,140783942
1160,1185,7504000000,140783925
1160,1185,7505000000,140783907
1160,1185,7506000000,140783890
1160,1185,7507000000,140783872
1160,1185,7508000000,140783857
1160,1185,7509000000,140783838
1160,1185,7510000000,140783822
1160,1185,7511000000,140783805
1160,1185,7512000000,140783789
1160,1185,7513000000,140783774
1160,1185,7514000000,140783757
1160,1185,7515000000,140783741
1160,1185,7516000000,140783722
1160,1185,7517000000,140783705
1160,1185,7518000000,140783687
1160,1185,7519000000,140783669
1160,1185,7520000000,140783653
1160,1185,7521000000,140783636
1160,1185,7522000000,140783620
1160,1185,7523000000,140783603
1160,1185,7524000000,140783585
1160,1185,7525000000,140783567
1160,1185,7526000000,140783548
1160,1185,7527000000,140783532
1160,1185,7528000000,140783515
1160,1185,7529000000,140783498
1160,1185,7530000000,140783480
1160,1185,7531000000,140783465
1160,1185,7532000000,140783449
1160,1185,7533000000,140783433
1160,1185,7534000000,140783415
1160,1185,7535000000,140783397
1160,1185,7536000000,140783379
1160,1185,7537000000,140783362
1160,1185,7538000000,140783345
1160,1185,7539000000,140783326
1160,1185,7540000000,140783310
1160,1185,7541000000,140783295
1160,1185,7542000000,140783278
1160,1185,7543000000,140783260
1160,1185,7544000000,140783241
1160,1185,7545000000,140783225
1160,1185,7546000000,140783207
1160,1185,7547000000,140783188
1160,1185,7548000000,140783172
1160,1185,7549000000,140783156
1160,1185,7550000000,140783141
1160,1185,7551000000,140783124
1160,1185,7552000000,140783105
1160,1185,7553000000,140783089
1160,1185,7554000000,140783071
1160,1185,7555000000,140783056
1160,1185,7556000000,140783035
1160,1185,7557000000,140783018
1160,1185,7558000000,140783003
1160,1185,7559000000,140782986
1160,1185,7560000000,140782968
1160,1185,7561000000,140782951
1160,1185,7562000000,140782934
1160,1185,7563000000,140782918
1160,1185,7564000000,140782900
1160,1185,7565000000,140782881
1160,1185,7566000000,140782865
1160,1185,7567000000,140782847
1160,1185,7568000000,140782833
1160,1185,7569000000,140782814
1160,1185,7570000000,140782797
1160,1185,7571000000,140782780
1160,1185,7572000000,140782763
1160,1185,7573000000,140782747
1160,1185,7574000000,140782729
1160,1185,7575000000,140782713
1160,1185,7576000000,140782695
1160,1185,7577000000,140782679
1160,1185,7578000000,140782660
1160,1185,7579000000,140782643
1160,1185,7580000000,140782626
1160,1185,7581000000,140782608
1160,1185,7582000000,140782591
1160,1185,7583000000,140782576
1160,1185,7584000000,140782558
1160,1185,7585000000,140782542
1160,1185,7586000000,140782524
1160,1185,7587000000,140782507
1160,1185,7588000000,140782489
1160,1185,7589000000,140782471
1160,1185,7590000000,140782455
1160,1185,7591000000,140782437
1160,1185,7592000000,140782422
1160,1185,7593000000,140782405
1160,1185,7594000000,140782388
1160,1185,7595000000,140782371
1160,1185,7596000000,140782354
1160,1185,7597000000,140782336
1160,1185,7598000000,140782319
1160,1185,7599000000,140782301
1160,1185,7600000000,140782283
1160,1185,7601000000,140782267
1160,1185,7602000000,140782252
1160,1185,7603000000,140782236
1160,1185,7604000000,140782218
1160,1185,7605000000,140782199
1160,1185,7606000000,140782182
1160,1185,7607000000,140782165
1160,1185,7608000000,140782148
1160,1185,7609000000,140782129
1160,1185,7610000000,140782113
1160,1185,7611000000,140782097
1160,1185,7612000000,140782081
1160,1185,7613000000,140782062
1160,1185,7614000000,140782045
1160,1185,7615000000,140782029
1160,1185,7616000000,140782011
1160,1185,7617000000,140781994
1160,1185,7618000000,140781976
1160,1185,7619000000,140781961
1160,1185,7620000000,140781944
1160,1185,7621000000,140781928
1160,1185,7622000000,140781912
1160,1185,7623000000,140781894
1160,1185,7624000000,140781875
1160,1185,7625000000,140781858
1160,1185,7626000000,140781843
1160,1185,7627000000,140781824
1160,1185,7628000000,140781806
1160,1185,7629000000,140781789
1160,1185,7630000000,140781774
1160,1185,7631000000,140781757
1160,1185,7632000000,140781739
1160,1185,7633000000,140781723
1160,1185,7634000000,140781704
1160,1185,7635000000,140781689
1160,1185,7636000000,140781672
1160,1185,7637000000,140781654
1160,1185,7638000000,140781637
1160,1185,7639000000,140781622
1160,1185,7640000000,140781604
1160,1185,7641000000,140781587
1160,1185,7642000000,140781569
1160,1185,7643000000,140781554
1160,1185,7644000000,140781537
1160,1185,7645000000,140781518
1160,1185,7646000000,140781501
1160,1185,7647000000,140781484
1160,1185,7648000000,140781466
1160,1185,7649000000,140781448
1160,1185,7650000000,140781432
1160,1185,7651000000,140781415
1160,1185,7652000000,140781399
1160,1185,7653000000,140781383
1160,1185,7654000000,140781364
1160,1185,7655000000,140781349
1160,1185,7656000000,140781333
1160,1185,7657000000,140781315
1160,1185,7658000000,140781296
1160,1185,7659000000,140781279
1160,1185,7660000000,140781262
1160,1185,7661000000,140781246
1160,1185,7662000000,140781229
1160,1185,7663000000,140781212
1160,1185,7664000000,140781195
1160,1185,7665000000,140781178
1160,1185,7666000000,140781161
1160,1185,7667000000,140781143
1160,1185,7668000000,140781125
1160,1185,7669000000,140781107
1160,1185,7670000000,140781091
1160,1185,7671000000,140781075
1160,1185,7672000000,140781058
1160,1185,7673000000,140781043
1160,1185,7674000000,140781025
1160,1185,7675000000,140781008
1160,1185,7676000000,140780992
1160,1185,7677000000,140780973
1160,1185,7678000000,140780956
1160,1185,7679000000,140780938
1160,1185,7680000000,140780922
1160,1185,7681000000,140780905
1160,1185,7682000000,140780888
1160,1185,7683000000,140780871
1160,1185,7684000000,140780854
1160,1185,7685000000,140780837
1160,1185,7686000000,140780819
1160,1185,7687000000,140780801
1160,1185,7688000000,140780785
1160,1185,7689000000,140780767
1160,1185,7690000000,140780752
1160,1185,7691000000,140780734
1160,1185,7692000000,140780718
1160,1185,7693000000,140780701
1160,1185,7694000000,140780684
1160,1185,7695000000,140780667
1160,1185,7696000000,140780650
1160,1185,7697000000,140780634
1160,1185,7698000000,140780617
1160,1185,7699000000,140780599
1160,1185,7700000000,140780582
1160,1185,7701000000,140780564
1160,1185,7702000000,140780547
1160,1185,7703000000,140780532
1160,1185,7704000000,140780514
1160,1185,7705000000,140780497
1160,1185,7706000000,140780479
1160,1185,7707000000,140780463
1160,1185,7708000000,140780448
1160,1185,7709000000,140780429
1160,1185,7710000000,140780412
1160,1185,7711000000,140780396
1160,1185,7712000000,140780378
1160,1185,7713000000,140780362
1160,1185,7714000000,140780345
1160,1185,7715000000,140780329
1160,1185,7716000000,140780312
1160,1185,7717000000,140780296
1160,1185,7718000000,140780277
1160,1185,7719000000,140780261
1160,1185,7720000000,140780243
1160,1185,7721000000,140780225
1160,1185,7722000000,140780208
1160,1185,7723000000,140780194
1160,1185,7724000000,140780177
1160,1185,7725000000,140780159
1160,1185,7726000000,140780141
1160,1185,7727000000,140780125
1160,1185,7728000000,140780109
1160,1185,7729000000,140780089
1160,1185,7730000000,140780071
1160,1185,7731000000,140780056
1160,1185,7732000000,140780040
1160,1185,7733000000,140780024
1160,1185,7734000000,140780006
1160,1185,7735000000,140779988
1160,1185,7736000000,140779972
1160,1185,7737000000,140779956
1160,1185,7738000000,140779937
1160,1185,7739000000,140779918
1160,1185,7740000000,140779902
1160,1185,7741000000,140779886
1160,1185,7742000000,140779870
1160,1185,7743000000,140779853
1160,1185,7744000000,140779837
1160,1185,7745000000,140779819
1160,1185,7746000000,140779801
1160,1185,7747000000,140779783
1160,1185,7748000000,140779768
1160,1185,7749000000,140779748
1160,1185,7750000000,140779732
1160,1185,7751000000,140779715
1160,1185,7752000000,140779700
1160,1185,7753000000,140779683
1160,1185,7754000000,140779667
1160,1185,7755000000,140779649
1160,1185,7756000000,140779633
1160,1185,7757000000,140779616
1160,1185,7758000000,140779598
1160,1185,7759000000,140779581
1160,1185,7760000000,140779565
1160,1185,7761000000,140779547
1160,1185,7762000000,140779531
1160,1185,7763000000,140779515
1160,1185,7764000000,140779497
1160,1185,7765000000,140779479
1160,1185,7766000000,140779462
1160,1185,7767000000,140779446
1160,1185,7768000000,140779429
1160,1185,7769000000,140779410
1160,1185,7770000000,140779393
1160,1185,7771000000,140779375
1160,1185,7772000000,140779361
1160,1185,7773000000,140779343
1160,1185,7774000000,140779326
1160,1185,7775000000,140779308
1160,1185,7776000000,140779294
1160,1185,7777000000,140779278
1160,1185,7778000000,140779260
1160,1185,7779000000,140779240
1160,1185,7780000000,140779225
1160,1185,7781000000,140779208
1160,1185,7782000000,140779191
1160,1185,7783000000,140779174
1160,1185,7784000000,140779158
1160,1185,7785000000,140779142
1160,1185,7786000000,140779124
1160,1185,7787000000,140779107
1160,1185,7788000000,140779090
1160,1185,7789000000,140779072
1160,1185,7790000000,140779053
1160,1185,7791000000,140779037
1160,1185,7792000000,140779021
1160,1185,7793000000,140779006
1160,1185,7794000000,140778989
1160,1185,7795000000,140778971
1160,1185,7796000000,140778955
1160,1185,7797000000,140778940
1160,1185,7798000000,140778921
1160,1185,7799000000,140778903
1160,1185,7800000000,140778885
1160,1185,7801000000,140778869
1160,1185,7802000000,140778852
1160,1185,7803000000,140778837
1160,1185,7804000000,140778819
1160,1185,7805000000,140778802
1160,1185,7806000000,140778784
1160,1185,7807000000,140778768
1160,1185,7808000000,140778750
1160,1185,7809000000,140778732
1160,1185,7810000000,140778715
1160,1185,7811000000,140778700
1160,1185,7812000000,140778684
1160,1185,7813000000,140778667
1160,1185,7814000000,140778651
1160,1185,7815000000,140778633
1160,1185,7816000000,140778616
1160,1185,7817000000,140778599
1160,1185,7818000000,140778583
1160,1185,7819000000,140778565
1160,1185,7820000000,140778547
1160,1185,7821000000,140778530
1160,1185,7822000000,140778513
1160,1185,7823000000,140778497
1160,1185,7824000000,140778480
1160,1185,7825000000,140778463
1160,1185,7826000000,140778445
1160,1185,7827000000,140778429
1160,1185,7828000000,140778412
1160,1185,7829000000,140778396
1160,1185,7830000000,140778376
1160,1185,7831000000,140778361
1160,1185,7832000000,140778344
1160,1185,7833000000,140778327
1160,1185,7834000000,140778312
1160,1185,7835000000,140778294
1160,1185,7836000000,140778276
1160,1185,7837000000,140778260
1160,1185,7838000000,140778244
1160,1185,7839000000,140778226
1160,1185,7840000000,140778208
1160,1185,7841000000,140778190
1160,1185,7842000000,140778173
1160,1185,7843000000,140778157
1160,1185,7844000000,140778141
1160,1185,7845000000,140778124
1160,1185,7846000000,140778108
1160,1185,7847000000,140778089
1160,1185,7848000000,140778073
1160,1185,7849000000,140778057
1160,1185,7850000000,140778038
1160,1185,7851000000,140778021
1160,1185,7852000000,140778005
1160,1185,7853000000,140777989
1160,1185,7854000000,140777973
1160,1185,7855000000,140777955
1160,1185,7856000000,140777939
1160,1185,7857000000,140777923
1160,1185,7858000000,140777905
1160,1185,7859000000,140777887
1160,1185,7860000000,140777870
1160,1185,7861000000,140777853
1160,1185,7862000000,140777836
1160,1185,7863000000,140777819
1160,1185,7864000000,140777804
1160,1185,7865000000,140777788
1160,1185,7866000000,140777771
1160,1185,7867000000,140777752
1160,1185,7868000000,140777734
1160,1185,7869000000,140777718
1160,1185,7870000000,140777700
1160,1185,7871000000,140777683
1160,1185,7872000000,140777667
1160,1185,7873000000,140777651
1160,1185,7874000000,140777635
1160,1185,7875000000,140777617
1160,1185,7876000000,140777601
1160,1185,7877000000,140777584
1160,1185,7878000000,140777568
1160,1185,7879000000,140777548
1160,1185,7880000000,140777532
1160,1185,7881000000,140777517
1160,1185,7882000000,140777499
1160,1185,7883000000,140777482
1160,1185,7884000000,140777466
1160,1185,7885000000,140777449
1160,1185,7886000000,140777432
1160,1185,7887000000,140777414
1160,1185,7888000000,140777396
1160,1185,7889000000,140777381
1160,1185,7890000000,140777362
1160,1185,7891000000,140777346
1160,1185,7892000000,140777330
1160,1185,7893000000,140777313
1160,1185,7894000000,140777295
1160,1185,7895000000,140777280
1160,1185,7896000000,140777262
1160,1185,7897000000,140777247
1160,1185,7898000000,140777231
1160,1185,7899000000,140777213
1160,1185,7900000000,140777195
1160,1185,7901000000,140777179
1160,1185,7902000000,140777161
1160,1185,7903000000,140777145
1160,1185,7904000000,140777128
1160,1185,7905000000,140777112
1160,1185,7906000000,140777095
1160,1185,7907000000,140777078
1160,1185,7908000000,140777061
1160,1185,7909000000,140777045
1160,1185,7910000000,140777026
1160,1185,7911000000,140777008
1160,1185,7912000000,140776991
1160,1185,7913000000,140776975
1160,1185,7914000000,140776960
1160,1185,7915000000,140776944
1160,1185,7916000000,140776925
1160,1185,7917000000,140776910
1160,1185,7918000000,140776894
1160,1185,7919000000,140776875
1160,1185,7920000000,140776857
1160,1185,7921000000,140776841
1160,1185,7922000000,140776824
1160,1185,7923000000,140776806
1160,1185,7924000000,140776789
1160,1185,7925000000,140776775
1160,1185,7926000000,140776758
1160,1185,7927000000,140776739
1160,1185,7928000000,140776722
1160,1185,7929000000,140776705
1160,1185,7930000000,140776688
1160,1185,7931000000,140776670
1160,1185,7932000000,140776655
1160,1185,7933000000,140776639
1160,1185,7934000000,140776621
1160,1185,7935000000,140776605
1160,1185,7936000000,140776588
1160,1185,7937000000,140776572
1160,1185,7938000000,140776555
1160,1185,7939000000,140776538
1160,1185,7940000000,140776519
1160,1185,7941000000,140776503
1160,1185,7942000000,140776485
1160,1185,7943000000,140776470
1160,1185,7944000000,140776452
1160,1185,7945000000,140776436
1160,1185,7946000000,140776418
1160,1185,7947000000,140776402
1160,1185,7948000000,140776385
1160,1185,7949000000,140776368
1160,1185,7950000000,140776351
1160,1185,7951000000,140776332
1160,1185,7952000000,140776317
1160,1185,7953000000,140776301
1160,1185,7954000000,140776284
1160,1185,7955000000,140776267
1160,1185,7956000000,140776250
1160,1185,7957000000,140776234
1160,1185,7958000000,140776217
1160,1185,7959000000,140776199
1160,1185,7960000000,140776182
1160,1185,7961000000,140776165
1160,1185,7962000000,140776147
1160,1185,7963000000,140776129
1160,1185,7964000000,140776115
1160,1185,7965000000,140776098
1160,1185,7966000000,140776081
1160,1185,7967000000,140776064
1160,1185,7968000000,140776048
1160,1185,7969000000,140776030
1160,1185,7970000000,140776013
1160,1185,7971000000,140775995
1160,1185,7972000000,140775980
1160,1185,7973000000,140775962
1160,1185,7974000000,140775946
1160,1185,7975000000,140775930
1160,1185,7976000000,140775912
1160,1185,7977000000,140775896
1160,1185,7978000000,140775880
1160,1185,7979000000,140775862
1160,1185,7980000000,140775843
1160,1185,7981000000,140775826
1160,1185,7982000000,140775810
1160,1185,7983000000,140775794
1160,1185,7984000000,140775778
1160,1185,7985000000,140775760
1160,1185,7986000000,140775744
1160,1185,7987000000,140775728
1160,1185,7988000000,140775709
1160,1185,7989000000,140775693
1160,1185,7990000000,140775676
1160,1185,7991000000,140775658
1160,1185,7992000000,140775641
1160,1185,7993000000,140775624
1160,1185,7994000000,140775609
1160,1185,7995000000,140775593
1160,1185,7996000000,140775574
1160,1185,7997000000,140775557
1160,1185,7998000000,140775542
1160,1185,7999000000,140775524
1160,1185,8000000000,140775506
1160,1185,8001000000,140775490
1160,1185,8002000000,140775473
1160,1185,8003000000,140775456
1160,1185,8004000000,140775441
1160,1185,8005000000,140775422
1160,1185,8006000000,140775406
1160,1185,8007000000,140775391
1160,1185,8008000000,140775373
1160,1185,8009000000,140775354
1160,1185,8010000000,140775337
1160,1185,8011000000,140775320
1160,1185,8012000000,140775304
1160,1185,8013000000,140775287
1160,1185,8014000000,140775271
1160,1185,8015000000,140775254
1160,1185,8016000000,140775237
1160,1185,8017000000,140775220
1160,1185,8018000000,140775205
1160,1185,8019000000,140775188
1160,1185,8020000000,140775169
1160,1185,8021000000,140775154
1160,1185,8022000000,140775136
1160,1185,8023000000,140775118
1160,1185,8024000000,140775102
1160,1185,8025000000,140775087
1160,1185,8026000000,140775069
1160,1185,8027000000,140775052
1160,1185,8028000000,140775036
1160,1185,8029000000,140775018
1160,1185,8030000000,140775000
1160,1185,8031000000,140774981
1160,1185,8032000000,140774967
1160,1185,8033000000,140774950
1160,1185,8034000000,140774933
1160,1185,8035000000,140774917
1160,1185,8036000000,140774901
1160,1185,8037000000,140774884
1160,1185,8038000000,140774869
1160,1185,8039000000,140774851
1160,1185,8040000000,140774832
1160,1185,8041000000,140774815
1160,1185,8042000000,140774798
1160,1185,8043000000,140774783
1160,1185,8044000000,140774766
1160,1185,8045000000,140774749
1160,1185,8046000000,140774732
1160,1185,8047000000,140774716
1160,1185,8048000000,140774696
1160,1185,8049000000,140774680
1160,1185,8050000000,140774663
1160,1185,8051000000,140774646
1160,1185,8052000000,140774630
1160,1185,8053000000,140774614
1160,1185,8054000000,140774597
1160,1185,8055000000,140774581
1160,1185,8056000000,140774564
1160,1185,8057000000,140774547
1160,1185,8058000000,140774531
1160,1185,8059000000,140774514
1160,1185,8060000000,140774495
1160,1185,8061000000,140774478
1160,1185,8062000000,140774462
1160,1185,8063000000,140774446
1160,1185,8064000000,140774428
1160,1185,8065000000,140774412
1160,1185,8066000000,140774395
1160,1185,8067000000,140774378
1160,1185,8068000000,140774361
1160,1185,8069000000,140774345
1160,1185,8070000000,140774328
1160,1185,8071000000,140774309
1160,1185,8072000000,140774293
1160,1185,8073000000,140774278
1160,1185,8074000000,140774260
1160,1185,8075000000,140774244
1160,1185,8076000000,140774229
1160,1185,8077000000,140774211
1160,1185,8078000000,140774195
1160,1185,8079000000,140774178
1160,1185,8080000000,140774160
1160,1185,8081000000,140774143
1160,1185,8082000000,140774125
1160,1185,8083000000,140774110
1160,1185,8084000000,140774094
1160,1185,8085000000,140774078
1160,1185,8086000000,140774060
1160,1185,8087000000,140774045
1160,1185,8088000000,140774027
1160,1185,8089000000,140774010
1160,1185,8090000000,140773993
1160,1185,8091000000,140773975
1160,1185,8092000000,140773960
1160,1185,8093000000,140773944
1160,1185,8094000000,140773928
1160,1185,8095000000,140773911
1160,1185,8096000000,140773894
1160,1185,8097000000,140773877
1160,1185,8098000000,140773862
1160,1185,8099000000,140773842
1160,1185,8100000000,140773824
1160,1185,8101000000,140773809
1160,1185,8102000000,140773792
1160,1185,8103000000,140773776
1160,1185,8104000000,140773761
1160,1185,8105000000,140773745
1160,1185,8106000000,140773728
1160,1185,8107000000,140773713
1160,1185,8108000000,140773695
1160,1185,8109000000,140773678
1160,1185,8110000000,140773661
1160,1185,8111000000,140773643
1160,1185,8112000000,140773627
1160,1185,8113000000,140773610
1160,1185,8114000000,140773594
1160,1185,8115000000,140773578
1160,1185,8116000000,140773562
1160,1185,8117000000,140773543
1160,1185,8118000000,140773527
1160,1185,8119000000,140773510
1160,1185,8120000000,140773492
1160,1185,8121000000,140773476
1160,1185,8122000000,140773458
1160,1185,8123000000,140773443
1160,1185,8124000000,140773427
1160,1185,8125000000,140773410
1160,1185,8126000000,140773393
1160,1185,8127000000,140773377
1160,1185,8128000000,140773359
1160,1185,8129000000,140773341
1160,1185,8130000000,140773324
1160,1185,8131000000,140773308
1160,1185,8132000000,140773292
1160,1185,8133000000,140773275
1160,1185,8134000000,140773258
1160,1185,8135000000,140773242
1160,1185,8136000000,140773226
1160,1185,8137000000,140773209
1160,1185,8138000000,140773193
1160,1185,8139000000,140773176
1160,1185,8140000000,140773157
1160,1185,8141000000,140773143
1160,1185,8142000000,140773125
1160,1185,8143000000,140773109
1160,1185,8144000000,140773093
1160,1185,8145000000,140773076
1160,1185,8146000000,140773059
1160,1185,8147000000,140773041
1160,1185,8148000000,140773025
1160,1185,8149000000,140773009
1160,1185,8150000000,140772991
1160,1185,8151000000,140772972
1160,1185,8152000000,140772956
1160,1185,8153000000,140772941
1160,1185,8154000000,140772923
1160,1185,8155000000,140772908
1160,1185,8156000000,140772891
1160,1185,8157000000,140772875
1160,1185,8158000000,140772859
1160,1185,8159000000,140772842
1160,1185,8160000000,140772823
1160,1185,8161000000,140772806
1160,1185,8162000000,140772790
1160,1185,8163000000,140772774
1160,1185,8164000000,140772756
1160,1185,8165000000,140772740
1160,1185,8166000000,140772724
1160,1185,8167000000,140772707
1160,1185,8168000000,140772687
1160,1185,8169000000,140772672
1160,1185,8170000000,140772655
1160,1185,8171000000,140772637
1160,1185,8172000000,140772622
1160,1185,8173000000,140772605
1160,1185,8174000000,140772589
1160,1185,8175000000,140772574
1160,1185,8176000000,140772556
1160,1185,8177000000,140772540
1160,1185,8178000000,140772525
1160,1185,8179000000,140772508
1160,1185,8180000000,140772490
1160,1185,8181000000,140772472
1160,1185,8182000000,140772456
1160,1185,8183000000,140772440
1160,1185,8184000000,140772423
1160,1185,8185000000,140772406
1160,1185,8186000000,140772389
1160,1185,8187000000,140772373
1160,1185,8188000000,140772357
1160,1185,8189000000,140772339
1160,1185,8190000000,140772321
1160,1185,8191000000,140772305
1160,1185,8192000000,140772289
1160,1185,8193000000,140772272
1160,1185,8194000000,140772255
1160,1185,8195000000,140772240
1160,1185,8196000000,140772223
1160,1185,8197000000,140772206
1160,1185,8198000000,140772189
1160,1185,8199000000,140772173
1160,1185,8200000000,140772154
1160,1185,8201000000,140772138
1160,1185,8202000000,140772119
1160,1185,8203000000,140772103
1160,1185,8204000000,140772088
1160,1185,8205000000,140772072
1160,1185,8206000000,140772055
1160,1185,8207000000,140772038
1160,1185,8208000000,140772021
1160,1185,8209000000,140772004
1160,1185,8210000000,140771987
1160,1185,8211000000,140771969
1160,1185,8212000000,140771953
1160,1185,8213000000,140771938
1160,1185,8214000000,140771922
1160,1185,8215000000,140771903
1160,1185,8216000000,140771887
1160,1185,8217000000,140771872
1160,1185,8218000000,140771854
1160,1185,8219000000,140771835
1160,1185,8220000000,140771819
1160,1185,8221000000,140771803
1160,1185,8222000000,140771785
1160,1185,8223000000,140771770
1160,1185,8224000000,140771753
1160,1185,8225000000,140771737
1160,1185,8226000000,140771720
1160,1185,8227000000,140771704
1160,1185,8228000000,140771686
1160,1185,8229000000,140771669
1160,1185,8230000000,140771653
1160,1185,8231000000,140771635
1160,1185,8232000000,140771617
1160,1185,8233000000,140771602
1160,1185,8234000000,140771586
1160,1185,8235000000,140771569
1160,1185,8236000000,140771551
1160,1185,8237000000,140771535
1160,1185,8238000000,140771519
1160,1185,8239000000,140771503
1160,1185,8240000000,140771485
1160,1185,8241000000,140771467
1160,1185,8242000000,140771451
1160,1185,8243000000,140771436
1160,1185,8244000000,140771419
1160,1185,8245000000,140771402
1160,1185,8246000000,140771385
1160,1185,8247000000,140771370
1160,1185,8248000000,140771352
1160,1185,8249000000,140771333
1160,1185,8250000000,140771317
1160,1185,8251000000,140771300
1160,1185,8252000000,140771282
1160,1185,8253000000,140771266
1160,1185,8254000000,140771250
1160,1185,8255000000,140771235
1160,1185,8256000000,140771217
1160,1185,8257000000,140771201
1160,1185,8258000000,140771185
1160,1185,8259000000,140771168
1160,1185,8260000000,140771149
1160,1185,8261000000,140771134
1160,1185,8262000000,140771116
1160,1185,8263000000,140771101
1160,1185,8264000000,140771085
1160,1185,8265000000,140771068
1160,1185,8266000000,140771049
1160,1185,8267000000,140771035
1160,1185,8268000000,140771017
1160,1185,8269000000,140770998
1160,1185,8270000000,140770982
1160,1185,8271000000,140770965
1160,1185,8272000000,140770948
1160,1185,8273000000,140770934
1160,1185,8274000000,140770917
1160,1185,8275000000,140770900
1160,1185,8276000000,140770884
1160,1185,8277000000,140770867
1160,1185,8278000000,140770851
1160,1185,8279000000,140770834
1160,1185,8280000000,140770816
1160,1185,8281000000,140770800
1160,1185,8282000000,140770783
1160,1185,8283000000,140770766
1160,1185,8284000000,140770749
1160,1185,8285000000,140770732
1160,1185,8286000000,140770716
1160,1185,8287000000,140770699
1160,1185,8288000000,140770681
1160,1185,8289000000,140770665
1160,1185,8290000000,140770650
1160,1185,8291000000,140770632
1160,1185,8292000000,140770615
1160,1185,8293000000,140770600
1160,1185,8294000000,140770583
1160,1185,8295000000,140770568
1160,1185,8296000000,140770550
1160,1185,8297000000,140770534
1160,1185,8298000000,140770519
1160,1185,8299000000,140770502
1160,1185,8300000000,140770481
1160,1185,8301000000,140770467
1160,1185,8302000000,140770449
1160,1185,8303000000,140770433
1160,1185,8304000000,140770416
1160,1185,8305000000,140770400
1160,1185,8306000000,140770384
1160,1185,8307000000,140770369
1160,1185,8308000000,140770349
1160,1185,8309000000,140770333
1160,1185,8310000000,140770317
1160,1185,8311000000,140770299
1160,1185,8312000000,140770284
1160,1185,8313000000,140770267
1160,1185,8314000000,140770251
1160,1185,8315000000,140770235
1160,1185,8316000000,140770219
1160,1185,8317000000,140770201
1160,1185,8318000000,140770185
1160,1185,8319000000,140770169
1160,1185,8320000000,140770150
1160,1185,8321000000,140770132
1160,1185,8322000000,140770117
1160,1185,8323000000,140770101
1160,1185,8324000000,140770085
1160,1185,8325000000,140770068
1160,1185,8326000000,140770051
1160,1185,8327000000,140770035
1160,1185,8328000000,140770019
1160,1185,8329000000,140770001
1160,1185,8330000000,140769983
1160,1185,8331000000,140769967
1160,1185,8332000000,140769952
1160,1185,8333000000,140769933
1160,1185,8334000000,140769917
1160,1185,8335000000,140769902
1160,1185,8336000000,140769885
1160,1185,8337000000,140769869
1160,1185,8338000000,140769852
1160,1185,8339000000,140769835
1160,1185,8340000000,140769818
1160,1185,8341000000,140769803
1160,1185,8342000000,140769783
1160,1185,8343000000,140769768
1160,1185,8344000000,140769753
1160,1185,8345000000,140769736
1160,1185,8346000000,140769720
1160,1185,8347000000,140769702
1160,1185,8348000000,140769686
1160,1185,8349000000,140769670
1160,1185,8350000000,140769650
1160,1185,8351000000,140769633
1160,1185,8352000000,140769618
1160,1185,8353000000,140769601
1160,1185,8354000000,140769585
1160,1185,8355000000,140769568
1160,1185,8356000000,140769551
1160,1185,8357000000,140769536
1160,1185,8358000000,140769521
1160,1185,8359000000,140769501
1160,1185,8360000000,140769484
1160,1185,8361000000,140769469
1160,1185,8362000000,140769451
1160,1185,8363000000,140769436
1160,1185,8364000000,140769419
1160,1185,8365000000,140769403
1160,1185,8366000000,140769386
1160,1185,8367000000,140769369
1160,1185,8368000000,140769351
1160,1185,8369000000,140769334
1160,1185,8370000000,140769317
1160,1185,8371000000,140769300
1160,1185,8372000000,140769283
1160,1185,8373000000,140769268
1160,1185,8374000000,140769252
1160,1185,8375000000,140769235
1160,1185,8376000000,140769220
1160,1185,8377000000,140769203
1160,1185,8378000000,140769186
1160,1185,8379000000,140769171
1160,1185,8380000000,140769153
1160,1185,8381000000,140769136
1160,1185,8382000000,140769120
1160,1185,8383000000,140769103
1160,1185,8384000000,140769085
1160,1185,8385000000,140769071
1160,1185,8386000000,140769053
1160,1185,8387000000,140769035
1160,1185,8388000000,140769019
1160,1185,8389000000,140769002
1160,1185,8390000000,140768985
1160,1185,8391000000,140768968
1160,1185,8392000000,140768952
1160,1185,8393000000,140768935
1160,1185,8394000000,140768920
1160,1185,8395000000,140768903
1160,1185,8396000000,140768886
1160,1185,8397000000,140768870
1160,1185,8398000000,140768855
1160,1185,8399000000,140768839
1160,1185,8400000000,140768819
1160,1185,8401000000,140768802
1160,1185,8402000000,140768786
1160,1185,8403000000,140768769
1160,1185,8404000000,140768752
1160,1185,8405000000,140768736
1160,1185,8406000000,140768720
1160,1185,8407000000,140768705
1160,1185,8408000000,140768689
1160,1185,8409000000,140768670
1160,1185,8410000000,140768653
1160,1185,8411000000,140768637
1160,1185,8412000000,140768620
1160,1185,8413000000,140768605
1160,1185,8414000000,140768588
1160,1185,8415000000,140768572
1160,1185,8416000000,140768556
1160,1185,8417000000,140768539
1160,1185,8418000000,140768522
1160,1185,8419000000,140768505
1160,1185,8420000000,140768487
1160,1185,8421000000,140768469
1160,1185,8422000000,140768452
1160,1185,8423000000,140768437
1160,1185,8424000000,140768421
1160,1185,8425000000,140768404
1160,1185,8426000000,140768388
1160,1185,8427000000,140768372
1160,1185,8428000000,140768356
1160,1185,8429000000,140768337
1160,1185,8430000000,140768321
1160,1185,8431000000,140768304
1160,1185,8432000000,140768289
1160,1185,8433000000,140768272
1160,1185,8434000000,140768255
1160,1185,8435000000,140768239
1160,1185,8436000000,140768222
1160,1185,8437000000,140768205
1160,1185,8438000000,140768189
1160,1185,8439000000,140768170
1160,1185,8440000000,140768154
1160,1185,8441000000,140768138
1160,1185,8442000000,140768122
1160,1185,8443000000,140768104
1160,1185,8444000000,140768089
1160,1185,8445000000,140768071
1160,1185,8446000000,140768056
1160,1185,8447000000,140768041
1160,1185,8448000000,140768022
1160,1185,8449000000,140768005
1160,1185,8450000000,140767990
1160,1185,8451000000,140767971
1160,1185,8452000000,140767954
1160,1185,8453000000,140767939
1160,1185,8454000000,140767922
1160,1185,8455000000,140767906
1160,1185,8456000000,140767889
1160,1185,8457000000,140767874
1160,1185,8458000000,140767857
1160,1185,8459000000,140767840
1160,1185,8460000000,140767822
1160,1185,8461000000,140767805
1160,1185,8462000000,140767789
1160,1185,8463000000,140767773
1160,1185,8464000000,140767757
1160,1185,8465000000,140767740
1160,1185,8466000000,140767725
1160,1185,8467000000,140767709
1160,1185,8468000000,140767690
1160,1185,8469000000,140767672
1160,1185,8470000000,140767655
1160,1185,8471000000,140767639
1160,1185,8472000000,140767623
1160,1185,8473000000,140767605
1160,1185,8474000000,140767591
1160,1185,8475000000,140767575
1160,1185,8476000000,140767557
1160,1185,8477000000,140767542
1160,1185,8478000000,140767525
1160,1185,8479000000,140767506
1160,1185,8480000000,140767491
1160,1185,8481000000,140767474
1160,1185,8482000000,140767457
1160,1185,8483000000,140767442
1160,1185,8484000000,140767425
1160,1185,8485000000,140767406
1160,1185,8486000000,140767392
1160,1185,8487000000,140767375
1160,1185,8488000000,140767359
1160,1185,8489000000,140767341
1160,1185,8490000000,140767324
1160,1185,8491000000,140767308
1160,1185,8492000000,140767293
1160,1185,8493000000,140767274
1160,1185,8494000000,140767259
1160,1185,8495000000,140767243
1160,1185,8496000000,140767226
1160,1185,8497000000,140767211
1160,1185,8498000000,140767194
1160,1185,8499000000,140767178
1160,1185,8500000000,140767161
1160,1185,8501000000,140767143
1160,1185,8502000000,140767127
1160,1185,8503000000,140767111
1160,1185,8504000000,140767093
1160,1185,8505000000,140767077
1160,1185,8506000000,140767060
1160,1185,8507000000,140767045
1160,1185,8508000000,140767029
1160,1185,8509000000,140767011
1160,1185,8510000000,140766993
1160,1185,8511000000,140766977
1160,1185,8512000000,140766960
1160,1185,8513000000,140766945
1160,1185,8514000000,140766930
1160,1185,8515000000,140766911
1160,1185,8516000000,140766897
1160,1185,8517000000,140766881
1160,1185,8518000000,140766862
1160,1185,8519000000,140766845
1160,1185,8520000000,140766829
1160,1185,8521000000,140766810
1160,1185,8522000000,140766795
1160,1185,8523000000,140766778
1160,1185,8524000000,140766761
1160,1185,8525000000,140766747
1160,1185,8526000000,140766729
1160,1185,8527000000,140766711
1160,1185,8528000000,140766696
1160,1185,8529000000,140766678
1160,1185,8530000000,140766662
1160,1185,8531000000,140766647
1160,1185,8532000000,140766630
1160,1185,8533000000,140766615
1160,1185,8534000000,140766598
1160,1185,8535000000,140766579
1160,1185,8536000000,140766565
1160,1185,8537000000,140766548
1160,1185,8538000000,140766529
1160,1185,8539000000,140766513
1160,1185,8540000000,140766495
1160,1185,8541000000,140766480
1160,1185,8542000000,140766465
1160,1185,8543000000,140766448
1160,1185,8544000000,140766431
1160,1185,8545000000,140766415
1160,1185,8546000000,140766398
1160,1185,8547000000,140766382
1160,1185,8548000000,140766366
1160,1185,8549000000,140766348
1160,1185,8550000000,140766332
1160,1185,8551000000,140766316
1160,1185,8552000000,140766299
1160,1185,8553000000,140766283
1160,1185,8554000000,140766266
1160,1185,8555000000,140766250
1160,1185,8556000000,140766234
1160,1185,8557000000,140766216
1160,1185,8558000000,140766200
1160,1185,8559000000,140766183
1160,1185,8560000000,140766165
1160,1185,8561000000,140766149
1160,1185,8562000000,140766132
1160,1185,8563000000,140766118
1160,1185,8564000000,140766101
1160,1185,8565000000,140766086
1160,1185,8566000000,140766071
1160,1185,8567000000,140766054
1160,1185,8568000000,140766036
1160,1185,8569000000,140766019
1160,1185,8570000000,140766002
1160,1185,8571000000,140765986
1160,1185,8572000000,140765970
1160,1185,8573000000,140765952
1160,1185,8574000000,140765938
1160,1185,8575000000,140765921
1160,1185,8576000000,140765904
1160,1185,8577000000,140765888
1160,1185,8578000000,140765871
1160,1185,8579000000,140765853
1160,1185,8580000000,140765838
1160,1185,8581000000,140765821
1160,1185,8582000000,140765805
1160,1185,8583000000,140765790
1160,1185,8584000000,140765772
1160,1185,8585000000,140765755
1160,1185,8586000000,140765739
1160,1185,8587000000,140765721
1160,1185,8588000000,140765703
1160,1185,8589000000,140765688
1160,1185,8590000000,140765671
1160,1185,8591000000,140765656
1160,1185,8592000000,140765640
1160,1185,8593000000,140765623
1160,1185,8594000000,140765607
1160,1185,8595000000,140765590
1160,1185,8596000000,140765574
1160,1185,8597000000,140765557
1160,1185,8598000000,140765540
1160,1185,8599000000,140765523
1160,1185,8600000000,140765507
1160,1185,8601000000,140765491
1160,1185,8602000000,140765474
1160,1185,8603000000,140765459
1160,1185,8604000000,140765441
1160,1185,8605000000,140765425
1160,1185,8606000000,140765409
1160,1185,8607000000,140765392
1160,1185,8608000000,140765375
1160,1185,8609000000,140765360
1160,1185,8610000000,140765341
1160,1185,8611000000,140765325
1160,1185,8612000000,140765309
1160,1185,8613000000,140765293
1160,1185,8614000000,140765277
1160,1185,8615000000,140765261
1160,1185,8616000000,140765245
1160,1185,8617000000,140765230
1160,1185,8618000000,140765212
1160,1185,8619000000,140765192
1160,1185,8620000000,140765177
1160,1185,8621000000,140765159
1160,1185,8622000000,140765143
1160,1185,8623000000,140765126
1160,1185,8624000000,140765110
1160,1185,8625000000,140765096
1160,1185,8626000000,140765079
1160,1185,8627000000,140765061
1160,1185,8628000000,140765045
1160,1185,8629000000,140765027
1160,1185,8630000000,140765011
1160,1185,8631000000,140764997
1160,1185,8632000000,140764980
1160,1185,8633000000,140764964
1160,1185,8634000000,140764947
1160,1185,8635000000,140764930
1160,1185,8636000000,140764914
1160,1185,8637000000,140764895
1160,1185,8638000000,140764877
1160,1185,8639000000,140764862
1160,1185,8640000000,140764845
1160,1185,8641000000,140764830
1160,1185,8642000000,140764815
1160,1185,8643000000,140764797
1160,1185,8644000000,140764781
1160,1185,8645000000,140764765
1160,1185,8646000000,140764748
1160,1185,8647000000,140764730
1160,1185,8648000000,140764715
1160,1185,8649000000,140764698
1160,1185,8650000000,140764682
1160,1185,8651000000,140764665
1160,1185,8652000000,140764648
1160,1185,8653000000,140764633
1160,1185,8654000000,140764614
1160,1185,8655000000,140764599
1160,1185,8656000000,140764583
1160,1185,8657000000,140764566
1160,1185,8658000000,140764549
1160,1185,8659000000,140764532
1160,1185,8660000000,140764517
1160,1185,8661000000,140764499
1160,1185,8662000000,140764484
1160,1185,8663000000,140764467
1160,1185,8664000000,140764451
1160,1185,8665000000,140764435
1160,1185,8666000000,140764418
1160,1185,8667000000,140764400
1160,1185,8668000000,140764385
1160,1185,8669000000,140764366
1160,1185,8670000000,140764350
1160,1185,8671000000,140764334
1160,1185,8672000000,140764318
1160,1185,8673000000,140764304
1160,1185,8674000000,140764287
1160,1185,8675000000,140764270
1160,1185,8676000000,140764254
1160,1185,8677000000,140764236
1160,1185,8678000000,140764220
1160,1185,8679000000,140764202
1160,1185,8680000000,140764186
1160,1185,8681000000,140764172
1160,1185,8682000000,140764155
1160,1185,8683000000,140764139
1160,1185,8684000000,140764123
1160,1185,8685000000,140764106
1160,1185,8686000000,140764090
1160,1185,8687000000,140764071
1160,1185,8688000000,140764055
1160,1185,8689000000,140764040
1160,1185,8690000000,140764022
1160,1185,8691000000,140764007
1160,1185,8692000000,140763991
1160,1185,8693000000,140763975
1160,1185,8694000000,140763957
1160,1185,8695000000,140763941
1160,1185,8696000000,140763925
1160,1185,8697000000,140763909
1160,1185,8698000000,140763893
1160,1185,8699000000,140763876
1160,1185,8700000000,140763860
1160,1185,8701000000,140763844
1160,1185,8702000000,140763827
1160,1185,8703000000,140763810
1160,1185,8704000000,140763795
1160,1185,8705000000,140763779
1160,1185,8706000000,140763763
1160,1185,8707000000,140763744
1160,1185,8708000000,140763729
1160,1185,8709000000,140763712
1160,1185,8710000000,140763696
1160,1185,8711000000,140763678
1160,1185,8712000000,140763663
1160,1185,8713000000,140763646
1160,1185,8714000000,140763631
1160,1185,8715000000,140763615
1160,1185,8716000000,140763598
1160,1185,8717000000,140763582
1160,1185,8718000000,140763564
1160,1185,8719000000,140763547
1160,1185,8720000000,140763530
1160,1185,8721000000,140763514
1160,1185,8722000000,140763499
1160,1185,8723000000,140763481
1160,1185,8724000000,140763465
1160,1185,8725000000,140763451
1160,1185,8726000000,140763432
1160,1185,8727000000,140763415
1160,1185,8728000000,140763397
1160,1185,8729000000,140763381
1160,1185,8730000000,140763367
1160,1185,8731000000,140763351
1160,1185,8732000000,140763334
1160,1185,8733000000,140763319
1160,1185,8734000000,140763302
1160,1185,8735000000,140763284
1160,1185,8736000000,140763266
1160,1185,8737000000,140763249
1160,1185,8738000000,140763234
1160,1185,8739000000,140763218
1160,1185,8740000000,140763201
1160,1185,8741000000,140763186
1160,1185,8742000000,140763168
1160,1185,8743000000,140763153
1160,1185,8744000000,140763135
1160,1185,8745000000,140763119
1160,1185,8746000000,140763102
1160,1185,8747000000,140763086
1160,1185,8748000000,140763069
1160,1185,8749000000,140763054
1160,1185,8750000000,140763038
1160,1185,8751000000,140763022
1160,1185,8752000000,140763005
1160,1185,8753000000,140762987
1160,1185,8754000000,140762972
1160,1185,8755000000,140762955
1160,1185,8756000000,140762938
1160,1185,8757000000,140762921
1160,1185,8758000000,140762904
1160,1185,8759000000,140762888
1160,1185,8760000000,140762872
1160,1185,8761000000,140762855
1160,1185,8762000000,140762839
1160,1185,8763000000,140762824
1160,1185,8764000000,140762808
1160,1185,8765000000,140762791
1160,1185,8766000000,140762773
1160,1185,8767000000,140762757
1160,1185,8768000000,140762740
1160,1185,8769000000,140762722
1160,1185,8770000000,140762707
1160,1185,8771000000,140762692
1160,1185,8772000000,140762676
1160,1185,8773000000,140762660
1160,1185,8774000000,140762644
1160,1185,8775000000,140762626
1160,1185,8776000000,140762610
1160,1185,8777000000,140762591
1160,1185,8778000000,140762576
1160,1185,8779000000,140762560
1160,1185,8780000000,140762543
1160,1185,8781000000,140762528
1160,1185,8782000000,140762512
1160,1185,8783000000,140762496
1160,1185,8784000000,140762481
1160,1185,8785000000,140762462
1160,1185,8786000000,140762444
1160,1185,8787000000,140762428
1160,1185,8788000000,140762412
1160,1185,8789000000,140762396
1160,1185,8790000000,140762380
1160,1185,8791000000,140762364
1160,1185,8792000000,140762348
1160,1185,8793000000,140762332
1160,1185,8794000000,140762316
1160,1185,8795000000,140762299
1160,1185,8796000000,140762282
1160,1185,8797000000,140762265
1160,1185,8798000000,140762249
1160,1185,8799000000,140762233
1160,1185,8800000000,140762216
1160,1185,8801000000,140762199
1160,1185,8802000000,140762182
1160,1185,8803000000,140762167
1160,1185,8804000000,140762151
1160,1185,8805000000,140762134
1160,1185,8806000000,140762117
1160,1185,8807000000,140762101
1160,1185,8808000000,140762085
1160,1185,8809000000,140762069
1160,1185,8810000000,140762052
1160,1185,8811000000,140762037
1160,1185,8812000000,140762020
1160,1185,8813000000,140762006
1160,1185,8814000000,140761989
1160,1185,8815000000,140761972
1160,1185,8816000000,140761955
1160,1185,8817000000,140761937
1160,1185,8818000000,140761921
1160,1185,8819000000,140761903
1160,1185,8820000000,140761888
1160,1185,8821000000,140761871
1160,1185,8822000000,140761855
1160,1185,8823000000,140761840
1160,1185,8824000000,140761822
1160,1185,8825000000,140761804
1160,1185,8826000000,140761789
1160,1185,8827000000,140761771
1160,1185,8828000000,140761757
1160,1185,8829000000,140761741
1160,1185,8830000000,140761725
1160,1185,8831000000,140761710
1160,1185,8832000000,140761692
1160,1185,8833000000,140761678
1160,1185,8834000000,140761659
1160,1185,8835000000,140761640
1160,1185,8836000000,140761625
1160,1185,8837000000,140761608
1160,1185,8838000000,140761593
1160,1185,8839000000,140761576
1160,1185,8840000000,140761559
1160,1185,8841000000,140761544
1160,1185,8842000000,140761529
1160,1185,8843000000,140761511
1160,1185,8844000000,140761495
1160,1185,8845000000,140761478
1160,1185,8846000000,140761463
1160,1185,8847000000,140761445
1160,1185,8848000000,140761430
1160,1185,8849000000,140761414
1160,1185,8850000000,140761399
1160,1185,8851000000,140761381
1160,1185,8852000000,140761363
1160,1185,8853000000,140761348
1160,1185,8854000000,140761332
1160,1185,8855000000,140761315
1160,1185,8856000000,140761298
1160,1185,8857000000,140761281
1160,1185,8858000000,140761266
1160,1185,8859000000,140761250
1160,1185,8860000000,140761233
1160,1185,8861000000,140761217
1160,1185,8862000000,140761202
1160,1185,8863000000,140761187
1160,1185,8864000000,140761169
1160,1185,8865000000,140761151
1160,1185,8866000000,140761135
1160,1185,8867000000,140761118
1160,1185,8868000000,140761099
1160,1185,8869000000,140761083
1160,1185,8870000000,140761069
1160,1185,8871000000,140761052
1160,1185,8872000000,140761037
1160,1185,8873000000,140761020
1160,1185,8874000000,140761002
1160,1185,8875000000,140760988
1160,1185,8876000000,140760968
1160,1185,8877000000,140760954
1160,1185,8878000000,140760938
1160,1185,8879000000,140760922
1160,1185,8880000000,140760906
1160,1185,8881000000,140760889
1160,1185,8882000000,140760875
1160,1185,8883000000,140760859
1160,1185,8884000000,140760840
1160,1185,8885000000,140760823
1160,1185,8886000000,140760806
1160,1185,8887000000,140760792
1160,1185,8888000000,140760776
1160,1185,8889000000,140760761
1160,1185,8890000000,140760744
1160,1185,8891000000,140760727
1160,1185,8892000000,140760710
1160,1185,8893000000,140760694
1160,1185,8894000000,140760677
1160,1185,8895000000,140760662
1160,1185,8896000000,140760645
1160,1185,8897000000,140760629
1160,1185,8898000000,140760613
1160,1185,8899000000,140760598
1160,1185,8900000000,140760580
1160,1185,8901000000,140760563
1160,1185,8902000000,140760547
1160,1185,8903000000,140760531
1160,1185,8904000000,140760514
1160,1185,8905000000,140760498
1160,1185,8906000000,140760481
1160,1185,8907000000,140760465
1160,1185,8908000000,140760450
1160,1185,8909000000,140760433
1160,1185,8910000000,140760418
1160,1185,8911000000,140760402
1160,1185,8912000000,140760386
1160,1185,8913000000,140760370
1160,1185,8914000000,140760352
1160,1185,8915000000,140760336
1160,1185,8916000000,140760320
1160,1185,8917000000,140760300
1160,1185,8918000000,140760286
1160,1185,8919000000,140760269
1160,1185,8920000000,140760253
1160,1185,8921000000,140760237
1160,1185,8922000000,140760221
1160,1185,8923000000,140760205
1160,1185,8924000000,140760186
1160,1185,8925000000,140760170
1160,1185,8926000000,140760153
1160,1185,8927000000,140760137
1160,1185,8928000000,140760123
1160,1185,8929000000,140760107
1160,1185,8930000000,140760091
1160,1185,8931000000,140760074
1160,1185,8932000000,140760058
1160,1185,8933000000,140760040
1160,1185,8934000000,140760022
1160,1185,8935000000,140760006
1160,1185,8936000000,140759990
1160,1185,8937000000,140759975
1160,1185,8938000000,140759959
1160,1185,8939000000,140759941
1160,1185,8940000000,140759927
1160,1185,8941000000,140759910
1160,1185,8942000000,140759894
1160,1185,8943000000,140759877
1160,1185,8944000000,140759861
1160,1185,8945000000,140759846
1160,1185,8946000000,140759828
1160,1185,8947000000,140759812
1160,1185,8948000000,140759797
1160,1185,8949000000,140759782
1160,1185,8950000000,140759762
1160,1185,8951000000,140759746
1160,1185,8952000000,140759730
1160,1185,8953000000,140759714
1160,1185,8954000000,140759698
1160,1185,8955000000,140759679
1160,1185,8956000000,140759664
1160,1185,8957000000,140759648
1160,1185,8958000000,140759630
1160,1185,8959000000,140759614
1160,1185,8960000000,140759599
1160,1185,8961000000,140759584
1160,1185,8962000000,140759567
1160,1185,8963000000,140759549
1160,1185,8964000000,140759533
1160,1185,8965000000,140759517
1160,1185,8966000000,140759498
1160,1185,8967000000,140759482
1160,1185,8968000000,140759468
1160,1185,8969000000,140759452
1160,1185,8970000000,140759436
1160,1185,8971000000,140759420
1160,1185,8972000000,140759403
1160,1185,8973000000,140759388
1160,1185,8974000000,140759370
1160,1185,8975000000,140759354
1160,1185,8976000000,140759338
1160,1185,8977000000,140759322
1160,1185,8978000000,140759307
1160,1185,8979000000,140759289
1160,1185,8980000000,140759275
1160,1185,8981000000,140759259
1160,1185,8982000000,140759242
1160,1185,8983000000,140759222
1160,1185,8984000000,140759206
1160,1185,8985000000,140759191
1160,1185,8986000000,140759175
1160,1185,8987000000,140759160
1160,1185,8988000000,140759143
1160,1185,8989000000,140759128
1160,1185,8990000000,140759112
1160,1185,8991000000,140759095
1160,1185,8992000000,140759079
1160,1185,8993000000,140759063
1160,1185,8994000000,140759046
1160,1185,8995000000,140759030
1160,1185,8996000000,140759014
1160,1185,8997000000,140758999
1160,1185,8998000000,140758981
1160,1185,8999000000,140758962
1160,1185,9000000000,140758948
1160,1185,9001000000,140758933
1160,1185,9002000000,140758916
1160,1185,9003000000,140758898
1160,1185,9004000000,140758882
1160,1185,9005000000,140758865
1160,1185,9006000000,140758849
1160,1185,9007000000,140758833
1160,1185,9008000000,140758818
1160,1185,9009000000,140758802
1160,1185,9010000000,140758787
1160,1185,9011000000,140758770
1160,1185,9012000000,140758752
1160,1185,9013000000,140758738
1160,1185,9014000000,140758721
1160,1185,9015000000,140758702
1160,1185,9016000000,140758686
1160,1185,9017000000,140758671
1160,1185,9018000000,140758655
1160,1185,9019000000,140758641
1160,1185,9020000000,140758623
1160,1185,9021000000,140758608
1160,1185,9022000000,140758591
1160,1185,9023000000,140758573
1160,1185,9024000000,140758557
1160,1185,9025000000,140758541
1160,1185,9026000000,140758527
1160,1185,9027000000,140758512
1160,1185,9028000000,140758494
1160,1185,9029000000,140758479
1160,1185,9030000000,140758463
1160,1185,9031000000,140758445
1160,1185,9032000000,140758427
1160,1185,9033000000,140758411
1160,1185,9034000000,140758396
1160,1185,9035000000,140758380
1160,1185,9036000000,140758365
1160,1185,9037000000,140758347
1160,1185,9038000000,140758333
1160,1185,9039000000,140758316
1160,1185,9040000000,140758300
1160,1185,9041000000,140758283
1160,1185,9042000000,140758266
1160,1185,9043000000,140758252
1160,1185,9044000000,140758234
1160,1185,9045000000,140758218
1160,1185,9046000000,140758203
1160,1185,9047000000,140758187
1160,1185,9048000000,140758168
1160,1185,9049000000,140758153
1160,1185,9050000000,140758137
1160,1185,9051000000,140758120
1160,1185,9052000000,140758104
1160,1185,9053000000,140758086
1160,1185,9054000000,140758071
1160,1185,9055000000,140758055
1160,1185,9056000000,140758039
1160,1185,9057000000,140758022
1160,1185,9058000000,140758007
1160,1185,9059000000,140757992
1160,1185,9060000000,140757976
1160,1185,9061000000,140757958
1160,1185,9062000000,140757942
1160,1185,9063000000,140757926
1160,1185,9064000000,140757906
1160,1185,9065000000,140757892
1160,1185,9066000000,140757876
1160,1185,9067000000,140757860
1160,1185,9068000000,140757843
1160,1185,9069000000,140757826
1160,1185,9070000000,140757811
1160,1185,9071000000,140757792
1160,1185,9072000000,140757778
1160,1185,9073000000,140757759
1160,1185,9074000000,140757744
1160,1185,9075000000,140757729
1160,1185,9076000000,140757712
1160,1185,9077000000,140757696
1160,1185,9078000000,140757680
1160,1185,9079000000,140757666
1160,1185,9080000000,140757647
1160,1185,9081000000,140757629
1160,1185,9082000000,140757614
1160,1185,9083000000,140757597
1160,1185,9084000000,140757583
1160,1185,9085000000,140757565
1160,1185,9086000000,140757551
1160,1185,9087000000,140757535
1160,1185,9088000000,140757518
1160,1185,9089000000,140757502
1160,1185,9090000000,140757486
1160,1185,9091000000,140757470
1160,1185,9092000000,140757452
1160,1185,9093000000,140757437
1160,1185,9094000000,140757421
1160,1185,9095000000,140757406
1160,1185,9096000000,140757387
1160,1185,9097000000,140757371
1160,1185,9098000000,140757356
1160,1185,9099000000,140757341
1160,1185,9100000000,140757324
1160,1185,9101000000,140757305
1160,1185,9102000000,140757290
1160,1185,9103000000,140757274
1160,1185,9104000000,140757258
1160,1185,9105000000,140757242
1160,1185,9106000000,140757227
1160,1185,9107000000,140757211
1160,1185,9108000000,140757196
1160,1185,9109000000,140757177
1160,1185,9110000000,140757161
1160,1185,9111000000,140757146
1160,1185,9112000000,140757128
1160,1185,9113000000,140757110
1160,1185,9114000000,140757094
1160,1185,9115000000,140757079
1160,1185,9116000000,140757063
1160,1185,9117000000,140757048
1160,1185,9118000000,140757031
1160,1185,9119000000,140757016
1160,1185,9120000000,140756998
1160,1185,9121000000,140756980
1160,1185,9122000000,140756965
1160,1185,9123000000,140756949
1160,1185,9124000000,140756935
1160,1185,9125000000,140756919
1160,1185,9126000000,140756903
1160,1185,9127000000,140756886
1160,1185,9128000000,140756869
1160,1185,9129000000,140756851
1160,1185,9130000000,140756834
1160,1185,9131000000,140756818
1160,1185,9132000000,140756802
1160,1185,9133000000,140756788
1160,1185,9134000000,140756770
1160,1185,9135000000,140756754
1160,1185,9136000000,140756738
1160,1185,9137000000,140756723
1160,1185,9138000000,140756707
1160,1185,9139000000,140756689
1160,1185,9140000000,140756674
1160,1185,9141000000,140756658
1160,1185,9142000000,140756640
1160,1185,9143000000,140756625
1160,1185,9144000000,140756609
1160,1185,9145000000,140756592
1160,1185,9146000000,140756576
1160,1185,9147000000,140756560
1160,1185,9148000000,140756543
1160,1185,9149000000,140756527
1160,1185,9150000000,140756510
1160,1185,9151000000,140756493
1160,1185,9152000000,140756477
1160,1185,9153000000,140756462
1160,1185,9154000000,140756446
1160,1185,9155000000,140756430
1160,1185,9156000000,140756415
1160,1185,9157000000,140756400
1160,1185,9158000000,140756382
1160,1185,9159000000,140756365
1160,1185,9160000000,140756348
1160,1185,9161000000,140756331
1160,1185,9162000000,140756314
1160,1185,9163000000,140756299
1160,1185,9164000000,140756284
1160,1185,9165000000,140756268
1160,1185,9166000000,140756251
1160,1185,9167000000,140756235
1160,1185,9168000000,140756219
1160,1185,9169000000,140756202
1160,1185,9170000000,140756186
1160,1185,9171000000,140756169
1160,1185,9172000000,140756153
1160,1185,9173000000,140756139
1160,1185,9174000000,140756120
1160,1185,9175000000,140756106
1160,1185,9176000000,140756090
1160,1185,9177000000,140756074
1160,1185,9178000000,140756056
1160,1185,9179000000,140756038
1160,1185,9180000000,140756023
1160,1185,9181000000,140756006
1160,1185,9182000000,140755990
1160,1185,9183000000,140755974
1160,1185,9184000000,140755960
1160,1185,9185000000,140755943
1160,1185,9186000000,140755927
1160,1185,9187000000,140755911
1160,1185,9188000000,140755895
1160,1185,9189000000,140755879
1160,1185,9190000000,140755860
1160,1185,9191000000,140755845
1160,1185,9192000000,140755829
1160,1185,9193000000,140755813
1160,1185,9194000000,140755794
1160,1185,9195000000,140755780
1160,1185,9196000000,140755765
1160,1185,9197000000,140755750
1160,1185,9198000000,140755731
1160,1185,9199000000,140755716
1160,1185,9200000000,140755701
1160,1185,9201000000,140755684
1160,1185,9202000000,140755669
1160,1185,9203000000,140755652
1160,1185,9204000000,140755637
1160,1185,9205000000,140755621
1160,1185,9206000000,140755605
1160,1185,9207000000,140755588
1160,1185,9208000000,140755572
1160,1185,9209000000,140755556
1160,1185,9210000000,140755537
1160,1185,9211000000,140755520
1160,1185,9212000000,140755506
1160,1185,9213000000,140755489
1160,1185,9214000000,140755474
1160,1185,9215000000,140755457
1160,1185,9216000000,140755442
1160,1185,9217000000,140755426
1160,1185,9218000000,140755409
1160,1185,9219000000,140755392
1160,1185,9220000000,140755375
1160,1185,9221000000,140755361
1160,1185,9222000000,140755344
1160,1185,9223000000,140755329
1160,1185,9224000000,140755313
1160,1185,9225000000,140755297
1160,1185,9226000000,140755279
1160,1185,9227000000,140755263
1160,1185,9228000000,140755246
1160,1185,9229000000,140755228
1160,1185,9230000000,140755213
1160,1185,9231000000,140755196
1160,1185,9232000000,140755182
1160,1185,9233000000,140755164
1160,1185,9234000000,140755150
1160,1185,9235000000,140755133
1160,1185,9236000000,140755119
1160,1185,9237000000,140755101
1160,1185,9238000000,140755084
1160,1185,9239000000,140755068
1160,1185,9240000000,140755052
1160,1185,9241000000,140755036
1160,1185,9242000000,140755018
1160,1185,9243000000,140755003
1160,1185,9244000000,140754987
1160,1185,9245000000,140754972
1160,1185,9246000000,140754956
1160,1185,9247000000,140754938
1160,1185,9248000000,140754923
1160,1185,9249000000,140754905
1160,1185,9250000000,140754890
1160,1185,9251000000,140754874
1160,1185,9252000000,140754858
1160,1185,9253000000,140754843
1160,1185,9254000000,140754828
1160,1185,9255000000,140754811
1160,1185,9256000000,140754795
1160,1185,9257000000,140754777
1160,1185,9258000000,140754759
1160,1185,9259000000,140754743
1160,1185,9260000000,140754727
1160,1185,9261000000,140754712
1160,1185,9262000000,140754697
1160,1185,9263000000,140754680
1160,1185,9264000000,140754664
1160,1185,9265000000,140754648
1160,1185,9266000000,140754634
1160,1185,9267000000,140754616
1160,1185,9268000000,140754602
1160,1185,9269000000,140754586
1160,1185,9270000000,140754572
1160,1185,9271000000,140754554
1160,1185,9272000000,140754538
1160,1185,9273000000,140754522
1160,1185,9274000000,140754506
1160,1185,9275000000,140754489
1160,1185,9276000000,140754472
1160,1185,9277000000,140754457
1160,1185,9278000000,140754440
1160,1185,9279000000,140754423
1160,1185,9280000000,140754408
1160,1185,9281000000,140754393
1160,1185,9282000000,140754377
1160,1185,9283000000,140754362
1160,1185,9284000000,140754345
1160,1185,9285000000,140754329
1160,1185,9286000000,140754313
1160,1185,9287000000,140754295
1160,1185,9288000000,140754279
1160,1185,9289000000,140754262
1160,1185,9290000000,140754247
1160,1185,9291000000,140754229
1160,1185,9292000000,140754215
1160,1185,9293000000,140754199
1160,1185,9294000000,140754185
1160,1185,9295000000,140754167
1160,1185,9296000000,140754150
1160,1185,9297000000,140754134
1160,1185,9298000000,140754119
1160,1185,9299000000,140754103
1160,1185,9300000000,140754087
1160,1185,9301000000,140754072
1160,1185,9302000000,140754057
1160,1185,9303000000,140754039
1160,1185,9304000000,140754024
1160,1185,9305000000,140754007
1160,1185,9306000000,140753989
1160,1185,9307000000,140753972
1160,1185,9308000000,140753955
1160,1185,9309000000,140753940
1160,1185,9310000000,140753926
1160,1185,9311000000,140753908
1160,1185,9312000000,140753893
1160,1185,9313000000,140753877
1160,1185,9314000000,140753863
1160,1185,9315000000,140753847
1160,1185,9316000000,140753829
1160,1185,9317000000,140753814
1160,1185,9318000000,140753797
1160,1185,9319000000,140753781
1160,1185,9320000000,140753765
1160,1185,9321000000,140753750
1160,1185,9322000000,140753733
1160,1185,9323000000,140753717
1160,1185,9324000000,140753699
1160,1185,9325000000,140753684
1160,1185,9326000000,140753668
1160,1185,9327000000,140753649
1160,1185,9328000000,140753634
1160,1185,9329000000,140753617
1160,1185,9330000000,140753602
1160,1185,9331000000,140753586
1160,1185,9332000000,140753571
1160,1185,9333000000,140753555
1160,1185,9334000000,140753541
1160,1185,9335000000,140753522
1160,1185,9336000000,140753506
1160,1185,9337000000,140753489
1160,1185,9338000000,140753473
1160,1185,9339000000,140753456
1160,1185,9340000000,140753440
1160,1185,9341000000,140753425
1160,1185,9342000000,140753409
1160,1185,9343000000,140753393
1160,1185,9344000000,140753376
1160,1185,9345000000,140753360
1160,1185,9346000000,140753344
1160,1185,9347000000,140753328
1160,1185,9348000000,140753312
1160,1185,9349000000,140753298
1160,1185,9350000000,140753281
1160,1185,9351000000,140753266
1160,1185,9352000000,140753249
1160,1185,9353000000,140753233
1160,1185,9354000000,140753216
1160,1185,9355000000,140753199
1160,1185,9356000000,140753182
1160,1185,9357000000,140753166
1160,1185,9358000000,140753151
1160,1185,9359000000,140753135
1160,1185,9360000000,140753119
1160,1185,9361000000,140753103
1160,1185,9362000000,140753087
1160,1185,9363000000,140753071
1160,1185,9364000000,140753054
1160,1185,9365000000,140753039
1160,1185,9366000000,140753021
1160,1185,9367000000,140753006
1160,1185,9368000000,140752989
1160,1185,9369000000,140752973
1160,1185,9370000000,140752956
1160,1185,9371000000,140752941
1160,1185,9372000000,140752924
1160,1185,9373000000,140752910
1160,1185,9374000000,140752893
1160,1185,9375000000,140752877
1160,1185,9376000000,140752860
1160,1185,9377000000,140752843
1160,1185,9378000000,140752829
1160,1185,9379000000,140752813
1160,1185,9380000000,140752798
1160,1185,9381000000,140752781
1160,1185,9382000000,140752767
1160,1185,9383000000,140752749
1160,1185,9384000000,140752733
1160,1185,9385000000,140752715
1160,1185,9386000000,140752699
1160,1185,9387000000,140752682
1160,1185,9388000000,140752667
1160,1185,9389000000,140752650
1160,1185,9390000000,140752636
1160,1185,9391000000,140752619
1160,1185,9392000000,140752604
1160,1185,9393000000,140752586
1160,1185,9394000000,140752570
1160,1185,9395000000,140752554
1160,1185,9396000000,140752537
1160,1185,9397000000,140752522
1160,1185,9398000000,140752507
1160,1185,9399000000,140752491
1160,1185,9400000000,140752475
1160,1185,9401000000,140752458
1160,1185,9402000000,140752442
1160,1185,9403000000,140752425
1160,1185,9404000000,140752409
1160,1185,9405000000,140752392
1160,1185,9406000000,140752378
1160,1185,9407000000,140752362
1160,1185,9408000000,140752345
1160,1185,9409000000,140752328
1160,1185,9410000000,140752314
1160,1185,9411000000,140752298
1160,1185,9412000000,140752282
1160,1185,9413000000,140752265
1160,1185,9414000000,140752249
1160,1185,9415000000,140752234
1160,1185,9416000000,140752217
1160,1185,9417000000,140752201
1160,1185,9418000000,140752185
1160,1185,9419000000,140752169
1160,1185,9420000000,140752152
1160,1185,9421000000,140752137
1160,1185,9422000000,140752121
1160,1185,9423000000,140752104
1160,1185,9424000000,140752086
1160,1185,9425000000,140752071
1160,1185,9426000000,140752055
1160,1185,9427000000,140752041
1160,1185,9428000000,140752023
1160,1185,9429000000,140752010
1160,1185,9430000000,140751994
1160,1185,9431000000,140751979
1160,1185,9432000000,140751961
1160,1185,9433000000,140751945
1160,1185,9434000000,140751927
1160,1185,9435000000,140751911
1160,1185,9436000000,140751894
1160,1185,9437000000,140751880
1160,1185,9438000000,140751863
1160,1185,9439000000,140751849
1160,1185,9440000000,140751831
1160,1185,9441000000,140751815
1160,1185,9442000000,140751798
1160,1185,9443000000,140751783
1160,1185,9444000000,140751765
1160,1185,9445000000,140751750
1160,1185,9446000000,140751734
1160,1185,9447000000,140751718
1160,1185,9448000000,140751703
1160,1185,9449000000,140751687
1160,1185,9450000000,140751671
1160,1185,9451000000,140751655
1160,1185,9452000000,140751639
1160,1185,9453000000,140751623
1160,1185,9454000000,140751607
1160,1185,9455000000,140751591
1160,1185,9456000000,140751575
1160,1185,9457000000,140751559
1160,1185,9458000000,140751544
1160,1185,9459000000,140751528
1160,1185,9460000000,140751512
1160,1185,9461000000,140751496
1160,1185,9462000000,140751479
1160,1185,9463000000,140751463
1160,1185,9464000000,140751445
1160,1185,9465000000,140751430
1160,1185,9466000000,140751413
1160,1185,9467000000,140751397
1160,1185,9468000000,140751380
1160,1185,9469000000,140751367
1160,1185,9470000000,140751350
1160,1185,9471000000,140751335
1160,1185,9472000000,140751317
1160,1185,9473000000,140751302
1160,1185,9474000000,140751285
1160,1185,9475000000,140751271
1160,1185,9476000000,140751254
1160,1185,9477000000,140751240
1160,1185,9478000000,140751225
1160,1185,9479000000,140751210
1160,1185,9480000000,140751191
1160,1185,9481000000,140751176
1160,1185,9482000000,140751159
1160,1185,9483000000,140751142
1160,1185,9484000000,140751125
1160,1185,9485000000,140751111
1160,1185,9486000000,140751093
1160,1185,9487000000,140751078
1160,1185,9488000000,140751062
1160,1185,9489000000,140751048
1160,1185,9490000000,140751033
1160,1185,9491000000,140751016
1160,1185,9492000000,140751000
1160,1185,9493000000,140750985
1160,1185,9494000000,140750968
1160,1185,9495000000,140750953
1160,1185,9496000000,140750936
1160,1185,9497000000,140750921
1160,1185,9498000000,140750905
1160,1185,9499000000,140750889
1160,1185,9500000000,140750872
1160,1185,9501000000,140750856
1160,1185,9502000000,140750839
1160,1185,9503000000,140750823
1160,1185,9504000000,140750806
1160,1185,9505000000,140750790
1160,1185,9506000000,140750775
1160,1185,9507000000,140750761
1160,1185,9508000000,140750745
1160,1185,9509000000,140750730
1160,1185,9510000000,140750713
1160,1185,9511000000,140750698
1160,1185,9512000000,140750680
1160,1185,9513000000,140750663
1160,1185,9514000000,140750647
1160,1185,9515000000,140750632
1160,1185,9516000000,140750615
1160,1185,9517000000,140750601
1160,1185,9518000000,140750583
1160,1185,9519000000,140750568
1160,1185,9520000000,140750549
1160,1185,9521000000,140750535
1160,1185,9522000000,140750517
1160,1185,9523000000,140750503
1160,1185,9524000000,140750486
1160,1185,9525000000,140750472
1160,1185,9526000000,140750455
1160,1185,9527000000,140750440
1160,1185,9528000000,140750423
1160,1185,9529000000,140750409
1160,1185,9530000000,140750391
1160,1185,9531000000,140750375
1160,1185,9532000000,140750358
1160,1185,9533000000,140750343
1160,1185,9534000000,140750326
1160,1185,9535000000,140750311
1160,1185,9536000000,140750294
1160,1185,9537000000,140750279
1160,1185,9538000000,140750263
1160,1185,9539000000,140750247
1160,1185,9540000000,140750230
1160,1185,9541000000,140750215
1160,1185,9542000000,140750198
1160,1185,9543000000,140750183
1160,1185,9544000000,140750165
1160,1185,9545000000,140750150
1160,1185,9546000000,140750135
1160,1185,9547000000,140750120
1160,1185,9548000000,140750103
1160,1185,9549000000,140750087
1160,1185,9550000000,140750070
1160,1185,9551000000,140750053
1160,1185,9552000000,140750036
1160,1185,9553000000,140750021
1160,1185,9554000000,140750007
1160,1185,9555000000,140749992
1160,1185,9556000000,140749976
1160,1185,9557000000,140749960
1160,1185,9558000000,140749944
1160,1185,9559000000,140749927
1160,1185,9560000000,140749910
1160,1185,9561000000,140749893
1160,1185,9562000000,140749879
1160,1185,9563000000,140749863
1160,1185,9564000000,140749846
1160,1185,9565000000,140749830
1160,1185,9566000000,140749816
1160,1185,9567000000,140749800
1160,1185,9568000000,140749784
1160,1185,9569000000,140749767
1160,1185,9570000000,140749752
1160,1185,9571000000,140749736
1160,1185,9572000000,140749720
1160,1185,9573000000,140749703
1160,1185,9574000000,140749690
1160,1185,9575000000,140749672
1160,1185,9576000000,140749657
1160,1185,9577000000,140749639
1160,1185,9578000000,140749624
1160,1185,9579000000,140749608
1160,1185,9580000000,140749592
1160,1185,9581000000,140749574
1160,1185,9582000000,140749560
1160,1185,9583000000,140749541
1160,1185,9584000000,140749527
1160,1185,9585000000,140749511
1160,1185,9586000000,140749497
1160,1185,9587000000,140749481
1160,1185,9588000000,140749465
1160,1185,9589000000,140749448
1160,1185,9590000000,140749433
1160,1185,9591000000,140749414
1160,1185,9592000000,140749400
1160,1185,9593000000,140749384
1160,1185,9594000000,140749369
1160,1185,9595000000,140749353
1160,1185,9596000000,140749338
1160,1185,9597000000,140749320
1160,1185,9598000000,140749305
1160,1185,9599000000,140749286
1160,1185,9600000000,140749272
1160,1185,9601000000,140749256
1160,1185,9602000000,140749242
1160,1185,9603000000,140749226
1160,1185,9604000000,140749211
1160,1185,9605000000,140749195
1160,1185,9606000000,140749180
1160,1185,9607000000,140749163
1160,1185,9608000000,140749146
1160,1185,9609000000,140749130
1160,1185,9610000000,140749114
1160,1185,9611000000,140749097
1160,1185,9612000000,140749082
1160,1185,9613000000,140749066
1160,1185,9614000000,140749051
1160,1185,9615000000,140749033
1160,1185,9616000000,140749017
1160,1185,9617000000,140749001
1160,1185,9618000000,140748987
1160,1185,9619000000,140748970
1160,1185,9620000000,140748954
1160,1185,9621000000,140748938
1160,1185,9622000000,140748923
1160,1185,9623000000,140748906
1160,1185,9624000000,140748890
1160,1185,9625000000,140748875
1160,1185,9626000000,140748859
1160,1185,9627000000,140748842
1160,1185,9628000000,140748825
1160,1185,9629000000,140748809
1160,1185,9630000000,140748794
1160,1185,9631000000,140748776
1160,1185,9632000000,140748763
1160,1185,9633000000,140748747
1160,1185,9634000000,140748732
1160,1185,9635000000,140748715
1160,1185,9636000000,140748701
1160,1185,9637000000,140748683
1160,1185,9638000000,140748668
1160,1185,9639000000,140748649
1160,1185,9640000000,140748634
1160,1185,9641000000,140748617
1160,1185,9642000000,140748602
1160,1185,9643000000,140748585
1160,1185,9644000000,140748570
1160,1185,9645000000,140748555
1160,1185,9646000000,140748540
1160,1185,9647000000,140748521
1160,1185,9648000000,140748506
1160,1185,9649000000,140748490
1160,1185,9650000000,140748476
1160,1185,9651000000,140748459
1160,1185,9652000000,140748444
1160,1185,9653000000,140748429
1160,1185,9654000000,140748411
1160,1185,9655000000,140748395
1160,1185,9656000000,140748378
1160,1185,9657000000,140748362
1160,1185,9658000000,140748346
1160,1185,9659000000,140748330
1160,1185,9660000000,140748314
1160,1185,9661000000,140748298
1160,1185,9662000000,140748282
1160,1185,9663000000,140748267
1160,1185,9664000000,140748252
1160,1185,9665000000,140748236
1160,1185,9666000000,140748220
1160,1185,9667000000,140748203
1160,1185,9668000000,140748187
1160,1185,9669000000,140748171
1160,1185,9670000000,140748154
1160,1185,9671000000,140748140
1160,1185,9672000000,140748124
1160,1185,9673000000,140748107
1160,1185,9674000000,140748092
1160,1185,9675000000,140748075
1160,1185,9676000000,140748061
1160,1185,9677000000,140748044
1160,1185,9678000000,140748027
1160,1185,9679000000,140748011
1160,1185,9680000000,140747996
1160,1185,9681000000,140747980
1160,1185,9682000000,140747966
1160,1185,9683000000,140747949
1160,1185,9684000000,140747935
1160,1185,9685000000,140747918
1160,1185,9686000000,140747901
1160,1185,9687000000,140747884
1160,1185,9688000000,140747870
1160,1185,9689000000,140747853
1160,1185,9690000000,140747839
1160,1185,9691000000,140747823
1160,1185,9692000000,140747807
1160,1185,9693000000,140747791
1160,1185,9694000000,140747773
1160,1185,9695000000,140747757
1160,1185,9696000000,140747742
1160,1185,9697000000,140747726
1160,1185,9698000000,140747710
1160,1185,9699000000,140747694
1160,1185,9700000000,140747679
1160,1185,9701000000,140747663
1160,1185,9702000000,140747647
1160,1185,9703000000,140747631
1160,1185,9704000000,140747615
1160,1185,9705000000,140747599
1160,1185,9706000000,140747581
1160,1185,9707000000,140747566
1160,1185,9708000000,140747551
1160,1185,9709000000,140747535
1160,1185,9710000000,140747519
1160,1185,9711000000,140747505
1160,1185,9712000000,140747490
1160,1185,9713000000,140747474
1160,1185,9714000000,140747457
1160,1185,9715000000,140747441
1160,1185,9716000000,140747425
1160,1185,9717000000,140747408
1160,1185,9718000000,140747392
1160,1185,9719000000,140747376
1160,1185,9720000000,140747361
1160,1185,9721000000,140747345
1160,1185,9722000000,140747329
1160,1185,9723000000,140747315
1160,1185,9724000000,140747298
1160,1185,9725000000,140747282
1160,1185,9726000000,140747264
1160,1185,9727000000,140747249
1160,1185,9728000000,140747233
1160,1185,9729000000,140747219
1160,1185,9730000000,140747202
1160,1185,9731000000,140747188
1160,1185,9732000000,140747172
1160,1185,9733000000,140747154
1160,1185,9734000000,140747137
1160,1185,9735000000,140747123
1160,1185,9736000000,140747106
1160,1185,9737000000,140747091
1160,1185,9738000000,140747074
1160,1185,9739000000,140747058
1160,1185,9740000000,140747044
1160,1185,9741000000,140747026
1160,1185,9742000000,140747013
1160,1185,9743000000,140746996
1160,1185,9744000000,140746981
1160,1185,9745000000,140746964
1160,1185,9746000000,140746949
1160,1185,9747000000,140746932
1160,1185,9748000000,140746918
1160,1185,9749000000,140746900
1160,1185,9750000000,140746885
1160,1185,9751000000,140746869
1160,1185,9752000000,140746852
1160,1185,9753000000,140746836
1160,1185,9754000000,140746819
1160,1185,9755000000,140746803
1160,1185,9756000000,140746788
1160,1185,9757000000,140746770
1160,1185,9758000000,140746756
1160,1185,9759000000,140746741
1160,1185,9760000000,140746726
1160,1185,9761000000,140746711
1160,1185,9762000000,140746693
1160,1185,9763000000,140746677
1160,1185,9764000000,140746662
1160,1185,9765000000,140746645
1160,1185,9766000000,140746629
1160,1185,9767000000,140746614
1160,1185,9768000000,140746599
1160,1185,9769000000,140746584
1160,1185,9770000000,140746566
1160,1185,9771000000,140746550
1160,1185,9772000000,140746533
1160,1185,9773000000,140746517
1160,1185,9774000000,140746501
1160,1185,9775000000,140746486
1160,1185,9776000000,140746471
1160,1185,9777000000,140746455
1160,1185,9778000000,140746438
1160,1185,9779000000,140746425
1160,1185,9780000000,140746408
1160,1185,9781000000,140746393
1160,1185,9782000000,140746375
1160,1185,9783000000,140746360
1160,1185,9784000000,140746342
1160,1185,9785000000,140746327
1160,1185,9786000000,140746310
1160,1185,9787000000,140746296
1160,1185,9788000000,140746280
1160,1185,9789000000,140746264
1160,1185,9790000000,140746250
1160,1185,9791000000,140746232
1160,1185,9792000000,140746218
1160,1185,9793000000,140746200
1160,1185,9794000000,140746184
1160,1185,9795000000,140746167
1160,1185,9796000000,140746152
1160,1185,9797000000,140746135
1160,1185,9798000000,140746121
1160,1185,9799000000,140746105
1160,1185,9800000000,140746091
1160,1185,9801000000,140746073
1160,1185,9802000000,140746057
1160,1185,9803000000,140746040
1160,1185,9804000000,140746024
1160,1185,9805000000,140746008
1160,1185,9806000000,140745994
1160,1185,9807000000,140745979
1160,1185,9808000000,140745964
1160,1185,9809000000,140745946
1160,1185,9810000000,140745932
1160,1185,9811000000,140745915
1160,1185,9812000000,140745898
1160,1185,9813000000,140745882
1160,1185,9814000000,140745866
1160,1185,9815000000,140745849
1160,1185,9816000000,140745835
1160,1185,9817000000,140745818
1160,1185,9818000000,140745803
1160,1185,9819000000,140745787
1160,1185,9820000000,140745771
1160,1185,9821000000,140745757
1160,1185,9822000000,140745739
1160,1185,9823000000,140745725
1160,1185,9824000000,140745707
1160,1185,9825000000,140745692
1160,1185,9826000000,140745677
1160,1185,9827000000,140745662
1160,1185,9828000000,140745644
1160,1185,9829000000,140745628
1160,1185,9830000000,140745613
1160,1185,9831000000,140745597
1160,1185,9832000000,140745581
1160,1185,9833000000,140745563
1160,1185,9834000000,140745549
1160,1185,9835000000,140745531
1160,1185,9836000000,140745517
1160,1185,9837000000,140745501
1160,1185,9838000000,140745487
1160,1185,9839000000,140745471
1160,1185,9840000000,140745457
1160,1185,9841000000,140745440
1160,1185,9842000000,140745423
1160,1185,9843000000,140745406
1160,1185,9844000000,140745390
1160,1185,9845000000,140745377
1160,1185,9846000000,140745361
1160,1185,9847000000,140745345
1160,1185,9848000000,140745327
1160,1185,9849000000,140745312
1160,1185,9850000000,140745295
1160,1185,9851000000,140745279
1160,1185,9852000000,140745263
1160,1185,9853000000,140745248
1160,1185,9854000000,140745232
1160,1185,9855000000,140745218
1160,1185,9856000000,140745201
1160,1185,9857000000,140745186
1160,1185,9858000000,140745170
1160,1185,9859000000,140745154
1160,1185,9860000000,140745138
1160,1185,9861000000,140745122
1160,1185,9862000000,140745106
1160,1185,9863000000,140745090
1160,1185,9864000000,140745075
1160,1185,9865000000,140745060
1160,1185,9866000000,140745044
1160,1185,9867000000,140745027
1160,1185,9868000000,140745012
1160,1185,9869000000,140744996
1160,1185,9870000000,140744981
1160,1185,9871000000,140744965
1160,1185,9872000000,140744948
1160,1185,9873000000,140744931
1160,1185,9874000000,140744918
1160,1185,9875000000,140744901
1160,1185,9876000000,140744886
1160,1185,9877000000,140744873
1160,1185,9878000000,140744856
1160,1185,9879000000,140744841
1160,1185,9880000000,140744822
1160,1185,9881000000,140744807
1160,1185,9882000000,140744790
1160,1185,9883000000,140744776
1160,1185,9884000000,140744760
1160,1185,9885000000,140744747
1160,1185,9886000000,140744730
1160,1185,9887000000,140744714
1160,1185,9888000000,140744699
1160,1185,9889000000,140744681
1160,1185,9890000000,140744666
1160,1185,9891000000,140744648
1160,1185,9892000000,140744635
1160,1185,9893000000,140744618
1160,1185,9894000000,140744604
1160,1185,9895000000,140744586
1160,1185,9896000000,140744573
1160,1185,9897000000,140744556
1160,1185,9898000000,140744540
1160,1185,9899000000,140744524
1160,1185,9900000000,140744509
1160,1185,9901000000,140744494
1160,1185,9902000000,140744478
1160,1185,9903000000,140744462
1160,1185,9904000000,140744448
1160,1185,9905000000,140744431
1160,1185,9906000000,140744413
1160,1185,9907000000,140744397
1160,1185,9908000000,140744382
1160,1185,9909000000,140744366
1160,1185,9910000000,140744349
1160,1185,9911000000,140744333
1160,1185,9912000000,140744317
1160,1185,9913000000,140744303
1160,1185,9914000000,140744287
1160,1185,9915000000,140744272
1160,1185,9916000000,140744257
1160,1185,9917000000,140744241
1160,1185,9918000000,140744224
1160,1185,9919000000,140744208
1160,1185,9920000000,140744192
1160,1185,9921000000,140744176
1160,1185,9922000000,140744161
1160,1185,9923000000,140744145
1160,1185,9924000000,140744131
1160,1185,9925000000,140744114
1160,1185,9926000000,140744096
1160,1185,9927000000,140744081
1160,1185,9928000000,140744064
1160,1185,9929000000,140744050
1160,1185,9930000000,140744032
1160,1185,9931000000,140744018
1160,1185,9932000000,140744002
1160,1185,9933000000,140743988
1160,1185,9934000000,140743970
1160,1185,9935000000,140743957
1160,1185,9936000000,140743940
1160,1185,9937000000,140743924
1160,1185,9938000000,140743907
1160,1185,9939000000,140743892
1160,1185,9940000000,140743876
1160,1185,9941000000,140743860
1160,1185,9942000000,140743844
1160,1185,9943000000,140743828
1160,1185,9944000000,140743814
1160,1185,9945000000,140743797
1160,1185,9946000000,140743781
1160,1185,9947000000,140743766
1160,1185,9948000000,140743751
1160,1185,9949000000,140743736
1160,1185,9950000000,140743717
1160,1185,9951000000,140743702
1160,1185,9952000000,140743688
1160,1185,9953000000,140743671
1160,1185,9954000000,140743656
1160,1185,9955000000,140743640
1160,1185,9956000000,140743625
1160,1185,9957000000,140743608
1160,1185,9958000000,140743592
1160,1185,9959000000,140743575
1160,1185,9960000000,140743561
1160,1185,9961000000,140743545
1160,1185,9962000000,140743530
1160,1185,9963000000,140743514
1160,1185,9964000000,140743500
1160,1185,9965000000,140743482
1160,1185,9966000000,140743468
1160,1185,9967000000,140743450
1160,1185,9968000000,140743435
1160,1185,9969000000,140743419
1160,1185,9970000000,140743403
1160,1185,9971000000,140743387
1160,1185,9972000000,140743373
1160,1185,9973000000,140743356
1160,1185,9974000000,140743341
1160,1185,9975000000,140743325
1160,1185,9976000000,140743307
1160,1185,9977000000,140743293
1160,1185,9978000000,140743277
1160,1185,9979000000,140743262
1160,1185,9980000000,140743247
1160,1185,9981000000,140743231
1160,1185,9982000000,140743216
1160,1185,9983000000,140743199
1160,1185,9984000000,140743181
1160,1185,9985000000,140743166
1160,1185,9986000000,140743151
1160,1185,9987000000,140743133
1160,1185,9988000000,140743118
1160,1185,9989000000,140743103
1160,1185,9990000000,140743086
1160,1185,9991000000,140743072
1160,1185,9992000000,140743055
1160,1185,9993000000,140743042
1160,1185,9994000000,140743025
1160,1185,9995000000,140743010
1160,1185,9996000000,140742992
1160,1185,9997000000,140742978
1160,1185,9998000000,140742962
1160,1185,9999000000,140742945
1160,1185,10000000000,140742930
1160,1185,10001000000,140742916
1160,1185,10002000000,140742900
1160,1185,10003000000,140742883
1160,1185,10004000000,140742865
1160,1185,10005000000,140742850
1160,1185,10006000000,140742834
1160,1185,10007000000,140742818
1160,1185,10008000000,140742803
1160,1185,10009000000,140742788
1160,1185,10010000000,140742773
1160,1185,10011000000,140742758
1160,1185,10012000000,140742742
1160,1185,10013000000,140742725
1160,1185,10014000000,140742710
1160,1185,10015000000,140742693
1160,1185,10016000000,140742678
1160,1185,10017000000,140742662
1160,1185,10018000000,140742646
1160,1185,10019000000,140742630
1160,1185,10020000000,140742615
1160,1185,10021000000,140742598
1160,1185,10022000000,140742583
1160,1185,10023000000,140742565
1160,1185,10024000000,140742551
1160,1185,10025000000,140742536
1160,1185,10026000000,140742520
1160,1185,10027000000,140742503
1160,1185,10028000000,140742488
1160,1185,10029000000,140742473
1160,1185,10030000000,140742457
1160,1185,10031000000,140742442
1160,1185,10032000000,140742425
1160,1185,10033000000,140742411
1160,1185,10034000000,140742394
1160,1185,10035000000,140742378
1160,1185,10036000000,140742362
1160,1185,10037000000,140742345
1160,1185,10038000000,140742331
1160,1185,10039000000,140742315
1160,1185,10040000000,140742300
1160,1185,10041000000,140742285
1160,1185,10042000000,140742267
1160,1185,10043000000,140742253
1160,1185,10044000000,140742235
1160,1185,10045000000,140742220
1160,1185,10046000000,140742203
1160,1185,10047000000,140742188
1160,1185,10048000000,140742173
1160,1185,10049000000,140742157
1160,1185,10050000000,140742143
1160,1185,10051000000,140742126
1160,1185,10052000000,140742110
1160,1185,10053000000,140742094
1160,1185,10054000000,140742078
1160,1185,10055000000,140742063
1160,1185,10056000000,140742047
1160,1185,10057000000,140742032
1160,1185,10058000000,140742017
1160,1185,10059000000,140742001
1160,1185,10060000000,140741985
1160,1185,10061000000,140741969
1160,1185,10062000000,140741952
1160,1185,10063000000,140741936
1160,1185,10064000000,140741921
1160,1185,10065000000,140741905
1160,1185,10066000000,140741889
1160,1185,10067000000,140741872
1160,1185,10068000000,140741857
1160,1185,10069000000,140741843
1160,1185,10070000000,140741827
1160,1185,10071000000,140741811
1160,1185,10072000000,140741798
1160,1185,10073000000,140741780
1160,1185,10074000000,140741765
1160,1185,10075000000,140741748
1160,1185,10076000000,140741734
1160,1185,10077000000,140741718
1160,1185,10078000000,140741702
1160,1185,10079000000,140741687
1160,1185,10080000000,140741670
1160,1185,10081000000,140741654
1160,1185,10082000000,140741637
1160,1185,10083000000,140741623
1160,1185,10084000000,140741608
1160,1185,10085000000,140741590
1160,1185,10086000000,140741576
1160,1185,10087000000,140741561
1160,1185,10088000000,140741547
1160,1185,10089000000,140741532
1160,1185,10090000000,140741514
1160,1185,10091000000,140741500
1160,1185,10092000000,140741482
1160,1185,10093000000,140741466
1160,1185,10094000000,140741450
1160,1185,10095000000,140741436
1160,1185,10096000000,140741420
1160,1185,10097000000,140741405
1160,1185,10098000000,140741388
1160,1185,10099000000,140741371
1160,1185,10100000000,140741356
1160,1185,10101000000,140741340
1160,1185,10102000000,140741325
1160,1185,10103000000,140741310
1160,1185,10104000000,140741293
1160,1185,10105000000,140741278
1160,1185,10106000000,140741262
1160,1185,10107000000,140741247
1160,1185,10108000000,140741231
1160,1185,10109000000,140741215
1160,1185,10110000000,140741200
1160,1185,10111000000,140741185
1160,1185,10112000000,140741168
1160,1185,10113000000,140741151
1160,1185,10114000000,140741135
1160,1185,10115000000,140741121
1160,1185,10116000000,140741105
1160,1185,10117000000,140741089
1160,1185,10118000000,140741075
1160,1185,10119000000,140741059
1160,1185,10120000000,140741042
1160,1185,10121000000,140741025
1160,1185,10122000000,140741010
1160,1185,10123000000,140740993
1160,1185,10124000000,140740977
1160,1185,10125000000,140740964
1160,1185,10126000000,140740949
1160,1185,10127000000,140740932
1160,1185,10128000000,140740917
1160,1185,10129000000,140740900
1160,1185,10130000000,140740885
1160,1185,10131000000,140740867
1160,1185,10132000000,140740854
1160,1185,10133000000,140740839
1160,1185,10134000000,140740823
1160,1185,10135000000,140740808
1160,1185,10136000000,140740791
1160,1185,10137000000,140740775
1160,1185,10138000000,140740759
1160,1185,10139000000,140740743
1160,1185,10140000000,140740728
1160,1185,10141000000,140740712
1160,1185,10142000000,140740695
1160,1185,10143000000,140740679
1160,1185,10144000000,140740663
1160,1185,10145000000,140740650
1160,1185,10146000000,140740634
1160,1185,10147000000,140740619
1160,1185,10148000000,140740602
1160,1185,10149000000,140740589
1160,1185,10150000000,140740571
1160,1185,10151000000,140740556
1160,1185,10152000000,140740540
1160,1185,10153000000,140740524
1160,1185,10154000000,140740508
1160,1185,10155000000,140740493
1160,1185,10156000000,140740478
1160,1185,10157000000,140740460
1160,1185,10158000000,140740444
1160,1185,10159000000,140740430
1160,1185,10160000000,140740413
1160,1185,10161000000,140740397
1160,1185,10162000000,140740381
1160,1185,10163000000,140740367
1160,1185,10164000000,140740352
1160,1185,10165000000,140740339
1160,1185,10166000000,140740323
1160,1185,10167000000,140740305
1160,1185,10168000000,140740290
1160,1185,10169000000,140740274
1160,1185,10170000000,140740258
1160,1185,10171000000,140740242
1160,1185,10172000000,140740228
1160,1185,10173000000,140740211
1160,1185,10174000000,140740196
1160,1185,10175000000,140740179
1160,1185,10176000000,140740163
1160,1185,10177000000,140740149
1160,1185,10178000000,140740132
1160,1185,10179000000,140740118
1160,1185,10180000000,140740103
1160,1185,10181000000,140740085
1160,1185,10182000000,140740070
1160,1185,10183000000,140740054
1160,1185,10184000000,140740040
1160,1185,10185000000,140740025
1160,1185,10186000000,140740008
1160,1185,10187000000,140739994
1160,1185,10188000000,140739975
1160,1185,10189000000,140739961
1160,1185,10190000000,140739945
1160,1185,10191000000,140739930
1160,1185,10192000000,140739916
1160,1185,10193000000,140739899
1160,1185,10194000000,140739884
1160,1185,10195000000,140739869
1160,1185,10196000000,140739852
1160,1185,10197000000,140739838
1160,1185,10198000000,140739821
1160,1185,10199000000,140739806
1160,1185,10200000000,140739789
1160,1185,10201000000,140739773
1160,1185,10202000000,140739760
1160,1185,10203000000,140739744
1160,1185,10204000000,140739729
1160,1185,10205000000,140739713
1160,1185,10206000000,140739696
1160,1185,10207000000,140739680
1160,1185,10208000000,140739665
1160,1185,10209000000,140739649
1160,1185,10210000000,140739634
1160,1185,10211000000,140739620
1160,1185,10212000000,140739604
1160,1185,10213000000,140739586
1160,1185,10214000000,140739571
1160,1185,10215000000,140739556
1160,1185,10216000000,140739538
1160,1185,10217000000,140739524
1160,1185,10218000000,140739508
1160,1185,10219000000,140739490
1160,1185,10220000000,140739476
1160,1185,10221000000,140739460
1160,1185,10222000000,140739445
1160,1185,10223000000,140739431
1160,1185,10224000000,140739414
1160,1185,10225000000,140739400
1160,1185,10226000000,140739384
1160,1185,10227000000,140739368
1160,1185,10228000000,140739353
1160,1185,10229000000,140739335
1160,1185,10230000000,140739322
1160,1185,10231000000,140739304
1160,1185,10232000000,140739290
1160,1185,10233000000,140739274
1160,1185,10234000000,140739256
1160,1185,10235000000,140739242
1160,1185,10236000000,140739226
1160,1185,10237000000,140739210
1160,1185,10238000000,140739194
1160,1185,10239000000,140739177
1160,1185,10240000000,140739164
1160,1185,10241000000,140739148
1160,1185,10242000000,140739134
1160,1185,10243000000,140739120
1160,1185,10244000000,140739101
1160,1185,10245000000,140739087
1160,1185,10246000000,140739069
1160,1185,10247000000,140739054
1160,1185,10248000000,140739040
1160,1185,10249000000,140739024
1160,1185,10250000000,140739008
1160,1185,10251000000,140738992
1160,1185,10252000000,140738976
1160,1185,10253000000,140738959
1160,1185,10254000000,140738945
1160,1185,10255000000,140738929
1160,1185,10256000000,140738914
1160,1185,10257000000,140738898
1160,1185,10258000000,140738882
1160,1185,10259000000,140738865
1160,1185,10260000000,140738852
1160,1185,10261000000,140738837
1160,1185,10262000000,140738820
1160,1185,10263000000,140738804
1160,1185,10264000000,140738790
1160,1185,10265000000,140738773
1160,1185,10266000000,140738759
1160,1185,10267000000,140738741
1160,1185,10268000000,140738726
1160,1185,10269000000,140738712
1160,1185,10270000000,140738698
1160,1185,10271000000,140738683
1160,1185,10272000000,140738667
1160,1185,10273000000,140738651
1160,1185,10274000000,140738635
1160,1185,10275000000,140738618
1160,1185,10276000000,140738604
1160,1185,10277000000,140738586
1160,1185,10278000000,140738572
1160,1185,10279000000,140738558
1160,1185,10280000000,140738541
1160,1185,10281000000,140738526
1160,1185,10282000000,140738511
1160,1185,10283000000,140738495
1160,1185,10284000000,140738481
1160,1185,10285000000,140738463
1160,1185,10286000000,140738448
1160,1185,10287000000,140738434
1160,1185,10288000000,140738418
1160,1185,10289000000,140738404
1160,1185,10290000000,140738386
1160,1185,10291000000,140738371
1160,1185,10292000000,140738355
1160,1185,10293000000,140738337
1160,1185,10294000000,140738324
1160,1185,10295000000,140738307
1160,1185,10296000000,140738291
1160,1185,10297000000,140738277
1160,1185,10298000000,140738259
1160,1185,10299000000,140738245
1160,1185,10300000000,140738231
1160,1185,10301000000,140738214
1160,1185,10302000000,140738201
1160,1185,10303000000,140738185
1160,1185,10304000000,140738169
1160,1185,10305000000,140738152
1160,1185,10306000000,140738137
1160,1185,10307000000,140738123
1160,1185,10308000000,140738106
1160,1185,10309000000,140738091
1160,1185,10310000000,140738075
1160,1185,10311000000,140738058
1160,1185,10312000000,140738043
1160,1185,10313000000,140738028
1160,1185,10314000000,140738011
1160,1185,10315000000,140737996
1160,1185,10316000000,140737980
1160,1185,10317000000,140737967
1160,1185,10318000000,140737952
1160,1185,10319000000,140737937
1160,1185,10320000000,140737920
1160,1185,10321000000,140737905
1160,1185,10322000000,140737889
1160,1185,10323000000,140737872
1160,1185,10324000000,140737857
1160,1185,10325000000,140737842
1160,1185,10326000000,140737827
1160,1185,10327000000,140737811
1160,1185,10328000000,140737794
1160,1185,10329000000,140737778
1160,1185,10330000000,140737763
1160,1185,10331000000,140737747
1160,1185,10332000000,140737732
1160,1185,10333000000,140737717
1160,1185,10334000000,140737701
1160,1185,10335000000,140737684
1160,1185,10336000000,140737670
1160,1185,10337000000,140737655
1160,1185,10338000000,140737639
1160,1185,10339000000,140737623
1160,1185,10340000000,140737608
1160,1185,10341000000,140737593
1160,1185,10342000000,140737577
1160,1185,10343000000,140737560
1160,1185,10344000000,140737544
1160,1185,10345000000,140737528
1160,1185,10346000000,140737515
1160,1185,10347000000,140737501
1160,1185,10348000000,140737483
1160,1185,10349000000,140737467
1160,1185,10350000000,140737451
1160,1185,10351000000,140737436
1160,1185,10352000000,140737421
1160,1185,10353000000,140737403
1160,1185,10354000000,140737388
1160,1185,10355000000,140737373
1160,1185,10356000000,140737358
1160,1185,10357000000,140737343
1160,1185,10358000000,140737327
1160,1185,10359000000,140737312
1160,1185,10360000000,140737296
1160,1185,10361000000,140737279
1160,1185,10362000000,140737264
1160,1185,10363000000,140737249
1160,1185,10364000000,140737235
1160,1185,10365000000,140737219
1160,1185,10366000000,140737204
1160,1185,10367000000,140737186
1160,1185,10368000000,140737170
1160,1185,10369000000,140737153
1160,1185,10370000000,140737140
1160,1185,10371000000,140737125
1160,1185,10372000000,140737106
1160,1185,10373000000,140737091
1160,1185,10374000000,140737077
1160,1185,10375000000,140737062
1160,1185,10376000000,140737047
1160,1185,10377000000,140737030
1160,1185,10378000000,140737015
1160,1185,10379000000,140737002
1160,1185,10380000000,140736985
1160,1185,10381000000,140736969
1160,1185,10382000000,140736953
1160,1185,10383000000,140736937
1160,1185,10384000000,140736922
1160,1185,10385000000,140736907
1160,1185,10386000000,140736891
1160,1185,10387000000,140736875
1160,1185,10388000000,140736858
1160,1185,10389000000,140736842
1160,1185,10390000000,140736828
1160,1185,10391000000,140736811
1160,1185,10392000000,140736797
1160,1185,10393000000,140736782
1160,1185,10394000000,140736766
1160,1185,10395000000,140736752
1160,1185,10396000000,140736735
1160,1185,10397000000,140736720
1160,1185,10398000000,140736706
1160,1185,10399000000,140736688
1160,1185,10400000000,140736672
1160,1185,10401000000,140736657
1160,1185,10402000000,140736642
1160,1185,10403000000,140736627
1160,1185,10404000000,140736610
1160,1185,10405000000,140736594
1160,1185,10406000000,140736578
1160,1185,10407000000,140736563
1160,1185,10408000000,140736548
1160,1185,10409000000,140736533
1160,1185,10410000000,140736517
1160,1185,10411000000,140736501
1160,1185,10412000000,140736487
1160,1185,10413000000,140736472
1160,1185,10414000000,140736456
1160,1185,10415000000,140736440
1160,1185,10416000000,140736425
1160,1185,10417000000,140736410
1160,1185,10418000000,140736394
1160,1185,10419000000,140736377
1160,1185,10420000000,140736362
1160,1185,10421000000,140736346
1160,1185,10422000000,140736332
1160,1185,10423000000,140736317
1160,1185,10424000000,140736302
1160,1185,10425000000,140736284
1160,1185,10426000000,140736269
1160,1185,10427000000,140736252
1160,1185,10428000000,140736238
1160,1185,10429000000,140736222
1160,1185,10430000000,140736206
1160,1185,10431000000,140736192
1160,1185,10432000000,140736176
1160,1185,10433000000,140736161
1160,1185,10434000000,140736147
1160,1185,10435000000,140736130
1160,1185,10436000000,140736115
1160,1185,10437000000,140736099
1160,1185,10438000000,140736083
1160,1185,10439000000,140736069
1160,1185,10440000000,140736053
1160,1185,10441000000,140736038
1160,1185,10442000000,140736023
1160,1185,10443000000,140736006
1160,1185,10444000000,140735991
1160,1185,10445000000,140735975
1160,1185,10446000000,140735958
1160,1185,10447000000,140735944
1160,1185,10448000000,140735927
1160,1185,10449000000,140735911
1160,1185,10450000000,140735897
1160,1185,10451000000,140735880
1160,1185,10452000000,140735866
1160,1185,10453000000,140735851
1160,1185,10454000000,140735835
1160,1185,10455000000,140735822
1160,1185,10456000000,140735805
1160,1185,10457000000,140735788
1160,1185,10458000000,140735772
1160,1185,10459000000,140735757
1160,1185,10460000000,140735744
1160,1185,10461000000,140735728
1160,1185,10462000000,140735712
1160,1185,10463000000,140735696
1160,1185,10464000000,140735680
1160,1185,10465000000,140735664
1160,1185,10466000000,140735648
1160,1185,10467000000,140735633
1160,1185,10468000000,140735617
1160,1185,10469000000,140735603
1160,1185,10470000000,140735589
1160,1185,10471000000,140735574
1160,1185,10472000000,140735558
1160,1185,10473000000,140735542
1160,1185,10474000000,140735527
1160,1185,10475000000,140735512
1160,1185,10476000000,140735495
1160,1185,10477000000,140735480
1160,1185,10478000000,140735464
1160,1185,10479000000,140735449
1160,1185,10480000000,140735435
1160,1185,10481000000,140735420
1160,1185,10482000000,140735402
1160,1185,10483000000,140735387
1160,1185,10484000000,140735371
1160,1185,10485000000,140735357
1160,1185,10486000000,140735342
1160,1185,10487000000,140735324
1160,1185,10488000000,140735309
1160,1185,10489000000,140735296
1160,1185,10490000000,140735280
1160,1185,10491000000,140735265
1160,1185,10492000000,140735250
1160,1185,10493000000,140735233
1160,1185,10494000000,140735219
1160,1185,10495000000,140735203
1160,1185,10496000000,140735187
1160,1185,10497000000,140735171
1160,1185,10498000000,140735156
1160,1185,10499000000,140735141
1160,1185,10500000000,140735128
1160,1185,10501000000,140735109
1160,1185,10502000000,140735093
1160,1185,10503000000,140735078
1160,1185,10504000000,140735062
1160,1185,10505000000,140735048
1160,1185,10506000000,140735030
1160,1185,10507000000,140735015
1160,1185,10508000000,140735000
1160,1185,10509000000,140734985
1160,1185,10510000000,140734970
1160,1185,10511000000,140734955
1160,1185,10512000000,140734939
1160,1185,10513000000,140734924
1160,1185,10514000000,140734907
1160,1185,10515000000,140734893
1160,1185,10516000000,140734877
1160,1185,10517000000,140734861
1160,1185,10518000000,140734846
1160,1185,10519000000,140734832
1160,1185,10520000000,140734815
1160,1185,10521000000,140734799
1160,1185,10522000000,140734782
1160,1185,10523000000,140734767
1160,1185,10524000000,140734753
1160,1185,10525000000,140734735
1160,1185,10526000000,140734721
1160,1185,10527000000,140734705
1160,1185,10528000000,140734690
1160,1185,10529000000,140734677
1160,1185,10530000000,140734661
1160,1185,10531000000,140734645
1160,1185,10532000000,140734630
1160,1185,10533000000,140734613
1160,1185,10534000000,140734598
1160,1185,10535000000,140734582
1160,1185,10536000000,140734567
1160,1185,10537000000,140734552
1160,1185,10538000000,140734536
1160,1185,10539000000,140734520
1160,1185,10540000000,140734504
1160,1185,10541000000,140734487
1160,1185,10542000000,140734472
1160,1185,10543000000,140734458
1160,1185,10544000000,140734441
1160,1185,10545000000,140734427
1160,1185,10546000000,140734412
1160,1185,10547000000,140734396
1160,1185,10548000000,140734381
1160,1185,10549000000,140734368
1160,1185,10550000000,140734350
1160,1185,10551000000,140734336
1160,1185,10552000000,140734319
1160,1185,10553000000,140734304
1160,1185,10554000000,140734289
1160,1185,10555000000,140734273
1160,1185,10556000000,140734257
1160,1185,10557000000,140734243
1160,1185,10558000000,140734225
1160,1185,10559000000,140734211
1160,1185,10560000000,140734195
1160,1185,10561000000,140734179
1160,1185,10562000000,140734164
1160,1185,10563000000,140734147
1160,1185,10564000000,140734133
1160,1185,10565000000,140734117
1160,1185,10566000000,140734102
1160,1185,10567000000,140734086
1160,1185,10568000000,140734073
1160,1185,10569000000,140734057
1160,1185,10570000000,140734041
1160,1185,10571000000,140734024
1160,1185,10572000000,140734010
1160,1185,10573000000,140733994
1160,1185,10574000000,140733979
1160,1185,10575000000,140733964
1160,1185,10576000000,140733949
1160,1185,10577000000,140733932
1160,1185,10578000000,140733917
1160,1185,10579000000,140733901
1160,1185,10580000000,140733885
1160,1185,10581000000,140733870
1160,1185,10582000000,140733853
1160,1185,10583000000,140733839
1160,1185,10584000000,140733824
1160,1185,10585000000,140733807
1160,1185,10586000000,140733792
1160,1185,10587000000,140733779
1160,1185,10588000000,140733762
1160,1185,10589000000,140733748
1160,1185,10590000000,140733732
1160,1185,10591000000,140733716
1160,1185,10592000000,140733701
1160,1185,10593000000,140733685
1160,1185,10594000000,140733670
1160,1185,10595000000,140733655
1160,1185,10596000000,140733637
1160,1185,10597000000,140733622
1160,1185,10598000000,140733607
1160,1185,10599000000,140733590
1160,1185,10600000000,140733575
1160,1185,10601000000,140733560
1160,1185,10602000000,140733544
1160,1185,10603000000,140733529
1160,1185,10604000000,140733515
1160,1185,10605000000,140733499
1160,1185,10606000000,140733485
1160,1185,10607000000,140733469
1160,1185,10608000000,140733453
1160,1185,10609000000,140733438
1160,1185,10610000000,140733422
1160,1185,10611000000,140733406
1160,1185,10612000000,140733391
1160,1185,10613000000,140733376
1160,1185,10614000000,140733360
1160,1185,10615000000,140733345
1160,1185,10616000000,140733328
1160,1185,10617000000,140733312
1160,1185,10618000000,140733297
1160,1185,10619000000,140733283
1160,1185,10620000000,140733266
1160,1185,10621000000,140733251
1160,1185,10622000000,140733236
1160,1185,10623000000,140733220
1160,1185,10624000000,140733207
1160,1185,10625000000,140733191
1160,1185,10626000000,140733175
1160,1185,10627000000,140733159
1160,1185,10628000000,140733145
1160,1185,10629000000,140733129
1160,1185,10630000000,140733112
1160,1185,10631000000,140733097
1160,1185,10632000000,140733082
1160,1185,10633000000,140733068
1160,1185,10634000000,140733052
1160,1185,10635000000,140733035
1160,1185,10636000000,140733019
1160,1185,10637000000,140733005
1160,1185,10638000000,140732989
1160,1185,10639000000,140732973
1160,1185,10640000000,140732958
1160,1185,10641000000,140732941
1160,1185,10642000000,140732929
1160,1185,10643000000,140732915
1160,1185,10644000000,140732897
1160,1185,10645000000,140732883
1160,1185,10646000000,140732867
1160,1185,10647000000,140732852
1160,1185,10648000000,140732836
1160,1185,10649000000,140732821
1160,1185,10650000000,140732805
1160,1185,10651000000,140732792
1160,1185,10652000000,140732776
1160,1185,10653000000,140732758
1160,1185,10654000000,140732743
1160,1185,10655000000,140732727
1160,1185,10656000000,140732712
1160,1185,10657000000,140732698
1160,1185,10658000000,140732680
1160,1185,10659000000,140732664
1160,1185,10660000000,140732652
1160,1185,10661000000,140732635
1160,1185,10662000000,140732621
1160,1185,10663000000,140732605
1160,1185,10664000000,140732591
1160,1185,10665000000,140732577
1160,1185,10666000000,140732561
1160,1185,10667000000,140732545
1160,1185,10668000000,140732528
1160,1185,10669000000,140732516
1160,1185,10670000000,140732501
1160,1185,10671000000,140732484
1160,1185,10672000000,140732467
1160,1185,10673000000,140732452
1160,1185,10674000000,140732436
1160,1185,10675000000,140732421
1160,1185,10676000000,140732405
1160,1185,10677000000,140732388
1160,1185,10678000000,140732376
1160,1185,10679000000,140732361
1160,1185,10680000000,140732346
1160,1185,10681000000,140732330
1160,1185,10682000000,140732315
1160,1185,10683000000,140732300
1160,1185,10684000000,140732285
1160,1185,10685000000,140732270
1160,1185,10686000000,140732252
1160,1185,10687000000,140732238
1160,1185,10688000000,140732223
1160,1185,10689000000,140732207
1160,1185,10690000000,140732192
1160,1185,10691000000,140732176
1160,1185,10692000000,140732161
1160,1185,10693000000,140732145
1160,1185,10694000000,140732130
1160,1185,10695000000,140732115
1160,1185,10696000000,140732099
1160,1185,10697000000,140732084
1160,1185,10698000000,140732067
1160,1185,10699000000,140732053
1160,1185,10700000000,140732041
1160,1185,10701000000,140732022
1160,1185,10702000000,140732008
1160,1185,10703000000,140731993
1160,1185,10704000000,140731977
1160,1185,10705000000,140731962
1160,1185,10706000000,140731945
1160,1185,10707000000,140731930
1160,1185,10708000000,140731915
1160,1185,10709000000,140731902
1160,1185,10710000000,140731885
1160,1185,10711000000,140731868
1160,1185,10712000000,140731852
1160,1185,10713000000,140731838
1160,1185,10714000000,140731823
1160,1185,10715000000,140731807
1160,1185,10716000000,140731790
1160,1185,10717000000,140731777
1160,1185,10718000000,140731762
1160,1185,10719000000,140731746
1160,1185,10720000000,140731730
1160,1185,10721000000,140731715
1160,1185,10722000000,140731701
1160,1185,10723000000,140731685
1160,1185,10724000000,140731669
1160,1185,10725000000,140731653
1160,1185,10726000000,140731639
1160,1185,10727000000,140731624
1160,1185,10728000000,140731608
1160,1185,10729000000,140731592
1160,1185,10730000000,140731578
1160,1185,10731000000,140731561
1160,1185,10732000000,140731546
1160,1185,10733000000,140731530
1160,1185,10734000000,140731515
1160,1185,10735000000,140731501
1160,1185,10736000000,140731483
1160,1185,10737000000,140731469
1160,1185,10738000000,140731456
1160,1185,10739000000,140731439
1160,1185,10740000000,140731425
1160,1185,10741000000,140731410
1160,1185,10742000000,140731392
1160,1185,10743000000,140731378
1160,1185,10744000000,140731363
1160,1185,10745000000,140731347
1160,1185,10746000000,140731331
1160,1185,10747000000,140731319
1160,1185,10748000000,140731300
1160,1185,10749000000,140731284
1160,1185,10750000000,140731269
1160,1185,10751000000,140731253
1160,1185,10752000000,140731239
1160,1185,10753000000,140731223
1160,1185,10754000000,140731206
1160,1185,10755000000,140731193
1160,1185,10756000000,140731179
1160,1185,10757000000,140731162
1160,1185,10758000000,140731146
1160,1185,10759000000,140731133
1160,1185,10760000000,140731120
1160,1185,10761000000,140731102
1160,1185,10762000000,140731087
1160,1185,10763000000,140731070
1160,1185,10764000000,140731056
1160,1185,10765000000,140731042
1160,1185,10766000000,140731025
1160,1185,10767000000,140731008
1160,1185,10768000000,140730995
1160,1185,10769000000,140730978
1160,1185,10770000000,140730963
1160,1185,10771000000,140730948
1160,1185,10772000000,140730931
1160,1185,10773000000,140730916
1160,1185,10774000000,140730902
1160,1185,10775000000,140730887
1160,1185,10776000000,140730871
1160,1185,10777000000,140730857
1160,1185,10778000000,140730841
1160,1185,10779000000,140730826
1160,1185,10780000000,140730809
1160,1185,10781000000,140730794
1160,1185,10782000000,140730779
1160,1185,10783000000,140730764
1160,1185,10784000000,140730748
1160,1185,10785000000,140730736
1160,1185,10786000000,140730718
1160,1185,10787000000,140730700
1160,1185,10788000000,140730686
1160,1185,10789000000,140730673
1160,1185,10790000000,140730658
1160,1185,10791000000,140730640
1160,1185,10792000000,140730625
1160,1185,10793000000,140730610
1160,1185,10794000000,140730596
1160,1185,10795000000,140730581
1160,1185,10796000000,140730563
1160,1185,10797000000,140730551
1160,1185,10798000000,140730537
1160,1185,10799000000,140730519
1160,1185,10800000000,140730504
1160,1185,10801000000,140730489
1160,1185,10802000000,140730472
1160,1185,10803000000,140730458
1160,1185,10804000000,140730444
1160,1185,10805000000,140730427
1160,1185,10806000000,140730411
1160,1185,10807000000,140730396
1160,1185,10808000000,140730378
1160,1185,10809000000,140730366
1160,1185,10810000000,140730349
1160,1185,10811000000,140730333
1160,1185,10812000000,140730318
1160,1185,10813000000,140730306
1160,1185,10814000000,140730290
1160,1185,10815000000,140730274
1160,1185,10816000000,140730258
1160,1185,10817000000,140730244
1160,1185,10818000000,140730228
1160,1185,10819000000,140730213
1160,1185,10820000000,140730196
1160,1185,10821000000,140730181
1160,1185,10822000000,140730168
1160,1185,10823000000,140730151
1160,1185,10824000000,140730135
1160,1185,10825000000,140730118
1160,1185,10826000000,140730103
1160,1185,10827000000,140730089
1160,1185,10828000000,140730074
1160,1185,10829000000,140730056
1160,1185,10830000000,140730044
1160,1185,10831000000,140730027
1160,1185,10832000000,140730011
1160,1185,10833000000,140729997
1160,1185,10834000000,140729983
1160,1185,10835000000,140729967
1160,1185,10836000000,140729952
1160,1185,10837000000,140729937
1160,1185,10838000000,140729920
1160,1185,10839000000,140729905
1160,1185,10840000000,140729890
1160,1185,10841000000,140729874
1160,1185,10842000000,140729861
1160,1185,10843000000,140729845
1160,1185,10844000000,140729828
1160,1185,10845000000,140729812
1160,1185,10846000000,140729798
1160,1185,10847000000,140729782
1160,1185,10848000000,140729765
1160,1185,10849000000,140729751
1160,1185,10850000000,140729738
1160,1185,10851000000,140729721
1160,1185,10852000000,140729707
1160,1185,10853000000,140729690
1160,1185,10854000000,140729676
1160,1185,10855000000,140729661
1160,1185,10856000000,140729645
1160,1185,10857000000,140729628
1160,1185,10858000000,140729615
1160,1185,10859000000,140729600
1160,1185,10860000000,140729585
1160,1185,10861000000,140729569
1160,1185,10862000000,140729553
1160,1185,10863000000,140729537
1160,1185,10864000000,140729521
1160,1185,10865000000,140729509
1160,1185,10866000000,140729493
1160,1185,10867000000,140729476
1160,1185,10868000000,140729460
1160,1185,10869000000,140729447
1160,1185,10870000000,140729431
1160,1185,10871000000,140729416
1160,1185,10872000000,140729401
1160,1185,10873000000,140729388
1160,1185,10874000000,140729372
1160,1185,10875000000,140729358
1160,1185,10876000000,140729341
1160,1185,10877000000,140729326
1160,1185,10878000000,140729312
1160,1185,10879000000,140729297
1160,1185,10880000000,140729282
1160,1185,10881000000,140729266
1160,1185,10882000000,140729249
1160,1185,10883000000,140729233
1160,1185,10884000000,140729218
1160,1185,10885000000,140729202
1160,1185,10886000000,140729187
1160,1185,10887000000,140729172
1160,1185,10888000000,140729157
1160,1185,10889000000,140729144
1160,1185,10890000000,140729129
1160,1185,10891000000,140729110
1160,1185,10892000000,140729096
1160,1185,10893000000,140729084
1160,1185,10894000000,140729067
1160,1185,10895000000,140729051
1160,1185,10896000000,140729036
1160,1185,10897000000,140729022
1160,1185,10898000000,140729006
1160,1185,10899000000,140728991
1160,1185,10900000000,140728975
1160,1185,10901000000,140728959
1160,1185,10902000000,140728944
1160,1185,10903000000,140728929
1160,1185,10904000000,140728914
1160,1185,10905000000,140728898
1160,1185,10906000000,140728882
1160,1185,10907000000,140728866
1160,1185,10908000000,140728854
1160,1185,10909000000,140728840
1160,1185,10910000000,140728822
1160,1185,10911000000,140728807
1160,1185,10912000000,140728793
1160,1185,10913000000,140728777
1160,1185,10914000000,140728760
1160,1185,10915000000,140728744
1160,1185,10916000000,140728732
1160,1185,10917000000,140728717
1160,1185,10918000000,140728701
1160,1185,10919000000,140728684
1160,1185,10920000000,140728669
1160,1185,10921000000,140728652
1160,1185,10922000000,140728638
1160,1185,10923000000,140728623
1160,1185,10924000000,140728607
1160,1185,10925000000,140728592
1160,1185,10926000000,140728577
1160,1185,10927000000,140728563
1160,1185,10928000000,140728548
1160,1185,10929000000,140728531
1160,1185,10930000000,140728516
1160,1185,10931000000,140728503
1160,1185,10932000000,140728488
1160,1185,10933000000,140728471
1160,1185,10934000000,140728456
1160,1185,10935000000,140728441
1160,1185,10936000000,140728425
1160,1185,10937000000,140728411
1160,1185,10938000000,140728393
1160,1185,10939000000,140728379
1160,1185,10940000000,140728363
1160,1185,10941000000,140728349
1160,1185,10942000000,140728331
1160,1185,10943000000,140728317
1160,1185,10944000000,140728302
1160,1185,10945000000,140728285
1160,1185,10946000000,140728273
1160,1185,10947000000,140728259
1160,1185,10948000000,140728242
1160,1185,10949000000,140728227
1160,1185,10950000000,140728213
1160,1185,10951000000,140728197
1160,1185,10952000000,140728180
1160,1185,10953000000,140728165
1160,1185,10954000000,140728152
1160,1185,10955000000,140728135
1160,1185,10956000000,140728121
1160,1185,10957000000,140728103
1160,1185,10958000000,140728088
1160,1185,10959000000,140728072
1160,1185,10960000000,140728057
1160,1185,10961000000,140728044
1160,1185,10962000000,140728027
1160,1185,10963000000,140728012
1160,1185,10964000000,140727998
1160,1185,10965000000,140727983
1160,1185,10966000000,140727966
1160,1185,10967000000,140727952
1160,1185,10968000000,140727937
1160,1185,10969000000,140727923
1160,1185,10970000000,140727907
1160,1185,10971000000,140727891
1160,1185,10972000000,140727875
1160,1185,10973000000,140727861
1160,1185,10974000000,140727846
1160,1185,10975000000,140727828
1160,1185,10976000000,140727814
1160,1185,10977000000,140727799
1160,1185,10978000000,140727783
1160,1185,10979000000,140727769
1160,1185,10980000000,140727752
1160,1185,10981000000,140727736
1160,1185,10982000000,140727722
1160,1185,10983000000,140727708
1160,1185,10984000000,140727693
1160,1185,10985000000,140727678
1160,1185,10986000000,140727663
1160,1185,10987000000,140727649
1160,1185,10988000000,140727633
1160,1185,10989000000,140727617
1160,1185,10990000000,140727601
1160,1185,10991000000,140727587
1160,1185,10992000000,140727573
1160,1185,10993000000,140727558
1160,1185,10994000000,140727540
1160,1185,10995000000,140727524
1160,1185,10996000000,140727509
1160,1185,10997000000,140727494
1160,1185,10998000000,140727481
1160,1185,10999000000,140727465
1160,1185,11000000000,140727449
1160,1185,11001000000,140727431
1160,1185,11002000000,140727419
1160,1185,11003000000,140727404
1160,1185,11004000000,140727386
1160,1185,11005000000,140727373
1160,1185,11006000000,140727360
1160,1185,11007000000,140727346
1160,1185,11008000000,140727327
1160,1185,11009000000,140727313
1160,1185,11010000000,140727297
1160,1185,11011000000,140727281
1160,1185,11012000000,140727267
1160,1185,11013000000,140727252
1160,1185,11014000000,140727235
1160,1185,11015000000,140727219
1160,1185,11016000000,140727204
1160,1185,11017000000,140727191
1160,1185,11018000000,140727174
1160,1185,11019000000,140727157
1160,1185,11020000000,140727145
1160,1185,11021000000,140727130
1160,1185,11022000000,140727114
1160,1185,11023000000,140727099
1160,1185,11024000000,140727084
1160,1185,11025000000,140727069
1160,1185,11026000000,140727054
1160,1185,11027000000,140727039
1160,1185,11028000000,140727024
1160,1185,11029000000,140727007
1160,1185,11030000000,140726993
1160,1185,11031000000,140726979
1160,1185,11032000000,140726963
1160,1185,11033000000,140726946
1160,1185,11034000000,140726930
1160,1185,11035000000,140726917
1160,1185,11036000000,140726902
1160,1185,11037000000,140726886
1160,1185,11038000000,140726872
1160,1185,11039000000,140726855
1160,1185,11040000000,140726840
1160,1185,11041000000,140726826
1160,1185,11042000000,140726812
1160,1185,11043000000,140726797
1160,1185,11044000000,140726780
1160,1185,11045000000,140726767
1160,1185,11046000000,140726750
1160,1185,11047000000,140726733
1160,1185,11048000000,140726718
1160,1185,11049000000,140726705
1160,1185,11050000000,140726691
1160,1185,11051000000,140726673
1160,1185,11052000000,140726658
1160,1185,11053000000,140726643
1160,1185,11054000000,140726627
1160,1185,11055000000,140726610
1160,1185,11056000000,140726597
1160,1185,11057000000,140726584
1160,1185,11058000000,140726567
1160,1185,11059000000,140726553
1160,1185,11060000000,140726539
1160,1185,11061000000,140726522
1160,1185,11062000000,140726506
1160,1185,11063000000,140726495
1160,1185,11064000000,140726479
1160,1185,11065000000,140726463
1160,1185,11066000000,140726448
1160,1185,11067000000,140726434
1160,1185,11068000000,140726418
1160,1185,11069000000,140726401
1160,1185,11070000000,140726387
1160,1185,11071000000,140726372
1160,1185,11072000000,140726355
1160,1185,11073000000,140726341
1160,1185,11074000000,140726327
1160,1185,11075000000,140726309
1160,1185,11076000000,140726295
1160,1185,11077000000,140726281
1160,1185,11078000000,140726266
1160,1185,11079000000,140726251
1160,1185,11080000000,140726236
1160,1185,11081000000,140726223
1160,1185,11082000000,140726207
1160,1185,11083000000,140726189
1160,1185,11084000000,140726175
1160,1185,11085000000,140726159
1160,1185,11086000000,140726146
1160,1185,11087000000,140726132
1160,1185,11088000000,140726118
1160,1185,11089000000,140726099
1160,1185,11090000000,140726083
1160,1185,11091000000,140726068
1160,1185,11092000000,140726053
1160,1185,11093000000,140726037
1160,1185,11094000000,140726023
1160,1185,11095000000,140726009
1160,1185,11096000000,140725994
1160,1185,11097000000,140725979
1160,1185,11098000000,140725964
1160,1185,11099000000,140725947
1160,1185,11100000000,140725933
1160,1185,11101000000,140725920
1160,1185,11102000000,140725904
1160,1185,11103000000,140725887
1160,1185,11104000000,140725871
1160,1185,11105000000,140725858
1160,1185,11106000000,140725841
1160,1185,11107000000,140725827
1160,1185,11108000000,140725810
1160,1185,11109000000,140725797
1160,1185,11110000000,140725781
1160,1185,11111000000,140725766
1160,1185,11112000000,140725752
1160,1185,11113000000,140725734
1160,1185,11114000000,140725719
1160,1185,11115000000,140725706
1160,1185,11116000000,140725692
1160,1185,11117000000,140725675
1160,1185,11118000000,140725661
1160,1185,11119000000,140725648
1160,1185,11120000000,140725632
1160,1185,11121000000,140725615
1160,1185,11122000000,140725602
1160,1185,11123000000,140725586
1160,1185,11124000000,140725571
1160,1185,11125000000,140725557
1160,1185,11126000000,140725542
1160,1185,11127000000,140725524
1160,1185,11128000000,140725507
1160,1185,11129000000,140725495
1160,1185,11130000000,140725481
1160,1185,11131000000,140725464
1160,1185,11132000000,140725450
1160,1185,11133000000,140725435
1160,1185,11134000000,140725418
1160,1185,11135000000,140725405
1160,1185,11136000000,140725389
1160,1185,11137000000,140725374
1160,1185,11138000000,140725359
1160,1185,11139000000,140725347
1160,1185,11140000000,140725331
1160,1185,11141000000,140725314
1160,1185,11142000000,140725297
1160,1185,11143000000,140725284
1160,1185,11144000000,140725269
1160,1185,11145000000,140725252
1160,1185,11146000000,140725238
1160,1185,11147000000,140725223
1160,1185,11148000000,140725205
1160,1185,11149000000,140725191
1160,1185,11150000000,140725176
1160,1185,11151000000,140725161
1160,1185,11152000000,140725144
1160,1185,11153000000,140725132
1160,1185,11154000000,140725118
1160,1185,11155000000,140725102
1160,1185,11156000000,140725087
1160,1185,11157000000,140725072
1160,1185,11158000000,140725058
1160,1185,11159000000,140725042
1160,1185,11160000000,140725028
1160,1185,11161000000,140725012
1160,1185,11162000000,140724997
1160,1185,11163000000,140724982
1160,1185,11164000000,140724965
1160,1185,11165000000,140724949
1160,1185,11166000000,140724934
1160,1185,11167000000,140724919
1160,1185,11168000000,140724904
1160,1185,11169000000,140724891
1160,1185,11170000000,140724875
1160,1185,11171000000,140724859
1160,1185,11172000000,140724843
1160,1185,11173000000,140724830
1160,1185,11174000000,140724815
1160,1185,11175000000,140724799
1160,1185,11176000000,140724786
1160,1185,11177000000,140724771
1160,1185,11178000000,140724754
1160,1185,11179000000,140724739
1160,1185,11180000000,140724724
1160,1185,11181000000,140724708
1160,1185,11182000000,140724694
1160,1185,11183000000,140724679
1160,1185,11184000000,140724663
1160,1185,11185000000,140724647
1160,1185,11186000000,140724631
1160,1185,11187000000,140724616
1160,1185,11188000000,140724601
1160,1185,11189000000,140724587
1160,1185,11190000000,140724572
1160,1185,11191000000,140724558
1160,1185,11192000000,140724541
1160,1185,11193000000,140724527
1160,1185,11194000000,140724511
1160,1185,11195000000,140724496
1160,1185,11196000000,140724482
1160,1185,11197000000,140724467
1160,1185,11198000000,140724451
1160,1185,11199000000,140724437
1160,1185,11200000000,140724422
1160,1185,11201000000,140724406
1160,1185,11202000000,140724388
1160,1185,11203000000,140724374
1160,1185,11204000000,140724360
1160,1185,11205000000,140724345
1160,1185,11206000000,140724328
1160,1185,11207000000,140724313
1160,1185,11208000000,140724298
1160,1185,11209000000,140724284
1160,1185,11210000000,140724269
1160,1185,11211000000,140724253
1160,1185,11212000000,140724240
1160,1185,11213000000,140724227
1160,1185,11214000000,140724210
1160,1185,11215000000,140724193
1160,1185,11216000000,140724179
1160,1185,11217000000,140724163
1160,1185,11218000000,140724148
1160,1185,11219000000,140724134
1160,1185,11220000000,140724120
1160,1185,11221000000,140724102
1160,1185,11222000000,140724086
1160,1185,11223000000,140724071
1160,1185,11224000000,140724057
1160,1185,11225000000,140724042
1160,1185,11226000000,140724026
1160,1185,11227000000,140724012
1160,1185,11228000000,140723997
1160,1185,11229000000,140723984
1160,1185,11230000000,140723966
1160,1185,11231000000,140723951
1160,1185,11232000000,140723937
1160,1185,11233000000,140723924
1160,1185,11234000000,140723907
1160,1185,11235000000,140723893
1160,1185,11236000000,140723876
1160,1185,11237000000,140723861
1160,1185,11238000000,140723846
1160,1185,11239000000,140723831
1160,1185,11240000000,140723814
1160,1185,11241000000,140723799
1160,1185,11242000000,140723786
1160,1185,11243000000,140723771
1160,1185,11244000000,140723754
1160,1185,11245000000,140723738
1160,1185,11246000000,140723724
1160,1185,11247000000,140723709
1160,1185,11248000000,140723695
1160,1185,11249000000,140723681
1160,1185,11250000000,140723666
1160,1185,11251000000,140723650
1160,1185,11252000000,140723636
1160,1185,11253000000,140723620
1160,1185,11254000000,140723603
1160,1185,11255000000,140723589
1160,1185,11256000000,140723575
1160,1185,11257000000,140723561
1160,1185,11258000000,140723544
1160,1185,11259000000,140723527
1160,1185,11260000000,140723511
1160,1185,11261000000,140723498
1160,1185,11262000000,140723483
1160,1185,11263000000,140723468
1160,1185,11264000000,140723454
1160,1185,11265000000,140723439
1160,1185,11266000000,140723423
1160,1185,11267000000,140723408
1160,1185,11268000000,140723394
1160,1185,11269000000,140723380
1160,1185,11270000000,140723363
1160,1185,11271000000,140723351
1160,1185,11272000000,140723336
1160,1185,11273000000,140723319
1160,1185,11274000000,140723304
1160,1185,11275000000,140723289
1160,1185,11276000000,140723275
1160,1185,11277000000,140723259
1160,1185,11278000000,140723244
1160,1185,11279000000,140723228
1160,1185,11280000000,140723213
1160,1185,11281000000,140723197
1160,1185,11282000000,140723182
1160,1185,11283000000,140723167
1160,1185,11284000000,140723153
1160,1185,11285000000,140723138
1160,1185,11286000000,140723125
1160,1185,11287000000,140723110
1160,1185,11288000000,140723093
1160,1185,11289000000,140723077
1160,1185,11290000000,140723065
1160,1185,11291000000,140723048
1160,1185,11292000000,140723031
1160,1185,11293000000,140723018
1160,1185,11294000000,140723005
1160,1185,11295000000,140722988
1160,1185,11296000000,140722969
1160,1185,11297000000,140722955
1160,1185,11298000000,140722941
1160,1185,11299000000,140722926
1160,1185,11300000000,140722911
1160,1185,11301000000,140722896
1160,1185,11302000000,140722883
1160,1185,11303000000,140722867
1160,1185,11304000000,140722850
1160,1185,11305000000,140722836
1160,1185,11306000000,140722823
1160,1185,11307000000,140722808
1160,1185,11308000000,140722793
1160,1185,11309000000,140722777
1160,1185,11310000000,140722762
1160,1185,11311000000,140722745
1160,1185,11312000000,140722731
1160,1185,11313000000,140722716
1160,1185,11314000000,140722701
1160,1185,11315000000,140722686
1160,1185,11316000000,140722670
1160,1185,11317000000,140722653
1160,1185,11318000000,140722640
1160,1185,11319000000,140722625
1160,1185,11320000000,140722608
1160,1185,11321000000,140722594
1160,1185,11322000000,140722581
1160,1185,11323000000,140722566
1160,1185,11324000000,140722550
1160,1185,11325000000,140722534
1160,1185,11326000000,140722520
1160,1185,11327000000,140722506
1160,1185,11328000000,140722491
1160,1185,11329000000,140722475
1160,1185,11330000000,140722461
1160,1185,11331000000,140722447
1160,1185,11332000000,140722430
1160,1185,11333000000,140722413
1160,1185,11334000000,140722399
1160,1185,11335000000,140722383
1160,1185,11336000000,140722368
1160,1185,11337000000,140722353
1160,1185,11338000000,140722338
1160,1185,11339000000,140722322
1160,1185,11340000000,140722307
1160,1185,11341000000,140722294
1160,1185,11342000000,140722280
1160,1185,11343000000,140722264
1160,1185,11344000000,140722251
1160,1185,11345000000,140722237
1160,1185,11346000000,140722221
1160,1185,11347000000,140722205
1160,1185,11348000000,140722189
1160,1185,11349000000,140722175
1160,1185,11350000000,140722160
1160,1185,11351000000,140722145
1160,1185,11352000000,140722130
1160,1185,11353000000,140722114
1160,1185,11354000000,140722097
1160,1185,11355000000,140722082
1160,1185,11356000000,140722069
1160,1185,11357000000,140722054
1160,1185,11358000000,140722040
1160,1185,11359000000,140722025
1160,1185,11360000000,140722011
1160,1185,11361000000,140721995
1160,1185,11362000000,140721981
1160,1185,11363000000,140721965
1160,1185,11364000000,140721952
1160,1185,11365000000,140721938
1160,1185,11366000000,140721923
1160,1185,11367000000,140721906
1160,1185,11368000000,140721891
1160,1185,11369000000,140721875
1160,1185,11370000000,140721862
1160,1185,11371000000,140721845
1160,1185,11372000000,140721828
1160,1185,11373000000,140721815
1160,1185,11374000000,140721802
1160,1185,11375000000,140721785
1160,1185,11376000000,140721769
1160,1185,11377000000,140721754
1160,1185,11378000000,140721740
1160,1185,11379000000,140721726
1160,1185,11380000000,140721711
1160,1185,11381000000,140721696
1160,1185,11382000000,140721680
1160,1185,11383000000,140721667
1160,1185,11384000000,140721651
1160,1185,11385000000,140721635
1160,1185,11386000000,140721620
1160,1185,11387000000,140721606
1160,1185,11388000000,140721592
1160,1185,11389000000,140721577
1160,1185,11390000000,140721559
1160,1185,11391000000,140721543
1160,1185,11392000000,140721529
1160,1185,11393000000,140721516
1160,1185,11394000000,140721499
1160,1185,11395000000,140721484
1160,1185,11396000000,140721470
1160,1185,11397000000,140721455
1160,1185,11398000000,140721439
1160,1185,11399000000,140721425
1160,1185,11400000000,140721411
1160,1185,11401000000,140721397
1160,1185,11402000000,140721384
1160,1185,11403000000,140721367
1160,1185,11404000000,140721352
1160,1185,11405000000,140721336
1160,1185,11406000000,140721321
1160,1185,11407000000,140721306
1160,1185,11408000000,140721292
1160,1185,11409000000,140721275
1160,1185,11410000000,140721261
1160,1185,11411000000,140721246
1160,1185,11412000000,140721230
1160,1185,11413000000,140721214
1160,1185,11414000000,140721200
1160,1185,11415000000,140721185
1160,1185,11416000000,140721170
1160,1185,11417000000,140721157
1160,1185,11418000000,140721142
1160,1185,11419000000,140721126
1160,1185,11420000000,140721111
1160,1185,11421000000,140721096
1160,1185,11422000000,140721082
1160,1185,11423000000,140721067
1160,1185,11424000000,140721052
1160,1185,11425000000,140721036
1160,1185,11426000000,140721022
1160,1185,11427000000,140721004
1160,1185,11428000000,140720990
1160,1185,11429000000,140720974
1160,1185,11430000000,140720959
1160,1185,11431000000,140720946
1160,1185,11432000000,140720931
1160,1185,11433000000,140720916
1160,1185,11434000000,140720899
1160,1185,11435000000,140720885
1160,1185,11436000000,140720871
1160,1185,11437000000,140720857
1160,1185,11438000000,140720842
1160,1185,11439000000,140720828
1160,1185,11440000000,140720813
1160,1185,11441000000,140720797
1160,1185,11442000000,140720781
1160,1185,11443000000,140720766
1160,1185,11444000000,140720752
1160,1185,11445000000,140720737
1160,1185,11446000000,140720721
1160,1185,11447000000,140720706
1160,1185,11448000000,140720689
1160,1185,11449000000,140720675
1160,1185,11450000000,140720660
1160,1185,11451000000,140720646
1160,1185,11452000000,140720630
1160,1185,11453000000,140720615
1160,1185,11454000000,140720601
1160,1185,11455000000,140720586
1160,1185,11456000000,140720570
1160,1185,11457000000,140720555
1160,1185,11458000000,140720542
1160,1185,11459000000,140720527
1160,1185,11460000000,140720513
1160,1185,11461000000,140720498
1160,1185,11462000000,140720482
1160,1185,11463000000,140720467
1160,1185,11464000000,140720452
1160,1185,11465000000,140720436
1160,1185,11466000000,140720420
1160,1185,11467000000,140720406
1160,1185,11468000000,140720392
1160,1185,11469000000,140720377
1160,1185,11470000000,140720361
1160,1185,11471000000,140720345
1160,1185,11472000000,140720332
1160,1185,11473000000,140720319
1160,1185,11474000000,140720302
1160,1185,11475000000,140720288
1160,1185,11476000000,140720275
1160,1185,11477000000,140720259
1160,1185,11478000000,140720244
1160,1185,11479000000,140720228
1160,1185,11480000000,140720213
1160,1185,11481000000,140720198
1160,1185,11482000000,140720185
1160,1185,11483000000,140720169
1160,1185,11484000000,140720153
1160,1185,11485000000,140720135
1160,1185,11486000000,140720122
1160,1185,11487000000,140720108
1160,1185,11488000000,140720092
1160,1185,11489000000,140720077
1160,1185,11490000000,140720064
1160,1185,11491000000,140720047
1160,1185,11492000000,140720033
1160,1185,11493000000,140720018
1160,1185,11494000000,140720003
1160,1185,11495000000,140719990
1160,1185,11496000000,140719975
1160,1185,11497000000,140719960
1160,1185,11498000000,140719945
1160,1185,11499000000,140719928
1160,1185,11500000000,140719912
1160,1185,11501000000,140719899
1160,1185,11502000000,140719883
1160,1185,11503000000,140719867
1160,1185,11504000000,140719852
1160,1185,11505000000,140719839
1160,1185,11506000000,140719824
1160,1185,11507000000,140719808
1160,1185,11508000000,140719792
1160,1185,11509000000,140719778
1160,1185,11510000000,140719764
1160,1185,11511000000,140719749
1160,1185,11512000000,140719735
1160,1185,11513000000,140719719
1160,1185,11514000000,140719703
1160,1185,11515000000,140719690
1160,1185,11516000000,140719676
1160,1185,11517000000,140719660
1160,1185,11518000000,140719644
1160,1185,11519000000,140719631
1160,1185,11520000000,140719614
1160,1185,11521000000,140719598
1160,1185,11522000000,140719582
1160,1185,11523000000,140719567
1160,1185,11524000000,140719553
1160,1185,11525000000,140719540
1160,1185,11526000000,140719525
1160,1185,11527000000,140719509
1160,1185,11528000000,140719493
1160,1185,11529000000,140719479
1160,1185,11530000000,140719465
1160,1185,11531000000,140719450
1160,1185,11532000000,140719435
1160,1185,11533000000,140719422
1160,1185,11534000000,140719408
1160,1185,11535000000,140719390
1160,1185,11536000000,140719375
1160,1185,11537000000,140719359
1160,1185,11538000000,140719346
1160,1185,11539000000,140719331
1160,1185,11540000000,140719314
1160,1185,11541000000,140719299
1160,1185,11542000000,140719284
1160,1185,11543000000,140719269
1160,1185,11544000000,140719253
1160,1185,11545000000,140719239
1160,1185,11546000000,140719225
1160,1185,11547000000,140719212
1160,1185,11548000000,140719198
1160,1185,11549000000,140719181
1160,1185,11550000000,140719167
1160,1185,11551000000,140719152
1160,1185,11552000000,140719138
1160,1185,11553000000,140719122
1160,1185,11554000000,140719107
1160,1185,11555000000,140719092
1160,1185,11556000000,140719079
1160,1185,11557000000,140719061
1160,1185,11558000000,140719045
1160,1185,11559000000,140719031
1160,1185,11560000000,140719017
1160,1185,11561000000,140719002
1160,1185,11562000000,140718987
1160,1185,11563000000,140718971
1160,1185,11564000000,140718957
1160,1185,11565000000,140718942
1160,1185,11566000000,140718927
1160,1185,11567000000,140718913
1160,1185,11568000000,140718897
1160,1185,11569000000,140718884
1160,1185,11570000000,140718870
1160,1185,11571000000,140718853
1160,1185,11572000000,140718837
1160,1185,11573000000,140718823
1160,1185,11574000000,140718809
1160,1185,11575000000,140718795
1160,1185,11576000000,140718781
1160,1185,11577000000,140718764
1160,1185,11578000000,140718748
1160,1185,11579000000,140718733
1160,1185,11580000000,140718718
1160,1185,11581000000,140718705
1160,1185,11582000000,140718688
1160,1185,11583000000,140718674
1160,1185,11584000000,140718661
1160,1185,11585000000,140718646
1160,1185,11586000000,140718630
1160,1185,11587000000,140718615
1160,1185,11588000000,140718602
1160,1185,11589000000,140718586
1160,1185,11590000000,140718573
1160,1185,11591000000,140718558
1160,1185,11592000000,140718541
1160,1185,11593000000,140718527
1160,1185,11594000000,140718512
1160,1185,11595000000,140718498
1160,1185,11596000000,140718481
1160,1185,11597000000,140718466
1160,1185,11598000000,140718452
1160,1185,11599000000,140718438
1160,1185,11600000000,140718421
1160,1185,11601000000,140718406
1160,1185,11602000000,140718392
1160,1185,11603000000,140718378
1160,1185,11604000000,140718363
1160,1185,11605000000,140718349
1160,1185,11606000000,140718336
1160,1185,11607000000,140718319
1160,1185,11608000000,140718304
1160,1185,11609000000,140718289
1160,1185,11610000000,140718275
1160,1185,11611000000,140718259
1160,1185,11612000000,140718244
1160,1185,11613000000,140718230
1160,1185,11614000000,140718215
1160,1185,11615000000,140718198
1160,1185,11616000000,140718183
1160,1185,11617000000,140718168
1160,1185,11618000000,140718153
1160,1185,11619000000,140718139
1160,1185,11620000000,140718125
1160,1185,11621000000,140718110
1160,1185,11622000000,140718093
1160,1185,11623000000,140718080
1160,1185,11624000000,140718065
1160,1185,11625000000,140718051
1160,1185,11626000000,140718036
1160,1185,11627000000,140718021
1160,1185,11628000000,140718007
1160,1185,11629000000,140717990
1160,1185,11630000000,140717975
1160,1185,11631000000,140717961
1160,1185,11632000000,140717948
1160,1185,11633000000,140717929
1160,1185,11634000000,140717915
1160,1185,11635000000,140717900
1160,1185,11636000000,140717886
1160,1185,11637000000,140717870
1160,1185,11638000000,140717855
1160,1185,11639000000,140717841
1160,1185,11640000000,140717826
1160,1185,11641000000,140717812
1160,1185,11642000000,140717797
1160,1185,11643000000,140717781
1160,1185,11644000000,140717766
1160,1185,11645000000,140717752
1160,1185,11646000000,140717739
1160,1185,11647000000,140717724
1160,1185,11648000000,140717708
1160,1185,11649000000,140717694
1160,1185,11650000000,140717678
1160,1185,11651000000,140717663
1160,1185,11652000000,140717646
1160,1185,11653000000,140717632
1160,1185,11654000000,140717617
1160,1185,11655000000,140717604
1160,1185,11656000000,140717588
1160,1185,11657000000,140717575
1160,1185,11658000000,140717560
1160,1185,11659000000,140717545
1160,1185,11660000000,140717530
1160,1185,11661000000,140717515
1160,1185,11662000000,140717502
1160,1185,11663000000,140717489
1160,1185,11664000000,140717472
1160,1185,11665000000,140717458
1160,1185,11666000000,140717442
1160,1185,11667000000,140717426
1160,1185,11668000000,140717412
1160,1185,11669000000,140717398
1160,1185,11670000000,140717382
1160,1185,11671000000,140717366
1160,1185,11672000000,140717351
1160,1185,11673000000,140717337
1160,1185,11674000000,140717323
1160,1185,11675000000,140717307
1160,1185,11676000000,140717292
1160,1185,11677000000,140717279
1160,1185,11678000000,140717264
1160,1185,11679000000,140717248
1160,1185,11680000000,140717233
1160,1185,11681000000,140717219
1160,1185,11682000000,140717206
1160,1185,11683000000,140717191
1160,1185,11684000000,140717177
1160,1185,11685000000,140717162
1160,1185,11686000000,140717145
1160,1185,11687000000,140717131
1160,1185,11688000000,140717116
1160,1185,11689000000,140717100
1160,1185,11690000000,140717085
1160,1185,11691000000,140717070
1160,1185,11692000000,140717057
1160,1185,11693000000,140717041
1160,1185,11694000000,140717026
1160,1185,11695000000,140717011
1160,1185,11696000000,140716996
1160,1185,11697000000,140716982
1160,1185,11698000000,140716968
1160,1185,11699000000,140716952
1160,1185,11700000000,140716939
1160,1185,11701000000,140716924
1160,1185,11702000000,140716909
1160,1185,11703000000,140716894
1160,1185,11704000000,140716880
1160,1185,11705000000,140716865
1160,1185,11706000000,140716852
1160,1185,11707000000,140716835
1160,1185,11708000000,140716819
1160,1185,11709000000,140716803
1160,1185,11710000000,140716789
1160,1185,11711000000,140716774
1160,1185,11712000000,140716760
1160,1185,11713000000,140716745
1160,1185,11714000000,140716730
1160,1185,11715000000,140716714
1160,1185,11716000000,140716700
1160,1185,11717000000,140716686
1160,1185,11718000000,140716673
1160,1185,11719000000,140716656
1160,1185,11720000000,140716643
1160,1185,11721000000,140716628
1160,1185,11722000000,140716613
1160,1185,11723000000,140716598
1160,1185,11724000000,140716581
1160,1185,11725000000,140716568
1160,1185,11726000000,140716551
1160,1185,11727000000,140716536
1160,1185,11728000000,140716522
1160,1185,11729000000,140716507
1160,1185,11730000000,140716492
1160,1185,11731000000,140716477
1160,1185,11732000000,140716462
1160,1185,11733000000,140716448
1160,1185,11734000000,140716434
1160,1185,11735000000,140716417
1160,1185,11736000000,140716403
1160,1185,11737000000,140716390
1160,1185,11738000000,140716376
1160,1185,11739000000,140716361
1160,1185,11740000000,140716345
1160,1185,11741000000,140716330
1160,1185,11742000000,140716315
1160,1185,11743000000,140716301
1160,1185,11744000000,140716285
1160,1185,11745000000,140716268
1160,1185,11746000000,140716254
1160,1185,11747000000,140716240
1160,1185,11748000000,140716226
1160,1185,11749000000,140716210
1160,1185,11750000000,140716196
1160,1185,11751000000,140716182
1160,1185,11752000000,140716167
1160,1185,11753000000,140716152
1160,1185,11754000000,140716136
1160,1185,11755000000,140716123
1160,1185,11756000000,140716109
1160,1185,11757000000,140716096
1160,1185,11758000000,140716079
1160,1185,11759000000,140716062
1160,1185,11760000000,140716048
1160,1185,11761000000,140716035
1160,1185,11762000000,140716020
1160,1185,11763000000,140716006
1160,1185,11764000000,140715987
1160,1185,11765000000,140715973
1160,1185,11766000000,140715958
1160,1185,11767000000,140715944
1160,1185,11768000000,140715929
1160,1185,11769000000,140715915
1160,1185,11770000000,140715899
1160,1185,11771000000,140715885
1160,1185,11772000000,140715871
1160,1185,11773000000,140715856
1160,1185,11774000000,140715842
1160,1185,11775000000,140715826
1160,1185,11776000000,140715812
1160,1185,11777000000,140715798
1160,1185,11778000000,140715782
1160,1185,11779000000,140715767
1160,1185,11780000000,140715753
1160,1185,11781000000,140715738
1160,1185,11782000000,140715721
1160,1185,11783000000,140715706
1160,1185,11784000000,140715692
1160,1185,11785000000,140715677
1160,1185,11786000000,140715662
1160,1185,11787000000,140715647
1160,1185,11788000000,140715631
1160,1185,11789000000,140715618
1160,1185,11790000000,140715605
1160,1185,11791000000,140715589
1160,1185,11792000000,140715574
1160,1185,11793000000,140715559
1160,1185,11794000000,140715546
1160,1185,11795000000,140715532
1160,1185,11796000000,140715516
1160,1185,11797000000,140715500
1160,1185,11798000000,140715486
1160,1185,11799000000,140715471
1160,1185,11800000000,140715456
1160,1185,11801000000,140715439
1160,1185,11802000000,140715423
1160,1185,11803000000,140715410
1160,1185,11804000000,140715397
1160,1185,11805000000,140715381
1160,1185,11806000000,140715367
1160,1185,11807000000,140715350
1160,1185,11808000000,140715338
1160,1185,11809000000,140715324
1160,1185,11810000000,140715309
1160,1185,11811000000,140715294
1160,1185,11812000000,140715279
1160,1185,11813000000,140715265
1160,1185,11814000000,140715252
1160,1185,11815000000,140715236
1160,1185,11816000000,140715219
1160,1185,11817000000,140715204
1160,1185,11818000000,140715191
1160,1185,11819000000,140715175
1160,1185,11820000000,140715159
1160,1185,11821000000,140715144
1160,1185,11822000000,140715131
1160,1185,11823000000,140715116
1160,1185,11824000000,140715100
1160,1185,11825000000,140715084
1160,1185,11826000000,140715071
1160,1185,11827000000,140715057
1160,1185,11828000000,140715043
1160,1185,11829000000,140715028
1160,1185,11830000000,140715013
1160,1185,11831000000,140714999
1160,1185,11832000000,140714986
1160,1185,11833000000,140714970
1160,1185,11834000000,140714956
1160,1185,11835000000,140714938
1160,1185,11836000000,140714925
1160,1185,11837000000,140714911
1160,1185,11838000000,140714895
1160,1185,11839000000,140714879
1160,1185,11840000000,140714864
1160,1185,11841000000,140714850
1160,1185,11842000000,140714835
1160,1185,11843000000,140714821
1160,1185,11844000000,140714806
1160,1185,11845000000,140714790
1160,1185,11846000000,140714777
1160,1185,11847000000,140714762
1160,1185,11848000000,140714748
1160,1185,11849000000,140714734
1160,1185,11850000000,140714718
1160,1185,11851000000,140714705
1160,1185,11852000000,140714690
1160,1185,11853000000,140714675
1160,1185,11854000000,140714659
1160,1185,11855000000,140714645
1160,1185,11856000000,140714629
1160,1185,11857000000,140714614
1160,1185,11858000000,140714599
1160,1185,11859000000,140714585
1160,1185,11860000000,140714570
1160,1185,11861000000,140714555
1160,1185,11862000000,140714541
1160,1185,11863000000,140714527
1160,1185,11864000000,140714512
1160,1185,11865000000,140714498
1160,1185,11866000000,140714482
1160,1185,11867000000,140714467
1160,1185,11868000000,140714454
1160,1185,11869000000,140714441
1160,1185,11870000000,140714426
1160,1185,11871000000,140714411
1160,1185,11872000000,140714394
1160,1185,11873000000,140714380
1160,1185,11874000000,140714366
1160,1185,11875000000,140714349
1160,1185,11876000000,140714334
1160,1185,11877000000,140714321
1160,1185,11878000000,140714305
1160,1185,11879000000,140714290
1160,1185,11880000000,140714276
1160,1185,11881000000,140714261
1160,1185,11882000000,140714246
1160,1185,11883000000,140714233
1160,1185,11884000000,140714217
1160,1185,11885000000,140714202
1160,1185,11886000000,140714188
1160,1185,11887000000,140714174
1160,1185,11888000000,140714160
1160,1185,11889000000,140714145
1160,1185,11890000000,140714129
1160,1185,11891000000,140714114
1160,1185,11892000000,140714099
1160,1185,11893000000,140714085
1160,1185,11894000000,140714070
1160,1185,11895000000,140714053
1160,1185,11896000000,140714039
1160,1185,11897000000,140714025
1160,1185,11898000000,140714009
1160,1185,11899000000,140713996
1160,1185,11900000000,140713980
1160,1185,11901000000,140713965
1160,1185,11902000000,140713951
1160,1185,11903000000,140713937
1160,1185,11904000000,140713923
1160,1185,11905000000,140713908
1160,1185,11906000000,140713893
1160,1185,11907000000,140713879
1160,1185,11908000000,140713864
1160,1185,11909000000,140713849
1160,1185,11910000000,140713834
1160,1185,11911000000,140713819
1160,1185,11912000000,140713802
1160,1185,11913000000,140713787
1160,1185,11914000000,140713773
1160,1185,11915000000,140713758
1160,1185,11916000000,140713744
1160,1185,11917000000,140713729
1160,1185,11918000000,140713714
1160,1185,11919000000,140713700
1160,1185,11920000000,140713685
1160,1185,11921000000,140713671
1160,1185,11922000000,140713657
1160,1185,11923000000,140713643
1160,1185,11924000000,140713627
1160,1185,11925000000,140713613
1160,1185,11926000000,140713599
1160,1185,11927000000,140713583
1160,1185,11928000000,140713568
1160,1185,11929000000,140713555
1160,1185,11930000000,140713539
1160,1185,11931000000,140713522
1160,1185,11932000000,140713507
1160,1185,11933000000,140713493
1160,1185,11934000000,140713479
1160,1185,11935000000,140713464
1160,1185,11936000000,140713450
1160,1185,11937000000,140713434
1160,1185,11938000000,140713421
1160,1185,11939000000,140713405
1160,1185,11940000000,140713391
1160,1185,11941000000,140713377
1160,1185,11942000000,140713362
1160,1185,11943000000,140713349
1160,1185,11944000000,140713333
1160,1185,11945000000,140713318
1160,1185,11946000000,140713304
1160,1185,11947000000,140713289
1160,1185,11948000000,140713275
1160,1185,11949000000,140713257
1160,1185,11950000000,140713243
1160,1185,11951000000,140713228
1160,1185,11952000000,140713214
1160,1185,11953000000,140713198
1160,1185,11954000000,140713185
1160,1185,11955000000,140713171
1160,1185,11956000000,140713156
1160,1185,11957000000,140713142
1160,1185,11958000000,140713126
1160,1185,11959000000,140713112
1160,1185,11960000000,140713098
1160,1185,11961000000,140713084
1160,1185,11962000000,140713070
1160,1185,11963000000,140713055
1160,1185,11964000000,140713040
1160,1185,11965000000,140713025
1160,1185,11966000000,140713009
1160,1185,11967000000,140712994
1160,1185,11968000000,140712978
1160,1185,11969000000,140712963
1160,1185,11970000000,140712950
1160,1185,11971000000,140712936
1160,1185,11972000000,140712919
1160,1185,11973000000,140712904
1160,1185,11974000000,140712891
1160,1185,11975000000,140712878
1160,1185,11976000000,140712864
1160,1185,11977000000,140712848
1160,1185,11978000000,140712833
1160,1185,11979000000,140712820
1160,1185,11980000000,140712805
1160,1185,11981000000,140712791
1160,1185,11982000000,140712776
1160,1185,11983000000,140712762
1160,1185,11984000000,140712747
1160,1185,11985000000,140712732
1160,1185,11986000000,140712716
1160,1185,11987000000,140712699
1160,1185,11988000000,140712686
1160,1185,11989000000,140712673
1160,1185,11990000000,140712658
1160,1185,11991000000,140712642
1160,1185,11992000000,140712628
1160,1185,11993000000,140712613
1160,1185,11994000000,140712600
1160,1185,11995000000,140712584
1160,1185,11996000000,140712570
1160,1185,11997000000,140712554
1160,1185,11998000000,140712542
1160,1185,11999000000,140712527
1160,1185,12000000000,140712513
1160,1185,12001000000,140712496
1160,1185,12002000000,140712482
1160,1185,12003000000,140712468
1160,1185,12004000000,140712452
1160,1185,12005000000,140712435
1160,1185,12006000000,140712421
1160,1185,12007000000,140712407
1160,1185,12008000000,140712394
1160,1185,12009000000,140712376
1160,1185,12010000000,140712363
1160,1185,12011000000,140712348
1160,1185,12012000000,140712335
1160,1185,12013000000,140712321
1160,1185,12014000000,140712306
1160,1185,12015000000,140712292
1160,1185,12016000000,140712276
1160,1185,12017000000,140712263
1160,1185,12018000000,140712249
1160,1185,12019000000,140712233
1160,1185,12020000000,140712219
1160,1185,12021000000,140712203
1160,1185,12022000000,140712190
1160,1185,12023000000,140712174
1160,1185,12024000000,140712156
1160,1185,12025000000,140712143
1160,1185,12026000000,140712129
1160,1185,12027000000,140712115
1160,1185,12028000000,140712099
1160,1185,12029000000,140712085
1160,1185,12030000000,140712069
1160,1185,12031000000,140712056
1160,1185,12032000000,140712041
1160,1185,12033000000,140712027
1160,1185,12034000000,140712013
1160,1185,12035000000,140711998
1160,1185,12036000000,140711985
1160,1185,12037000000,140711970
1160,1185,12038000000,140711953
1160,1185,12039000000,140711939
1160,1185,12040000000,140711925
1160,1185,12041000000,140711910
1160,1185,12042000000,140711894
1160,1185,12043000000,140711880
1160,1185,12044000000,140711864
1160,1185,12045000000,140711851
1160,1185,12046000000,140711837
1160,1185,12047000000,140711822
1160,1185,12048000000,140711806
1160,1185,12049000000,140711792
1160,1185,12050000000,140711780
1160,1185,12051000000,140711763
1160,1185,12052000000,140711748
1160,1185,12053000000,140711735
1160,1185,12054000000,140711720
1160,1185,12055000000,140711707
1160,1185,12056000000,140711692
1160,1185,12057000000,140711678
1160,1185,12058000000,140711662
1160,1185,12059000000,140711648
1160,1185,12060000000,140711634
1160,1185,12061000000,140711616
1160,1185,12062000000,140711602
1160,1185,12063000000,140711588
1160,1185,12064000000,140711576
1160,1185,12065000000,140711560
1160,1185,12066000000,140711545
1160,1185,12067000000,140711531
1160,1185,12068000000,140711516
1160,1185,12069000000,140711501
1160,1185,12070000000,140711487
1160,1185,12071000000,140711475
1160,1185,12072000000,140711459
1160,1185,12073000000,140711446
1160,1185,12074000000,140711431
1160,1185,12075000000,140711415
1160,1185,12076000000,140711399
1160,1185,12077000000,140711385
1160,1185,12078000000,140711372
1160,1185,12079000000,140711357
1160,1185,12080000000,140711339
1160,1185,12081000000,140711325
1160,1185,12082000000,140711310
1160,1185,12083000000,140711296
1160,1185,12084000000,140711281
1160,1185,12085000000,140711268
1160,1185,12086000000,140711252
1160,1185,12087000000,140711239
1160,1185,12088000000,140711224
1160,1185,12089000000,140711210
1160,1185,12090000000,140711194
1160,1185,12091000000,140711180
1160,1185,12092000000,140711168
1160,1185,12093000000,140711153
1160,1185,12094000000,140711137
1160,1185,12095000000,140711121
1160,1185,12096000000,140711107
1160,1185,12097000000,140711092
1160,1185,12098000000,140711075
1160,1185,12099000000,140711062
1160,1185,12100000000,140711046
1160,1185,12101000000,140711033
1160,1185,12102000000,140711018
1160,1185,12103000000,140711004
1160,1185,12104000000,140710988
1160,1185,12105000000,140710974
1160,1185,12106000000,140710960
1160,1185,12107000000,140710946
1160,1185,12108000000,140710932
1160,1185,12109000000,140710916
1160,1185,12110000000,140710902
1160,1185,12111000000,140710889
1160,1185,12112000000,140710874
1160,1185,12113000000,140710859
1160,1185,12114000000,140710843
1160,1185,12115000000,140710829
1160,1185,12116000000,140710813
1160,1185,12117000000,140710798
1160,1185,12118000000,140710782
1160,1185,12119000000,140710769
1160,1185,12120000000,140710755
1160,1185,12121000000,140710742
1160,1185,12122000000,140710726
1160,1185,12123000000,140710709
1160,1185,12124000000,140710696
1160,1185,12125000000,140710681
1160,1185,12126000000,140710667
1160,1185,12127000000,140710654
1160,1185,12128000000,140710640
1160,1185,12129000000,140710626
1160,1185,12130000000,140710609
1160,1185,12131000000,140710595
1160,1185,12132000000,140710578
1160,1185,12133000000,140710566
1160,1185,12134000000,140710550
1160,1185,12135000000,140710535
1160,1185,12136000000,140710521
1160,1185,12137000000,140710505
1160,1185,12138000000,140710489
1160,1185,12139000000,140710475
1160,1185,12140000000,140710462
1160,1185,12141000000,140710447
1160,1185,12142000000,140710434
1160,1185,12143000000,140710418
1160,1185,12144000000,140710404
1160,1185,12145000000,140710390
1160,1185,12146000000,140710374
1160,1185,12147000000,140710361
1160,1185,12148000000,140710347
1160,1185,12149000000,140710334
1160,1185,12150000000,140710317
1160,1185,12151000000,140710301
1160,1185,12152000000,140710286
1160,1185,12153000000,140710272
1160,1185,12154000000,140710256
1160,1185,12155000000,140710241
1160,1185,12156000000,140710228
1160,1185,12157000000,140710212
1160,1185,12158000000,140710199
1160,1185,12159000000,140710183
1160,1185,12160000000,140710168
1160,1185,12161000000,140710155
1160,1185,12162000000,140710141
1160,1185,12163000000,140710127
1160,1185,12164000000,140710112
1160,1185,12165000000,140710098
1160,1185,12166000000,140710082
1160,1185,12167000000,140710069
1160,1185,12168000000,140710053
1160,1185,12169000000,140710039
1160,1185,12170000000,140710025
1160,1185,12171000000,140710009
1160,1185,12172000000,140709993
1160,1185,12173000000,140709978
1160,1185,12174000000,140709963
1160,1185,12175000000,140709948
1160,1185,12176000000,140709936
1160,1185,12177000000,140709922
1160,1185,12178000000,140709907
1160,1185,12179000000,140709892
1160,1185,12180000000,140709877
1160,1185,12181000000,140709862
1160,1185,12182000000,140709847
1160,1185,12183000000,140709835
1160,1185,12184000000,140709820
1160,1185,12185000000,140709807
1160,1185,12186000000,140709792
1160,1185,12187000000,140709777
1160,1185,12188000000,140709760
1160,1185,12189000000,140709746
1160,1185,12190000000,140709730
1160,1185,12191000000,140709715
1160,1185,12192000000,140709702
1160,1185,12193000000,140709686
1160,1185,12194000000,140709672
1160,1185,12195000000,140709658
1160,1185,12196000000,140709643
1160,1185,12197000000,140709629
1160,1185,12198000000,140709616
1160,1185,12199000000,140709599
1160,1185,12200000000,140709586
1160,1185,12201000000,140709573
1160,1185,12202000000,140709556
1160,1185,12203000000,140709543
1160,1185,12204000000,140709528
1160,1185,12205000000,140709515
1160,1185,12206000000,140709500
1160,1185,12207000000,140709483
1160,1185,12208000000,140709467
1160,1185,12209000000,140709452
1160,1185,12210000000,140709438
1160,1185,12211000000,140709423
1160,1185,12212000000,140709410
1160,1185,12213000000,140709394
1160,1185,12214000000,140709382
1160,1185,12215000000,140709367
1160,1185,12216000000,140709352
1160,1185,12217000000,140709336
1160,1185,12218000000,140709323
1160,1185,12219000000,140709309
1160,1185,12220000000,140709296
1160,1185,12221000000,140709280
1160,1185,12222000000,140709265
1160,1185,12223000000,140709251
1160,1185,12224000000,140709235
1160,1185,12225000000,140709223
1160,1185,12226000000,140709207
1160,1185,12227000000,140709190
1160,1185,12228000000,140709175
1160,1185,12229000000,140709162
1160,1185,12230000000,140709146
1160,1185,12231000000,140709132
1160,1185,12232000000,140709119
1160,1185,12233000000,140709104
1160,1185,12234000000,140709091
1160,1185,12235000000,140709073
1160,1185,12236000000,140709059
1160,1185,12237000000,140709045
1160,1185,12238000000,140709031
1160,1185,12239000000,140709018
1160,1185,12240000000,140709005
1160,1185,12241000000,140708989
1160,1185,12242000000,140708973
1160,1185,12243000000,140708960
1160,1185,12244000000,140708943
1160,1185,12245000000,140708928
1160,1185,12246000000,140708912
1160,1185,12247000000,140708900
1160,1185,12248000000,140708886
1160,1185,12249000000,140708870
1160,1185,12250000000,140708855
1160,1185,12251000000,140708841
1160,1185,12252000000,140708826
1160,1185,12253000000,140708814
1160,1185,12254000000,140708800
1160,1185,12255000000,140708784
1160,1185,12256000000,140708772
1160,1185,12257000000,140708758
1160,1185,12258000000,140708743
1160,1185,12259000000,140708728
1160,1185,12260000000,140708714
1160,1185,12261000000,140708699
1160,1185,12262000000,140708686
1160,1185,12263000000,140708669
1160,1185,12264000000,140708652
1160,1185,12265000000,140708639
1160,1185,12266000000,140708624
1160,1185,12267000000,140708611
1160,1185,12268000000,140708596
1160,1185,12269000000,140708582
1160,1185,12270000000,140708567
1160,1185,12271000000,140708555
1160,1185,12272000000,140708538
1160,1185,12273000000,140708525
1160,1185,12274000000,140708510
1160,1185,12275000000,140708497
1160,1185,12276000000,140708484
1160,1185,12277000000,140708468
1160,1185,12278000000,140708453
1160,1185,12279000000,140708438
1160,1185,12280000000,140708424
1160,1185,12281000000,140708410
1160,1185,12282000000,140708397
1160,1185,12283000000,140708378
1160,1185,12284000000,140708365
1160,1185,12285000000,140708351
1160,1185,12286000000,140708335
1160,1185,12287000000,140708321
1160,1185,12288000000,140708308
1160,1185,12289000000,140708294
1160,1185,12290000000,140708281
1160,1185,12291000000,140708264
1160,1185,12292000000,140708248
1160,1185,12293000000,140708236
1160,1185,12294000000,140708220
1160,1185,12295000000,140708209
1160,1185,12296000000,140708195
1160,1185,12297000000,140708179
1160,1185,12298000000,140708164
1160,1185,12299000000,140708151
1160,1185,12300000000,140708133
1160,1185,12301000000,140708117
1160,1185,12302000000,140708104
1160,1185,12303000000,140708091
1160,1185,12304000000,140708076
1160,1185,12305000000,140708059
1160,1185,12306000000,140708046
1160,1185,12307000000,140708030
1160,1185,12308000000,140708018
1160,1185,12309000000,140708002
1160,1185,12310000000,140707990
1160,1185,12311000000,140707974
1160,1185,12312000000,140707962
1160,1185,12313000000,140707947
1160,1185,12314000000,140707932
1160,1185,12315000000,140707917
1160,1185,12316000000,140707903
1160,1185,12317000000,140707889
1160,1185,12318000000,140707874
1160,1185,12319000000,140707857
1160,1185,12320000000,140707840
1160,1185,12321000000,140707827
1160,1185,12322000000,140707813
1160,1185,12323000000,140707800
1160,1185,12324000000,140707786
1160,1185,12325000000,140707771
1160,1185,12326000000,140707756
1160,1185,12327000000,140707742
1160,1185,12328000000,140707725
1160,1185,12329000000,140707713
1160,1185,12330000000,140707699
1160,1185,12331000000,140707686
1160,1185,12332000000,140707672
1160,1185,12333000000,140707657
1160,1185,12334000000,140707641
1160,1185,12335000000,140707625
1160,1185,12336000000,140707611
1160,1185,12337000000,140707595
1160,1185,12338000000,140707581
1160,1185,12339000000,140707565
1160,1185,12340000000,140707553
1160,1185,12341000000,140707537
1160,1185,12342000000,140707523
1160,1185,12343000000,140707509
1160,1185,12344000000,140707495
1160,1185,12345000000,140707481
1160,1185,12346000000,140707467
1160,1185,12347000000,140707450
1160,1185,12348000000,140707436
1160,1185,12349000000,140707422
1160,1185,12350000000,140707409
1160,1185,12351000000,140707396
1160,1185,12352000000,140707381
1160,1185,12353000000,140707366
1160,1185,12354000000,140707350
1160,1185,12355000000,140707336
1160,1185,12356000000,140707319
1160,1185,12357000000,140707305
1160,1185,12358000000,140707290
1160,1185,12359000000,140707278
1160,1185,12360000000,140707262
1160,1185,12361000000,140707248
1160,1185,12362000000,140707233
1160,1185,12363000000,140707218
1160,1185,12364000000,140707204
1160,1185,12365000000,140707191
1160,1185,12366000000,140707177
1160,1185,12367000000,140707162
1160,1185,12368000000,140707149
1160,1185,12369000000,140707134
1160,1185,12370000000,140707119
1160,1185,12371000000,140707103
1160,1185,12372000000,140707089
1160,1185,12373000000,140707075
1160,1185,12374000000,140707060
1160,1185,12375000000,140707041
1160,1185,12376000000,140707029
1160,1185,12377000000,140707014
1160,1185,12378000000,140707001
1160,1185,12379000000,140706987
1160,1185,12380000000,140706975
1160,1185,12381000000,140706957
1160,1185,12382000000,140706944
1160,1185,12383000000,140706927
1160,1185,12384000000,140706914
1160,1185,12385000000,140706900
1160,1185,12386000000,140706887
1160,1185,12387000000,140706874
1160,1185,12388000000,140706860
1160,1185,12389000000,140706843
1160,1185,12390000000,140706827
1160,1185,12391000000,140706813
1160,1185,12392000000,140706798
1160,1185,12393000000,140706782
1160,1185,12394000000,140706768
1160,1185,12395000000,140706754
1160,1185,12396000000,140706739
1160,1185,12397000000,140706724
1160,1185,12398000000,140706710
1160,1185,12399000000,140706697
1160,1185,12400000000,140706683
1160,1185,12401000000,140706669
1160,1185,12402000000,140706654
1160,1185,12403000000,140706640
1160,1185,12404000000,140706626
1160,1185,12405000000,140706612
1160,1185,12406000000,140706598
1160,1185,12407000000,140706585
1160,1185,12408000000,140706570
1160,1185,12409000000,140706554
1160,1185,12410000000,140706540
1160,1185,12411000000,140706522
1160,1185,12412000000,140706507
1160,1185,12413000000,140706493
1160,1185,12414000000,140706481
1160,1185,12415000000,140706466
1160,1185,12416000000,140706453
1160,1185,12417000000,140706435
1160,1185,12418000000,140706422
1160,1185,12419000000,140706407
1160,1185,12420000000,140706394
1160,1185,12421000000,140706379
1160,1185,12422000000,140706366
1160,1185,12423000000,140706351
1160,1185,12424000000,140706339
1160,1185,12425000000,140706323
1160,1185,12426000000,140706309
1160,1185,12427000000,140706294
1160,1185,12428000000,140706282
1160,1185,12429000000,140706265
1160,1185,12430000000,140706249
1160,1185,12431000000,140706232
1160,1185,12432000000,140706219
1160,1185,12433000000,140706204
1160,1185,12434000000,140706192
1160,1185,12435000000,140706178
1160,1185,12436000000,140706163
1160,1185,12437000000,140706149
1160,1185,12438000000,140706134
1160,1185,12439000000,140706119
1160,1185,12440000000,140706106
1160,1185,12441000000,140706093
1160,1185,12442000000,140706078
1160,1185,12443000000,140706066
1160,1185,12444000000,140706049
1160,1185,12445000000,140706034
1160,1185,12446000000,140706018
1160,1185,12447000000,140706005
1160,1185,12448000000,140705990
1160,1185,12449000000,140705976
1160,1185,12450000000,140705961
1160,1185,12451000000,140705946
1160,1185,12452000000,140705932
1160,1185,12453000000,140705918
1160,1185,12454000000,140705904
1160,1185,12455000000,140705890
1160,1185,12456000000,140705876
1160,1185,12457000000,140705862
1160,1185,12458000000,140705847
1160,1185,12459000000,140705833
1160,1185,12460000000,140705818
1160,1185,12461000000,140705806
1160,1185,12462000000,140705791
1160,1185,12463000000,140705778
1160,1185,12464000000,140705761
1160,1185,12465000000,140705749
1160,1185,12466000000,140705732
1160,1185,12467000000,140705716
1160,1185,12468000000,140705702
1160,1185,12469000000,140705689
1160,1185,12470000000,140705675
1160,1185,12471000000,140705662
1160,1185,12472000000,140705645
1160,1185,12473000000,140705630
1160,1185,12474000000,140705616
1160,1185,12475000000,140705603
1160,1185,12476000000,140705589
1160,1185,12477000000,140705575
1160,1185,12478000000,140705561
1160,1185,12479000000,140705548
1160,1185,12480000000,140705533
1160,1185,12481000000,140705517
1160,1185,12482000000,140705503
1160,1185,12483000000,140705488
1160,1185,12484000000,140705473
1160,1185,12485000000,140705456
1160,1185,12486000000,140705441
1160,1185,12487000000,140705427
1160,1185,12488000000,140705413
1160,1185,12489000000,140705399
1160,1185,12490000000,140705387
1160,1185,12491000000,140705372
1160,1185,12492000000,140705358
1160,1185,12493000000,140705343
1160,1185,12494000000,140705329
1160,1185,12495000000,140705313
1160,1185,12496000000,140705301
1160,1185,12497000000,140705286
1160,1185,12498000000,140705274
1160,1185,12499000000,140705258
1160,1185,12500000000,140705242
1160,1185,12501000000,140705227
1160,1185,12502000000,140705213
1160,1185,12503000000,140705198
1160,1185,12504000000,140705184
1160,1185,12505000000,140705170
1160,1185,12506000000,140705155
1160,1185,12507000000,140705139
1160,1185,12508000000,140705127
1160,1185,12509000000,140705112
1160,1185,12510000000,140705099
1160,1185,12511000000,140705084
1160,1185,12512000000,140705071
1160,1185,12513000000,140705056
1160,1185,12514000000,140705041
1160,1185,12515000000,140705026
1160,1185,12516000000,140705014
1160,1185,12517000000,140705000
1160,1185,12518000000,140704985
1160,1185,12519000000,140704970
1160,1185,12520000000,140704956
1160,1185,12521000000,140704939
1160,1185,12522000000,140704923
1160,1185,12523000000,140704909
1160,1185,12524000000,140704897
1160,1185,12525000000,140704882
1160,1185,12526000000,140704869
1160,1185,12527000000,140704854
1160,1185,12528000000,140704839
1160,1185,12529000000,140704824
1160,1185,12530000000,140704810
1160,1185,12531000000,140704796
1160,1185,12532000000,140704784
1160,1185,12533000000,140704770
1160,1185,12534000000,140704756
1160,1185,12535000000,140704741
1160,1185,12536000000,140704726
1160,1185,12537000000,140704711
1160,1185,12538000000,140704698
1160,1185,12539000000,140704683
1160,1185,12540000000,140704667
1160,1185,12541000000,140704653
1160,1185,12542000000,140704636
1160,1185,12543000000,140704620
1160,1185,12544000000,140704608
1160,1185,12545000000,140704594
1160,1185,12546000000,140704582
1160,1185,12547000000,140704566
1160,1185,12548000000,140704552
1160,1185,12549000000,140704537
1160,1185,12550000000,140704523
1160,1185,12551000000,140704509
1160,1185,12552000000,140704497
1160,1185,12553000000,140704484
1160,1185,12554000000,140704470
1160,1185,12555000000,140704452
1160,1185,12556000000,140704438
1160,1185,12557000000,140704422
1160,1185,12558000000,140704408
1160,1185,12559000000,140704392
1160,1185,12560000000,140704380
1160,1185,12561000000,140704363
1160,1185,12562000000,140704351
1160,1185,12563000000,140704335
1160,1185,12564000000,140704322
1160,1185,12565000000,140704307
1160,1185,12566000000,140704294
1160,1185,12567000000,140704279
1160,1185,12568000000,140704266
1160,1185,12569000000,140704249
1160,1185,12570000000,140704237
1160,1185,12571000000,140704222
1160,1185,12572000000,140704210
1160,1185,12573000000,140704194
1160,1185,12574000000,140704181
1160,1185,12575000000,140704164
1160,1185,12576000000,140704149
1160,1185,12577000000,140704132
1160,1185,12578000000,140704119
1160,1185,12579000000,140704104
1160,1185,12580000000,140704091
1160,1185,12581000000,140704077
1160,1185,12582000000,140704065
1160,1185,12583000000,140704047
1160,1185,12584000000,140704034
1160,1185,12585000000,140704019
1160,1185,12586000000,140704007
1160,1185,12587000000,140703993
1160,1185,12588000000,140703981
1160,1185,12589000000,140703965
1160,1185,12590000000,140703952
1160,1185,12591000000,140703936
1160,1185,12592000000,140703921
1160,1185,12593000000,140703905
1160,1185,12594000000,140703891
1160,1185,12595000000,140703876
1160,1185,12596000000,140703862
1160,1185,12597000000,140703845
1160,1185,12598000000,140703831
1160,1185,12599000000,140703817
1160,1185,12600000000,140703805
1160,1185,12601000000,140703791
1160,1185,12602000000,140703778
1160,1185,12603000000,140703761
1160,1185,12604000000,140703748
1160,1185,12605000000,140703732
1160,1185,12606000000,140703719
1160,1185,12607000000,140703705
1160,1185,12608000000,140703693
1160,1185,12609000000,140703678
1160,1185,12610000000,140703663
1160,1185,12611000000,140703645
1160,1185,12612000000,140703631
1160,1185,12613000000,140703616
1160,1185,12614000000,140703602
1160,1185,12615000000,140703589
1160,1185,12616000000,140703575
1160,1185,12617000000,140703560
1160,1185,12618000000,140703545
1160,1185,12619000000,140703532
1160,1185,12620000000,140703516
1160,1185,12621000000,140703504
1160,1185,12622000000,140703489
1160,1185,12623000000,140703476
1160,1185,12624000000,140703461
1160,1185,12625000000,140703447
1160,1185,12626000000,140703432
1160,1185,12627000000,140703420
1160,1185,12628000000,140703405
1160,1185,12629000000,140703391
1160,1185,12630000000,140703375
1160,1185,12631000000,140703359
1160,1185,12632000000,140703342
1160,1185,12633000000,140703329
1160,1185,12634000000,140703314
1160,1185,12635000000,140703301
1160,1185,12636000000,140703287
1160,1185,12637000000,140703274
1160,1185,12638000000,140703257
1160,1185,12639000000,140703243
1160,1185,12640000000,140703228
1160,1185,12641000000,140703216
1160,1185,12642000000,140703202
1160,1185,12643000000,140703190
1160,1185,12644000000,140703174
1160,1185,12645000000,140703161
1160,1185,12646000000,140703145
1160,1185,12647000000,140703131
1160,1185,12648000000,140703115
1160,1185,12649000000,140703101
1160,1185,12650000000,140703085
1160,1185,12651000000,140703072
1160,1185,12652000000,140703055
1160,1185,12653000000,140703041
1160,1185,12654000000,140703028
1160,1185,12655000000,140703015
1160,1185,12656000000,140703002
1160,1185,12657000000,140702988
1160,1185,12658000000,140702973
1160,1185,12659000000,140702958
1160,1185,12660000000,140702945
1160,1185,12661000000,140702930
1160,1185,12662000000,140702919
1160,1185,12663000000,140702904
1160,1185,12664000000,140702891
1160,1185,12665000000,140702874
1160,1185,12666000000,140702859
1160,1185,12667000000,140702843
1160,1185,12668000000,140702830
1160,1185,12669000000,140702814
1160,1185,12670000000,140702802
1160,1185,12671000000,140702787
1160,1185,12672000000,140702771
1160,1185,12673000000,140702756
1160,1185,12674000000,140702743
1160,1185,12675000000,140702728
1160,1185,12676000000,140702716
1160,1185,12677000000,140702701
1160,1185,12678000000,140702688
1160,1185,12679000000,140702672
1160,1185,12680000000,140702657
1160,1185,12681000000,140702644
1160,1185,12682000000,140702631
1160,1185,12683000000,140702616
1160,1185,12684000000,140702602
1160,1185,12685000000,140702590
1160,1185,12686000000,140702571
1160,1185,12687000000,140702556
1160,1185,12688000000,140702541
1160,1185,12689000000,140702529
1160,1185,12690000000,140702514
1160,1185,12691000000,140702502
1160,1185,12692000000,140702487
1160,1185,12693000000,140702473
1160,1185,12694000000,140702456
1160,1185,12695000000,140702442
1160,1185,12696000000,140702427
1160,1185,12697000000,140702415
1160,1185,12698000000,140702401
1160,1185,12699000000,140702387
1160,1185,12700000000,140702372
1160,1185,12701000000,140702358
1160,1185,12702000000,140702342
1160,1185,12703000000,140702329
1160,1185,12704000000,140702314
1160,1185,12705000000,140702298
1160,1185,12706000000,140702284
1160,1185,12707000000,140702269
1160,1185,12708000000,140702255
1160,1185,12709000000,140702241
1160,1185,12710000000,140702229
1160,1185,12711000000,140702215
1160,1185,12712000000,140702201
1160,1185,12713000000,140702184
1160,1185,12714000000,140702170
1160,1185,12715000000,140702156
1160,1185,12716000000,140702143
1160,1185,12717000000,140702129
1160,1185,12718000000,140702117
1160,1185,12719000000,140702102
1160,1185,12720000000,140702087
1160,1185,12721000000,140702069
1160,1185,12722000000,140702055
1160,1185,12723000000,140702039
1160,1185,12724000000,140702026
1160,1185,12725000000,140702013
1160,1185,12726000000,140701999
1160,1185,12727000000,140701983
1160,1185,12728000000,140701969
1160,1185,12729000000,140701956
1160,1185,12730000000,140701940
1160,1185,12731000000,140701927
1160,1185,12732000000,140701913
1160,1185,12733000000,140701900
1160,1185,12734000000,140701885
1160,1185,12735000000,140701870
1160,1185,12736000000,140701856
1160,1185,12737000000,140701844
1160,1185,12738000000,140701828
1160,1185,12739000000,140701815
1160,1185,12740000000,140701800
1160,1185,12741000000,140701784
1160,1185,12742000000,140701768
1160,1185,12743000000,140701755
1160,1185,12744000000,140701741
1160,1185,12745000000,140701728
1160,1185,12746000000,140701715
1160,1185,12747000000,140701700
1160,1185,12748000000,140701686
1160,1185,12749000000,140701668
1160,1185,12750000000,140701655
1160,1185,12751000000,140701641
1160,1185,12752000000,140701629
1160,1185,12753000000,140701615
1160,1185,12754000000,140701601
1160,1185,12755000000,140701585
1160,1185,12756000000,140701572
1160,1185,12757000000,140701556
1160,1185,12758000000,140701543
1160,1185,12759000000,140701528
1160,1185,12760000000,140701512
1160,1185,12761000000,140701498
1160,1185,12762000000,140701484
1160,1185,12763000000,140701470
1160,1185,12764000000,140701456
1160,1185,12765000000,140701444
1160,1185,12766000000,140701430
1160,1185,12767000000,140701416
1160,1185,12768000000,140701398
1160,1185,12769000000,140701385
1160,1185,12770000000,140701370
1160,1185,12771000000,140701358
1160,1185,12772000000,140701344
1160,1185,12773000000,140701332
1160,1185,12774000000,140701317
1160,1185,12775000000,140701302
1160,1185,12776000000,140701285
1160,1185,12777000000,140701270
1160,1185,12778000000,140701256
1160,1185,12779000000,140701242
1160,1185,12780000000,140701230
1160,1185,12781000000,140701214
1160,1185,12782000000,140701199
1160,1185,12783000000,140701184
1160,1185,12784000000,140701171
1160,1185,12785000000,140701156
1160,1185,12786000000,140701143
1160,1185,12787000000,140701129
1160,1185,12788000000,140701114
1160,1185,12789000000,140701101
1160,1185,12790000000,140701085
1160,1185,12791000000,140701072
1160,1185,12792000000,140701059
1160,1185,12793000000,140701045
1160,1185,12794000000,140701030
1160,1185,12795000000,140701015
1160,1185,12796000000,140700997
1160,1185,12797000000,140700984
1160,1185,12798000000,140700969
1160,1185,12799000000,140700956
1160,1185,12800000000,140700942
1160,1185,12801000000,140700929
1160,1185,12802000000,140700914
1160,1185,12803000000,140700899
1160,1185,12804000000,140700884
1160,1185,12805000000,140700871
1160,1185,12806000000,140700858
1160,1185,12807000000,140700845
1160,1185,12808000000,140700833
1160,1185,12809000000,140700815
1160,1185,12810000000,140700802
1160,1185,12811000000,140700787
1160,1185,12812000000,140700772
1160,1185,12813000000,140700757
1160,1185,12814000000,140700744
1160,1185,12815000000,140700727
1160,1185,12816000000,140700714
1160,1185,12817000000,140700697
1160,1185,12818000000,140700684
1160,1185,12819000000,140700670
1160,1185,12820000000,140700657
1160,1185,12821000000,140700644
1160,1185,12822000000,140700630
1160,1185,12823000000,140700614
1160,1185,12824000000,140700599
1160,1185,12825000000,140700586
1160,1185,12826000000,140700572
1160,1185,12827000000,140700560
1160,1185,12828000000,140700547
1160,1185,12829000000,140700531
1160,1185,12830000000,140700517
1160,1185,12831000000,140700501
1160,1185,12832000000,140700487
1160,1185,12833000000,140700470
1160,1185,12834000000,140700458
1160,1185,12835000000,140700444
1160,1185,12836000000,140700429
1160,1185,12837000000,140700413
1160,1185,12838000000,140700401
1160,1185,12839000000,140700386
1160,1185,12840000000,140700373
1160,1185,12841000000,140700359
1160,1185,12842000000,140700345
1160,1185,12843000000,140700331
1160,1185,12844000000,140700316
1160,1185,12845000000,140700303
1160,1185,12846000000,140700289
1160,1185,12847000000,140700277
1160,1185,12848000000,140700261
1160,1185,12849000000,140700249
1160,1185,12850000000,140700230
1160,1185,12851000000,140700216
1160,1185,12852000000,140700203
1160,1185,12853000000,140700189
1160,1185,12854000000,140700175
1160,1185,12855000000,140700162
1160,1185,12856000000,140700149
1160,1185,12857000000,140700134
1160,1185,12858000000,140700117
1160,1185,12859000000,140700102
1160,1185,12860000000,140700091
1160,1185,12861000000,140700077
1160,1185,12862000000,140700065
1160,1185,12863000000,140700052
1160,1185,12864000000,140700036
1160,1185,12865000000,140700022
1160,1185,12866000000,140700006
1160,1185,12867000000,140699993
1160,1185,12868000000,140699979
1160,1185,12869000000,140699963
1160,1185,12870000000,140699947
1160,1185,12871000000,140699935
1160,1185,12872000000,140699917
1160,1185,12873000000,140699905
1160,1185,12874000000,140699892
1160,1185,12875000000,140699879
1160,1185,12876000000,140699865
1160,1185,12877000000,140699849
1160,1185,12878000000,140699835
1160,1185,12879000000,140699821
1160,1185,12880000000,140699808
1160,1185,12881000000,140699795
1160,1185,12882000000,140699783
1160,1185,12883000000,140699769
1160,1185,12884000000,140699754
1160,1185,12885000000,140699737
1160,1185,12886000000,140699721
1160,1185,12887000000,140699708
1160,1185,12888000000,140699692
1160,1185,12889000000,140699680
1160,1185,12890000000,140699665
1160,1185,12891000000,140699650
1160,1185,12892000000,140699635
1160,1185,12893000000,140699623
1160,1185,12894000000,140699608
1160,1185,12895000000,140699595
1160,1185,12896000000,140699581
1160,1185,12897000000,140699566
1160,1185,12898000000,140699554
1160,1185,12899000000,140699537
1160,1185,12900000000,140699525
1160,1185,12901000000,140699511
1160,1185,12902000000,140699498
1160,1185,12903000000,140699484
1160,1185,12904000000,140699469
1160,1185,12905000000,140699451
1160,1185,12906000000,140699436
1160,1185,12907000000,140699423
1160,1185,12908000000,140699408
1160,1185,12909000000,140699396
1160,1185,12910000000,140699381
1160,1185,12911000000,140699368
1160,1185,12912000000,140699354
1160,1185,12913000000,140699338
1160,1185,12914000000,140699324
1160,1185,12915000000,140699311
1160,1185,12916000000,140699299
1160,1185,12917000000,140699285
1160,1185,12918000000,140699270
1160,1185,12919000000,140699254
1160,1185,12920000000,140699242
1160,1185,12921000000,140699225
1160,1185,12922000000,140699212
1160,1185,12923000000,140699197
1160,1185,12924000000,140699181
1160,1185,12925000000,140699167
1160,1185,12926000000,140699152
1160,1185,12927000000,140699138
1160,1185,12928000000,140699124
1160,1185,12929000000,140699112
1160,1185,12930000000,140699099
1160,1185,12931000000,140699084
1160,1185,12932000000,140699067
1160,1185,12933000000,140699054
1160,1185,12934000000,140699041
1160,1185,12935000000,140699027
1160,1185,12936000000,140699015
1160,1185,12937000000,140699000
1160,1185,12938000000,140698987
1160,1185,12939000000,140698971
1160,1185,12940000000,140698955
1160,1185,12941000000,140698940
1160,1185,12942000000,140698926
1160,1185,12943000000,140698913
1160,1185,12944000000,140698899
1160,1185,12945000000,140698885
1160,1185,12946000000,140698868
1160,1185,12947000000,140698856
1160,1185,12948000000,140698842
1160,1185,12949000000,140698828
1160,1185,12950000000,140698814
1160,1185,12951000000,140698800
1160,1185,12952000000,140698787
1160,1185,12953000000,140698772
1160,1185,12954000000,140698758
1160,1185,12955000000,140698744
1160,1185,12956000000,140698731
1160,1185,12957000000,140698717
1160,1185,12958000000,140698702
1160,1185,12959000000,140698685
1160,1185,12960000000,140698669
1160,1185,12961000000,140698656
1160,1185,12962000000,140698641
1160,1185,12963000000,140698628
1160,1185,12964000000,140698614
1160,1185,12965000000,140698600
1160,1185,12966000000,140698587
1160,1185,12967000000,140698570
1160,1185,12968000000,140698557
1160,1185,12969000000,140698543
1160,1185,12970000000,140698531
1160,1185,12971000000,140698517
1160,1185,12972000000,140698504
1160,1185,12973000000,140698488
1160,1185,12974000000,140698475
1160,1185,12975000000,140698461
1160,1185,12976000000,140698447
1160,1185,12977000000,140698433
1160,1185,12978000000,140698417
1160,1185,12979000000,140698402
1160,1185,12980000000,140698388
1160,1185,12981000000,140698372
1160,1185,12982000000,140698359
1160,1185,12983000000,140698346
1160,1185,12984000000,140698334
1160,1185,12985000000,140698320
1160,1185,12986000000,140698305
1160,1185,12987000000,140698288
1160,1185,12988000000,140698276
1160,1185,12989000000,140698262
1160,1185,12990000000,140698249
1160,1185,12991000000,140698236
1160,1185,12992000000,140698221
1160,1185,12993000000,140698209
1160,1185,12994000000,140698191
1160,1185,12995000000,140698178
1160,1185,12996000000,140698163
1160,1185,12997000000,140698148
1160,1185,12998000000,140698135
1160,1185,12999000000,140698120
1160,1185,13000000000,140698105
1160,1185,13001000000,140698091
1160,1185,13002000000,140698078
1160,1185,13003000000,140698064
1160,1185,13004000000,140698051
1160,1185,13005000000,140698036
1160,1185,13006000000,140698021
1160,1185,13007000000,140698007
1160,1185,13008000000,140697992
1160,1185,13009000000,140697980
1160,1185,13010000000,140697966
1160,1185,13011000000,140697954
1160,1185,13012000000,140697939
1160,1185,13013000000,140697923
1160,1185,13014000000,140697906
1160,1185,13015000000,140697892
1160,1185,13016000000,140697878
1160,1185,13017000000,140697864
1160,1185,13018000000,140697851
1160,1185,13019000000,140697836
1160,1185,13020000000,140697823
1160,1185,13021000000,140697808
1160,1185,13022000000,140697793
1160,1185,13023000000,140697780
1160,1185,13024000000,140697766
1160,1185,13025000000,140697754
1160,1185,13026000000,140697740
1160,1185,13027000000,140697724
1160,1185,13028000000,140697711
1160,1185,13029000000,140697697
1160,1185,13030000000,140697683
1160,1185,13031000000,140697668
1160,1185,13032000000,140697653
1160,1185,13033000000,140697638
1160,1185,13034000000,140697623
1160,1185,13035000000,140697608
1160,1185,13036000000,140697594
1160,1185,13037000000,140697582
1160,1185,13038000000,140697568
1160,1185,13039000000,140697556
1160,1185,13040000000,140697541
1160,1185,13041000000,140697524
1160,1185,13042000000,140697511
1160,1185,13043000000,140697497
1160,1185,13044000000,140697485
1160,1185,13045000000,140697471
1160,1185,13046000000,140697457
1160,1185,13047000000,140697444
1160,1185,13048000000,140697430
1160,1185,13049000000,140697413
1160,1185,13050000000,140697399
1160,1185,13051000000,140697385
1160,1185,13052000000,140697370
1160,1185,13053000000,140697357
1160,1185,13054000000,140697340
1160,1185,13055000000,140697327
1160,1185,13056000000,140697314
1160,1185,13057000000,140697300
1160,1185,13058000000,140697287
1160,1185,13059000000,140697272
1160,1185,13060000000,140697259
1160,1185,13061000000,140697245
1160,1185,13062000000,140697230
1160,1185,13063000000,140697217
1160,1185,13064000000,140697204
1160,1185,13065000000,140697192
1160,1185,13066000000,140697178
1160,1185,13067000000,140697163
1160,1185,13068000000,140697145
1160,1185,13069000000,140697130
1160,1185,13070000000,140697116
1160,1185,13071000000,140697102
1160,1185,13072000000,140697089
1160,1185,13073000000,140697074
1160,1185,13074000000,140697061
1160,1185,13075000000,140697047
1160,1185,13076000000,140697032
1160,1185,13077000000,140697018
1160,1185,13078000000,140697004
1160,1185,13079000000,140696992
1160,1185,13080000000,140696978
1160,1185,13081000000,140696963
1160,1185,13082000000,140696949
1160,1185,13083000000,140696936
1160,1185,13084000000,140696923
1160,1185,13085000000,140696907
1160,1185,13086000000,140696892
1160,1185,13087000000,140696877
1160,1185,13088000000,140696861
1160,1185,13089000000,140696847
1160,1185,13090000000,140696832
1160,1185,13091000000,140696820
1160,1185,13092000000,140696807
1160,1185,13093000000,140696794
1160,1185,13094000000,140696780
1160,1185,13095000000,140696763
1160,1185,13096000000,140696750
1160,1185,13097000000,140696735
1160,1185,13098000000,140696723
1160,1185,13099000000,140696710
1160,1185,13100000000,140696695
1160,1185,13101000000,140696682
1160,1185,13102000000,140696668
1160,1185,13103000000,140696652
1160,1185,13104000000,140696638
1160,1185,13105000000,140696624
1160,1185,13106000000,140696610
1160,1185,13107000000,140696595
1160,1185,13108000000,140696580
1160,1185,13109000000,140696565
1160,1185,13110000000,140696553
1160,1185,13111000000,140696539
1160,1185,13112000000,140696526
1160,1185,13113000000,140696511
1160,1185,13114000000,140696496
1160,1185,13115000000,140696483
1160,1185,13116000000,140696469
1160,1185,13117000000,140696455
1160,1185,13118000000,140696442
1160,1185,13119000000,140696429
1160,1185,13120000000,140696416
1160,1185,13121000000,140696400
1160,1185,13122000000,140696384
1160,1185,13123000000,140696369
1160,1185,13124000000,140696354
1160,1185,13125000000,140696340
1160,1185,13126000000,140696327
1160,1185,13127000000,140696312
1160,1185,13128000000,140696298
1160,1185,13129000000,140696285
1160,1185,13130000000,140696270
1160,1185,13131000000,140696256
1160,1185,13132000000,140696243
1160,1185,13133000000,140696229
1160,1185,13134000000,140696216
1160,1185,13135000000,140696201
1160,1185,13136000000,140696187
1160,1185,13137000000,140696174
1160,1185,13138000000,140696160
1160,1185,13139000000,140696147
1160,1185,13140000000,140696131
1160,1185,13141000000,140696115
1160,1185,13142000000,140696100
1160,1185,13143000000,140696085
1160,1185,13144000000,140696072
1160,1185,13145000000,140696058
1160,1185,13146000000,140696046
1160,1185,13147000000,140696032
1160,1185,13148000000,140696019
1160,1185,13149000000,140696003
1160,1185,13150000000,140695988
1160,1185,13151000000,140695975
1160,1185,13152000000,140695963
1160,1185,13153000000,140695949
1160,1185,13154000000,140695936
1160,1185,13155000000,140695922
1160,1185,13156000000,140695910
1160,1185,13157000000,140695894
1160,1185,13158000000,140695879
1160,1185,13159000000,140695865
1160,1185,13160000000,140695850
1160,1185,13161000000,140695836
1160,1185,13162000000,140695820
1160,1185,13163000000,140695806
1160,1185,13164000000,140695793
1160,1185,13165000000,140695779
1160,1185,13166000000,140695766
1160,1185,13167000000,140695750
1160,1185,13168000000,140695737
1160,1185,13169000000,140695723
1160,1185,13170000000,140695709
1160,1185,13171000000,140695695
1160,1185,13172000000,140695682
1160,1185,13173000000,140695670
1160,1185,13174000000,140695656
1160,1185,13175000000,140695641
1160,1185,13176000000,140695625
1160,1185,13177000000,140695610
1160,1185,13178000000,140695595
1160,1185,13179000000,140695581
1160,1185,13180000000,140695567
1160,1185,13181000000,140695553
1160,1185,13182000000,140695539
1160,1185,13183000000,140695527
1160,1185,13184000000,140695512
1160,1185,13185000000,140695499
1160,1185,13186000000,140695484
1160,1185,13187000000,140695471
1160,1185,13188000000,140695458
1160,1185,13189000000,140695442
1160,1185,13190000000,140695429
1160,1185,13191000000,140695416
1160,1185,13192000000,140695404
1160,1185,13193000000,140695391
1160,1185,13194000000,140695374
1160,1185,13195000000,140695360
1160,1185,13196000000,140695344
1160,1185,13197000000,140695329
1160,1185,13198000000,140695315
1160,1185,13199000000,140695301
1160,1185,13200000000,140695289
1160,1185,13201000000,140695275
1160,1185,13202000000,140695261
1160,1185,13203000000,140695246
1160,1185,13204000000,140695231
1160,1185,13205000000,140695218
1160,1185,13206000000,140695205
1160,1185,13207000000,140695191
1160,1185,13208000000,140695177
1160,1185,13209000000,140695164
1160,1185,13210000000,140695152
1160,1185,13211000000,140695137
1160,1185,13212000000,140695122
1160,1185,13213000000,140695107
1160,1185,13214000000,140695092
1160,1185,13215000000,140695079
1160,1185,13216000000,140695063
1160,1185,13217000000,140695048
1160,1185,13218000000,140695034
1160,1185,13219000000,140695021
1160,1185,13220000000,140695009
1160,1185,13221000000,140694994
1160,1185,13222000000,140694979
1160,1185,13223000000,140694965
1160,1185,13224000000,140694952
1160,1185,13225000000,140694939
1160,1185,13226000000,140694926
1160,1185,13227000000,140694913
1160,1185,13228000000,140694899
1160,1185,13229000000,140694886
1160,1185,13230000000,140694870
1160,1185,13231000000,140694856
1160,1185,13232000000,140694840
1160,1185,13233000000,140694826
1160,1185,13234000000,140694810
1160,1185,13235000000,140694797
1160,1185,13236000000,140694783
1160,1185,13237000000,140694770
1160,1185,13238000000,140694755
1160,1185,13239000000,140694742
1160,1185,13240000000,140694729
1160,1185,13241000000,140694714
1160,1185,13242000000,140694701
1160,1185,13243000000,140694686
1160,1185,13244000000,140694673
1160,1185,13245000000,140694660
1160,1185,13246000000,140694648
1160,1185,13247000000,140694634
1160,1185,13248000000,140694619
1160,1185,13249000000,140694603
1160,1185,13250000000,140694589
1160,1185,13251000000,140694573
1160,1185,13252000000,140694560
1160,1185,13253000000,140694546
1160,1185,13254000000,140694533
1160,1185,13255000000,140694520
1160,1185,13256000000,140694505
1160,1185,13257000000,140694492
1160,1185,13258000000,140694478
1160,1185,13259000000,140694463
1160,1185,13260000000,140694452
1160,1185,13261000000,140694437
1160,1185,13262000000,140694424
1160,1185,13263000000,140694410
1160,1185,13264000000,140694396
1160,1185,13265000000,140694383
1160,1185,13266000000,140694369
1160,1185,13267000000,140694354
1160,1185,13268000000,140694338
1160,1185,13269000000,140694324
1160,1185,13270000000,140694308
1160,1185,13271000000,140694294
1160,1185,13272000000,140694280
1160,1185,13273000000,140694268
1160,1185,13274000000,140694254
1160,1185,13275000000,140694240
1160,1185,13276000000,140694225
1160,1185,13277000000,140694211
1160,1185,13278000000,140694198
1160,1185,13279000000,140694185
1160,1185,13280000000,140694172
1160,1185,13281000000,140694158
1160,1185,13282000000,140694145
1160,1185,13283000000,140694131
1160,1185,13284000000,140694116
1160,1185,13285000000,140694101
1160,1185,13286000000,140694085
1160,1185,13287000000,140694071
1160,1185,13288000000,140694056
1160,1185,13289000000,140694041
1160,1185,13290000000,140694028
1160,1185,13291000000,140694015
1160,1185,13292000000,140694001
1160,1185,13293000000,140693989
1160,1185,13294000000,140693975
1160,1185,13295000000,140693960
1160,1185,13296000000,140693946
1160,1185,13297000000,140693933
1160,1185,13298000000,140693920
1160,1185,13299000000,140693906
1160,1185,13300000000,140693893
1160,1185,13301000000,140693880
1160,1185,13302000000,140693866
1160,1185,13303000000,140693851
1160,1185,13304000000,140693835
1160,1185,13305000000,140693819
1160,1185,13306000000,140693806
1160,1185,13307000000,140693793
1160,1185,13308000000,140693778
1160,1185,13309000000,140693764
1160,1185,13310000000,140693750
1160,1185,13311000000,140693737
1160,1185,13312000000,140693723
1160,1185,13313000000,140693708
1160,1185,13314000000,140693694
1160,1185,13315000000,140693681
1160,1185,13316000000,140693667
1160,1185,13317000000,140693654
1160,1185,13318000000,140693640
1160,1185,13319000000,140693627
1160,1185,13320000000,140693614
1160,1185,13321000000,140693598
1160,1185,13322000000,140693582
1160,1185,13323000000,140693567
1160,1185,13324000000,140693553
1160,1185,13325000000,140693540
1160,1185,13326000000,140693525
1160,1185,13327000000,140693512
1160,1185,13328000000,140693497
1160,1185,13329000000,140693485
1160,1185,13330000000,140693472
1160,1185,13331000000,140693456
1160,1185,13332000000,140693442
1160,1185,13333000000,140693430
1160,1185,13334000000,140693417
1160,1185,13335000000,140693403
1160,1185,13336000000,140693389
1160,1185,13337000000,140693375
1160,1185,13338000000,140693362
1160,1185,13339000000,140693346
1160,1185,13340000000,140693331
1160,1185,13341000000,140693314
1160,1185,13342000000,140693301
1160,1185,13343000000,140693288
1160,1185,13344000000,140693274
1160,1185,13345000000,140693259
1160,1185,13346000000,140693247
1160,1185,13347000000,140693234
1160,1185,13348000000,140693220
1160,1185,13349000000,140693204
1160,1185,13350000000,140693191
1160,1185,13351000000,140693177
1160,1185,13352000000,140693164
1160,1185,13353000000,140693150
1160,1185,13354000000,140693137
1160,1185,13355000000,140693123
1160,1185,13356000000,140693109
1160,1185,13357000000,140693094
1160,1185,13358000000,140693079
1160,1185,13359000000,140693063
1160,1185,13360000000,140693049
1160,1185,13361000000,140693036
1160,1185,13362000000,140693023
1160,1185,13363000000,140693010
1160,1185,13364000000,140692995
1160,1185,13365000000,140692982
1160,1185,13366000000,140692968
1160,1185,13367000000,140692954
1160,1185,13368000000,140692939
1160,1185,13369000000,140692925
1160,1185,13370000000,140692912
1160,1185,13371000000,140692900
1160,1185,13372000000,140692885
1160,1185,13373000000,140692872
1160,1185,13374000000,140692859
1160,1185,13375000000,140692844
1160,1185,13376000000,140692828
1160,1185,13377000000,140692812
1160,1185,13378000000,140692797
1160,1185,13379000000,140692784
1160,1185,13380000000,140692770
1160,1185,13381000000,140692756
1160,1185,13382000000,140692743
1160,1185,13383000000,140692730
1160,1185,13384000000,140692717
1160,1185,13385000000,140692701
1160,1185,13386000000,140692687
1160,1185,13387000000,140692675
1160,1185,13388000000,140692661
1160,1185,13389000000,140692648
1160,1185,13390000000,140692634
1160,1185,13391000000,140692620
1160,1185,13392000000,140692608
1160,1185,13393000000,140692592
1160,1185,13394000000,140692576
1160,1185,13395000000,140692560
1160,1185,13396000000,140692547
1160,1185,13397000000,140692533
1160,1185,13398000000,140692519
1160,1185,13399000000,140692506
1160,1185,13400000000,140692493
1160,1185,13401000000,140692479
1160,1185,13402000000,140692466
1160,1185,13403000000,140692451
1160,1185,13404000000,140692436
1160,1185,13405000000,140692423
1160,1185,13406000000,140692409
1160,1185,13407000000,140692397
1160,1185,13408000000,140692382
1160,1185,13409000000,140692368
1160,1185,13410000000,140692355
1160,1185,13411000000,140692341
1160,1185,13412000000,140692324
1160,1185,13413000000,140692309
1160,1185,13414000000,140692296
1160,1185,13415000000,140692284
1160,1185,13416000000,140692269
1160,1185,13417000000,140692255
1160,1185,13418000000,140692241
1160,1185,13419000000,140692228
1160,1185,13420000000,140692215
1160,1185,13421000000,140692198
1160,1185,13422000000,140692185
1160,1185,13423000000,140692172
1160,1185,13424000000,140692159
1160,1185,13425000000,140692145
1160,1185,13426000000,140692131
1160,1185,13427000000,140692119
1160,1185,13428000000,140692105
1160,1185,13429000000,140692090
1160,1185,13430000000,140692073
1160,1185,13431000000,140692059
1160,1185,13432000000,140692046
1160,1185,13433000000,140692031
1160,1185,13434000000,140692016
1160,1185,13435000000,140692003
1160,1185,13436000000,140691989
1160,1185,13437000000,140691976
1160,1185,13438000000,140691963
1160,1185,13439000000,140691948
1160,1185,13440000000,140691935
1160,1185,13441000000,140691921
1160,1185,13442000000,140691909
1160,1185,13443000000,140691896
1160,1185,13444000000,140691881
1160,1185,13445000000,140691869
1160,1185,13446000000,140691856
1160,1185,13447000000,140691843
1160,1185,13448000000,140691825
1160,1185,13449000000,140691809
1160,1185,13450000000,140691797
1160,1185,13451000000,140691783
1160,1185,13452000000,140691768
1160,1185,13453000000,140691755
1160,1185,13454000000,140691742
1160,1185,13455000000,140691729
1160,1185,13456000000,140691716
1160,1185,13457000000,140691700
1160,1185,13458000000,140691687
1160,1185,13459000000,140691673
1160,1185,13460000000,140691661
1160,1185,13461000000,140691647
1160,1185,13462000000,140691634
1160,1185,13463000000,140691622
1160,1185,13464000000,140691609
1160,1185,13465000000,140691595
1160,1185,13466000000,140691578
1160,1185,13467000000,140691563
1160,1185,13468000000,140691549
1160,1185,13469000000,140691535
1160,1185,13470000000,140691520
1160,1185,13471000000,140691506
1160,1185,13472000000,140691494
1160,1185,13473000000,140691480
1160,1185,13474000000,140691465
1160,1185,13475000000,140691450
1160,1185,13476000000,140691437
1160,1185,13477000000,140691425
1160,1185,13478000000,140691411
1160,1185,13479000000,140691397
1160,1185,13480000000,140691386
1160,1185,13481000000,140691373
1160,1185,13482000000,140691359
1160,1185,13483000000,140691346
1160,1185,13484000000,140691328
1160,1185,13485000000,140691313
1160,1185,13486000000,140691299
1160,1185,13487000000,140691285
1160,1185,13488000000,140691270
1160,1185,13489000000,140691256
1160,1185,13490000000,140691243
1160,1185,13491000000,140691232
1160,1185,13492000000,140691217
1160,1185,13493000000,140691202
1160,1185,13494000000,140691189
1160,1185,13495000000,140691176
1160,1185,13496000000,140691162
1160,1185,13497000000,140691148
1160,1185,13498000000,140691135
1160,1185,13499000000,140691122
1160,1185,13500000000,140691109
1160,1185,13501000000,140691093
1160,1185,13502000000,140691077
1160,1185,13503000000,140691063
1160,1185,13504000000,140691049
1160,1185,13505000000,140691036
1160,1185,13506000000,140691021
1160,1185,13507000000,140691007
1160,1185,13508000000,140690994
1160,1185,13509000000,140690981
1160,1185,13510000000,140690967
1160,1185,13511000000,140690952
1160,1185,13512000000,140690938
1160,1185,13513000000,140690925
1160,1185,13514000000,140690910
1160,1185,13515000000,140690896
1160,1185,13516000000,140690884
1160,1185,13517000000,140690871
1160,1185,13518000000,140690858
1160,1185,13519000000,140690845
1160,1185,13520000000,140690830
1160,1185,13521000000,140690814
1160,1185,13522000000,140690799
1160,1185,13523000000,140690786
1160,1185,13524000000,140690770
1160,1185,13525000000,140690757
1160,1185,13526000000,140690743
1160,1185,13527000000,140690729
1160,1185,13528000000,140690716
1160,1185,13529000000,140690701
1160,1185,13530000000,140690688
1160,1185,13531000000,140690676
1160,1185,13532000000,140690661
1160,1185,13533000000,140690649
1160,1185,13534000000,140690635
1160,1185,13535000000,140690622
1160,1185,13536000000,140690609
1160,1185,13537000000,140690595
1160,1185,13538000000,140690579
1160,1185,13539000000,140690563
1160,1185,13540000000,140690548
1160,1185,13541000000,140690534
1160,1185,13542000000,140690519
1160,1185,13543000000,140690506
1160,1185,13544000000,140690495
1160,1185,13545000000,140690481
1160,1185,13546000000,140690467
1160,1185,13547000000,140690453
1160,1185,13548000000,140690439
1160,1185,13549000000,140690425
1160,1185,13550000000,140690412
1160,1185,13551000000,140690398
1160,1185,13552000000,140690385
1160,1185,13553000000,140690372
1160,1185,13554000000,140690358
1160,1185,13555000000,140690343
1160,1185,13556000000,140690328
1160,1185,13557000000,140690314
1160,1185,13558000000,140690300
1160,1185,13559000000,140690285
1160,1185,13560000000,140690270
1160,1185,13561000000,140690258
1160,1185,13562000000,140690244
1160,1185,13563000000,140690230
1160,1185,13564000000,140690217
1160,1185,13565000000,140690203
1160,1185,13566000000,140690188
1160,1185,13567000000,140690174
1160,1185,13568000000,140690161
1160,1185,13569000000,140690149
1160,1185,13570000000,140690136
1160,1185,13571000000,140690123
1160,1185,13572000000,140690109
1160,1185,13573000000,140690094
1160,1185,13574000000,140690079
1160,1185,13575000000,140690064
1160,1185,13576000000,140690050
1160,1185,13577000000,140690034
1160,1185,13578000000,140690021
1160,1185,13579000000,140690007
1160,1185,13580000000,140689992
1160,1185,13581000000,140689980
1160,1185,13582000000,140689967
1160,1185,13583000000,140689953
1160,1185,13584000000,140689941
1160,1185,13585000000,140689926
1160,1185,13586000000,140689913
1160,1185,13587000000,140689900
1160,1185,13588000000,140689886
1160,1185,13589000000,140689873
1160,1185,13590000000,140689860
1160,1185,13591000000,140689845
1160,1185,13592000000,140689830
1160,1185,13593000000,140689813
1160,1185,13594000000,140689800
1160,1185,13595000000,140689785
1160,1185,13596000000,140689771
1160,1185,13597000000,140689758
1160,1185,13598000000,140689745
1160,1185,13599000000,140689732
1160,1185,13600000000,140689718
1160,1185,13601000000,140689705
1160,1185,13602000000,140689690
1160,1185,13603000000,140689676
1160,1185,13604000000,140689663
1160,1185,13605000000,140689650
1160,1185,13606000000,140689636
1160,1185,13607000000,140689623
1160,1185,13608000000,140689609
1160,1185,13609000000,140689596
1160,1185,13610000000,140689582
1160,1185,13611000000,140689564
1160,1185,13612000000,140689550
1160,1185,13613000000,140689536
1160,1185,13614000000,140689523
1160,1185,13615000000,140689509
1160,1185,13616000000,140689497
1160,1185,13617000000,140689483
1160,1185,13618000000,140689470
1160,1185,13619000000,140689455
1160,1185,13620000000,140689440
1160,1185,13621000000,140689426
1160,1185,13622000000,140689413
1160,1185,13623000000,140689400
1160,1185,13624000000,140689387
1160,1185,13625000000,140689373
1160,1185,13626000000,140689359
1160,1185,13627000000,140689348
1160,1185,13628000000,140689332
1160,1185,13629000000,140689316
1160,1185,13630000000,140689302
1160,1185,13631000000,140689288
1160,1185,13632000000,140689273
1160,1185,13633000000,140689259
1160,1185,13634000000,140689245
1160,1185,13635000000,140689232
1160,1185,13636000000,140689220
1160,1185,13637000000,140689206
1160,1185,13638000000,140689191
1160,1185,13639000000,140689178
1160,1185,13640000000,140689165
1160,1185,13641000000,140689151
1160,1185,13642000000,140689140
1160,1185,13643000000,140689126
1160,1185,13644000000,140689113
1160,1185,13645000000,140689100
1160,1185,13646000000,140689082
1160,1185,13647000000,140689065
1160,1185,13648000000,140689053
1160,1185,13649000000,140689040
1160,1185,13650000000,140689026
1160,1185,13651000000,140689013
1160,1185,13652000000,140688998
1160,1185,13653000000,140688985
1160,1185,13654000000,140688972
1160,1185,13655000000,140688959
1160,1185,13656000000,140688945
1160,1185,13657000000,140688932
1160,1185,13658000000,140688918
1160,1185,13659000000,140688903
1160,1185,13660000000,140688891
1160,1185,13661000000,140688878
1160,1185,13662000000,140688865
1160,1185,13663000000,140688853
1160,1185,13664000000,140688836
1160,1185,13665000000,140688819
1160,1185,13666000000,140688806
1160,1185,13667000000,140688791
1160,1185,13668000000,140688778
1160,1185,13669000000,140688765
1160,1185,13670000000,140688752
1160,1185,13671000000,140688738
1160,1185,13672000000,140688724
1160,1185,13673000000,140688710
1160,1185,13674000000,140688695
1160,1185,13675000000,140688683
1160,1185,13676000000,140688671
1160,1185,13677000000,140688657
1160,1185,13678000000,140688644
1160,1185,13679000000,140688630
1160,1185,13680000000,140688617
1160,1185,13681000000,140688606
1160,1185,13682000000,140688589
1160,1185,13683000000,140688572
1160,1185,13684000000,140688560
1160,1185,13685000000,140688544
1160,1185,13686000000,140688529
1160,1185,13687000000,140688516
1160,1185,13688000000,140688503
1160,1185,13689000000,140688490
1160,1185,13690000000,140688479
1160,1185,13691000000,140688464
1160,1185,13692000000,140688449
1160,1185,13693000000,140688437
1160,1185,13694000000,140688424
1160,1185,13695000000,140688411
1160,1185,13696000000,140688398
1160,1185,13697000000,140688385
1160,1185,13698000000,140688371
1160,1185,13699000000,140688357
1160,1185,13700000000,140688340
1160,1185,13701000000,140688325
1160,1185,13702000000,140688313
1160,1185,13703000000,140688299
1160,1185,13704000000,140688283
1160,1185,13705000000,140688270
1160,1185,13706000000,140688258
1160,1185,13707000000,140688244
1160,1185,13708000000,140688232
1160,1185,13709000000,140688216
1160,1185,13710000000,140688203
1160,1185,13711000000,140688190
1160,1185,13712000000,140688175
1160,1185,13713000000,140688161
1160,1185,13714000000,140688149
1160,1185,13715000000,140688136
1160,1185,13716000000,140688123
1160,1185,13717000000,140688109
1160,1185,13718000000,140688092
1160,1185,13719000000,140688077
1160,1185,13720000000,140688065
1160,1185,13721000000,140688051
1160,1185,13722000000,140688036
1160,1185,13723000000,140688023
1160,1185,13724000000,140688009
1160,1185,13725000000,140687994
1160,1185,13726000000,140687981
1160,1185,13727000000,140687967
1160,1185,13728000000,140687954
1160,1185,13729000000,140687942
1160,1185,13730000000,140687930
1160,1185,13731000000,140687915
1160,1185,13732000000,140687903
1160,1185,13733000000,140687889
1160,1185,13734000000,140687876
1160,1185,13735000000,140687862
1160,1185,13736000000,140687845
1160,1185,13737000000,140687829
1160,1185,13738000000,140687815
1160,1185,13739000000,140687801
1160,1185,13740000000,140687787
1160,1185,13741000000,140687775
1160,1185,13742000000,140687763
1160,1185,13743000000,140687749
1160,1185,13744000000,140687735
1160,1185,13745000000,140687720
1160,1185,13746000000,140687706
1160,1185,13747000000,140687694
1160,1185,13748000000,140687681
1160,1185,13749000000,140687667
1160,1185,13750000000,140687654
1160,1185,13751000000,140687640
1160,1185,13752000000,140687626
1160,1185,13753000000,140687614
1160,1185,13754000000,140687599
1160,1185,13755000000,140687584
1160,1185,13756000000,140687570
1160,1185,13757000000,140687555
1160,1185,13758000000,140687542
1160,1185,13759000000,140687528
1160,1185,13760000000,140687516
1160,1185,13761000000,140687502
1160,1185,13762000000,140687488
1160,1185,13763000000,140687474
1160,1185,13764000000,140687459
1160,1185,13765000000,140687446
1160,1185,13766000000,140687433
1160,1185,13767000000,140687421
1160,1185,13768000000,140687408
1160,1185,13769000000,140687395
1160,1185,13770000000,140687381
1160,1185,13771000000,140687366
1160,1185,13772000000,140687350
1160,1185,13773000000,140687335
1160,1185,13774000000,140687322
1160,1185,13775000000,140687307
1160,1185,13776000000,140687295
1160,1185,13777000000,140687279
1160,1185,13778000000,140687267
1160,1185,13779000000,140687254
1160,1185,13780000000,140687240
1160,1185,13781000000,140687227
1160,1185,13782000000,140687215
1160,1185,13783000000,140687200
1160,1185,13784000000,140687186
1160,1185,13785000000,140687174
1160,1185,13786000000,140687162
1160,1185,13787000000,140687149
1160,1185,13788000000,140687136
1160,1185,13789000000,140687121
1160,1185,13790000000,140687102
1160,1185,13791000000,140687088
1160,1185,13792000000,140687074
1160,1185,13793000000,140687059
1160,1185,13794000000,140687048
1160,1185,13795000000,140687035
1160,1185,13796000000,140687021
1160,1185,13797000000,140687008
1160,1185,13798000000,140686994
1160,1185,13799000000,140686979
1160,1185,13800000000,140686967
1160,1185,13801000000,140686954
1160,1185,13802000000,140686940
1160,1185,13803000000,140686927
1160,1185,13804000000,140686913
1160,1185,13805000000,140686899
1160,1185,13806000000,140686886
1160,1185,13807000000,140686874
1160,1185,13808000000,140686857
1160,1185,13809000000,140686842
1160,1185,13810000000,140686828
1160,1185,13811000000,140686814
1160,1185,13812000000,140686800
1160,1185,13813000000,140686788
1160,1185,13814000000,140686774
1160,1185,13815000000,140686760
1160,1185,13816000000,140686747
1160,1185,13817000000,140686731
1160,1185,13818000000,140686717
1160,1185,13819000000,140686705
1160,1185,13820000000,140686694
1160,1185,13821000000,140686680
1160,1185,13822000000,140686667
1160,1185,13823000000,140686653
1160,1185,13824000000,140686640
1160,1185,13825000000,140686625
1160,1185,13826000000,140686609
1160,1185,13827000000,140686595
1160,1185,13828000000,140686582
1160,1185,13829000000,140686567
1160,1185,13830000000,140686552
1160,1185,13831000000,140686538
1160,1185,13832000000,140686526
1160,1185,13833000000,140686513
1160,1185,13834000000,140686500
1160,1185,13835000000,140686485
1160,1185,13836000000,140686472
1160,1185,13837000000,140686459
1160,1185,13838000000,140686446
1160,1185,13839000000,140686434
1160,1185,13840000000,140686420
1160,1185,13841000000,140686406
1160,1185,13842000000,140686394
1160,1185,13843000000,140686378
1160,1185,13844000000,140686360
1160,1185,13845000000,140686348
1160,1185,13846000000,140686334
1160,1185,13847000000,140686321
1160,1185,13848000000,140686308
1160,1185,13849000000,140686293
1160,1185,13850000000,140686280
1160,1185,13851000000,140686267
1160,1185,13852000000,140686255
1160,1185,13853000000,140686240
1160,1185,13854000000,140686227
1160,1185,13855000000,140686215
1160,1185,13856000000,140686199
1160,1185,13857000000,140686186
1160,1185,13858000000,140686174
1160,1185,13859000000,140686161
1160,1185,13860000000,140686148
1160,1185,13861000000,140686135
1160,1185,13862000000,140686116
1160,1185,13863000000,140686102
1160,1185,13864000000,140686088
1160,1185,13865000000,140686075
1160,1185,13866000000,140686060
1160,1185,13867000000,140686048
1160,1185,13868000000,140686036
1160,1185,13869000000,140686021
1160,1185,13870000000,140686008
1160,1185,13871000000,140685994
1160,1185,13872000000,140685981
1160,1185,13873000000,140685968
1160,1185,13874000000,140685955
1160,1185,13875000000,140685941
1160,1185,13876000000,140685928
1160,1185,13877000000,140685916
1160,1185,13878000000,140685904
1160,1185,13879000000,140685888
1160,1185,13880000000,140685872
1160,1185,13881000000,140685858
1160,1185,13882000000,140685841
1160,1185,13883000000,140685826
1160,1185,13884000000,140685814
1160,1185,13885000000,140685803
1160,1185,13886000000,140685790
1160,1185,13887000000,140685777
1160,1185,13888000000,140685764
1160,1185,13889000000,140685747
1160,1185,13890000000,140685734
1160,1185,13891000000,140685722
1160,1185,13892000000,140685709
1160,1185,13893000000,140685696
1160,1185,13894000000,140685683
1160,1185,13895000000,140685668
1160,1185,13896000000,140685654
1160,1185,13897000000,140685640
1160,1185,13898000000,140685624
1160,1185,13899000000,140685610
1160,1185,13900000000,140685597
1160,1185,13901000000,140685583
1160,1185,13902000000,140685569
1160,1185,13903000000,140685555
1160,1185,13904000000,140685544
1160,1185,13905000000,140685531
1160,1185,13906000000,140685516
1160,1185,13907000000,140685502
1160,1185,13908000000,140685487
1160,1185,13909000000,140685473
1160,1185,13910000000,140685462
1160,1185,13911000000,140685450
1160,1185,13912000000,140685436
1160,1185,13913000000,140685425
1160,1185,13914000000,140685411
1160,1185,13915000000,140685394
1160,1185,13916000000,140685379
1160,1185,13917000000,140685367
1160,1185,13918000000,140685353
1160,1185,13919000000,140685338
1160,1185,13920000000,140685325
1160,1185,13921000000,140685310
1160,1185,13922000000,140685296
1160,1185,13923000000,140685284
1160,1185,13924000000,140685272
1160,1185,13925000000,140685258
1160,1185,13926000000,140685245
1160,1185,13927000000,140685231
1160,1185,13928000000,140685217
1160,1185,13929000000,140685203
1160,1185,13930000000,140685192
1160,1185,13931000000,140685182
1160,1185,13932000000,140685167
1160,1185,13933000000,140685151
1160,1185,13934000000,140685133
1160,1185,13935000000,140685119
1160,1185,13936000000,140685104
1160,1185,13937000000,140685092
1160,1185,13938000000,140685080
1160,1185,13939000000,140685068
1160,1185,13940000000,140685054
1160,1185,13941000000,140685041
1160,1185,13942000000,140685026
1160,1185,13943000000,140685012
1160,1185,13944000000,140685000
1160,1185,13945000000,140684986
1160,1185,13946000000,140684973
1160,1185,13947000000,140684958
1160,1185,13948000000,140684946
1160,1185,13949000000,140684932
1160,1185,13950000000,140684920
1160,1185,13951000000,140684905
1160,1185,13952000000,140684889
1160,1185,13953000000,140684874
1160,1185,13954000000,140684860
1160,1185,13955000000,140684847
1160,1185,13956000000,140684833
1160,1185,13957000000,140684822
1160,1185,13958000000,140684809
1160,1185,13959000000,140684795
1160,1185,13960000000,140684778
1160,1185,13961000000,140684765
1160,1185,13962000000,140684752
1160,1185,13963000000,140684739
1160,1185,13964000000,140684727
1160,1185,13965000000,140684716
1160,1185,13966000000,140684700
1160,1185,13967000000,140684687
1160,1185,13968000000,140684675
1160,1185,13969000000,140684658
1160,1185,13970000000,140684643
1160,1185,13971000000,140684630
1160,1185,13972000000,140684615
1160,1185,13973000000,140684599
1160,1185,13974000000,140684586
1160,1185,13975000000,140684575
1160,1185,13976000000,140684562
1160,1185,13977000000,140684549
1160,1185,13978000000,140684536
1160,1185,13979000000,140684521
1160,1185,13980000000,140684506
1160,1185,13981000000,140684493
1160,1185,13982000000,140684483
1160,1185,13983000000,140684470
1160,1185,13984000000,140684456
1160,1185,13985000000,140684443
1160,1185,13986000000,140684427
1160,1185,13987000000,140684408
1160,1185,13988000000,140684395
1160,1185,13989000000,140684383
1160,1185,13990000000,140684369
1160,1185,13991000000,140684357
1160,1185,13992000000,140684343
1160,1185,13993000000,140684329
1160,1185,13994000000,140684315
1160,1185,13995000000,140684303
1160,1185,13996000000,140684289
1160,1185,13997000000,140684275
1160,1185,13998000000,140684263
1160,1185,13999000000,140684248
1160,1185,14000000000,140684234
1160,1185,14001000000,140684221
1160,1185,14002000000,140684209
1160,1185,14003000000,140684197
1160,1185,14004000000,140684183
1160,1185,14005000000,140684165
1160,1185,14006000000,140684152
1160,1185,14007000000,140684138
1160,1185,14008000000,140684123
1160,1185,14009000000,140684111
1160,1185,14010000000,140684098
1160,1185,14011000000,140684084
1160,1185,14012000000,140684069
1160,1185,14013000000,140684056
1160,1185,14014000000,140684042
1160,1185,14015000000,140684029
1160,1185,14016000000,140684017
1160,1185,14017000000,140684006
1160,1185,14018000000,140683990
1160,1185,14019000000,140683977
1160,1185,14020000000,140683964
1160,1185,14021000000,140683951
1160,1185,14022000000,140683938
1160,1185,14023000000,140683920
1160,1185,14024000000,140683908
1160,1185,14025000000,140683890
1160,1185,14026000000,140683876
1160,1185,14027000000,140683864
1160,1185,14028000000,140683851
1160,1185,14029000000,140683838
1160,1185,14030000000,140683827
1160,1185,14031000000,140683813
1160,1185,14032000000,140683797
1160,1185,14033000000,140683784
1160,1185,14034000000,140683772
1160,1185,14035000000,140683759
1160,1185,14036000000,140683745
1160,1185,14037000000,140683732
1160,1185,14038000000,140683719
1160,1185,14039000000,140683704
1160,1185,14040000000,140683690
1160,1185,14041000000,140683675
1160,1185,14042000000,140683662
1160,1185,14043000000,140683648
1160,1185,14044000000,140683633
1160,1185,14045000000,140683622
1160,1185,14046000000,140683607
1160,1185,14047000000,140683595
1160,1185,14048000000,140683583
1160,1185,14049000000,140683569
1160,1185,14050000000,140683553
1160,1185,14051000000,140683539
1160,1185,14052000000,140683528
1160,1185,14053000000,140683516
1160,1185,14054000000,140683503
1160,1185,14055000000,140683491
1160,1185,14056000000,140683479
1160,1185,14057000000,140683463
1160,1185,14058000000,140683448
1160,1185,14059000000,140683432
1160,1185,14060000000,140683419
1160,1185,14061000000,140683405
1160,1185,14062000000,140683392
1160,1185,14063000000,140683379
1160,1185,14064000000,140683362
1160,1185,14065000000,140683350
1160,1185,14066000000,140683338
1160,1185,14067000000,140683324
1160,1185,14068000000,140683311
1160,1185,14069000000,140683299
1160,1185,14070000000,140683285
1160,1185,14071000000,140683271
1160,1185,14072000000,140683258
1160,1185,14073000000,140683246
1160,1185,14074000000,140683234
1160,1185,14075000000,140683219
1160,1185,14076000000,140683204
1160,1185,14077000000,140683186
1160,1185,14078000000,140683173
1160,1185,14079000000,140683158
1160,1185,14080000000,140683146
1160,1185,14081000000,140683135
1160,1185,14082000000,140683121
1160,1185,14083000000,140683108
1160,1185,14084000000,140683096
1160,1185,14085000000,140683082
1160,1185,14086000000,140683067
1160,1185,14087000000,140683055
1160,1185,14088000000,140683042
1160,1185,14089000000,140683028
1160,1185,14090000000,140683013
1160,1185,14091000000,140683001
1160,1185,14092000000,140682989
1160,1185,14093000000,140682975
1160,1185,14094000000,140682959
1160,1185,14095000000,140682945
1160,1185,14096000000,140682931
1160,1185,14097000000,140682915
1160,1185,14098000000,140682903
1160,1185,14099000000,140682891
1160,1185,14100000000,140682878
1160,1185,14101000000,140682864
1160,1185,14102000000,140682851
1160,1185,14103000000,140682836
1160,1185,14104000000,140682820
1160,1185,14105000000,140682809
1160,1185,14106000000,140682797
1160,1185,14107000000,140682785
1160,1185,14108000000,140682771
1160,1185,14109000000,140682757
1160,1185,14110000000,140682745
1160,1185,14111000000,140682731
1160,1185,14112000000,140682714
1160,1185,14113000000,140682701
1160,1185,14114000000,140682688
1160,1185,14115000000,140682670
1160,1185,14116000000,140682657
1160,1185,14117000000,140682644
1160,1185,14118000000,140682632
1160,1185,14119000000,140682619
1160,1185,14120000000,140682608
1160,1185,14121000000,140682594
1160,1185,14122000000,140682580
1160,1185,14123000000,140682565
1160,1185,14124000000,140682553
1160,1185,14125000000,140682541
1160,1185,14126000000,140682527
1160,1185,14127000000,140682515
1160,1185,14128000000,140682502
1160,1185,14129000000,140682487
1160,1185,14130000000,140682467
1160,1185,14131000000,140682455
1160,1185,14132000000,140682443
1160,1185,14133000000,140682429
1160,1185,14134000000,140682415
1160,1185,14135000000,140682403
1160,1185,14136000000,140682389
1160,1185,14137000000,140682376
1160,1185,14138000000,140682362
1160,1185,14139000000,140682349
1160,1185,14140000000,140682336
1160,1185,14141000000,140682322
1160,1185,14142000000,140682307
1160,1185,14143000000,140682295
1160,1185,14144000000,140682284
1160,1185,14145000000,140682270
1160,1185,14146000000,140682258
1160,1185,14147000000,140682244
1160,1185,14148000000,140682227
1160,1185,14149000000,140682212
1160,1185,14150000000,140682198
1160,1185,14151000000,140682186
1160,1185,14152000000,140682172
1160,1185,14153000000,140682160
1160,1185,14154000000,140682147
1160,1185,14155000000,140682132
1160,1185,14156000000,140682117
1160,1185,14157000000,140682105
1160,1185,14158000000,140682093
1160,1185,14159000000,140682082
1160,1185,14160000000,140682067
1160,1185,14161000000,140682055
1160,1185,14162000000,140682041
1160,1185,14163000000,140682029
1160,1185,14164000000,140682016
1160,1185,14165000000,140682003
1160,1185,14166000000,140681986
1160,1185,14167000000,140681970
1160,1185,14168000000,140681954
1160,1185,14169000000,140681942
1160,1185,14170000000,140681930
1160,1185,14171000000,140681917
1160,1185,14172000000,140681905
1160,1185,14173000000,140681892
1160,1185,14174000000,140681878
1160,1185,14175000000,140681862
1160,1185,14176000000,140681850
1160,1185,14177000000,140681839
1160,1185,14178000000,140681827
1160,1185,14179000000,140681812
1160,1185,14180000000,140681797
1160,1185,14181000000,140681783
1160,1185,14182000000,140681772
1160,1185,14183000000,140681755
1160,1185,14184000000,140681741
1160,1185,14185000000,140681729
1160,1185,14186000000,140681714
1160,1185,14187000000,140681699
1160,1185,14188000000,140681686
1160,1185,14189000000,140681675
1160,1185,14190000000,140681662
1160,1185,14191000000,140681649
1160,1185,14192000000,140681635
1160,1185,14193000000,140681619
1160,1185,14194000000,140681603
1160,1185,14195000000,140681593
1160,1185,14196000000,140681581
1160,1185,14197000000,140681569
1160,1185,14198000000,140681555
1160,1185,14199000000,140681542
1160,1185,14200000000,140681529
1160,1185,14201000000,140681512
1160,1185,14202000000,140681497
1160,1185,14203000000,140681485
1160,1185,14204000000,140681470
1160,1185,14205000000,140681458
1160,1185,14206000000,140681441
1160,1185,14207000000,140681428
1160,1185,14208000000,140681417
1160,1185,14209000000,140681405
1160,1185,14210000000,140681390
1160,1185,14211000000,140681377
1160,1185,14212000000,140681364
1160,1185,14213000000,140681352
1160,1185,14214000000,140681336
1160,1185,14215000000,140681325
1160,1185,14216000000,140681313
1160,1185,14217000000,140681300
1160,1185,14218000000,140681287
1160,1185,14219000000,140681266
1160,1185,14220000000,140681252
1160,1185,14221000000,140681240
1160,1185,14222000000,140681225
1160,1185,14223000000,140681213
1160,1185,14224000000,140681202
1160,1185,14225000000,140681186
1160,1185,14226000000,140681174
1160,1185,14227000000,140681160
1160,1185,14228000000,140681147
1160,1185,14229000000,140681133
1160,1185,14230000000,140681121
1160,1185,14231000000,140681108
1160,1185,14232000000,140681093
1160,1185,14233000000,140681078
1160,1185,14234000000,140681067
1160,1185,14235000000,140681056
1160,1185,14236000000,140681042
1160,1185,14237000000,140681023
1160,1185,14238000000,140681010
1160,1185,14239000000,140680995
1160,1185,14240000000,140680984
1160,1185,14241000000,140680971
1160,1185,14242000000,140680959
1160,1185,14243000000,140680946
1160,1185,14244000000,140680933
1160,1185,14245000000,140680914
1160,1185,14246000000,140680901
1160,1185,14247000000,140680891
1160,1185,14248000000,140680879
1160,1185,14249000000,140680865
1160,1185,14250000000,140680852
1160,1185,14251000000,140680840
1160,1185,14252000000,140680828
1160,1185,14253000000,140680814
1160,1185,14254000000,140680800
1160,1185,14255000000,140680784
1160,1185,14256000000,140680771
1160,1185,14257000000,140680753
1160,1185,14258000000,140680739
1160,1185,14259000000,140680728
1160,1185,14260000000,140680716
1160,1185,14261000000,140680702
1160,1185,14262000000,140680690
1160,1185,14263000000,140680677
1160,1185,14264000000,140680663
1160,1185,14265000000,140680648
1160,1185,14266000000,140680636
1160,1185,14267000000,140680624
1160,1185,14268000000,140680612
1160,1185,14269000000,140680598
1160,1185,14270000000,140680583
1160,1185,14271000000,140680569
1160,1185,14272000000,140680554
1160,1185,14273000000,140680538
1160,1185,14274000000,140680527
1160,1185,14275000000,140680513
1160,1185,14276000000,140680500
1160,1185,14277000000,140680485
1160,1185,14278000000,140680472
1160,1185,14279000000,140680460
1160,1185,14280000000,140680449
1160,1185,14281000000,140680434
1160,1185,14282000000,140680420
1160,1185,14283000000,140680405
1160,1185,14284000000,140680392
1160,1185,14285000000,140680379
1160,1185,14286000000,140680367
1160,1185,14287000000,140680355
1160,1185,14288000000,140680343
1160,1185,14289000000,140680328
1160,1185,14290000000,140680312
1160,1185,14291000000,140680297
1160,1185,14292000000,140680285
1160,1185,14293000000,140680269
1160,1185,14294000000,140680257
1160,1185,14295000000,140680244
1160,1185,14296000000,140680231
1160,1185,14297000000,140680216
1160,1185,14298000000,140680203
1160,1185,14299000000,140680190
1160,1185,14300000000,140680177
1160,1185,14301000000,140680165
1160,1185,14302000000,140680152
1160,1185,14303000000,140680139
1160,1185,14304000000,140680125
1160,1185,14305000000,140680113
1160,1185,14306000000,140680099
1160,1185,14307000000,140680088
1160,1185,14308000000,140680069
1160,1185,14309000000,140680055
1160,1185,14310000000,140680038
1160,1185,14311000000,140680025
1160,1185,14312000000,140680013
1160,1185,14313000000,140680002
1160,1185,14314000000,140679988
1160,1185,14315000000,140679976
1160,1185,14316000000,140679961
1160,1185,14317000000,140679947
1160,1185,14318000000,140679934
1160,1185,14319000000,140679922
1160,1185,14320000000,140679910
1160,1185,14321000000,140679897
1160,1185,14322000000,140679880
1160,1185,14323000000,140679868
1160,1185,14324000000,140679856
1160,1185,14325000000,140679842
1160,1185,14326000000,140679826
1160,1185,14327000000,140679812
1160,1185,14328000000,140679798
1160,1185,14329000000,140679785
1160,1185,14330000000,140679772
1160,1185,14331000000,140679758
1160,1185,14332000000,140679747
1160,1185,14333000000,140679734
1160,1185,14334000000,140679721
1160,1185,14335000000,140679702
1160,1185,14336000000,140679690
1160,1185,14337000000,140679678
1160,1185,14338000000,140679667
1160,1185,14339000000,140679654
1160,1185,14340000000,140679641
1160,1185,14341000000,140679628
1160,1185,14342000000,140679615
1160,1185,14343000000,140679597
1160,1185,14344000000,140679584
1160,1185,14345000000,140679572
1160,1185,14346000000,140679557
1160,1185,14347000000,140679541
1160,1185,14348000000,140679526
1160,1185,14349000000,140679516
1160,1185,14350000000,140679504
1160,1185,14351000000,140679491
1160,1185,14352000000,140679478
1160,1185,14353000000,140679464
1160,1185,14354000000,140679451
1160,1185,14355000000,140679440
1160,1185,14356000000,140679425
1160,1185,14357000000,140679413
1160,1185,14358000000,140679401
1160,1185,14359000000,140679388
1160,1185,14360000000,140679372
1160,1185,14361000000,140679355
1160,1185,14362000000,140679341
1160,1185,14363000000,140679329
1160,1185,14364000000,140679313
1160,1185,14365000000,140679302
1160,1185,14366000000,140679289
1160,1185,14367000000,140679277
1160,1185,14368000000,140679262
1160,1185,14369000000,140679249
1160,1185,14370000000,140679237
1160,1185,14371000000,140679224
1160,1185,14372000000,140679211
1160,1185,14373000000,140679195
1160,1185,14374000000,140679181
1160,1185,14375000000,140679170
1160,1185,14376000000,140679158
1160,1185,14377000000,140679144
1160,1185,14378000000,140679133
1160,1185,14379000000,140679116
1160,1185,14380000000,140679102
1160,1185,14381000000,140679088
1160,1185,14382000000,140679074
1160,1185,14383000000,140679062
1160,1185,14384000000,140679051
1160,1185,14385000000,140679038
1160,1185,14386000000,140679021
1160,1185,14387000000,140679007
1160,1185,14388000000,140678995
1160,1185,14389000000,140678983
1160,1185,14390000000,140678969
1160,1185,14391000000,140678957
1160,1185,14392000000,140678945
1160,1185,14393000000,140678931
1160,1185,14394000000,140678917
1160,1185,14395000000,140678905
1160,1185,14396000000,140678893
1160,1185,14397000000,140678875
1160,1185,14398000000,140678863
1160,1185,14399000000,140678844
1160,1185,14400000000,140678832
1160,1185,14401000000,140678821
1160,1185,14402000000,140678809
1160,1185,14403000000,140678795
1160,1185,14404000000,140678782
1160,1185,14405000000,140678768
1160,1185,14406000000,140678756
1160,1185,14407000000,140678742
1160,1185,14408000000,140678729
1160,1185,14409000000,140678717
1160,1185,14410000000,140678704
1160,1185,14411000000,140678692
1160,1185,14412000000,140678675
1160,1185,14413000000,140678663
1160,1185,14414000000,140678648
1160,1185,14415000000,140678633
1160,1185,14416000000,140678621
1160,1185,14417000000,140678606
1160,1185,14418000000,140678593
1160,1185,14419000000,140678580
1160,1185,14420000000,140678567
1160,1185,14421000000,140678554
1160,1185,14422000000,140678543
1160,1185,14423000000,140678529
1160,1185,14424000000,140678514
1160,1185,14425000000,140678497
1160,1185,14426000000,140678486
1160,1185,14427000000,140678474
1160,1185,14428000000,140678463
1160,1185,14429000000,140678449
1160,1185,14430000000,140678437
1160,1185,14431000000,140678424
1160,1185,14432000000,140678406
1160,1185,14433000000,140678393
1160,1185,14434000000,140678379
1160,1185,14435000000,140678366
1160,1185,14436000000,140678352
1160,1185,14437000000,140678337
1160,1185,14438000000,140678324
1160,1185,14439000000,140678312
1160,1185,14440000000,140678300
1160,1185,14441000000,140678288
1160,1185,14442000000,140678274
1160,1185,14443000000,140678260
1160,1185,14444000000,140678247
1160,1185,14445000000,140678235
1160,1185,14446000000,140678223
1160,1185,14447000000,140678210
1160,1185,14448000000,140678197
1160,1185,14449000000,140678183
1160,1185,14450000000,140678166
1160,1185,14451000000,140678152
1160,1185,14452000000,140678137
1160,1185,14453000000,140678124
1160,1185,14454000000,140678112
1160,1185,14455000000,140678101
1160,1185,14456000000,140678088
1160,1185,14457000000,140678073
1160,1185,14458000000,140678059
1160,1185,14459000000,140678047
1160,1185,14460000000,140678036
1160,1185,14461000000,140678021
1160,1185,14462000000,140678007
1160,1185,14463000000,140677993
1160,1185,14464000000,140677980
1160,1185,14465000000,140677969
1160,1185,14466000000,140677956
1160,1185,14467000000,140677943
1160,1185,14468000000,140677925
1160,1185,14469000000,140677913
1160,1185,14470000000,140677896
1160,1185,14471000000,140677884
1160,1185,14472000000,140677872
1160,1185,14473000000,140677860
1160,1185,14474000000,140677847
1160,1185,14475000000,140677832
1160,1185,14476000000,140677817
1160,1185,14477000000,140677804
1160,1185,14478000000,140677792
1160,1185,14479000000,140677780
1160,1185,14480000000,140677766
1160,1185,14481000000,140677755
1160,1185,14482000000,140677742
1160,1185,14483000000,140677729
1160,1185,14484000000,140677715
1160,1185,14485000000,140677700
1160,1185,14486000000,140677686
1160,1185,14487000000,140677672
1160,1185,14488000000,140677656
1160,1185,14489000000,140677641
1160,1185,14490000000,140677629
1160,1185,14491000000,140677617
1160,1185,14492000000,140677606
1160,1185,14493000000,140677592
1160,1185,14494000000,140677579
1160,1185,14495000000,140677564
1160,1185,14496000000,140677552
1160,1185,14497000000,140677539
1160,1185,14498000000,140677527
1160,1185,14499000000,140677515
1160,1185,14500000000,140677501
1160,1185,14501000000,140677486
1160,1185,14502000000,140677474
1160,1185,14503000000,140677456
1160,1185,14504000000,140677443
1160,1185,14505000000,140677430
1160,1185,14506000000,140677416
1160,1185,14507000000,140677404
1160,1185,14508000000,140677390
1160,1185,14509000000,140677377
1160,1185,14510000000,140677365
1160,1185,14511000000,140677351
1160,1185,14512000000,140677340
1160,1185,14513000000,140677324
1160,1185,14514000000,140677310
1160,1185,14515000000,140677297
1160,1185,14516000000,140677285
1160,1185,14517000000,140677273
1160,1185,14518000000,140677261
1160,1185,14519000000,140677248
1160,1185,14520000000,140677235
1160,1185,14521000000,140677216
1160,1185,14522000000,140677203
1160,1185,14523000000,140677190
1160,1185,14524000000,140677177
1160,1185,14525000000,140677163
1160,1185,14526000000,140677149
1160,1185,14527000000,140677134
1160,1185,14528000000,140677123
1160,1185,14529000000,140677110
1160,1185,14530000000,140677097
1160,1185,14531000000,140677083
1160,1185,14532000000,140677071
1160,1185,14533000000,140677058
1160,1185,14534000000,140677046
1160,1185,14535000000,140677033
1160,1185,14536000000,140677020
1160,1185,14537000000,140677008
1160,1185,14538000000,140676992
1160,1185,14539000000,140676976
1160,1185,14540000000,140676961
1160,1185,14541000000,140676946
1160,1185,14542000000,140676934
1160,1185,14543000000,140676923
1160,1185,14544000000,140676911
1160,1185,14545000000,140676897
1160,1185,14546000000,140676883
1160,1185,14547000000,140676870
1160,1185,14548000000,140676857
1160,1185,14549000000,140676845
1160,1185,14550000000,140676833
1160,1185,14551000000,140676819
1160,1185,14552000000,140676804
1160,1185,14553000000,140676793
1160,1185,14554000000,140676780
1160,1185,14555000000,140676767
1160,1185,14556000000,140676751
1160,1185,14557000000,140676736
1160,1185,14558000000,140676725
1160,1185,14559000000,140676709
1160,1185,14560000000,140676695
1160,1185,14561000000,140676683
1160,1185,14562000000,140676672
1160,1185,14563000000,140676661
1160,1185,14564000000,140676644
1160,1185,14565000000,140676629
1160,1185,14566000000,140676615
1160,1185,14567000000,140676605
1160,1185,14568000000,140676593
1160,1185,14569000000,140676579
1160,1185,14570000000,140676566
1160,1185,14571000000,140676555
1160,1185,14572000000,140676542
1160,1185,14573000000,140676528
1160,1185,14574000000,140676511
1160,1185,14575000000,140676497
1160,1185,14576000000,140676483
1160,1185,14577000000,140676469
1160,1185,14578000000,140676455
1160,1185,14579000000,140676442
1160,1185,14580000000,140676430
1160,1185,14581000000,140676418
1160,1185,14582000000,140676405
1160,1185,14583000000,140676393
1160,1185,14584000000,140676376
1160,1185,14585000000,140676365
1160,1185,14586000000,140676352
1160,1185,14587000000,140676342
1160,1185,14588000000,140676329
1160,1185,14589000000,140676315
1160,1185,14590000000,140676301
1160,1185,14591000000,140676285
1160,1185,14592000000,140676270
1160,1185,14593000000,140676258
1160,1185,14594000000,140676243
1160,1185,14595000000,140676230
1160,1185,14596000000,140676219
1160,1185,14597000000,140676206
1160,1185,14598000000,140676194
1160,1185,14599000000,140676180
1160,1185,14600000000,140676167
1160,1185,14601000000,140676154
1160,1185,14602000000,140676141
1160,1185,14603000000,140676126
1160,1185,14604000000,140676112
1160,1185,14605000000,140676100
1160,1185,14606000000,140676089
1160,1185,14607000000,140676077
1160,1185,14608000000,140676064
1160,1185,14609000000,140676047
1160,1185,14610000000,140676031
1160,1185,14611000000,140676019
1160,1185,14612000000,140676007
1160,1185,14613000000,140675994
1160,1185,14614000000,140675980
1160,1185,14615000000,140675966
1160,1185,14616000000,140675954
1160,1185,14617000000,140675940
1160,1185,14618000000,140675928
1160,1185,14619000000,140675913
1160,1185,14620000000,140675901
1160,1185,14621000000,140675890
1160,1185,14622000000,140675876
1160,1185,14623000000,140675863
1160,1185,14624000000,140675851
1160,1185,14625000000,140675839
1160,1185,14626000000,140675826
1160,1185,14627000000,140675808
1160,1185,14628000000,140675794
1160,1185,14629000000,140675778
1160,1185,14630000000,140675765
1160,1185,14631000000,140675753
1160,1185,14632000000,140675742
1160,1185,14633000000,140675730
1160,1185,14634000000,140675717
1160,1185,14635000000,140675702
1160,1185,14636000000,140675690
1160,1185,14637000000,140675678
1160,1185,14638000000,140675666
1160,1185,14639000000,140675654
1160,1185,14640000000,140675638
1160,1185,14641000000,140675626
1160,1185,14642000000,140675613
1160,1185,14643000000,140675601
1160,1185,14644000000,140675587
1160,1185,14645000000,140675569
1160,1185,14646000000,140675558
1160,1185,14647000000,140675544
1160,1185,14648000000,140675531
1160,1185,14649000000,140675519
1160,1185,14650000000,140675506
1160,1185,14651000000,140675494
1160,1185,14652000000,140675481
1160,1185,14653000000,140675467
1160,1185,14654000000,140675453
1160,1185,14655000000,140675440
1160,1185,14656000000,140675427
1160,1185,14657000000,140675415
1160,1185,14658000000,140675403
1160,1185,14659000000,140675392
1160,1185,14660000000,140675378
1160,1185,14661000000,140675364
1160,1185,14662000000,140675347
1160,1185,14663000000,140675335
1160,1185,14664000000,140675322
1160,1185,14665000000,140675306
1160,1185,14666000000,140675291
1160,1185,14667000000,140675279
1160,1185,14668000000,140675267
1160,1185,14669000000,140675255
1160,1185,14670000000,140675241
1160,1185,14671000000,140675228
1160,1185,14672000000,140675216
1160,1185,14673000000,140675202
1160,1185,14674000000,140675190
1160,1185,14675000000,140675177
1160,1185,14676000000,140675166
1160,1185,14677000000,140675152
1160,1185,14678000000,140675138
1160,1185,14679000000,140675124
1160,1185,14680000000,140675107
1160,1185,14681000000,140675094
1160,1185,14682000000,140675081
1160,1185,14683000000,140675067
1160,1185,14684000000,140675056
1160,1185,14685000000,140675043
1160,1185,14686000000,140675030
1160,1185,14687000000,140675017
1160,1185,14688000000,140675004
1160,1185,14689000000,140674992
1160,1185,14690000000,140674979
1160,1185,14691000000,140674963
1160,1185,14692000000,140674951
1160,1185,14693000000,140674937
1160,1185,14694000000,140674925
1160,1185,14695000000,140674914
1160,1185,14696000000,140674902
1160,1185,14697000000,140674887
1160,1185,14698000000,140674869
1160,1185,14699000000,140674857
1160,1185,14700000000,140674842
1160,1185,14701000000,140674831
1160,1185,14702000000,140674818
1160,1185,14703000000,140674803
1160,1185,14704000000,140674790
1160,1185,14705000000,140674777
1160,1185,14706000000,140674764
1160,1185,14707000000,140674750
1160,1185,14708000000,140674738
1160,1185,14709000000,140674726
1160,1185,14710000000,140674714
1160,1185,14711000000,140674700
1160,1185,14712000000,140674688
1160,1185,14713000000,140674676
1160,1185,14714000000,140674663
1160,1185,14715000000,140674646
1160,1185,14716000000,140674629
1160,1185,14717000000,140674618
1160,1185,14718000000,140674602
1160,1185,14719000000,140674590
1160,1185,14720000000,140674577
1160,1185,14721000000,140674565
1160,1185,14722000000,140674554
1160,1185,14723000000,140674540
1160,1185,14724000000,140674526
1160,1185,14725000000,140674513
1160,1185,14726000000,140674501
1160,1185,14727000000,140674489
1160,1185,14728000000,140674476
1160,1185,14729000000,140674461
1160,1185,14730000000,140674449
1160,1185,14731000000,140674435
1160,1185,14732000000,140674422
1160,1185,14733000000,140674407
1160,1185,14734000000,140674393
1160,1185,14735000000,140674380
1160,1185,14736000000,140674365
1160,1185,14737000000,140674353
1160,1185,14738000000,140674340
1160,1185,14739000000,140674329
1160,1185,14740000000,140674316
1160,1185,14741000000,140674300
1160,1185,14742000000,140674287
1160,1185,14743000000,140674272
1160,1185,14744000000,140674261
1160,1185,14745000000,140674249
1160,1185,14746000000,140674236
1160,1185,14747000000,140674223
1160,1185,14748000000,140674212
1160,1185,14749000000,140674198
1160,1185,14750000000,140674184
1160,1185,14751000000,140674167
1160,1185,14752000000,140674155
1160,1185,14753000000,140674140
1160,1185,14754000000,140674126
1160,1185,14755000000,140674114
1160,1185,14756000000,140674100
1160,1185,14757000000,140674088
1160,1185,14758000000,140674075
1160,1185,14759000000,140674062
1160,1185,14760000000,140674049
1160,1185,14761000000,140674037
1160,1185,14762000000,140674024
1160,1185,14763000000,140674012
1160,1185,14764000000,140673998
1160,1185,14765000000,140673987
1160,1185,14766000000,140673974
1160,1185,14767000000,140673959
1160,1185,14768000000,140673942
1160,1185,14769000000,140673927
1160,1185,14770000000,140673915
1160,1185,14771000000,140673901
1160,1185,14772000000,140673889
1160,1185,14773000000,140673877
1160,1185,14774000000,140673864
1160,1185,14775000000,140673852
1160,1185,14776000000,140673837
1160,1185,14777000000,140673825
1160,1185,14778000000,140673813
1160,1185,14779000000,140673798
1160,1185,14780000000,140673785
1160,1185,14781000000,140673770
1160,1185,14782000000,140673759
1160,1185,14783000000,140673748
1160,1185,14784000000,140673735
1160,1185,14785000000,140673720
1160,1185,14786000000,140673705
1160,1185,14787000000,140673691
1160,1185,14788000000,140673678
1160,1185,14789000000,140673665
1160,1185,14790000000,140673653
1160,1185,14791000000,140673640
1160,1185,14792000000,140673625
1160,1185,14793000000,140673613
1160,1185,14794000000,140673598
1160,1185,14795000000,140673586
1160,1185,14796000000,140673573
1160,1185,14797000000,140673561
1160,1185,14798000000,140673549
1160,1185,14799000000,140673535
1160,1185,14800000000,140673523
1160,1185,14801000000,140673512
1160,1185,14802000000,140673499
1160,1185,14803000000,140673482
1160,1185,14804000000,140673465
1160,1185,14805000000,140673452
1160,1185,14806000000,140673437
1160,1185,14807000000,140673425
1160,1185,14808000000,140673414
1160,1185,14809000000,140673401
1160,1185,14810000000,140673389
1160,1185,14811000000,140673374
1160,1185,14812000000,140673362
1160,1185,14813000000,140673350
1160,1185,14814000000,140673337
1160,1185,14815000000,140673324
1160,1185,14816000000,140673311
1160,1185,14817000000,140673297
1160,1185,14818000000,140673285
1160,1185,14819000000,140673271
1160,1185,14820000000,140673258
1160,1185,14821000000,140673244
1160,1185,14822000000,140673229
1160,1185,14823000000,140673215
1160,1185,14824000000,140673201
1160,1185,14825000000,140673190
1160,1185,14826000000,140673178
1160,1185,14827000000,140673164
1160,1185,14828000000,140673153
1160,1185,14829000000,140673138
1160,1185,14830000000,140673124
1160,1185,14831000000,140673110
1160,1185,14832000000,140673098
1160,1185,14833000000,140673086
1160,1185,14834000000,140673072
1160,1185,14835000000,140673060
1160,1185,14836000000,140673050
1160,1185,14837000000,140673037
1160,1185,14838000000,140673021
1160,1185,14839000000,140673005
1160,1185,14840000000,140672992
1160,1185,14841000000,140672978
1160,1185,14842000000,140672964
1160,1185,14843000000,140672952
1160,1185,14844000000,140672938
1160,1185,14845000000,140672926
1160,1185,14846000000,140672915
1160,1185,14847000000,140672902
1160,1185,14848000000,140672890
1160,1185,14849000000,140672877
1160,1185,14850000000,140672865
1160,1185,14851000000,140672852
1160,1185,14852000000,140672840
1160,1185,14853000000,140672827
1160,1185,14854000000,140672815
1160,1185,14855000000,140672800
1160,1185,14856000000,140672785
1160,1185,14857000000,140672768
1160,1185,14858000000,140672756
1160,1185,14859000000,140672742
1160,1185,14860000000,140672730
1160,1185,14861000000,140672718
1160,1185,14862000000,140672706
1160,1185,14863000000,140672693
1160,1185,14864000000,140672680
1160,1185,14865000000,140672666
1160,1185,14866000000,140672654
1160,1185,14867000000,140672640
1160,1185,14868000000,140672628
1160,1185,14869000000,140672613
1160,1185,14870000000,140672603
1160,1185,14871000000,140672590
1160,1185,14872000000,140672577
1160,1185,14873000000,140672563
1160,1185,14874000000,140672549
1160,1185,14875000000,140672534
1160,1185,14876000000,140672521
1160,1185,14877000000,140672507
1160,1185,14878000000,140672495
1160,1185,14879000000,140672483
1160,1185,14880000000,140672468
1160,1185,14881000000,140672456
1160,1185,14882000000,140672441
1160,1185,14883000000,140672430
1160,1185,14884000000,140672415
1160,1185,14885000000,140672403
1160,1185,14886000000,140672392
1160,1185,14887000000,140672380
1160,1185,14888000000,140672366
1160,1185,14889000000,140672355
1160,1185,14890000000,140672341
1160,1185,14891000000,140672326
1160,1185,14892000000,140672308
1160,1185,14893000000,140672296
1160,1185,14894000000,140672280
1160,1185,14895000000,140672269
1160,1185,14896000000,140672256
1160,1185,14897000000,140672244
1160,1185,14898000000,140672232
1160,1185,14899000000,140672219
1160,1185,14900000000,140672206
1160,1185,14901000000,140672193
1160,1185,14902000000,140672180
1160,1185,14903000000,140672168
1160,1185,14904000000,140672156
1160,1185,14905000000,140672141
1160,1185,14906000000,140672129
1160,1185,14907000000,140672115
1160,1185,14908000000,140672103
1160,1185,14909000000,140672086
1160,1185,14910000000,140672072
1160,1185,14911000000,140672060
1160,1185,14912000000,140672047
1160,1185,14913000000,140672033
1160,1185,14914000000,140672021
1160,1185,14915000000,140672010
1160,1185,14916000000,140671996
1160,1185,14917000000,140671981
1160,1185,14918000000,140671968
1160,1185,14919000000,140671956
1160,1185,14920000000,140671942
1160,1185,14921000000,140671930
1160,1185,14922000000,140671916
1160,1185,14923000000,140671906
1160,1185,14924000000,140671893
1160,1185,14925000000,140671881
1160,1185,14926000000,140671866
1160,1185,14927000000,140671850
1160,1185,14928000000,140671837
1160,1185,14929000000,140671822
1160,1185,14930000000,140671809
1160,1185,14931000000,140671797
1160,1185,14932000000,140671783
1160,1185,14933000000,140671770
1160,1185,14934000000,140671758
1160,1185,14935000000,140671745
1160,1185,14936000000,140671732
1160,1185,14937000000,140671720
1160,1185,14938000000,140671708
1160,1185,14939000000,140671695
1160,1185,14940000000,140671682
1160,1185,14941000000,140671670
1160,1185,14942000000,140671656
1160,1185,14943000000,140671642
1160,1185,14944000000,140671627
1160,1185,14945000000,140671612
1160,1185,14946000000,140671599
1160,1185,14947000000,140671585
1160,1185,14948000000,140671574
1160,1185,14949000000,140671560
1160,1185,14950000000,140671549
1160,1185,14951000000,140671536
1160,1185,14952000000,140671524
1160,1185,14953000000,140671511
1160,1185,14954000000,140671498
1160,1185,14955000000,140671484
1160,1185,14956000000,140671471
1160,1185,14957000000,140671457
1160,1185,14958000000,140671446
1160,1185,14959000000,140671434
1160,1185,14960000000,140671421
1160,1185,14961000000,140671406
1160,1185,14962000000,140671391
1160,1185,14963000000,140671377
1160,1185,14964000000,140671365
1160,1185,14965000000,140671352
1160,1185,14966000000,140671339
1160,1185,14967000000,140671325
1160,1185,14968000000,140671312
1160,1185,14969000000,140671299
1160,1185,14970000000,140671286
1160,1185,14971000000,140671274
1160,1185,14972000000,140671260
1160,1185,14973000000,140671249
1160,1185,14974000000,140671236
1160,1185,14975000000,140671224
1160,1185,14976000000,140671210
1160,1185,14977000000,140671200
1160,1185,14978000000,140671186
1160,1185,14979000000,140671171
1160,1185,14980000000,140671152
1160,1185,14981000000,140671142
1160,1185,14982000000,140671128
1160,1185,14983000000,140671115
1160,1185,14984000000,140671103
1160,1185,14985000000,140671092
1160,1185,14986000000,140671080
1160,1185,14987000000,140671065
1160,1185,14988000000,140671053
1160,1185,14989000000,140671041
1160,1185,14990000000,140671027
1160,1185,14991000000,140671015
1160,1185,14992000000,140671002
1160,1185,14993000000,140670989
1160,1185,14994000000,140670976
1160,1185,14995000000,140670963
1160,1185,14996000000,140670950
1160,1185,14997000000,140670934
1160,1185,14998000000,140670920
1160,1185,14999000000,140670907
1160,1185,15000000000,140670895
1160,1185,15001000000,140670881
1160,1185,15002000000,140670870
1160,1185,15003000000,140670857
1160,1185,15004000000,140670844
1160,1185,15005000000,140670829
1160,1185,15006000000,140670817
1160,1185,15007000000,140670803
1160,1185,15008000000,140670790
1160,1185,15009000000,140670778
1160,1185,15010000000,140670766
1160,1185,15011000000,140670754
1160,1185,15012000000,140670742
1160,1185,15013000000,140670729
1160,1185,15014000000,140670714
1160,1185,15015000000,140670698
1160,1185,15016000000,140670685
1160,1185,15017000000,140670670
1160,1185,15018000000,140670657
1160,1185,15019000000,140670647
1160,1185,15020000000,140670633
1160,1185,15021000000,140670621
1160,1185,15022000000,140670606
1160,1185,15023000000,140670596
1160,1185,15024000000,140670582
1160,1185,15025000000,140670569
1160,1185,15026000000,140670558
1160,1185,15027000000,140670546
1160,1185,15028000000,140670533
1160,1185,15029000000,140670519
1160,1185,15030000000,140670506
1160,1185,15031000000,140670492
1160,1185,15032000000,140670476
1160,1185,15033000000,140670461
1160,1185,15034000000,140670449
1160,1185,15035000000,140670437
1160,1185,15036000000,140670425
1160,1185,15037000000,140670413
1160,1185,15038000000,140670400
1160,1185,15039000000,140670388
1160,1185,15040000000,140670374
1160,1185,15041000000,140670362
1160,1185,15042000000,140670347
1160,1185,15043000000,140670334
1160,1185,15044000000,140670322
1160,1185,15045000000,140670309
1160,1185,15046000000,140670298
1160,1185,15047000000,140670285
1160,1185,15048000000,140670273
1160,1185,15049000000,140670258
1160,1185,15050000000,140670243
1160,1185,15051000000,140670229
1160,1185,15052000000,140670217
1160,1185,15053000000,140670204
1160,1185,15054000000,140670192
1160,1185,15055000000,140670176
1160,1185,15056000000,140670165
1160,1185,15057000000,140670150
1160,1185,15058000000,140670139
1160,1185,15059000000,140670124
1160,1185,15060000000,140670113
1160,1185,15061000000,140670102
1160,1185,15062000000,140670089
1160,1185,15063000000,140670076
1160,1185,15064000000,140670065
1160,1185,15065000000,140670052
1160,1185,15066000000,140670037
1160,1185,15067000000,140670021
1160,1185,15068000000,140670006
1160,1185,15069000000,140669994
1160,1185,15070000000,140669978
1160,1185,15071000000,140669967
1160,1185,15072000000,140669955
1160,1185,15073000000,140669943
1160,1185,15074000000,140669930
1160,1185,15075000000,140669918
1160,1185,15076000000,140669905
1160,1185,15077000000,140669892
1160,1185,15078000000,140669879
1160,1185,15079000000,140669866
1160,1185,15080000000,140669853
1160,1185,15081000000,140669841
1160,1185,15082000000,140669828
1160,1185,15083000000,140669816
1160,1185,15084000000,140669800
1160,1185,15085000000,140669787
1160,1185,15086000000,140669772
1160,1185,15087000000,140669759
1160,1185,15088000000,140669747
1160,1185,15089000000,140669735
1160,1185,15090000000,140669722
1160,1185,15091000000,140669709
1160,1185,15092000000,140669696
1160,1185,15093000000,140669682
1160,1185,15094000000,140669670
1160,1185,15095000000,140669656
1160,1185,15096000000,140669644
1160,1185,15097000000,140669631
1160,1185,15098000000,140669620
1160,1185,15099000000,140669607
1160,1185,15100000000,140669597
1160,1185,15101000000,140669581
1160,1185,15102000000,140669569
1160,1185,15103000000,140669552
1160,1185,15104000000,140669538
1160,1185,15105000000,140669524
1160,1185,15106000000,140669512
1160,1185,15107000000,140669499
1160,1185,15108000000,140669487
1160,1185,15109000000,140669474
1160,1185,15110000000,140669462
1160,1185,15111000000,140669449
1160,1185,15112000000,140669437
1160,1185,15113000000,140669423
1160,1185,15114000000,140669412
1160,1185,15115000000,140669400
1160,1185,15116000000,140669387
1160,1185,15117000000,140669372
1160,1185,15118000000,140669360
1160,1185,15119000000,140669346
1160,1185,15120000000,140669330
1160,1185,15121000000,140669315
1160,1185,15122000000,140669303
1160,1185,15123000000,140669291
1160,1185,15124000000,140669278
1160,1185,15125000000,140669267
1160,1185,15126000000,140669254
1160,1185,15127000000,140669241
1160,1185,15128000000,140669228
1160,1185,15129000000,140669214
1160,1185,15130000000,140669200
1160,1185,15131000000,140669188
1160,1185,15132000000,140669176
1160,1185,15133000000,140669163
1160,1185,15134000000,140669150
1160,1185,15135000000,140669140
1160,1185,15136000000,140669125
1160,1185,15137000000,140669111
1160,1185,15138000000,140669095
1160,1185,15139000000,140669084
1160,1185,15140000000,140669070
1160,1185,15141000000,140669056
1160,1185,15142000000,140669044
1160,1185,15143000000,140669031
1160,1185,15144000000,140669019
1160,1185,15145000000,140669004
1160,1185,15146000000,140668992
1160,1185,15147000000,140668979
1160,1185,15148000000,140668968
1160,1185,15149000000,140668956
1160,1185,15150000000,140668943
1160,1185,15151000000,140668930
1160,1185,15152000000,140668919
1160,1185,15153000000,140668906
1160,1185,15154000000,140668888
1160,1185,15155000000,140668874
1160,1185,15156000000,140668861
1160,1185,15157000000,140668846
1160,1185,15158000000,140668833
1160,1185,15159000000,140668821
1160,1185,15160000000,140668810
1160,1185,15161000000,140668797
1160,1185,15162000000,140668784
1160,1185,15163000000,140668772
1160,1185,15164000000,140668760
1160,1185,15165000000,140668746
1160,1185,15166000000,140668733
1160,1185,15167000000,140668719
1160,1185,15168000000,140668708
1160,1185,15169000000,140668695
1160,1185,15170000000,140668683
1160,1185,15171000000,140668668
1160,1185,15172000000,140668655
1160,1185,15173000000,140668638
1160,1185,15174000000,140668627
1160,1185,15175000000,140668613
1160,1185,15176000000,140668601
1160,1185,15177000000,140668590
1160,1185,15178000000,140668577
1160,1185,15179000000,140668562
1160,1185,15180000000,140668548
1160,1185,15181000000,140668538
1160,1185,15182000000,140668523
1160,1185,15183000000,140668510
1160,1185,15184000000,140668499
1160,1185,15185000000,140668487
1160,1185,15186000000,140668474
1160,1185,15187000000,140668462
1160,1185,15188000000,140668450
1160,1185,15189000000,140668435
1160,1185,15190000000,140668419
1160,1185,15191000000,140668405
1160,1185,15192000000,140668390
1160,1185,15193000000,140668378
1160,1185,15194000000,140668365
1160,1185,15195000000,140668353
1160,1185,15196000000,140668340
1160,1185,15197000000,140668328
1160,1185,15198000000,140668316
1160,1185,15199000000,140668304
1160,1185,15200000000,140668291
1160,1185,15201000000,140668280
1160,1185,15202000000,140668266
1160,1185,15203000000,140668252
1160,1185,15204000000,140668240
1160,1185,15205000000,140668228
1160,1185,15206000000,140668213
1160,1185,15207000000,140668199
1160,1185,15208000000,140668183
1160,1185,15209000000,140668171
1160,1185,15210000000,140668158
1160,1185,15211000000,140668145
1160,1185,15212000000,140668134
1160,1185,15213000000,140668122
1160,1185,15214000000,140668109
1160,1185,15215000000,140668095
1160,1185,15216000000,140668081
1160,1185,15217000000,140668068
1160,1185,15218000000,140668056
1160,1185,15219000000,140668042
1160,1185,15220000000,140668030
1160,1185,15221000000,140668018
1160,1185,15222000000,140668007
1160,1185,15223000000,140667994
1160,1185,15224000000,140667979
1160,1185,15225000000,140667965
1160,1185,15226000000,140667952
1160,1185,15227000000,140667937
1160,1185,15228000000,140667923
1160,1185,15229000000,140667912
1160,1185,15230000000,140667899
1160,1185,15231000000,140667887
1160,1185,15232000000,140667874
1160,1185,15233000000,140667860
1160,1185,15234000000,140667849
1160,1185,15235000000,140667836
1160,1185,15236000000,140667825
1160,1185,15237000000,140667813
1160,1185,15238000000,140667799
1160,1185,15239000000,140667789
1160,1185,15240000000,140667775
1160,1185,15241000000,140667759
1160,1185,15242000000,140667746
1160,1185,15243000000,140667730
1160,1185,15244000000,140667716
1160,1185,15245000000,140667704
1160,1185,15246000000,140667693
1160,1185,15247000000,140667680
1160,1185,15248000000,140667668
1160,1185,15249000000,140667657
1160,1185,15250000000,140667643
1160,1185,15251000000,140667631
1160,1185,15252000000,140667617
1160,1185,15253000000,140667603
1160,1185,15254000000,140667591
1160,1185,15255000000,140667580
1160,1185,15256000000,140667568
1160,1185,15257000000,140667553
1160,1185,15258000000,140667542
1160,1185,15259000000,140667528
1160,1185,15260000000,140667513
1160,1185,15261000000,140667499
1160,1185,15262000000,140667486
1160,1185,15263000000,140667474
1160,1185,15264000000,140667462
1160,1185,15265000000,140667448
1160,1185,15266000000,140667435
1160,1185,15267000000,140667422
1160,1185,15268000000,140667410
1160,1185,15269000000,140667397
1160,1185,15270000000,140667383
1160,1185,15271000000,140667371
1160,1185,15272000000,140667359
1160,1185,15273000000,140667348
1160,1185,15274000000,140667336
1160,1185,15275000000,140667324
1160,1185,15276000000,140667310
1160,1185,15277000000,140667295
1160,1185,15278000000,140667277
1160,1185,15279000000,140667265
1160,1185,15280000000,140667252
1160,1185,15281000000,140667238
1160,1185,15282000000,140667226
1160,1185,15283000000,140667216
1160,1185,15284000000,140667204
1160,1185,15285000000,140667191
1160,1185,15286000000,140667179
1160,1185,15287000000,140667165
1160,1185,15288000000,140667153
1160,1185,15289000000,140667141
1160,1185,15290000000,140667126
1160,1185,15291000000,140667114
1160,1185,15292000000,140667103
1160,1185,15293000000,140667090
1160,1185,15294000000,140667073
1160,1185,15295000000,140667061
1160,1185,15296000000,140667046
1160,1185,15297000000,140667032
1160,1185,15298000000,140667021
1160,1185,15299000000,140667010
1160,1185,15300000000,140666996
1160,1185,15301000000,140666984
1160,1185,15302000000,140666970
1160,1185,15303000000,140666957
1160,1185,15304000000,140666945
1160,1185,15305000000,140666933
1160,1185,15306000000,140666919
1160,1185,15307000000,140666906
1160,1185,15308000000,140666895
1160,1185,15309000000,140666882
1160,1185,15310000000,140666871
1160,1185,15311000000,140666855
1160,1185,15312000000,140666843
1160,1185,15313000000,140666828
1160,1185,15314000000,140666814
1160,1185,15315000000,140666801
1160,1185,15316000000,140666789
1160,1185,15317000000,140666776
1160,1185,15318000000,140666763
1160,1185,15319000000,140666749
1160,1185,15320000000,140666738
1160,1185,15321000000,140666726
1160,1185,15322000000,140666712
1160,1185,15323000000,140666701
1160,1185,15324000000,140666689
1160,1185,15325000000,140666678
1160,1185,15326000000,140666665
1160,1185,15327000000,140666651
1160,1185,15328000000,140666638
1160,1185,15329000000,140666624
1160,1185,15330000000,140666610
1160,1185,15331000000,140666594
1160,1185,15332000000,140666581
1160,1185,15333000000,140666569
1160,1185,15334000000,140666557
1160,1185,15335000000,140666547
1160,1185,15336000000,140666535
1160,1185,15337000000,140666522
1160,1185,15338000000,140666509
1160,1185,15339000000,140666495
1160,1185,15340000000,140666481
1160,1185,15341000000,140666470
1160,1185,15342000000,140666457
1160,1185,15343000000,140666443
1160,1185,15344000000,140666432
1160,1185,15345000000,140666420
1160,1185,15346000000,140666404
1160,1185,15347000000,140666394
1160,1185,15348000000,140666378
1160,1185,15349000000,140666364
1160,1185,15350000000,140666353
1160,1185,15351000000,140666339
1160,1185,15352000000,140666325
1160,1185,15353000000,140666312
1160,1185,15354000000,140666300
1160,1185,15355000000,140666287
1160,1185,15356000000,140666274
1160,1185,15357000000,140666262
1160,1185,15358000000,140666250
1160,1185,15359000000,140666238
1160,1185,15360000000,140666226
1160,1185,15361000000,140666213
1160,1185,15362000000,140666202
1160,1185,15363000000,140666189
1160,1185,15364000000,140666171
1160,1185,15365000000,140666157
1160,1185,15366000000,140666144
1160,1185,15367000000,140666131
1160,1185,15368000000,140666117
1160,1185,15369000000,140666106
1160,1185,15370000000,140666095
1160,1185,15371000000,140666082
1160,1185,15372000000,140666069
1160,1185,15373000000,140666058
1160,1185,15374000000,140666046
1160,1185,15375000000,140666031
1160,1185,15376000000,140666018
1160,1185,15377000000,140666006
1160,1185,15378000000,140665993
1160,1185,15379000000,140665982
1160,1185,15380000000,140665968
1160,1185,15381000000,140665953
1160,1185,15382000000,140665942
1160,1185,15383000000,140665925
1160,1185,15384000000,140665913
1160,1185,15385000000,140665901
1160,1185,15386000000,140665889
1160,1185,15387000000,140665875
1160,1185,15388000000,140665862
1160,1185,15389000000,140665849
1160,1185,15390000000,140665836
1160,1185,15391000000,140665824
1160,1185,15392000000,140665812
1160,1185,15393000000,140665798
1160,1185,15394000000,140665786
1160,1185,15395000000,140665774
1160,1185,15396000000,140665762
1160,1185,15397000000,140665750
1160,1185,15398000000,140665737
1160,1185,15399000000,140665723
1160,1185,15400000000,140665706
1160,1185,15401000000,140665693
1160,1185,15402000000,140665680
1160,1185,15403000000,140665667
1160,1185,15404000000,140665657
1160,1185,15405000000,140665642
1160,1185,15406000000,140665631
1160,1185,15407000000,140665618
1160,1185,15408000000,140665605
1160,1185,15409000000,140665593
1160,1185,15410000000,140665582
1160,1185,15411000000,140665568
1160,1185,15412000000,140665556
1160,1185,15413000000,140665543
1160,1185,15414000000,140665531
1160,1185,15415000000,140665519
1160,1185,15416000000,140665504
1160,1185,15417000000,140665489
1160,1185,15418000000,140665475
1160,1185,15419000000,140665462
1160,1185,15420000000,140665449
1160,1185,15421000000,140665438
1160,1185,15422000000,140665426
1160,1185,15423000000,140665413
1160,1185,15424000000,140665400
1160,1185,15425000000,140665386
1160,1185,15426000000,140665374
1160,1185,15427000000,140665361
1160,1185,15428000000,140665349
1160,1185,15429000000,140665337
1160,1185,15430000000,140665324
1160,1185,15431000000,140665312
1160,1185,15432000000,140665300
1160,1185,15433000000,140665286
1160,1185,15434000000,140665274
1160,1185,15435000000,140665258
1160,1185,15436000000,140665246
1160,1185,15437000000,140665232
1160,1185,15438000000,140665218
1160,1185,15439000000,140665207
1160,1185,15440000000,140665194
1160,1185,15441000000,140665182
1160,1185,15442000000,140665168
1160,1185,15443000000,140665157
1160,1185,15444000000,140665146
1160,1185,15445000000,140665132
1160,1185,15446000000,140665120
1160,1185,15447000000,140665110
1160,1185,15448000000,140665097
1160,1185,15449000000,140665083
1160,1185,15450000000,140665070
1160,1185,15451000000,140665056
1160,1185,15452000000,140665041
1160,1185,15453000000,140665029
1160,1185,15454000000,140665013
1160,1185,15455000000,140665001
1160,1185,15456000000,140664990
1160,1185,15457000000,140664978
1160,1185,15458000000,140664965
1160,1185,15459000000,140664953
1160,1185,15460000000,140664941
1160,1185,15461000000,140664928
1160,1185,15462000000,140664913
1160,1185,15463000000,140664901
1160,1185,15464000000,140664888
1160,1185,15465000000,140664877
1160,1185,15466000000,140664864
1160,1185,15467000000,140664851
1160,1185,15468000000,140664837
1160,1185,15469000000,140664825
1160,1185,15470000000,140664810
1160,1185,15471000000,140664797
1160,1185,15472000000,140664784
1160,1185,15473000000,140664772
1160,1185,15474000000,140664759
1160,1185,15475000000,140664745
1160,1185,15476000000,140664732
1160,1185,15477000000,140664720
1160,1185,15478000000,140664708
1160,1185,15479000000,140664694
1160,1185,15480000000,140664682
1160,1185,15481000000,140664670
1160,1185,15482000000,140664659
1160,1185,15483000000,140664647
1160,1185,15484000000,140664635
1160,1185,15485000000,140664621
1160,1185,15486000000,140664607
1160,1185,15487000000,140664590
1160,1185,15488000000,140664578
1160,1185,15489000000,140664563
1160,1185,15490000000,140664553
1160,1185,15491000000,140664538
1160,1185,15492000000,140664526
1160,1185,15493000000,140664516
1160,1185,15494000000,140664502
1160,1185,15495000000,140664490
1160,1185,15496000000,140664480
1160,1185,15497000000,140664466
1160,1185,15498000000,140664453
1160,1185,15499000000,140664440
1160,1185,15500000000,140664427
1160,1185,15501000000,140664414
1160,1185,15502000000,140664404
1160,1185,15503000000,140664386
1160,1185,15504000000,140664373
1160,1185,15505000000,140664359
1160,1185,15506000000,140664346
1160,1185,15507000000,140664334
1160,1185,15508000000,140664323
1160,1185,15509000000,140664310
1160,1185,15510000000,140664298
1160,1185,15511000000,140664284
1160,1185,15512000000,140664271
1160,1185,15513000000,140664259
1160,1185,15514000000,140664246
1160,1185,15515000000,140664232
1160,1185,15516000000,140664220
1160,1185,15517000000,140664209
1160,1185,15518000000,140664195
1160,1185,15519000000,140664184
1160,1185,15520000000,140664170
1160,1185,15521000000,140664157
1160,1185,15522000000,140664141
1160,1185,15523000000,140664129
1160,1185,15524000000,140664115
1160,1185,15525000000,140664103
1160,1185,15526000000,140664091
1160,1185,15527000000,140664079
1160,1185,15528000000,140664064
1160,1185,15529000000,140664052
1160,1185,15530000000,140664040
1160,1185,15531000000,140664027
1160,1185,15532000000,140664016
1160,1185,15533000000,140664004
1160,1185,15534000000,140663991
1160,1185,15535000000,140663978
1160,1185,15536000000,140663965
1160,1185,15537000000,140663952
1160,1185,15538000000,140663939
1160,1185,15539000000,140663925
1160,1185,15540000000,140663908
1160,1185,15541000000,140663897
1160,1185,15542000000,140663885
1160,1185,15543000000,140663873
1160,1185,15544000000,140663862
1160,1185,15545000000,140663849
1160,1185,15546000000,140663836
1160,1185,15547000000,140663824
1160,1185,15548000000,140663809
1160,1185,15549000000,140663797
1160,1185,15550000000,140663785
1160,1185,15551000000,140663773
1160,1185,15552000000,140663761
1160,1185,15553000000,140663748
1160,1185,15554000000,140663736
1160,1185,15555000000,140663723
1160,1185,15556000000,140663711
1160,1185,15557000000,140663695
1160,1185,15558000000,140663684
1160,1185,15559000000,140663670
1160,1185,15560000000,140663656
1160,1185,15561000000,140663645
1160,1185,15562000000,140663631
1160,1185,15563000000,140663619
1160,1185,15564000000,140663606
1160,1185,15565000000,140663593
1160,1185,15566000000,140663580
1160,1185,15567000000,140663568
1160,1185,15568000000,140663556
1160,1185,15569000000,140663546
1160,1185,15570000000,140663534
1160,1185,15571000000,140663521
1160,1185,15572000000,140663506
1160,1185,15573000000,140663493
1160,1185,15574000000,140663479
1160,1185,15575000000,140663465
1160,1185,15576000000,140663452
1160,1185,15577000000,140663439
1160,1185,15578000000,140663427
1160,1185,15579000000,140663414
1160,1185,15580000000,140663402
1160,1185,15581000000,140663391
1160,1185,15582000000,140663379
1160,1185,15583000000,140663365
1160,1185,15584000000,140663353
1160,1185,15585000000,140663340
1160,1185,15586000000,140663328
1160,1185,15587000000,140663316
1160,1185,15588000000,140663304
1160,1185,15589000000,140663289
1160,1185,15590000000,140663276
1160,1185,15591000000,140663263
1160,1185,15592000000,140663248
1160,1185,15593000000,140663237
1160,1185,15594000000,140663225
1160,1185,15595000000,140663212
1160,1185,15596000000,140663200
1160,1185,15597000000,140663185
1160,1185,15598000000,140663172
1160,1185,15599000000,140663161
1160,1185,15600000000,140663149
1160,1185,15601000000,140663133
1160,1185,15602000000,140663122
1160,1185,15603000000,140663110
1160,1185,15604000000,140663097
1160,1185,15605000000,140663087
1160,1185,15606000000,140663075
1160,1185,15607000000,140663061
1160,1185,15608000000,140663048
1160,1185,15609000000,140663030
1160,1185,15610000000,140663019
1160,1185,15611000000,140663005
1160,1185,15612000000,140662993
1160,1185,15613000000,140662981
1160,1185,15614000000,140662968
1160,1185,15615000000,140662956
1160,1185,15616000000,140662943
1160,1185,15617000000,140662931
1160,1185,15618000000,140662919
1160,1185,15619000000,140662907
1160,1185,15620000000,140662893
1160,1185,15621000000,140662880
1160,1185,15622000000,140662868
1160,1185,15623000000,140662856
1160,1185,15624000000,140662842
1160,1185,15625000000,140662828
1160,1185,15626000000,140662814
1160,1185,15627000000,140662801
1160,1185,15628000000,140662787
1160,1185,15629000000,140662776
1160,1185,15630000000,140662765
1160,1185,15631000000,140662754
1160,1185,15632000000,140662741
1160,1185,15633000000,140662728
1160,1185,15634000000,140662715
1160,1185,15635000000,140662703
1160,1185,15636000000,140662689
1160,1185,15637000000,140662677
1160,1185,15638000000,140662663
1160,1185,15639000000,140662652
1160,1185,15640000000,140662639
1160,1185,15641000000,140662627
1160,1185,15642000000,140662615
1160,1185,15643000000,140662602
1160,1185,15644000000,140662586
1160,1185,15645000000,140662574
1160,1185,15646000000,140662559
1160,1185,15647000000,140662548
1160,1185,15648000000,140662536
1160,1185,15649000000,140662523
1160,1185,15650000000,140662510
1160,1185,15651000000,140662498
1160,1185,15652000000,140662485
1160,1185,15653000000,140662474
1160,1185,15654000000,140662462
1160,1185,15655000000,140662450
1160,1185,15656000000,140662438
1160,1185,15657000000,140662424
1160,1185,15658000000,140662410
1160,1185,15659000000,140662397
1160,1185,15660000000,140662384
1160,1185,15661000000,140662368
1160,1185,15662000000,140662355
1160,1185,15663000000,140662341
1160,1185,15664000000,140662330
1160,1185,15665000000,140662318
1160,1185,15666000000,140662307
1160,1185,15667000000,140662295
1160,1185,15668000000,140662282
1160,1185,15669000000,140662269
1160,1185,15670000000,140662256
1160,1185,15671000000,140662243
1160,1185,15672000000,140662231
1160,1185,15673000000,140662220
1160,1185,15674000000,140662207
1160,1185,15675000000,140662195
1160,1185,15676000000,140662181
1160,1185,15677000000,140662168
1160,1185,15678000000,140662155
1160,1185,15679000000,140662140
1160,1185,15680000000,140662127
1160,1185,15681000000,140662115
1160,1185,15682000000,140662102
1160,1185,15683000000,140662088
1160,1185,15684000000,140662077
1160,1185,15685000000,140662064
1160,1185,15686000000,140662050
1160,1185,15687000000,140662038
1160,1185,15688000000,140662026
1160,1185,15689000000,140662014
1160,1185,15690000000,140662003
1160,1185,15691000000,140661991
1160,1185,15692000000,140661980
1160,1185,15693000000,140661967
1160,1185,15694000000,140661950
1160,1185,15695000000,140661937
1160,1185,15696000000,140661923
1160,1185,15697000000,140661910
1160,1185,15698000000,140661898
1160,1185,15699000000,140661884
1160,1185,15700000000,140661873
1160,1185,15701000000,140661861
1160,1185,15702000000,140661848
1160,1185,15703000000,140661837
1160,1185,15704000000,140661825
1160,1185,15705000000,140661810
1160,1185,15706000000,140661799
1160,1185,15707000000,140661784
1160,1185,15708000000,140661772
1160,1185,15709000000,140661761
1160,1185,15710000000,140661748
1160,1185,15711000000,140661733
1160,1185,15712000000,140661721
1160,1185,15713000000,140661705
1160,1185,15714000000,140661694
1160,1185,15715000000,140661681
1160,1185,15716000000,140661669
1160,1185,15717000000,140661657
1160,1185,15718000000,140661644
1160,1185,15719000000,140661630
1160,1185,15720000000,140661619
1160,1185,15721000000,140661606
1160,1185,15722000000,140661595
1160,1185,15723000000,140661581
1160,1185,15724000000,140661569
1160,1185,15725000000,140661557
1160,1185,15726000000,140661545
1160,1185,15727000000,140661534
1160,1185,15728000000,140661521
1160,1185,15729000000,140661506
1160,1185,15730000000,140661492
1160,1185,15731000000,140661477
1160,1185,15732000000,140661464
1160,1185,15733000000,140661452
1160,1185,15734000000,140661438
1160,1185,15735000000,140661426
1160,1185,15736000000,140661414
1160,1185,15737000000,140661401
1160,1185,15738000000,140661389
1160,1185,15739000000,140661378
1160,1185,15740000000,140661366
1160,1185,15741000000,140661352
1160,1185,15742000000,140661340
1160,1185,15743000000,140661328
1160,1185,15744000000,140661316
1160,1185,15745000000,140661304
1160,1185,15746000000,140661288
1160,1185,15747000000,140661275
1160,1185,15748000000,140661260
1160,1185,15749000000,140661247
1160,1185,15750000000,140661236
1160,1185,15751000000,140661224
1160,1185,15752000000,140661213
1160,1185,15753000000,140661201
1160,1185,15754000000,140661186
1160,1185,15755000000,140661174
1160,1185,15756000000,140661162
1160,1185,15757000000,140661149
1160,1185,15758000000,140661138
1160,1185,15759000000,140661124
1160,1185,15760000000,140661111
1160,1185,15761000000,140661100
1160,1185,15762000000,140661087
1160,1185,15763000000,140661074
1160,1185,15764000000,140661062
1160,1185,15765000000,140661046
1160,1185,15766000000,140661033
1160,1185,15767000000,140661018
1160,1185,15768000000,140661006
1160,1185,15769000000,140660995
1160,1185,15770000000,140660982
1160,1185,15771000000,140660970
1160,1185,15772000000,140660956
1160,1185,15773000000,140660945
1160,1185,15774000000,140660933
1160,1185,15775000000,140660920
1160,1185,15776000000,140660909
1160,1185,15777000000,140660898
1160,1185,15778000000,140660884
1160,1185,15779000000,140660872
1160,1185,15780000000,140660856
1160,1185,15781000000,140660845
1160,1185,15782000000,140660832
1160,1185,15783000000,140660817
1160,1185,15784000000,140660803
1160,1185,15785000000,140660792
1160,1185,15786000000,140660780
1160,1185,15787000000,140660769
1160,1185,15788000000,140660756
1160,1185,15789000000,140660745
1160,1185,15790000000,140660732
1160,1185,15791000000,140660720
1160,1185,15792000000,140660705
1160,1185,15793000000,140660694
1160,1185,15794000000,140660682
1160,1185,15795000000,140660669
1160,1185,15796000000,140660657
1160,1185,15797000000,140660643
1160,1185,15798000000,140660629
1160,1185,15799000000,140660617
1160,1185,15800000000,140660601
1160,1185,15801000000,140660591
1160,1185,15802000000,140660576
1160,1185,15803000000,140660565
1160,1185,15804000000,140660553
1160,1185,15805000000,140660540
1160,1185,15806000000,140660527
1160,1185,15807000000,140660515
1160,1185,15808000000,140660502
1160,1185,15809000000,140660490
1160,1185,15810000000,140660477
1160,1185,15811000000,140660466
1160,1185,15812000000,140660455
1160,1185,15813000000,140660443
1160,1185,15814000000,140660431
1160,1185,15815000000,140660415
1160,1185,15816000000,140660402
1160,1185,15817000000,140660388
1160,1185,15818000000,140660374
1160,1185,15819000000,140660362
1160,1185,15820000000,140660349
1160,1185,15821000000,140660336
1160,1185,15822000000,140660325
1160,1185,15823000000,140660312
1160,1185,15824000000,140660301
1160,1185,15825000000,140660290
1160,1185,15826000000,140660276
1160,1185,15827000000,140660264
1160,1185,15828000000,140660251
1160,1185,15829000000,140660239
1160,1185,15830000000,140660228
1160,1185,15831000000,140660215
1160,1185,15832000000,140660200
1160,1185,15833000000,140660188
1160,1185,15834000000,140660175
1160,1185,15835000000,140660161
1160,1185,15836000000,140660148
1160,1185,15837000000,140660137
1160,1185,15838000000,140660124
1160,1185,15839000000,140660112
1160,1185,15840000000,140660098
1160,1185,15841000000,140660086
1160,1185,15842000000,140660075
1160,1185,15843000000,140660062
1160,1185,15844000000,140660048
1160,1185,15845000000,140660036
1160,1185,15846000000,140660024
1160,1185,15847000000,140660013
1160,1185,15848000000,140660002
1160,1185,15849000000,140659990
1160,1185,15850000000,140659975
1160,1185,15851000000,140659961
1160,1185,15852000000,140659946
1160,1185,15853000000,140659933
1160,1185,15854000000,140659922
1160,1185,15855000000,140659908
1160,1185,15856000000,140659898
1160,1185,15857000000,140659885
1160,1185,15858000000,140659871
1160,1185,15859000000,140659861
1160,1185,15860000000,140659849
1160,1185,15861000000,140659837
1160,1185,15862000000,140659825
1160,1185,15863000000,140659811
1160,1185,15864000000,140659800
1160,1185,15865000000,140659787
1160,1185,15866000000,140659775
1160,1185,15867000000,140659760
1160,1185,15868000000,140659747
1160,1185,15869000000,140659732
1160,1185,15870000000,140659719
1160,1185,15871000000,140659706
1160,1185,15872000000,140659696
1160,1185,15873000000,140659684
1160,1185,15874000000,140659673
1160,1185,15875000000,140659658
1160,1185,15876000000,140659645
1160,1185,15877000000,140659634
1160,1185,15878000000,140659621
1160,1185,15879000000,140659608
1160,1185,15880000000,140659597
1160,1185,15881000000,140659585
1160,1185,15882000000,140659573
1160,1185,15883000000,140659561
1160,1185,15884000000,140659547
1160,1185,15885000000,140659537
1160,1185,15886000000,140659524
1160,1185,15887000000,140659508
1160,1185,15888000000,140659494
1160,1185,15889000000,140659483
1160,1185,15890000000,140659471
1160,1185,15891000000,140659458
1160,1185,15892000000,140659445
1160,1185,15893000000,140659433
1160,1185,15894000000,140659421
1160,1185,15895000000,140659409
1160,1185,15896000000,140659397
1160,1185,15897000000,140659385
1160,1185,15898000000,140659374
1160,1185,15899000000,140659360
1160,1185,15900000000,140659348
1160,1185,15901000000,140659334
1160,1185,15902000000,140659321
1160,1185,15903000000,140659307
1160,1185,15904000000,140659293
1160,1185,15905000000,140659281
1160,1185,15906000000,140659268
1160,1185,15907000000,140659255
1160,1185,15908000000,140659245
1160,1185,15909000000,140659232
1160,1185,15910000000,140659220
1160,1185,15911000000,140659207
1160,1185,15912000000,140659193
1160,1185,15913000000,140659182
1160,1185,15914000000,140659168
1160,1185,15915000000,140659156
1160,1185,15916000000,140659144
1160,1185,15917000000,140659131
1160,1185,15918000000,140659119
1160,1185,15919000000,140659104
1160,1185,15920000000,140659091
1160,1185,15921000000,140659078
1160,1185,15922000000,140659066
1160,1185,15923000000,140659053
1160,1185,15924000000,140659039
1160,1185,15925000000,140659027
1160,1185,15926000000,140659016
1160,1185,15927000000,140659002
1160,1185,15928000000,140658991
1160,1185,15929000000,140658978
1160,1185,15930000000,140658965
1160,1185,15931000000,140658953
1160,1185,15932000000,140658941
1160,1185,15933000000,140658931
1160,1185,15934000000,140658919
1160,1185,15935000000,140658906
1160,1185,15936000000,140658890
1160,1185,15937000000,140658877
1160,1185,15938000000,140658865
1160,1185,15939000000,140658850
1160,1185,15940000000,140658837
1160,1185,15941000000,140658825
1160,1185,15942000000,140658813
1160,1185,15943000000,140658800
1160,1185,15944000000,140658788
1160,1185,15945000000,140658777
1160,1185,15946000000,140658766
1160,1185,15947000000,140658753
1160,1185,15948000000,140658739
1160,1185,15949000000,140658727
1160,1185,15950000000,140658715
1160,1185,15951000000,140658703
1160,1185,15952000000,140658691
1160,1185,15953000000,140658675
1160,1185,15954000000,140658663
1160,1185,15955000000,140658650
1160,1185,15956000000,140658636
1160,1185,15957000000,140658624
1160,1185,15958000000,140658612
1160,1185,15959000000,140658600
1160,1185,15960000000,140658587
1160,1185,15961000000,140658574
1160,1185,15962000000,140658562
1160,1185,15963000000,140658549
1160,1185,15964000000,140658538
1160,1185,15965000000,140658524
1160,1185,15966000000,140658512
1160,1185,15967000000,140658500
1160,1185,15968000000,140658488
1160,1185,15969000000,140658478
1160,1185,15970000000,140658464
1160,1185,15971000000,140658451
1160,1185,15972000000,140658437
1160,1185,15973000000,140658421
1160,1185,15974000000,140658410
1160,1185,15975000000,140658397
1160,1185,15976000000,140658385
1160,1185,15977000000,140658372
1160,1185,15978000000,140658360
1160,1185,15979000000,140658347
1160,1185,15980000000,140658335
1160,1185,15981000000,140658325
1160,1185,15982000000,140658312
1160,1185,15983000000,140658300
1160,1185,15984000000,140658287
1160,1185,15985000000,140658274
1160,1185,15986000000,140658263
1160,1185,15987000000,140658251
1160,1185,15988000000,140658235
1160,1185,15989000000,140658222
1160,1185,15990000000,140658207
1160,1185,15991000000,140658195
1160,1185,15992000000,140658182
1160,1185,15993000000,140658171
1160,1185,15994000000,140658160
1160,1185,15995000000,140658148
1160,1185,15996000000,140658134
1160,1185,15997000000,140658121
1160,1185,15998000000,140658109
1160,1185,15999000000,140658097
1160,1185,16000000000,140658084
1160,1185,16001000000,140658072
1160,1185,16002000000,140658060
1160,1185,16003000000,140658047
1160,1185,16004000000,140658036
1160,1185,16005000000,140658022
1160,1185,16006000000,140658010
1160,1185,16007000000,140657997
1160,1185,16008000000,140657981
1160,1185,16009000000,140657969
1160,1185,16010000000,140657956
1160,1185,16011000000,140657945
1160,1185,16012000000,140657932
1160,1185,16013000000,140657919
1160,1185,16014000000,140657907
1160,1185,16015000000,140657894
1160,1185,16016000000,140657884
1160,1185,16017000000,140657871
1160,1185,16018000000,140657861
1160,1185,16019000000,140657849
1160,1185,16020000000,140657835
1160,1185,16021000000,140657824
1160,1185,16022000000,140657808
1160,1185,16023000000,140657798
1160,1185,16024000000,140657783
1160,1185,16025000000,140657768
1160,1185,16026000000,140657755
1160,1185,16027000000,140657742
1160,1185,16028000000,140657732
1160,1185,16029000000,140657721
1160,1185,16030000000,140657708
1160,1185,16031000000,140657697
1160,1185,16032000000,140657683
1160,1185,16033000000,140657672
1160,1185,16034000000,140657658
1160,1185,16035000000,140657647
1160,1185,16036000000,140657635
1160,1185,16037000000,140657623
1160,1185,16038000000,140657613
1160,1185,16039000000,140657596
1160,1185,16040000000,140657587
1160,1185,16041000000,140657575
1160,1185,16042000000,140657561
1160,1185,16043000000,140657549
1160,1185,16044000000,140657534
1160,1185,16045000000,140657523
1160,1185,16046000000,140657511
1160,1185,16047000000,140657498
1160,1185,16048000000,140657485
1160,1185,16049000000,140657474
1160,1185,16050000000,140657462
1160,1185,16051000000,140657447
1160,1185,16052000000,140657436
1160,1185,16053000000,140657425
1160,1185,16054000000,140657415
1160,1185,16055000000,140657403
1160,1185,16056000000,140657389
1160,1185,16057000000,140657374
1160,1185,16058000000,140657362
1160,1185,16059000000,140657348
1160,1185,16060000000,140657334
1160,1185,16061000000,140657322
1160,1185,16062000000,140657309
1160,1185,16063000000,140657297
1160,1185,16064000000,140657285
1160,1185,16065000000,140657273
1160,1185,16066000000,140657262
1160,1185,16067000000,140657250
1160,1185,16068000000,140657237
1160,1185,16069000000,140657223
1160,1185,16070000000,140657213
1160,1185,16071000000,140657200
1160,1185,16072000000,140657188
1160,1185,16073000000,140657176
1160,1185,16074000000,140657160
1160,1185,16075000000,140657147
1160,1185,16076000000,140657135
1160,1185,16077000000,140657122
1160,1185,16078000000,140657109
1160,1185,16079000000,140657098
1160,1185,16080000000,140657084
1160,1185,16081000000,140657071
1160,1185,16082000000,140657060
1160,1185,16083000000,140657047
1160,1185,16084000000,140657035
1160,1185,16085000000,140657023
1160,1185,16086000000,140657010
1160,1185,16087000000,140656997
1160,1185,16088000000,140656985
1160,1185,16089000000,140656975
1160,1185,16090000000,140656963
1160,1185,16091000000,140656948
1160,1185,16092000000,140656934
1160,1185,16093000000,140656922
1160,1185,16094000000,140656908
1160,1185,16095000000,140656894
1160,1185,16096000000,140656882
1160,1185,16097000000,140656870
1160,1185,16098000000,140656858
1160,1185,16099000000,140656844
1160,1185,16100000000,140656834
1160,1185,16101000000,140656823
1160,1185,16102000000,140656812
1160,1185,16103000000,140656798
1160,1185,16104000000,140656785
1160,1185,16105000000,140656774
1160,1185,16106000000,140656763
1160,1185,16107000000,140656750
1160,1185,16108000000,140656735
1160,1185,16109000000,140656725
1160,1185,16110000000,140656711
1160,1185,16111000000,140656695
1160,1185,16112000000,140656684
1160,1185,16113000000,140656672
1160,1185,16114000000,140656661
1160,1185,16115000000,140656648
1160,1185,16116000000,140656635
1160,1185,16117000000,140656622
1160,1185,16118000000,140656612
1160,1185,16119000000,140656598
1160,1185,16120000000,140656585
1160,1185,16121000000,140656574
1160,1185,16122000000,140656561
1160,1185,16123000000,140656549
1160,1185,16124000000,140656537
1160,1185,16125000000,140656525
1160,1185,16126000000,140656512
1160,1185,16127000000,140656498
1160,1185,16128000000,140656483
1160,1185,16129000000,140656470
1160,1185,16130000000,140656459
1160,1185,16131000000,140656445
1160,1185,16132000000,140656434
1160,1185,16133000000,140656422
1160,1185,16134000000,140656409
1160,1185,16135000000,140656396
1160,1185,16136000000,140656384
1160,1185,16137000000,140656373
1160,1185,16138000000,140656361
1160,1185,16139000000,140656349
1160,1185,16140000000,140656335
1160,1185,16141000000,140656324
1160,1185,16142000000,140656313
1160,1185,16143000000,140656297
1160,1185,16144000000,140656284
1160,1185,16145000000,140656271
1160,1185,16146000000,140656258
1160,1185,16147000000,140656243
1160,1185,16148000000,140656232
1160,1185,16149000000,140656222
1160,1185,16150000000,140656210
1160,1185,16151000000,140656197
1160,1185,16152000000,140656184
1160,1185,16153000000,140656174
1160,1185,16154000000,140656162
1160,1185,16155000000,140656148
1160,1185,16156000000,140656136
1160,1185,16157000000,140656125
1160,1185,16158000000,140656113
1160,1185,16159000000,140656101
1160,1185,16160000000,140656087
1160,1185,16161000000,140656075
1160,1185,16162000000,140656062
1160,1185,16163000000,140656047
1160,1185,16164000000,140656033
1160,1185,16165000000,140656022
1160,1185,16166000000,140656011
1160,1185,16167000000,140655997
1160,1185,16168000000,140655985
1160,1185,16169000000,140655973
1160,1185,16170000000,140655961
1160,1185,16171000000,140655948
1160,1185,16172000000,140655936
1160,1185,16173000000,140655925
1160,1185,16174000000,140655912
1160,1185,16175000000,140655901
1160,1185,16176000000,140655887
1160,1185,16177000000,140655874
1160,1185,16178000000,140655861
1160,1185,16179000000,140655849
1160,1185,16180000000,140655833
1160,1185,16181000000,140655820
1160,1185,16182000000,140655808
1160,1185,16183000000,140655795
1160,1185,16184000000,140655785
1160,1185,16185000000,140655773
1160,1185,16186000000,140655762
1160,1185,16187000000,140655750
1160,1185,16188000000,140655737
1160,1185,16189000000,140655726
1160,1185,16190000000,140655714
1160,1185,16191000000,140655702
1160,1185,16192000000,140655689
1160,1185,16193000000,140655679
1160,1185,16194000000,140655662
1160,1185,16195000000,140655650
1160,1185,16196000000,140655638
1160,1185,16197000000,140655624
1160,1185,16198000000,140655612
1160,1185,16199000000,140655599
1160,1185,16200000000,140655586
1160,1185,16201000000,140655574
1160,1185,16202000000,140655562
1160,1185,16203000000,140655549
1160,1185,16204000000,140655537
1160,1185,16205000000,140655525
1160,1185,16206000000,140655512
1160,1185,16207000000,140655500
1160,1185,16208000000,140655489
1160,1185,16209000000,140655478
1160,1185,16210000000,140655465
1160,1185,16211000000,140655450
1160,1185,16212000000,140655437
1160,1185,16213000000,140655425
1160,1185,16214000000,140655412
1160,1185,16215000000,140655399
1160,1185,16216000000,140655386
1160,1185,16217000000,140655374
1160,1185,16218000000,140655361
1160,1185,16219000000,140655350
1160,1185,16220000000,140655338
1160,1185,16221000000,140655327
1160,1185,16222000000,140655315
1160,1185,16223000000,140655303
1160,1185,16224000000,140655289
1160,1185,16225000000,140655277
1160,1185,16226000000,140655267
1160,1185,16227000000,140655253
1160,1185,16228000000,140655242
1160,1185,16229000000,140655227
1160,1185,16230000000,140655214
1160,1185,16231000000,140655202
1160,1185,16232000000,140655187
1160,1185,16233000000,140655176
1160,1185,16234000000,140655163
1160,1185,16235000000,140655152
1160,1185,16236000000,140655138
1160,1185,16237000000,140655127
1160,1185,16238000000,140655114
1160,1185,16239000000,140655103
1160,1185,16240000000,140655091
1160,1185,16241000000,140655078
1160,1185,16242000000,140655066
1160,1185,16243000000,140655054
1160,1185,16244000000,140655044
1160,1185,16245000000,140655032
1160,1185,16246000000,140655019
1160,1185,16247000000,140655004
1160,1185,16248000000,140654992
1160,1185,16249000000,140654978
1160,1185,16250000000,140654965
1160,1185,16251000000,140654952
1160,1185,16252000000,140654942
1160,1185,16253000000,140654930
1160,1185,16254000000,140654915
1160,1185,16255000000,140654905
1160,1185,16256000000,140654893
1160,1185,16257000000,140654882
1160,1185,16258000000,140654869
1160,1185,16259000000,140654856
1160,1185,16260000000,140654844
1160,1185,16261000000,140654833
1160,1185,16262000000,140654820
1160,1185,16263000000,140654805
1160,1185,16264000000,140654792
1160,1185,16265000000,140654780
1160,1185,16266000000,140654765
1160,1185,16267000000,140654753
1160,1185,16268000000,140654742
1160,1185,16269000000,140654731
1160,1185,16270000000,140654719
1160,1185,16271000000,140654706
1160,1185,16272000000,140654695
1160,1185,16273000000,140654683
1160,1185,16274000000,140654671
1160,1185,16275000000,140654657
1160,1185,16276000000,140654647
1160,1185,16277000000,140654635
1160,1185,16278000000,140654622
1160,1185,16279000000,140654611
1160,1185,16280000000,140654597
1160,1185,16281000000,140654585
1160,1185,16282000000,140654571
1160,1185,16283000000,140654557
1160,1185,16284000000,140654544
1160,1185,16285000000,140654533
1160,1185,16286000000,140654519
1160,1185,16287000000,140654508
1160,1185,16288000000,140654495
1160,1185,16289000000,140654485
1160,1185,16290000000,140654471
1160,1185,16291000000,140654459
1160,1185,16292000000,140654448
1160,1185,16293000000,140654436
1160,1185,16294000000,140654425
1160,1185,16295000000,140654411
1160,1185,16296000000,140654401
1160,1185,16297000000,140654386
1160,1185,16298000000,140654374
1160,1185,16299000000,140654360
1160,1185,16300000000,140654346
1160,1185,16301000000,140654333
1160,1185,16302000000,140654320
1160,1185,16303000000,140654309
1160,1185,16304000000,140654298
1160,1185,16305000000,140654285
1160,1185,16306000000,140654272
1160,1185,16307000000,140654260
1160,1185,16308000000,140654248
1160,1185,16309000000,140654236
1160,1185,16310000000,140654224
1160,1185,16311000000,140654212
1160,1185,16312000000,140654201
1160,1185,16313000000,140654188
1160,1185,16314000000,140654175
1160,1185,16315000000,140654164
1160,1185,16316000000,140654152
1160,1185,16317000000,140654139
1160,1185,16318000000,140654124
1160,1185,16319000000,140654110
1160,1185,16320000000,140654099
1160,1185,16321000000,140654088
1160,1185,16322000000,140654074
1160,1185,16323000000,140654062
1160,1185,16324000000,140654051
1160,1185,16325000000,140654038
1160,1185,16326000000,140654026
1160,1185,16327000000,140654013
1160,1185,16328000000,140654003
1160,1185,16329000000,140653990
1160,1185,16330000000,140653980
1160,1185,16331000000,140653965
1160,1185,16332000000,140653953
1160,1185,16333000000,140653940
1160,1185,16334000000,140653928
1160,1185,16335000000,140653913
1160,1185,16336000000,140653901
1160,1185,16337000000,140653888
1160,1185,16338000000,140653875
1160,1185,16339000000,140653865
1160,1185,16340000000,140653852
1160,1185,16341000000,140653841
1160,1185,16342000000,140653828
1160,1185,16343000000,140653816
1160,1185,16344000000,140653803
1160,1185,16345000000,140653792
1160,1185,16346000000,140653779
1160,1185,16347000000,140653767
1160,1185,16348000000,140653757
1160,1185,16349000000,140653741
1160,1185,16350000000,140653728
1160,1185,16351000000,140653716
1160,1185,16352000000,140653704
1160,1185,16353000000,140653689
1160,1185,16354000000,140653679
1160,1185,16355000000,140653665
1160,1185,16356000000,140653655
1160,1185,16357000000,140653641
1160,1185,16358000000,140653629
1160,1185,16359000000,140653617
1160,1185,16360000000,140653605
1160,1185,16361000000,140653592
1160,1185,16362000000,140653580
1160,1185,16363000000,140653569
1160,1185,16364000000,140653558
1160,1185,16365000000,140653545
1160,1185,16366000000,140653531
1160,1185,16367000000,140653518
1160,1185,16368000000,140653507
1160,1185,16369000000,140653491
1160,1185,16370000000,140653478
1160,1185,16371000000,140653467
1160,1185,16372000000,140653455
1160,1185,16373000000,140653443
1160,1185,16374000000,140653430
1160,1185,16375000000,140653419
1160,1185,16376000000,140653407
1160,1185,16377000000,140653395
1160,1185,16378000000,140653382
1160,1185,16379000000,140653370
1160,1185,16380000000,140653358
1160,1185,16381000000,140653347
1160,1185,16382000000,140653333
1160,1185,16383000000,140653321
1160,1185,16384000000,140653306
1160,1185,16385000000,140653295
1160,1185,16386000000,140653280
1160,1185,16387000000,140653271
1160,1185,16388000000,140653257
1160,1185,16389000000,140653245
1160,1185,16390000000,140653232
1160,1185,16391000000,140653219
1160,1185,16392000000,140653209
1160,1185,16393000000,140653195
1160,1185,16394000000,140653184
1160,1185,16395000000,140653171
1160,1185,16396000000,140653159
1160,1185,16397000000,140653146
1160,1185,16398000000,140653136
1160,1185,16399000000,140653124
1160,1185,16400000000,140653111
1160,1185,16401000000,140653097
1160,1185,16402000000,140653084
1160,1185,16403000000,140653070
1160,1185,16404000000,140653060
1160,1185,16405000000,140653046
1160,1185,16406000000,140653034
1160,1185,16407000000,140653023
1160,1185,16408000000,140653009
1160,1185,16409000000,140652997
1160,1185,16410000000,140652985
1160,1185,16411000000,140652975
1160,1185,16412000000,140652961
1160,1185,16413000000,140652950
1160,1185,16414000000,140652936
1160,1185,16415000000,140652926
1160,1185,16416000000,140652914
1160,1185,16417000000,140652899
1160,1185,16418000000,140652886
1160,1185,16419000000,140652876
1160,1185,16420000000,140652862
1160,1185,16421000000,140652848
1160,1185,16422000000,140652836
1160,1185,16423000000,140652825
1160,1185,16424000000,140652812
1160,1185,16425000000,140652800
1160,1185,16426000000,140652787
1160,1185,16427000000,140652777
1160,1185,16428000000,140652764
1160,1185,16429000000,140652753
1160,1185,16430000000,140652739
1160,1185,16431000000,140652730
1160,1185,16432000000,140652716
1160,1185,16433000000,140652705
1160,1185,16434000000,140652690
1160,1185,16435000000,140652681
1160,1185,16436000000,140652666
1160,1185,16437000000,140652655
1160,1185,16438000000,140652640
1160,1185,16439000000,140652628
1160,1185,16440000000,140652616
1160,1185,16441000000,140652604
1160,1185,16442000000,140652591
1160,1185,16443000000,140652578
1160,1185,16444000000,140652567
1160,1185,16445000000,140652554
1160,1185,16446000000,140652545
1160,1185,16447000000,140652531
1160,1185,16448000000,140652520
1160,1185,16449000000,140652507
1160,1185,16450000000,140652497
1160,1185,16451000000,140652482
1160,1185,16452000000,140652471
1160,1185,16453000000,140652457
1160,1185,16454000000,140652446
1160,1185,16455000000,140652429
1160,1185,16456000000,140652417
1160,1185,16457000000,140652405
1160,1185,16458000000,140652394
1160,1185,16459000000,140652382
1160,1185,16460000000,140652371
1160,1185,16461000000,140652359
1160,1185,16462000000,140652347
1160,1185,16463000000,140652336
1160,1185,16464000000,140652324
1160,1185,16465000000,140652311
1160,1185,16466000000,140652300
1160,1185,16467000000,140652287
1160,1185,16468000000,140652273
1160,1185,16469000000,140652261
1160,1185,16470000000,140652248
1160,1185,16471000000,140652236
1160,1185,16472000000,140652221
1160,1185,16473000000,140652207
1160,1185,16474000000,140652197
1160,1185,16475000000,140652186
1160,1185,16476000000,140652173
1160,1185,16477000000,140652160
1160,1185,16478000000,140652150
1160,1185,16479000000,140652137
1160,1185,16480000000,140652125
1160,1185,16481000000,140652113
1160,1185,16482000000,140652102
1160,1185,16483000000,140652090
1160,1185,16484000000,140652078
1160,1185,16485000000,140652065
1160,1185,16486000000,140652051
1160,1185,16487000000,140652040
1160,1185,16488000000,140652028
1160,1185,16489000000,140652014
1160,1185,16490000000,140652001
1160,1185,16491000000,140651990
1160,1185,16492000000,140651977
1160,1185,16493000000,140651967
1160,1185,16494000000,140651954
1160,1185,16495000000,140651942
1160,1185,16496000000,140651930
1160,1185,16497000000,140651918
1160,1185,16498000000,140651905
1160,1185,16499000000,140651894
1160,1185,16500000000,140651882
1160,1185,16501000000,140651871
1160,1185,16502000000,140651859
1160,1185,16503000000,140651844
1160,1185,16504000000,140651831
1160,1185,16505000000,140651821
1160,1185,16506000000,140651805
1160,1185,16507000000,140651793
1160,1185,16508000000,140651782
1160,1185,16509000000,140651769
1160,1185,16510000000,140651758
1160,1185,16511000000,140651745
1160,1185,16512000000,140651733
1160,1185,16513000000,140651722
1160,1185,16514000000,140651709
1160,1185,16515000000,140651697
1160,1185,16516000000,140651685
1160,1185,16517000000,140651675
1160,1185,16518000000,140651663
1160,1185,16519000000,140651651
1160,1185,16520000000,140651636
1160,1185,16521000000,140651622
1160,1185,16522000000,140651612
1160,1185,16523000000,140651596
1160,1185,16524000000,140651585
1160,1185,16525000000,140651571
1160,1185,16526000000,140651559
1160,1185,16527000000,140651548
1160,1185,16528000000,140651535
1160,1185,16529000000,140651524
1160,1185,16530000000,140651513
1160,1185,16531000000,140651501
1160,1185,16532000000,140651488
1160,1185,16533000000,140651476
1160,1185,16534000000,140651464
1160,1185,16535000000,140651453
1160,1185,16536000000,140651440
1160,1185,16537000000,140651426
1160,1185,16538000000,140651413
1160,1185,16539000000,140651401
1160,1185,16540000000,140651387
1160,1185,16541000000,140651376
1160,1185,16542000000,140651363
1160,1185,16543000000,140651352
1160,1185,16544000000,140651339
1160,1185,16545000000,140651327
1160,1185,16546000000,140651315
1160,1185,16547000000,140651302
1160,1185,16548000000,140651291
1160,1185,16549000000,140651278
1160,1185,16550000000,140651267
1160,1185,16551000000,140651254
1160,1185,16552000000,140651244
1160,1185,16553000000,140651231
1160,1185,16554000000,140651218
1160,1185,16555000000,140651205
1160,1185,16556000000,140651193
1160,1185,16557000000,140651180
1160,1185,16558000000,140651167
1160,1185,16559000000,140651153
1160,1185,16560000000,140651142
1160,1185,16561000000,140651129
1160,1185,16562000000,140651118
1160,1185,16563000000,140651105
1160,1185,16564000000,140651095
1160,1185,16565000000,140651082
1160,1185,16566000000,140651072
1160,1185,16567000000,140651058
1160,1185,16568000000,140651047
1160,1185,16569000000,140651035
1160,1185,16570000000,140651024
1160,1185,16571000000,140651008
1160,1185,16572000000,140650996
1160,1185,16573000000,140650983
1160,1185,16574000000,140650972
1160,1185,16575000000,140650957
1160,1185,16576000000,140650945
1160,1185,16577000000,140650933
1160,1185,16578000000,140650922
1160,1185,16579000000,140650909
1160,1185,16580000000,140650897
1160,1185,16581000000,140650885
1160,1185,16582000000,140650874
1160,1185,16583000000,140650862
1160,1185,16584000000,140650849
1160,1185,16585000000,140650837
1160,1185,16586000000,140650826
1160,1185,16587000000,140650814
1160,1185,16588000000,140650800
1160,1185,16589000000,140650787
1160,1185,16590000000,140650776
1160,1185,16591000000,140650764
1160,1185,16592000000,140650749
1160,1185,16593000000,140650736
1160,1185,16594000000,140650725
1160,1185,16595000000,140650712
1160,1185,16596000000,140650701
1160,1185,16597000000,140650688
1160,1185,16598000000,140650677
1160,1185,16599000000,140650665
1160,1185,16600000000,140650654
1160,1185,16601000000,140650641
1160,1185,16602000000,140650630
1160,1185,16603000000,140650618
1160,1185,16604000000,140650606
1160,1185,16605000000,140650591
1160,1185,16606000000,140650579
1160,1185,16607000000,140650567
1160,1185,16608000000,140650555
1160,1185,16609000000,140650540
1160,1185,16610000000,140650527
1160,1185,16611000000,140650517
1160,1185,16612000000,140650505
1160,1185,16613000000,140650492
1160,1185,16614000000,140650480
1160,1185,16615000000,140650468
1160,1185,16616000000,140650457
1160,1185,16617000000,140650445
1160,1185,16618000000,140650433
1160,1185,16619000000,140650421
1160,1185,16620000000,140650409
1160,1185,16621000000,140650397
1160,1185,16622000000,140650383
1160,1185,16623000000,140650371
1160,1185,16624000000,140650359
1160,1185,16625000000,140650347
1160,1185,16626000000,140650333
1160,1185,16627000000,140650320
1160,1185,16628000000,140650308
1160,1185,16629000000,140650298
1160,1185,16630000000,140650285
1160,1185,16631000000,140650273
1160,1185,16632000000,140650260
1160,1185,16633000000,140650250
1160,1185,16634000000,140650238
1160,1185,16635000000,140650226
1160,1185,16636000000,140650213
1160,1185,16637000000,140650203
1160,1185,16638000000,140650191
1160,1185,16639000000,140650177
1160,1185,16640000000,140650164
1160,1185,16641000000,140650153
1160,1185,16642000000,140650140
1160,1185,16643000000,140650127
1160,1185,16644000000,140650113
1160,1185,16645000000,140650102
1160,1185,16646000000,140650090
1160,1185,16647000000,140650077
1160,1185,16648000000,140650065
1160,1185,16649000000,140650055
1160,1185,16650000000,140650042
1160,1185,16651000000,140650031
1160,1185,16652000000,140650018
1160,1185,16653000000,140650008
1160,1185,16654000000,140649995
1160,1185,16655000000,140649983
1160,1185,16656000000,140649968
1160,1185,16657000000,140649955
1160,1185,16658000000,140649944
1160,1185,16659000000,140649933
1160,1185,16660000000,140649918
1160,1185,16661000000,140649905
1160,1185,16662000000,140649893
1160,1185,16663000000,140649883
1160,1185,16664000000,140649870
1160,1185,16665000000,140649858
1160,1185,16666000000,140649846
1160,1185,16667000000,140649834
1160,1185,16668000000,140649822
1160,1185,16669000000,140649810
1160,1185,16670000000,140649799
1160,1185,16671000000,140649787
1160,1185,16672000000,140649775
1160,1185,16673000000,140649761
1160,1185,16674000000,140649749
1160,1185,16675000000,140649736
1160,1185,16676000000,140649725
1160,1185,16677000000,140649710
1160,1185,16678000000,140649697
1160,1185,16679000000,140649685
1160,1185,16680000000,140649674
1160,1185,16681000000,140649661
1160,1185,16682000000,140649650
1160,1185,16683000000,140649638
1160,1185,16684000000,140649627
1160,1185,16685000000,140649615
1160,1185,16686000000,140649602
1160,1185,16687000000,140649590
1160,1185,16688000000,140649579
1160,1185,16689000000,140649567
1160,1185,16690000000,140649553
1160,1185,16691000000,140649541
1160,1185,16692000000,140649528
1160,1185,16693000000,140649518
1160,1185,16694000000,140649502
1160,1185,16695000000,140649490
1160,1185,16696000000,140649478
1160,1185,16697000000,140649466
1160,1185,16698000000,140649454
1160,1185,16699000000,140649443
1160,1185,16700000000,140649431
1160,1185,16701000000,140649419
1160,1185,16702000000,140649407
1160,1185,16703000000,140649395
1160,1185,16704000000,140649382
1160,1185,16705000000,140649372
1160,1185,16706000000,140649359
1160,1185,16707000000,140649347
1160,1185,16708000000,140649333
1160,1185,16709000000,140649321
1160,1185,16710000000,140649309
1160,1185,16711000000,140649297
1160,1185,16712000000,140649283
1160,1185,16713000000,140649272
1160,1185,16714000000,140649259
1160,1185,16715000000,140649247
1160,1185,16716000000,140649235
1160,1185,16717000000,140649225
1160,1185,16718000000,140649212
1160,1185,16719000000,140649201
1160,1185,16720000000,140649188
1160,1185,16721000000,140649178
1160,1185,16722000000,140649166
1160,1185,16723000000,140649155
1160,1185,16724000000,140649141
1160,1185,16725000000,140649128
1160,1185,16726000000,140649115
1160,1185,16727000000,140649104
1160,1185,16728000000,140649089
1160,1185,16729000000,140649076
1160,1185,16730000000,140649065
1160,1185,16731000000,140649054
1160,1185,16732000000,140649041
1160,1185,16733000000,140649029
1160,1185,16734000000,140649017
1160,1185,16735000000,140649007
1160,1185,16736000000,140648994
1160,1185,16737000000,140648981
1160,1185,16738000000,140648969
1160,1185,16739000000,140648960
1160,1185,16740000000,140648948
1160,1185,16741000000,140648935
1160,1185,16742000000,140648922
1160,1185,16743000000,140648909
1160,1185,16744000000,140648898
1160,1185,16745000000,140648883
1160,1185,16746000000,140648871
1160,1185,16747000000,140648861
1160,1185,16748000000,140648849
1160,1185,16749000000,140648836
1160,1185,16750000000,140648824
1160,1185,16751000000,140648812
1160,1185,16752000000,140648801
1160,1185,16753000000,140648789
1160,1185,16754000000,140648777
1160,1185,16755000000,140648765
1160,1185,16756000000,140648753
1160,1185,16757000000,140648742
1160,1185,16758000000,140648730
1160,1185,16759000000,140648716
1160,1185,16760000000,140648704
1160,1185,16761000000,140648693
1160,1185,16762000000,140648679
1160,1185,16763000000,140648666
1160,1185,16764000000,140648654
1160,1185,16765000000,140648642
1160,1185,16766000000,140648631
1160,1185,16767000000,140648618
1160,1185,16768000000,140648607
1160,1185,16769000000,140648594
1160,1185,16770000000,140648585
1160,1185,16771000000,140648571
1160,1185,16772000000,140648559
1160,1185,16773000000,140648546
1160,1185,16774000000,140648537
1160,1185,16775000000,140648524
1160,1185,16776000000,140648510
1160,1185,16777000000,140648497
1160,1185,16778000000,140648485
1160,1185,16779000000,140648472
1160,1185,16780000000,140648459
1160,1185,16781000000,140648447
1160,1185,16782000000,140648436
1160,1185,16783000000,140648424
1160,1185,16784000000,140648411
1160,1185,16785000000,140648399
1160,1185,16786000000,140648389
1160,1185,16787000000,140648378
1160,1185,16788000000,140648364
1160,1185,16789000000,140648353
1160,1185,16790000000,140648342
1160,1185,16791000000,140648331
1160,1185,16792000000,140648320
1160,1185,16793000000,140648305
1160,1185,16794000000,140648294
1160,1185,16795000000,140648281
1160,1185,16796000000,140648268
1160,1185,16797000000,140648255
1160,1185,16798000000,140648242
1160,1185,16799000000,140648230
1160,1185,16800000000,140648219
1160,1185,16801000000,140648207
1160,1185,16802000000,140648195
1160,1185,16803000000,140648183
1160,1185,16804000000,140648172
1160,1185,16805000000,140648160
1160,1185,16806000000,140648148
1160,1185,16807000000,140648136
1160,1185,16808000000,140648124
1160,1185,16809000000,140648114
1160,1185,16810000000,140648098
1160,1185,16811000000,140648086
1160,1185,16812000000,140648074
1160,1185,16813000000,140648061
1160,1185,16814000000,140648048
1160,1185,16815000000,140648035
1160,1185,16816000000,140648024
1160,1185,16817000000,140648014
1160,1185,16818000000,140647999
1160,1185,16819000000,140647988
1160,1185,16820000000,140647976
1160,1185,16821000000,140647966
1160,1185,16822000000,140647953
1160,1185,16823000000,140647940
1160,1185,16824000000,140647930
1160,1185,16825000000,140647918
1160,1185,16826000000,140647907
1160,1185,16827000000,140647892
1160,1185,16828000000,140647881
1160,1185,16829000000,140647870
1160,1185,16830000000,140647856
1160,1185,16831000000,140647842
1160,1185,16832000000,140647831
1160,1185,16833000000,140647819
1160,1185,16834000000,140647808
1160,1185,16835000000,140647795
1160,1185,16836000000,140647785
1160,1185,16837000000,140647774
1160,1185,16838000000,140647762
1160,1185,16839000000,140647749
1160,1185,16840000000,140647739
1160,1185,16841000000,140647727
1160,1185,16842000000,140647714
1160,1185,16843000000,140647702
1160,1185,16844000000,140647689
1160,1185,16845000000,140647676
1160,1185,16846000000,140647664
1160,1185,16847000000,140647650
1160,1185,16848000000,140647639
1160,1185,16849000000,140647626
1160,1185,16850000000,140647614
1160,1185,16851000000,140647602
1160,1185,16852000000,140647592
1160,1185,16853000000,140647579
1160,1185,16854000000,140647567
1160,1185,16855000000,140647555
1160,1185,16856000000,140647544
1160,1185,16857000000,140647532
1160,1185,16858000000,140647519
1160,1185,16859000000,140647508
1160,1185,16860000000,140647496
1160,1185,16861000000,140647483
1160,1185,16862000000,140647469
1160,1185,16863000000,140647459
1160,1185,16864000000,140647447
1160,1185,16865000000,140647433
1160,1185,16866000000,140647419
1160,1185,16867000000,140647408
1160,1185,16868000000,140647395
1160,1185,16869000000,140647384
1160,1185,16870000000,140647371
1160,1185,16871000000,140647361
1160,1185,16872000000,140647350
1160,1185,16873000000,140647338
1160,1185,16874000000,140647325
1160,1185,16875000000,140647315
1160,1185,16876000000,140647304
1160,1185,16877000000,140647288
1160,1185,16878000000,140647276
1160,1185,16879000000,140647264
1160,1185,16880000000,140647253
1160,1185,16881000000,140647240
1160,1185,16882000000,140647226
1160,1185,16883000000,140647213
1160,1185,16884000000,140647203
1160,1185,16885000000,140647189
1160,1185,16886000000,140647178
1160,1185,16887000000,140647168
1160,1185,16888000000,140647155
1160,1185,16889000000,140647143
1160,1185,16890000000,140647131
1160,1185,16891000000,140647120
1160,1185,16892000000,140647107
1160,1185,16893000000,140647095
1160,1185,16894000000,140647082
1160,1185,16895000000,140647071
1160,1185,16896000000,140647058
1160,1185,16897000000,140647046
1160,1185,16898000000,140647036
1160,1185,16899000000,140647022
1160,1185,16900000000,140647007
1160,1185,16901000000,140646996
1160,1185,16902000000,140646984
1160,1185,16903000000,140646972
1160,1185,16904000000,140646960
1160,1185,16905000000,140646949
1160,1185,16906000000,140646938
1160,1185,16907000000,140646927
1160,1185,16908000000,140646912
1160,1185,16909000000,140646903
1160,1185,16910000000,140646891
1160,1185,16911000000,140646878
1160,1185,16912000000,140646864
1160,1185,16913000000,140646852
1160,1185,16914000000,140646841
1160,1185,16915000000,140646829
1160,1185,16916000000,140646814
1160,1185,16917000000,140646802
1160,1185,16918000000,140646791
1160,1185,16919000000,140646778
1160,1185,16920000000,140646767
1160,1185,16921000000,140646755
1160,1185,16922000000,140646745
1160,1185,16923000000,140646731
1160,1185,16924000000,140646721
1160,1185,16925000000,140646707
1160,1185,16926000000,140646697
1160,1185,16927000000,140646685
1160,1185,16928000000,140646671
1160,1185,16929000000,140646659
1160,1185,16930000000,140646646
1160,1185,16931000000,140646636
1160,1185,16932000000,140646623
1160,1185,16933000000,140646610
1160,1185,16934000000,140646598
1160,1185,16935000000,140646585
1160,1185,16936000000,140646573
1160,1185,16937000000,140646561
1160,1185,16938000000,140646550
1160,1185,16939000000,140646538
1160,1185,16940000000,140646526
1160,1185,16941000000,140646515
1160,1185,16942000000,140646503
1160,1185,16943000000,140646490
1160,1185,16944000000,140646480
1160,1185,16945000000,140646467
1160,1185,16946000000,140646454
1160,1185,16947000000,140646441
1160,1185,16948000000,140646429
1160,1185,16949000000,140646418
1160,1185,16950000000,140646404
1160,1185,16951000000,140646390
1160,1185,16952000000,140646379
1160,1185,16953000000,140646367
1160,1185,16954000000,140646356
1160,1185,16955000000,140646343
1160,1185,16956000000,140646335
1160,1185,16957000000,140646323
1160,1185,16958000000,140646310
1160,1185,16959000000,140646298
1160,1185,16960000000,140646287
1160,1185,16961000000,140646276
1160,1185,16962000000,140646260
1160,1185,16963000000,140646248
1160,1185,16964000000,140646237
1160,1185,16965000000,140646226
1160,1185,16966000000,140646210
1160,1185,16967000000,140646200
1160,1185,16968000000,140646187
1160,1185,16969000000,140646178
1160,1185,16970000000,140646162
1160,1185,16971000000,140646152
1160,1185,16972000000,140646140
1160,1185,16973000000,140646129
1160,1185,16974000000,140646117
1160,1185,16975000000,140646104
1160,1185,16976000000,140646095
1160,1185,16977000000,140646083
1160,1185,16978000000,140646071
1160,1185,16979000000,140646056
1160,1185,16980000000,140646046
1160,1185,16981000000,140646032
1160,1185,16982000000,140646021
1160,1185,16983000000,140646008
1160,1185,16984000000,140645996
1160,1185,16985000000,140645983
1160,1185,16986000000,140645970
1160,1185,16987000000,140645960
1160,1185,16988000000,140645947
1160,1185,16989000000,140645936
1160,1185,16990000000,140645924
1160,1185,16991000000,140645914
1160,1185,16992000000,140645902
1160,1185,16993000000,140645888
1160,1185,16994000000,140645878
1160,1185,16995000000,140645866
1160,1185,16996000000,140645852
1160,1185,16997000000,140645839
1160,1185,16998000000,140645828
1160,1185,16999000000,140645816
1160,1185,17000000000,140645803
1160,1185,17001000000,140645790
1160,1185,17002000000,140645778
1160,1185,17003000000,140645768
1160,1185,17004000000,140645756
1160,1185,17005000000,140645742
1160,1185,17006000000,140645730
1160,1185,17007000000,140645720
1160,1185,17008000000,140645708
1160,1185,17009000000,140645695
1160,1185,17010000000,140645685
1160,1185,17011000000,140645673
1160,1185,17012000000,140645662
1160,1185,17013000000,140645646
1160,1185,17014000000,140645635
1160,1185,17015000000,140645625
1160,1185,17016000000,140645610
1160,1185,17017000000,140645599
1160,1185,17018000000,140645584
1160,1185,17019000000,140645574
1160,1185,17020000000,140645560
1160,1185,17021000000,140645549
1160,1185,17022000000,140645538
1160,1185,17023000000,140645527
1160,1185,17024000000,140645515
1160,1185,17025000000,140645504
1160,1185,17026000000,140645493
1160,1185,17027000000,140645482
1160,1185,17028000000,140645469
1160,1185,17029000000,140645457
1160,1185,17030000000,140645444
1160,1185,17031000000,140645431
1160,1185,17032000000,140645418
1160,1185,17033000000,140645408
1160,1185,17034000000,140645394
1160,1185,17035000000,140645382
1160,1185,17036000000,140645370
1160,1185,17037000000,140645360
1160,1185,17038000000,140645347
1160,1185,17039000000,140645336
1160,1185,17040000000,140645324
1160,1185,17041000000,140645312
1160,1185,17042000000,140645301
1160,1185,17043000000,140645288
1160,1185,17044000000,140645277
1160,1185,17045000000,140645265
1160,1185,17046000000,140645254
1160,1185,17047000000,140645240
1160,1185,17048000000,140645227
1160,1185,17049000000,140645217
1160,1185,17050000000,140645206
1160,1185,17051000000,140645189
1160,1185,17052000000,140645177
1160,1185,17053000000,140645167
1160,1185,17054000000,140645156
1160,1185,17055000000,140645141
1160,1185,17056000000,140645131
1160,1185,17057000000,140645119
1160,1185,17058000000,140645108
1160,1185,17059000000,140645095
1160,1185,17060000000,140645084
1160,1185,17061000000,140645074
1160,1185,17062000000,140645064
1160,1185,17063000000,140645051
1160,1185,17064000000,140645036
1160,1185,17065000000,140645024
1160,1185,17066000000,140645012
1160,1185,17067000000,140645000
1160,1185,17068000000,140644988
1160,1185,17069000000,140644974
1160,1185,17070000000,140644963
1160,1185,17071000000,140644950
1160,1185,17072000000,140644940
1160,1185,17073000000,140644929
1160,1185,17074000000,140644916
1160,1185,17075000000,140644906
1160,1185,17076000000,140644893
1160,1185,17077000000,140644882
1160,1185,17078000000,140644868
1160,1185,17079000000,140644858
1160,1185,17080000000,140644845
1160,1185,17081000000,140644833
1160,1185,17082000000,140644819
1160,1185,17083000000,140644808
1160,1185,17084000000,140644798
1160,1185,17085000000,140644784
1160,1185,17086000000,140644770
1160,1185,17087000000,140644759
1160,1185,17088000000,140644748
1160,1185,17089000000,140644734
1160,1185,17090000000,140644722
1160,1185,17091000000,140644713
1160,1185,17092000000,140644701
1160,1185,17093000000,140644692
1160,1185,17094000000,140644677
1160,1185,17095000000,140644667
1160,1185,17096000000,140644656
1160,1185,17097000000,140644643
1160,1185,17098000000,140644629
1160,1185,17099000000,140644617
1160,1185,17100000000,140644606
1160,1185,17101000000,140644593
1160,1185,17102000000,140644579
1160,1185,17103000000,140644567
1160,1185,17104000000,140644556
1160,1185,17105000000,140644544
1160,1185,17106000000,140644532
1160,1185,17107000000,140644521
1160,1185,17108000000,140644510
1160,1185,17109000000,140644497
1160,1185,17110000000,140644487
1160,1185,17111000000,140644475
1160,1185,17112000000,140644463
1160,1185,17113000000,140644450
1160,1185,17114000000,140644439
1160,1185,17115000000,140644425
1160,1185,17116000000,140644413
1160,1185,17117000000,140644402
1160,1185,17118000000,140644390
1160,1185,17119000000,140644377
1160,1185,17120000000,140644364
1160,1185,17121000000,140644352
1160,1185,17122000000,140644340
1160,1185,17123000000,140644329
1160,1185,17124000000,140644317
1160,1185,17125000000,140644304
1160,1185,17126000000,140644294
1160,1185,17127000000,140644282
1160,1185,17128000000,140644270
1160,1185,17129000000,140644260
1160,1185,17130000000,140644248
1160,1185,17131000000,140644238
1160,1185,17132000000,140644220
1160,1185,17133000000,140644210
1160,1185,17134000000,140644197
1160,1185,17135000000,140644187
1160,1185,17136000000,140644172
1160,1185,17137000000,140644159
1160,1185,17138000000,140644148
1160,1185,17139000000,140644137
1160,1185,17140000000,140644124
1160,1185,17141000000,140644113
1160,1185,17142000000,140644103
1160,1185,17143000000,140644092
1160,1185,17144000000,140644079
1160,1185,17145000000,140644068
1160,1185,17146000000,140644056
1160,1185,17147000000,140644045
1160,1185,17148000000,140644033
1160,1185,17149000000,140644019
1160,1185,17150000000,140644006
1160,1185,17151000000,140643995
1160,1185,17152000000,140643984
1160,1185,17153000000,140643970
1160,1185,17154000000,140643959
1160,1185,17155000000,140643945
1160,1185,17156000000,140643934
1160,1185,17157000000,140643922
1160,1185,17158000000,140643910
1160,1185,17159000000,140643898
1160,1185,17160000000,140643888
1160,1185,17161000000,140643876
1160,1185,17162000000,140643864
1160,1185,17163000000,140643852
1160,1185,17164000000,140643842
1160,1185,17165000000,140643830
1160,1185,17166000000,140643815
1160,1185,17167000000,140643803
1160,1185,17168000000,140643792
1160,1185,17169000000,140643781
1160,1185,17170000000,140643766
1160,1185,17171000000,140643753
1160,1185,17172000000,140643743
1160,1185,17173000000,140643729
1160,1185,17174000000,140643719
1160,1185,17175000000,140643706
1160,1185,17176000000,140643697
1160,1185,17177000000,140643686
1160,1185,17178000000,140643672
1160,1185,17179000000,140643661
1160,1185,17180000000,140643650
1160,1185,17181000000,140643639
1160,1185,17182000000,140643624
1160,1185,17183000000,140643612
1160,1185,17184000000,140643601
1160,1185,17185000000,140643589
1160,1185,17186000000,140643578
1160,1185,17187000000,140643564
1160,1185,17188000000,140643553
1160,1185,17189000000,140643540
1160,1185,17190000000,140643527
1160,1185,17191000000,140643519
1160,1185,17192000000,140643506
1160,1185,17193000000,140643495
1160,1185,17194000000,140643482
1160,1185,17195000000,140643472
1160,1185,17196000000,140643459
1160,1185,17197000000,140643448
1160,1185,17198000000,140643437
1160,1185,17199000000,140643423
1160,1185,17200000000,140643412
1160,1185,17201000000,140643398
1160,1185,17202000000,140643387
1160,1185,17203000000,140643376
1160,1185,17204000000,140643362
1160,1185,17205000000,140643349
1160,1185,17206000000,140643337
1160,1185,17207000000,140643325
1160,1185,17208000000,140643315
1160,1185,17209000000,140643302
1160,1185,17210000000,140643292
1160,1185,17211000000,140643282
1160,1185,17212000000,140643271
1160,1185,17213000000,140643257
1160,1185,17214000000,140643247
1160,1185,17215000000,140643236
1160,1185,17216000000,140643221
1160,1185,17217000000,140643207
1160,1185,17218000000,140643197
1160,1185,17219000000,140643186
1160,1185,17220000000,140643174
1160,1185,17221000000,140643160
1160,1185,17222000000,140643148
1160,1185,17223000000,140643137
1160,1185,17224000000,140643124
1160,1185,17225000000,140643114
1160,1185,17226000000,140643103
1160,1185,17227000000,140643091
1160,1185,17228000000,140643078
1160,1185,17229000000,140643067
1160,1185,17230000000,140643056
1160,1185,17231000000,140643044
1160,1185,17232000000,140643033
1160,1185,17233000000,140643019
1160,1185,17234000000,140643007
1160,1185,17235000000,140642997
1160,1185,17236000000,140642984
1160,1185,17237000000,140642975
1160,1185,17238000000,140642959
1160,1185,17239000000,140642947
1160,1185,17240000000,140642935
1160,1185,17241000000,140642923
1160,1185,17242000000,140642912
1160,1185,17243000000,140642900
1160,1185,17244000000,140642889
1160,1185,17245000000,140642878
1160,1185,17246000000,140642867
1160,1185,17247000000,140642855
1160,1185,17248000000,140642843
1160,1185,17249000000,140642832
1160,1185,17250000000,140642816
1160,1185,17251000000,140642803
1160,1185,17252000000,140642793
1160,1185,17253000000,140642782
1160,1185,17254000000,140642770
1160,1185,17255000000,140642754
1160,1185,17256000000,140642744
1160,1185,17257000000,140642734
1160,1185,17258000000,140642721
1160,1185,17259000000,140642709
1160,1185,17260000000,140642698
1160,1185,17261000000,140642687
1160,1185,17262000000,140642674
1160,1185,17263000000,140642662
1160,1185,17264000000,140642652
1160,1185,17265000000,140642640
1160,1185,17266000000,140642629
1160,1185,17267000000,140642614
1160,1185,17268000000,140642603
1160,1185,17269000000,140642592
1160,1185,17270000000,140642580
1160,1185,17271000000,140642566
1160,1185,17272000000,140642553
1160,1185,17273000000,140642541
1160,1185,17274000000,140642529
1160,1185,17275000000,140642518
1160,1185,17276000000,140642506
1160,1185,17277000000,140642495
1160,1185,17278000000,140642482
1160,1185,17279000000,140642473
1160,1185,17280000000,140642462
1160,1185,17281000000,140642450
1160,1185,17282000000,140642438
1160,1185,17283000000,140642426
1160,1185,17284000000,140642413
1160,1185,17285000000,140642400
1160,1185,17286000000,140642388
1160,1185,17287000000,140642377
1160,1185,17288000000,140642362
1160,1185,17289000000,140642351
1160,1185,17290000000,140642338
1160,1185,17291000000,140642329
1160,1185,17292000000,140642318
1160,1185,17293000000,140642304
1160,1185,17294000000,140642293
1160,1185,17295000000,140642281
1160,1185,17296000000,140642271
1160,1185,17297000000,140642258
1160,1185,17298000000,140642246
1160,1185,17299000000,140642235
1160,1185,17300000000,140642223
1160,1185,17301000000,140642209
1160,1185,17302000000,140642198
1160,1185,17303000000,140642187
1160,1185,17304000000,140642176
1160,1185,17305000000,140642160
1160,1185,17306000000,140642150
1160,1185,17307000000,140642138
1160,1185,17308000000,140642125
1160,1185,17309000000,140642113
1160,1185,17310000000,140642101
1160,1185,17311000000,140642092
1160,1185,17312000000,140642080
1160,1185,17313000000,140642068
1160,1185,17314000000,140642056
1160,1185,17315000000,140642046
1160,1185,17316000000,140642035
1160,1185,17317000000,140642022
1160,1185,17318000000,140642007
1160,1185,17319000000,140641995
1160,1185,17320000000,140641983
1160,1185,17321000000,140641974
1160,1185,17322000000,140641959
1160,1185,17323000000,140641946
1160,1185,17324000000,140641934
1160,1185,17325000000,140641923
1160,1185,17326000000,140641912
1160,1185,17327000000,140641902
1160,1185,17328000000,140641889
1160,1185,17329000000,140641878
1160,1185,17330000000,140641867
1160,1185,17331000000,140641853
1160,1185,17332000000,140641843
1160,1185,17333000000,140641831
1160,1185,17334000000,140641817
1160,1185,17335000000,140641805
1160,1185,17336000000,140641793
1160,1185,17337000000,140641784
1160,1185,17338000000,140641773
1160,1185,17339000000,140641757
1160,1185,17340000000,140641745
1160,1185,17341000000,140641733
1160,1185,17342000000,140641722
1160,1185,17343000000,140641708
1160,1185,17344000000,140641698
1160,1185,17345000000,140641687
1160,1185,17346000000,140641675
1160,1185,17347000000,140641665
1160,1185,17348000000,140641652
1160,1185,17349000000,140641642
1160,1185,17350000000,140641631
1160,1185,17351000000,140641615
1160,1185,17352000000,140641604
1160,1185,17353000000,140641591
1160,1185,17354000000,140641580
1160,1185,17355000000,140641569
1160,1185,17356000000,140641554
1160,1185,17357000000,140641543
1160,1185,17358000000,140641532
1160,1185,17359000000,140641519
1160,1185,17360000000,140641508
1160,1185,17361000000,140641497
1160,1185,17362000000,140641487
1160,1185,17363000000,140641475
1160,1185,17364000000,140641464
1160,1185,17365000000,140641450
1160,1185,17366000000,140641439
1160,1185,17367000000,140641430
1160,1185,17368000000,140641415
1160,1185,17369000000,140641402
1160,1185,17370000000,140641390
1160,1185,17371000000,140641380
1160,1185,17372000000,140641371
1160,1185,17373000000,140641356
1160,1185,17374000000,140641342
1160,1185,17375000000,140641330
1160,1185,17376000000,140641320
1160,1185,17377000000,140641307
1160,1185,17378000000,140641296
1160,1185,17379000000,140641284
1160,1185,17380000000,140641273
1160,1185,17381000000,140641264
1160,1185,17382000000,140641251
1160,1185,17383000000,140641240
1160,1185,17384000000,140641228
1160,1185,17385000000,140641213
1160,1185,17386000000,140641203
1160,1185,17387000000,140641190
1160,1185,17388000000,140641178
1160,1185,17389000000,140641166
1160,1185,17390000000,140641151
1160,1185,17391000000,140641142
1160,1185,17392000000,140641129
1160,1185,17393000000,140641118
1160,1185,17394000000,140641108
1160,1185,17395000000,140641097
1160,1185,17396000000,140641087
1160,1185,17397000000,140641073
1160,1185,17398000000,140641062
1160,1185,17399000000,140641050
1160,1185,17400000000,140641037
1160,1185,17401000000,140641028
1160,1185,17402000000,140641011
1160,1185,17403000000,140641000
1160,1185,17404000000,140640990
1160,1185,17405000000,140640978
1160,1185,17406000000,140640968
1160,1185,17407000000,140640953
1160,1185,17408000000,140640940
1160,1185,17409000000,140640930
1160,1185,17410000000,140640918
1160,1185,17411000000,140640906
1160,1185,17412000000,140640894
1160,1185,17413000000,140640882
1160,1185,17414000000,140640873
1160,1185,17415000000,140640860
1160,1185,17416000000,140640849
1160,1185,17417000000,140640838
1160,1185,17418000000,140640826
1160,1185,17419000000,140640813
1160,1185,17420000000,140640801
1160,1185,17421000000,140640789
1160,1185,17422000000,140640777
1160,1185,17423000000,140640762
1160,1185,17424000000,140640752
1160,1185,17425000000,140640742
1160,1185,17426000000,140640729
1160,1185,17427000000,140640718
1160,1185,17428000000,140640707
1160,1185,17429000000,140640698
1160,1185,17430000000,140640686
1160,1185,17431000000,140640673
1160,1185,17432000000,140640661
1160,1185,17433000000,140640650
1160,1185,17434000000,140640640
1160,1185,17435000000,140640625
1160,1185,17436000000,140640612
1160,1185,17437000000,140640600
1160,1185,17438000000,140640591
1160,1185,17439000000,140640580
1160,1185,17440000000,140640566
1160,1185,17441000000,140640554
1160,1185,17442000000,140640541
1160,1185,17443000000,140640530
1160,1185,17444000000,140640519
1160,1185,17445000000,140640507
1160,1185,17446000000,140640496
1160,1185,17447000000,140640484
1160,1185,17448000000,140640475
1160,1185,17449000000,140640463
1160,1185,17450000000,140640450
1160,1185,17451000000,140640440
1160,1185,17452000000,140640426
1160,1185,17453000000,140640415
1160,1185,17454000000,140640403
1160,1185,17455000000,140640390
1160,1185,17456000000,140640379
1160,1185,17457000000,140640365
1160,1185,17458000000,140640353
1160,1185,17459000000,140640342
1160,1185,17460000000,140640328
1160,1185,17461000000,140640318
1160,1185,17462000000,140640308
1160,1185,17463000000,140640297
1160,1185,17464000000,140640286
1160,1185,17465000000,140640274
1160,1185,17466000000,140640262
1160,1185,17467000000,140640252
1160,1185,17468000000,140640238
1160,1185,17469000000,140640224
1160,1185,17470000000,140640211
1160,1185,17471000000,140640201
1160,1185,17472000000,140640191
1160,1185,17473000000,140640179
1160,1185,17474000000,140640165
1160,1185,17475000000,140640154
1160,1185,17476000000,140640143
1160,1185,17477000000,140640130
1160,1185,17478000000,140640118
1160,1185,17479000000,140640105
1160,1185,17480000000,140640095
1160,1185,17481000000,140640085
1160,1185,17482000000,140640073
1160,1185,17483000000,140640060
1160,1185,17484000000,140640050
1160,1185,17485000000,140640039
1160,1185,17486000000,140640026
1160,1185,17487000000,140640013
1160,1185,17488000000,140640000
1160,1185,17489000000,140639991
1160,1185,17490000000,140639978
1160,1185,17491000000,140639963
1160,1185,17492000000,140639951
1160,1185,17493000000,140639939
1160,1185,17494000000,140639929
1160,1185,17495000000,140639918
1160,1185,17496000000,140639906
1160,1185,17497000000,140639896
1160,1185,17498000000,140639884
1160,1185,17499000000,140639875
1160,1185,17500000000,140639861
1160,1185,17501000000,140639849
1160,1185,17502000000,140639837
1160,1185,17503000000,140639822
1160,1185,17504000000,140639811
1160,1185,17505000000,140639801
1160,1185,17506000000,140639788
1160,1185,17507000000,140639778
1160,1185,17508000000,140639763
1160,1185,17509000000,140639753
1160,1185,17510000000,140639742
1160,1185,17511000000,140639727
1160,1185,17512000000,140639719
1160,1185,17513000000,140639707
1160,1185,17514000000,140639694
1160,1185,17515000000,140639683
1160,1185,17516000000,140639671
1160,1185,17517000000,140639660
1160,1185,17518000000,140639650
1160,1185,17519000000,140639636
1160,1185,17520000000,140639624
1160,1185,17521000000,140639614
1160,1185,17522000000,140639602
1160,1185,17523000000,140639591
1160,1185,17524000000,140639575
1160,1185,17525000000,140639564
1160,1185,17526000000,140639552
1160,1185,17527000000,140639540
1160,1185,17528000000,140639528
1160,1185,17529000000,140639518
1160,1185,17530000000,140639507
1160,1185,17531000000,140639497
1160,1185,17532000000,140639485
1160,1185,17533000000,140639473
1160,1185,17534000000,140639462
1160,1185,17535000000,140639451
1160,1185,17536000000,140639435
1160,1185,17537000000,140639423
1160,1185,17538000000,140639412
1160,1185,17539000000,140639401
1160,1185,17540000000,140639390
1160,1185,17541000000,140639376
1160,1185,17542000000,140639363
1160,1185,17543000000,140639355
1160,1185,17544000000,140639342
1160,1185,17545000000,140639330
1160,1185,17546000000,140639319
1160,1185,17547000000,140639307
1160,1185,17548000000,140639296
1160,1185,17549000000,140639284
1160,1185,17550000000,140639271
1160,1185,17551000000,140639261
1160,1185,17552000000,140639250
1160,1185,17553000000,140639236
1160,1185,17554000000,140639225
1160,1185,17555000000,140639212
1160,1185,17556000000,140639204
1160,1185,17557000000,140639192
1160,1185,17558000000,140639175
1160,1185,17559000000,140639163
1160,1185,17560000000,140639151
1160,1185,17561000000,140639140
1160,1185,17562000000,140639129
1160,1185,17563000000,140639117
1160,1185,17564000000,140639107
1160,1185,17565000000,140639098
1160,1185,17566000000,140639086
1160,1185,17567000000,140639075
1160,1185,17568000000,140639062
1160,1185,17569000000,140639052
1160,1185,17570000000,140639037
1160,1185,17571000000,140639024
1160,1185,17572000000,140639013
1160,1185,17573000000,140639003
1160,1185,17574000000,140638991
1160,1185,17575000000,140638978
1160,1185,17576000000,140638965
1160,1185,17577000000,140638956
1160,1185,17578000000,140638945
1160,1185,17579000000,140638933
1160,1185,17580000000,140638921
1160,1185,17581000000,140638908
1160,1185,17582000000,140638899
1160,1185,17583000000,140638887
1160,1185,17584000000,140638874
1160,1185,17585000000,140638862
1160,1185,17586000000,140638853
1160,1185,17587000000,140638838
1160,1185,17588000000,140638827
1160,1185,17589000000,140638815
1160,1185,17590000000,140638807
1160,1185,17591000000,140638794
1160,1185,17592000000,140638777
1160,1185,17593000000,140638766
1160,1185,17594000000,140638754
1160,1185,17595000000,140638743
1160,1185,17596000000,140638732
1160,1185,17597000000,140638720
1160,1185,17598000000,140638710
1160,1185,17599000000,140638700
1160,1185,17600000000,140638688
1160,1185,17601000000,140638677
1160,1185,17602000000,140638664
1160,1185,17603000000,140638653
1160,1185,17604000000,140638638
1160,1185,17605000000,140638626
1160,1185,17606000000,140638615
1160,1185,17607000000,140638605
1160,1185,17608000000,140638592
1160,1185,17609000000,140638579
1160,1185,17610000000,140638568
1160,1185,17611000000,140638555
1160,1185,17612000000,140638546
1160,1185,17613000000,140638533
1160,1185,17614000000,140638523
1160,1185,17615000000,140638511
1160,1185,17616000000,140638500
1160,1185,17617000000,140638488
1160,1185,17618000000,140638477
1160,1185,17619000000,140638464
1160,1185,17620000000,140638453
1160,1185,17621000000,140638440
1160,1185,17622000000,140638430
1160,1185,17623000000,140638419
1160,1185,17624000000,140638410
1160,1185,17625000000,140638394
1160,1185,17626000000,140638381
1160,1185,17627000000,140638368
1160,1185,17628000000,140638359
1160,1185,17629000000,140638346
1160,1185,17630000000,140638334
1160,1185,17631000000,140638324
1160,1185,17632000000,140638314
1160,1185,17633000000,140638304
1160,1185,17634000000,140638292
1160,1185,17635000000,140638281
1160,1185,17636000000,140638269
1160,1185,17637000000,140638256
1160,1185,17638000000,140638242
1160,1185,17639000000,140638231
1160,1185,17640000000,140638219
1160,1185,17641000000,140638210
1160,1185,17642000000,140638195
1160,1185,17643000000,140638183
1160,1185,17644000000,140638171
1160,1185,17645000000,140638161
1160,1185,17646000000,140638150
1160,1185,17647000000,140638138
1160,1185,17648000000,140638126
1160,1185,17649000000,140638116
1160,1185,17650000000,140638104
1160,1185,17651000000,140638091
1160,1185,17652000000,140638080
1160,1185,17653000000,140638070
1160,1185,17654000000,140638055
1160,1185,17655000000,140638044
1160,1185,17656000000,140638032
1160,1185,17657000000,140638023
1160,1185,17658000000,140638013
1160,1185,17659000000,140637996
1160,1185,17660000000,140637984
1160,1185,17661000000,140637975
1160,1185,17662000000,140637962
1160,1185,17663000000,140637950
1160,1185,17664000000,140637938
1160,1185,17665000000,140637929
1160,1185,17666000000,140637920
1160,1185,17667000000,140637907
1160,1185,17668000000,140637895
1160,1185,17669000000,140637887
1160,1185,17670000000,140637873
1160,1185,17671000000,140637859
1160,1185,17672000000,140637846
1160,1185,17673000000,140637836
1160,1185,17674000000,140637825
1160,1185,17675000000,140637812
1160,1185,17676000000,140637797
1160,1185,17677000000,140637788
1160,1185,17678000000,140637776
1160,1185,17679000000,140637765
1160,1185,17680000000,140637755
1160,1185,17681000000,140637743
1160,1185,17682000000,140637733
1160,1185,17683000000,140637721
1160,1185,17684000000,140637708
1160,1185,17685000000,140637696
1160,1185,17686000000,140637686
1160,1185,17687000000,140637672
1160,1185,17688000000,140637660
1160,1185,17689000000,140637648
1160,1185,17690000000,140637639
1160,1185,17691000000,140637628
1160,1185,17692000000,140637615
1160,1185,17693000000,140637600
1160,1185,17694000000,140637590
1160,1185,17695000000,140637578
1160,1185,17696000000,140637567
1160,1185,17697000000,140637554
1160,1185,17698000000,140637545
1160,1185,17699000000,140637534
1160,1185,17700000000,140637523
1160,1185,17701000000,140637511
1160,1185,17702000000,140637501
1160,1185,17703000000,140637490
1160,1185,17704000000,140637476
1160,1185,17705000000,140637463
1160,1185,17706000000,140637451
1160,1185,17707000000,140637441
1160,1185,17708000000,140637428
1160,1185,17709000000,140637413
1160,1185,17710000000,140637404
1160,1185,17711000000,140637392
1160,1185,17712000000,140637380
1160,1185,17713000000,140637371
1160,1185,17714000000,140637359
1160,1185,17715000000,140637348
1160,1185,17716000000,140637337
1160,1185,17717000000,140637324
1160,1185,17718000000,140637313
1160,1185,17719000000,140637302
1160,1185,17720000000,140637289
1160,1185,17721000000,140637276
1160,1185,17722000000,140637265
1160,1185,17723000000,140637253
1160,1185,17724000000,140637243
1160,1185,17725000000,140637232
1160,1185,17726000000,140637219
1160,1185,17727000000,140637206
1160,1185,17728000000,140637192
1160,1185,17729000000,140637182
1160,1185,17730000000,140637172
1160,1185,17731000000,140637158
1160,1185,17732000000,140637147
1160,1185,17733000000,140637139
1160,1185,17734000000,140637127
1160,1185,17735000000,140637115
1160,1185,17736000000,140637103
1160,1185,17737000000,140637093
1160,1185,17738000000,140637079
1160,1185,17739000000,140637066
1160,1185,17740000000,140637053
1160,1185,17741000000,140637045
1160,1185,17742000000,140637032
1160,1185,17743000000,140637016
1160,1185,17744000000,140637006
1160,1185,17745000000,140636996
1160,1185,17746000000,140636984
1160,1185,17747000000,140636973
1160,1185,17748000000,140636962
1160,1185,17749000000,140636952
1160,1185,17750000000,140636940
1160,1185,17751000000,140636927
1160,1185,17752000000,140636915
1160,1185,17753000000,140636905
1160,1185,17754000000,140636891
1160,1185,17755000000,140636878
1160,1185,17756000000,140636868
1160,1185,17757000000,140636858
1160,1185,17758000000,140636847
1160,1185,17759000000,140636834
1160,1185,17760000000,140636823
1160,1185,17761000000,140636810
1160,1185,17762000000,140636796
1160,1185,17763000000,140636785
1160,1185,17764000000,140636775
1160,1185,17765000000,140636763
1160,1185,17766000000,140636752
1160,1185,17767000000,140636740
1160,1185,17768000000,140636731
1160,1185,17769000000,140636720
1160,1185,17770000000,140636707
1160,1185,17771000000,140636694
1160,1185,17772000000,140636684
1160,1185,17773000000,140636670
1160,1185,17774000000,140636658
1160,1185,17775000000,140636648
1160,1185,17776000000,140636633
1160,1185,17777000000,140636621
1160,1185,17778000000,140636611
1160,1185,17779000000,140636599
1160,1185,17780000000,140636589
1160,1185,17781000000,140636577
1160,1185,17782000000,140636566
1160,1185,17783000000,140636557
1160,1185,17784000000,140636544
1160,1185,17785000000,140636530
1160,1185,17786000000,140636520
1160,1185,17787000000,140636510
1160,1185,17788000000,140636493
1160,1185,17789000000,140636483
1160,1185,17790000000,140636472
1160,1185,17791000000,140636462
1160,1185,17792000000,140636451
1160,1185,17793000000,140636437
1160,1185,17794000000,140636425
1160,1185,17795000000,140636415
1160,1185,17796000000,140636400
1160,1185,17797000000,140636389
1160,1185,17798000000,140636380
1160,1185,17799000000,140636368
1160,1185,17800000000,140636356
1160,1185,17801000000,140636345
1160,1185,17802000000,140636336
1160,1185,17803000000,140636324
1160,1185,17804000000,140636311
1160,1185,17805000000,140636298
1160,1185,17806000000,140636288
1160,1185,17807000000,140636274
1160,1185,17808000000,140636263
1160,1185,17809000000,140636252
1160,1185,17810000000,140636237
1160,1185,17811000000,140636226
1160,1185,17812000000,140636214
1160,1185,17813000000,140636204
1160,1185,17814000000,140636194
1160,1185,17815000000,140636182
1160,1185,17816000000,140636171
1160,1185,17817000000,140636162
1160,1185,17818000000,140636149
1160,1185,17819000000,140636135
1160,1185,17820000000,140636125
1160,1185,17821000000,140636112
1160,1185,17822000000,140636099
1160,1185,17823000000,140636089
1160,1185,17824000000,140636079
1160,1185,17825000000,140636068
1160,1185,17826000000,140636056
1160,1185,17827000000,140636042
1160,1185,17828000000,140636031
1160,1185,17829000000,140636019
1160,1185,17830000000,140636006
1160,1185,17831000000,140635995
1160,1185,17832000000,140635987
1160,1185,17833000000,140635974
1160,1185,17834000000,140635963
1160,1185,17835000000,140635952
1160,1185,17836000000,140635942
1160,1185,17837000000,140635930
1160,1185,17838000000,140635916
1160,1185,17839000000,140635906
1160,1185,17840000000,140635894
1160,1185,17841000000,140635881
1160,1185,17842000000,140635870
1160,1185,17843000000,140635858
1160,1185,17844000000,140635844
1160,1185,17845000000,140635833
1160,1185,17846000000,140635821
1160,1185,17847000000,140635813
1160,1185,17848000000,140635801
1160,1185,17849000000,140635789
1160,1185,17850000000,140635779
1160,1185,17851000000,140635769
1160,1185,17852000000,140635754
1160,1185,17853000000,140635743
1160,1185,17854000000,140635732
1160,1185,17855000000,140635717
1160,1185,17856000000,140635706
1160,1185,17857000000,140635695
1160,1185,17858000000,140635686
1160,1185,17859000000,140635675
1160,1185,17860000000,140635660
1160,1185,17861000000,140635650
1160,1185,17862000000,140635637
1160,1185,17863000000,140635625
1160,1185,17864000000,140635613
1160,1185,17865000000,140635603
1160,1185,17866000000,140635591
1160,1185,17867000000,140635580
1160,1185,17868000000,140635568
1160,1185,17869000000,140635559
1160,1185,17870000000,140635548
1160,1185,17871000000,140635532
1160,1185,17872000000,140635522
1160,1185,17873000000,140635512
1160,1185,17874000000,140635498
1160,1185,17875000000,140635486
1160,1185,17876000000,140635478
1160,1185,17877000000,140635461
1160,1185,17878000000,140635449
1160,1185,17879000000,140635439
1160,1185,17880000000,140635428
1160,1185,17881000000,140635417
1160,1185,17882000000,140635406
1160,1185,17883000000,140635396
1160,1185,17884000000,140635386
1160,1185,17885000000,140635375
1160,1185,17886000000,140635359
1160,1185,17887000000,140635350
1160,1185,17888000000,140635337
1160,1185,17889000000,140635322
1160,1185,17890000000,140635312
1160,1185,17891000000,140635303
1160,1185,17892000000,140635292
1160,1185,17893000000,140635279
1160,1185,17894000000,140635267
1160,1185,17895000000,140635257
1160,1185,17896000000,140635244
1160,1185,17897000000,140635231
1160,1185,17898000000,140635221
1160,1185,17899000000,140635210
1160,1185,17900000000,140635198
1160,1185,17901000000,140635187
1160,1185,17902000000,140635176
1160,1185,17903000000,140635166
1160,1185,17904000000,140635153
1160,1185,17905000000,140635141
1160,1185,17906000000,140635130
1160,1185,17907000000,140635118
1160,1185,17908000000,140635107
1160,1185,17909000000,140635095
1160,1185,17910000000,140635081
1160,1185,17911000000,140635068
1160,1185,17912000000,140635057
1160,1185,17913000000,140635046
1160,1185,17914000000,140635036
1160,1185,17915000000,140635026
1160,1185,17916000000,140635015
1160,1185,17917000000,140635005
1160,1185,17918000000,140634993
1160,1185,17919000000,140634981
1160,1185,17920000000,140634969
1160,1185,17921000000,140634956
1160,1185,17922000000,140634943
1160,1185,17923000000,140634932
1160,1185,17924000000,140634922
1160,1185,17925000000,140634910
1160,1185,17926000000,140634901
1160,1185,17927000000,140634886
1160,1185,17928000000,140634874
1160,1185,17929000000,140634864
1160,1185,17930000000,140634853
1160,1185,17931000000,140634838
1160,1185,17932000000,140634828
1160,1185,17933000000,140634820
1160,1185,17934000000,140634805
1160,1185,17935000000,140634795
1160,1185,17936000000,140634785
1160,1185,17937000000,140634774
1160,1185,17938000000,140634759
1160,1185,17939000000,140634748
1160,1185,17940000000,140634739
1160,1185,17941000000,140634727
1160,1185,17942000000,140634713
1160,1185,17943000000,140634702
1160,1185,17944000000,140634689
1160,1185,17945000000,140634676
1160,1185,17946000000,140634664
1160,1185,17947000000,140634655
1160,1185,17948000000,140634645
1160,1185,17949000000,140634633
1160,1185,17950000000,140634622
1160,1185,17951000000,140634613
1160,1185,17952000000,140634600
1160,1185,17953000000,140634587
1160,1185,17954000000,140634577
1160,1185,17955000000,140634562
1160,1185,17956000000,140634550
1160,1185,17957000000,140634539
1160,1185,17958000000,140634529
1160,1185,17959000000,140634519
1160,1185,17960000000,140634504
1160,1185,17961000000,140634494
1160,1185,17962000000,140634483
1160,1185,17963000000,140634470
1160,1185,17964000000,140634459
1160,1185,17965000000,140634447
1160,1185,17966000000,140634437
1160,1185,17967000000,140634424
1160,1185,17968000000,140634415
1160,1185,17969000000,140634404
1160,1185,17970000000,140634393
1160,1185,17971000000,140634381
1160,1185,17972000000,140634368
1160,1185,17973000000,140634357
1160,1185,17974000000,140634346
1160,1185,17975000000,140634335
1160,1185,17976000000,140634322
1160,1185,17977000000,140634308
1160,1185,17978000000,140634297
1160,1185,17979000000,140634285
1160,1185,17980000000,140634273
1160,1185,17981000000,140634263
1160,1185,17982000000,140634255
1160,1185,17983000000,140634241
1160,1185,17984000000,140634231
1160,1185,17985000000,140634222
1160,1185,17986000000,140634208
1160,1185,17987000000,140634195
1160,1185,17988000000,140634183
1160,1185,17989000000,140634172
1160,1185,17990000000,140634158
1160,1185,17991000000,140634148
1160,1185,17992000000,140634139
1160,1185,17993000000,140634127
1160,1185,17994000000,140634112
1160,1185,17995000000,140634102
1160,1185,17996000000,140634091
1160,1185,17997000000,140634081
1160,1185,17998000000,140634068
1160,1185,17999000000,140634057
1160,1185,18000000000,140634047
1160,1185,18001000000,140634034
1160,1185,18002000000,140634023
1160,1185,18003000000,140634013
1160,1185,18004000000,140634003
1160,1185,18005000000,140633988
1160,1185,18006000000,140633977
1160,1185,18007000000,140633967
1160,1185,18008000000,140633955
1160,1185,18009000000,140633943
1160,1185,18010000000,140633930
1160,1185,18011000000,140633918
1160,1185,18012000000,140633906
1160,1185,18013000000,140633895
1160,1185,18014000000,140633884
1160,1185,18015000000,140633874
1160,1185,18016000000,140633864
1160,1185,18017000000,140633852
1160,1185,18018000000,140633842
1160,1185,18019000000,140633830
1160,1185,18020000000,140633817
1160,1185,18021000000,140633806
1160,1185,18022000000,140633794
1160,1185,18023000000,140633783
1160,1185,18024000000,140633770
1160,1185,18025000000,140633760
1160,1185,18026000000,140633751
1160,1185,18027000000,140633736
1160,1185,18028000000,140633724
1160,1185,18029000000,140633713
1160,1185,18030000000,140633703
1160,1185,18031000000,140633691
1160,1185,18032000000,140633680
1160,1185,18033000000,140633669
1160,1185,18034000000,140633658
1160,1185,18035000000,140633646
1160,1185,18036000000,140633635
1160,1185,18037000000,140633625
1160,1185,18038000000,140633612
1160,1185,18039000000,140633598
1160,1185,18040000000,140633589
1160,1185,18041000000,140633579
1160,1185,18042000000,140633568
1160,1185,18043000000,140633554
1160,1185,18044000000,140633540
1160,1185,18045000000,140633529
1160,1185,18046000000,140633516
1160,1185,18047000000,140633506
1160,1185,18048000000,140633497
1160,1185,18049000000,140633487
1160,1185,18050000000,140633475
1160,1185,18051000000,140633465
1160,1185,18052000000,140633455
1160,1185,18053000000,140633442
1160,1185,18054000000,140633430
1160,1185,18055000000,140633414
1160,1185,18056000000,140633405
1160,1185,18057000000,140633392
1160,1185,18058000000,140633381
1160,1185,18059000000,140633372
1160,1185,18060000000,140633361
1160,1185,18061000000,140633346
1160,1185,18062000000,140633336
1160,1185,18063000000,140633325
1160,1185,18064000000,140633314
1160,1185,18065000000,140633301
1160,1185,18066000000,140633291
1160,1185,18067000000,140633280
1160,1185,18068000000,140633266
1160,1185,18069000000,140633257
1160,1185,18070000000,140633246
1160,1185,18071000000,140633234
1160,1185,18072000000,140633221
1160,1185,18073000000,140633210
1160,1185,18074000000,140633199
1160,1185,18075000000,140633189
1160,1185,18076000000,140633177
1160,1185,18077000000,140633162
1160,1185,18078000000,140633150
1160,1185,18079000000,140633139
1160,1185,18080000000,140633127
1160,1185,18081000000,140633116
1160,1185,18082000000,140633107
1160,1185,18083000000,140633097
1160,1185,18084000000,140633084
1160,1185,18085000000,140633075
1160,1185,18086000000,140633065
1160,1185,18087000000,140633050
1160,1185,18088000000,140633035
1160,1185,18089000000,140633026
1160,1185,18090000000,140633014
1160,1185,18091000000,140633001
1160,1185,18092000000,140632993
1160,1185,18093000000,140632983
1160,1185,18094000000,140632967
1160,1185,18095000000,140632956
1160,1185,18096000000,140632946
1160,1185,18097000000,140632934
1160,1185,18098000000,140632922
1160,1185,18099000000,140632911
1160,1185,18100000000,140632900
1160,1185,18101000000,140632889
1160,1185,18102000000,140632878
1160,1185,18103000000,140632867
1160,1185,18104000000,140632854
1160,1185,18105000000,140632843
1160,1185,18106000000,140632831
1160,1185,18107000000,140632820
1160,1185,18108000000,140632810
1160,1185,18109000000,140632799
1160,1185,18110000000,140632784
1160,1185,18111000000,140632771
1160,1185,18112000000,140632760
1160,1185,18113000000,140632747
1160,1185,18114000000,140632738
1160,1185,18115000000,140632728
1160,1185,18116000000,140632718
1160,1185,18117000000,140632706
1160,1185,18118000000,140632696
1160,1185,18119000000,140632685
1160,1185,18120000000,140632672
1160,1185,18121000000,140632659
1160,1185,18122000000,140632646
1160,1185,18123000000,140632634
1160,1185,18124000000,140632623
1160,1185,18125000000,140632613
1160,1185,18126000000,140632603
1160,1185,18127000000,140632590
1160,1185,18128000000,140632578
1160,1185,18129000000,140632566
1160,1185,18130000000,140632557
1160,1185,18131000000,140632546
1160,1185,18132000000,140632533
1160,1185,18133000000,140632522
1160,1185,18134000000,140632513
1160,1185,18135000000,140632500
1160,1185,18136000000,140632487
1160,1185,18137000000,140632479
1160,1185,18138000000,140632465
1160,1185,18139000000,140632452
1160,1185,18140000000,140632442
1160,1185,18141000000,140632433
1160,1185,18142000000,140632421
1160,1185,18143000000,140632408
1160,1185,18144000000,140632394
1160,1185,18145000000,140632384
1160,1185,18146000000,140632370
1160,1185,18147000000,140632360
1160,1185,18148000000,140632350
1160,1185,18149000000,140632341
1160,1185,18150000000,140632329
1160,1185,18151000000,140632319
1160,1185,18152000000,140632310
1160,1185,18153000000,140632299
1160,1185,18154000000,140632284
1160,1185,18155000000,140632269
1160,1185,18156000000,140632260
1160,1185,18157000000,140632247
1160,1185,18158000000,140632236
1160,1185,18159000000,140632227
1160,1185,18160000000,140632216
1160,1185,18161000000,140632202
1160,1185,18162000000,140632190
1160,1185,18163000000,140632180
1160,1185,18164000000,140632169
1160,1185,18165000000,140632157
1160,1185,18166000000,140632145
1160,1185,18167000000,140632135
1160,1185,18168000000,140632123
1160,1185,18169000000,140632112
1160,1185,18170000000,140632101
1160,1185,18171000000,140632088
1160,1185,18172000000,140632078
1160,1185,18173000000,140632065
1160,1185,18174000000,140632055
1160,1185,18175000000,140632046
1160,1185,18176000000,140632032
1160,1185,18177000000,140632016
1160,1185,18178000000,140632007
1160,1185,18179000000,140631994
1160,1185,18180000000,140631982
1160,1185,18181000000,140631973
1160,1185,18182000000,140631963
1160,1185,18183000000,140631952
1160,1185,18184000000,140631941
1160,1185,18185000000,140631932
1160,1185,18186000000,140631920
1160,1185,18187000000,140631907
1160,1185,18188000000,140631892
1160,1185,18189000000,140631881
1160,1185,18190000000,140631870
1160,1185,18191000000,140631859
1160,1185,18192000000,140631849
1160,1185,18193000000,140631837
1160,1185,18194000000,140631825
1160,1185,18195000000,140631813
1160,1185,18196000000,140631803
1160,1185,18197000000,140631792
1160,1185,18198000000,140631780
1160,1185,18199000000,140631769
1160,1185,18200000000,140631757
1160,1185,18201000000,140631746
1160,1185,18202000000,140631734
1160,1185,18203000000,140631725
1160,1185,18204000000,140631712
1160,1185,18205000000,140631699
1160,1185,18206000000,140631689
1160,1185,18207000000,140631678
1160,1185,18208000000,140631667
1160,1185,18209000000,140631656
1160,1185,18210000000,140631641
1160,1185,18211000000,140631628
1160,1185,18212000000,140631617
1160,1185,18213000000,140631606
1160,1185,18214000000,140631595
1160,1185,18215000000,140631585
1160,1185,18216000000,140631576
1160,1185,18217000000,140631563
1160,1185,18218000000,140631554
1160,1185,18219000000,140631543
1160,1185,18220000000,140631532
1160,1185,18221000000,140631516
1160,1185,18222000000,140631505
1160,1185,18223000000,140631495
1160,1185,18224000000,140631483
1160,1185,18225000000,140631473
1160,1185,18226000000,140631462
1160,1185,18227000000,140631449
1160,1185,18228000000,140631437
1160,1185,18229000000,140631426
1160,1185,18230000000,140631416
1160,1185,18231000000,140631405
1160,1185,18232000000,140631394
1160,1185,18233000000,140631382
1160,1185,18234000000,140631372
1160,1185,18235000000,140631360
1160,1185,18236000000,140631349
1160,1185,18237000000,140631338
1160,1185,18238000000,140631324
1160,1185,18239000000,140631313
1160,1185,18240000000,140631304
1160,1185,18241000000,140631292
1160,1185,18242000000,140631282
1160,1185,18243000000,140631270
1160,1185,18244000000,140631254
1160,1185,18245000000,140631243
1160,1185,18246000000,140631232
1160,1185,18247000000,140631221
1160,1185,18248000000,140631210
1160,1185,18249000000,140631201
1160,1185,18250000000,140631190
1160,1185,18251000000,140631180
1160,1185,18252000000,140631168
1160,1185,18253000000,140631157
1160,1185,18254000000,140631143
1160,1185,18255000000,140631130
1160,1185,18256000000,140631120
1160,1185,18257000000,140631109
1160,1185,18258000000,140631099
1160,1185,18259000000,140631087
1160,1185,18260000000,140631075
1160,1185,18261000000,140631064
1160,1185,18262000000,140631051
1160,1185,18263000000,140631041
1160,1185,18264000000,140631032
1160,1185,18265000000,140631019
1160,1185,18266000000,140631007
1160,1185,18267000000,140630997
1160,1185,18268000000,140630985
1160,1185,18269000000,140630973
1160,1185,18270000000,140630964
1160,1185,18271000000,140630950
1160,1185,18272000000,140630941
1160,1185,18273000000,140630929
1160,1185,18274000000,140630918
1160,1185,18275000000,140630909
1160,1185,18276000000,140630896
1160,1185,18277000000,140630880
1160,1185,18278000000,140630870
1160,1185,18279000000,140630858
1160,1185,18280000000,140630846
1160,1185,18281000000,140630837
1160,1185,18282000000,140630827
1160,1185,18283000000,140630816
1160,1185,18284000000,140630805
1160,1185,18285000000,140630796
1160,1185,18286000000,140630784
1160,1185,18287000000,140630770
1160,1185,18288000000,140630757
1160,1185,18289000000,140630745
1160,1185,18290000000,140630734
1160,1185,18291000000,140630723
1160,1185,18292000000,140630713
1160,1185,18293000000,140630702
1160,1185,18294000000,140630689
1160,1185,18295000000,140630676
1160,1185,18296000000,140630667
1160,1185,18297000000,140630657
1160,1185,18298000000,140630643
1160,1185,18299000000,140630633
1160,1185,18300000000,140630624
1160,1185,18301000000,140630610
1160,1185,18302000000,140630600
1160,1185,18303000000,140630591
1160,1185,18304000000,140630577
1160,1185,18305000000,140630566
1160,1185,18306000000,140630555
1160,1185,18307000000,140630545
1160,1185,18308000000,140630535
1160,1185,18309000000,140630522
1160,1185,18310000000,140630507
1160,1185,18311000000,140630497
1160,1185,18312000000,140630483
1160,1185,18313000000,140630473
1160,1185,18314000000,140630463
1160,1185,18315000000,140630454
1160,1185,18316000000,140630442
1160,1185,18317000000,140630431
1160,1185,18318000000,140630422
1160,1185,18319000000,140630410
1160,1185,18320000000,140630396
1160,1185,18321000000,140630384
1160,1185,18322000000,140630372
1160,1185,18323000000,140630360
1160,1185,18324000000,140630350
1160,1185,18325000000,140630339
1160,1185,18326000000,140630328
1160,1185,18327000000,140630316
1160,1185,18328000000,140630302
1160,1185,18329000000,140630293
1160,1185,18330000000,140630283
1160,1185,18331000000,140630270
1160,1185,18332000000,140630260
1160,1185,18333000000,140630249
1160,1185,18334000000,140630237
1160,1185,18335000000,140630226
1160,1185,18336000000,140630215
1160,1185,18337000000,140630202
1160,1185,18338000000,140630192
1160,1185,18339000000,140630180
1160,1185,18340000000,140630170
1160,1185,18341000000,140630160
1160,1185,18342000000,140630147
1160,1185,18343000000,140630134
1160,1185,18344000000,140630122
1160,1185,18345000000,140630108
1160,1185,18346000000,140630099
1160,1185,18347000000,140630088
1160,1185,18348000000,140630077
1160,1185,18349000000,140630068
1160,1185,18350000000,140630057
1160,1185,18351000000,140630046
1160,1185,18352000000,140630035
1160,1185,18353000000,140630024
1160,1185,18354000000,140630009
1160,1185,18355000000,140629997
1160,1185,18356000000,140629985
1160,1185,18357000000,140629975
1160,1185,18358000000,140629965
1160,1185,18359000000,140629954
1160,1185,18360000000,140629940
1160,1185,18361000000,140629930
1160,1185,18362000000,140629919
1160,1185,18363000000,140629908
1160,1185,18364000000,140629896
1160,1185,18365000000,140629887
1160,1185,18366000000,140629876
1160,1185,18367000000,140629864
1160,1185,18368000000,140629853
1160,1185,18369000000,140629842
1160,1185,18370000000,140629831
1160,1185,18371000000,140629817
1160,1185,18372000000,140629807
1160,1185,18373000000,140629797
1160,1185,18374000000,140629786
1160,1185,18375000000,140629775
1160,1185,18376000000,140629763
1160,1185,18377000000,140629748
1160,1185,18378000000,140629736
1160,1185,18379000000,140629725
1160,1185,18380000000,140629714
1160,1185,18381000000,140629704
1160,1185,18382000000,140629695
1160,1185,18383000000,140629684
1160,1185,18384000000,140629673
1160,1185,18385000000,140629663
1160,1185,18386000000,140629653
1160,1185,18387000000,140629637
1160,1185,18388000000,140629625
1160,1185,18389000000,140629614
1160,1185,18390000000,140629604
1160,1185,18391000000,140629592
1160,1185,18392000000,140629583
1160,1185,18393000000,140629569
1160,1185,18394000000,140629558
1160,1185,18395000000,140629546
1160,1185,18396000000,140629536
1160,1185,18397000000,140629525
1160,1185,18398000000,140629514
1160,1185,18399000000,140629502
1160,1185,18400000000,140629491
1160,1185,18401000000,140629480
1160,1185,18402000000,140629469
1160,1185,18403000000,140629458
1160,1185,18404000000,140629444
1160,1185,18405000000,140629434
1160,1185,18406000000,140629424
1160,1185,18407000000,140629414
1160,1185,18408000000,140629402
1160,1185,18409000000,140629390
1160,1185,18410000000,140629376
1160,1185,18411000000,140629363
1160,1185,18412000000,140629352
1160,1185,18413000000,140629342
1160,1185,18414000000,140629332
1160,1185,18415000000,140629321
1160,1185,18416000000,140629311
1160,1185,18417000000,140629301
1160,1185,18418000000,140629290
1160,1185,18419000000,140629279
1160,1185,18420000000,140629264
1160,1185,18421000000,140629253
1160,1185,18422000000,140629243
1160,1185,18423000000,140629231
1160,1185,18424000000,140629220
1160,1185,18425000000,140629210
1160,1185,18426000000,140629197
1160,1185,18427000000,140629186
1160,1185,18428000000,140629173
1160,1185,18429000000,140629164
1160,1185,18430000000,140629154
1160,1185,18431000000,140629142
1160,1185,18432000000,140629130
1160,1185,18433000000,140629121
1160,1185,18434000000,140629109
1160,1185,18435000000,140629097
1160,1185,18436000000,140629086
1160,1185,18437000000,140629074
1160,1185,18438000000,140629063
1160,1185,18439000000,140629052
1160,1185,18440000000,140629042
1160,1185,18441000000,140629032
1160,1185,18442000000,140629019
1160,1185,18443000000,140629004
1160,1185,18444000000,140628993
1160,1185,18445000000,140628982
1160,1185,18446000000,140628971
1160,1185,18447000000,140628962
1160,1185,18448000000,140628952
1160,1185,18449000000,140628941
1160,1185,18450000000,140628930
1160,1185,18451000000,140628921
1160,1185,18452000000,140628909
1160,1185,18453000000,140628892
1160,1185,18454000000,140628881
1160,1185,18455000000,140628872
1160,1185,18456000000,140628860
1160,1185,18457000000,140628848
1160,1185,18458000000,140628839
1160,1185,18459000000,140628829
1160,1185,18460000000,140628815
1160,1185,18461000000,140628802
1160,1185,18462000000,140628793
1160,1185,18463000000,140628783
1160,1185,18464000000,140628771
1160,1185,18465000000,140628759
1160,1185,18466000000,140628749
1160,1185,18467000000,140628737
1160,1185,18468000000,140628726
1160,1185,18469000000,140628714
1160,1185,18470000000,140628701
1160,1185,18471000000,140628691
1160,1185,18472000000,140628681
1160,1185,18473000000,140628670
1160,1185,18474000000,140628659
1160,1185,18475000000,140628648
1160,1185,18476000000,140628634
1160,1185,18477000000,140628621
1160,1185,18478000000,140628609
1160,1185,18479000000,140628599
1160,1185,18480000000,140628589
1160,1185,18481000000,140628580
1160,1185,18482000000,140628568
1160,1185,18483000000,140628559
1160,1185,18484000000,140628549
1160,1185,18485000000,140628538
1160,1185,18486000000,140628521
1160,1185,18487000000,140628511
1160,1185,18488000000,140628500
1160,1185,18489000000,140628488
1160,1185,18490000000,140628478
1160,1185,18491000000,140628468
1160,1185,18492000000,140628456
1160,1185,18493000000,140628443
1160,1185,18494000000,140628431
1160,1185,18495000000,140628422
1160,1185,18496000000,140628410
1160,1185,18497000000,140628399
1160,1185,18498000000,140628390
1160,1185,18499000000,140628378
1160,1185,18500000000,140628365
1160,1185,18501000000,140628355
1160,1185,18502000000,140628345
1160,1185,18503000000,140628331
1160,1185,18504000000,140628319
1160,1185,18505000000,140628309
1160,1185,18506000000,140628300
1160,1185,18507000000,140628289
1160,1185,18508000000,140628276
1160,1185,18509000000,140628263
1160,1185,18510000000,140628252
1160,1185,18511000000,140628239
1160,1185,18512000000,140628228
1160,1185,18513000000,140628218
1160,1185,18514000000,140628209
1160,1185,18515000000,140628198
1160,1185,18516000000,140628186
1160,1185,18517000000,140628177
1160,1185,18518000000,140628166
1160,1185,18519000000,140628152
1160,1185,18520000000,140628139
1160,1185,18521000000,140628127
1160,1185,18522000000,140628117
1160,1185,18523000000,140628107
1160,1185,18524000000,140628095
1160,1185,18525000000,140628085
1160,1185,18526000000,140628072
1160,1185,18527000000,140628060
1160,1185,18528000000,140628050
1160,1185,18529000000,140628038
1160,1185,18530000000,140628028
1160,1185,18531000000,140628018
1160,1185,18532000000,140628005
1160,1185,18533000000,140627994
1160,1185,18534000000,140627984
1160,1185,18535000000,140627973
1160,1185,18536000000,140627959
1160,1185,18537000000,140627949
1160,1185,18538000000,140627937
1160,1185,18539000000,140627928
1160,1185,18540000000,140627916
1160,1185,18541000000,140627906
1160,1185,18542000000,140627891
1160,1185,18543000000,140627879
1160,1185,18544000000,140627867
1160,1185,18545000000,140627858
1160,1185,18546000000,140627846
1160,1185,18547000000,140627837
1160,1185,18548000000,140627826
1160,1185,18549000000,140627816
1160,1185,18550000000,140627806
1160,1185,18551000000,140627793
1160,1185,18552000000,140627781
1160,1185,18553000000,140627769
1160,1185,18554000000,140627755
1160,1185,18555000000,140627745
1160,1185,18556000000,140627735
1160,1185,18557000000,140627725
1160,1185,18558000000,140627714
1160,1185,18559000000,140627700
1160,1185,18560000000,140627689
1160,1185,18561000000,140627679
1160,1185,18562000000,140627668
1160,1185,18563000000,140627657
1160,1185,18564000000,140627647
1160,1185,18565000000,140627633
1160,1185,18566000000,140627624
1160,1185,18567000000,140627613
1160,1185,18568000000,140627602
1160,1185,18569000000,140627588
1160,1185,18570000000,140627578
1160,1185,18571000000,140627567
1160,1185,18572000000,140627558
1160,1185,18573000000,140627546
1160,1185,18574000000,140627536
1160,1185,18575000000,140627522
1160,1185,18576000000,140627509
1160,1185,18577000000,140627497
1160,1185,18578000000,140627488
1160,1185,18579000000,140627477
1160,1185,18580000000,140627468
1160,1185,18581000000,140627457
1160,1185,18582000000,140627446
1160,1185,18583000000,140627436
1160,1185,18584000000,140627424
1160,1185,18585000000,140627412
1160,1185,18586000000,140627399
1160,1185,18587000000,140627385
1160,1185,18588000000,140627376
1160,1185,18589000000,140627366
1160,1185,18590000000,140627356
1160,1185,18591000000,140627345
1160,1185,18592000000,140627331
1160,1185,18593000000,140627320
1160,1185,18594000000,140627310
1160,1185,18595000000,140627297
1160,1185,18596000000,140627287
1160,1185,18597000000,140627278
1160,1185,18598000000,140627264
1160,1185,18599000000,140627254
1160,1185,18600000000,140627245
1160,1185,18601000000,140627234
1160,1185,18602000000,140627221
1160,1185,18603000000,140627210
1160,1185,18604000000,140627199
1160,1185,18605000000,140627190
1160,1185,18606000000,140627178
1160,1185,18607000000,140627168
1160,1185,18608000000,140627156
1160,1185,18609000000,140627140
1160,1185,18610000000,140627129
1160,1185,18611000000,140627120
1160,1185,18612000000,140627109
1160,1185,18613000000,140627099
1160,1185,18614000000,140627088
1160,1185,18615000000,140627078
1160,1185,18616000000,140627068
1160,1185,18617000000,140627056
1160,1185,18618000000,140627044
1160,1185,18619000000,140627031
1160,1185,18620000000,140627020
1160,1185,18621000000,140627010
1160,1185,18622000000,140627001
1160,1185,18623000000,140626989
1160,1185,18624000000,140626980
1160,1185,18625000000,140626965
1160,1185,18626000000,140626954
1160,1185,18627000000,140626943
1160,1185,18628000000,140626932
1160,1185,18629000000,140626921
1160,1185,18630000000,140626912
1160,1185,18631000000,140626899
1160,1185,18632000000,140626889
1160,1185,18633000000,140626880
1160,1185,18634000000,140626868
1160,1185,18635000000,140626855
1160,1185,18636000000,140626844
1160,1185,18637000000,140626833
1160,1185,18638000000,140626823
1160,1185,18639000000,140626812
1160,1185,18640000000,140626801
1160,1185,18641000000,140626789
1160,1185,18642000000,140626773
1160,1185,18643000000,140626763
1160,1185,18644000000,140626752
1160,1185,18645000000,140626743
1160,1185,18646000000,140626733
1160,1185,18647000000,140626722
1160,1185,18648000000,140626712
1160,1185,18649000000,140626701
1160,1185,18650000000,140626689
1160,1185,18651000000,140626677
1160,1185,18652000000,140626663
1160,1185,18653000000,140626651
1160,1185,18654000000,140626642
1160,1185,18655000000,140626630
1160,1185,18656000000,140626621
1160,1185,18657000000,140626610
1160,1185,18658000000,140626597
1160,1185,18659000000,140626586
1160,1185,18660000000,140626574
1160,1185,18661000000,140626563
1160,1185,18662000000,140626553
1160,1185,18663000000,140626542
1160,1185,18664000000,140626531
1160,1185,18665000000,140626520
1160,1185,18666000000,140626509
1160,1185,18667000000,140626499
1160,1185,18668000000,140626485
1160,1185,18669000000,140626475
1160,1185,18670000000,140626463
1160,1185,18671000000,140626453
1160,1185,18672000000,140626443
1160,1185,18673000000,140626433
1160,1185,18674000000,140626420
1160,1185,18675000000,140626404
1160,1185,18676000000,140626394
1160,1185,18677000000,140626384
1160,1185,18678000000,140626375
1160,1185,18679000000,140626362
1160,1185,18680000000,140626353
1160,1185,18681000000,140626343
1160,1185,18682000000,140626333
1160,1185,18683000000,140626320
1160,1185,18684000000,140626307
1160,1185,18685000000,140626294
1160,1185,18686000000,140626283
1160,1185,18687000000,140626274
1160,1185,18688000000,140626261
1160,1185,18689000000,140626252
1160,1185,18690000000,140626242
1160,1185,18691000000,140626229
1160,1185,18692000000,140626217
1160,1185,18693000000,140626205
1160,1185,18694000000,140626195
1160,1185,18695000000,140626185
1160,1185,18696000000,140626173
1160,1185,18697000000,140626162
1160,1185,18698000000,140626151
1160,1185,18699000000,140626141
1160,1185,18700000000,140626131
1160,1185,18701000000,140626116
1160,1185,18702000000,140626107
1160,1185,18703000000,140626095
1160,1185,18704000000,140626085
1160,1185,18705000000,140626074
1160,1185,18706000000,140626064
1160,1185,18707000000,140626051
1160,1185,18708000000,140626036
1160,1185,18709000000,140626026
1160,1185,18710000000,140626015
1160,1185,18711000000,140626006
1160,1185,18712000000,140625995
1160,1185,18713000000,140625985
1160,1185,18714000000,140625974
1160,1185,18715000000,140625963
1160,1185,18716000000,140625952
1160,1185,18717000000,140625938
1160,1185,18718000000,140625925
1160,1185,18719000000,140625914
1160,1185,18720000000,140625905
1160,1185,18721000000,140625894
1160,1185,18722000000,140625885
1160,1185,18723000000,140625873
1160,1185,18724000000,140625860
1160,1185,18725000000,140625849
1160,1185,18726000000,140625838
1160,1185,18727000000,140625827
1160,1185,18728000000,140625816
1160,1185,18729000000,140625804
1160,1185,18730000000,140625794
1160,1185,18731000000,140625784
1160,1185,18732000000,140625772
1160,1185,18733000000,140625761
1160,1185,18734000000,140625748
1160,1185,18735000000,140625739
1160,1185,18736000000,140625728
1160,1185,18737000000,140625715
1160,1185,18738000000,140625705
1160,1185,18739000000,140625696
1160,1185,18740000000,140625682
1160,1185,18741000000,140625667
1160,1185,18742000000,140625658
1160,1185,18743000000,140625647
1160,1185,18744000000,140625638
1160,1185,18745000000,140625628
1160,1185,18746000000,140625617
1160,1185,18747000000,140625606
1160,1185,18748000000,140625595
1160,1185,18749000000,140625584
1160,1185,18750000000,140625570
1160,1185,18751000000,140625556
1160,1185,18752000000,140625547
1160,1185,18753000000,140625537
1160,1185,18754000000,140625527
1160,1185,18755000000,140625517
1160,1185,18756000000,140625507
1160,1185,18757000000,140625492
1160,1185,18758000000,140625481
1160,1185,18759000000,140625470
1160,1185,18760000000,140625459
1160,1185,18761000000,140625450
1160,1185,18762000000,140625436
1160,1185,18763000000,140625426
1160,1185,18764000000,140625416
1160,1185,18765000000,140625406
1160,1185,18766000000,140625395
1160,1185,18767000000,140625381
1160,1185,18768000000,140625370
1160,1185,18769000000,140625359
1160,1185,18770000000,140625349
1160,1185,18771000000,140625339
1160,1185,18772000000,140625329
1160,1185,18773000000,140625313
1160,1185,18774000000,140625300
1160,1185,18775000000,140625291
1160,1185,18776000000,140625281
1160,1185,18777000000,140625270
1160,1185,18778000000,140625259
1160,1185,18779000000,140625249
1160,1185,18780000000,140625239
1160,1185,18781000000,140625229
1160,1185,18782000000,140625217
1160,1185,18783000000,140625202
1160,1185,18784000000,140625190
1160,1185,18785000000,140625180
1160,1185,18786000000,140625171
1160,1185,18787000000,140625160
1160,1185,18788000000,140625149
1160,1185,18789000000,140625140
1160,1185,18790000000,140625125
1160,1185,18791000000,140625114
1160,1185,18792000000,140625103
1160,1185,18793000000,140625092
1160,1185,18794000000,140625082
1160,1185,18795000000,140625069
1160,1185,18796000000,140625060
1160,1185,18797000000,140625050
1160,1185,18798000000,140625039
1160,1185,18799000000,140625027
1160,1185,18800000000,140625014
1160,1185,18801000000,140625004
1160,1185,18802000000,140624992
1160,1185,18803000000,140624982
1160,1185,18804000000,140624972
1160,1185,18805000000,140624960
1160,1185,18806000000,140624946
1160,1185,18807000000,140624934
1160,1185,18808000000,140624924
1160,1185,18809000000,140624914
1160,1185,18810000000,140624904
1160,1185,18811000000,140624894
1160,1185,18812000000,140624883
1160,1185,18813000000,140624871
1160,1185,18814000000,140624862
1160,1185,18815000000,140624851
1160,1185,18816000000,140624835
1160,1185,18817000000,140624823
1160,1185,18818000000,140624815
1160,1185,18819000000,140624805
1160,1185,18820000000,140624795
1160,1185,18821000000,140624784
1160,1185,18822000000,140624773
1160,1185,18823000000,140624761
1160,1185,18824000000,140624747
1160,1185,18825000000,140624737
1160,1185,18826000000,140624727
1160,1185,18827000000,140624715
1160,1185,18828000000,140624705
1160,1185,18829000000,140624695
1160,1185,18830000000,140624684
1160,1185,18831000000,140624674
1160,1185,18832000000,140624663
1160,1185,18833000000,140624651
1160,1185,18834000000,140624639
1160,1185,18835000000,140624628
1160,1185,18836000000,140624619
1160,1185,18837000000,140624609
1160,1185,18838000000,140624596
1160,1185,18839000000,140624583
1160,1185,18840000000,140624571
1160,1185,18841000000,140624560
1160,1185,18842000000,140624551
1160,1185,18843000000,140624541
1160,1185,18844000000,140624532
1160,1185,18845000000,140624520
1160,1185,18846000000,140624508
1160,1185,18847000000,140624500
1160,1185,18848000000,140624488
1160,1185,18849000000,140624471
1160,1185,18850000000,140624460
1160,1185,18851000000,140624451
1160,1185,18852000000,140624441
1160,1185,18853000000,140624431
1160,1185,18854000000,140624420
1160,1185,18855000000,140624410
1160,1185,18856000000,140624396
1160,1185,18857000000,140624385
1160,1185,18858000000,140624374
1160,1185,18859000000,140624365
1160,1185,18860000000,140624351
1160,1185,18861000000,140624341
1160,1185,18862000000,140624332
1160,1185,18863000000,140624322
1160,1185,18864000000,140624310
1160,1185,18865000000,140624298
1160,1185,18866000000,140624286
1160,1185,18867000000,140624275
1160,1185,18868000000,140624265
1160,1185,18869000000,140624254
1160,1185,18870000000,140624243
1160,1185,18871000000,140624232
1160,1185,18872000000,140624217
1160,1185,18873000000,140624207
1160,1185,18874000000,140624196
1160,1185,18875000000,140624186
1160,1185,18876000000,140624178
1160,1185,18877000000,140624167
1160,1185,18878000000,140624155
1160,1185,18879000000,140624145
1160,1185,18880000000,140624135
1160,1185,18881000000,140624125
1160,1185,18882000000,140624108
1160,1185,18883000000,140624099
1160,1185,18884000000,140624088
1160,1185,18885000000,140624078
1160,1185,18886000000,140624068
1160,1185,18887000000,140624059
1160,1185,18888000000,140624048
1160,1185,18889000000,140624031
1160,1185,18890000000,140624022
1160,1185,18891000000,140624011
1160,1185,18892000000,140624000
1160,1185,18893000000,140623989
1160,1185,18894000000,140623978
1160,1185,18895000000,140623969
1160,1185,18896000000,140623958
1160,1185,18897000000,140623948
1160,1185,18898000000,140623935
1160,1185,18899000000,140623923
1160,1185,18900000000,140623911
1160,1185,18901000000,140623902
1160,1185,18902000000,140623892
1160,1185,18903000000,140623879
1160,1185,18904000000,140623869
1160,1185,18905000000,140623855
1160,1185,18906000000,140623845
1160,1185,18907000000,140623835
1160,1185,18908000000,140623825
1160,1185,18909000000,140623815
1160,1185,18910000000,140623804
1160,1185,18911000000,140623793
1160,1185,18912000000,140623783
1160,1185,18913000000,140623773
1160,1185,18914000000,140623758
1160,1185,18915000000,140623745
1160,1185,18916000000,140623735
1160,1185,18917000000,140623724
1160,1185,18918000000,140623716
1160,1185,18919000000,140623705
1160,1185,18920000000,140623696
1160,1185,18921000000,140623684
1160,1185,18922000000,140623668
1160,1185,18923000000,140623660
1160,1185,18924000000,140623649
1160,1185,18925000000,140623635
1160,1185,18926000000,140623626
1160,1185,18927000000,140623617
1160,1185,18928000000,140623606
1160,1185,18929000000,140623595
1160,1185,18930000000,140623585
1160,1185,18931000000,140623571
1160,1185,18932000000,140623560
1160,1185,18933000000,140623549
1160,1185,18934000000,140623540
1160,1185,18935000000,140623528
1160,1185,18936000000,140623515
1160,1185,18937000000,140623507
1160,1185,18938000000,140623493
1160,1185,18939000000,140623482
1160,1185,18940000000,140623470
1160,1185,18941000000,140623461
1160,1185,18942000000,140623452
1160,1185,18943000000,140623440
1160,1185,18944000000,140623431
1160,1185,18945000000,140623418
1160,1185,18946000000,140623409
1160,1185,18947000000,140623394
1160,1185,18948000000,140623382
1160,1185,18949000000,140623373
1160,1185,18950000000,140623362
1160,1185,18951000000,140623351
1160,1185,18952000000,140623341
1160,1185,18953000000,140623332
1160,1185,18954000000,140623318
1160,1185,18955000000,140623306
1160,1185,18956000000,140623295
1160,1185,18957000000,140623284
1160,1185,18958000000,140623272
1160,1185,18959000000,140623262
1160,1185,18960000000,140623254
1160,1185,18961000000,140623242
1160,1185,18962000000,140623231
1160,1185,18963000000,140623221
1160,1185,18964000000,140623207
1160,1185,18965000000,140623196
1160,1185,18966000000,140623185
1160,1185,18967000000,140623176
1160,1185,18968000000,140623162
1160,1185,18969000000,140623153
1160,1185,18970000000,140623143
1160,1185,18971000000,140623129
1160,1185,18972000000,140623118
1160,1185,18973000000,140623108
1160,1185,18974000000,140623098
1160,1185,18975000000,140623087
1160,1185,18976000000,140623077
1160,1185,18977000000,140623066
1160,1185,18978000000,140623056
1160,1185,18979000000,140623044
1160,1185,18980000000,140623030
1160,1185,18981000000,140623019
1160,1185,18982000000,140623008
1160,1185,18983000000,140622999
1160,1185,18984000000,140622988
1160,1185,18985000000,140622979
1160,1185,18986000000,140622967
1160,1185,18987000000,140622953
1160,1185,18988000000,140622942
1160,1185,18989000000,140622931
1160,1185,18990000000,140622920
1160,1185,18991000000,140622909
1160,1185,18992000000,140622900
1160,1185,18993000000,140622888
1160,1185,18994000000,140622879
1160,1185,18995000000,140622870
1160,1185,18996000000,140622859
1160,1185,18997000000,140622845
1160,1185,18998000000,140622832
1160,1185,18999000000,140622824
1160,1185,19000000000,140622812
1160,1185,19001000000,140622800
1160,1185,19002000000,140622791
1160,1185,19003000000,140622781
1160,1185,19004000000,140622765
1160,1185,19005000000,140622754
1160,1185,19006000000,140622746
1160,1185,19007000000,140622736
1160,1185,19008000000,140622725
1160,1185,19009000000,140622714
1160,1185,19010000000,140622703
1160,1185,19011000000,140622693
1160,1185,19012000000,140622680
1160,1185,19013000000,140622667
1160,1185,19014000000,140622657
1160,1185,19015000000,140622647
1160,1185,19016000000,140622635
1160,1185,19017000000,140622628
1160,1185,19018000000,140622617
1160,1185,19019000000,140622606
1160,1185,19020000000,140622592
1160,1185,19021000000,140622581
1160,1185,19022000000,140622570
1160,1185,19023000000,140622557
1160,1185,19024000000,140622549
1160,1185,19025000000,140622539
1160,1185,19026000000,140622529
1160,1185,19027000000,140622518
1160,1185,19028000000,140622509
1160,1185,19029000000,140622496
1160,1185,19030000000,140622483
1160,1185,19031000000,140622473
1160,1185,19032000000,140622462
1160,1185,19033000000,140622451
1160,1185,19034000000,140622439
1160,1185,19035000000,140622431
1160,1185,19036000000,140622420
1160,1185,19037000000,140622404
1160,1185,19038000000,140622395
1160,1185,19039000000,140622386
1160,1185,19040000000,140622376
1160,1185,19041000000,140622364
1160,1185,19042000000,140622355
1160,1185,19043000000,140622343
1160,1185,19044000000,140622332
1160,1185,19045000000,140622321
1160,1185,19046000000,140622308
1160,1185,19047000000,140622298
1160,1185,19048000000,140622285
1160,1185,19049000000,140622277
1160,1185,19050000000,140622267
1160,1185,19051000000,140622256
1160,1185,19052000000,140622246
1160,1185,19053000000,140622232
1160,1185,19054000000,140622219
1160,1185,19055000000,140622208
1160,1185,19056000000,140622198
1160,1185,19057000000,140622189
1160,1185,19058000000,140622179
1160,1185,19059000000,140622167
1160,1185,19060000000,140622158
1160,1185,19061000000,140622148
1160,1185,19062000000,140622134
1160,1185,19063000000,140622122
1160,1185,19064000000,140622113
1160,1185,19065000000,140622101
1160,1185,19066000000,140622088
1160,1185,19067000000,140622079
1160,1185,19068000000,140622069
1160,1185,19069000000,140622058
1160,1185,19070000000,140622043
1160,1185,19071000000,140622036
1160,1185,19072000000,140622025
1160,1185,19073000000,140622014
1160,1185,19074000000,140622004
1160,1185,19075000000,140621994
1160,1185,19076000000,140621982
1160,1185,19077000000,140621971
1160,1185,19078000000,140621960
1160,1185,19079000000,140621946
1160,1185,19080000000,140621937
1160,1185,19081000000,140621926
1160,1185,19082000000,140621917
1160,1185,19083000000,140621905
1160,1185,19084000000,140621895
1160,1185,19085000000,140621884
1160,1185,19086000000,140621870
1160,1185,19087000000,140621859
1160,1185,19088000000,140621846
1160,1185,19089000000,140621838
1160,1185,19090000000,140621828
1160,1185,19091000000,140621819
1160,1185,19092000000,140621808
1160,1185,19093000000,140621800
1160,1185,19094000000,140621786
1160,1185,19095000000,140621772
1160,1185,19096000000,140621763
1160,1185,19097000000,140621752
1160,1185,19098000000,140621740
1160,1185,19099000000,140621728
1160,1185,19100000000,140621720
1160,1185,19101000000,140621710
1160,1185,19102000000,140621696
1160,1185,19103000000,140621685
1160,1185,19104000000,140621677
1160,1185,19105000000,140621662
1160,1185,19106000000,140621653
1160,1185,19107000000,140621644
1160,1185,19108000000,140621633
1160,1185,19109000000,140621622
1160,1185,19110000000,140621611
1160,1185,19111000000,140621598
1160,1185,19112000000,140621586
1160,1185,19113000000,140621576
1160,1185,19114000000,140621566
1160,1185,19115000000,140621558
1160,1185,19116000000,140621545
1160,1185,19117000000,140621535
1160,1185,19118000000,140621523
1160,1185,19119000000,140621509
1160,1185,19120000000,140621498
1160,1185,19121000000,140621487
1160,1185,19122000000,140621479
1160,1185,19123000000,140621467
1160,1185,19124000000,140621458
1160,1185,19125000000,140621447
1160,1185,19126000000,140621437
1160,1185,19127000000,140621424
1160,1185,19128000000,140621412
1160,1185,19129000000,140621401
1160,1185,19130000000,140621390
1160,1185,19131000000,140621378
1160,1185,19132000000,140621368
1160,1185,19133000000,140621360
1160,1185,19134000000,140621348
1160,1185,19135000000,140621334
1160,1185,19136000000,140621324
1160,1185,19137000000,140621314
1160,1185,19138000000,140621302
1160,1185,19139000000,140621294
1160,1185,19140000000,140621282
1160,1185,19141000000,140621270
1160,1185,19142000000,140621260
1160,1185,19143000000,140621251
1160,1185,19144000000,140621237
1160,1185,19145000000,140621224
1160,1185,19146000000,140621216
1160,1185,19147000000,140621205
1160,1185,19148000000,140621194
1160,1185,19149000000,140621184
1160,1185,19150000000,140621176
1160,1185,19151000000,140621162
1160,1185,19152000000,140621147
1160,1185,19153000000,140621136
1160,1185,19154000000,140621127
1160,1185,19155000000,140621118
1160,1185,19156000000,140621106
1160,1185,19157000000,140621098
1160,1185,19158000000,140621088
1160,1185,19159000000,140621075
1160,1185,19160000000,140621062
1160,1185,19161000000,140621052
1160,1185,19162000000,140621040
1160,1185,19163000000,140621030
1160,1185,19164000000,140621019
1160,1185,19165000000,140621010
1160,1185,19166000000,140620998
1160,1185,19167000000,140620987
1160,1185,19168000000,140620974
1160,1185,19169000000,140620964
1160,1185,19170000000,140620953
1160,1185,19171000000,140620942
1160,1185,19172000000,140620933
1160,1185,19173000000,140620920
1160,1185,19174000000,140620910
1160,1185,19175000000,140620900
1160,1185,19176000000,140620891
1160,1185,19177000000,140620875
1160,1185,19178000000,140620866
1160,1185,19179000000,140620857
1160,1185,19180000000,140620845
1160,1185,19181000000,140620835
1160,1185,19182000000,140620826
1160,1185,19183000000,140620815
1160,1185,19184000000,140620799
1160,1185,19185000000,140620788
1160,1185,19186000000,140620778
1160,1185,19187000000,140620769
1160,1185,19188000000,140620757
1160,1185,19189000000,140620749
1160,1185,19190000000,140620738
1160,1185,19191000000,140620727
1160,1185,19192000000,140620717
1160,1185,19193000000,140620705
1160,1185,19194000000,140620691
1160,1185,19195000000,140620680
1160,1185,19196000000,140620670
1160,1185,19197000000,140620660
1160,1185,19198000000,140620651
1160,1185,19199000000,140620639
1160,1185,19200000000,140620629
1160,1185,19201000000,140620615
1160,1185,19202000000,140620604
1160,1185,19203000000,140620593
1160,1185,19204000000,140620585
1160,1185,19205000000,140620573
1160,1185,19206000000,140620563
1160,1185,19207000000,140620552
1160,1185,19208000000,140620544
1160,1185,19209000000,140620530
1160,1185,19210000000,140620517
1160,1185,19211000000,140620508
1160,1185,19212000000,140620498
1160,1185,19213000000,140620487
1160,1185,19214000000,140620477
1160,1185,19215000000,140620467
1160,1185,19216000000,140620453
1160,1185,19217000000,140620441
1160,1185,19218000000,140620430
1160,1185,19219000000,140620422
1160,1185,19220000000,140620410
1160,1185,19221000000,140620402
1160,1185,19222000000,140620391
1160,1185,19223000000,140620379
1160,1185,19224000000,140620369
1160,1185,19225000000,140620360
1160,1185,19226000000,140620344
1160,1185,19227000000,140620335
1160,1185,19228000000,140620324
1160,1185,19229000000,140620314
1160,1185,19230000000,140620304
1160,1185,19231000000,140620293
1160,1185,19232000000,140620284
1160,1185,19233000000,140620270
1160,1185,19234000000,140620258
1160,1185,19235000000,140620247
1160,1185,19236000000,140620239
1160,1185,19237000000,140620227
1160,1185,19238000000,140620216
1160,1185,19239000000,140620205
1160,1185,19240000000,140620197
1160,1185,19241000000,140620187
1160,1185,19242000000,140620172
1160,1185,19243000000,140620161
1160,1185,19244000000,140620152
1160,1185,19245000000,140620139
1160,1185,19246000000,140620131
1160,1185,19247000000,140620121
1160,1185,19248000000,140620108
1160,1185,19249000000,140620096
1160,1185,19250000000,140620083
1160,1185,19251000000,140620074
1160,1185,19252000000,140620063
1160,1185,19253000000,140620053
1160,1185,19254000000,140620043
1160,1185,19255000000,140620033
1160,1185,19256000000,140620021
1160,1185,19257000000,140620013
1160,1185,19258000000,140619998
1160,1185,19259000000,140619987
1160,1185,19260000000,140619975
1160,1185,19261000000,140619966
1160,1185,19262000000,140619955
1160,1185,19263000000,140619945
1160,1185,19264000000,140619935
1160,1185,19265000000,140619927
1160,1185,19266000000,140619909
1160,1185,19267000000,140619901
1160,1185,19268000000,140619889
1160,1185,19269000000,140619878
1160,1185,19270000000,140619868
1160,1185,19271000000,140619857
1160,1185,19272000000,140619848
1160,1185,19273000000,140619838
1160,1185,19274000000,140619828
1160,1185,19275000000,140619812
1160,1185,19276000000,140619803
1160,1185,19277000000,140619790
1160,1185,19278000000,140619782
1160,1185,19279000000,140619772
1160,1185,19280000000,140619762
1160,1185,19281000000,140619750
1160,1185,19282000000,140619737
1160,1185,19283000000,140619725
1160,1185,19284000000,140619716
1160,1185,19285000000,140619704
1160,1185,19286000000,140619696
1160,1185,19287000000,140619685
1160,1185,19288000000,140619675
1160,1185,19289000000,140619664
1160,1185,19290000000,140619655
1160,1185,19291000000,140619639
1160,1185,19292000000,140619627
1160,1185,19293000000,140619617
1160,1185,19294000000,140619608
1160,1185,19295000000,140619598
1160,1185,19296000000,140619586
1160,1185,19297000000,140619578
1160,1185,19298000000,140619564
1160,1185,19299000000,140619551
1160,1185,19300000000,140619541
1160,1185,19301000000,140619531
1160,1185,19302000000,140619520
1160,1185,19303000000,140619510
1160,1185,19304000000,140619499
1160,1185,19305000000,140619491
1160,1185,19306000000,140619480
1160,1185,19307000000,140619468
1160,1185,19308000000,140619456
1160,1185,19309000000,140619445
1160,1185,19310000000,140619434
1160,1185,19311000000,140619426
1160,1185,19312000000,140619414
1160,1185,19313000000,140619404
1160,1185,19314000000,140619393
1160,1185,19315000000,140619380
1160,1185,19316000000,140619369
1160,1185,19317000000,140619359
1160,1185,19318000000,140619349
1160,1185,19319000000,140619340
1160,1185,19320000000,140619328
1160,1185,19321000000,140619320
1160,1185,19322000000,140619309
1160,1185,19323000000,140619299
1160,1185,19324000000,140619281
1160,1185,19325000000,140619271
1160,1185,19326000000,140619263
1160,1185,19327000000,140619253
1160,1185,19328000000,140619243
1160,1185,19329000000,140619233
1160,1185,19330000000,140619223
1160,1185,19331000000,140619208
1160,1185,19332000000,140619197
1160,1185,19333000000,140619185
1160,1185,19334000000,140619176
1160,1185,19335000000,140619165
1160,1185,19336000000,140619156
1160,1185,19337000000,140619146
1160,1185,19338000000,140619135
1160,1185,19339000000,140619125
1160,1185,19340000000,140619112
1160,1185,19341000000,140619098
1160,1185,19342000000,140619090
1160,1185,19343000000,140619080
1160,1185,19344000000,140619070
1160,1185,19345000000,140619058
1160,1185,19346000000,140619048
1160,1185,19347000000,140619036
1160,1185,19348000000,140619025
1160,1185,19349000000,140619012
1160,1185,19350000000,140619004
1160,1185,19351000000,140618993
1160,1185,19352000000,140618983
1160,1185,19353000000,140618972
1160,1185,19354000000,140618964
1160,1185,19355000000,140618952
1160,1185,19356000000,140618940
1160,1185,19357000000,140618926
1160,1185,19358000000,140618918
1160,1185,19359000000,140618907
1160,1185,19360000000,140618897
1160,1185,19361000000,140618887
1160,1185,19362000000,140618877
1160,1185,19363000000,140618866
1160,1185,19364000000,140618853
1160,1185,19365000000,140618842
1160,1185,19366000000,140618831
1160,1185,19367000000,140618819
1160,1185,19368000000,140618810
1160,1185,19369000000,140618800
1160,1185,19370000000,140618791
1160,1185,19371000000,140618780
1160,1185,19372000000,140618770
1160,1185,19373000000,140618755
1160,1185,19374000000,140618744
1160,1185,19375000000,140618734
1160,1185,19376000000,140618722
1160,1185,19377000000,140618713
1160,1185,19378000000,140618702
1160,1185,19379000000,140618693
1160,1185,19380000000,140618679
1160,1185,19381000000,140618668
1160,1185,19382000000,140618657
1160,1185,19383000000,140618647
1160,1185,19384000000,140618635
1160,1185,19385000000,140618627
1160,1185,19386000000,140618616
1160,1185,19387000000,140618606
1160,1185,19388000000,140618595
1160,1185,19389000000,140618581
1160,1185,19390000000,140618570
1160,1185,19391000000,140618561
1160,1185,19392000000,140618549
1160,1185,19393000000,140618541
1160,1185,19394000000,140618529
1160,1185,19395000000,140618520
1160,1185,19396000000,140618508
1160,1185,19397000000,140618495
1160,1185,19398000000,140618483
1160,1185,19399000000,140618474
1160,1185,19400000000,140618463
1160,1185,19401000000,140618454
1160,1185,19402000000,140618443
1160,1185,19403000000,140618434
1160,1185,19404000000,140618424
1160,1185,19405000000,140618410
1160,1185,19406000000,140618397
1160,1185,19407000000,140618389
1160,1185,19408000000,140618377
1160,1185,19409000000,140618368
1160,1185,19410000000,140618356
1160,1185,19411000000,140618347
1160,1185,19412000000,140618337
1160,1185,19413000000,140618321
1160,1185,19414000000,140618311
1160,1185,19415000000,140618302
1160,1185,19416000000,140618291
1160,1185,19417000000,140618283
1160,1185,19418000000,140618272
1160,1185,19419000000,140618261
1160,1185,19420000000,140618250
1160,1185,19421000000,140618238
1160,1185,19422000000,140618225
1160,1185,19423000000,140618216
1160,1185,19424000000,140618205
1160,1185,19425000000,140618197
1160,1185,19426000000,140618185
1160,1185,19427000000,140618177
1160,1185,19428000000,140618166
1160,1185,19429000000,140618152
1160,1185,19430000000,140618139
1160,1185,19431000000,140618130
1160,1185,19432000000,140618119
1160,1185,19433000000,140618111
1160,1185,19434000000,140618100
1160,1185,19435000000,140618091
1160,1185,19436000000,140618080
1160,1185,19437000000,140618069
1160,1185,19438000000,140618053
1160,1185,19439000000,140618045
1160,1185,19440000000,140618033
1160,1185,19441000000,140618024
1160,1185,19442000000,140618013
1160,1185,19443000000,140618004
1160,1185,19444000000,140617993
1160,1185,19445000000,140617981
1160,1185,19446000000,140617968
1160,1185,19447000000,140617958
1160,1185,19448000000,140617946
1160,1185,19449000000,140617938
1160,1185,19450000000,140617927
1160,1185,19451000000,140617917
1160,1185,19452000000,140617906
1160,1185,19453000000,140617896
1160,1185,19454000000,140617882
1160,1185,19455000000,140617872
1160,1185,19456000000,140617860
1160,1185,19457000000,140617852
1160,1185,19458000000,140617840
1160,1185,19459000000,140617831
1160,1185,19460000000,140617821
1160,1185,19461000000,140617810
1160,1185,19462000000,140617794
1160,1185,19463000000,140617785
1160,1185,19464000000,140617774
1160,1185,19465000000,140617766
1160,1185,19466000000,140617755
1160,1185,19467000000,140617745
1160,1185,19468000000,140617736
1160,1185,19469000000,140617724
1160,1185,19470000000,140617712
1160,1185,19471000000,140617700
1160,1185,19472000000,140617690
1160,1185,19473000000,140617679
1160,1185,19474000000,140617670
1160,1185,19475000000,140617659
1160,1185,19476000000,140617650
1160,1185,19477000000,140617637
1160,1185,19478000000,140617624
1160,1185,19479000000,140617613
1160,1185,19480000000,140617603
1160,1185,19481000000,140617593
1160,1185,19482000000,140617585
1160,1185,19483000000,140617573
1160,1185,19484000000,140617564
1160,1185,19485000000,140617553
1160,1185,19486000000,140617542
1160,1185,19487000000,140617527
1160,1185,19488000000,140617518
1160,1185,19489000000,140617508
1160,1185,19490000000,140617498
1160,1185,19491000000,140617487
1160,1185,19492000000,140617479
1160,1185,19493000000,140617468
1160,1185,19494000000,140617454
1160,1185,19495000000,140617441
1160,1185,19496000000,140617431
1160,1185,19497000000,140617421
1160,1185,19498000000,140617412
1160,1185,19499000000,140617401
1160,1185,19500000000,140617392
1160,1185,19501000000,140617381
1160,1185,19502000000,140617372
1160,1185,19503000000,140617355
1160,1185,19504000000,140617346
1160,1185,19505000000,140617335
1160,1185,19506000000,140617325
1160,1185,19507000000,140617314
1160,1185,19508000000,140617305
1160,1185,19509000000,140617294
1160,1185,19510000000,140617284
1160,1185,19511000000,140617269
1160,1185,19512000000,140617260
1160,1185,19513000000,140617250
1160,1185,19514000000,140617241
1160,1185,19515000000,140617230
1160,1185,19516000000,140617219
1160,1185,19517000000,140617209
1160,1185,19518000000,140617200
1160,1185,19519000000,140617188
1160,1185,19520000000,140617174
1160,1185,19521000000,140617166
1160,1185,19522000000,140617154
1160,1185,19523000000,140617145
1160,1185,19524000000,140617135
1160,1185,19525000000,140617126
1160,1185,19526000000,140617114
1160,1185,19527000000,140617099
1160,1185,19528000000,140617088
1160,1185,19529000000,140617079
1160,1185,19530000000,140617068
1160,1185,19531000000,140617059
1160,1185,19532000000,140617048
1160,1185,19533000000,140617039
1160,1185,19534000000,140617028
1160,1185,19535000000,140617017
1160,1185,19536000000,140617002
1160,1185,19537000000,140616993
1160,1185,19538000000,140616981
1160,1185,19539000000,140616972
1160,1185,19540000000,140616961
1160,1185,19541000000,140616952
1160,1185,19542000000,140616943
1160,1185,19543000000,140616929
1160,1185,19544000000,140616917
1160,1185,19545000000,140616909
1160,1185,19546000000,140616898
1160,1185,19547000000,140616887
1160,1185,19548000000,140616876
1160,1185,19549000000,140616866
1160,1185,19550000000,140616857
1160,1185,19551000000,140616846
1160,1185,19552000000,140616833
1160,1185,19553000000,140616823
1160,1185,19554000000,140616813
1160,1185,19555000000,140616802
1160,1185,19556000000,140616792
1160,1185,19557000000,140616782
1160,1185,19558000000,140616772
1160,1185,19559000000,140616757
1160,1185,19560000000,140616746
1160,1185,19561000000,140616736
1160,1185,19562000000,140616728
1160,1185,19563000000,140616717
1160,1185,19564000000,140616707
1160,1185,19565000000,140616696
1160,1185,19566000000,140616687
1160,1185,19567000000,140616676
1160,1185,19568000000,140616661
1160,1185,19569000000,140616651
1160,1185,19570000000,140616641
1160,1185,19571000000,140616631
1160,1185,19572000000,140616621
1160,1185,19573000000,140616611
1160,1185,19574000000,140616601
1160,1185,19575000000,140616590
1160,1185,19576000000,140616575
1160,1185,19577000000,140616567
1160,1185,19578000000,140616556
1160,1185,19579000000,140616546
1160,1185,19580000000,140616535
1160,1185,19581000000,140616526
1160,1185,19582000000,140616515
1160,1185,19583000000,140616506
1160,1185,19584000000,140616491
1160,1185,19585000000,140616480
1160,1185,19586000000,140616469
1160,1185,19587000000,140616460
1160,1185,19588000000,140616449
1160,1185,19589000000,140616439
1160,1185,19590000000,140616429
1160,1185,19591000000,140616420
1160,1185,19592000000,140616404
1160,1185,19593000000,140616393
1160,1185,19594000000,140616384
1160,1185,19595000000,140616374
1160,1185,19596000000,140616363
1160,1185,19597000000,140616353
1160,1185,19598000000,140616345
1160,1185,19599000000,140616334
1160,1185,19600000000,140616322
1160,1185,19601000000,140616308
1160,1185,19602000000,140616300
1160,1185,19603000000,140616288
1160,1185,19604000000,140616279
1160,1185,19605000000,140616267
1160,1185,19606000000,140616259
1160,1185,19607000000,140616247
1160,1185,19608000000,140616235
1160,1185,19609000000,140616222
1160,1185,19610000000,140616214
1160,1185,19611000000,140616203
1160,1185,19612000000,140616193
1160,1185,19613000000,140616182
1160,1185,19614000000,140616173
1160,1185,19615000000,140616164
1160,1185,19616000000,140616153
1160,1185,19617000000,140616138
1160,1185,19618000000,140616128
1160,1185,19619000000,140616119
1160,1185,19620000000,140616108
1160,1185,19621000000,140616098
1160,1185,19622000000,140616088
1160,1185,19623000000,140616078
1160,1185,19624000000,140616064
1160,1185,19625000000,140616053
1160,1185,19626000000,140616042
1160,1185,19627000000,140616035
1160,1185,19628000000,140616023
1160,1185,19629000000,140616013
1160,1185,19630000000,140616004
1160,1185,19631000000,140615994
1160,1185,19632000000,140615983
1160,1185,19633000000,140615967
1160,1185,19634000000,140615958
1160,1185,19635000000,140615948
1160,1185,19636000000,140615939
1160,1185,19637000000,140615928
1160,1185,19638000000,140615919
1160,1185,19639000000,140615908
1160,1185,19640000000,140615898
1160,1185,19641000000,140615883
1160,1185,19642000000,140615873
1160,1185,19643000000,140615861
1160,1185,19644000000,140615852
1160,1185,19645000000,140615841
1160,1185,19646000000,140615832
1160,1185,19647000000,140615823
1160,1185,19648000000,140615813
1160,1185,19649000000,140615799
1160,1185,19650000000,140615788
1160,1185,19651000000,140615779
1160,1185,19652000000,140615768
1160,1185,19653000000,140615757
1160,1185,19654000000,140615746
1160,1185,19655000000,140615737
1160,1185,19656000000,140615726
1160,1185,19657000000,140615712
1160,1185,19658000000,140615701
1160,1185,19659000000,140615692
1160,1185,19660000000,140615682
1160,1185,19661000000,140615672
1160,1185,19662000000,140615662
1160,1185,19663000000,140615653
1160,1185,19664000000,140615642
1160,1185,19665000000,140615629
1160,1185,19666000000,140615617
1160,1185,19667000000,140615606
1160,1185,19668000000,140615597
1160,1185,19669000000,140615586
1160,1185,19670000000,140615576
1160,1185,19671000000,140615566
1160,1185,19672000000,140615557
1160,1185,19673000000,140615544
1160,1185,19674000000,140615530
1160,1185,19675000000,140615521
1160,1185,19676000000,140615511
1160,1185,19677000000,140615502
1160,1185,19678000000,140615491
1160,1185,19679000000,140615482
1160,1185,19680000000,140615472
1160,1185,19681000000,140615459
1160,1185,19682000000,140615445
1160,1185,19683000000,140615436
1160,1185,19684000000,140615426
1160,1185,19685000000,140615415
1160,1185,19686000000,140615404
1160,1185,19687000000,140615395
1160,1185,19688000000,140615386
1160,1185,19689000000,140615373
1160,1185,19690000000,140615361
1160,1185,19691000000,140615350
1160,1185,19692000000,140615342
1160,1185,19693000000,140615331
1160,1185,19694000000,140615322
1160,1185,19695000000,140615310
1160,1185,19696000000,140615300
1160,1185,19697000000,140615289
1160,1185,19698000000,140615275
1160,1185,19699000000,140615264
1160,1185,19700000000,140615256
1160,1185,19701000000,140615246
1160,1185,19702000000,140615235
1160,1185,19703000000,140615226
1160,1185,19704000000,140615215
1160,1185,19705000000,140615206
1160,1185,19706000000,140615190
1160,1185,19707000000,140615180
1160,1185,19708000000,140615170
1160,1185,19709000000,140615160
1160,1185,19710000000,140615149
1160,1185,19711000000,140615140
1160,1185,19712000000,140615129
1160,1185,19713000000,140615120
1160,1185,19714000000,140615106
1160,1185,19715000000,140615095
1160,1185,19716000000,140615086
1160,1185,19717000000,140615075
1160,1185,19718000000,140615066
1160,1185,19719000000,140615054
1160,1185,19720000000,140615045
1160,1185,19721000000,140615035
1160,1185,19722000000,140615021
1160,1185,19723000000,140615009
1160,1185,19724000000,140615000
1160,1185,19725000000,140614990
1160,1185,19726000000,140614980
1160,1185,19727000000,140614970
1160,1185,19728000000,140614960
1160,1185,19729000000,140614951
1160,1185,19730000000,140614937
1160,1185,19731000000,140614925
1160,1185,19732000000,140614914
1160,1185,19733000000,140614905
1160,1185,19734000000,140614895
1160,1185,19735000000,140614886
1160,1185,19736000000,140614876
1160,1185,19737000000,140614866
1160,1185,19738000000,140614852
1160,1185,19739000000,140614840
1160,1185,19740000000,140614831
1160,1185,19741000000,140614820
1160,1185,19742000000,140614811
1160,1185,19743000000,140614800
1160,1185,19744000000,140614790
1160,1185,19745000000,140614780
1160,1185,19746000000,140614769
1160,1185,19747000000,140614756
1160,1185,19748000000,140614745
1160,1185,19749000000,140614736
1160,1185,19750000000,140614726
1160,1185,19751000000,140614717
1160,1185,19752000000,140614706
1160,1185,19753000000,140614699
1160,1185,19754000000,140614682
1160,1185,19755000000,140614671
1160,1185,19756000000,140614661
1160,1185,19757000000,140614651
1160,1185,19758000000,140614642
1160,1185,19759000000,140614631
1160,1185,19760000000,140614622
1160,1185,19761000000,140614612
1160,1185,19762000000,140614600
1160,1185,19763000000,140614587
1160,1185,19764000000,140614578
1160,1185,19765000000,140614566
1160,1185,19766000000,140614557
1160,1185,19767000000,140614547
1160,1185,19768000000,140614537
1160,1185,19769000000,140614527
1160,1185,19770000000,140614513
1160,1185,19771000000,140614502
1160,1185,19772000000,140614491
1160,1185,19773000000,140614482
1160,1185,19774000000,140614472
1160,1185,19775000000,140614462
1160,1185,19776000000,140614452
1160,1185,19777000000,140614444
1160,1185,19778000000,140614433
1160,1185,19779000000,140614418
1160,1185,19780000000,140614409
1160,1185,19781000000,140614398
1160,1185,19782000000,140614390
1160,1185,19783000000,140614378
1160,1185,19784000000,140614370
1160,1185,19785000000,140614361
1160,1185,19786000000,140614349
1160,1185,19787000000,140614335
1160,1185,19788000000,140614325
1160,1185,19789000000,140614316
1160,1185,19790000000,140614306
1160,1185,19791000000,140614297
1160,1185,19792000000,140614285
1160,1185,19793000000,140614276
1160,1185,19794000000,140614265
1160,1185,19795000000,140614254
1160,1185,19796000000,140614241
1160,1185,19797000000,140614232
1160,1185,19798000000,140614223
1160,1185,19799000000,140614212
1160,1185,19800000000,140614204
1160,1185,19801000000,140614192
1160,1185,19802000000,140614183
1160,1185,19803000000,140614168
1160,1185,19804000000,140614157
1160,1185,19805000000,140614147
1160,1185,19806000000,140614137
1160,1185,19807000000,140614126
1160,1185,19808000000,140614117
1160,1185,19809000000,140614108
1160,1185,19810000000,140614097
1160,1185,19811000000,140614086
1160,1185,19812000000,140614072
1160,1185,19813000000,140614063
1160,1185,19814000000,140614054
1160,1185,19815000000,140614045
1160,1185,19816000000,140614036
1160,1185,19817000000,140614025
1160,1185,19818000000,140614015
1160,1185,19819000000,140614002
1160,1185,19820000000,140613990
1160,1185,19821000000,140613979
1160,1185,19822000000,140613969
1160,1185,19823000000,140613960
1160,1185,19824000000,140613950
1160,1185,19825000000,140613939
1160,1185,19826000000,140613931
1160,1185,19827000000,140613920
1160,1185,19828000000,140613905
1160,1185,19829000000,140613897
1160,1185,19830000000,140613887
1160,1185,19831000000,140613877
1160,1185,19832000000,140613866
1160,1185,19833000000,140613856
1160,1185,19834000000,140613847
1160,1185,19835000000,140613833
1160,1185,19836000000,140613822
1160,1185,19837000000,140613812
1160,1185,19838000000,140613802
1160,1185,19839000000,140613792
1160,1185,19840000000,140613782
1160,1185,19841000000,140613771
1160,1185,19842000000,140613762
1160,1185,19843000000,140613750
1160,1185,19844000000,140613737
1160,1185,19845000000,140613728
1160,1185,19846000000,140613716
1160,1185,19847000000,140613707
1160,1185,19848000000,140613698
1160,1185,19849000000,140613686
1160,1185,19850000000,140613678
1160,1185,19851000000,140613664
1160,1185,19852000000,140613653
1160,1185,19853000000,140613642
1160,1185,19854000000,140613633
1160,1185,19855000000,140613623
1160,1185,19856000000,140613614
1160,1185,19857000000,140613603
1160,1185,19858000000,140613594
1160,1185,19859000000,140613583
1160,1185,19860000000,140613566
1160,1185,19861000000,140613558
1160,1185,19862000000,140613546
1160,1185,19863000000,140613538
1160,1185,19864000000,140613527
1160,1185,19865000000,140613518
1160,1185,19866000000,140613508
1160,1185,19867000000,140613497
1160,1185,19868000000,140613484
1160,1185,19869000000,140613474
1160,1185,19870000000,140613463
1160,1185,19871000000,140613454
1160,1185,19872000000,140613444
1160,1185,19873000000,140613434
1160,1185,19874000000,140613424
1160,1185,19875000000,140613414
1160,1185,19876000000,140613400
1160,1185,19877000000,140613390
1160,1185,19878000000,140613379
1160,1185,19879000000,140613370
1160,1185,19880000000,140613358
1160,1185,19881000000,140613348
1160,1185,19882000000,140613340
1160,1185,19883000000,140613328
1160,1185,19884000000,140613316
1160,1185,19885000000,140613303
1160,1185,19886000000,140613295
1160,1185,19887000000,140613285
1160,1185,19888000000,140613274
1160,1185,19889000000,140613265
1160,1185,19890000000,140613256
1160,1185,19891000000,140613244
1160,1185,19892000000,140613232
1160,1185,19893000000,140613220
1160,1185,19894000000,140613210
1160,1185,19895000000,140613200
1160,1185,19896000000,140613190
1160,1185,19897000000,140613180
1160,1185,19898000000,140613172
1160,1185,19899000000,140613160
1160,1185,19900000000,140613149
1160,1185,19901000000,140613136
1160,1185,19902000000,140613125
1160,1185,19903000000,140613116
1160,1185,19904000000,140613105
1160,1185,19905000000,140613097
1160,1185,19906000000,140613085
1160,1185,19907000000,140613076
1160,1185,19908000000,140613064
1160,1185,19909000000,140613050
1160,1185,19910000000,140613041
1160,1185,19911000000,140613032
1160,1185,19912000000,140613021
1160,1185,19913000000,140613011
1160,1185,19914000000,140613002
1160,1185,19915000000,140612992
1160,1185,19916000000,140612979
1160,1185,19917000000,140612967
1160,1185,19918000000,140612957
1160,1185,19919000000,140612949
1160,1185,19920000000,140612937
1160,1185,19921000000,140612929
1160,1185,19922000000,140612918
1160,1185,19923000000,140612907
1160,1185,19924000000,140612896
1160,1185,19925000000,140612881
1160,1185,19926000000,140612873
1160,1185,19927000000,140612861
1160,1185,19928000000,140612853
1160,1185,19929000000,140612843
1160,1185,19930000000,140612832
1160,1185,19931000000,140612823
1160,1185,19932000000,140612811
1160,1185,19933000000,140612798
1160,1185,19934000000,140612788
1160,1185,19935000000,140612779
1160,1185,19936000000,140612769
1160,1185,19937000000,140612759
1160,1185,19938000000,140612749
1160,1185,19939000000,140612739
1160,1185,19940000000,140612728
1160,1185,19941000000,140612713
1160,1185,19942000000,140612705
1160,1185,19943000000,140612694
1160,1185,19944000000,140612684
1160,1185,19945000000,140612675
1160,1185,19946000000,140612664
1160,1185,19947000000,140612656
1160,1185,19948000000,140612644
1160,1185,19949000000,140612631
1160,1185,19950000000,140612621
1160,1185,19951000000,140612609
1160,1185,19952000000,140612601
1160,1185,19953000000,140612591
1160,1185,19954000000,140612580
1160,1185,19955000000,140612571
1160,1185,19956000000,140612560
1160,1185,19957000000,140612547
1160,1185,19958000000,140612535
1160,1185,19959000000,140612526
1160,1185,19960000000,140612515
1160,1185,19961000000,140612507
1160,1185,19962000000,140612496
1160,1185,19963000000,140612487
1160,1185,19964000000,140612476
1160,1185,19965000000,140612462
1160,1185,19966000000,140612453
1160,1185,19967000000,140612441
1160,1185,19968000000,140612433
1160,1185,19969000000,140612422
1160,1185,19970000000,140612413
1160,1185,19971000000,140612403
1160,1185,19972000000,140612392
1160,1185,19973000000,140612381
1160,1185,19974000000,140612370
1160,1185,19975000000,140612358
1160,1185,19976000000,140612349
1160,1185,19977000000,140612337
1160,1185,19978000000,140612329
1160,1185,19979000000,140612317
1160,1185,19980000000,140612308
1160,1185,19981000000,140612295
1160,1185,19982000000,140612284
1160,1185,19983000000,140612273
1160,1185,19984000000,140612264
1160,1185,19985000000,140612253
1160,1185,19986000000,140612244
1160,1185,19987000000,140612235
1160,1185,19988000000,140612224
1160,1185,19989000000,140612212
1160,1185,19990000000,140612200
1160,1185,19991000000,140612190
1160,1185,19992000000,140612181
1160,1185,19993000000,140612170
1160,1185,19994000000,140612161
1160,1185,19995000000,140612152
1160,1185,19996000000,140612139
1160,1185,19997000000,140612128
1160,1185,19998000000,140612115
1160,1185,19999000000,140612106
1160,1185,20000000000,140612096
1160,1185,20001000000,140612086
1160,1185,20002000000,140612077
1160,1185,20003000000,140612067
1160,1185,20004000000,140612057
1160,1185,20005000000,140612046
1160,1185,20006000000,140612031
1160,1185,20007000000,140612022
1160,1185,20008000000,140612013
1160,1185,20009000000,140612003
1160,1185,20010000000,140611993
1160,1185,20011000000,140611983
1160,1185,20012000000,140611973
1160,1185,20013000000,140611961
1160,1185,20014000000,140611949
1160,1185,20015000000,140611940
1160,1185,20016000000,140611932
1160,1185,20017000000,140611919
1160,1185,20018000000,140611910
1160,1185,20019000000,140611899
1160,1185,20020000000,140611890
1160,1185,20021000000,140611879
1160,1185,20022000000,140611866
1160,1185,20023000000,140611856
1160,1185,20024000000,140611847
1160,1185,20025000000,140611836
1160,1185,20026000000,140611829
1160,1185,20027000000,140611817
1160,1185,20028000000,140611808
1160,1185,20029000000,140611796
1160,1185,20030000000,140611783
1160,1185,20031000000,140611774
1160,1185,20032000000,140611763
1160,1185,20033000000,140611756
1160,1185,20034000000,140611746
1160,1185,20035000000,140611735
1160,1185,20036000000,140611726
1160,1185,20037000000,140611714
1160,1185,20038000000,140611701
1160,1185,20039000000,140611691
1160,1185,20040000000,140611680
1160,1185,20041000000,140611671
1160,1185,20042000000,140611661
1160,1185,20043000000,140611652
1160,1185,20044000000,140611642
1160,1185,20045000000,140611630
1160,1185,20046000000,140611617
1160,1185,20047000000,140611608
1160,1185,20048000000,140611597
1160,1185,20049000000,140611586
1160,1185,20050000000,140611578
1160,1185,20051000000,140611567
1160,1185,20052000000,140611557
1160,1185,20053000000,140611545
1160,1185,20054000000,140611534
1160,1185,20055000000,140611524
1160,1185,20056000000,140611513
1160,1185,20057000000,140611504
1160,1185,20058000000,140611494
1160,1185,20059000000,140611483
1160,1185,20060000000,140611475
1160,1185,20061000000,140611463
1160,1185,20062000000,140611450
1160,1185,20063000000,140611439
1160,1185,20064000000,140611429
1160,1185,20065000000,140611420
1160,1185,20066000000,140611410
1160,1185,20067000000,140611400
1160,1185,20068000000,140611391
1160,1185,20069000000,140611377
1160,1185,20070000000,140611367
1160,1185,20071000000,140611356
1160,1185,20072000000,140611346
1160,1185,20073000000,140611336
1160,1185,20074000000,140611326
1160,1185,20075000000,140611317
1160,1185,20076000000,140611307
1160,1185,20077000000,140611296
1160,1185,20078000000,140611284
1160,1185,20079000000,140611272
1160,1185,20080000000,140611262
1160,1185,20081000000,140611253
1160,1185,20082000000,140611243
1160,1185,20083000000,140611234
1160,1185,20084000000,140611224
1160,1185,20085000000,140611213
1160,1185,20086000000,140611200
1160,1185,20087000000,140611190
1160,1185,20088000000,140611179
1160,1185,20089000000,140611171
1160,1185,20090000000,140611159
1160,1185,20091000000,140611150
1160,1185,20092000000,140611141
1160,1185,20093000000,140611131
1160,1185,20094000000,140611118
1160,1185,20095000000,140611106
1160,1185,20096000000,140611096
1160,1185,20097000000,140611087
1160,1185,20098000000,140611076
1160,1185,20099000000,140611067
1160,1185,20100000000,140611055
1160,1185,20101000000,140611046
1160,1185,20102000000,140611035
1160,1185,20103000000,140611024
1160,1185,20104000000,140611015
1160,1185,20105000000,140611005
1160,1185,20106000000,140610995
1160,1185,20107000000,140610986
1160,1185,20108000000,140610975
1160,1185,20109000000,140610966
1160,1185,20110000000,140610953
1160,1185,20111000000,140610940
1160,1185,20112000000,140610932
1160,1185,20113000000,140610922
1160,1185,20114000000,140610912
1160,1185,20115000000,140610903
1160,1185,20116000000,140610891
1160,1185,20117000000,140610882
1160,1185,20118000000,140610870
1160,1185,20119000000,140610858
1160,1185,20120000000,140610849
1160,1185,20121000000,140610837
1160,1185,20122000000,140610829
1160,1185,20123000000,140610819
1160,1185,20124000000,140610809
1160,1185,20125000000,140610800
1160,1185,20126000000,140610786
1160,1185,20127000000,140610776
1160,1185,20128000000,140610766
1160,1185,20129000000,140610755
1160,1185,20130000000,140610746
1160,1185,20131000000,140610735
1160,1185,20132000000,140610726
1160,1185,20133000000,140610717
1160,1185,20134000000,140610704
1160,1185,20135000000,140610692
1160,1185,20136000000,140610683
1160,1185,20137000000,140610673
1160,1185,20138000000,140610663
1160,1185,20139000000,140610653
1160,1185,20140000000,140610643
1160,1185,20141000000,140610634
1160,1185,20142000000,140610620
1160,1185,20143000000,140610609
1160,1185,20144000000,140610599
1160,1185,20145000000,140610589
1160,1185,20146000000,140610580
1160,1185,20147000000,140610570
1160,1185,20148000000,140610561
1160,1185,20149000000,140610550
1160,1185,20150000000,140610537
1160,1185,20151000000,140610526
1160,1185,20152000000,140610515
1160,1185,20153000000,140610505
1160,1185,20154000000,140610496
1160,1185,20155000000,140610486
1160,1185,20156000000,140610477
1160,1185,20157000000,140610467
1160,1185,20158000000,140610454
1160,1185,20159000000,140610442
1160,1185,20160000000,140610433
1160,1185,20161000000,140610423
1160,1185,20162000000,140610413
1160,1185,20163000000,140610402
1160,1185,20164000000,140610393
1160,1185,20165000000,140610384
1160,1185,20166000000,140610372
1160,1185,20167000000,140610360
1160,1185,20168000000,140610349
1160,1185,20169000000,140610339
1160,1185,20170000000,140610330
1160,1185,20171000000,140610320
1160,1185,20172000000,140610311
1160,1185,20173000000,140610300
1160,1185,20174000000,140610288
1160,1185,20175000000,140610276
1160,1185,20176000000,140610266
1160,1185,20177000000,140610257
1160,1185,20178000000,140610247
1160,1185,20179000000,140610237
1160,1185,20180000000,140610227
1160,1185,20181000000,140610217
1160,1185,20182000000,140610205
1160,1185,20183000000,140610193
1160,1185,20184000000,140610182
1160,1185,20185000000,140610173
1160,1185,20186000000,140610162
1160,1185,20187000000,140610152
1160,1185,20188000000,140610144
1160,1185,20189000000,140610133
1160,1185,20190000000,140610123
1160,1185,20191000000,140610110
1160,1185,20192000000,140610099
1160,1185,20193000000,140610091
1160,1185,20194000000,140610079
1160,1185,20195000000,140610070
1160,1185,20196000000,140610060
1160,1185,20197000000,140610051
1160,1185,20198000000,140610040
1160,1185,20199000000,140610027
1160,1185,20200000000,140610017
1160,1185,20201000000,140610008
1160,1185,20202000000,140609997
1160,1185,20203000000,140609988
1160,1185,20204000000,140609977
1160,1185,20205000000,140609967
1160,1185,20206000000,140609958
1160,1185,20207000000,140609944
1160,1185,20208000000,140609934
1160,1185,20209000000,140609924
1160,1185,20210000000,140609914
1160,1185,20211000000,140609905
1160,1185,20212000000,140609895
1160,1185,20213000000,140609885
1160,1185,20214000000,140609873
1160,1185,20215000000,140609862
1160,1185,20216000000,140609852
1160,1185,20217000000,140609842
1160,1185,20218000000,140609832
1160,1185,20219000000,140609824
1160,1185,20220000000,140609813
1160,1185,20221000000,140609803
1160,1185,20222000000,140609792
1160,1185,20223000000,140609780
1160,1185,20224000000,140609770
1160,1185,20225000000,140609759
1160,1185,20226000000,140609750
1160,1185,20227000000,140609741
1160,1185,20228000000,140609732
1160,1185,20229000000,140609723
1160,1185,20230000000,140609711
1160,1185,20231000000,140609699
1160,1185,20232000000,140609689
1160,1185,20233000000,140609679
1160,1185,20234000000,140609668
1160,1185,20235000000,140609657
1160,1185,20236000000,140609648
1160,1185,20237000000,140609639
1160,1185,20238000000,140609628
1160,1185,20239000000,140609616
1160,1185,20240000000,140609606
1160,1185,20241000000,140609595
1160,1185,20242000000,140609585
1160,1185,20243000000,140609575
1160,1185,20244000000,140609565
1160,1185,20245000000,140609556
1160,1185,20246000000,140609544
1160,1185,20247000000,140609532
1160,1185,20248000000,140609522
1160,1185,20249000000,140609513
1160,1185,20250000000,140609504
1160,1185,20251000000,140609493
1160,1185,20252000000,140609484
1160,1185,20253000000,140609474
1160,1185,20254000000,140609464
1160,1185,20255000000,140609452
1160,1185,20256000000,140609439
1160,1185,20257000000,140609430
1160,1185,20258000000,140609420
1160,1185,20259000000,140609410
1160,1185,20260000000,140609401
1160,1185,20261000000,140609392
1160,1185,20262000000,140609381
1160,1185,20263000000,140609369
1160,1185,20264000000,140609357
1160,1185,20265000000,140609347
1160,1185,20266000000,140609337
1160,1185,20267000000,140609327
1160,1185,20268000000,140609319
1160,1185,20269000000,140609309
1160,1185,20270000000,140609300
1160,1185,20271000000,140609288
1160,1185,20272000000,140609275
1160,1185,20273000000,140609265
1160,1185,20274000000,140609257
1160,1185,20275000000,140609247
1160,1185,20276000000,140609238
1160,1185,20277000000,140609227
1160,1185,20278000000,140609218
1160,1185,20279000000,140609205
1160,1185,20280000000,140609193
1160,1185,20281000000,140609184
1160,1185,20282000000,140609175
1160,1185,20283000000,140609165
1160,1185,20284000000,140609155
1160,1185,20285000000,140609145
1160,1185,20286000000,140609136
1160,1185,20287000000,140609122
1160,1185,20288000000,140609110
1160,1185,20289000000,140609100
1160,1185,20290000000,140609092
1160,1185,20291000000,140609082
1160,1185,20292000000,140609072
1160,1185,20293000000,140609062
1160,1185,20294000000,140609053
1160,1185,20295000000,140609040
1160,1185,20296000000,140609028
1160,1185,20297000000,140609017
1160,1185,20298000000,140609008
1160,1185,20299000000,140608999
1160,1185,20300000000,140608989
1160,1185,20301000000,140608979
1160,1185,20302000000,140608971
1160,1185,20303000000,140608957
1160,1185,20304000000,140608946
1160,1185,20305000000,140608935
1160,1185,20306000000,140608926
1160,1185,20307000000,140608917
1160,1185,20308000000,140608906
1160,1185,20309000000,140608896
1160,1185,20310000000,140608887
1160,1185,20311000000,140608875
1160,1185,20312000000,140608863
1160,1185,20313000000,140608854
1160,1185,20314000000,140608844
1160,1185,20315000000,140608834
1160,1185,20316000000,140608823
1160,1185,20317000000,140608814
1160,1185,20318000000,140608803
1160,1185,20319000000,140608790
1160,1185,20320000000,140608779
1160,1185,20321000000,140608770
1160,1185,20322000000,140608760
1160,1185,20323000000,140608750
1160,1185,20324000000,140608740
1160,1185,20325000000,140608731
1160,1185,20326000000,140608721
1160,1185,20327000000,140608709
1160,1185,20328000000,140608696
1160,1185,20329000000,140608687
1160,1185,20330000000,140608677
1160,1185,20331000000,140608667
1160,1185,20332000000,140608658
1160,1185,20333000000,140608649
1160,1185,20334000000,140608638
1160,1185,20335000000,140608627
1160,1185,20336000000,140608614
1160,1185,20337000000,140608605
1160,1185,20338000000,140608595
1160,1185,20339000000,140608584
1160,1185,20340000000,140608575
1160,1185,20341000000,140608565
1160,1185,20342000000,140608555
1160,1185,20343000000,140608544
1160,1185,20344000000,140608533
1160,1185,20345000000,140608522
1160,1185,20346000000,140608512
1160,1185,20347000000,140608502
1160,1185,20348000000,140608493
1160,1185,20349000000,140608482
1160,1185,20350000000,140608472
1160,1185,20351000000,140608462
1160,1185,20352000000,140608450
1160,1185,20353000000,140608439
1160,1185,20354000000,140608430
1160,1185,20355000000,140608420
1160,1185,20356000000,140608410
1160,1185,20357000000,140608400
1160,1185,20358000000,140608391
1160,1185,20359000000,140608380
1160,1185,20360000000,140608368
1160,1185,20361000000,140608357
1160,1185,20362000000,140608348
1160,1185,20363000000,140608338
1160,1185,20364000000,140608329
1160,1185,20365000000,140608319
1160,1185,20366000000,140608310
1160,1185,20367000000,140608298
1160,1185,20368000000,140608286
1160,1185,20369000000,140608275
1160,1185,20370000000,140608265
1160,1185,20371000000,140608255
1160,1185,20372000000,140608245
1160,1185,20373000000,140608237
1160,1185,20374000000,140608227
1160,1185,20375000000,140608215
1160,1185,20376000000,140608203
1160,1185,20377000000,140608193
1160,1185,20378000000,140608183
1160,1185,20379000000,140608173
1160,1185,20380000000,140608162
1160,1185,20381000000,140608153
1160,1185,20382000000,140608143
1160,1185,20383000000,140608133
1160,1185,20384000000,140608121
1160,1185,20385000000,140608111
1160,1185,20386000000,140608100
1160,1185,20387000000,140608090
1160,1185,20388000000,140608081
1160,1185,20389000000,140608071
1160,1185,20390000000,140608060
1160,1185,20391000000,140608049
1160,1185,20392000000,140608039
1160,1185,20393000000,140608028
1160,1185,20394000000,140608018
1160,1185,20395000000,140608010
1160,1185,20396000000,140608000
1160,1185,20397000000,140607990
1160,1185,20398000000,140607980
1160,1185,20399000000,140607970
1160,1185,20400000000,140607958
1160,1185,20401000000,140607945
1160,1185,20402000000,140607936
1160,1185,20403000000,140607926
1160,1185,20404000000,140607917
1160,1185,20405000000,140607907
1160,1185,20406000000,140607899
1160,1185,20407000000,140607887
1160,1185,20408000000,140607875
1160,1185,20409000000,140607865
1160,1185,20410000000,140607855
1160,1185,20411000000,140607845
1160,1185,20412000000,140607836
1160,1185,20413000000,140607826
1160,1185,20414000000,140607818
1160,1185,20415000000,140607807
1160,1185,20416000000,140607796
1160,1185,20417000000,140607784
1160,1185,20418000000,140607775
1160,1185,20419000000,140607764
1160,1185,20420000000,140607755
1160,1185,20421000000,140607745
1160,1185,20422000000,140607736
1160,1185,20423000000,140607725
1160,1185,20424000000,140607713
1160,1185,20425000000,140607703
1160,1185,20426000000,140607695
1160,1185,20427000000,140607685
1160,1185,20428000000,140607675
1160,1185,20429000000,140607664
1160,1185,20430000000,140607656
1160,1185,20431000000,140607645
1160,1185,20432000000,140607632
1160,1185,20433000000,140607620
1160,1185,20434000000,140607611
1160,1185,20435000000,140607602
1160,1185,20436000000,140607592
1160,1185,20437000000,140607583
1160,1185,20438000000,140607573
1160,1185,20439000000,140607561
1160,1185,20440000000,140607550
1160,1185,20441000000,140607539
1160,1185,20442000000,140607528
1160,1185,20443000000,140607520
1160,1185,20444000000,140607510
1160,1185,20445000000,140607501
1160,1185,20446000000,140607491
1160,1185,20447000000,140607481
1160,1185,20448000000,140607469
1160,1185,20449000000,140607458
1160,1185,20450000000,140607447
1160,1185,20451000000,140607439
1160,1185,20452000000,140607427
1160,1185,20453000000,140607418
1160,1185,20454000000,140607409
1160,1185,20455000000,140607397
1160,1185,20456000000,140607385
1160,1185,20457000000,140607376
1160,1185,20458000000,140607366
1160,1185,20459000000,140607356
1160,1185,20460000000,140607346
1160,1185,20461000000,140607337
1160,1185,20462000000,140607326
1160,1185,20463000000,140607316
1160,1185,20464000000,140607304
1160,1185,20465000000,140607292
1160,1185,20466000000,140607283
1160,1185,20467000000,140607274
1160,1185,20468000000,140607264
1160,1185,20469000000,140607254
1160,1185,20470000000,140607243
1160,1185,20471000000,140607233
1160,1185,20472000000,140607221
1160,1185,20473000000,140607209
1160,1185,20474000000,140607201
1160,1185,20475000000,140607190
1160,1185,20476000000,140607182
1160,1185,20477000000,140607174
1160,1185,20478000000,140607164
1160,1185,20479000000,140607153
1160,1185,20480000000,140607142
1160,1185,20481000000,140607130
1160,1185,20482000000,140607121
1160,1185,20483000000,140607110
1160,1185,20484000000,140607102
1160,1185,20485000000,140607091
1160,1185,20486000000,140607082
1160,1185,20487000000,140607071
1160,1185,20488000000,140607060
1160,1185,20489000000,140607049
1160,1185,20490000000,140607039
1160,1185,20491000000,140607029
1160,1185,20492000000,140607020
1160,1185,20493000000,140607008
1160,1185,20494000000,140607000
1160,1185,20495000000,140606990
1160,1185,20496000000,140606978
1160,1185,20497000000,140606968
1160,1185,20498000000,140606958
1160,1185,20499000000,140606948
1160,1185,20500000000,140606939
1160,1185,20501000000,140606928
1160,1185,20502000000,140606919
1160,1185,20503000000,140606908
1160,1185,20504000000,140606896
1160,1185,20505000000,140606886
1160,1185,20506000000,140606877
1160,1185,20507000000,140606868
1160,1185,20508000000,140606858
1160,1185,20509000000,140606849
1160,1185,20510000000,140606839
1160,1185,20511000000,140606828
1160,1185,20512000000,140606817
1160,1185,20513000000,140606805
1160,1185,20514000000,140606794
1160,1185,20515000000,140606786
1160,1185,20516000000,140606775
1160,1185,20517000000,140606766
1160,1185,20518000000,140606757
1160,1185,20519000000,140606745
1160,1185,20520000000,140606734
1160,1185,20521000000,140606723
1160,1185,20522000000,140606713
1160,1185,20523000000,140606705
1160,1185,20524000000,140606693
1160,1185,20525000000,140606684
1160,1185,20526000000,140606675
1160,1185,20527000000,140606664
1160,1185,20528000000,140606653
1160,1185,20529000000,140606642
1160,1185,20530000000,140606633
1160,1185,20531000000,140606623
1160,1185,20532000000,140606613
1160,1185,20533000000,140606604
1160,1185,20534000000,140606593
1160,1185,20535000000,140606582
1160,1185,20536000000,140606570
1160,1185,20537000000,140606559
1160,1185,20538000000,140606551
1160,1185,20539000000,140606541
1160,1185,20540000000,140606531
1160,1185,20541000000,140606522
1160,1185,20542000000,140606511
1160,1185,20543000000,140606502
1160,1185,20544000000,140606491
1160,1185,20545000000,140606478
1160,1185,20546000000,140606469
1160,1185,20547000000,140606459
1160,1185,20548000000,140606450
1160,1185,20549000000,140606440
1160,1185,20550000000,140606431
1160,1185,20551000000,140606419
1160,1185,20552000000,140606408
1160,1185,20553000000,140606397
1160,1185,20554000000,140606389
1160,1185,20555000000,140606377
1160,1185,20556000000,140606369
1160,1185,20557000000,140606358
1160,1185,20558000000,140606349
1160,1185,20559000000,140606339
1160,1185,20560000000,140606328
1160,1185,20561000000,140606316
1160,1185,20562000000,140606307
1160,1185,20563000000,140606296
1160,1185,20564000000,140606287
1160,1185,20565000000,140606276
1160,1185,20566000000,140606267
1160,1185,20567000000,140606255
1160,1185,20568000000,140606244
1160,1185,20569000000,140606234
1160,1185,20570000000,140606224
1160,1185,20571000000,140606215
1160,1185,20572000000,140606205
1160,1185,20573000000,140606194
1160,1185,20574000000,140606186
1160,1185,20575000000,140606174
1160,1185,20576000000,140606163
1160,1185,20577000000,140606153
1160,1185,20578000000,140606142
1160,1185,20579000000,140606133
1160,1185,20580000000,140606124
1160,1185,20581000000,140606115
1160,1185,20582000000,140606105
1160,1185,20583000000,140606093
1160,1185,20584000000,140606082
1160,1185,20585000000,140606072
1160,1185,20586000000,140606061
1160,1185,20587000000,140606052
1160,1185,20588000000,140606041
1160,1185,20589000000,140606033
1160,1185,20590000000,140606023
1160,1185,20591000000,140606012
1160,1185,20592000000,140606002
1160,1185,20593000000,140605990
1160,1185,20594000000,140605979
1160,1185,20595000000,140605971
1160,1185,20596000000,140605960
1160,1185,20597000000,140605951
1160,1185,20598000000,140605941
1160,1185,20599000000,140605930
1160,1185,20600000000,140605919
1160,1185,20601000000,140605909
1160,1185,20602000000,140605899
1160,1185,20603000000,140605889
1160,1185,20604000000,140605879
1160,1185,20605000000,140605870
1160,1185,20606000000,140605858
1160,1185,20607000000,140605849
1160,1185,20608000000,140605837
1160,1185,20609000000,140605825
1160,1185,20610000000,140605817
1160,1185,20611000000,140605807
1160,1185,20612000000,140605797
1160,1185,20613000000,140605789
1160,1185,20614000000,140605779
1160,1185,20615000000,140605768
1160,1185,20616000000,140605757
1160,1185,20617000000,140605746
1160,1185,20618000000,140605737
1160,1185,20619000000,140605727
1160,1185,20620000000,140605718
1160,1185,20621000000,140605708
1160,1185,20622000000,140605699
1160,1185,20623000000,140605688
1160,1185,20624000000,140605676
1160,1185,20625000000,140605666
1160,1185,20626000000,140605658
1160,1185,20627000000,140605646
1160,1185,20628000000,140605638
1160,1185,20629000000,140605628
1160,1185,20630000000,140605619
1160,1185,20631000000,140605607
1160,1185,20632000000,140605596
1160,1185,20633000000,140605586
1160,1185,20634000000,140605576
1160,1185,20635000000,140605567
1160,1185,20636000000,140605558
1160,1185,20637000000,140605546
1160,1185,20638000000,140605538
1160,1185,20639000000,140605526
1160,1185,20640000000,140605515
1160,1185,20641000000,140605505
1160,1185,20642000000,140605496
1160,1185,20643000000,140605486
1160,1185,20644000000,140605477
1160,1185,20645000000,140605466
1160,1185,20646000000,140605457
1160,1185,20647000000,140605444
1160,1185,20648000000,140605433
1160,1185,20649000000,140605423
1160,1185,20650000000,140605413
1160,1185,20651000000,140605404
1160,1185,20652000000,140605394
1160,1185,20653000000,140605386
1160,1185,20654000000,140605376
1160,1185,20655000000,140605364
1160,1185,20656000000,140605354
1160,1185,20657000000,140605342
1160,1185,20658000000,140605331
1160,1185,20659000000,140605323
1160,1185,20660000000,140605312
1160,1185,20661000000,140605303
1160,1185,20662000000,140605294
1160,1185,20663000000,140605283
1160,1185,20664000000,140605271
1160,1185,20665000000,140605261
1160,1185,20666000000,140605252
1160,1185,20667000000,140605244
1160,1185,20668000000,140605232
1160,1185,20669000000,140605224
1160,1185,20670000000,140605214
1160,1185,20671000000,140605204
1160,1185,20672000000,140605193
1160,1185,20673000000,140605181
1160,1185,20674000000,140605172
1160,1185,20675000000,140605163
1160,1185,20676000000,140605152
1160,1185,20677000000,140605143
1160,1185,20678000000,140605132
1160,1185,20679000000,140605121
1160,1185,20680000000,140605108
1160,1185,20681000000,140605099
1160,1185,20682000000,140605090
1160,1185,20683000000,140605080
1160,1185,20684000000,140605071
1160,1185,20685000000,140605062
1160,1185,20686000000,140605051
1160,1185,20687000000,140605042
1160,1185,20688000000,140605029
1160,1185,20689000000,140605018
1160,1185,20690000000,140605008
1160,1185,20691000000,140605000
1160,1185,20692000000,140604991
1160,1185,20693000000,140604981
1160,1185,20694000000,140604972
1160,1185,20695000000,140604960
1160,1185,20696000000,140604948
1160,1185,20697000000,140604939
1160,1185,20698000000,140604928
1160,1185,20699000000,140604918
1160,1185,20700000000,140604910
1160,1185,20701000000,140604899
1160,1185,20702000000,140604891
1160,1185,20703000000,140604881
1160,1185,20704000000,140604870
1160,1185,20705000000,140604857
1160,1185,20706000000,140604848
1160,1185,20707000000,140604839
1160,1185,20708000000,140604830
1160,1185,20709000000,140604818
1160,1185,20710000000,140604810
1160,1185,20711000000,140604797
1160,1185,20712000000,140604786
1160,1185,20713000000,140604777
1160,1185,20714000000,140604767
1160,1185,20715000000,140604758
1160,1185,20716000000,140604749
1160,1185,20717000000,140604738
1160,1185,20718000000,140604730
1160,1185,20719000000,140604718
1160,1185,20720000000,140604708
1160,1185,20721000000,140604695
1160,1185,20722000000,140604687
1160,1185,20723000000,140604679
1160,1185,20724000000,140604667
1160,1185,20725000000,140604660
1160,1185,20726000000,140604651
1160,1185,20727000000,140604638
1160,1185,20728000000,140604627
1160,1185,20729000000,140604615
1160,1185,20730000000,140604606
1160,1185,20731000000,140604596
1160,1185,20732000000,140604587
1160,1185,20733000000,140604580
1160,1185,20734000000,140604570
1160,1185,20735000000,140604560
1160,1185,20736000000,140604548
1160,1185,20737000000,140604535
1160,1185,20738000000,140604527
1160,1185,20739000000,140604517
1160,1185,20740000000,140604507
1160,1185,20741000000,140604499
1160,1185,20742000000,140604489
1160,1185,20743000000,140604478
1160,1185,20744000000,140604466
1160,1185,20745000000,140604456
1160,1185,20746000000,140604446
1160,1185,20747000000,140604437
1160,1185,20748000000,140604428
1160,1185,20749000000,140604418
1160,1185,20750000000,140604407
1160,1185,20751000000,140604398
1160,1185,20752000000,140604386
1160,1185,20753000000,140604375
1160,1185,20754000000,140604366
1160,1185,20755000000,140604357
1160,1185,20756000000,140604348
1160,1185,20757000000,140604337
1160,1185,20758000000,140604328
1160,1185,20759000000,140604317
1160,1185,20760000000,140604303
1160,1185,20761000000,140604295
1160,1185,20762000000,140604285
1160,1185,20763000000,140604275
1160,1185,20764000000,140604267
1160,1185,20765000000,140604257
1160,1185,20766000000,140604248
1160,1185,20767000000,140604237
1160,1185,20768000000,140604225
1160,1185,20769000000,140604214
1160,1185,20770000000,140604202
1160,1185,20771000000,140604194
1160,1185,20772000000,140604185
1160,1185,20773000000,140604175
1160,1185,20774000000,140604166
1160,1185,20775000000,140604157
1160,1185,20776000000,140604144
1160,1185,20777000000,140604134
1160,1185,20778000000,140604124
1160,1185,20779000000,140604115
1160,1185,20780000000,140604104
1160,1185,20781000000,140604095
1160,1185,20782000000,140604085
1160,1185,20783000000,140604074
1160,1185,20784000000,140604064
1160,1185,20785000000,140604053
1160,1185,20786000000,140604042
1160,1185,20787000000,140604033
1160,1185,20788000000,140604024
1160,1185,20789000000,140604015
1160,1185,20790000000,140604004
1160,1185,20791000000,140603994
1160,1185,20792000000,140603983
1160,1185,20793000000,140603971
1160,1185,20794000000,140603963
1160,1185,20795000000,140603953
1160,1185,20796000000,140603943
1160,1185,20797000000,140603935
1160,1185,20798000000,140603925
1160,1185,20799000000,140603913
1160,1185,20800000000,140603902
1160,1185,20801000000,140603890
1160,1185,20802000000,140603882
1160,1185,20803000000,140603871
1160,1185,20804000000,140603863
1160,1185,20805000000,140603854
1160,1185,20806000000,140603842
1160,1185,20807000000,140603833
1160,1185,20808000000,140603822
1160,1185,20809000000,140603810
1160,1185,20810000000,140603802
1160,1185,20811000000,140603791
1160,1185,20812000000,140603782
1160,1185,20813000000,140603772
1160,1185,20814000000,140603765
1160,1185,20815000000,140603755
1160,1185,20816000000,140603742
1160,1185,20817000000,140603732
1160,1185,20818000000,140603723
1160,1185,20819000000,140603711
1160,1185,20820000000,140603703
1160,1185,20821000000,140603692
1160,1185,20822000000,140603682
1160,1185,20823000000,140603671
1160,1185,20824000000,140603662
1160,1185,20825000000,140603652
1160,1185,20826000000,140603642
1160,1185,20827000000,140603634
1160,1185,20828000000,140603625
1160,1185,20829000000,140603613
1160,1185,20830000000,140603605
1160,1185,20831000000,140603594
1160,1185,20832000000,140603582
1160,1185,20833000000,140603570
1160,1185,20834000000,140603561
1160,1185,20835000000,140603553
1160,1185,20836000000,140603542
1160,1185,20837000000,140603533
1160,1185,20838000000,140603523
1160,1185,20839000000,140603513
1160,1185,20840000000,140603502
1160,1185,20841000000,140603491
1160,1185,20842000000,140603481
1160,1185,20843000000,140603471
1160,1185,20844000000,140603462
1160,1185,20845000000,140603454
1160,1185,20846000000,140603443
1160,1185,20847000000,140603433
1160,1185,20848000000,140603423
1160,1185,20849000000,140603410
1160,1185,20850000000,140603400
1160,1185,20851000000,140603391
1160,1185,20852000000,140603382
1160,1185,20853000000,140603372
1160,1185,20854000000,140603360
1160,1185,20855000000,140603352
1160,1185,20856000000,140603342
1160,1185,20857000000,140603330
1160,1185,20858000000,140603322
1160,1185,20859000000,140603311
1160,1185,20860000000,140603301
1160,1185,20861000000,140603292
1160,1185,20862000000,140603281
1160,1185,20863000000,140603271
1160,1185,20864000000,140603261
1160,1185,20865000000,140603250
1160,1185,20866000000,140603241
1160,1185,20867000000,140603230
1160,1185,20868000000,140603222
1160,1185,20869000000,140603212
1160,1185,20870000000,140603200
1160,1185,20871000000,140603190
1160,1185,20872000000,140603180
1160,1185,20873000000,140603169
1160,1185,20874000000,140603159
1160,1185,20875000000,140603151
1160,1185,20876000000,140603143
1160,1185,20877000000,140603131
1160,1185,20878000000,140603122
1160,1185,20879000000,140603112
1160,1185,20880000000,140603100
1160,1185,20881000000,140603089
1160,1185,20882000000,140603079
1160,1185,20883000000,140603070
1160,1185,20884000000,140603060
1160,1185,20885000000,140603051
1160,1185,20886000000,140603042
1160,1185,20887000000,140603030
1160,1185,20888000000,140603020
1160,1185,20889000000,140603010
1160,1185,20890000000,140603001
1160,1185,20891000000,140602990
1160,1185,20892000000,140602980
1160,1185,20893000000,140602971
1160,1185,20894000000,140602960
1160,1185,20895000000,140602949
1160,1185,20896000000,140602939
1160,1185,20897000000,140602929
1160,1185,20898000000,140602920
1160,1185,20899000000,140602912
1160,1185,20900000000,140602902
1160,1185,20901000000,140602891
1160,1185,20902000000,140602879
1160,1185,20903000000,140602868
1160,1185,20904000000,140602858
1160,1185,20905000000,140602847
1160,1185,20906000000,140602839
1160,1185,20907000000,140602831
1160,1185,20908000000,140602820
1160,1185,20909000000,140602812
1160,1185,20910000000,140602801
1160,1185,20911000000,140602790
1160,1185,20912000000,140602778
1160,1185,20913000000,140602768
1160,1185,20914000000,140602759
1160,1185,20915000000,140602749
1160,1185,20916000000,140602740
1160,1185,20917000000,140602732
1160,1185,20918000000,140602720
1160,1185,20919000000,140602709
1160,1185,20920000000,140602699
1160,1185,20921000000,140602689
1160,1185,20922000000,140602678
1160,1185,20923000000,140602669
1160,1185,20924000000,140602660
1160,1185,20925000000,140602652
1160,1185,20926000000,140602640
1160,1185,20927000000,140602631
1160,1185,20928000000,140602619
1160,1185,20929000000,140602609
1160,1185,20930000000,140602599
1160,1185,20931000000,140602590
1160,1185,20932000000,140602581
1160,1185,20933000000,140602570
1160,1185,20934000000,140602559
1160,1185,20935000000,140602548
1160,1185,20936000000,140602538
1160,1185,20937000000,140602528
1160,1185,20938000000,140602518
1160,1185,20939000000,140602511
1160,1185,20940000000,140602500
1160,1185,20941000000,140602491
1160,1185,20942000000,140602482
1160,1185,20943000000,140602469
1160,1185,20944000000,140602458
1160,1185,20945000000,140602448
1160,1185,20946000000,140602439
1160,1185,20947000000,140602429
1160,1185,20948000000,140602419
1160,1185,20949000000,140602411
1160,1185,20950000000,140602399
1160,1185,20951000000,140602389
1160,1185,20952000000,140602379
1160,1185,20953000000,140602369
1160,1185,20954000000,140602358
1160,1185,20955000000,140602349
1160,1185,20956000000,140602341
1160,1185,20957000000,140602333
1160,1185,20958000000,140602321
1160,1185,20959000000,140602310
1160,1185,20960000000,140602300
1160,1185,20961000000,140602290
1160,1185,20962000000,140602280
1160,1185,20963000000,140602270
1160,1185,20964000000,140602262
1160,1185,20965000000,140602250
1160,1185,20966000000,140602240
1160,1185,20967000000,140602230
1160,1185,20968000000,140602220
1160,1185,20969000000,140602209
1160,1185,20970000000,140602201
1160,1185,20971000000,140602192
1160,1185,20972000000,140602181
1160,1185,20973000000,140602171
1160,1185,20974000000,140602161
1160,1185,20975000000,140602150
1160,1185,20976000000,140602140
1160,1185,20977000000,140602131
1160,1185,20978000000,140602123
1160,1185,20979000000,140602112
1160,1185,20980000000,140602103
1160,1185,20981000000,140602093
1160,1185,20982000000,140602083
1160,1185,20983000000,140602069
1160,1185,20984000000,140602060
1160,1185,20985000000,140602050
1160,1185,20986000000,140602042
1160,1185,20987000000,140602031
1160,1185,20988000000,140602024
1160,1185,20989000000,140602014
1160,1185,20990000000,140602004
1160,1185,20991000000,140601992
1160,1185,20992000000,140601981
1160,1185,20993000000,140601971
1160,1185,20994000000,140601961
1160,1185,20995000000,140601952
1160,1185,20996000000,140601943
1160,1185,20997000000,140601933
1160,1185,20998000000,140601921
1160,1185,20999000000,140601910
1160,1185,21000000000,140601904
1160,1185,21001000000,140601893
1160,1185,21002000000,140601883
1160,1185,21003000000,140601874
1160,1185,21004000000,140601865
1160,1185,21005000000,140601854
1160,1185,21006000000,140601844
1160,1185,21007000000,140601833
1160,1185,21008000000,140601823
1160,1185,21009000000,140601811
1160,1185,21010000000,140601804
1160,1185,21011000000,140601794
1160,1185,21012000000,140601785
1160,1185,21013000000,140601775
1160,1185,21014000000,140601764
1160,1185,21015000000,140601754
1160,1185,21016000000,140601742
1160,1185,21017000000,140601733
1160,1185,21018000000,140601725
1160,1185,21019000000,140601716
1160,1185,21020000000,140601706
1160,1185,21021000000,140601696
1160,1185,21022000000,140601687
1160,1185,21023000000,140601677
1160,1185,21024000000,140601664
1160,1185,21025000000,140601655
1160,1185,21026000000,140601646
1160,1185,21027000000,140601636
1160,1185,21028000000,140601627
1160,1185,21029000000,140601618
1160,1185,21030000000,140601607
1160,1185,21031000000,140601597
1160,1185,21032000000,140601586
1160,1185,21033000000,140601577
1160,1185,21034000000,140601568
1160,1185,21035000000,140601557
1160,1185,21036000000,140601548
1160,1185,21037000000,140601538
1160,1185,21038000000,140601530
1160,1185,21039000000,140601519
1160,1185,21040000000,140601507
1160,1185,21041000000,140601499
1160,1185,21042000000,140601487
1160,1185,21043000000,140601478
1160,1185,21044000000,140601468
1160,1185,21045000000,140601458
1160,1185,21046000000,140601445
1160,1185,21047000000,140601438
1160,1185,21048000000,140601428
1160,1185,21049000000,140601420
1160,1185,21050000000,140601408
1160,1185,21051000000,140601400
1160,1185,21052000000,140601390
1160,1185,21053000000,140601379
1160,1185,21054000000,140601367
1160,1185,21055000000,140601358
1160,1185,21056000000,140601348
1160,1185,21057000000,140601338
1160,1185,21058000000,140601329
1160,1185,21059000000,140601321
1160,1185,21060000000,140601311
1160,1185,21061000000,140601299
1160,1185,21062000000,140601287
1160,1185,21063000000,140601278
1160,1185,21064000000,140601268
1160,1185,21065000000,140601259
1160,1185,21066000000,140601249
1160,1185,21067000000,140601242
1160,1185,21068000000,140601233
1160,1185,21069000000,140601222
1160,1185,21070000000,140601211
1160,1185,21071000000,140601202
1160,1185,21072000000,140601190
1160,1185,21073000000,140601179
1160,1185,21074000000,140601170
1160,1185,21075000000,140601162
1160,1185,21076000000,140601151
1160,1185,21077000000,140601141
1160,1185,21078000000,140601130
1160,1185,21079000000,140601122
1160,1185,21080000000,140601109
1160,1185,21081000000,140601101
1160,1185,21082000000,140601091
1160,1185,21083000000,140601083
1160,1185,21084000000,140601071
1160,1185,21085000000,140601062
1160,1185,21086000000,140601051
1160,1185,21087000000,140601041
1160,1185,21088000000,140601030
1160,1185,21089000000,140601022
1160,1185,21090000000,140601012
1160,1185,21091000000,140601004
1160,1185,21092000000,140600992
1160,1185,21093000000,140600983
1160,1185,21094000000,140600970
1160,1185,21095000000,140600962
1160,1185,21096000000,140600950
1160,1185,21097000000,140600941
1160,1185,21098000000,140600933
1160,1185,21099000000,140600925
1160,1185,21100000000,140600914
1160,1185,21101000000,140600906
1160,1185,21102000000,140600895
1160,1185,21103000000,140600884
1160,1185,21104000000,140600872
1160,1185,21105000000,140600863
1160,1185,21106000000,140600854
1160,1185,21107000000,140600843
1160,1185,21108000000,140600834
1160,1185,21109000000,140600826
1160,1185,21110000000,140600815
1160,1185,21111000000,140600803
1160,1185,21112000000,140600794
1160,1185,21113000000,140600785
1160,1185,21114000000,140600776
1160,1185,21115000000,140600764
1160,1185,21116000000,140600755
1160,1185,21117000000,140600746
1160,1185,21118000000,140600737
1160,1185,21119000000,140600724
1160,1185,21120000000,140600715
1160,1185,21121000000,140600706
1160,1185,21122000000,140600698
1160,1185,21123000000,140600686
1160,1185,21124000000,140600676
1160,1185,21125000000,140600665
1160,1185,21126000000,140600656
1160,1185,21127000000,140600643
1160,1185,21128000000,140600636
1160,1185,21129000000,140600627
1160,1185,21130000000,140600619
1160,1185,21131000000,140600607
1160,1185,21132000000,140600599
1160,1185,21133000000,140600588
1160,1185,21134000000,140600578
1160,1185,21135000000,140600564
1160,1185,21136000000,140600556
1160,1185,21137000000,140600547
1160,1185,21138000000,140600539
1160,1185,21139000000,140600528
1160,1185,21140000000,140600518
1160,1185,21141000000,140600507
1160,1185,21142000000,140600499
1160,1185,21143000000,140600486
1160,1185,21144000000,140600477
1160,1185,21145000000,140600467
1160,1185,21146000000,140600459
1160,1185,21147000000,140600448
1160,1185,21148000000,140600439
1160,1185,21149000000,140600430
1160,1185,21150000000,140600421
1160,1185,21151000000,140600407
1160,1185,21152000000,140600399
1160,1185,21153000000,140600389
1160,1185,21154000000,140600380
1160,1185,21155000000,140600368
1160,1185,21156000000,140600359
1160,1185,21157000000,140600347
1160,1185,21158000000,140600340
1160,1185,21159000000,140600328
1160,1185,21160000000,140600320
1160,1185,21161000000,140600310
1160,1185,21162000000,140600302
1160,1185,21163000000,140600290
1160,1185,21164000000,140600280
1160,1185,21165000000,140600270
1160,1185,21166000000,140600262
1160,1185,21167000000,140600248
1160,1185,21168000000,140600240
1160,1185,21169000000,140600231
1160,1185,21170000000,140600223
1160,1185,21171000000,140600211
1160,1185,21172000000,140600201
1160,1185,21173000000,140600189
1160,1185,21174000000,140600181
1160,1185,21175000000,140600169
1160,1185,21176000000,140600161
1160,1185,21177000000,140600151
1160,1185,21178000000,140600143
1160,1185,21179000000,140600132
1160,1185,21180000000,140600123
1160,1185,21181000000,140600112
1160,1185,21182000000,140600104
1160,1185,21183000000,140600090
1160,1185,21184000000,140600082
1160,1185,21185000000,140600072
1160,1185,21186000000,140600064
1160,1185,21187000000,140600052
1160,1185,21188000000,140600042
1160,1185,21189000000,140600032
1160,1185,21190000000,140600024
1160,1185,21191000000,140600012
1160,1185,21192000000,140600004
1160,1185,21193000000,140599995
1160,1185,21194000000,140599987
1160,1185,21195000000,140599974
1160,1185,21196000000,140599965
1160,1185,21197000000,140599955
1160,1185,21198000000,140599946
1160,1185,21199000000,140599933
1160,1185,21200000000,140599925
1160,1185,21201000000,140599915
1160,1185,21202000000,140599908
1160,1185,21203000000,140599896
1160,1185,21204000000,140599886
1160,1185,21205000000,140599874
1160,1185,21206000000,140599866
1160,1185,21207000000,140599854
1160,1185,21208000000,140599845
1160,1185,21209000000,140599836
1160,1185,21210000000,140599828
1160,1185,21211000000,140599821
1160,1185,21212000000,140599810
1160,1185,21213000000,140599801
1160,1185,21214000000,140599790
1160,1185,21215000000,140599778
1160,1185,21216000000,140599768
1160,1185,21217000000,140599758
1160,1185,21218000000,140599750
1160,1185,21219000000,140599741
1160,1185,21220000000,140599731
1160,1185,21221000000,140599721
1160,1185,21222000000,140599712
1160,1185,21223000000,140599702
1160,1185,21224000000,140599692
1160,1185,21225000000,140599681
1160,1185,21226000000,140599673
1160,1185,21227000000,140599665
1160,1185,21228000000,140599653
1160,1185,21229000000,140599644
1160,1185,21230000000,140599634
1160,1185,21231000000,140599624
1160,1185,21232000000,140599614
1160,1185,21233000000,140599604
1160,1185,21234000000,140599595
1160,1185,21235000000,140599583
1160,1185,21236000000,140599574
1160,1185,21237000000,140599563
1160,1185,21238000000,140599553
1160,1185,21239000000,140599545
1160,1185,21240000000,140599536
1160,1185,21241000000,140599525
1160,1185,21242000000,140599517
1160,1185,21243000000,140599507
1160,1185,21244000000,140599498
1160,1185,21245000000,140599483
1160,1185,21246000000,140599474
1160,1185,21247000000,140599466
1160,1185,21248000000,140599456
1160,1185,21249000000,140599446
1160,1185,21250000000,140599438
1160,1185,21251000000,140599427
1160,1185,21252000000,140599416
1160,1185,21253000000,140599406
1160,1185,21254000000,140599396
1160,1185,21255000000,140599386
1160,1185,21256000000,140599377
1160,1185,21257000000,140599370
1160,1185,21258000000,140599358
1160,1185,21259000000,140599349
1160,1185,21260000000,140599340
1160,1185,21261000000,140599329
1160,1185,21262000000,140599317
1160,1185,21263000000,140599308
1160,1185,21264000000,140599300
1160,1185,21265000000,140599290
1160,1185,21266000000,140599279
1160,1185,21267000000,140599270
1160,1185,21268000000,140599258
1160,1185,21269000000,140599250
1160,1185,21270000000,140599239
1160,1185,21271000000,140599231
1160,1185,21272000000,140599222
1160,1185,21273000000,140599213
1160,1185,21274000000,140599204
1160,1185,21275000000,140599191
1160,1185,21276000000,140599182
1160,1185,21277000000,140599172
1160,1185,21278000000,140599161
1160,1185,21279000000,140599152
1160,1185,21280000000,140599143
1160,1185,21281000000,140599135
1160,1185,21282000000,140599124
1160,1185,21283000000,140599113
1160,1185,21284000000,140599101
1160,1185,21285000000,140599093
1160,1185,21286000000,140599082
1160,1185,21287000000,140599075
1160,1185,21288000000,140599063
1160,1185,21289000000,140599055
1160,1185,21290000000,140599046
1160,1185,21291000000,140599037
1160,1185,21292000000,140599025
1160,1185,21293000000,140599016
1160,1185,21294000000,140599004
1160,1185,21295000000,140598996
1160,1185,21296000000,140598985
1160,1185,21297000000,140598976
1160,1185,21298000000,140598965
1160,1185,21299000000,140598957
1160,1185,21300000000,140598946
1160,1185,21301000000,140598936
1160,1185,21302000000,140598925
1160,1185,21303000000,140598918
1160,1185,21304000000,140598909
1160,1185,21305000000,140598898
1160,1185,21306000000,140598889
1160,1185,21307000000,140598880
1160,1185,21308000000,140598869
1160,1185,21309000000,140598859
1160,1185,21310000000,140598847
1160,1185,21311000000,140598840
1160,1185,21312000000,140598830
1160,1185,21313000000,140598823
1160,1185,21314000000,140598810
1160,1185,21315000000,140598799
1160,1185,21316000000,140598788
1160,1185,21317000000,140598780
1160,1185,21318000000,140598768
1160,1185,21319000000,140598760
1160,1185,21320000000,140598752
1160,1185,21321000000,140598744
1160,1185,21322000000,140598734
1160,1185,21323000000,140598723
1160,1185,21324000000,140598711
1160,1185,21325000000,140598701
1160,1185,21326000000,140598691
1160,1185,21327000000,140598683
1160,1185,21328000000,140598672
1160,1185,21329000000,140598664
1160,1185,21330000000,140598653
1160,1185,21331000000,140598644
1160,1185,21332000000,140598631
1160,1185,21333000000,140598623
1160,1185,21334000000,140598615
1160,1185,21335000000,140598606
1160,1185,21336000000,140598594
1160,1185,21337000000,140598586
1160,1185,21338000000,140598575
1160,1185,21339000000,140598567
1160,1185,21340000000,140598556
1160,1185,21341000000,140598545
1160,1185,21342000000,140598536
1160,1185,21343000000,140598528
1160,1185,21344000000,140598518
1160,1185,21345000000,140598509
1160,1185,21346000000,140598495
1160,1185,21347000000,140598486
1160,1185,21348000000,140598476
1160,1185,21349000000,140598468
1160,1185,21350000000,140598457
1160,1185,21351000000,140598449
1160,1185,21352000000,140598439
1160,1185,21353000000,140598431
1160,1185,21354000000,140598419
1160,1185,21355000000,140598411
1160,1185,21356000000,140598398
1160,1185,21357000000,140598389
1160,1185,21358000000,140598378
1160,1185,21359000000,140598369
1160,1185,21360000000,140598361
1160,1185,21361000000,140598352
1160,1185,21362000000,140598341
1160,1185,21363000000,140598329
1160,1185,21364000000,140598320
1160,1185,21365000000,140598311
1160,1185,21366000000,140598300
1160,1185,21367000000,140598292
1160,1185,21368000000,140598281
1160,1185,21369000000,140598273
1160,1185,21370000000,140598264
1160,1185,21371000000,140598254
1160,1185,21372000000,140598243
1160,1185,21373000000,140598233
1160,1185,21374000000,140598224
1160,1185,21375000000,140598215
1160,1185,21376000000,140598204
1160,1185,21377000000,140598193
1160,1185,21378000000,140598183
1160,1185,21379000000,140598173
1160,1185,21380000000,140598166
1160,1185,21381000000,140598155
1160,1185,21382000000,140598145
1160,1185,21383000000,140598136
1160,1185,21384000000,140598127
1160,1185,21385000000,140598118
1160,1185,21386000000,140598106
1160,1185,21387000000,140598097
1160,1185,21388000000,140598087
1160,1185,21389000000,140598076
1160,1185,21390000000,140598068
1160,1185,21391000000,140598057
1160,1185,21392000000,140598048
1160,1185,21393000000,140598039
1160,1185,21394000000,140598029
1160,1185,21395000000,140598018
1160,1185,21396000000,140598006
1160,1185,21397000000,140597997
1160,1185,21398000000,140597988
1160,1185,21399000000,140597980
1160,1185,21400000000,140597971
1160,1185,21401000000,140597962
1160,1185,21402000000,140597952
1160,1185,21403000000,140597942
1160,1185,21404000000,140597931
1160,1185,21405000000,140597920
1160,1185,21406000000,140597909
1160,1185,21407000000,140597901
1160,1185,21408000000,140597893
1160,1185,21409000000,140597881
1160,1185,21410000000,140597871
1160,1185,21411000000,140597861
1160,1185,21412000000,140597853
1160,1185,21413000000,140597844
1160,1185,21414000000,140597834
1160,1185,21415000000,140597825
1160,1185,21416000000,140597814
1160,1185,21417000000,140597805
1160,1185,21418000000,140597797
1160,1185,21419000000,140597784
1160,1185,21420000000,140597775
1160,1185,21421000000,140597765
1160,1185,21422000000,140597757
1160,1185,21423000000,140597747
1160,1185,21424000000,140597739
1160,1185,21425000000,140597728
1160,1185,21426000000,140597715
1160,1185,21427000000,140597708
1160,1185,21428000000,140597697
1160,1185,21429000000,140597688
1160,1185,21430000000,140597681
1160,1185,21431000000,140597672
1160,1185,21432000000,140597663
1160,1185,21433000000,140597651
1160,1185,21434000000,140597642
1160,1185,21435000000,140597631
1160,1185,21436000000,140597619
1160,1185,21437000000,140597611
1160,1185,21438000000,140597601
1160,1185,21439000000,140597592
1160,1185,21440000000,140597583
1160,1185,21441000000,140597573
1160,1185,21442000000,140597561
1160,1185,21443000000,140597553
1160,1185,21444000000,140597543
1160,1185,21445000000,140597534
1160,1185,21446000000,140597523
1160,1185,21447000000,140597515
1160,1185,21448000000,140597505
1160,1185,21449000000,140597496
1160,1185,21450000000,140597488
1160,1185,21451000000,140597478
1160,1185,21452000000,140597466
1160,1185,21453000000,140597456
1160,1185,21454000000,140597447
1160,1185,21455000000,140597439
1160,1185,21456000000,140597427
1160,1185,21457000000,140597418
1160,1185,21458000000,140597406
1160,1185,21459000000,140597397
1160,1185,21460000000,140597388
1160,1185,21461000000,140597380
1160,1185,21462000000,140597369
1160,1185,21463000000,140597360
1160,1185,21464000000,140597352
1160,1185,21465000000,140597342
1160,1185,21466000000,140597329
1160,1185,21467000000,140597320
1160,1185,21468000000,140597309
1160,1185,21469000000,140597300
1160,1185,21470000000,140597292
1160,1185,21471000000,140597283
1160,1185,21472000000,140597271
1160,1185,21473000000,140597262
1160,1185,21474000000,140597252
1160,1185,21475000000,140597243
1160,1185,21476000000,140597230
1160,1185,21477000000,140597222
1160,1185,21478000000,140597213
1160,1185,21479000000,140597205
1160,1185,21480000000,140597196
1160,1185,21481000000,140597186
1160,1185,21482000000,140597175
1160,1185,21483000000,140597164
1160,1185,21484000000,140597155
1160,1185,21485000000,140597147
1160,1185,21486000000,140597135
1160,1185,21487000000,140597126
1160,1185,21488000000,140597115
1160,1185,21489000000,140597104
1160,1185,21490000000,140597096
1160,1185,21491000000,140597088
1160,1185,21492000000,140597077
1160,1185,21493000000,140597068
1160,1185,21494000000,140597059
1160,1185,21495000000,140597050
1160,1185,21496000000,140597037
1160,1185,21497000000,140597030
1160,1185,21498000000,140597019
1160,1185,21499000000,140597009
1160,1185,21500000000,140597000
1160,1185,21501000000,140596990
1160,1185,21502000000,140596981
1160,1185,21503000000,140596972
1160,1185,21504000000,140596963
1160,1185,21505000000,140596951
1160,1185,21506000000,140596940
1160,1185,21507000000,140596930
1160,1185,21508000000,140596922
1160,1185,21509000000,140596913
1160,1185,21510000000,140596906
1160,1185,21511000000,140596896
1160,1185,21512000000,140596885
1160,1185,21513000000,140596875
1160,1185,21514000000,140596866
1160,1185,21515000000,140596854
1160,1185,21516000000,140596843
1160,1185,21517000000,140596834
1160,1185,21518000000,140596826
1160,1185,21519000000,140596816
1160,1185,21520000000,140596808
1160,1185,21521000000,140596796
1160,1185,21522000000,140596786
1160,1185,21523000000,140596776
1160,1185,21524000000,140596768
1160,1185,21525000000,140596757
1160,1185,21526000000,140596748
1160,1185,21527000000,140596738
1160,1185,21528000000,140596729
1160,1185,21529000000,140596719
1160,1185,21530000000,140596711
1160,1185,21531000000,140596699
1160,1185,21532000000,140596690
1160,1185,21533000000,140596680
1160,1185,21534000000,140596672
1160,1185,21535000000,140596660
1160,1185,21536000000,140596649
1160,1185,21537000000,140596639
1160,1185,21538000000,140596631
1160,1185,21539000000,140596622
1160,1185,21540000000,140596614
1160,1185,21541000000,140596604
1160,1185,21542000000,140596595
1160,1185,21543000000,140596586
1160,1185,21544000000,140596577
1160,1185,21545000000,140596565
1160,1185,21546000000,140596554
1160,1185,21547000000,140596543
1160,1185,21548000000,140596534
1160,1185,21549000000,140596527
1160,1185,21550000000,140596519
1160,1185,21551000000,140596507
1160,1185,21552000000,140596497
1160,1185,21553000000,140596485
1160,1185,21554000000,140596478
1160,1185,21555000000,140596467
1160,1185,21556000000,140596458
1160,1185,21557000000,140596448
1160,1185,21558000000,140596439
1160,1185,21559000000,140596429
1160,1185,21560000000,140596422
1160,1185,21561000000,140596411
1160,1185,21562000000,140596401
1160,1185,21563000000,140596389
1160,1185,21564000000,140596381
1160,1185,21565000000,140596371
1160,1185,21566000000,140596361
1160,1185,21567000000,140596351
1160,1185,21568000000,140596341
1160,1185,21569000000,140596331
1160,1185,21570000000,140596322
1160,1185,21571000000,140596313
1160,1185,21572000000,140596305
1160,1185,21573000000,140596294
1160,1185,21574000000,140596286
1160,1185,21575000000,140596274
1160,1185,21576000000,140596265
1160,1185,21577000000,140596255
1160,1185,21578000000,140596244
1160,1185,21579000000,140596234
1160,1185,21580000000,140596227
1160,1185,21581000000,140596217
1160,1185,21582000000,140596209
1160,1185,21583000000,140596197
1160,1185,21584000000,140596186
1160,1185,21585000000,140596175
1160,1185,21586000000,140596166
1160,1185,21587000000,140596157
1160,1185,21588000000,140596149
1160,1185,21589000000,140596140
1160,1185,21590000000,140596131
1160,1185,21591000000,140596120
1160,1185,21592000000,140596112
1160,1185,21593000000,140596102
1160,1185,21594000000,140596090
1160,1185,21595000000,140596079
1160,1185,21596000000,140596070
1160,1185,21597000000,140596061
1160,1185,21598000000,140596054
1160,1185,21599000000,140596042
1160,1185,21600000000,140596033
1160,1185,21601000000,140596022
1160,1185,21602000000,140596012
1160,1185,21603000000,140596003
1160,1185,21604000000,140595996
1160,1185,21605000000,140595985
1160,1185,21606000000,140595975
1160,1185,21607000000,140595965
1160,1185,21608000000,140595957
1160,1185,21609000000,140595948
1160,1185,21610000000,140595938
1160,1185,21611000000,140595927
1160,1185,21612000000,140595919
1160,1185,21613000000,140595910
1160,1185,21614000000,140595899
1160,1185,21615000000,140595887
1160,1185,21616000000,140595879
1160,1185,21617000000,140595869
1160,1185,21618000000,140595860
1160,1185,21619000000,140595851
1160,1185,21620000000,140595844
1160,1185,21621000000,140595833
1160,1185,21622000000,140595823
1160,1185,21623000000,140595815
1160,1185,21624000000,140595805
1160,1185,21625000000,140595793
1160,1185,21626000000,140595783
1160,1185,21627000000,140595774
1160,1185,21628000000,140595766
1160,1185,21629000000,140595756
1160,1185,21630000000,140595747
1160,1185,21631000000,140595736
1160,1185,21632000000,140595726
1160,1185,21633000000,140595716
1160,1185,21634000000,140595707
1160,1185,21635000000,140595696
1160,1185,21636000000,140595689
1160,1185,21637000000,140595680
1160,1185,21638000000,140595671
1160,1185,21639000000,140595661
1160,1185,21640000000,140595651
1160,1185,21641000000,140595642
1160,1185,21642000000,140595632
1160,1185,21643000000,140595622
1160,1185,21644000000,140595612
1160,1185,21645000000,140595601
1160,1185,21646000000,140595592
1160,1185,21647000000,140595582
1160,1185,21648000000,140595572
1160,1185,21649000000,140595563
1160,1185,21650000000,140595553
1160,1185,21651000000,140595545
1160,1185,21652000000,140595537
1160,1185,21653000000,140595528
1160,1185,21654000000,140595517
1160,1185,21655000000,140595505
1160,1185,21656000000,140595495
1160,1185,21657000000,140595486
1160,1185,21658000000,140595477
1160,1185,21659000000,140595469
1160,1185,21660000000,140595459
1160,1185,21661000000,140595447
1160,1185,21662000000,140595438
1160,1185,21663000000,140595430
1160,1185,21664000000,140595421
1160,1185,21665000000,140595408
1160,1185,21666000000,140595400
1160,1185,21667000000,140595390
1160,1185,21668000000,140595382
1160,1185,21669000000,140595374
1160,1185,21670000000,140595365
1160,1185,21671000000,140595354
1160,1185,21672000000,140595344
1160,1185,21673000000,140595333
1160,1185,21674000000,140595324
1160,1185,21675000000,140595314
1160,1185,21676000000,140595305
1160,1185,21677000000,140595294
1160,1185,21678000000,140595283
1160,1185,21679000000,140595275
1160,1185,21680000000,140595267
1160,1185,21681000000,140595257
1160,1185,21682000000,140595246
1160,1185,21683000000,140595240
1160,1185,21684000000,140595228
1160,1185,21685000000,140595218
1160,1185,21686000000,140595210
1160,1185,21687000000,140595201
1160,1185,21688000000,140595190
1160,1185,21689000000,140595181
1160,1185,21690000000,140595171
1160,1185,21691000000,140595163
1160,1185,21692000000,140595152
1160,1185,21693000000,140595144
1160,1185,21694000000,140595130
1160,1185,21695000000,140595121
1160,1185,21696000000,140595111
1160,1185,21697000000,140595103
1160,1185,21698000000,140595095
1160,1185,21699000000,140595087
1160,1185,21700000000,140595077
1160,1185,21701000000,140595066
1160,1185,21702000000,140595057
1160,1185,21703000000,140595048
1160,1185,21704000000,140595036
1160,1185,21705000000,140595025
1160,1185,21706000000,140595016
1160,1185,21707000000,140595007
1160,1185,21708000000,140594999
1160,1185,21709000000,140594990
1160,1185,21710000000,140594978
1160,1185,21711000000,140594969
1160,1185,21712000000,140594958
1160,1185,21713000000,140594950
1160,1185,21714000000,140594940
1160,1185,21715000000,140594931
1160,1185,21716000000,140594922
1160,1185,21717000000,140594912
1160,1185,21718000000,140594903
1160,1185,21719000000,140594894
1160,1185,21720000000,140594882
1160,1185,21721000000,140594874
1160,1185,21722000000,140594864
1160,1185,21723000000,140594856
1160,1185,21724000000,140594843
1160,1185,21725000000,140594833
1160,1185,21726000000,140594823
1160,1185,21727000000,140594815
1160,1185,21728000000,140594806
1160,1185,21729000000,140594797
1160,1185,21730000000,140594788
1160,1185,21731000000,140594779
1160,1185,21732000000,140594768
1160,1185,21733000000,140594761
1160,1185,21734000000,140594749
1160,1185,21735000000,140594739
1160,1185,21736000000,140594728
1160,1185,21737000000,140594719
1160,1185,21738000000,140594711
1160,1185,21739000000,140594702
1160,1185,21740000000,140594691
1160,1185,21741000000,140594681
1160,1185,21742000000,140594671
1160,1185,21743000000,140594663
1160,1185,21744000000,140594651
1160,1185,21745000000,140594642
1160,1185,21746000000,140594634
1160,1185,21747000000,140594625
1160,1185,21748000000,140594616
1160,1185,21749000000,140594607
1160,1185,21750000000,140594595
1160,1185,21751000000,140594586
1160,1185,21752000000,140594576
1160,1185,21753000000,140594568
1160,1185,21754000000,140594557
1160,1185,21755000000,140594546
1160,1185,21756000000,140594536
1160,1185,21757000000,140594527
1160,1185,21758000000,140594519
1160,1185,21759000000,140594509
1160,1185,21760000000,140594499
1160,1185,21761000000,140594491
1160,1185,21762000000,140594481
1160,1185,21763000000,140594473
1160,1185,21764000000,140594462
1160,1185,21765000000,140594452
1160,1185,21766000000,140594441
1160,1185,21767000000,140594431
1160,1185,21768000000,140594423
1160,1185,21769000000,140594415
1160,1185,21770000000,140594405
1160,1185,21771000000,140594394
1160,1185,21772000000,140594383
1160,1185,21773000000,140594373
1160,1185,21774000000,140594363
1160,1185,21775000000,140594353
1160,1185,21776000000,140594345
1160,1185,21777000000,140594338
1160,1185,21778000000,140594329
1160,1185,21779000000,140594320
1160,1185,21780000000,140594309
1160,1185,21781000000,140594298
1160,1185,21782000000,140594290
1160,1185,21783000000,140594277
1160,1185,21784000000,140594268
1160,1185,21785000000,140594259
1160,1185,21786000000,140594251
1160,1185,21787000000,140594241
1160,1185,21788000000,140594230
1160,1185,21789000000,140594223
1160,1185,21790000000,140594213
1160,1185,21791000000,140594201
1160,1185,21792000000,140594194
1160,1185,21793000000,140594182
1160,1185,21794000000,140594174
1160,1185,21795000000,140594164
1160,1185,21796000000,140594156
1160,1185,21797000000,140594147
1160,1185,21798000000,140594137
1160,1185,21799000000,140594125
1160,1185,21800000000,140594117
1160,1185,21801000000,140594108
1160,1185,21802000000,140594099
1160,1185,21803000000,140594086
1160,1185,21804000000,140594075
1160,1185,21805000000,140594066
1160,1185,21806000000,140594059
1160,1185,21807000000,140594049
1160,1185,21808000000,140594041
1160,1185,21809000000,140594030
1160,1185,21810000000,140594023
1160,1185,21811000000,140594013
1160,1185,21812000000,140594005
1160,1185,21813000000,140593992
1160,1185,21814000000,140593982
1160,1185,21815000000,140593974
1160,1185,21816000000,140593965
1160,1185,21817000000,140593956
1160,1185,21818000000,140593946
1160,1185,21819000000,140593935
1160,1185,21820000000,140593927
1160,1185,21821000000,140593917
1160,1185,21822000000,140593907
1160,1185,21823000000,140593897
1160,1185,21824000000,140593888
1160,1185,21825000000,140593880
1160,1185,21826000000,140593872
1160,1185,21827000000,140593862
1160,1185,21828000000,140593853
1160,1185,21829000000,140593841
1160,1185,21830000000,140593833
1160,1185,21831000000,140593822
1160,1185,21832000000,140593814
1160,1185,21833000000,140593803
1160,1185,21834000000,140593793
1160,1185,21835000000,140593783
1160,1185,21836000000,140593774
1160,1185,21837000000,140593765
1160,1185,21838000000,140593755
1160,1185,21839000000,140593746
1160,1185,21840000000,140593739
1160,1185,21841000000,140593729
1160,1185,21842000000,140593719
1160,1185,21843000000,140593709
1160,1185,21844000000,140593698
1160,1185,21845000000,140593689
1160,1185,21846000000,140593679
1160,1185,21847000000,140593670
1160,1185,21848000000,140593663
1160,1185,21849000000,140593651
1160,1185,21850000000,140593643
1160,1185,21851000000,140593630
1160,1185,21852000000,140593620
1160,1185,21853000000,140593612
1160,1185,21854000000,140593601
1160,1185,21855000000,140593593
1160,1185,21856000000,140593585
1160,1185,21857000000,140593577
1160,1185,21858000000,140593567
1160,1185,21859000000,140593557
1160,1185,21860000000,140593547
1160,1185,21861000000,140593537
1160,1185,21862000000,140593525
1160,1185,21863000000,140593516
1160,1185,21864000000,140593507
1160,1185,21865000000,140593498
1160,1185,21866000000,140593490
1160,1185,21867000000,140593479
1160,1185,21868000000,140593471
1160,1185,21869000000,140593459
1160,1185,21870000000,140593450
1160,1185,21871000000,140593443
1160,1185,21872000000,140593431
1160,1185,21873000000,140593422
1160,1185,21874000000,140593412
1160,1185,21875000000,140593406
1160,1185,21876000000,140593395
1160,1185,21877000000,140593384
1160,1185,21878000000,140593374
1160,1185,21879000000,140593365
1160,1185,21880000000,140593357
1160,1185,21881000000,140593347
1160,1185,21882000000,140593334
1160,1185,21883000000,140593324
1160,1185,21884000000,140593315
1160,1185,21885000000,140593307
1160,1185,21886000000,140593299
1160,1185,21887000000,140593290
1160,1185,21888000000,140593280
1160,1185,21889000000,140593271
1160,1185,21890000000,140593262
1160,1185,21891000000,140593253
1160,1185,21892000000,140593240
1160,1185,21893000000,140593229
1160,1185,21894000000,140593221
1160,1185,21895000000,140593214
1160,1185,21896000000,140593203
1160,1185,21897000000,140593194
1160,1185,21898000000,140593183
1160,1185,21899000000,140593175
1160,1185,21900000000,140593166
1160,1185,21901000000,140593157
1160,1185,21902000000,140593147
1160,1185,21903000000,140593137
1160,1185,21904000000,140593128
1160,1185,21905000000,140593120
1160,1185,21906000000,140593110
1160,1185,21907000000,140593102
1160,1185,21908000000,140593091
1160,1185,21909000000,140593081
1160,1185,21910000000,140593071
1160,1185,21911000000,140593063
1160,1185,21912000000,140593053
1160,1185,21913000000,140593041
1160,1185,21914000000,140593032
1160,1185,21915000000,140593024
1160,1185,21916000000,140593016
1160,1185,21917000000,140593006
1160,1185,21918000000,140592996
1160,1185,21919000000,140592989
1160,1185,21920000000,140592981
1160,1185,21921000000,140592969
1160,1185,21922000000,140592960
1160,1185,21923000000,140592948
1160,1185,21924000000,140592940
1160,1185,21925000000,140592931
1160,1185,21926000000,140592922
1160,1185,21927000000,140592914
1160,1185,21928000000,140592901
1160,1185,21929000000,140592893
1160,1185,21930000000,140592883
1160,1185,21931000000,140592873
1160,1185,21932000000,140592862
1160,1185,21933000000,140592853
1160,1185,21934000000,140592846
1160,1185,21935000000,140592837
1160,1185,21936000000,140592827
1160,1185,21937000000,140592819
1160,1185,21938000000,140592810
1160,1185,21939000000,140592799
1160,1185,21940000000,140592788
1160,1185,21941000000,140592779
1160,1185,21942000000,140592770
1160,1185,21943000000,140592761
1160,1185,21944000000,140592752
1160,1185,21945000000,140592742
1160,1185,21946000000,140592733
1160,1185,21947000000,140592724
1160,1185,21948000000,140592715
1160,1185,21949000000,140592705
1160,1185,21950000000,140592696
1160,1185,21951000000,140592686
1160,1185,21952000000,140592677
1160,1185,21953000000,140592668
1160,1185,21954000000,140592658
1160,1185,21955000000,140592650
1160,1185,21956000000,140592639
1160,1185,21957000000,140592630
1160,1185,21958000000,140592621
1160,1185,21959000000,140592611
1160,1185,21960000000,140592602
1160,1185,21961000000,140592588
1160,1185,21962000000,140592580
1160,1185,21963000000,140592571
1160,1185,21964000000,140592562
1160,1185,21965000000,140592554
1160,1185,21966000000,140592545
1160,1185,21967000000,140592537
1160,1185,21968000000,140592528
1160,1185,21969000000,140592518
1160,1185,21970000000,140592507
1160,1185,21971000000,140592497
1160,1185,21972000000,140592486
1160,1185,21973000000,140592478
1160,1185,21974000000,140592470
1160,1185,21975000000,140592459
1160,1185,21976000000,140592450
1160,1185,21977000000,140592440
1160,1185,21978000000,140592432
1160,1185,21979000000,140592422
1160,1185,21980000000,140592412
1160,1185,21981000000,140592404
1160,1185,21982000000,140592394
1160,1185,21983000000,140592385
1160,1185,21984000000,140592376
1160,1185,21985000000,140592368
1160,1185,21986000000,140592359
1160,1185,21987000000,140592346
1160,1185,21988000000,140592337
1160,1185,21989000000,140592329
1160,1185,21990000000,140592319
1160,1185,21991000000,140592308
1160,1185,21992000000,140592296
1160,1185,21993000000,140592288
1160,1185,21994000000,140592282
1160,1185,21995000000,140592271
1160,1185,21996000000,140592263
1160,1185,21997000000,140592253
1160,1185,21998000000,140592245
1160,1185,21999000000,140592235
1160,1185,22000000000,140592224
1160,1185,22001000000,140592215
1160,1185,22002000000,140592205
1160,1185,22003000000,140592195
1160,1185,22004000000,140592187
1160,1185,22005000000,140592178
1160,1185,22006000000,140592169
1160,1185,22007000000,140592158
1160,1185,22008000000,140592147
1160,1185,22009000000,140592139
1160,1185,22010000000,140592129
1160,1185,22011000000,140592118
1160,1185,22012000000,140592111
1160,1185,22013000000,140592104
1160,1185,22014000000,140592096
1160,1185,22015000000,140592086
1160,1185,22016000000,140592077
1160,1185,22017000000,140592067
1160,1185,22018000000,140592056
1160,1185,22019000000,140592047
1160,1185,22020000000,140592036
1160,1185,22021000000,140592025
1160,1185,22022000000,140592017
1160,1185,22023000000,140592009
1160,1185,22024000000,140592000
1160,1185,22025000000,140591991
1160,1185,22026000000,140591982
1160,1185,22027000000,140591973
1160,1185,22028000000,140591963
1160,1185,22029000000,140591953
1160,1185,22030000000,140591943
1160,1185,22031000000,140591934
1160,1185,22032000000,140591925
1160,1185,22033000000,140591916
1160,1185,22034000000,140591906
1160,1185,22035000000,140591898
1160,1185,22036000000,140591888
1160,1185,22037000000,140591878
1160,1185,22038000000,140591868
1160,1185,22039000000,140591856
1160,1185,22040000000,140591848
1160,1185,22041000000,140591838
1160,1185,22042000000,140591829
1160,1185,22043000000,140591820
1160,1185,22044000000,140591813
1160,1185,22045000000,140591805
1160,1185,22046000000,140591794
1160,1185,22047000000,140591784
1160,1185,22048000000,140591776
1160,1185,22049000000,140591765
1160,1185,22050000000,140591754
1160,1185,22051000000,140591743
1160,1185,22052000000,140591736
1160,1185,22053000000,140591727
1160,1185,22054000000,140591717
1160,1185,22055000000,140591706
1160,1185,22056000000,140591698
1160,1185,22057000000,140591690
1160,1185,22058000000,140591680
1160,1185,22059000000,140591668
1160,1185,22060000000,140591661
1160,1185,22061000000,140591650
1160,1185,22062000000,140591643
1160,1185,22063000000,140591634
1160,1185,22064000000,140591624
1160,1185,22065000000,140591614
1160,1185,22066000000,140591605
1160,1185,22067000000,140591595
1160,1185,22068000000,140591586
1160,1185,22069000000,140591574
1160,1185,22070000000,140591563
1160,1185,22071000000,140591555
1160,1185,22072000000,140591547
1160,1185,22073000000,140591538
1160,1185,22074000000,140591529
1160,1185,22075000000,140591521
1160,1185,22076000000,140591513
1160,1185,22077000000,140591501
1160,1185,22078000000,140591491
1160,1185,22079000000,140591482
1160,1185,22080000000,140591472
1160,1185,22081000000,140591461
1160,1185,22082000000,140591453
1160,1185,22083000000,140591446
1160,1185,22084000000,140591437
1160,1185,22085000000,140591426
1160,1185,22086000000,140591414
1160,1185,22087000000,140591405
1160,1185,22088000000,140591397
1160,1185,22089000000,140591386
1160,1185,22090000000,140591376
1160,1185,22091000000,140591368
1160,1185,22092000000,140591362
1160,1185,22093000000,140591353
1160,1185,22094000000,140591343
1160,1185,22095000000,140591332
1160,1185,22096000000,140591324
1160,1185,22097000000,140591313
1160,1185,22098000000,140591302
1160,1185,22099000000,140591293
1160,1185,22100000000,140591282
1160,1185,22101000000,140591274
1160,1185,22102000000,140591264
1160,1185,22103000000,140591255
1160,1185,22104000000,140591247
1160,1185,22105000000,140591238
1160,1185,22106000000,140591228
1160,1185,22107000000,140591219
1160,1185,22108000000,140591209
1160,1185,22109000000,140591201
1160,1185,22110000000,140591190
1160,1185,22111000000,140591180
1160,1185,22112000000,140591172
1160,1185,22113000000,140591162
1160,1185,22114000000,140591154
1160,1185,22115000000,140591143
1160,1185,22116000000,140591134
1160,1185,22117000000,140591122
1160,1185,22118000000,140591113
1160,1185,22119000000,140591103
1160,1185,22120000000,140591094
1160,1185,22121000000,140591086
1160,1185,22122000000,140591079
1160,1185,22123000000,140591070
1160,1185,22124000000,140591060
1160,1185,22125000000,140591050
1160,1185,22126000000,140591041
1160,1185,22127000000,140591030
1160,1185,22128000000,140591020
1160,1185,22129000000,140591009
1160,1185,22130000000,140591001
1160,1185,22131000000,140590993
1160,1185,22132000000,140590985
1160,1185,22133000000,140590973
1160,1185,22134000000,140590964
1160,1185,22135000000,140590955
1160,1185,22136000000,140590947
1160,1185,22137000000,140590937
1160,1185,22138000000,140590928
1160,1185,22139000000,140590918
1160,1185,22140000000,140590910
1160,1185,22141000000,140590902
1160,1185,22142000000,140590892
1160,1185,22143000000,140590882
1160,1185,22144000000,140590872
1160,1185,22145000000,140590863
1160,1185,22146000000,140590853
1160,1185,22147000000,140590843
1160,1185,22148000000,140590833
1160,1185,22149000000,140590822
1160,1185,22150000000,140590814
1160,1185,22151000000,140590805
1160,1185,22152000000,140590797
1160,1185,22153000000,140590788
1160,1185,22154000000,140590779
1160,1185,22155000000,140590770
1160,1185,22156000000,140590763
1160,1185,22157000000,140590751
1160,1185,22158000000,140590740
1160,1185,22159000000,140590730
1160,1185,22160000000,140590723
1160,1185,22161000000,140590714
1160,1185,22162000000,140590704
1160,1185,22163000000,140590695
1160,1185,22164000000,140590685
1160,1185,22165000000,140590676
1160,1185,22166000000,140590665
1160,1185,22167000000,140590655
1160,1185,22168000000,140590646
1160,1185,22169000000,140590638
1160,1185,22170000000,140590630
1160,1185,22171000000,140590621
1160,1185,22172000000,140590613
1160,1185,22173000000,140590603
1160,1185,22174000000,140590592
1160,1185,22175000000,140590582
1160,1185,22176000000,140590571
1160,1185,22177000000,140590563
1160,1185,22178000000,140590551
1160,1185,22179000000,140590543
1160,1185,22180000000,140590533
1160,1185,22181000000,140590526
1160,1185,22182000000,140590518
1160,1185,22183000000,140590508
1160,1185,22184000000,140590498
1160,1185,22185000000,140590490
1160,1185,22186000000,140590479
1160,1185,22187000000,140590470
1160,1185,22188000000,140590460
1160,1185,22189000000,140590451
1160,1185,22190000000,140590442
1160,1185,22191000000,140590433
1160,1185,22192000000,140590423
1160,1185,22193000000,140590414
1160,1185,22194000000,140590405
1160,1185,22195000000,140590394
1160,1185,22196000000,140590383
1160,1185,22197000000,140590374
1160,1185,22198000000,140590365
1160,1185,22199000000,140590357
1160,1185,22200000000,140590348
1160,1185,22201000000,140590341
1160,1185,22202000000,140590331
1160,1185,22203000000,140590322
1160,1185,22204000000,140590312
1160,1185,22205000000,140590302
1160,1185,22206000000,140590290
1160,1185,22207000000,140590281
1160,1185,22208000000,140590272
1160,1185,22209000000,140590265
1160,1185,22210000000,140590255
1160,1185,22211000000,140590244
1160,1185,22212000000,140590236
1160,1185,22213000000,140590228
1160,1185,22214000000,140590218
1160,1185,22215000000,140590208
1160,1185,22216000000,140590199
1160,1185,22217000000,140590191
1160,1185,22218000000,140590182
1160,1185,22219000000,140590174
1160,1185,22220000000,140590166
1160,1185,22221000000,140590156
1160,1185,22222000000,140590145
1160,1185,22223000000,140590136
1160,1185,22224000000,140590127
1160,1185,22225000000,140590117
1160,1185,22226000000,140590107
1160,1185,22227000000,140590095
1160,1185,22228000000,140590088
1160,1185,22229000000,140590081
1160,1185,22230000000,140590072
1160,1185,22231000000,140590061
1160,1185,22232000000,140590054
1160,1185,22233000000,140590044
1160,1185,22234000000,140590035
1160,1185,22235000000,140590025
1160,1185,22236000000,140590014
1160,1185,22237000000,140590005
1160,1185,22238000000,140589995
1160,1185,22239000000,140589988
1160,1185,22240000000,140589979
1160,1185,22241000000,140589969
1160,1185,22242000000,140589957
1160,1185,22243000000,140589949
1160,1185,22244000000,140589938
1160,1185,22245000000,140589930
1160,1185,22246000000,140589922
1160,1185,22247000000,140589913
1160,1185,22248000000,140589904
1160,1185,22249000000,140589896
1160,1185,22250000000,140589888
1160,1185,22251000000,140589878
1160,1185,22252000000,140589866
1160,1185,22253000000,140589857
1160,1185,22254000000,140589847
1160,1185,22255000000,140589838
1160,1185,22256000000,140589826
1160,1185,22257000000,140589818
1160,1185,22258000000,140589810
1160,1185,22259000000,140589801
1160,1185,22260000000,140589792
1160,1185,22261000000,140589784
1160,1185,22262000000,140589774
1160,1185,22263000000,140589764
1160,1185,22264000000,140589753
1160,1185,22265000000,140589746
1160,1185,22266000000,140589736
1160,1185,22267000000,140589726
1160,1185,22268000000,140589717
1160,1185,22269000000,140589710
1160,1185,22270000000,140589699
1160,1185,22271000000,140589690
1160,1185,22272000000,140589680
1160,1185,22273000000,140589670
1160,1185,22274000000,140589659
1160,1185,22275000000,140589649
1160,1185,22276000000,140589640
1160,1185,22277000000,140589633
1160,1185,22278000000,140589625
1160,1185,22279000000,140589618
1160,1185,22280000000,140589607
1160,1185,22281000000,140589598
1160,1185,22282000000,140589588
1160,1185,22283000000,140589577
1160,1185,22284000000,140589567
1160,1185,22285000000,140589557
1160,1185,22286000000,140589548
1160,1185,22287000000,140589540
1160,1185,22288000000,140589531
1160,1185,22289000000,140589521
1160,1185,22290000000,140589513
1160,1185,22291000000,140589503
1160,1185,22292000000,140589495
1160,1185,22293000000,140589483
1160,1185,22294000000,140589475
1160,1185,22295000000,140589465
1160,1185,22296000000,140589457
1160,1185,22297000000,140589448
1160,1185,22298000000,140589440
1160,1185,22299000000,140589430
1160,1185,22300000000,140589420
1160,1185,22301000000,140589411
1160,1185,22302000000,140589401
1160,1185,22303000000,140589390
1160,1185,22304000000,140589381
1160,1185,22305000000,140589370
1160,1185,22306000000,140589362
1160,1185,22307000000,140589354
1160,1185,22308000000,140589347
1160,1185,22309000000,140589336
1160,1185,22310000000,140589328
1160,1185,22311000000,140589317
1160,1185,22312000000,140589310
1160,1185,22313000000,140589299
1160,1185,22314000000,140589288
1160,1185,22315000000,140589278
1160,1185,22316000000,140589271
1160,1185,22317000000,140589262
1160,1185,22318000000,140589253
1160,1185,22319000000,140589244
1160,1185,22320000000,140589233
1160,1185,22321000000,140589223
1160,1185,22322000000,140589212
1160,1185,22323000000,140589205
1160,1185,22324000000,140589195
1160,1185,22325000000,140589186
1160,1185,22326000000,140589179
1160,1185,22327000000,140589171
1160,1185,22328000000,140589162
1160,1185,22329000000,140589151
1160,1185,22330000000,140589141
1160,1185,22331000000,140589132
1160,1185,22332000000,140589121
1160,1185,22333000000,140589111
1160,1185,22334000000,140589100
1160,1185,22335000000,140589092
1160,1185,22336000000,140589083
1160,1185,22337000000,140589076
1160,1185,22338000000,140589068
1160,1185,22339000000,140589058
1160,1185,22340000000,140589048
1160,1185,22341000000,140589040
1160,1185,22342000000,140589029
1160,1185,22343000000,140589019
1160,1185,22344000000,140589011
1160,1185,22345000000,140589001
1160,1185,22346000000,140588992
1160,1185,22347000000,140588983
1160,1185,22348000000,140588974
1160,1185,22349000000,140588965
1160,1185,22350000000,140588955
1160,1185,22351000000,140588943
1160,1185,22352000000,140588935
1160,1185,22353000000,140588925
1160,1185,22354000000,140588915
1160,1185,22355000000,140588908
1160,1185,22356000000,140588900
1160,1185,22357000000,140588893
1160,1185,22358000000,140588882
1160,1185,22359000000,140588872
1160,1185,22360000000,140588863
1160,1185,22361000000,140588852
1160,1185,22362000000,140588843
1160,1185,22363000000,140588833
1160,1185,22364000000,140588824
1160,1185,22365000000,140588816
1160,1185,22366000000,140588807
1160,1185,22367000000,140588797
1160,1185,22368000000,140588787
1160,1185,22369000000,140588779
1160,1185,22370000000,140588770
1160,1185,22371000000,140588759
1160,1185,22372000000,140588751
1160,1185,22373000000,140588741
1160,1185,22374000000,140588733
1160,1185,22375000000,140588725
1160,1185,22376000000,140588718
1160,1185,22377000000,140588707
1160,1185,22378000000,140588697
1160,1185,22379000000,140588688
1160,1185,22380000000,140588678
1160,1185,22381000000,140588668
1160,1185,22382000000,140588656
1160,1185,22383000000,140588649
1160,1185,22384000000,140588641
1160,1185,22385000000,140588632
1160,1185,22386000000,140588624
1160,1185,22387000000,140588615
1160,1185,22388000000,140588606
1160,1185,22389000000,140588596
1160,1185,22390000000,140588586
1160,1185,22391000000,140588578
1160,1185,22392000000,140588568
1160,1185,22393000000,140588559
1160,1185,22394000000,140588550
1160,1185,22395000000,140588542
1160,1185,22396000000,140588533
1160,1185,22397000000,140588523
1160,1185,22398000000,140588512
1160,1185,22399000000,140588503
1160,1185,22400000000,140588493
1160,1185,22401000000,140588484
1160,1185,22402000000,140588475
1160,1185,22403000000,140588467
1160,1185,22404000000,140588458
1160,1185,22405000000,140588450
1160,1185,22406000000,140588441
1160,1185,22407000000,140588433
1160,1185,22408000000,140588422
1160,1185,22409000000,140588412
1160,1185,22410000000,140588402
1160,1185,22411000000,140588391
1160,1185,22412000000,140588382
1160,1185,22413000000,140588372
1160,1185,22414000000,140588365
1160,1185,22415000000,140588357
1160,1185,22416000000,140588348
1160,1185,22417000000,140588341
1160,1185,22418000000,140588331
1160,1185,22419000000,140588320
1160,1185,22420000000,140588313
1160,1185,22421000000,140588303
1160,1185,22422000000,140588293
1160,1185,22423000000,140588285
1160,1185,22424000000,140588277
1160,1185,22425000000,140588268
1160,1185,22426000000,140588258
1160,1185,22427000000,140588250
1160,1185,22428000000,140588239
1160,1185,22429000000,140588226
1160,1185,22430000000,140588218
1160,1185,22431000000,140588210
1160,1185,22432000000,140588200
1160,1185,22433000000,140588192
1160,1185,22434000000,140588185
1160,1185,22435000000,140588178
1160,1185,22436000000,140588167
1160,1185,22437000000,140588158
1160,1185,22438000000,140588150
1160,1185,22439000000,140588137
1160,1185,22440000000,140588125
1160,1185,22441000000,140588117
1160,1185,22442000000,140588109
1160,1185,22443000000,140588099
1160,1185,22444000000,140588091
1160,1185,22445000000,140588081
1160,1185,22446000000,140588073
1160,1185,22447000000,140588063
1160,1185,22448000000,140588052
1160,1185,22449000000,140588045
1160,1185,22450000000,140588035
1160,1185,22451000000,140588026
1160,1185,22452000000,140588018
1160,1185,22453000000,140588011
1160,1185,22454000000,140588001
1160,1185,22455000000,140587990
1160,1185,22456000000,140587981
1160,1185,22457000000,140587972
1160,1185,22458000000,140587960
1160,1185,22459000000,140587951
1160,1185,22460000000,140587940
1160,1185,22461000000,140587932
1160,1185,22462000000,140587924
1160,1185,22463000000,140587916
1160,1185,22464000000,140587909
1160,1185,22465000000,140587899
1160,1185,22466000000,140587889
1160,1185,22467000000,140587881
1160,1185,22468000000,140587871
1160,1185,22469000000,140587860
1160,1185,22470000000,140587851
1160,1185,22471000000,140587841
1160,1185,22472000000,140587833
1160,1185,22473000000,140587824
1160,1185,22474000000,140587815
1160,1185,22475000000,140587805
1160,1185,22476000000,140587794
1160,1185,22477000000,140587783
1160,1185,22478000000,140587777
1160,1185,22479000000,140587766
1160,1185,22480000000,140587757
1160,1185,22481000000,140587751
1160,1185,22482000000,140587742
1160,1185,22483000000,140587734
1160,1185,22484000000,140587725
1160,1185,22485000000,140587715
1160,1185,22486000000,140587706
1160,1185,22487000000,140587692
1160,1185,22488000000,140587686
1160,1185,22489000000,140587675
1160,1185,22490000000,140587665
1160,1185,22491000000,140587655
1160,1185,22492000000,140587648
1160,1185,22493000000,140587640
1160,1185,22494000000,140587630
1160,1185,22495000000,140587621
1160,1185,22496000000,140587613
1160,1185,22497000000,140587602
1160,1185,22498000000,140587593
1160,1185,22499000000,140587585
1160,1185,22500000000,140587575
1160,1185,22501000000,140587567
1160,1185,22502000000,140587558
1160,1185,22503000000,140587548
1160,1185,22504000000,140587540
1160,1185,22505000000,140587528
1160,1185,22506000000,140587518
1160,1185,22507000000,140587509
1160,1185,22508000000,140587499
1160,1185,22509000000,140587490
1160,1185,22510000000,140587481
1160,1185,22511000000,140587474
1160,1185,22512000000,140587466
1160,1185,22513000000,140587456
1160,1185,22514000000,140587448
1160,1185,22515000000,140587439
1160,1185,22516000000,140587428
1160,1185,22517000000,140587420
1160,1185,22518000000,140587408
1160,1185,22519000000,140587399
1160,1185,22520000000,140587391
1160,1185,22521000000,140587384
1160,1185,22522000000,140587374
1160,1185,22523000000,140587364
1160,1185,22524000000,140587356
1160,1185,22525000000,140587347
1160,1185,22526000000,140587335
1160,1185,22527000000,140587327
1160,1185,22528000000,140587318
1160,1185,22529000000,140587308
1160,1185,22530000000,140587302
1160,1185,22531000000,140587293
1160,1185,22532000000,140587283
1160,1185,22533000000,140587274
1160,1185,22534000000,140587264
1160,1185,22535000000,140587253
1160,1185,22536000000,140587243
1160,1185,22537000000,140587234
1160,1185,22538000000,140587224
1160,1185,22539000000,140587216
1160,1185,22540000000,140587210
1160,1185,22541000000,140587201
1160,1185,22542000000,140587191
1160,1185,22543000000,140587182
1160,1185,22544000000,140587173
1160,1185,22545000000,140587162
1160,1185,22546000000,140587154
1160,1185,22547000000,140587144
1160,1185,22548000000,140587134
1160,1185,22549000000,140587124
1160,1185,22550000000,140587118
1160,1185,22551000000,140587110
1160,1185,22552000000,140587099
1160,1185,22553000000,140587089
1160,1185,22554000000,140587081
1160,1185,22555000000,140587070
1160,1185,22556000000,140587062
1160,1185,22557000000,140587053
1160,1185,22558000000,140587044
1160,1185,22559000000,140587037
1160,1185,22560000000,140587028
1160,1185,22561000000,140587020
1160,1185,22562000000,140587010
1160,1185,22563000000,140586999
1160,1185,22564000000,140586989
1160,1185,22565000000,140586979
1160,1185,22566000000,140586969
1160,1185,22567000000,140586958
1160,1185,22568000000,140586950
1160,1185,22569000000,140586942
1160,1185,22570000000,140586934
1160,1185,22571000000,140586925
1160,1185,22572000000,140586916
1160,1185,22573000000,140586907
1160,1185,22574000000,140586897
1160,1185,22575000000,140586889
1160,1185,22576000000,140586879
1160,1185,22577000000,140586870
1160,1185,22578000000,140586862
1160,1185,22579000000,140586854
1160,1185,22580000000,140586844
1160,1185,22581000000,140586835
1160,1185,22582000000,140586826
1160,1185,22583000000,140586816
1160,1185,22584000000,140586803
1160,1185,22585000000,140586795
1160,1185,22586000000,140586786
1160,1185,22587000000,140586777
1160,1185,22588000000,140586770
1160,1185,22589000000,140586761
1160,1185,22590000000,140586752
1160,1185,22591000000,140586744
1160,1185,22592000000,140586734
1160,1185,22593000000,140586723
1160,1185,22594000000,140586714
1160,1185,22595000000,140586704
1160,1185,22596000000,140586694
1160,1185,22597000000,140586685
1160,1185,22598000000,140586678
1160,1185,22599000000,140586669
1160,1185,22600000000,140586658
1160,1185,22601000000,140586651
1160,1185,22602000000,140586642
1160,1185,22603000000,140586630
1160,1185,22604000000,140586623
1160,1185,22605000000,140586614
1160,1185,22606000000,140586604
1160,1185,22607000000,140586597
1160,1185,22608000000,140586591
1160,1185,22609000000,140586581
1160,1185,22610000000,140586571
1160,1185,22611000000,140586561
1160,1185,22612000000,140586553
1160,1185,22613000000,140586541
1160,1185,22614000000,140586531
1160,1185,22615000000,140586521
1160,1185,22616000000,140586512
1160,1185,22617000000,140586505
1160,1185,22618000000,140586498
1160,1185,22619000000,140586488
1160,1185,22620000000,140586480
1160,1185,22621000000,140586471
1160,1185,22622000000,140586460
1160,1185,22623000000,140586453
1160,1185,22624000000,140586442
1160,1185,22625000000,140586433
1160,1185,22626000000,140586425
1160,1185,22627000000,140586416
1160,1185,22628000000,140586409
1160,1185,22629000000,140586399
1160,1185,22630000000,140586389
1160,1185,22631000000,140586380
1160,1185,22632000000,140586370
1160,1185,22633000000,140586361
1160,1185,22634000000,140586350
1160,1185,22635000000,140586343
1160,1185,22636000000,140586335
1160,1185,22637000000,140586326
1160,1185,22638000000,140586319
1160,1185,22639000000,140586309
1160,1185,22640000000,140586299
1160,1185,22641000000,140586289
1160,1185,22642000000,140586278
1160,1185,22643000000,140586269
1160,1185,22644000000,140586260
1160,1185,22645000000,140586251
1160,1185,22646000000,140586241
1160,1185,22647000000,140586233
1160,1185,22648000000,140586226
1160,1185,22649000000,140586216
1160,1185,22650000000,140586206
1160,1185,22651000000,140586198
1160,1185,22652000000,140586189
1160,1185,22653000000,140586178
1160,1185,22654000000,140586171
1160,1185,22655000000,140586162
1160,1185,22656000000,140586153
1160,1185,22657000000,140586145
1160,1185,22658000000,140586135
1160,1185,22659000000,140586125
1160,1185,22660000000,140586116
1160,1185,22661000000,140586105
1160,1185,22662000000,140586095
1160,1185,22663000000,140586087
1160,1185,22664000000,140586078
1160,1185,22665000000,140586069
1160,1185,22666000000,140586062
1160,1185,22667000000,140586054
1160,1185,22668000000,140586043
1160,1185,22669000000,140586035
1160,1185,22670000000,140586024
1160,1185,22671000000,140586015
1160,1185,22672000000,140586006
1160,1185,22673000000,140585995
1160,1185,22674000000,140585987
1160,1185,22675000000,140585979
1160,1185,22676000000,140585970
1160,1185,22677000000,140585960
1160,1185,22678000000,140585951
1160,1185,22679000000,140585942
1160,1185,22680000000,140585933
1160,1185,22681000000,140585924
1160,1185,22682000000,140585914
1160,1185,22683000000,140585905
1160,1185,22684000000,140585897
1160,1185,22685000000,140585890
1160,1185,22686000000,140585881
1160,1185,22687000000,140585871
1160,1185,22688000000,140585862
1160,1185,22689000000,140585852
1160,1185,22690000000,140585841
1160,1185,22691000000,140585832
1160,1185,22692000000,140585822
1160,1185,22693000000,140585813
1160,1185,22694000000,140585806
1160,1185,22695000000,140585798
1160,1185,22696000000,140585788
1160,1185,22697000000,140585780
1160,1185,22698000000,140585771
1160,1185,22699000000,140585759
1160,1185,22700000000,140585751
1160,1185,22701000000,140585742
1160,1185,22702000000,140585732
1160,1185,22703000000,140585724
1160,1185,22704000000,140585714
1160,1185,22705000000,140585706
1160,1185,22706000000,140585698
1160,1185,22707000000,140585687
1160,1185,22708000000,140585676
1160,1185,22709000000,140585668
1160,1185,22710000000,140585658
1160,1185,22711000000,140585649
1160,1185,22712000000,140585641
1160,1185,22713000000,140585633
1160,1185,22714000000,140585625
1160,1185,22715000000,140585617
1160,1185,22716000000,140585609
1160,1185,22717000000,140585599
1160,1185,22718000000,140585588
1160,1185,22719000000,140585579
1160,1185,22720000000,140585569
1160,1185,22721000000,140585560
1160,1185,22722000000,140585551
1160,1185,22723000000,140585542
1160,1185,22724000000,140585534
1160,1185,22725000000,140585526
1160,1185,22726000000,140585516
1160,1185,22727000000,140585508
1160,1185,22728000000,140585498
1160,1185,22729000000,140585489
1160,1185,22730000000,140585479
1160,1185,22731000000,140585471
1160,1185,22732000000,140585463
1160,1185,22733000000,140585455
1160,1185,22734000000,140585446
1160,1185,22735000000,140585436
1160,1185,22736000000,140585426
1160,1185,22737000000,140585416
1160,1185,22738000000,140585405
1160,1185,22739000000,140585395
1160,1185,22740000000,140585385
1160,1185,22741000000,140585377
1160,1185,22742000000,140585370
1160,1185,22743000000,140585361
1160,1185,22744000000,140585353
1160,1185,22745000000,140585345
1160,1185,22746000000,140585335
1160,1185,22747000000,140585325
1160,1185,22748000000,140585316
1160,1185,22749000000,140585306
1160,1185,22750000000,140585297
1160,1185,22751000000,140585288
1160,1185,22752000000,140585279
1160,1185,22753000000,140585270
1160,1185,22754000000,140585262
1160,1185,22755000000,140585251
1160,1185,22756000000,140585242
1160,1185,22757000000,140585234
1160,1185,22758000000,140585223
1160,1185,22759000000,140585214
1160,1185,22760000000,140585207
1160,1185,22761000000,140585198
1160,1185,22762000000,140585191
1160,1185,22763000000,140585185
1160,1185,22764000000,140585174
1160,1185,22765000000,140585164
1160,1185,22766000000,140585153
1160,1185,22767000000,140585144
1160,1185,22768000000,140585135
1160,1185,22769000000,140585126
1160,1185,22770000000,140585115
1160,1185,22771000000,140585108
1160,1185,22772000000,140585101
1160,1185,22773000000,140585092
1160,1185,22774000000,140585082
1160,1185,22775000000,140585075
1160,1185,22776000000,140585064
1160,1185,22777000000,140585054
1160,1185,22778000000,140585047
1160,1185,22779000000,140585037
1160,1185,22780000000,140585028
1160,1185,22781000000,140585019
1160,1185,22782000000,140585011
1160,1185,22783000000,140585002
1160,1185,22784000000,140584991
1160,1185,22785000000,140584981
1160,1185,22786000000,140584972
1160,1185,22787000000,140584962
1160,1185,22788000000,140584954
1160,1185,22789000000,140584945
1160,1185,22790000000,140584936
1160,1185,22791000000,140584929
1160,1185,22792000000,140584920
1160,1185,22793000000,140584911
1160,1185,22794000000,140584902
1160,1185,22795000000,140584891
1160,1185,22796000000,140584881
1160,1185,22797000000,140584871
1160,1185,22798000000,140584863
1160,1185,22799000000,140584853
1160,1185,22800000000,140584845
1160,1185,22801000000,140584836
1160,1185,22802000000,140584827
1160,1185,22803000000,140584818
1160,1185,22804000000,140584811
1160,1185,22805000000,140584799
1160,1185,22806000000,140584790
1160,1185,22807000000,140584782
1160,1185,22808000000,140584772
1160,1185,22809000000,140584766
1160,1185,22810000000,140584757
1160,1185,22811000000,140584747
1160,1185,22812000000,140584741
1160,1185,22813000000,140584730
1160,1185,22814000000,140584718
1160,1185,22815000000,140584710
1160,1185,22816000000,140584700
1160,1185,22817000000,140584690
1160,1185,22818000000,140584683
1160,1185,22819000000,140584675
1160,1185,22820000000,140584667
1160,1185,22821000000,140584659
1160,1185,22822000000,140584650
1160,1185,22823000000,140584642
1160,1185,22824000000,140584632
1160,1185,22825000000,140584623
1160,1185,22826000000,140584615
1160,1185,22827000000,140584606
1160,1185,22828000000,140584596
1160,1185,22829000000,140584588
1160,1185,22830000000,140584579
1160,1185,22831000000,140584571
1160,1185,22832000000,140584559
1160,1185,22833000000,140584549
1160,1185,22834000000,140584542
1160,1185,22835000000,140584533
1160,1185,22836000000,140584523
1160,1185,22837000000,140584515
1160,1185,22838000000,140584507
1160,1185,22839000000,140584499
1160,1185,22840000000,140584491
1160,1185,22841000000,140584481
1160,1185,22842000000,140584472
1160,1185,22843000000,140584461
1160,1185,22844000000,140584453
1160,1185,22845000000,140584443
1160,1185,22846000000,140584434
1160,1185,22847000000,140584424
1160,1185,22848000000,140584416
1160,1185,22849000000,140584409
1160,1185,22850000000,140584401
1160,1185,22851000000,140584390
1160,1185,22852000000,140584383
1160,1185,22853000000,140584373
1160,1185,22854000000,140584362
1160,1185,22855000000,140584356
1160,1185,22856000000,140584347
1160,1185,22857000000,140584339
1160,1185,22858000000,140584332
1160,1185,22859000000,140584321
1160,1185,22860000000,140584312
1160,1185,22861000000,140584303
1160,1185,22862000000,140584292
1160,1185,22863000000,140584281
1160,1185,22864000000,140584275
1160,1185,22865000000,140584266
1160,1185,22866000000,140584257
1160,1185,22867000000,140584250
1160,1185,22868000000,140584242
1160,1185,22869000000,140584232
1160,1185,22870000000,140584224
1160,1185,22871000000,140584216
1160,1185,22872000000,140584204
1160,1185,22873000000,140584195
1160,1185,22874000000,140584186
1160,1185,22875000000,140584176
1160,1185,22876000000,140584168
1160,1185,22877000000,140584159
1160,1185,22878000000,140584150
1160,1185,22879000000,140584142
1160,1185,22880000000,140584132
1160,1185,22881000000,140584122
1160,1185,22882000000,140584114
1160,1185,22883000000,140584104
1160,1185,22884000000,140584096
1160,1185,22885000000,140584087
1160,1185,22886000000,140584079
1160,1185,22887000000,140584072
1160,1185,22888000000,140584063
1160,1185,22889000000,140584053
1160,1185,22890000000,140584043
1160,1185,22891000000,140584032
1160,1185,22892000000,140584022
1160,1185,22893000000,140584013
1160,1185,22894000000,140584004
1160,1185,22895000000,140583996
1160,1185,22896000000,140583988
1160,1185,22897000000,140583981
1160,1185,22898000000,140583972
1160,1185,22899000000,140583962
1160,1185,22900000000,140583951
1160,1185,22901000000,140583944
1160,1185,22902000000,140583934
1160,1185,22903000000,140583926
1160,1185,22904000000,140583916
1160,1185,22905000000,140583908
1160,1185,22906000000,140583900
1160,1185,22907000000,140583890
1160,1185,22908000000,140583880
1160,1185,22909000000,140583871
1160,1185,22910000000,140583860
1160,1185,22911000000,140583851
1160,1185,22912000000,140583844
1160,1185,22913000000,140583834
1160,1185,22914000000,140583826
1160,1185,22915000000,140583819
1160,1185,22916000000,140583810
1160,1185,22917000000,140583803
1160,1185,22918000000,140583793
1160,1185,22919000000,140583781
1160,1185,22920000000,140583774
1160,1185,22921000000,140583762
1160,1185,22922000000,140583752
1160,1185,22923000000,140583744
1160,1185,22924000000,140583735
1160,1185,22925000000,140583726
1160,1185,22926000000,140583719
1160,1185,22927000000,140583710
1160,1185,22928000000,140583700
1160,1185,22929000000,140583691
1160,1185,22930000000,140583682
1160,1185,22931000000,140583673
1160,1185,22932000000,140583665
1160,1185,22933000000,140583656
1160,1185,22934000000,140583648
1160,1185,22935000000,140583640
1160,1185,22936000000,140583629
1160,1185,22937000000,140583620
1160,1185,22938000000,140583612
1160,1185,22939000000,140583600
1160,1185,22940000000,140583589
1160,1185,22941000000,140583582
1160,1185,22942000000,140583574
1160,1185,22943000000,140583565
1160,1185,22944000000,140583557
1160,1185,22945000000,140583549
1160,1185,22946000000,140583542
1160,1185,22947000000,140583531
1160,1185,22948000000,140583521
1160,1185,22949000000,140583513
1160,1185,22950000000,140583502
1160,1185,22951000000,140583494
1160,1185,22952000000,140583484
1160,1185,22953000000,140583476
1160,1185,22954000000,140583467
1160,1185,22955000000,140583458
1160,1185,22956000000,140583448
1160,1185,22957000000,140583440
1160,1185,22958000000,140583430
1160,1185,22959000000,140583420
1160,1185,22960000000,140583412
1160,1185,22961000000,140583404
1160,1185,22962000000,140583395
1160,1185,22963000000,140583387
1160,1185,22964000000,140583381
1160,1185,22965000000,140583371
1160,1185,22966000000,140583360
1160,1185,22967000000,140583350
1160,1185,22968000000,140583340
1160,1185,22969000000,140583329
1160,1185,22970000000,140583322
1160,1185,22971000000,140583311
1160,1185,22972000000,140583304
1160,1185,22973000000,140583297
1160,1185,22974000000,140583288
1160,1185,22975000000,140583280
1160,1185,22976000000,140583271
1160,1185,22977000000,140583259
1160,1185,22978000000,140583251
1160,1185,22979000000,140583243
1160,1185,22980000000,140583233
1160,1185,22981000000,140583225
1160,1185,22982000000,140583216
1160,1185,22983000000,140583207
1160,1185,22984000000,140583199
1160,1185,22985000000,140583188
1160,1185,22986000000,140583177
1160,1185,22987000000,140583169
1160,1185,22988000000,140583159
1160,1185,22989000000,140583151
1160,1185,22990000000,140583142
1160,1185,22991000000,140583134
1160,1185,22992000000,140583128
1160,1185,22993000000,140583118
1160,1185,22994000000,140583111
1160,1185,22995000000,140583103
1160,1185,22996000000,140583091
1160,1185,22997000000,140583081
1160,1185,22998000000,140583073
1160,1185,22999000000,140583063
1160,1185,23000000000,140583054
1160,1185,23001000000,140583046
1160,1185,23002000000,140583037
1160,1185,23003000000,140583029
1160,1185,23004000000,140583020
1160,1185,23005000000,140583011
1160,1185,23006000000,140583001
1160,1185,23007000000,140582992
1160,1185,23008000000,140582983
1160,1185,23009000000,140582974
1160,1185,23010000000,140582967
1160,1185,23011000000,140582959
1160,1185,23012000000,140582951
1160,1185,23013000000,140582942
1160,1185,23014000000,140582932
1160,1185,23015000000,140582921
1160,1185,23016000000,140582911
1160,1185,23017000000,140582901
1160,1185,23018000000,140582893
1160,1185,23019000000,140582885
1160,1185,23020000000,140582877
1160,1185,23021000000,140582870
1160,1185,23022000000,140582861
1160,1185,23023000000,140582852
1160,1185,23024000000,140582843
1160,1185,23025000000,140582834
1160,1185,23026000000,140582825
1160,1185,23027000000,140582817
1160,1185,23028000000,140582807
1160,1185,23029000000,140582798
1160,1185,23030000000,140582789
1160,1185,23031000000,140582779
1160,1185,23032000000,140582771
1160,1185,23033000000,140582761
1160,1185,23034000000,140582750
1160,1185,23035000000,140582743
1160,1185,23036000000,140582734
1160,1185,23037000000,140582725
1160,1185,23038000000,140582717
1160,1185,23039000000,140582708
1160,1185,23040000000,140582702
1160,1185,23041000000,140582693
1160,1185,23042000000,140582682
1160,1185,23043000000,140582673
1160,1185,23044000000,140582663
1160,1185,23045000000,140582652
1160,1185,23046000000,140582644
1160,1185,23047000000,140582635
1160,1185,23048000000,140582625
1160,1185,23049000000,140582619
1160,1185,23050000000,140582610
1160,1185,23051000000,140582602
1160,1185,23052000000,140582593
1160,1185,23053000000,140582585
1160,1185,23054000000,140582575
1160,1185,23055000000,140582566
1160,1185,23056000000,140582558
1160,1185,23057000000,140582549
1160,1185,23058000000,140582540
1160,1185,23059000000,140582533
1160,1185,23060000000,140582523
1160,1185,23061000000,140582514
1160,1185,23062000000,140582502
1160,1185,23063000000,140582492
1160,1185,23064000000,140582483
1160,1185,23065000000,140582475
1160,1185,23066000000,140582467
1160,1185,23067000000,140582458
1160,1185,23068000000,140582451
1160,1185,23069000000,140582443
1160,1185,23070000000,140582433
1160,1185,23071000000,140582425
1160,1185,23072000000,140582416
1160,1185,23073000000,140582405
1160,1185,23074000000,140582396
1160,1185,23075000000,140582386
1160,1185,23076000000,140582376
1160,1185,23077000000,140582369
1160,1185,23078000000,140582360
1160,1185,23079000000,140582351
1160,1185,23080000000,140582343
1160,1185,23081000000,140582333
1160,1185,23082000000,140582326
1160,1185,23083000000,140582315
1160,1185,23084000000,140582307
1160,1185,23085000000,140582299
1160,1185,23086000000,140582290
1160,1185,23087000000,140582282
1160,1185,23088000000,140582275
1160,1185,23089000000,140582265
1160,1185,23090000000,140582257
1160,1185,23091000000,140582246
1160,1185,23092000000,140582236
1160,1185,23093000000,140582228
1160,1185,23094000000,140582217
1160,1185,23095000000,140582208
1160,1185,23096000000,140582202
1160,1185,23097000000,140582194
1160,1185,23098000000,140582185
1160,1185,23099000000,140582177
1160,1185,23100000000,140582166
1160,1185,23101000000,140582159
1160,1185,23102000000,140582149
1160,1185,23103000000,140582142
1160,1185,23104000000,140582133
1160,1185,23105000000,140582123
1160,1185,23106000000,140582114
1160,1185,23107000000,140582105
1160,1185,23108000000,140582095
1160,1185,23109000000,140582086
1160,1185,23110000000,140582076
1160,1185,23111000000,140582067
1160,1185,23112000000,140582059
1160,1185,23113000000,140582050
1160,1185,23114000000,140582041
1160,1185,23115000000,140582034
1160,1185,23116000000,140582026
1160,1185,23117000000,140582017
1160,1185,23118000000,140582009
1160,1185,23119000000,140581998
1160,1185,23120000000,140581989
1160,1185,23121000000,140581979
1160,1185,23122000000,140581970
1160,1185,23123000000,140581961
1160,1185,23124000000,140581954
1160,1185,23125000000,140581944
1160,1185,23126000000,140581936
1160,1185,23127000000,140581928
1160,1185,23128000000,140581919
1160,1185,23129000000,140581910
1160,1185,23130000000,140581900
1160,1185,23131000000,140581892
1160,1185,23132000000,140581884
1160,1185,23133000000,140581875
1160,1185,23134000000,140581867
1160,1185,23135000000,140581859
1160,1185,23136000000,140581850
1160,1185,23137000000,140581841
1160,1185,23138000000,140581829
1160,1185,23139000000,140581819
1160,1185,23140000000,140581809
1160,1185,23141000000,140581801
1160,1185,23142000000,140581794
1160,1185,23143000000,140581785
1160,1185,23144000000,140581776
1160,1185,23145000000,140581769
1160,1185,23146000000,140581760
1160,1185,23147000000,140581751
1160,1185,23148000000,140581742
1160,1185,23149000000,140581733
1160,1185,23150000000,140581725
1160,1185,23151000000,140581715
1160,1185,23152000000,140581704
1160,1185,23153000000,140581698
1160,1185,23154000000,140581689
1160,1185,23155000000,140581680
1160,1185,23156000000,140581671
1160,1185,23157000000,140581660
1160,1185,23158000000,140581653
1160,1185,23159000000,140581643
1160,1185,23160000000,140581636
1160,1185,23161000000,140581628
1160,1185,23162000000,140581618
1160,1185,23163000000,140581611
1160,1185,23164000000,140581603
1160,1185,23165000000,140581594
1160,1185,23166000000,140581585
1160,1185,23167000000,140581574
1160,1185,23168000000,140581563
1160,1185,23169000000,140581555
1160,1185,23170000000,140581546
1160,1185,23171000000,140581535
1160,1185,23172000000,140581528
1160,1185,23173000000,140581521
1160,1185,23174000000,140581513
1160,1185,23175000000,140581504
1160,1185,23176000000,140581494
1160,1185,23177000000,140581486
1160,1185,23178000000,140581476
1160,1185,23179000000,140581469
1160,1185,23180000000,140581461
1160,1185,23181000000,140581452
1160,1185,23182000000,140581444
1160,1185,23183000000,140581434
1160,1185,23184000000,140581424
1160,1185,23185000000,140581415
1160,1185,23186000000,140581405
1160,1185,23187000000,140581394
1160,1185,23188000000,140581387
1160,1185,23189000000,140581378
1160,1185,23190000000,140581370
1160,1185,23191000000,140581362
1160,1185,23192000000,140581354
1160,1185,23193000000,140581346
1160,1185,23194000000,140581337
1160,1185,23195000000,140581326
1160,1185,23196000000,140581318
1160,1185,23197000000,140581307
1160,1185,23198000000,140581300
1160,1185,23199000000,140581290
1160,1185,23200000000,140581280
1160,1185,23201000000,140581273
1160,1185,23202000000,140581263
1160,1185,23203000000,140581256
1160,1185,23204000000,140581248
1160,1185,23205000000,140581238
1160,1185,23206000000,140581229
1160,1185,23207000000,140581220
1160,1185,23208000000,140581211
1160,1185,23209000000,140581203
1160,1185,23210000000,140581195
1160,1185,23211000000,140581187
1160,1185,23212000000,140581179
1160,1185,23213000000,140581171
1160,1185,23214000000,140581159
1160,1185,23215000000,140581149
1160,1185,23216000000,140581139
1160,1185,23217000000,140581130
1160,1185,23218000000,140581121
1160,1185,23219000000,140581114
1160,1185,23220000000,140581106
1160,1185,23221000000,140581098
1160,1185,23222000000,140581090
1160,1185,23223000000,140581082
1160,1185,23224000000,140581072
1160,1185,23225000000,140581064
1160,1185,23226000000,140581056
1160,1185,23227000000,140581047
1160,1185,23228000000,140581037
1160,1185,23229000000,140581028
1160,1185,23230000000,140581020
1160,1185,23231000000,140581011
1160,1185,23232000000,140581001
1160,1185,23233000000,140580990
1160,1185,23234000000,140580981
1160,1185,23235000000,140580973
1160,1185,23236000000,140580966
1160,1185,23237000000,140580956
1160,1185,23238000000,140580948
1160,1185,23239000000,140580940
1160,1185,23240000000,140580932
1160,1185,23241000000,140580924
1160,1185,23242000000,140580914
1160,1185,23243000000,140580906
1160,1185,23244000000,140580895
1160,1185,23245000000,140580884
1160,1185,23246000000,140580877
1160,1185,23247000000,140580868
1160,1185,23248000000,140580860
1160,1185,23249000000,140580852
1160,1185,23250000000,140580843
1160,1185,23251000000,140580836
1160,1185,23252000000,140580824
1160,1185,23253000000,140580816
1160,1185,23254000000,140580806
1160,1185,23255000000,140580798
1160,1185,23256000000,140580791
1160,1185,23257000000,140580781
1160,1185,23258000000,140580774
1160,1185,23259000000,140580765
1160,1185,23260000000,140580755
1160,1185,23261000000,140580746
1160,1185,23262000000,140580737
1160,1185,23263000000,140580726
1160,1185,23264000000,140580718
1160,1185,23265000000,140580710
1160,1185,23266000000,140580703
1160,1185,23267000000,140580695
1160,1185,23268000000,140580686
1160,1185,23269000000,140580678
1160,1185,23270000000,140580669
1160,1185,23271000000,140580659
1160,1185,23272000000,140580650
1160,1185,23273000000,140580641
1160,1185,23274000000,140580633
1160,1185,23275000000,140580623
1160,1185,23276000000,140580613
1160,1185,23277000000,140580605
1160,1185,23278000000,140580596
1160,1185,23279000000,140580588
1160,1185,23280000000,140580577
1160,1185,23281000000,140580570
1160,1185,23282000000,140580561
1160,1185,23283000000,140580553
1160,1185,23284000000,140580545
1160,1185,23285000000,140580536
1160,1185,23286000000,140580528
1160,1185,23287000000,140580520
1160,1185,23288000000,140580511
1160,1185,23289000000,140580502
1160,1185,23290000000,140580492
1160,1185,23291000000,140580480
1160,1185,23292000000,140580471
1160,1185,23293000000,140580464
1160,1185,23294000000,140580453
1160,1185,23295000000,140580446
1160,1185,23296000000,140580438
1160,1185,23297000000,140580432
1160,1185,23298000000,140580423
1160,1185,23299000000,140580412
1160,1185,23300000000,140580405
1160,1185,23301000000,140580396
1160,1185,23302000000,140580388
1160,1185,23303000000,140580380
1160,1185,23304000000,140580370
1160,1185,23305000000,140580363
1160,1185,23306000000,140580352
1160,1185,23307000000,140580343
1160,1185,23308000000,140580335
1160,1185,23309000000,140580322
1160,1185,23310000000,140580314
1160,1185,23311000000,140580305
1160,1185,23312000000,140580298
1160,1185,23313000000,140580290
1160,1185,23314000000,140580281
1160,1185,23315000000,140580275
1160,1185,23316000000,140580265
1160,1185,23317000000,140580258
1160,1185,23318000000,140580249
1160,1185,23319000000,140580240
1160,1185,23320000000,140580231
1160,1185,23321000000,140580221
1160,1185,23322000000,140580211
1160,1185,23323000000,140580202
1160,1185,23324000000,140580193
1160,1185,23325000000,140580185
1160,1185,23326000000,140580176
1160,1185,23327000000,140580169
1160,1185,23328000000,140580159
1160,1185,23329000000,140580149
1160,1185,23330000000,140580142
1160,1185,23331000000,140580133
1160,1185,23332000000,140580124
1160,1185,23333000000,140580117
1160,1185,23334000000,140580110
1160,1185,23335000000,140580101
1160,1185,23336000000,140580092
1160,1185,23337000000,140580080
1160,1185,23338000000,140580071
1160,1185,23339000000,140580063
1160,1185,23340000000,140580053
1160,1185,23341000000,140580045
1160,1185,23342000000,140580036
1160,1185,23343000000,140580029
1160,1185,23344000000,140580020
1160,1185,23345000000,140580012
1160,1185,23346000000,140580003
1160,1185,23347000000,140579994
1160,1185,23348000000,140579985
1160,1185,23349000000,140579977
1160,1185,23350000000,140579969
1160,1185,23351000000,140579960
1160,1185,23352000000,140579950
1160,1185,23353000000,140579943
1160,1185,23354000000,140579932
1160,1185,23355000000,140579922
1160,1185,23356000000,140579913
1160,1185,23357000000,140579903
1160,1185,23358000000,140579896
1160,1185,23359000000,140579888
1160,1185,23360000000,140579878
1160,1185,23361000000,140579872
1160,1185,23362000000,140579863
1160,1185,23363000000,140579856
1160,1185,23364000000,140579847
1160,1185,23365000000,140579837
1160,1185,23366000000,140579829
1160,1185,23367000000,140579818
1160,1185,23368000000,140579809
1160,1185,23369000000,140579799
1160,1185,23370000000,140579790
1160,1185,23371000000,140579782
1160,1185,23372000000,140579773
1160,1185,23373000000,140579766
1160,1185,23374000000,140579758
1160,1185,23375000000,140579748
1160,1185,23376000000,140579739
1160,1185,23377000000,140579730
1160,1185,23378000000,140579723
1160,1185,23379000000,140579715
1160,1185,23380000000,140579707
1160,1185,23381000000,140579698
1160,1185,23382000000,140579690
1160,1185,23383000000,140579679
1160,1185,23384000000,140579667
1160,1185,23385000000,140579660
1160,1185,23386000000,140579649
1160,1185,23387000000,140579641
1160,1185,23388000000,140579633
1160,1185,23389000000,140579625
1160,1185,23390000000,140579618
1160,1185,23391000000,140579609
1160,1185,23392000000,140579600
1160,1185,23393000000,140579592
1160,1185,23394000000,140579584
1160,1185,23395000000,140579575
1160,1185,23396000000,140579566
1160,1185,23397000000,140579557
1160,1185,23398000000,140579547
1160,1185,23399000000,140579538
1160,1185,23400000000,140579530
1160,1185,23401000000,140579520
1160,1185,23402000000,140579511
1160,1185,23403000000,140579502
1160,1185,23404000000,140579494
1160,1185,23405000000,140579486
1160,1185,23406000000,140579477
1160,1185,23407000000,140579469
1160,1185,23408000000,140579461
1160,1185,23409000000,140579453
1160,1185,23410000000,140579445
1160,1185,23411000000,140579436
1160,1185,23412000000,140579426
1160,1185,23413000000,140579418
1160,1185,23414000000,140579406
1160,1185,23415000000,140579398
1160,1185,23416000000,140579389
1160,1185,23417000000,140579380
1160,1185,23418000000,140579373
1160,1185,23419000000,140579364
1160,1185,23420000000,140579357
1160,1185,23421000000,140579349
1160,1185,23422000000,140579340
1160,1185,23423000000,140579331
1160,1185,23424000000,140579322
1160,1185,23425000000,140579315
1160,1185,23426000000,140579305
1160,1185,23427000000,140579297
1160,1185,23428000000,140579289
1160,1185,23429000000,140579278
1160,1185,23430000000,140579270
1160,1185,23431000000,140579260
1160,1185,23432000000,140579251
1160,1185,23433000000,140579241
1160,1185,23434000000,140579234
1160,1185,23435000000,140579226
1160,1185,23436000000,140579218
1160,1185,23437000000,140579211
1160,1185,23438000000,140579201
1160,1185,23439000000,140579193
1160,1185,23440000000,140579186
1160,1185,23441000000,140579176
1160,1185,23442000000,140579167
1160,1185,23443000000,140579158
1160,1185,23444000000,140579148
1160,1185,23445000000,140579139
1160,1185,23446000000,140579130
1160,1185,23447000000,140579122
1160,1185,23448000000,140579114
1160,1185,23449000000,140579106
1160,1185,23450000000,140579097
1160,1185,23451000000,140579087
1160,1185,23452000000,140579078
1160,1185,23453000000,140579070
1160,1185,23454000000,140579061
1160,1185,23455000000,140579053
1160,1185,23456000000,140579046
1160,1185,23457000000,140579038
1160,1185,23458000000,140579028
1160,1185,23459000000,140579018
1160,1185,23460000000,140579009
1160,1185,23461000000,140578998
1160,1185,23462000000,140578990
1160,1185,23463000000,140578981
1160,1185,23464000000,140578974
1160,1185,23465000000,140578966
1160,1185,23466000000,140578959
1160,1185,23467000000,140578950
1160,1185,23468000000,140578943
1160,1185,23469000000,140578933
1160,1185,23470000000,140578924
1160,1185,23471000000,140578917
1160,1185,23472000000,140578908
1160,1185,23473000000,140578898
1160,1185,23474000000,140578891
1160,1185,23475000000,140578880
1160,1185,23476000000,140578872
1160,1185,23477000000,140578863
1160,1185,23478000000,140578853
1160,1185,23479000000,140578844
1160,1185,23480000000,140578835
1160,1185,23481000000,140578828
1160,1185,23482000000,140578819
1160,1185,23483000000,140578811
1160,1185,23484000000,140578803
1160,1185,23485000000,140578795
1160,1185,23486000000,140578787
1160,1185,23487000000,140578779
1160,1185,23488000000,140578769
1160,1185,23489000000,140578759
1160,1185,23490000000,140578749
1160,1185,23491000000,140578741
1160,1185,23492000000,140578732
1160,1185,23493000000,140578722
1160,1185,23494000000,140578715
1160,1185,23495000000,140578708
1160,1185,23496000000,140578699
1160,1185,23497000000,140578690
1160,1185,23498000000,140578680
1160,1185,23499000000,140578672
1160,1185,23500000000,140578663
1160,1185,23501000000,140578655
1160,1185,23502000000,140578647
1160,1185,23503000000,140578639
1160,1185,23504000000,140578630
1160,1185,23505000000,140578621
1160,1185,23506000000,140578610
1160,1185,23507000000,140578602
1160,1185,23508000000,140578592
1160,1185,23509000000,140578582
1160,1185,23510000000,140578575
1160,1185,23511000000,140578567
1160,1185,23512000000,140578559
1160,1185,23513000000,140578552
1160,1185,23514000000,140578544
1160,1185,23515000000,140578536
1160,1185,23516000000,140578525
1160,1185,23517000000,140578518
1160,1185,23518000000,140578509
1160,1185,23519000000,140578500
1160,1185,23520000000,140578492
1160,1185,23521000000,140578480
1160,1185,23522000000,140578473
1160,1185,23523000000,140578463
1160,1185,23524000000,140578455
1160,1185,23525000000,140578446
1160,1185,23526000000,140578437
1160,1185,23527000000,140578429
1160,1185,23528000000,140578419
1160,1185,23529000000,140578414
1160,1185,23530000000,140578404
1160,1185,23531000000,140578397
1160,1185,23532000000,140578388
1160,1185,23533000000,140578381
1160,1185,23534000000,140578371
1160,1185,23535000000,140578360
1160,1185,23536000000,140578351
1160,1185,23537000000,140578341
1160,1185,23538000000,140578334
1160,1185,23539000000,140578323
1160,1185,23540000000,140578316
1160,1185,23541000000,140578309
1160,1185,23542000000,140578301
1160,1185,23543000000,140578293
1160,1185,23544000000,140578282
1160,1185,23545000000,140578273
1160,1185,23546000000,140578264
1160,1185,23547000000,140578257
1160,1185,23548000000,140578249
1160,1185,23549000000,140578240
1160,1185,23550000000,140578232
1160,1185,23551000000,140578224
1160,1185,23552000000,140578214
1160,1185,23553000000,140578203
1160,1185,23554000000,140578194
1160,1185,23555000000,140578186
1160,1185,23556000000,140578177
1160,1185,23557000000,140578170
1160,1185,23558000000,140578163
1160,1185,23559000000,140578154
1160,1185,23560000000,140578146
1160,1185,23561000000,140578136
1160,1185,23562000000,140578130
1160,1185,23563000000,140578121
1160,1185,23564000000,140578111
1160,1185,23565000000,140578102
1160,1185,23566000000,140578094
1160,1185,23567000000,140578083
1160,1185,23568000000,140578074
1160,1185,23569000000,140578066
1160,1185,23570000000,140578057
1160,1185,23571000000,140578049
1160,1185,23572000000,140578041
1160,1185,23573000000,140578032
1160,1185,23574000000,140578024
1160,1185,23575000000,140578015
1160,1185,23576000000,140578008
1160,1185,23577000000,140577999
1160,1185,23578000000,140577993
1160,1185,23579000000,140577983
1160,1185,23580000000,140577975
1160,1185,23581000000,140577965
1160,1185,23582000000,140577954
1160,1185,23583000000,140577946
1160,1185,23584000000,140577937
1160,1185,23585000000,140577928
1160,1185,23586000000,140577919
1160,1185,23587000000,140577912
1160,1185,23588000000,140577905
1160,1185,23589000000,140577895
1160,1185,23590000000,140577888
1160,1185,23591000000,140577877
1160,1185,23592000000,140577870
1160,1185,23593000000,140577861
1160,1185,23594000000,140577854
1160,1185,23595000000,140577844
1160,1185,23596000000,140577835
1160,1185,23597000000,140577826
1160,1185,23598000000,140577817
1160,1185,23599000000,140577809
1160,1185,23600000000,140577797
1160,1185,23601000000,140577789
1160,1185,23602000000,140577782
1160,1185,23603000000,140577773
1160,1185,23604000000,140577766
1160,1185,23605000000,140577757
1160,1185,23606000000,140577749
1160,1185,23607000000,140577739
1160,1185,23608000000,140577733
1160,1185,23609000000,140577723
1160,1185,23610000000,140577715
1160,1185,23611000000,140577705
1160,1185,23612000000,140577698
1160,1185,23613000000,140577688
1160,1185,23614000000,140577679
1160,1185,23615000000,140577670
1160,1185,23616000000,140577662
1160,1185,23617000000,140577652
1160,1185,23618000000,140577646
1160,1185,23619000000,140577637
1160,1185,23620000000,140577627
1160,1185,23621000000,140577619
1160,1185,23622000000,140577611
1160,1185,23623000000,140577605
1160,1185,23624000000,140577595
1160,1185,23625000000,140577588
1160,1185,23626000000,140577578
1160,1185,23627000000,140577571
1160,1185,23628000000,140577559
1160,1185,23629000000,140577549
1160,1185,23630000000,140577541
1160,1185,23631000000,140577532
1160,1185,23632000000,140577525
1160,1185,23633000000,140577516
1160,1185,23634000000,140577509
1160,1185,23635000000,140577499
1160,1185,23636000000,140577492
1160,1185,23637000000,140577483
1160,1185,23638000000,140577475
1160,1185,23639000000,140577466
1160,1185,23640000000,140577457
1160,1185,23641000000,140577450
1160,1185,23642000000,140577440
1160,1185,23643000000,140577430
1160,1185,23644000000,140577421
1160,1185,23645000000,140577414
1160,1185,23646000000,140577404
1160,1185,23647000000,140577395
1160,1185,23648000000,140577386
1160,1185,23649000000,140577377
1160,1185,23650000000,140577371
1160,1185,23651000000,140577362
1160,1185,23652000000,140577354
1160,1185,23653000000,140577345
1160,1185,23654000000,140577338
1160,1185,23655000000,140577329
1160,1185,23656000000,140577320
1160,1185,23657000000,140577310
1160,1185,23658000000,140577301
1160,1185,23659000000,140577292
1160,1185,23660000000,140577284
1160,1185,23661000000,140577274
1160,1185,23662000000,140577265
1160,1185,23663000000,140577257
1160,1185,23664000000,140577250
1160,1185,23665000000,140577242
1160,1185,23666000000,140577233
1160,1185,23667000000,140577224
1160,1185,23668000000,140577216
1160,1185,23669000000,140577208
1160,1185,23670000000,140577200
1160,1185,23671000000,140577191
1160,1185,23672000000,140577182
1160,1185,23673000000,140577175
1160,1185,23674000000,140577164
1160,1185,23675000000,140577154
1160,1185,23676000000,140577144
1160,1185,23677000000,140577137
1160,1185,23678000000,140577128
1160,1185,23679000000,140577121
1160,1185,23680000000,140577113
1160,1185,23681000000,140577103
1160,1185,23682000000,140577097
1160,1185,23683000000,140577087
1160,1185,23684000000,140577079
1160,1185,23685000000,140577070
1160,1185,23686000000,140577062
1160,1185,23687000000,140577054
1160,1185,23688000000,140577045
1160,1185,23689000000,140577034
1160,1185,23690000000,140577024
1160,1185,23691000000,140577017
1160,1185,23692000000,140577007
1160,1185,23693000000,140577000
1160,1185,23694000000,140576991
1160,1185,23695000000,140576984
1160,1185,23696000000,140576975
1160,1185,23697000000,140576967
1160,1185,23698000000,140576957
1160,1185,23699000000,140576948
1160,1185,23700000000,140576944
1160,1185,23701000000,140576935
1160,1185,23702000000,140576927
1160,1185,23703000000,140576916
1160,1185,23704000000,140576907
1160,1185,23705000000,140576897
1160,1185,23706000000,140576888
1160,1185,23707000000,140576879
1160,1185,23708000000,140576872
1160,1185,23709000000,140576864
1160,1185,23710000000,140576856
1160,1185,23711000000,140576848
1160,1185,23712000000,140576838
1160,1185,23713000000,140576830
1160,1185,23714000000,140576821
1160,1185,23715000000,140576814
1160,1185,23716000000,140576805
1160,1185,23717000000,140576797
1160,1185,23718000000,140576788
1160,1185,23719000000,140576778
1160,1185,23720000000,140576769
1160,1185,23721000000,140576761
1160,1185,23722000000,140576751
1160,1185,23723000000,140576742
1160,1185,23724000000,140576734
1160,1185,23725000000,140576725
1160,1185,23726000000,140576719
1160,1185,23727000000,140576709
1160,1185,23728000000,140576702
1160,1185,23729000000,140576693
1160,1185,23730000000,140576686
1160,1185,23731000000,140576677
1160,1185,23732000000,140576667
1160,1185,23733000000,140576659
1160,1185,23734000000,140576652
1160,1185,23735000000,140576640
1160,1185,23736000000,140576632
1160,1185,23737000000,140576623
1160,1185,23738000000,140576616
1160,1185,23739000000,140576607
1160,1185,23740000000,140576598
1160,1185,23741000000,140576591
1160,1185,23742000000,140576583
1160,1185,23743000000,140576575
1160,1185,23744000000,140576565
1160,1185,23745000000,140576558
1160,1185,23746000000,140576550
1160,1185,23747000000,140576542
1160,1185,23748000000,140576533
1160,1185,23749000000,140576525
1160,1185,23750000000,140576514
1160,1185,23751000000,140576505
1160,1185,23752000000,140576495
1160,1185,23753000000,140576487
1160,1185,23754000000,140576480
1160,1185,23755000000,140576470
1160,1185,23756000000,140576464
1160,1185,23757000000,140576455
1160,1185,23758000000,140576448
1160,1185,23759000000,140576437
1160,1185,23760000000,140576429
1160,1185,23761000000,140576421
1160,1185,23762000000,140576415
1160,1185,23763000000,140576405
1160,1185,23764000000,140576397
1160,1185,23765000000,140576386
1160,1185,23766000000,140576377
1160,1185,23767000000,140576369
1160,1185,23768000000,140576358
1160,1185,23769000000,140576350
1160,1185,23770000000,140576344
1160,1185,23771000000,140576336
1160,1185,23772000000,140576327
1160,1185,23773000000,140576319
1160,1185,23774000000,140576310
1160,1185,23775000000,140576302
1160,1185,23776000000,140576294
1160,1185,23777000000,140576286
1160,1185,23778000000,140576278
1160,1185,23779000000,140576268
1160,1185,23780000000,140576258
1160,1185,23781000000,140576249
1160,1185,23782000000,140576242
1160,1185,23783000000,140576231
1160,1185,23784000000,140576224
1160,1185,23785000000,140576216
1160,1185,23786000000,140576208
1160,1185,23787000000,140576200
1160,1185,23788000000,140576189
1160,1185,23789000000,140576183
1160,1185,23790000000,140576174
1160,1185,23791000000,140576167
1160,1185,23792000000,140576159
1160,1185,23793000000,140576150
1160,1185,23794000000,140576142
1160,1185,23795000000,140576134
1160,1185,23796000000,140576122
1160,1185,23797000000,140576113
1160,1185,23798000000,140576105
1160,1185,23799000000,140576095
1160,1185,23800000000,140576088
1160,1185,23801000000,140576079
1160,1185,23802000000,140576073
1160,1185,23803000000,140576063
1160,1185,23804000000,140576056
1160,1185,23805000000,140576046
1160,1185,23806000000,140576040
1160,1185,23807000000,140576030
1160,1185,23808000000,140576022
1160,1185,23809000000,140576014
1160,1185,23810000000,140576005
1160,1185,23811000000,140575995
1160,1185,23812000000,140575987
1160,1185,23813000000,140575979
1160,1185,23814000000,140575970
1160,1185,23815000000,140575962
1160,1185,23816000000,140575952
1160,1185,23817000000,140575947
1160,1185,23818000000,140575938
1160,1185,23819000000,140575930
1160,1185,23820000000,140575920
1160,1185,23821000000,140575914
1160,1185,23822000000,140575905
1160,1185,23823000000,140575898
1160,1185,23824000000,140575888
1160,1185,23825000000,140575880
1160,1185,23826000000,140575870
1160,1185,23827000000,140575860
1160,1185,23828000000,140575853
1160,1185,23829000000,140575843
1160,1185,23830000000,140575835
1160,1185,23831000000,140575827
1160,1185,23832000000,140575820
1160,1185,23833000000,140575810
1160,1185,23834000000,140575802
1160,1185,23835000000,140575792
1160,1185,23836000000,140575785
1160,1185,23837000000,140575777
1160,1185,23838000000,140575770
1160,1185,23839000000,140575760
1160,1185,23840000000,140575753
1160,1185,23841000000,140575742
1160,1185,23842000000,140575733
1160,1185,23843000000,140575725
1160,1185,23844000000,140575714
1160,1185,23845000000,140575707
1160,1185,23846000000,140575699
1160,1185,23847000000,140575692
1160,1185,23848000000,140575684
1160,1185,23849000000,140575674
1160,1185,23850000000,140575668
1160,1185,23851000000,140575658
1160,1185,23852000000,140575650
1160,1185,23853000000,140575641
1160,1185,23854000000,140575634
1160,1185,23855000000,140575624
1160,1185,23856000000,140575617
1160,1185,23857000000,140575606
1160,1185,23858000000,140575598
1160,1185,23859000000,140575588
1160,1185,23860000000,140575579
1160,1185,23861000000,140575571
1160,1185,23862000000,140575562
1160,1185,23863000000,140575555
1160,1185,23864000000,140575546
1160,1185,23865000000,140575539
1160,1185,23866000000,140575530
1160,1185,23867000000,140575522
1160,1185,23868000000,140575514
1160,1185,23869000000,140575506
1160,1185,23870000000,140575497
1160,1185,23871000000,140575489
1160,1185,23872000000,140575477
1160,1185,23873000000,140575470
1160,1185,23874000000,140575460
1160,1185,23875000000,140575452
1160,1185,23876000000,140575444
1160,1185,23877000000,140575436
1160,1185,23878000000,140575428
1160,1185,23879000000,140575421
1160,1185,23880000000,140575411
1160,1185,23881000000,140575402
1160,1185,23882000000,140575394
1160,1185,23883000000,140575387
1160,1185,23884000000,140575379
1160,1185,23885000000,140575370
1160,1185,23886000000,140575362
1160,1185,23887000000,140575352
1160,1185,23888000000,140575342
1160,1185,23889000000,140575333
1160,1185,23890000000,140575324
1160,1185,23891000000,140575316
1160,1185,23892000000,140575307
1160,1185,23893000000,140575300
1160,1185,23894000000,140575292
1160,1185,23895000000,140575283
1160,1185,23896000000,140575274
1160,1185,23897000000,140575267
1160,1185,23898000000,140575258
1160,1185,23899000000,140575250
1160,1185,23900000000,140575242
1160,1185,23901000000,140575234
1160,1185,23902000000,140575223
1160,1185,23903000000,140575214
1160,1185,23904000000,140575207
1160,1185,23905000000,140575197
1160,1185,23906000000,140575188
1160,1185,23907000000,140575181
1160,1185,23908000000,140575173
1160,1185,23909000000,140575164
1160,1185,23910000000,140575156
1160,1185,23911000000,140575147
1160,1185,23912000000,140575140
1160,1185,23913000000,140575132
1160,1185,23914000000,140575125
1160,1185,23915000000,140575115
1160,1185,23916000000,140575107
1160,1185,23917000000,140575097
1160,1185,23918000000,140575088
1160,1185,23919000000,140575078
1160,1185,23920000000,140575070
1160,1185,23921000000,140575061
1160,1185,23922000000,140575054
1160,1185,23923000000,140575045
1160,1185,23924000000,140575039
1160,1185,23925000000,140575029
1160,1185,23926000000,140575021
1160,1185,23927000000,140575012
1160,1185,23928000000,140575004
1160,1185,23929000000,140574997
1160,1185,23930000000,140574987
1160,1185,23931000000,140574981
1160,1185,23932000000,140574971
1160,1185,23933000000,140574960
1160,1185,23934000000,140574952
1160,1185,23935000000,140574942
1160,1185,23936000000,140574934
1160,1185,23937000000,140574926
1160,1185,23938000000,140574919
1160,1185,23939000000,140574911
1160,1185,23940000000,140574904
1160,1185,23941000000,140574895
1160,1185,23942000000,140574886
1160,1185,23943000000,140574877
1160,1185,23944000000,140574871
1160,1185,23945000000,140574862
1160,1185,23946000000,140574852
1160,1185,23947000000,140574844
1160,1185,23948000000,140574834
1160,1185,23949000000,140574824
1160,1185,23950000000,140574815
1160,1185,23951000000,140574807
1160,1185,23952000000,140574799
1160,1185,23953000000,140574791
1160,1185,23954000000,140574783
1160,1185,23955000000,140574775
1160,1185,23956000000,140574766
1160,1185,23957000000,140574757
1160,1185,23958000000,140574750
1160,1185,23959000000,140574743
1160,1185,23960000000,140574735
1160,1185,23961000000,140574726
1160,1185,23962000000,140574717
1160,1185,23963000000,140574706
1160,1185,23964000000,140574697
1160,1185,23965000000,140574689
1160,1185,23966000000,140574680
1160,1185,23967000000,140574673
1160,1185,23968000000,140574665
1160,1185,23969000000,140574659
1160,1185,23970000000,140574650
1160,1185,23971000000,140574642
1160,1185,23972000000,140574633
1160,1185,23973000000,140574626
1160,1185,23974000000,140574617
1160,1185,23975000000,140574610
1160,1185,23976000000,140574600
1160,1185,23977000000,140574593
1160,1185,23978000000,140574583
1160,1185,23979000000,140574573
1160,1185,23980000000,140574565
1160,1185,23981000000,140574556
1160,1185,23982000000,140574547
1160,1185,23983000000,140574539
1160,1185,23984000000,140574531
1160,1185,23985000000,140574524
1160,1185,23986000000,140574515
1160,1185,23987000000,140574507
1160,1185,23988000000,140574498
1160,1185,23989000000,140574491
1160,1185,23990000000,140574483
1160,1185,23991000000,140574475
1160,1185,23992000000,140574464
1160,1185,23993000000,140574457
1160,1185,23994000000,140574447
1160,1185,23995000000,140574438
1160,1185,23996000000,140574428
1160,1185,23997000000,140574420
1160,1185,23998000000,140574412
1160,1185,23999000000,140574405
1160,1185,24000000000,140574397
1160,1185,24001000000,140574387
1160,1185,24002000000,140574380
1160,1185,24003000000,140574372
1160,1185,24004000000,140574364
1160,1185,24005000000,140574357
1160,1185,24006000000,140574348
1160,1185,24007000000,140574340
1160,1185,24008000000,140574329
1160,1185,24009000000,140574321
1160,1185,24010000000,140574311
1160,1185,24011000000,140574303
1160,1185,24012000000,140574295
1160,1185,24013000000,140574287
1160,1185,24014000000,140574279
1160,1185,24015000000,140574272
1160,1185,24016000000,140574264
1160,1185,24017000000,140574255
1160,1185,24018000000,140574247
1160,1185,24019000000,140574239
1160,1185,24020000000,140574230
1160,1185,24021000000,140574222
1160,1185,24022000000,140574214
1160,1185,24023000000,140574206
1160,1185,24024000000,140574197
1160,1185,24025000000,140574187
1160,1185,24026000000,140574178
1160,1185,24027000000,140574170
1160,1185,24028000000,140574163
1160,1185,24029000000,140574154
1160,1185,24030000000,140574146
1160,1185,24031000000,140574140
1160,1185,24032000000,140574129
1160,1185,24033000000,140574122
1160,1185,24034000000,140574114
1160,1185,24035000000,140574106
1160,1185,24036000000,140574099
1160,1185,24037000000,140574090
1160,1185,24038000000,140574080
1160,1185,24039000000,140574071
1160,1185,24040000000,140574062
1160,1185,24041000000,140574053
1160,1185,24042000000,140574045
1160,1185,24043000000,140574037
1160,1185,24044000000,140574029
1160,1185,24045000000,140574020
1160,1185,24046000000,140574014
1160,1185,24047000000,140574006
1160,1185,24048000000,140573998
1160,1185,24049000000,140573990
1160,1185,24050000000,140573982
1160,1185,24051000000,140573974
1160,1185,24052000000,140573966
1160,1185,24053000000,140573957
1160,1185,24054000000,140573949
1160,1185,24055000000,140573938
1160,1185,24056000000,140573930
1160,1185,24057000000,140573919
1160,1185,24058000000,140573912
1160,1185,24059000000,140573905
1160,1185,24060000000,140573897
1160,1185,24061000000,140573890
1160,1185,24062000000,140573880
1160,1185,24063000000,140573871
1160,1185,24064000000,140573864
1160,1185,24065000000,140573856
1160,1185,24066000000,140573848
1160,1185,24067000000,140573840
1160,1185,24068000000,140573831
1160,1185,24069000000,140573822
1160,1185,24070000000,140573813
1160,1185,24071000000,140573804
1160,1185,24072000000,140573794
1160,1185,24073000000,140573786
1160,1185,24074000000,140573778
1160,1185,24075000000,140573769
1160,1185,24076000000,140573764
1160,1185,24077000000,140573755
1160,1185,24078000000,140573748
1160,1185,24079000000,140573739
1160,1185,24080000000,140573731
1160,1185,24081000000,140573723
1160,1185,24082000000,140573714
1160,1185,24083000000,140573705
1160,1185,24084000000,140573697
1160,1185,24085000000,140573686
1160,1185,24086000000,140573678
1160,1185,24087000000,140573668
1160,1185,24088000000,140573661
1160,1185,24089000000,140573653
1160,1185,24090000000,140573646
1160,1185,24091000000,140573637
1160,1185,24092000000,140573630
1160,1185,24093000000,140573621
1160,1185,24094000000,140573612
1160,1185,24095000000,140573604
1160,1185,24096000000,140573598
1160,1185,24097000000,140573588
1160,1185,24098000000,140573581
1160,1185,24099000000,140573571
1160,1185,24100000000,140573562
1160,1185,24101000000,140573553
1160,1185,24102000000,140573544
1160,1185,24103000000,140573534
1160,1185,24104000000,140573527
1160,1185,24105000000,140573520
1160,1185,24106000000,140573512
1160,1185,24107000000,140573505
1160,1185,24108000000,140573496
1160,1185,24109000000,140573486
1160,1185,24110000000,140573478
1160,1185,24111000000,140573471
1160,1185,24112000000,140573462
1160,1185,24113000000,140573455
1160,1185,24114000000,140573446
1160,1185,24115000000,140573436
1160,1185,24116000000,140573426
1160,1185,24117000000,140573418
1160,1185,24118000000,140573409
1160,1185,24119000000,140573401
1160,1185,24120000000,140573393
1160,1185,24121000000,140573384
1160,1185,24122000000,140573378
1160,1185,24123000000,140573369
1160,1185,24124000000,140573362
1160,1185,24125000000,140573353
1160,1185,24126000000,140573346
1160,1185,24127000000,140573337
1160,1185,24128000000,140573329
1160,1185,24129000000,140573320
1160,1185,24130000000,140573311
1160,1185,24131000000,140573300
1160,1185,24132000000,140573293
1160,1185,24133000000,140573283
1160,1185,24134000000,140573276
1160,1185,24135000000,140573268
1160,1185,24136000000,140573261
1160,1185,24137000000,140573252
1160,1185,24138000000,140573244
1160,1185,24139000000,140573234
1160,1185,24140000000,140573227
1160,1185,24141000000,140573221
1160,1185,24142000000,140573214
1160,1185,24143000000,140573204
1160,1185,24144000000,140573196
1160,1185,24145000000,140573187
1160,1185,24146000000,140573176
1160,1185,24147000000,140573168
1160,1185,24148000000,140573159
1160,1185,24149000000,140573150
1160,1185,24150000000,140573143
1160,1185,24151000000,140573136
1160,1185,24152000000,140573129
1160,1185,24153000000,140573120
1160,1185,24154000000,140573111
1160,1185,24155000000,140573102
1160,1185,24156000000,140573095
1160,1185,24157000000,140573087
1160,1185,24158000000,140573078
1160,1185,24159000000,140573071
1160,1185,24160000000,140573061
1160,1185,24161000000,140573050
1160,1185,24162000000,140573043
1160,1185,24163000000,140573034
1160,1185,24164000000,140573026
1160,1185,24165000000,140573017
1160,1185,24166000000,140573009
1160,1185,24167000000,140573002
1160,1185,24168000000,140572994
1160,1185,24169000000,140572985
1160,1185,24170000000,140572978
1160,1185,24171000000,140572969
1160,1185,24172000000,140572962
1160,1185,24173000000,140572954
1160,1185,24174000000,140572946
1160,1185,24175000000,140572937
1160,1185,24176000000,140572928
1160,1185,24177000000,140572917
1160,1185,24178000000,140572910
1160,1185,24179000000,140572902
1160,1185,24180000000,140572894
1160,1185,24181000000,140572887
1160,1185,24182000000,140572879
1160,1185,24183000000,140572870
1160,1185,24184000000,140572862
1160,1185,24185000000,140572854
1160,1185,24186000000,140572845
1160,1185,24187000000,140572838
1160,1185,24188000000,140572830
1160,1185,24189000000,140572822
1160,1185,24190000000,140572813
1160,1185,24191000000,140572805
1160,1185,24192000000,140572793
1160,1185,24193000000,140572785
1160,1185,24194000000,140572776
1160,1185,24195000000,140572768
1160,1185,24196000000,140572761
1160,1185,24197000000,140572754
1160,1185,24198000000,140572745
1160,1185,24199000000,140572737
1160,1185,24200000000,140572728
1160,1185,24201000000,140572722
1160,1185,24202000000,140572712
1160,1185,24203000000,140572705
1160,1185,24204000000,140572694
1160,1185,24205000000,140572688
1160,1185,24206000000,140572677
1160,1185,24207000000,140572670
1160,1185,24208000000,140572659
1160,1185,24209000000,140572651
1160,1185,24210000000,140572643
1160,1185,24211000000,140572635
1160,1185,24212000000,140572629
1160,1185,24213000000,140572621
1160,1185,24214000000,140572612
1160,1185,24215000000,140572604
1160,1185,24216000000,140572597
1160,1185,24217000000,140572589
1160,1185,24218000000,140572582
1160,1185,24219000000,140572573
1160,1185,24220000000,140572563
1160,1185,24221000000,140572556
1160,1185,24222000000,140572545
1160,1185,24223000000,140572537
1160,1185,24224000000,140572529
1160,1185,24225000000,140572521
1160,1185,24226000000,140572514
1160,1185,24227000000,140572507
1160,1185,24228000000,140572500
1160,1185,24229000000,140572490
1160,1185,24230000000,140572481
1160,1185,24231000000,140572473
1160,1185,24232000000,140572465
1160,1185,24233000000,140572459
1160,1185,24234000000,140572450
1160,1185,24235000000,140572441
1160,1185,24236000000,140572432
1160,1185,24237000000,140572422
1160,1185,24238000000,140572414
1160,1185,24239000000,140572404
1160,1185,24240000000,140572396
1160,1185,24241000000,140572387
1160,1185,24242000000,140572382
1160,1185,24243000000,140572374
1160,1185,24244000000,140572366
1160,1185,24245000000,140572356
1160,1185,24246000000,140572349
1160,1185,24247000000,140572341
1160,1185,24248000000,140572334
1160,1185,24249000000,140572324
1160,1185,24250000000,140572315
1160,1185,24251000000,140572306
1160,1185,24252000000,140572297
1160,1185,24253000000,140572289
1160,1185,24254000000,140572280
1160,1185,24255000000,140572271
1160,1185,24256000000,140572264
1160,1185,24257000000,140572255
1160,1185,24258000000,140572248
1160,1185,24259000000,140572240
1160,1185,24260000000,140572231
1160,1185,24261000000,140572225
1160,1185,24262000000,140572216
1160,1185,24263000000,140572209
1160,1185,24264000000,140572202
1160,1185,24265000000,140572196
1160,1185,24266000000,140572183
1160,1185,24267000000,140572174
1160,1185,24268000000,140572165
1160,1185,24269000000,140572157
1160,1185,24270000000,140572150
1160,1185,24271000000,140572142
1160,1185,24272000000,140572134
1160,1185,24273000000,140572127
1160,1185,24274000000,140572120
1160,1185,24275000000,140572109
1160,1185,24276000000,140572101
1160,1185,24277000000,140572093
1160,1185,24278000000,140572085
1160,1185,24279000000,140572078
1160,1185,24280000000,140572070
1160,1185,24281000000,140572060
1160,1185,24282000000,140572051
1160,1185,24283000000,140572042
1160,1185,24284000000,140572033
1160,1185,24285000000,140572026
1160,1185,24286000000,140572018
1160,1185,24287000000,140572009
1160,1185,24288000000,140572003
1160,1185,24289000000,140571996
1160,1185,24290000000,140571988
1160,1185,24291000000,140571978
1160,1185,24292000000,140571970
1160,1185,24293000000,140571962
1160,1185,24294000000,140571955
1160,1185,24295000000,140571946
1160,1185,24296000000,140571935
1160,1185,24297000000,140571927
1160,1185,24298000000,140571920
1160,1185,24299000000,140571911
1160,1185,24300000000,140571902
1160,1185,24301000000,140571893
1160,1185,24302000000,140571886
1160,1185,24303000000,140571877
1160,1185,24304000000,140571871
1160,1185,24305000000,140571860
1160,1185,24306000000,140571853
1160,1185,24307000000,140571845
1160,1185,24308000000,140571839
1160,1185,24309000000,140571832
1160,1185,24310000000,140571823
1160,1185,24311000000,140571814
1160,1185,24312000000,140571802
1160,1185,24313000000,140571795
1160,1185,24314000000,140571784
1160,1185,24315000000,140571777
1160,1185,24316000000,140571769
1160,1185,24317000000,140571762
1160,1185,24318000000,140571754
1160,1185,24319000000,140571748
1160,1185,24320000000,140571739
1160,1185,24321000000,140571729
1160,1185,24322000000,140571721
1160,1185,24323000000,140571713
1160,1185,24324000000,140571706
1160,1185,24325000000,140571698
1160,1185,24326000000,140571689
1160,1185,24327000000,140571680
1160,1185,24328000000,140571672
1160,1185,24329000000,140571662
1160,1185,24330000000,140571653
1160,1185,24331000000,140571644
1160,1185,24332000000,140571638
1160,1185,24333000000,140571630
1160,1185,24334000000,140571623
1160,1185,24335000000,140571614
1160,1185,24336000000,140571606
1160,1185,24337000000,140571598
1160,1185,24338000000,140571591
1160,1185,24339000000,140571582
1160,1185,24340000000,140571573
1160,1185,24341000000,140571564
1160,1185,24342000000,140571555
1160,1185,24343000000,140571546
1160,1185,24344000000,140571539
1160,1185,24345000000,140571529
1160,1185,24346000000,140571521
1160,1185,24347000000,140571514
1160,1185,24348000000,140571506
1160,1185,24349000000,140571498
1160,1185,24350000000,140571489
1160,1185,24351000000,140571479
1160,1185,24352000000,140571473
1160,1185,24353000000,140571468
1160,1185,24354000000,140571460
1160,1185,24355000000,140571451
1160,1185,24356000000,140571442
1160,1185,24357000000,140571435
1160,1185,24358000000,140571422
1160,1185,24359000000,140571415
1160,1185,24360000000,140571403
1160,1185,24361000000,140571398
1160,1185,24362000000,140571391
1160,1185,24363000000,140571384
1160,1185,24364000000,140571377
1160,1185,24365000000,140571367
1160,1185,24366000000,140571360
1160,1185,24367000000,140571350
1160,1185,24368000000,140571344
1160,1185,24369000000,140571333
1160,1185,24370000000,140571326
1160,1185,24371000000,140571319
1160,1185,24372000000,140571311
1160,1185,24373000000,140571299
1160,1185,24374000000,140571292
1160,1185,24375000000,140571282
1160,1185,24376000000,140571275
1160,1185,24377000000,140571267
1160,1185,24378000000,140571258
1160,1185,24379000000,140571251
1160,1185,24380000000,140571244
1160,1185,24381000000,140571236
1160,1185,24382000000,140571228
1160,1185,24383000000,140571221
1160,1185,24384000000,140571213
1160,1185,24385000000,140571204
1160,1185,24386000000,140571197
1160,1185,24387000000,140571187
1160,1185,24388000000,140571176
1160,1185,24389000000,140571168
1160,1185,24390000000,140571160
1160,1185,24391000000,140571153
1160,1185,24392000000,140571144
1160,1185,24393000000,140571136
1160,1185,24394000000,140571129
1160,1185,24395000000,140571122
1160,1185,24396000000,140571112
1160,1185,24397000000,140571103
1160,1185,24398000000,140571096
1160,1185,24399000000,140571090
1160,1185,24400000000,140571082
1160,1185,24401000000,140571073
1160,1185,24402000000,140571064
1160,1185,24403000000,140571052
1160,1185,24404000000,140571046
1160,1185,24405000000,140571035
1160,1185,24406000000,140571027
1160,1185,24407000000,140571020
1160,1185,24408000000,140571014
1160,1185,24409000000,140571007
1160,1185,24410000000,140570999
1160,1185,24411000000,140570989
1160,1185,24412000000,140570980
1160,1185,24413000000,140570974
1160,1185,24414000000,140570966
1160,1185,24415000000,140570958
1160,1185,24416000000,140570949
1160,1185,24417000000,140570941
1160,1185,24418000000,140570933
1160,1185,24419000000,140570924
1160,1185,24420000000,140570913
1160,1185,24421000000,140570906
1160,1185,24422000000,140570898
1160,1185,24423000000,140570890
1160,1185,24424000000,140570883
1160,1185,24425000000,140570875
1160,1185,24426000000,140570868
1160,1185,24427000000,140570860
1160,1185,24428000000,140570853
1160,1185,24429000000,140570844
1160,1185,24430000000,140570837
1160,1185,24431000000,140570827
1160,1185,24432000000,140570819
1160,1185,24433000000,140570808
1160,1185,24434000000,140570799
1160,1185,24435000000,140570792
1160,1185,24436000000,140570784
1160,1185,24437000000,140570777
1160,1185,24438000000,140570769
1160,1185,24439000000,140570761
1160,1185,24440000000,140570753
1160,1185,24441000000,140570745
1160,1185,24442000000,140570735
1160,1185,24443000000,140570727
1160,1185,24444000000,140570720
1160,1185,24445000000,140570714
1160,1185,24446000000,140570707
1160,1185,24447000000,140570696
1160,1185,24448000000,140570688
1160,1185,24449000000,140570677
1160,1185,24450000000,140570669
1160,1185,24451000000,140570660
1160,1185,24452000000,140570651
1160,1185,24453000000,140570644
1160,1185,24454000000,140570639
1160,1185,24455000000,140570631
1160,1185,24456000000,140570622
1160,1185,24457000000,140570614
1160,1185,24458000000,140570605
1160,1185,24459000000,140570598
1160,1185,24460000000,140570590
1160,1185,24461000000,140570580
1160,1185,24462000000,140570571
1160,1185,24463000000,140570567
1160,1185,24464000000,140570555
1160,1185,24465000000,140570547
1160,1185,24466000000,140570537
1160,1185,24467000000,140570529
1160,1185,24468000000,140570521
1160,1185,24469000000,140570514
1160,1185,24470000000,140570505
1160,1185,24471000000,140570497
1160,1185,24472000000,140570492
1160,1185,24473000000,140570483
1160,1185,24474000000,140570476
1160,1185,24475000000,140570467
1160,1185,24476000000,140570460
1160,1185,24477000000,140570448
1160,1185,24478000000,140570441
1160,1185,24479000000,140570429
1160,1185,24480000000,140570421
1160,1185,24481000000,140570416
1160,1185,24482000000,140570407
1160,1185,24483000000,140570400
1160,1185,24484000000,140570391
1160,1185,24485000000,140570386
1160,1185,24486000000,140570374
1160,1185,24487000000,140570366
1160,1185,24488000000,140570357
1160,1185,24489000000,140570351
1160,1185,24490000000,140570345
1160,1185,24491000000,140570336
1160,1185,24492000000,140570328
1160,1185,24493000000,140570318
1160,1185,24494000000,140570310
1160,1185,24495000000,140570299
1160,1185,24496000000,140570290
1160,1185,24497000000,140570281
1160,1185,24498000000,140570276
1160,1185,24499000000,140570269
1160,1185,24500000000,140570261
1160,1185,24501000000,140570255
1160,1185,24502000000,140570246
1160,1185,24503000000,140570239
1160,1185,24504000000,140570229
1160,1185,24505000000,140570222
1160,1185,24506000000,140570212
1160,1185,24507000000,140570206
1160,1185,24508000000,140570197
1160,1185,24509000000,140570187
1160,1185,24510000000,140570178
1160,1185,24511000000,140570171
1160,1185,24512000000,140570163
1160,1185,24513000000,140570154
1160,1185,24514000000,140570146
1160,1185,24515000000,140570139
1160,1185,24516000000,140570131
1160,1185,24517000000,140570122
1160,1185,24518000000,140570116
1160,1185,24519000000,140570107
1160,1185,24520000000,140570101
1160,1185,24521000000,140570094
1160,1185,24522000000,140570084
1160,1185,24523000000,140570074
1160,1185,24524000000,140570066
1160,1185,24525000000,140570057
1160,1185,24526000000,140570047
1160,1185,24527000000,140570041
1160,1185,24528000000,140570033
1160,1185,24529000000,140570027
1160,1185,24530000000,140570018
1160,1185,24531000000,140570009
1160,1185,24532000000,140570000
1160,1185,24533000000,140569993
1160,1185,24534000000,140569985
1160,1185,24535000000,140569977
1160,1185,24536000000,140569970
1160,1185,24537000000,140569963
1160,1185,24538000000,140569954
1160,1185,24539000000,140569944
1160,1185,24540000000,140569935
1160,1185,24541000000,140569926
1160,1185,24542000000,140569917
1160,1185,24543000000,140569909
1160,1185,24544000000,140569901
1160,1185,24545000000,140569896
1160,1185,24546000000,140569889
1160,1185,24547000000,140569879
1160,1185,24548000000,140569871
1160,1185,24549000000,140569863
1160,1185,24550000000,140569856
1160,1185,24551000000,140569846
1160,1185,24552000000,140569838
1160,1185,24553000000,140569829
1160,1185,24554000000,140569822
1160,1185,24555000000,140569813
1160,1185,24556000000,140569803
1160,1185,24557000000,140569795
1160,1185,24558000000,140569789
1160,1185,24559000000,140569780
1160,1185,24560000000,140569772
1160,1185,24561000000,140569763
1160,1185,24562000000,140569756
1160,1185,24563000000,140569749
1160,1185,24564000000,140569741
1160,1185,24565000000,140569734
1160,1185,24566000000,140569725
1160,1185,24567000000,140569719
1160,1185,24568000000,140569707
1160,1185,24569000000,140569697
1160,1185,24570000000,140569687
1160,1185,24571000000,140569680
1160,1185,24572000000,140569674
1160,1185,24573000000,140569666
1160,1185,24574000000,140569659
1160,1185,24575000000,140569652
1160,1185,24576000000,140569644
1160,1185,24577000000,140569632
1160,1185,24578000000,140569624
1160,1185,24579000000,140569618
1160,1185,24580000000,140569610
1160,1185,24581000000,140569604
1160,1185,24582000000,140569595
1160,1185,24583000000,140569589
1160,1185,24584000000,140569578
1160,1185,24585000000,140569569
1160,1185,24586000000,140569558
1160,1185,24587000000,140569552
1160,1185,24588000000,140569543
1160,1185,24589000000,140569535
1160,1185,24590000000,140569529
1160,1185,24591000000,140569523
1160,1185,24592000000,140569514
1160,1185,24593000000,140569506
1160,1185,24594000000,140569498
1160,1185,24595000000,140569491
1160,1185,24596000000,140569482
1160,1185,24597000000,140569473
1160,1185,24598000000,140569463
1160,1185,24599000000,140569455
1160,1185,24600000000,140569449
1160,1185,24601000000,140569438
1160,1185,24602000000,140569431
1160,1185,24603000000,140569422
1160,1185,24604000000,140569416
1160,1185,24605000000,140569407
1160,1185,24606000000,140569399
1160,1185,24607000000,140569388
1160,1185,24608000000,140569383
1160,1185,24609000000,140569377
1160,1185,24610000000,140569369
1160,1185,24611000000,140569361
1160,1185,24612000000,140569354
1160,1185,24613000000,140569344
1160,1185,24614000000,140569334
1160,1185,24615000000,140569324
1160,1185,24616000000,140569316
1160,1185,24617000000,140569309
1160,1185,24618000000,140569302
1160,1185,24619000000,140569294
1160,1185,24620000000,140569289
1160,1185,24621000000,140569281
1160,1185,24622000000,140569270
1160,1185,24623000000,140569261
1160,1185,24624000000,140569257
1160,1185,24625000000,140569248
1160,1185,24626000000,140569241
1160,1185,24627000000,140569233
1160,1185,24628000000,140569225
1160,1185,24629000000,140569219
1160,1185,24630000000,140569206
1160,1185,24631000000,140569197
1160,1185,24632000000,140569189
1160,1185,24633000000,140569181
1160,1185,24634000000,140569172
1160,1185,24635000000,140569165
1160,1185,24636000000,140569161
1160,1185,24637000000,140569152
1160,1185,24638000000,140569144
1160,1185,24639000000,140569135
1160,1185,24640000000,140569129
1160,1185,24641000000,140569120
1160,1185,24642000000,140569110
1160,1185,24643000000,140569100
1160,1185,24644000000,140569094
1160,1185,24645000000,140569085
1160,1185,24646000000,140569077
1160,1185,24647000000,140569068
1160,1185,24648000000,140569062
1160,1185,24649000000,140569053
1160,1185,24650000000,140569044
1160,1185,24651000000,140569035
1160,1185,24652000000,140569028
1160,1185,24653000000,140569020
1160,1185,24654000000,140569013
1160,1185,24655000000,140569007
1160,1185,24656000000,140569000
1160,1185,24657000000,140568991
1160,1185,24658000000,140568982
1160,1185,24659000000,140568972
1160,1185,24660000000,140568963
1160,1185,24661000000,140568953
1160,1185,24662000000,140568946
1160,1185,24663000000,140568938
1160,1185,24664000000,140568934
1160,1185,24665000000,140568926
1160,1185,24666000000,140568917
1160,1185,24667000000,140568908
1160,1185,24668000000,140568899
1160,1185,24669000000,140568892
1160,1185,24670000000,140568883
1160,1185,24671000000,140568876
1160,1185,24672000000,140568870
1160,1185,24673000000,140568861
1160,1185,24674000000,140568853
1160,1185,24675000000,140568842
1160,1185,24676000000,140568836
1160,1185,24677000000,140568824
1160,1185,24678000000,140568816
1160,1185,24679000000,140568807
1160,1185,24680000000,140568802
1160,1185,24681000000,140568795
1160,1185,24682000000,140568788
1160,1185,24683000000,140568779
1160,1185,24684000000,140568773
1160,1185,24685000000,140568765
1160,1185,24686000000,140568754
1160,1185,24687000000,140568749
1160,1185,24688000000,140568737
1160,1185,24689000000,140568731
1160,1185,24690000000,140568721
1160,1185,24691000000,140568715
1160,1185,24692000000,140568707
1160,1185,24693000000,140568698
1160,1185,24694000000,140568691
1160,1185,24695000000,140568683
1160,1185,24696000000,140568675
1160,1185,24697000000,140568665
1160,1185,24698000000,140568656
1160,1185,24699000000,140568652
1160,1185,24700000000,140568644
1160,1185,24701000000,140568637
1160,1185,24702000000,140568628
1160,1185,24703000000,140568620
1160,1185,24704000000,140568612
1160,1185,24705000000,140568599
1160,1185,24706000000,140568590
1160,1185,24707000000,140568582
1160,1185,24708000000,140568576
1160,1185,24709000000,140568570
1160,1185,24710000000,140568561
1160,1185,24711000000,140568556
1160,1185,24712000000,140568546
1160,1185,24713000000,140568537
1160,1185,24714000000,140568529
1160,1185,24715000000,140568522
1160,1185,24716000000,140568514
1160,1185,24717000000,140568505
1160,1185,24718000000,140568500
1160,1185,24719000000,140568491
1160,1185,24720000000,140568481
1160,1185,24721000000,140568471
1160,1185,24722000000,140568463
1160,1185,24723000000,140568455
1160,1185,24724000000,140568447
1160,1185,24725000000,140568438
1160,1185,24726000000,140568433
1160,1185,24727000000,140568426
1160,1185,24728000000,140568417
1160,1185,24729000000,140568410
1160,1185,24730000000,140568403
1160,1185,24731000000,140568394
1160,1185,24732000000,140568384
1160,1185,24733000000,140568376
1160,1185,24734000000,140568368
1160,1185,24735000000,140568359
1160,1185,24736000000,140568350
1160,1185,24737000000,140568344
1160,1185,24738000000,140568337
1160,1185,24739000000,140568329
1160,1185,24740000000,140568320
1160,1185,24741000000,140568313
1160,1185,24742000000,140568305
1160,1185,24743000000,140568294
1160,1185,24744000000,140568288
1160,1185,24745000000,140568282
1160,1185,24746000000,140568276
1160,1185,24747000000,140568267
1160,1185,24748000000,140568257
1160,1185,24749000000,140568251
1160,1185,24750000000,140568238
1160,1185,24751000000,140568229
1160,1185,24752000000,140568219
1160,1185,24753000000,140568214
1160,1185,24754000000,140568208
1160,1185,24755000000,140568200
1160,1185,24756000000,140568195
1160,1185,24757000000,140568185
1160,1185,24758000000,140568177
1160,1185,24759000000,140568167
1160,1185,24760000000,140568161
1160,1185,24761000000,140568153
1160,1185,24762000000,140568144
1160,1185,24763000000,140568137
1160,1185,24764000000,140568131
1160,1185,24765000000,140568121
1160,1185,24766000000,140568111
1160,1185,24767000000,140568102
1160,1185,24768000000,140568094
1160,1185,24769000000,140568086
1160,1185,24770000000,140568077
1160,1185,24771000000,140568072
1160,1185,24772000000,140568065
1160,1185,24773000000,140568057
1160,1185,24774000000,140568049
1160,1185,24775000000,140568042
1160,1185,24776000000,140568035
1160,1185,24777000000,140568023
1160,1185,24778000000,140568015
1160,1185,24779000000,140568007
1160,1185,24780000000,140567998
1160,1185,24781000000,140567989
1160,1185,24782000000,140567982
1160,1185,24783000000,140567976
1160,1185,24784000000,140567968
1160,1185,24785000000,140567960
1160,1185,24786000000,140567951
1160,1185,24787000000,140567943
1160,1185,24788000000,140567932
1160,1185,24789000000,140567926
1160,1185,24790000000,140567921
1160,1185,24791000000,140567914
1160,1185,24792000000,140567905
1160,1185,24793000000,140567897
1160,1185,24794000000,140567890
1160,1185,24795000000,140567877
1160,1185,24796000000,140567867
1160,1185,24797000000,140567859
1160,1185,24798000000,140567852
1160,1185,24799000000,140567846
1160,1185,24800000000,140567838
1160,1185,24801000000,140567833
1160,1185,24802000000,140567825
1160,1185,24803000000,140567815
1160,1185,24804000000,140567807
1160,1185,24805000000,140567798
1160,1185,24806000000,140567790
1160,1185,24807000000,140567783
1160,1185,24808000000,140567776
1160,1185,24809000000,140567769
1160,1185,24810000000,140567758
1160,1185,24811000000,140567749
1160,1185,24812000000,140567743
1160,1185,24813000000,140567733
1160,1185,24814000000,140567725
1160,1185,24815000000,140567716
1160,1185,24816000000,140567711
1160,1185,24817000000,140567704
1160,1185,24818000000,140567695
1160,1185,24819000000,140567690
1160,1185,24820000000,140567681
1160,1185,24821000000,140567674
1160,1185,24822000000,140567663
1160,1185,24823000000,140567655
1160,1185,24824000000,140567647
1160,1185,24825000000,140567637
1160,1185,24826000000,140567630
1160,1185,24827000000,140567623
1160,1185,24828000000,140567615
1160,1185,24829000000,140567609
1160,1185,24830000000,140567602
1160,1185,24831000000,140567592
1160,1185,24832000000,140567583
1160,1185,24833000000,140567573
1160,1185,24834000000,140567568
1160,1185,24835000000,140567561
1160,1185,24836000000,140567554
1160,1185,24837000000,140567548
1160,1185,24838000000,140567539
1160,1185,24839000000,140567530
1160,1185,24840000000,140567518
1160,1185,24841000000,140567510
1160,1185,24842000000,140567499
1160,1185,24843000000,140567492
1160,1185,24844000000,140567486
1160,1185,24845000000,140567481
1160,1185,24846000000,140567474
1160,1185,24847000000,140567466
1160,1185,24848000000,140567457
1160,1185,24849000000,140567448
1160,1185,24850000000,140567440
1160,1185,24851000000,140567431
1160,1185,24852000000,140567424
1160,1185,24853000000,140567417
1160,1185,24854000000,140567408
1160,1185,24855000000,140567402
1160,1185,24856000000,140567392
1160,1185,24857000000,140567382
1160,1185,24858000000,140567375
1160,1185,24859000000,140567366
1160,1185,24860000000,0
1160,1185,24861000000,0
1160,1185,24862000000,0
1160,1185,24863000000,0
1160,1185,24864000000,0
1160,1185,24865000000,0
1160,1185,24866000000,0
1160,1185,24867000000,0
1160,1185,24868000000,0
1160,1185,24869000000,0
1160,1185,24870000000,0
1160,1185,24871000000,0
1160,1185,24872000000,0
1160,1185,24873000000,0
1160,1185,24874000000,0
1160,1185,24875000000,0
1160,1185,24876000000,0
1160,1185,24877000000,0
1160,1185,24878000000,0
1160,1185,24879000000,0
1160,1185,24880000000,0
1160,1185,24881000000,0
1160,1185,24882000000,0
1160,1185,24883000000,0
1160,1185,24884000000,0
1160,1185,24885000000,0
1160,1185,24886000000,0
1160,1185,24887000000,0
1160,1185,24888000000,0
1160,1185,24889000000,0
1160,1185,24890000000,0
1160,1185,24891000000,0
1160,1185,24892000000,0
1160,1185,24893000000,0
1160,1185,24894000000,0
1160,1185,24895000000,0
1160,1185,24896000000,0
1160,1185,24897000000,0
1160,1185,24898000000,0
1160,1185,24899000000,0
1160,1185,24900000000,0
1160,1185,24901000000,0
1160,1185,24902000000,0
1160,1185,24903000000,0
1160,1185,24904000000,0
1160,1185,24905000000,0
1160,1185,24906000000,0
1160,1185,24907000000,0
1160,1185,24908000000,0
1160,1185,24909000000,0
1160,1185,24910000000,0
1160,1185,24911000000,0
1160,1185,24912000000,0
1160,1185,24913000000,0
1160,1185,24914000000,0
1160,1185,24915000000,0
1160,1185,24916000000,0
1160,1185,24917000000,0
1160,1185,24918000000,0
1160,1185,24919000000,0
1160,1185,24920000000,0
1160,1185,24921000000,0
1160,1185,24922000000,0
1160,1185,24923000000,0
1160,1185,24924000000,0
1160,1185,24925000000,0
1160,1185,24926000000,0
1160,1185,24927000000,0
1160,1185,24928000000,0
1160,1185,24929000000,0
1160,1185,24930000000,0
1160,1185,24931000000,0
1160,1185,24932000000,0
1160,1185,24933000000,0
1160,1185,24934000000,0
1160,1185,24935000000,0
1160,1185,24936000000,0
1160,1185,24937000000,0
1160,1185,24938000000,0
1160,1185,24939000000,0
1160,1185,24940000000,0
1160,1185,24941000000,0
1160,1185,24942000000,0
1160,1185,24943000000,0
1160,1185,24944000000,0
1160,1185,24945000000,0
1160,1185,24946000000,0
1160,1185,24947000000,0
1160,1185,24948000000,0
1160,1185,24949000000,0
1160,1185,24950000000,0
1160,1185,24951000000,0
1160,1185,24952000000,0
1160,1185,24953000000,0
1160,1185,24954000000,0
1160,1185,24955000000,0
1160,1185,24956000000,0
1160,1185,24957000000,0
1160,1185,24958000000,0
1160,1185,24959000000,0
1160,1185,24960000000,0
1160,1185,24961000000,0
1160,1185,24962000000,0
1160,1185,24963000000,0
1160,1185,24964000000,0
1160,1185,24965000000,0
1160,1185,24966000000,0
1160,1185,24967000000,0
1160,1185,24968000000,0
1160,1185,24969000000,0
1160,1185,24970000000,0
1160,1185,24971000000,0
1160,1185,24972000000,0
1160,1185,24973000000,0
1160,1185,24974000000,0
1160,1185,24975000000,0
1160,1185,24976000000,0
1160,1185,24977000000,0
1160,1185,24978000000,0
1160,1185,24979000000,0
1160,1185,24980000000,0
1160,1185,24981000000,0
1160,1185,24982000000,0
1160,1185,24983000000,0
1160,1185,24984000000,0
1160,1185,24985000000,0
1160,1185,24986000000,0
1160,1185,24987000000,0
1160,1185,24988000000,0
1160,1185,24989000000,0
1160,1185,24990000000,0
1160,1185,24991000000,0
1160,1185,24992000000,0
1160,1185,24993000000,0
1160,1185,24994000000,0
1160,1185,24995000000,0
1160,1185,24996000000,0
1160,1185,24997000000,0
1160,1185,24998000000,0
1160,1185,24999000000,0
