315277457,13800.0000000000
634987846,15180.0000000000
637282234,16560.0000000000
639576610,17940.0000000000
641871003,19320.0000000000
644165414,20700.0000000000
845312417,22080.0000000000
955801603,23460.0000000000
958096022,24840.0000000000
960390403,26220.0000000000
962684783,27600.0000000000
964979203,28980.0000000000
967273589,30360.0000000000
969567965,31740.0000000000
1166125807,33120.0000000000
1276614764,34500.0000000000
1278909158,35880.0000000000
1281203568,37260.0000000000
1283497944,38640.0000000000
1285792340,40020.0000000000
1288086757,41400.0000000000
1290381139,42780.0000000000
1292675521,44160.0000000000
1294969939,45540.0000000000
1297264326,46920.0000000000
1485791387,48300.0000000000
1488085806,49680.0000000000
1597427333,51060.0000000000
1599721734,52440.0000000000
1602016150,53820.0000000000
1604310533,55200.0000000000
1606604914,56580.0000000000
1608899310,57960.0000000000
1611193720,59340.0000000000
1613488108,60720.0000000000
1615782491,62100.0000000000
1618076909,63480.0000000000
1620371291,64860.0000000000
1622665673,66240.0000000000
1624960078,67620.0000000000
1627254478,69000.0000000000
1629548853,70380.0000000000
1806603587,71760.0000000000
1808897981,73140.0000000000
1811192393,74520.0000000000
1918239352,75900.0000000000
1920533729,77280.0000000000
1922828123,78660.0000000000
1925122534,80040.0000000000
1927416902,81420.0000000000
1929711305,82800.0000000000
1932005723,84180.0000000000
1934300105,85560.0000000000
1936594487,86940.0000000000
1938888881,88320.0000000000
1941183291,89700.0000000000
1943477681,91080.0000000000
1945772062,92460.0000000000
1948066482,93840.0000000000
1950360862,95220.0000000000
1952655224,96600.0000000000
1954949651,97980.0000000000
1957244049,99360.0000000000
1959538426,100740.0000000000
1961832820,102120.0000000000
1964127231,103500.0000000000
1966421600,104880.0000000000
2126268037,106260.0000000000
2128562417,107640.0000000000
2130856812,109020.0000000000
2133151223,110400.0000000000
2135445591,111780.0000000000
2239050817,113160.0000000000
2241345198,114540.0000000000
2243639560,115920.0000000000
2245933975,117300.0000000000
2248228386,118680.0000000000
2250522762,120060.0000000000
2252817156,121440.0000000000
2255111575,122820.0000000000
2257405935,124200.0000000000
2259700338,125580.0000000000
2261994757,126960.0000000000
2264289137,128340.0000000000
2266583520,129720.0000000000
2268877914,131100.0000000000
2271172324,132480.0000000000
2273466715,133860.0000000000
2275761096,135240.0000000000
2278055515,136620.0000000000
2280349896,138000.0000000000
2282644257,139380.0000000000
2284938672,140760.0000000000
2287233082,142140.0000000000
2289527459,143520.0000000000
2291821854,144900.0000000000
2294116264,146280.0000000000
2296410634,147660.0000000000
2298705036,149040.0000000000
2300999455,150420.0000000000
2303293836,151800.0000000000
2305588217,153180.0000000000
2307882612,154560.0000000000
2310177022,155940.0000000000
2312471412,157320.0000000000
2447079142,158700.0000000000
2449373523,160080.0000000000
2451667905,161460.0000000000
2453962323,162840.0000000000
2456256705,164220.0000000000
2458551087,165600.0000000000
2460845482,166980.0000000000
2558714506,168360.0000000000
2561008926,169740.0000000000
2563303307,171120.0000000000
2565597688,172500.0000000000
2567892085,173880.0000000000
2570186495,175260.0000000000
2572480884,176640.0000000000
2574775266,178020.0000000000
2577069684,179400.0000000000
2579364066,180780.0000000000
2581658426,182160.0000000000
2583952843,183540.0000000000
2586247253,184920.0000000000
2588541629,186300.0000000000
2590836024,187680.0000000000
2593130436,189060.0000000000
2595424805,190440.0000000000
2597719207,191820.0000000000
2600013624,193200.0000000000
2602308007,194580.0000000000
2604602388,195960.0000000000
2606896784,197340.0000000000
2609191194,198720.0000000000
2611485583,200100.0000000000
2613779965,201480.0000000000
2616074383,202860.0000000000
2618368765,204240.0000000000
2620663126,205620.0000000000
2622957552,207000.0000000000
2625251952,208380.0000000000
2627546330,209760.0000000000
2629840726,211140.0000000000
2632135135,212520.0000000000
2634429505,213900.0000000000
2636723907,215280.0000000000
2639018325,216660.0000000000
2641312707,218040.0000000000
2643607088,219420.0000000000
2645901482,220800.0000000000
2648195894,222180.0000000000
2650490283,223560.0000000000
2652784666,224940.0000000000
2655079083,226320.0000000000
2657373466,227700.0000000000
2659667848,229080.0000000000
2661962266,230460.0000000000
2664256648,231840.0000000000
2666551029,233220.0000000000
2668845423,234600.0000000000
2671139835,235980.0000000000
2767889677,237360.0000000000
2770184087,238740.0000000000
2772478476,240120.0000000000
2774772859,241500.0000000000
2777067277,242880.0000000000
2779361660,244260.0000000000
2781656020,245640.0000000000
2783950436,247020.0000000000
2786244847,248400.0000000000
2788539223,249780.0000000000
2878377668,251160.0000000000
2880672050,252540.0000000000
2882966470,253920.0000000000
2885260851,255300.0000000000
2887555234,256680.0000000000
2889849629,258060.0000000000
2892144039,259440.0000000000
2894438409,260820.0000000000
2896732810,262200.0000000000
2899027229,263580.0000000000
2901321611,264960.0000000000
2903615992,266340.0000000000
2905910387,267720.0000000000
2908204797,269100.0000000000
2910499187,270480.0000000000
2912793569,271860.0000000000
2915087988,273240.0000000000
2917382369,274620.0000000000
2919676750,276000.0000000000
2921971169,277380.0000000000
2924265551,278760.0000000000
2926559933,280140.0000000000
2928854329,281520.0000000000
2931148739,282900.0000000000
2933443108,284280.0000000000
2935737511,285660.0000000000
2938031930,287040.0000000000
2940326311,288420.0000000000
2942620692,289800.0000000000
2944915087,291180.0000000000
2947209498,292560.0000000000
2949503888,293940.0000000000
2951798269,295320.0000000000
2954092689,296700.0000000000
2956387070,298080.0000000000
2958681453,299460.0000000000
2960975872,300840.0000000000
2963270253,302220.0000000000
2965564635,303600.0000000000
2967859030,304980.0000000000
2970153441,306360.0000000000
2972447810,307740.0000000000
2974742213,309120.0000000000
2977036633,310500.0000000000
2979331013,311880.0000000000
2981625395,313260.0000000000
2983919790,314640.0000000000
2986214200,316020.0000000000
2988508577,317400.0000000000
2990802971,318780.0000000000
2993097382,320160.0000000000
2995391751,321540.0000000000
2997686153,322920.0000000000
2999980573,324300.0000000000
3002274953,325680.0000000000
3004569335,327060.0000000000
3006863730,328440.0000000000
3009158141,329820.0000000000
3011452511,331200.0000000000
3013746912,332580.0000000000
3016041332,333960.0000000000
3018335715,335340.0000000000
3020630076,336720.0000000000
3022924492,338100.0000000000
3025218902,339480.0000000000
3027513278,340860.0000000000
3029807673,342240.0000000000
3032102083,343620.0000000000
3034396453,345000.0000000000
3036690854,346380.0000000000
3038985274,347760.0000000000
3041279655,349140.0000000000
3043574037,350520.0000000000
3045868433,351900.0000000000
3048162844,353280.0000000000
3087552480,354660.0000000000
3089846875,356040.0000000000
3092141286,357420.0000000000
3094435654,358800.0000000000
3096730058,360180.0000000000
3099024476,361560.0000000000
3101318858,362940.0000000000
3103613240,364320.0000000000
3105907633,365700.0000000000
3108202045,367080.0000000000
3110496434,368460.0000000000
3112790816,369840.0000000000
3115085235,371220.0000000000
3117379617,372600.0000000000
3119674000,373980.0000000000
3198040316,375360.0000000000
3200334696,376740.0000000000
3202629058,378120.0000000000
3204923473,379500.0000000000
3207217883,380880.0000000000
3209512260,382260.0000000000
3211806655,383640.0000000000
3214101067,385020.0000000000
3216395435,386400.0000000000
3218689838,387780.0000000000
3220984257,389160.0000000000
3223278637,390540.0000000000
3225573022,391920.0000000000
3227867416,393300.0000000000
3230161827,394680.0000000000
3232456196,396060.0000000000
3234750598,397440.0000000000
3237045017,398820.0000000000
3239339398,400200.0000000000
3241633759,401580.0000000000
3243928175,402960.0000000000
3246222584,404340.0000000000
3248516963,405720.0000000000
3250811358,407100.0000000000
3253105769,408480.0000000000
3255400138,409860.0000000000
3257694540,411240.0000000000
3259988961,412620.0000000000
3262283342,414000.0000000000
3264577722,415380.0000000000
3266872118,416760.0000000000
3269166528,418140.0000000000
3271460899,419520.0000000000
3273755301,420900.0000000000
3276049719,422280.0000000000
3278344101,423660.0000000000
3280638461,425040.0000000000
3282932878,426420.0000000000
3285227289,427800.0000000000
3287521665,429180.0000000000
3289816061,430560.0000000000
3292110471,431940.0000000000
3294404841,433320.0000000000
3296699243,434700.0000000000
3298993661,436080.0000000000
3301288043,437460.0000000000
3303582425,438840.0000000000
3305876821,440220.0000000000
3308171231,441600.0000000000
3310465600,442980.0000000000
3312760003,444360.0000000000
3315054421,445740.0000000000
3317348804,447120.0000000000
3319643165,448500.0000000000
3321937580,449880.0000000000
3324231992,451260.0000000000
3326526368,452640.0000000000
3328820764,454020.0000000000
3331115174,455400.0000000000
3333409543,456780.0000000000
3335703946,458160.0000000000
3337998364,459540.0000000000
3340292745,460920.0000000000
3342587127,462300.0000000000
3344881522,463680.0000000000
3347175932,465060.0000000000
3349470302,466440.0000000000
3351764705,467820.0000000000
3354059125,469200.0000000000
3356353508,470580.0000000000
3358647869,471960.0000000000
3360942285,473340.0000000000
3363236690,474720.0000000000
3365531071,476100.0000000000
3367825467,477480.0000000000
3370119876,478860.0000000000
3372414247,480240.0000000000
3374708648,481620.0000000000
3377003067,483000.0000000000
3379297449,484380.0000000000
3381591829,485760.0000000000
3383886226,487140.0000000000
3386180637,488520.0000000000
3388475006,489900.0000000000
3390769409,491280.0000000000
3393063827,492660.0000000000
3395358209,494040.0000000000
3397652569,495420.0000000000
3399946986,496800.0000000000
3402241392,498180.0000000000
3404535772,499560.0000000000
3406830169,500940.0000000000
3409124579,502320.0000000000
3411418949,503700.0000000000
3413713352,505080.0000000000
3416007771,506460.0000000000
3418302153,507840.0000000000
3420596534,509220.0000000000
3422890929,510600.0000000000
3425185340,511980.0000000000
3427479730,513360.0000000000
3429774112,514740.0000000000
3432068531,516120.0000000000
3434362912,517500.0000000000
3436657272,518880.0000000000
3438951701,520260.0000000000
3441246094,521640.0000000000
3443540477,523020.0000000000
3445834873,524400.0000000000
3448129283,525780.0000000000
3450423652,527160.0000000000
3452718055,528540.0000000000
3455012474,529920.0000000000
3457306856,531300.0000000000
3459601237,532680.0000000000
3461895632,534060.0000000000
3464190042,535440.0000000000
3466484433,536820.0000000000
3468778814,538200.0000000000
3471073234,539580.0000000000
3473367616,540960.0000000000
3475661976,542340.0000000000
3477956406,543720.0000000000
3480250799,545100.0000000000
3482545181,546480.0000000000
3484839575,547860.0000000000
3487133985,549240.0000000000
3489428355,550620.0000000000
3491722757,552000.0000000000
3494017176,553380.0000000000
3496311558,554760.0000000000
3498605939,556140.0000000000
3500900335,557520.0000000000
3503194747,558900.0000000000
3505489137,560280.0000000000
3517702421,561660.0000000000
3519996839,563040.0000000000
3522291221,564420.0000000000
3524585603,565800.0000000000
3526879997,567180.0000000000
3529174409,568560.0000000000
3531468778,569940.0000000000
3533763180,571320.0000000000
3536057600,572700.0000000000
3538351981,574080.0000000000
3540646343,575460.0000000000
3542940758,576840.0000000000
3545235164,578220.0000000000
3547529547,579600.0000000000
3549823941,580980.0000000000
3552118352,582360.0000000000
3554412722,583740.0000000000
3556707125,585120.0000000000
3559001543,586500.0000000000
3561295925,587880.0000000000
3563590307,589260.0000000000
3565884702,590640.0000000000
3568179112,592020.0000000000
3570473482,593400.0000000000
3572767884,594780.0000000000
3575062302,596160.0000000000
3577356685,597540.0000000000
3579651045,598920.0000000000
3581945462,600300.0000000000
3584239868,601680.0000000000
3586534250,603060.0000000000
3588828646,604440.0000000000
3591123057,605820.0000000000
3593417426,607200.0000000000
3595711829,608580.0000000000
3598006246,609960.0000000000
3600300629,611340.0000000000
3602595010,612720.0000000000
3604889405,614100.0000000000
3607183816,615480.0000000000
3609478185,616860.0000000000
3611772589,618240.0000000000
3614067006,619620.0000000000
3616361388,621000.0000000000
3618655749,622380.0000000000
3620950178,623760.0000000000
3623244572,625140.0000000000
3625538953,626520.0000000000
3627833349,627900.0000000000
3630127759,629280.0000000000
3632422129,630660.0000000000
3634716533,632040.0000000000
3637010951,633420.0000000000
3639305333,634800.0000000000
3641599714,636180.0000000000
3643894109,637560.0000000000
3646188520,638940.0000000000
3648482911,640320.0000000000
3650777292,641700.0000000000
3653071710,643080.0000000000
3655366094,644460.0000000000
3657660454,645840.0000000000
3659954883,647220.0000000000
3662249276,648600.0000000000
3664543658,649980.0000000000
3666838053,651360.0000000000
3669132462,652740.0000000000
3671426834,654120.0000000000
3673721236,655500.0000000000
3676015654,656880.0000000000
3678310037,658260.0000000000
3680604418,659640.0000000000
3682898814,661020.0000000000
3685193225,662400.0000000000
3687487615,663780.0000000000
3689781997,665160.0000000000
3692076415,666540.0000000000
3694370797,667920.0000000000
3696665179,669300.0000000000
3698959585,670680.0000000000
3701253980,672060.0000000000
3703548362,673440.0000000000
3705842757,674820.0000000000
3708137167,676200.0000000000
3710431538,677580.0000000000
3712725941,678960.0000000000
3715020358,680340.0000000000
3717314740,681720.0000000000
3719609123,683100.0000000000
3721903518,684480.0000000000
3724197928,685860.0000000000
3726492319,687240.0000000000
3728786701,688620.0000000000
3731081112,690000.0000000000
3733375481,691380.0000000000
3735669884,692760.0000000000
3737964292,694140.0000000000
3740258684,695520.0000000000
3742553066,696900.0000000000
3744847462,698280.0000000000
3747141872,699660.0000000000
3749436242,701040.0000000000
3751730645,702420.0000000000
3754025063,703800.0000000000
3756319446,705180.0000000000
3758613826,706560.0000000000
3760908224,707940.0000000000
3763202633,709320.0000000000
3765497023,710700.0000000000
3767791405,712080.0000000000
3770085815,713460.0000000000
3772380185,714840.0000000000
3774674586,716220.0000000000
3776968995,717600.0000000000
3779263388,718980.0000000000
3781557772,720360.0000000000
3783852168,721740.0000000000
3786146579,723120.0000000000
3788440947,724500.0000000000
3790735350,725880.0000000000
3793029769,727260.0000000000
3795324149,728640.0000000000
3797618531,730020.0000000000
3799912926,731400.0000000000
3802207337,732780.0000000000
3804501728,734160.0000000000
3806796110,735540.0000000000
3809090522,736920.0000000000
3811384889,738300.0000000000
3813679293,739680.0000000000
3815973700,741060.0000000000
3818268093,742440.0000000000
3820562476,743820.0000000000
3822856870,745200.0000000000
3825151281,746580.0000000000
3827445651,747960.0000000000
3829740053,749340.0000000000
3832034474,750720.0000000000
3834328855,752100.0000000000
3836623236,753480.0000000000
3838917632,754860.0000000000
3841212042,756240.0000000000
3843506433,757620.0000000000
3845800814,759000.0000000000
3848095225,760380.0000000000
3850389595,761760.0000000000
3852683997,763140.0000000000
3854978406,764520.0000000000
3857298399,765900.0000000000
3859618381,381570.0000000000
4985504626,171120.0000000000
5538070529,171131.0000000000
5540364899,171142.0000000000
5542659301,171153.0000000000
5544953710,171164.0000000000
5547248103,171175.0000000000
5549542487,171186.0000000000
5551836881,171197.0000000000
5554131294,171208.0000000000
5556425662,171219.0000000000
5558720067,171230.0000000000
5561014474,171241.0000000000
5563308866,171252.0000000000
5565603250,171263.0000000000
5567897644,171274.0000000000
5570192052,171285.0000000000
5572486427,171296.0000000000
5574780829,171307.0000000000
5577075240,171318.0000000000
5579369611,171329.0000000000
5581664014,171340.0000000000
5583958421,171351.0000000000
5588163996,171362.0000000000
5621458218,171373.0000000000
5624899845,171384.0000000000
5768324685,171395.0000000000
5770619066,171406.0000000000
5772913463,171417.0000000000
5775207868,171428.0000000000
5777502243,171439.0000000000
5779796646,171450.0000000000
5782091057,171461.0000000000
5784385428,171472.0000000000
5786679831,171483.0000000000
5788974238,171494.0000000000
5791268632,171505.0000000000
5793563014,171516.0000000000
5795857411,171527.0000000000
5798151823,171538.0000000000
5800446191,171549.0000000000
5802740595,171560.0000000000
5805035007,171571.0000000000
5807329376,171582.0000000000
5809623760,171593.0000000000
5811918175,171604.0000000000
5814212581,171615.0000000000
5816506956,171626.0000000000
5818801359,171637.0000000000
5821095771,171648.0000000000
5823390141,171659.0000000000
5825684543,171670.0000000000
5827978952,171681.0000000000
5830273347,171692.0000000000
5832567729,171703.0000000000
5834862124,171714.0000000000
5837156535,171725.0000000000
5839450905,171736.0000000000
5841745309,171747.0000000000
5844039721,171758.0000000000
5846334089,171769.0000000000
5848628472,171780.0000000000
5850922887,171791.0000000000
5853217294,171802.0000000000
5855511671,171813.0000000000
5857806072,171824.0000000000
5860100484,171835.0000000000
5862394852,171846.0000000000
5864689256,171857.0000000000
5866983666,171868.0000000000
5869278060,171879.0000000000
5871572442,171890.0000000000
5873866836,171901.0000000000
5876161250,171912.0000000000
5878455617,171923.0000000000
5880750023,171934.0000000000
5883044433,171945.0000000000
5885338802,171956.0000000000
5887633185,171967.0000000000
5889927612,171978.0000000000
5892222007,171989.0000000000
5894516382,172000.0000000000
5896810786,172011.0000000000
5899105198,172022.0000000000
5901399568,172033.0000000000
5903693970,172044.0000000000
5905988377,172055.0000000000
5908282773,172066.0000000000
5910577156,172077.0000000000
5912871552,172088.0000000000
5915165963,172099.0000000000
5917460331,172110.0000000000
5919754735,172121.0000000000
5922049147,172132.0000000000
5924343517,172143.0000000000
5926637899,172154.0000000000
5928932326,172165.0000000000
5931226719,172176.0000000000
5933521096,172187.0000000000
5935815500,172198.0000000000
5938109912,172209.0000000000
5940404280,172220.0000000000
5942698683,172231.0000000000
5944993092,172242.0000000000
5947287488,172253.0000000000
5949581869,172264.0000000000
5951876264,172275.0000000000
5954170675,172286.0000000000
5956465044,172297.0000000000
5958759450,172308.0000000000
5961053859,172319.0000000000
5963348231,172330.0000000000
5965642611,172341.0000000000
5967937040,172352.0000000000
5970231435,172363.0000000000
5972525810,172374.0000000000
5974820213,172385.0000000000
5977114624,172396.0000000000
5979408995,172407.0000000000
5981703398,172418.0000000000
5983997807,172429.0000000000
5986292199,172440.0000000000
5988586581,172451.0000000000
5990880979,172462.0000000000
5993175389,172473.0000000000
6087983035,172484.0000000000
6092571793,172495.0000000000
6097160580,172506.0000000000
6101749377,172517.0000000000
6106338135,172528.0000000000
6110926952,172539.0000000000
6115515705,172550.0000000000
6120104497,172561.0000000000
6124693296,172572.0000000000
6129282055,172583.0000000000
6133870857,172594.0000000000
6138459623,172605.0000000000
6143048418,172616.0000000000
6147637190,172627.0000000000
6152225993,172638.0000000000
6156814781,172649.0000000000
6161403541,172660.0000000000
6165992336,172671.0000000000
6170581116,172682.0000000000
6175169906,172693.0000000000
6179758700,172704.0000000000
6184347457,172715.0000000000
6188936276,172726.0000000000
6193525026,172737.0000000000
6198113821,172748.0000000000
6202702619,172759.0000000000
6207291378,172770.0000000000
6211880181,172781.0000000000
6216468945,172792.0000000000
6221057743,172803.0000000000
6225646512,172814.0000000000
6230235317,172825.0000000000
6234824106,172836.0000000000
6239412864,172847.0000000000
6244001662,172858.0000000000
6248590452,172869.0000000000
6253179228,172880.0000000000
6257768027,172891.0000000000
6261209601,172902.0000000000
6263503980,172913.0000000000
6265798394,172924.0000000000
6268092807,172935.0000000000
6270387177,172946.0000000000
6272681580,172957.0000000000
6274975987,172968.0000000000
6277270380,172979.0000000000
6279564764,172990.0000000000
6281859160,173001.0000000000
6284153571,173012.0000000000
6286447941,173023.0000000000
6288742342,173034.0000000000
6291036756,173045.0000000000
6293331126,173056.0000000000
6295625508,173067.0000000000
6297919924,173078.0000000000
6300214331,173089.0000000000
6302508706,173100.0000000000
6304803110,173111.0000000000
6307097522,173122.0000000000
6309391891,173133.0000000000
6311686294,173143.0000000000
6313980702,173153.0000000000
6408788153,173163.0000000000
6413376894,173173.0000000000
6417965696,173183.0000000000
6421407269,173193.0000000000
6425996044,173203.0000000000
6430584840,173213.0000000000
6435173600,173223.0000000000
6439762373,173233.0000000000
6444351157,173243.0000000000
6448939932,173253.0000000000
6453528707,173263.0000000000
6458117489,173273.0000000000
6462706266,173283.0000000000
6467295044,173293.0000000000
6471883829,173303.0000000000
6476472604,173313.0000000000
6481061376,173323.0000000000
6485650132,173333.0000000000
6490238940,173343.0000000000
6494827711,173353.0000000000
6499416492,173363.0000000000
6504005264,173373.0000000000
6508594064,173383.0000000000
6513182820,173393.0000000000
6517771598,173403.0000000000
6522360382,173413.0000000000
6526949157,173423.0000000000
6531537919,173433.0000000000
6536126710,173443.0000000000
6540715490,173453.0000000000
6545304264,173463.0000000000
6549893053,173473.0000000000
6554481827,173483.0000000000
6559070600,173493.0000000000
6563659379,173503.0000000000
6568248177,173513.0000000000
6572836935,173523.0000000000
6577425720,173533.0000000000
6580867297,173543.0000000000
6583161708,173553.0000000000
6585456079,173563.0000000000
6587750494,173573.0000000000
6590044907,173583.0000000000
6592339275,173593.0000000000
6594633659,173603.0000000000
6596928088,173613.0000000000
6599222481,173623.0000000000
6601516856,173633.0000000000
6603811260,173643.0000000000
6606105672,173653.0000000000
6608400041,173663.0000000000
6610694446,173673.0000000000
6612988851,173683.0000000000
6615283246,173693.0000000000
6617577630,173703.0000000000
6619872024,173713.0000000000
6622166432,173723.0000000000
6624460806,173733.0000000000
6626755210,173743.0000000000
6629049622,173753.0000000000
6631343992,173763.0000000000
6633638375,173773.0000000000
6728445653,173783.0000000000
6733034397,173793.0000000000
6737623171,173803.0000000000
6741064774,173813.0000000000
6745653510,173823.0000000000
6750242333,173833.0000000000
6754831076,173843.0000000000
6759419834,173853.0000000000
6764008634,173863.0000000000
6768597390,173873.0000000000
6773186171,173883.0000000000
6777774936,173893.0000000000
6782363698,173903.0000000000
6786952492,173913.0000000000
6791541236,173923.0000000000
6796130040,173933.0000000000
6800718793,173943.0000000000
6805307536,173953.0000000000
6809896347,173963.0000000000
6814485103,173973.0000000000
6819073898,173983.0000000000
6823662653,173993.0000000000
6828251459,174003.0000000000
6832840198,174013.0000000000
6837428962,174023.0000000000
6842017749,174033.0000000000
6846606517,174043.0000000000
6851195286,174053.0000000000
6855784060,174063.0000000000
6860372826,174073.0000000000
6864961613,174083.0000000000
6869550385,174093.0000000000
6874139165,174103.0000000000
6878727922,174113.0000000000
6883316685,174123.0000000000
6887905488,174133.0000000000
6892494229,174143.0000000000
6897083029,174153.0000000000
6900524583,174163.0000000000
6902818998,174173.0000000000
6905113412,174183.0000000000
6907407781,174193.0000000000
6909702190,174203.0000000000
6911996597,174213.0000000000
6914290991,174223.0000000000
6916585374,174233.0000000000
6918879772,174243.0000000000
6921174176,174253.0000000000
6923468551,174263.0000000000
6925762954,174273.0000000000
6928057366,174283.0000000000
6930351737,174293.0000000000
6932646118,174303.0000000000
6934940548,174313.0000000000
6937234942,174323.0000000000
6939529317,174333.0000000000
6941823721,174343.0000000000
6944118134,174353.0000000000
6946412503,174363.0000000000
6948706906,174373.0000000000
6951001315,174383.0000000000
6953295711,174393.0000000000
7048102775,174403.0000000000
7052691503,174413.0000000000
7057280283,174423.0000000000
7060721869,174433.0000000000
7065310590,174443.0000000000
7069899417,174453.0000000000
7074488146,174463.0000000000
7079076920,174473.0000000000
7083665702,174483.0000000000
7088254464,174493.0000000000
7092843228,174503.0000000000
7095137639,174513.0000000000
7098579185,174523.0000000000
7103167953,174533.0000000000
7107756729,174543.0000000000
7112345459,174553.0000000000
7116934277,174563.0000000000
7121523006,174573.0000000000
7126111767,174583.0000000000
7130700557,174593.0000000000
7135289319,174603.0000000000
7139878098,174613.0000000000
7144466838,174623.0000000000
7149055663,174633.0000000000
7153644359,174643.0000000000
7158233147,174653.0000000000
7162821919,174663.0000000000
7167410672,174673.0000000000
7171999457,174683.0000000000
7176588212,174693.0000000000
7181176986,174703.0000000000
7185765755,174713.0000000000
7190354515,174723.0000000000
7194943310,174733.0000000000
7199532040,174743.0000000000
7204120823,174753.0000000000
7208709603,174763.0000000000
7213298350,174773.0000000000
7217887132,174783.0000000000
7221328676,174793.0000000000
7223623074,174803.0000000000
7225917519,174813.0000000000
7228211912,174823.0000000000
7230506288,174833.0000000000
7232800693,174843.0000000000
7235095102,174853.0000000000
7237389474,174863.0000000000
7239683876,174873.0000000000
7241978285,174883.0000000000
7244272679,174893.0000000000
7246567063,174903.0000000000
7248861458,174913.0000000000
7251155866,174923.0000000000
7253450240,174933.0000000000
7255744643,174943.0000000000
7258039044,174953.0000000000
7260333426,174963.0000000000
7262627809,174973.0000000000
7264922237,174983.0000000000
7267216633,174993.0000000000
7269511006,175003.0000000000
7271805412,175013.0000000000
7274099823,175023.0000000000
7368906697,175033.0000000000
7373495412,175043.0000000000
7378084212,175053.0000000000
7381525768,175063.0000000000
7386114509,175073.0000000000
7390703314,175083.0000000000
7395292050,175093.0000000000
7399880806,175103.0000000000
7404469574,175113.0000000000
7409058356,175123.0000000000
7413647077,175133.0000000000
7415941518,175143.0000000000
7419383039,175153.0000000000
7423971822,175163.0000000000
7428560560,175173.0000000000
7433149317,175183.0000000000
7437738118,175193.0000000000
7442326832,175203.0000000000
7446915608,175213.0000000000
7451504371,175223.0000000000
7456093154,175233.0000000000
7460681910,175243.0000000000
7465270658,175253.0000000000
7469859466,175263.0000000000
7474448148,175273.0000000000
7479036944,175283.0000000000
7483625684,175293.0000000000
7488214464,175303.0000000000
7492803233,175313.0000000000
7497391974,175323.0000000000
7501980761,175333.0000000000
7506569514,175343.0000000000
7511158280,175353.0000000000
7515747058,175363.0000000000
7520335775,175373.0000000000
7524924573,175383.0000000000
7529513328,175393.0000000000
7534102093,175403.0000000000
7538690855,175413.0000000000
7542132409,175423.0000000000
7544426780,175433.0000000000
7546721232,175443.0000000000
7549015631,175453.0000000000
7551310013,175463.0000000000
7553604419,175473.0000000000
7555898814,175483.0000000000
7558193219,175493.0000000000
7560487594,175503.0000000000
7562782000,175513.0000000000
7565076411,175523.0000000000
7567370780,175533.0000000000
7569665184,175543.0000000000
7571959591,175553.0000000000
7574253986,175563.0000000000
7576548349,175573.0000000000
7578842764,175583.0000000000
7581137177,175593.0000000000
7583431547,175603.0000000000
7585725951,175613.0000000000
7588020351,175623.0000000000
7590314734,175633.0000000000
7592609137,175643.0000000000
7594903534,175653.0000000000
7689710244,175663.0000000000
7694298944,175673.0000000000
7698887745,175683.0000000000
7702329291,175693.0000000000
7706918048,175703.0000000000
7711506827,175713.0000000000
7716095581,175723.0000000000
7720684316,175733.0000000000
7725273089,175743.0000000000
7729861854,175753.0000000000
7734450561,175763.0000000000
7736745009,175773.0000000000
7740186538,175783.0000000000
7744775305,175793.0000000000
7749364028,175803.0000000000
7753952800,175813.0000000000
7758541576,175823.0000000000
7763130309,175833.0000000000
7767719063,175843.0000000000
7772307812,175853.0000000000
7776896599,175863.0000000000
7781485340,175873.0000000000
7786074109,175883.0000000000
7790662895,175893.0000000000
7794104385,175903.0000000000
7798693164,175913.0000000000
7803281912,175923.0000000000
7807870674,175933.0000000000
7812459430,175943.0000000000
7817048173,175953.0000000000
7821636936,175963.0000000000
7826225713,175973.0000000000
7830814466,175983.0000000000
7835403228,175993.0000000000
7839991948,176003.0000000000
7844580742,176013.0000000000
7849169503,176023.0000000000
7853758251,176033.0000000000
7858346999,176043.0000000000
7861788558,176053.0000000000
7864082968,176063.0000000000
7866377368,176073.0000000000
7868671771,176083.0000000000
7870966179,176093.0000000000
7873260573,176103.0000000000
7875554937,176113.0000000000
7877849353,176123.0000000000
7880143760,176133.0000000000
7882438135,176143.0000000000
7884732539,176153.0000000000
7887026940,176163.0000000000
7889321321,176173.0000000000
7891615726,176183.0000000000
7893910133,176193.0000000000
7896204529,176203.0000000000
7898498904,176213.0000000000
7900793308,176223.0000000000
7903087719,176233.0000000000
7905382090,176243.0000000000
7907676494,176253.0000000000
7909970902,176263.0000000000
7912265294,176273.0000000000
7914559659,176283.0000000000
8009366216,176293.0000000000
8013954933,176303.0000000000
8018543707,176313.0000000000
8021985270,176323.0000000000
8026574009,176333.0000000000
8031162795,176343.0000000000
8035751532,176353.0000000000
8040340254,176363.0000000000
8044929043,176373.0000000000
8049517783,176383.0000000000
8054106504,176393.0000000000
8056400929,176403.0000000000
8059842463,176413.0000000000
8064431216,176423.0000000000
8069019942,176433.0000000000
8073608709,176443.0000000000
8078197491,176453.0000000000
8082786208,176463.0000000000
8087374948,176473.0000000000
8091963713,176483.0000000000
8096552463,176493.0000000000
8101141232,176503.0000000000
8105729984,176513.0000000000
8110318755,176523.0000000000
8113760250,176533.0000000000
8118349015,176543.0000000000
8122937779,176553.0000000000
8127526516,176563.0000000000
8132115287,176573.0000000000
8136704014,176583.0000000000
8141292762,176593.0000000000
8145881542,176603.0000000000
8150470282,176613.0000000000
8155059046,176623.0000000000
8159647739,176633.0000000000
8164236563,176643.0000000000
8168825306,176653.0000000000
8173414041,176663.0000000000
8178002792,176673.0000000000
8181444340,176683.0000000000
8183738754,176693.0000000000
8186033155,176703.0000000000
8188327544,176713.0000000000
8190621958,176723.0000000000
8192916366,176733.0000000000
8195210761,176743.0000000000
8197505137,176753.0000000000
8199799539,176763.0000000000
8202093953,176773.0000000000
8204388323,176783.0000000000
8206682727,176793.0000000000
8208977134,176803.0000000000
8211271531,176813.0000000000
8213565892,176823.0000000000
8215860309,176833.0000000000
8218154715,176843.0000000000
8220449093,176853.0000000000
8222743495,176863.0000000000
8225037895,176873.0000000000
8227332279,176883.0000000000
8229626661,176893.0000000000
8231921090,176903.0000000000
8234215482,176913.0000000000
8329021843,176923.0000000000
8333610555,176933.0000000000
8338199337,176943.0000000000
8341640864,176953.0000000000
8346229630,176963.0000000000
8350818400,176973.0000000000
8355407123,176983.0000000000
8359995847,176993.0000000000
8364584632,177003.0000000000
8369173378,177013.0000000000
8373762081,177023.0000000000
8376056505,177033.0000000000
8379498027,177043.0000000000
8384086796,177053.0000000000
8388675505,177063.0000000000
8393264279,177073.0000000000
8397853042,177083.0000000000
8402441747,177093.0000000000
8407030490,177103.0000000000
8411619250,177113.0000000000
8416208009,177123.0000000000
8420796761,177133.0000000000
8425385499,177143.0000000000
8429974285,177153.0000000000
8433415757,177163.0000000000
8438004523,177173.0000000000
8442593284,177183.0000000000
8447182026,177193.0000000000
8451770781,177203.0000000000
8456359496,177213.0000000000
8460948258,177223.0000000000
8465537014,177233.0000000000
8470125769,177243.0000000000
8474714516,177253.0000000000
8479303196,177263.0000000000
8483892024,177273.0000000000
8486186431,177283.0000000000
8489627937,177293.0000000000
8494216701,177303.0000000000
8498805436,177313.0000000000
8502246990,177323.0000000000
8504541383,177333.0000000000
8506835789,177343.0000000000
8509130196,177353.0000000000
8511424579,177363.0000000000
8513718993,177373.0000000000
8516013392,177383.0000000000
8518307775,177393.0000000000
8520602179,177403.0000000000
8522896575,177413.0000000000
8525190983,177423.0000000000
8527485358,177433.0000000000
8529779762,177443.0000000000
8532074163,177453.0000000000
8534368545,177463.0000000000
8536662948,177473.0000000000
8538957357,177483.0000000000
8541251753,177493.0000000000
8543546127,177503.0000000000
8545840531,177513.0000000000
8548134939,177523.0000000000
8550429313,177533.0000000000
8552723718,177543.0000000000
8555018119,177553.0000000000
8649824326,177563.0000000000
8654413024,177573.0000000000
8659001814,177583.0000000000
8662443325,177593.0000000000
8667032099,177603.0000000000
8671620859,177613.0000000000
8676209590,177623.0000000000
8680798297,177633.0000000000
8685387069,177643.0000000000
8689975823,177653.0000000000
8694564495,177663.0000000000
8696858939,177673.0000000000
8700300448,177683.0000000000
8704889220,177693.0000000000
8709477918,177703.0000000000
8714066699,177713.0000000000
8718655451,177723.0000000000
8723244165,177733.0000000000
8727832891,177743.0000000000
8732421637,177753.0000000000
8737010405,177763.0000000000
8741599146,177773.0000000000
8746187890,177783.0000000000
8750776661,177793.0000000000
8754218142,177803.0000000000
8758806891,177813.0000000000
8763395640,177823.0000000000
8767984390,177833.0000000000
8772573113,177843.0000000000
8777161855,177853.0000000000
8781750602,177863.0000000000
8786339344,177873.0000000000
8790928115,177883.0000000000
8795516837,177893.0000000000
8800105536,177903.0000000000
8804694344,177913.0000000000
8806988752,177923.0000000000
8810430244,177933.0000000000
8815019015,177943.0000000000
8819607740,177953.0000000000
8823049295,177963.0000000000
8825343678,177973.0000000000
8827638064,177983.0000000000
8829932501,177993.0000000000
8832226899,178003.0000000000
8834521273,178013.0000000000
8836815679,178023.0000000000
8839110091,178033.0000000000
8841404462,178043.0000000000
8843698866,178053.0000000000
8845993267,178063.0000000000
8848287648,178073.0000000000
8850582032,178083.0000000000
8852876449,178093.0000000000
8855170856,178103.0000000000
8857465231,178113.0000000000
8859759635,178123.0000000000
8862054034,178133.0000000000
8864348419,178143.0000000000
8866642800,178153.0000000000
8868937229,178163.0000000000
8871231625,178173.0000000000
8873526000,178183.0000000000
8875820404,178193.0000000000
8970626456,178203.0000000000
8975215180,178213.0000000000
8979803952,178223.0000000000
8983245475,178233.0000000000
8987834230,178243.0000000000
8992422978,178253.0000000000
8997011719,178263.0000000000
9001600415,178273.0000000000
9006189193,178283.0000000000
9010777933,178293.0000000000
9015366590,178303.0000000000
9017661042,178313.0000000000
9021102563,178323.0000000000
9025691313,178333.0000000000
9030279997,178343.0000000000
9034868784,178353.0000000000
9039457522,178363.0000000000
9044046244,178373.0000000000
9048634941,178383.0000000000
9053223712,178393.0000000000
9057812465,178403.0000000000
9062401194,178413.0000000000
9066989945,178423.0000000000
9071578685,178433.0000000000
9075020190,178443.0000000000
9079608928,178453.0000000000
9084197687,178463.0000000000
9088786420,178473.0000000000
9093375129,178483.0000000000
9097963879,178493.0000000000
9102552608,178503.0000000000
9107141366,178513.0000000000
9111730121,178523.0000000000
9116318830,178533.0000000000
9120907544,178543.0000000000
9125496328,178553.0000000000
9127790741,178563.0000000000
9131232243,178573.0000000000
9135820998,178583.0000000000
9140409708,178593.0000000000
9143851268,178603.0000000000
9146145676,178613.0000000000
9148440052,178623.0000000000
9150734467,178633.0000000000
9153028869,178643.0000000000
9155323251,178653.0000000000
9157617655,178663.0000000000
9159912063,178673.0000000000
9162206458,178683.0000000000
9164500834,178693.0000000000
9166795238,178703.0000000000
9169089638,178713.0000000000
9171384021,178723.0000000000
9173678425,178733.0000000000
9175972826,178743.0000000000
9178267208,178753.0000000000
9180561591,178763.0000000000
9182856008,178773.0000000000
9185150415,178783.0000000000
9187444791,178793.0000000000
9189739196,178803.0000000000
9192033594,178813.0000000000
9194327978,178823.0000000000
9196622362,178833.0000000000
9290281076,178843.0000000000
9294869803,178853.0000000000
9299458563,178863.0000000000
9302900104,178873.0000000000
9307488834,178883.0000000000
9312077586,178893.0000000000
9316666322,178903.0000000000
9321255004,178913.0000000000
9325843786,178923.0000000000
9330432514,178933.0000000000
9335021173,178943.0000000000
9337315616,178953.0000000000
9340757142,178963.0000000000
9345345879,178973.0000000000
9349934580,178983.0000000000
9354523342,178993.0000000000
9359112095,179003.0000000000
9363700801,179013.0000000000
9368289486,179023.0000000000
9372878261,179033.0000000000
9377466999,179043.0000000000
9382055732,179053.0000000000
9386644459,179063.0000000000
9391233226,179073.0000000000
9394674716,179083.0000000000
9399263442,179093.0000000000
9403852204,179103.0000000000
9408440924,179113.0000000000
9413029638,179123.0000000000
9417618384,179133.0000000000
9422207119,179143.0000000000
9426795862,179153.0000000000
9431384603,179163.0000000000
9435973316,179173.0000000000
9440562004,179183.0000000000
9445150817,179193.0000000000
9447445208,179203.0000000000
9450886713,179213.0000000000
9455475458,179223.0000000000
9460064171,179233.0000000000
9463505718,179243.0000000000
9465800134,179253.0000000000
9468094534,179263.0000000000
9470388914,179273.0000000000
9472683322,179283.0000000000
9474977720,179293.0000000000
9477272103,179303.0000000000
9479566487,179313.0000000000
9481860904,179323.0000000000
9484155311,179333.0000000000
9486449688,179343.0000000000
9488744090,179353.0000000000
9491038492,179363.0000000000
9493332874,179373.0000000000
9495627256,179383.0000000000
9497921686,179393.0000000000
9500216083,179403.0000000000
9502510458,179413.0000000000
9504804861,179423.0000000000
9507099273,179433.0000000000
9509393646,179443.0000000000
9511688049,179453.0000000000
9513982448,179463.0000000000
9516276832,179473.0000000000
9609935407,179483.0000000000
9614524108,179493.0000000000
9619112885,179503.0000000000
9622554402,179513.0000000000
9627143147,179523.0000000000
9631731883,179533.0000000000
9636320607,179543.0000000000
9640909304,179553.0000000000
9645498062,179563.0000000000
9650086794,179573.0000000000
9654675448,179583.0000000000
9656969890,179593.0000000000
9660411404,179603.0000000000
9665000144,179613.0000000000
9669588820,179623.0000000000
9674177610,179633.0000000000
9678766348,179643.0000000000
9683355041,179653.0000000000
9687943743,179663.0000000000
9692532492,179673.0000000000
9697121247,179683.0000000000
9701709963,179693.0000000000
9706298677,179703.0000000000
9710887449,179713.0000000000
9714328927,179723.0000000000
9718917669,179733.0000000000
9723506407,179743.0000000000
9728095129,179753.0000000000
9732683840,179763.0000000000
9737272573,179773.0000000000
9741861312,179783.0000000000
9746450043,179793.0000000000
9751038787,179803.0000000000
9755627475,179813.0000000000
9760216192,179823.0000000000
9764804989,179833.0000000000
9767099384,179843.0000000000
9770540871,179853.0000000000
9775129632,179863.0000000000
9779718330,179873.0000000000
9783159885,179883.0000000000
9785454279,179893.0000000000
9787748684,179903.0000000000
9790043085,179913.0000000000
9792337468,179923.0000000000
9794631851,179933.0000000000
9796926280,179943.0000000000
9799220677,179953.0000000000
9801515052,179963.0000000000
9803809457,179973.0000000000
9806103863,179983.0000000000
9808398239,179993.0000000000
9810692643,180003.0000000000
9812987044,180013.0000000000
9815281426,180023.0000000000
9817575811,180033.0000000000
9819870226,180043.0000000000
9822164636,180053.0000000000
9824459010,180063.0000000000
9826753413,180073.0000000000
9829047817,180083.0000000000
9831342198,180093.0000000000
9833636581,180103.0000000000
9835931011,180113.0000000000
9838225405,180123.0000000000
9930736624,180133.0000000000
9935325312,180143.0000000000
9939914106,180153.0000000000
9943355599,180163.0000000000
9947944352,180173.0000000000
9952533072,180183.0000000000
9957121813,180193.0000000000
9961710494,180203.0000000000
9966299238,180213.0000000000
9970887975,180223.0000000000
9975476615,180233.0000000000
9977771063,180243.0000000000
9981212587,180253.0000000000
9985801312,180263.0000000000
9990389975,180273.0000000000
9994978773,180283.0000000000
9999567481,180293.0000000000
10004156203,180303.0000000000
10008744890,180313.0000000000
10013333626,180323.0000000000
10017922398,180333.0000000000
10022511088,180343.0000000000
10027099806,180353.0000000000
10031688575,180363.0000000000
10035130060,180373.0000000000
10039718785,180383.0000000000
10044307511,180393.0000000000
10048896251,180403.0000000000
10053484937,180413.0000000000
10058073679,180423.0000000000
10062662408,180433.0000000000
10067251127,180443.0000000000
10071839875,180453.0000000000
10076428551,180463.0000000000
10081017278,180473.0000000000
10085606044,180483.0000000000
10087900473,180493.0000000000
10091341935,180503.0000000000
10095930709,180513.0000000000
10100519384,180523.0000000000
10103960950,180533.0000000000
10106255331,180543.0000000000
10108549731,180553.0000000000
10110844139,180563.0000000000
10113138546,180573.0000000000
10115432921,180583.0000000000
10117727328,180593.0000000000
10120021727,180603.0000000000
10122316112,180613.0000000000
10124610493,180623.0000000000
10126904924,180633.0000000000
10129199319,180643.0000000000
10131493695,180653.0000000000
10133788099,180663.0000000000
10136082499,180673.0000000000
10138376882,180683.0000000000
10140671287,180693.0000000000
10142965687,180703.0000000000
10145260070,180713.0000000000
10147554465,180723.0000000000
10149848872,180733.0000000000
10152143277,180743.0000000000
10154437654,180753.0000000000
10156732058,180763.0000000000
10159026458,180773.0000000000
10251537543,180783.0000000000
10256126247,180793.0000000000
10260715026,180803.0000000000
10264156528,180813.0000000000
10268745265,180823.0000000000
10273333973,180833.0000000000
10277922730,180843.0000000000
10282511386,180853.0000000000
10287100135,180863.0000000000
10291688868,180873.0000000000
10296277494,180883.0000000000
10298571929,180893.0000000000
10302013474,180903.0000000000
10306602169,180913.0000000000
10311190861,180923.0000000000
10315779644,180933.0000000000
10320368338,180943.0000000000
10324957070,180953.0000000000
10329545740,180963.0000000000
10334134493,180973.0000000000
10338723248,180983.0000000000
10343311925,180993.0000000000
10347900661,181003.0000000000
10352489406,181013.0000000000
10355930907,181023.0000000000
10360519608,181033.0000000000
10365108338,181043.0000000000
10369697074,181053.0000000000
10374285749,181063.0000000000
10378874494,181073.0000000000
10383463211,181083.0000000000
10388051938,181093.0000000000
10392640658,181103.0000000000
10397229362,181113.0000000000
10401818073,181123.0000000000
10406406827,181133.0000000000
10408701262,181143.0000000000
10412142734,181153.0000000000
10416731492,181163.0000000000
10421320153,181173.0000000000
10424761724,181183.0000000000
10427056126,181193.0000000000
10429350509,181203.0000000000
10431644892,181213.0000000000
10433939319,181223.0000000000
10436233700,181233.0000000000
10438528097,181243.0000000000
10440822502,181253.0000000000
10443116908,181263.0000000000
10445411286,181273.0000000000
10447705688,181283.0000000000
10450000090,181293.0000000000
10452294473,181303.0000000000
10454588855,181313.0000000000
10456883274,181323.0000000000
10459177681,181333.0000000000
10461472058,181343.0000000000
10463766462,181353.0000000000
10466060862,181363.0000000000
10468355245,181373.0000000000
10470649628,181383.0000000000
10472944050,181393.0000000000
10475238433,181403.0000000000
10477532830,181413.0000000000
10479827234,181423.0000000000
10572338181,181433.0000000000
10575779695,181443.0000000000
10580368461,181453.0000000000
10583809968,181463.0000000000
10588398692,181473.0000000000
10592987405,181483.0000000000
10597576137,181493.0000000000
10602164823,181503.0000000000
10606753556,181513.0000000000
10611342277,181523.0000000000
10615930907,181533.0000000000
10618225351,181543.0000000000
10621666882,181553.0000000000
10626255565,181563.0000000000
10630844262,181573.0000000000
10635433032,181583.0000000000
10640021730,181593.0000000000
10644610437,181603.0000000000
10649199137,181613.0000000000
10653787875,181623.0000000000
10658376617,181633.0000000000
10662965297,181643.0000000000
10667554021,181653.0000000000
10672142783,181663.0000000000
10675584249,181673.0000000000
10680172978,181683.0000000000
10684761693,181693.0000000000
10689350417,181703.0000000000
10693939096,181713.0000000000
10698527828,181723.0000000000
10703116550,181733.0000000000
10707705274,181743.0000000000
10712293982,181753.0000000000
10716882703,181763.0000000000
10721471388,181773.0000000000
10726060146,181783.0000000000
10728354574,181793.0000000000
10731796049,181803.0000000000
10736384795,181813.0000000000
10740973460,181823.0000000000
10744415020,181833.0000000000
10746709430,181843.0000000000
10749003830,181853.0000000000
10751298214,181863.0000000000
10753592596,181873.0000000000
10755887027,181883.0000000000
10758181421,181893.0000000000
10760475798,181903.0000000000
10762770202,181913.0000000000
10765064604,181923.0000000000
10767358985,181933.0000000000
10769653390,181943.0000000000
10771947790,181953.0000000000
10774242175,181963.0000000000
10776536569,181973.0000000000
10778830976,181983.0000000000
10781125382,181993.0000000000
10783419759,182003.0000000000
10785714162,182013.0000000000
10788008563,182023.0000000000
10790302946,182033.0000000000
10792597330,182043.0000000000
10794891759,182053.0000000000
10797186155,182063.0000000000
10799480530,182073.0000000000
10891991365,182083.0000000000
10895432865,182093.0000000000
10900021635,182103.0000000000
10903463134,182113.0000000000
10908051863,182123.0000000000
10912640552,182133.0000000000
10917229291,182143.0000000000
10921817981,182153.0000000000
10926406702,182163.0000000000
10930995428,182173.0000000000
10935584034,182183.0000000000
10937878498,182193.0000000000
10941320016,182203.0000000000
10945908716,182213.0000000000
10950497388,182223.0000000000
10955086163,182233.0000000000
10959674859,182243.0000000000
10964263553,182253.0000000000
10968852258,182263.0000000000
10973440983,182273.0000000000
10978029729,182283.0000000000
10982618384,182293.0000000000
10987207138,182303.0000000000
10991795884,182313.0000000000
10995237340,182323.0000000000
10999826074,182333.0000000000
11004414778,182343.0000000000
11009003506,182353.0000000000
11013592159,182363.0000000000
11018180921,182373.0000000000
11022769627,182383.0000000000
11027358339,182393.0000000000
11031947052,182403.0000000000
11036535761,182413.0000000000
11041124451,182423.0000000000
11045713206,182433.0000000000
11048007631,182443.0000000000
11051449095,182453.0000000000
11056037846,182463.0000000000
11060626466,182473.0000000000
11064068063,182483.0000000000
11066362464,182493.0000000000
11068656870,182503.0000000000
11070951271,182513.0000000000
11073245654,182523.0000000000
11075540055,182533.0000000000
11077834459,182543.0000000000
11080128867,182553.0000000000
11082423242,182563.0000000000
11084717647,182573.0000000000
11087012047,182583.0000000000
11089306432,182593.0000000000
11091600814,182603.0000000000
11093895243,182613.0000000000
11096189640,182623.0000000000
11098484015,182633.0000000000
11100778420,182643.0000000000
11103072816,182653.0000000000
11105367204,182663.0000000000
11107661608,182673.0000000000
11109956008,182683.0000000000
11112250393,182693.0000000000
11114544787,182703.0000000000
11116839195,182713.0000000000
11119133600,182723.0000000000
11211644270,182733.0000000000
11215085790,182743.0000000000
11219674557,182753.0000000000
11223116051,182763.0000000000
11227704777,182773.0000000000
11232293454,182783.0000000000
11236882210,182793.0000000000
11241470875,182803.0000000000
11246059601,182813.0000000000
11248353990,182823.0000000000
11251795524,182833.0000000000
11256384118,182843.0000000000
11258678586,182853.0000000000
11262120103,182863.0000000000
11266708800,182873.0000000000
11271297459,182883.0000000000
11275886252,182893.0000000000
11280474922,182903.0000000000
11285063621,182913.0000000000
11289652302,182923.0000000000
11294241036,182933.0000000000
11298829788,182943.0000000000
11303418430,182953.0000000000
11308007192,182963.0000000000
11312595909,182973.0000000000
11316037390,182983.0000000000
11320626074,182993.0000000000
11325214807,183003.0000000000
11329803539,183013.0000000000
11334392181,183023.0000000000
11338980954,183033.0000000000
11343569643,183043.0000000000
11348158372,183053.0000000000
11352747070,183063.0000000000
11357335767,183073.0000000000
11361924466,183083.0000000000
11366513204,183093.0000000000
11368807636,183103.0000000000
11372249088,183113.0000000000
11376837844,183123.0000000000
11381426452,183133.0000000000
11384868056,183143.0000000000
11387162466,183153.0000000000
11389456850,183163.0000000000
11391751258,183173.0000000000
11394045659,183183.0000000000
11396340042,183193.0000000000
11398634405,183203.0000000000
11400928850,183213.0000000000
11403223234,183223.0000000000
11405517631,183233.0000000000
11407812036,183243.0000000000
11410106431,183253.0000000000
11412400820,183263.0000000000
11414695223,183273.0000000000
11416989625,183283.0000000000
11419284007,183293.0000000000
11421578392,183303.0000000000
11423872809,183313.0000000000
11426167218,183323.0000000000
11428461593,183333.0000000000
11430755999,183343.0000000000
11433050399,183353.0000000000
11435344782,183363.0000000000
11437639144,183373.0000000000
11439933587,183383.0000000000
11532444142,183393.0000000000
11535885680,183403.0000000000
11540474423,183413.0000000000
11543915926,183423.0000000000
11548504636,183433.0000000000
11553093318,183443.0000000000
11557682072,183453.0000000000
11562270725,183463.0000000000
11566859457,183473.0000000000
11569153863,183483.0000000000
11572595353,183493.0000000000
11577183977,183503.0000000000
11579478422,183513.0000000000
11582919950,183523.0000000000
11587508632,183533.0000000000
11592097296,183543.0000000000
11596686085,183553.0000000000
11601274742,183563.0000000000
11605863447,183573.0000000000
11610452116,183583.0000000000
11615040859,183593.0000000000
11619629562,183603.0000000000
11624218234,183613.0000000000
11628807001,183623.0000000000
11633395707,183633.0000000000
11636837193,183643.0000000000
11641425864,183653.0000000000
11646014605,183663.0000000000
11650603310,183673.0000000000
11655191981,183683.0000000000
11659780739,183693.0000000000
11664369417,183703.0000000000
11668958155,183713.0000000000
11673546836,183723.0000000000
11678135538,183733.0000000000
11682724234,183743.0000000000
11687312960,183753.0000000000
11689607379,183763.0000000000
11693048852,183773.0000000000
11697637559,183783.0000000000
11702226197,183793.0000000000
11705667808,183803.0000000000
11707962220,183813.0000000000
11710256605,183823.0000000000
11712551000,183833.0000000000
11714845407,183843.0000000000
11717139801,183853.0000000000
11719434191,183863.0000000000
11721728595,183873.0000000000
11724022994,183883.0000000000
11726317379,183893.0000000000
11728611763,183903.0000000000
11730906185,183913.0000000000
11733200588,183923.0000000000
11735494965,183933.0000000000
11737789369,183943.0000000000
11740083765,183953.0000000000
11742378154,183963.0000000000
11744672558,183973.0000000000
11746966960,183983.0000000000
11749261342,183993.0000000000
11751555739,184003.0000000000
11753850142,184013.0000000000
11756144553,184023.0000000000
11758438926,184033.0000000000
11760733333,184043.0000000000
11853243779,184053.0000000000
11856685323,184063.0000000000
11861274055,184073.0000000000
11864715563,184083.0000000000
11869304262,184093.0000000000
11873892961,184103.0000000000
11878481691,184113.0000000000
11883070349,184123.0000000000
11887659077,184133.0000000000
11889953487,184143.0000000000
11893394960,184153.0000000000
11897983594,184163.0000000000
11900278025,184173.0000000000
11903719560,184183.0000000000
11908308230,184193.0000000000
11912896912,184203.0000000000
11916338477,184213.0000000000
11920927140,184223.0000000000
11925515832,184233.0000000000
11930104506,184243.0000000000
11934693246,184253.0000000000
11939281938,184263.0000000000
11943870615,184273.0000000000
11948459370,184283.0000000000
11953048082,184293.0000000000
11956489558,184303.0000000000
11961078234,184313.0000000000
11965666972,184323.0000000000
11970255665,184333.0000000000
11974844341,184343.0000000000
11979433086,184353.0000000000
11984021769,184363.0000000000
11988610483,184373.0000000000
11993199173,184383.0000000000
11997787881,184393.0000000000
12002376565,184403.0000000000
12006965296,184413.0000000000
12009259706,184423.0000000000
12012701185,184433.0000000000
12017289880,184443.0000000000
12021878536,184453.0000000000
12025320124,184463.0000000000
12027614522,184473.0000000000
12029908945,184483.0000000000
12032203328,184493.0000000000
12034497722,184503.0000000000
12036792130,184513.0000000000
12039086525,184523.0000000000
12041380914,184533.0000000000
12043675318,184543.0000000000
12045969719,184553.0000000000
12048264103,184563.0000000000
12050558499,184573.0000000000
12052852903,184583.0000000000
12055147300,184593.0000000000
12057441688,184603.0000000000
12059736094,184613.0000000000
12062030493,184623.0000000000
12064324879,184633.0000000000
12066619261,184643.0000000000
12068913684,184653.0000000000
12071208067,184663.0000000000
12073502464,184673.0000000000
12075796868,184683.0000000000
12078091264,184693.0000000000
12080385652,184703.0000000000
12172896002,184713.0000000000
12176337536,184723.0000000000
12180926272,184733.0000000000
12184367770,184743.0000000000
12188956474,184753.0000000000
12193545162,184763.0000000000
12198133896,184773.0000000000
12202722552,184783.0000000000
12207311268,184793.0000000000
12209605665,184803.0000000000
12213047155,184813.0000000000
12217635745,184823.0000000000
12219930217,184833.0000000000
12223371741,184843.0000000000
12227960416,184853.0000000000
12232549087,184863.0000000000
12235990657,184873.0000000000
12240579296,184883.0000000000
12245168018,184893.0000000000
12249756677,184903.0000000000
12254345406,184913.0000000000
12258934102,184923.0000000000
12263522769,184933.0000000000
12268111529,184943.0000000000
12272700238,184953.0000000000
12276141711,184963.0000000000
12280730385,184973.0000000000
12285319110,184983.0000000000
12289907809,184993.0000000000
12294496473,185003.0000000000
12299085224,185013.0000000000
12303673903,185023.0000000000
12308262605,185033.0000000000
12312851301,185043.0000000000
12317439997,185053.0000000000
12322028687,185063.0000000000
12326617394,185073.0000000000
12328911824,185083.0000000000
12332353291,185093.0000000000
12336941991,185103.0000000000
12341530637,185113.0000000000
12344972232,185123.0000000000
12347266619,185133.0000000000
12349561043,185143.0000000000
12351855446,185153.0000000000
12354149844,185163.0000000000
12356444230,185173.0000000000
12358738637,185183.0000000000
12361033036,185193.0000000000
12363327421,185203.0000000000
12365621782,185213.0000000000
12367916226,185223.0000000000
12370210608,185233.0000000000
12372505007,185243.0000000000
12374799410,185253.0000000000
12377093807,185263.0000000000
12379388195,185273.0000000000
12381682601,185283.0000000000
12383977001,185293.0000000000
12386271384,185303.0000000000
12388565782,185313.0000000000
12390860186,185323.0000000000
12393154583,185333.0000000000
12395448970,185343.0000000000
12397743376,185353.0000000000
12400037771,185363.0000000000
12492548004,185373.0000000000
12495989545,185383.0000000000
12500578271,185393.0000000000
12504019773,185403.0000000000
12508608454,185413.0000000000
12513197152,185423.0000000000
12517785892,185433.0000000000
12522374536,185443.0000000000
12526963257,185453.0000000000
12529257645,185463.0000000000
12532699141,185473.0000000000
12537287718,185483.0000000000
12539582177,185493.0000000000
12543023719,185503.0000000000
12547612371,185513.0000000000
12552201053,185523.0000000000
12555642585,185533.0000000000
12560231253,185543.0000000000
12564819981,185553.0000000000
12569408628,185563.0000000000
12573997364,185573.0000000000
12578586035,185583.0000000000
12580880467,185593.0000000000
12584321911,185603.0000000000
12588910681,185613.0000000000
12593499374,185623.0000000000
12596940859,185633.0000000000
12601529518,185643.0000000000
12606118247,185653.0000000000
12610706943,185663.0000000000
12615295596,185673.0000000000
12619884365,185683.0000000000
12624473020,185693.0000000000
12629061727,185703.0000000000
12633650378,185713.0000000000
12638239105,185723.0000000000
12642827800,185733.0000000000
12647416496,185743.0000000000
12649710933,185753.0000000000
12653152398,185763.0000000000
12657741096,185773.0000000000
12662329730,185783.0000000000
12665771331,185793.0000000000
12668065727,185803.0000000000
12670360131,185813.0000000000
12672654520,185823.0000000000
12674948942,185833.0000000000
12677243325,185843.0000000000
12679537722,185853.0000000000
12681832128,185863.0000000000
12684126523,185873.0000000000
12686420910,185883.0000000000
12688715317,185893.0000000000
12691009718,185903.0000000000
12693304102,185913.0000000000
12695598485,185923.0000000000
12697892907,185933.0000000000
12700187293,185943.0000000000
12702481688,185953.0000000000
12704776093,185963.0000000000
12707070489,185973.0000000000
12709364878,185983.0000000000
12711659262,185993.0000000000
12713953684,186003.0000000000
12716248068,186013.0000000000
12718542464,186023.0000000000
12720836869,186033.0000000000
12813347003,186043.0000000000
12816788551,186053.0000000000
12821377265,186063.0000000000
12824818773,186073.0000000000
12829407444,186083.0000000000
12833996151,186093.0000000000
12838584863,186103.0000000000
12843173538,186113.0000000000
12847762245,186123.0000000000
12850056639,186133.0000000000
12853498116,186143.0000000000
12858086698,186153.0000000000
12860381148,186163.0000000000
12863822695,186173.0000000000
12868411337,186183.0000000000
12873000028,186193.0000000000
12876441546,186203.0000000000
12881030219,186213.0000000000
12885618924,186223.0000000000
12890207580,186233.0000000000
12894796322,186243.0000000000
12899384981,186253.0000000000
12901679421,186263.0000000000
12905120863,186273.0000000000
12909709630,186283.0000000000
12914298311,186293.0000000000
12917739802,186303.0000000000
12922328452,186313.0000000000
12926917189,186323.0000000000
12931505872,186333.0000000000
12936094529,186343.0000000000
12940683297,186353.0000000000
12945271940,186363.0000000000
12949860653,186373.0000000000
12954449292,186383.0000000000
12959038024,186393.0000000000
12963626675,186403.0000000000
12968215400,186413.0000000000
12970509838,186423.0000000000
12973951314,186433.0000000000
12978539997,186443.0000000000
12983128635,186453.0000000000
12986570226,186463.0000000000
12988864642,186473.0000000000
12991159031,186483.0000000000
12993453418,186493.0000000000
12995747840,186503.0000000000
12998042236,186513.0000000000
13000336625,186523.0000000000
13002630986,186533.0000000000
13004925431,186543.0000000000
13007219815,186553.0000000000
13009514212,186563.0000000000
13011808616,186573.0000000000
13014103013,186583.0000000000
13016397401,186593.0000000000
13018691807,186603.0000000000
13020986207,186613.0000000000
13023280592,186623.0000000000
13025574988,186633.0000000000
13027869406,186643.0000000000
13030163788,186653.0000000000
13032458179,186663.0000000000
13034752581,186673.0000000000
13037046980,186683.0000000000
13039341367,186693.0000000000
13041635731,186703.0000000000
13134145818,186713.0000000000
13137587346,186723.0000000000
13142176069,186733.0000000000
13145617561,186743.0000000000
13150206242,186753.0000000000
13154794956,186763.0000000000
13159383656,186773.0000000000
13163972340,186783.0000000000
13168561034,186793.0000000000
13170855439,186803.0000000000
13174296900,186813.0000000000
13178885492,186823.0000000000
13181179928,186833.0000000000
13184621440,186843.0000000000
13189210112,186853.0000000000
13193798809,186863.0000000000
13197240318,186873.0000000000
13201828996,186883.0000000000
13206417691,186893.0000000000
13211006357,186903.0000000000
13215595071,186913.0000000000
13220183739,186923.0000000000
13222478179,186933.0000000000
13225919632,186943.0000000000
13230508383,186953.0000000000
13235097071,186963.0000000000
13238538549,186973.0000000000
13241980006,186983.0000000000
13246568735,186993.0000000000
13251157422,187003.0000000000
13255746077,187013.0000000000
13260334834,187023.0000000000
13264923483,187033.0000000000
13269512184,187043.0000000000
13274100829,187053.0000000000
13278689559,187063.0000000000
13283278199,187073.0000000000
13287866941,187083.0000000000
13290161366,187093.0000000000
13293602820,187103.0000000000
13298191512,187113.0000000000
13302780156,187123.0000000000
13306221736,187133.0000000000
13308516150,187143.0000000000
13310810557,187153.0000000000
13313104954,187163.0000000000
13315399347,187173.0000000000
13317693751,187183.0000000000
13319988152,187193.0000000000
13322282537,187203.0000000000
13324576934,187213.0000000000
13326871342,187223.0000000000
13329165734,187233.0000000000
13331460124,187243.0000000000
13333754528,187253.0000000000
13336048925,187263.0000000000
13338343313,187273.0000000000
13340637676,187283.0000000000
13342932119,187293.0000000000
13345226502,187303.0000000000
13347520901,187313.0000000000
13349815304,187323.0000000000
13352109703,187333.0000000000
13354404091,187343.0000000000
13356698496,187353.0000000000
13358992896,187363.0000000000
13361287280,187373.0000000000
13453797256,187383.0000000000
13457238773,187393.0000000000
13461827502,187403.0000000000
13465268985,187413.0000000000
13469857672,187423.0000000000
13474446374,187433.0000000000
13479035079,187443.0000000000
13483623719,187453.0000000000
13488212445,187463.0000000000
13490506848,187473.0000000000
13493948315,187483.0000000000
13498536897,187493.0000000000
13500831342,187503.0000000000
13504272842,187513.0000000000
13508861533,187523.0000000000
13513450206,187533.0000000000
13516891722,187543.0000000000
13521480390,187553.0000000000
13526069090,187563.0000000000
13530657733,187573.0000000000
13535246455,187583.0000000000
13539835130,187593.0000000000
13542129568,187603.0000000000
13545571013,187613.0000000000
13550159769,187623.0000000000
13554748454,187633.0000000000
13558189922,187643.0000000000
13561631344,187653.0000000000
13566220103,187663.0000000000
13570808798,187673.0000000000
13575397440,187683.0000000000
13579986205,187693.0000000000
13584574842,187703.0000000000
13589163549,187713.0000000000
13593752191,187723.0000000000
13598340910,187733.0000000000
13602929555,187743.0000000000
13607518288,187753.0000000000
13609812721,187763.0000000000
13613254163,187773.0000000000
13617842862,187783.0000000000
13622431496,187793.0000000000
13625873082,187803.0000000000
13628167473,187813.0000000000
13630461892,187823.0000000000
13632756296,187833.0000000000
13635050693,187843.0000000000
13637345082,187853.0000000000
13639639449,187863.0000000000
13641933892,187873.0000000000
13644228275,187883.0000000000
13646522671,187893.0000000000
13648817078,187903.0000000000
13651111475,187913.0000000000
13653405862,187923.0000000000
13655700268,187933.0000000000
13657994669,187943.0000000000
13660289055,187953.0000000000
13662583452,187963.0000000000
13664877859,187973.0000000000
13667172232,187983.0000000000
13669466641,187993.0000000000
13671761047,188003.0000000000
13674055442,188013.0000000000
13676349831,188023.0000000000
13678644194,188033.0000000000
13680938638,188043.0000000000
13773448517,188053.0000000000
13776890040,188063.0000000000
13781478758,188073.0000000000
13784920248,188083.0000000000
13789508924,188093.0000000000
13794097633,188103.0000000000
13798686314,188113.0000000000
13803274964,188123.0000000000
13807863695,188133.0000000000
13810158098,188143.0000000000
13813599543,188153.0000000000
13818188135,188163.0000000000
13820482579,188173.0000000000
13823924085,188183.0000000000
13828512765,188193.0000000000
13833101445,188203.0000000000
13836542951,188213.0000000000
13841131625,188223.0000000000
13845720323,188233.0000000000
13850308954,188243.0000000000
13854897682,188253.0000000000
13859486345,188263.0000000000
13861780793,188273.0000000000
13865222228,188283.0000000000
13869810990,188293.0000000000
13874399663,188303.0000000000
13877841140,188313.0000000000
13881282551,188323.0000000000
13885871316,188333.0000000000
13890459999,188343.0000000000
13895048648,188353.0000000000
13897343036,188363.0000000000
13900784609,188373.0000000000
13905373234,188383.0000000000
13909961952,188393.0000000000
13914550578,188403.0000000000
13919139305,188413.0000000000
13923727948,188423.0000000000
13928316671,188433.0000000000
13930611090,188443.0000000000
13934052550,188453.0000000000
13938641206,188463.0000000000
13943229870,188473.0000000000
13946671444,188483.0000000000
13948965864,188493.0000000000
13951260263,188503.0000000000
13953554666,188513.0000000000
13955849071,188523.0000000000
13958143467,188533.0000000000
13960437855,188543.0000000000
13962732265,188553.0000000000
13965026661,188563.0000000000
13967321050,188573.0000000000
13969615435,188583.0000000000
13971909858,188593.0000000000
13974204241,188603.0000000000
13976498637,188613.0000000000
13978793044,188623.0000000000
13981087440,188633.0000000000
13983381829,188643.0000000000
13985676213,188653.0000000000
13987970637,188663.0000000000
13990265019,188673.0000000000
13992559419,188683.0000000000
13994853833,188693.0000000000
13997148219,188703.0000000000
13999442607,188713.0000000000
14001737013,188723.0000000000
14094246818,188733.0000000000
14097688327,188743.0000000000
14102277054,188753.0000000000
14105718552,188763.0000000000
14110307217,188773.0000000000
14114895938,188783.0000000000
14119484603,188793.0000000000
14124073259,188803.0000000000
14128661967,188813.0000000000
14130956396,188823.0000000000
14134397825,188833.0000000000
14138986429,188843.0000000000
14141280858,188853.0000000000
14144722370,188863.0000000000
14149311041,188873.0000000000
14153899731,188883.0000000000
14157341223,188893.0000000000
14161929907,188903.0000000000
14166518589,188913.0000000000
14171107227,188923.0000000000
14175695933,188933.0000000000
14180284606,188943.0000000000
14182579054,188953.0000000000
14186020494,188963.0000000000
14190609233,188973.0000000000
14195197918,188983.0000000000
14198639360,188993.0000000000
14202080811,189003.0000000000
14206669553,189013.0000000000
14211258245,189023.0000000000
14215846901,189033.0000000000
14218141299,189043.0000000000
14221582850,189053.0000000000
14226171462,189063.0000000000
14230760196,189073.0000000000
14235348813,189083.0000000000
14239937552,189093.0000000000
14244526180,189103.0000000000
14249114908,189113.0000000000
14251409317,189123.0000000000
14254850776,189133.0000000000
14259439432,189143.0000000000
14264028101,189153.0000000000
14267469664,189163.0000000000
14269764091,189173.0000000000
14272058490,189183.0000000000
14274352883,189193.0000000000
14276647254,189203.0000000000
14278941697,189213.0000000000
14281236081,189223.0000000000
14283530478,189233.0000000000
14285824882,189243.0000000000
14288119281,189253.0000000000
14290413668,189263.0000000000
14292708076,189273.0000000000
14295002470,189283.0000000000
14297296861,189293.0000000000
14299591258,189303.0000000000
14301885667,189313.0000000000
14304180041,189323.0000000000
14306474448,189333.0000000000
14308768855,189343.0000000000
14311063249,189353.0000000000
14313357639,189363.0000000000
14315652024,189373.0000000000
14317946446,189383.0000000000
14320240831,189393.0000000000
14322535226,189403.0000000000
14415044981,189413.0000000000
14418486479,189423.0000000000
14423075212,189433.0000000000
14426516702,189443.0000000000
14431105372,189453.0000000000
14435694071,189463.0000000000
14440282746,189473.0000000000
14444871412,189483.0000000000
14449460104,189493.0000000000
14451754543,189503.0000000000
14455195949,189513.0000000000
14459784572,189523.0000000000
14462079001,189533.0000000000
14465520500,189543.0000000000
14470109180,189553.0000000000
14474697846,189563.0000000000
14478139358,189573.0000000000
14482728040,189583.0000000000
14487316711,189593.0000000000
14491905361,189603.0000000000
14496494050,189613.0000000000
14501082729,189623.0000000000
14503377170,189633.0000000000
14506818617,189643.0000000000
14511407344,189653.0000000000
14515996035,189663.0000000000
14519437468,189673.0000000000
14522878930,189683.0000000000
14527467658,189693.0000000000
14532056355,189703.0000000000
14536644969,189713.0000000000
14538939412,189723.0000000000
14542380947,189733.0000000000
14546969570,189743.0000000000
14550411093,189753.0000000000
14554999715,189763.0000000000
14559588443,189773.0000000000
14564177057,189783.0000000000
14568765805,189793.0000000000
14571060212,189803.0000000000
14574501662,189813.0000000000
14579090323,189823.0000000000
14583678972,189833.0000000000
14587120551,189843.0000000000
14589414971,189853.0000000000
14591709357,189863.0000000000
14594003774,189873.0000000000
14596298162,189883.0000000000
14598592573,189893.0000000000
14600886981,189903.0000000000
14603181354,189913.0000000000
14605475763,189923.0000000000
14607770169,189933.0000000000
14610064566,189943.0000000000
14612358954,189953.0000000000
14614653340,189963.0000000000
14616947762,189973.0000000000
14619242146,189983.0000000000
14621536542,189993.0000000000
14623830948,190003.0000000000
14626125344,190013.0000000000
14628419735,190023.0000000000
14630714139,190033.0000000000
14633008536,190043.0000000000
14635302926,190053.0000000000
14637597322,190063.0000000000
14639891732,190073.0000000000
14642186105,190083.0000000000
14734695788,190093.0000000000
14738137303,190103.0000000000
14742726035,190113.0000000000
14746167504,190123.0000000000
14750756193,190133.0000000000
14755344883,190143.0000000000
14759933562,190153.0000000000
14764522219,190163.0000000000
14769110916,190173.0000000000
14771405347,190183.0000000000
14774846759,190193.0000000000
14779435373,190203.0000000000
14781729810,190213.0000000000
14785171285,190223.0000000000
14789759984,190233.0000000000
14794348640,190243.0000000000
14797790160,190253.0000000000
14802378832,190263.0000000000
14806967508,190273.0000000000
14811556148,190283.0000000000
14816144824,190293.0000000000
14820733521,190303.0000000000
14823027962,190313.0000000000
14826469398,190323.0000000000
14831058132,190333.0000000000
14835646780,190343.0000000000
14839088254,190353.0000000000
14842529705,190363.0000000000
14847118439,190373.0000000000
14851707114,190383.0000000000
14856295738,190393.0000000000
14858590182,190403.0000000000
14862031723,190413.0000000000
14866620302,190423.0000000000
14870061866,190433.0000000000
14874650445,190443.0000000000
14879239203,190452.0000000000
14883827825,190461.0000000000
14888416561,190470.0000000000
14890710956,190479.0000000000
14894152404,190488.0000000000
14898741084,190497.0000000000
14903329723,190506.0000000000
14906771310,190515.0000000000
14909065728,190524.0000000000
14911360119,190533.0000000000
14913654507,190542.0000000000
14915948931,190551.0000000000
14918243317,190560.0000000000
14920537725,190569.0000000000
14922832131,190578.0000000000
14925126527,190587.0000000000
14927420917,190596.0000000000
14929715302,190605.0000000000
14932009720,190614.0000000000
14934304109,190623.0000000000
14936598505,190632.0000000000
14938892915,190641.0000000000
14941187288,190650.0000000000
14943481699,190659.0000000000
14945776102,190668.0000000000
14948070499,190677.0000000000
14950364889,190686.0000000000
14952659273,190695.0000000000
14954953695,190704.0000000000
14957248080,190713.0000000000
14959542476,190722.0000000000
14961836874,190731.0000000000
15054346482,190740.0000000000
15057788005,190749.0000000000
15062376725,190758.0000000000
15065818203,190767.0000000000
15070406880,190776.0000000000
15074995577,190785.0000000000
15079584245,190794.0000000000
15084172888,190803.0000000000
15088761606,190812.0000000000
15091056035,190821.0000000000
15094497437,190830.0000000000
15099086058,190839.0000000000
15101380485,190848.0000000000
15104821967,190857.0000000000
15109410657,190866.0000000000
15113999321,190875.0000000000
15117440830,190884.0000000000
15122029509,190893.0000000000
15126618162,190902.0000000000
15131206802,190911.0000000000
15135795496,190920.0000000000
15140384181,190929.0000000000
15142678610,190938.0000000000
15146120066,190947.0000000000
15150708777,190956.0000000000
15155297436,190965.0000000000
15158738918,190974.0000000000
15162180345,190983.0000000000
15166769100,190992.0000000000
15171357764,191001.0000000000
15175946394,191010.0000000000
15178240830,191019.0000000000
15181682357,191028.0000000000
15186270948,191037.0000000000
15189712497,191046.0000000000
15194301088,191055.0000000000
15196595485,191064.0000000000
15200037050,191073.0000000000
15204625629,191082.0000000000
15209214398,191091.0000000000
15211508795,191100.0000000000
15214950252,191109.0000000000
15219538916,191118.0000000000
15224127562,191127.0000000000
15227569139,191136.0000000000
15229863570,191145.0000000000
15232157940,191154.0000000000
15234452350,191163.0000000000
15236746767,191172.0000000000
15239041163,191181.0000000000
15241335550,191190.0000000000
15243629922,191199.0000000000
15245924365,191208.0000000000
15248218750,191217.0000000000
15250513147,191226.0000000000
15252807552,191235.0000000000
15255101948,191244.0000000000
15257396338,191253.0000000000
15259690723,191262.0000000000
15261985140,191271.0000000000
15264279530,191280.0000000000
15266573927,191289.0000000000
15268868336,191298.0000000000
15271162709,191307.0000000000
15273457118,191316.0000000000
15275751524,191325.0000000000
15278045921,191334.0000000000
15280340308,191343.0000000000
15282634674,191352.0000000000
15375144247,191361.0000000000
15378585782,191370.0000000000
15383174488,191379.0000000000
15386615964,191388.0000000000
15391204639,191397.0000000000
15395793356,191406.0000000000
15400382015,191415.0000000000
15404970668,191424.0000000000
15409559372,191433.0000000000
15411853813,191442.0000000000
15415295202,191451.0000000000
15419883832,191460.0000000000
15422178235,191469.0000000000
15425619695,191478.0000000000
15430208404,191487.0000000000
15434797088,191496.0000000000
15438238586,191505.0000000000
15442827265,191514.0000000000
15447415914,191523.0000000000
15452004562,191532.0000000000
15456593247,191541.0000000000
15461181919,191550.0000000000
15463476358,191559.0000000000
15466917826,191568.0000000000
15471506522,191577.0000000000
15476095189,191586.0000000000
15479536661,191595.0000000000
15482978094,191604.0000000000
15487566842,191613.0000000000
15492155490,191622.0000000000
15496744139,191631.0000000000
15499038573,191640.0000000000
15502480093,191649.0000000000
15507068689,191658.0000000000
15510510229,191667.0000000000
15515098827,191676.0000000000
15517393218,191685.0000000000
15520834780,191694.0000000000
15525423355,191703.0000000000
15530012132,191712.0000000000
15532306521,191721.0000000000
15535747984,191730.0000000000
15540336638,191739.0000000000
15544925298,191748.0000000000
15548366861,191757.0000000000
15550661276,191766.0000000000
15552955699,191775.0000000000
15555250084,191784.0000000000
15557544483,191793.0000000000
15559838882,191802.0000000000
15562133265,191811.0000000000
15564427675,191820.0000000000
15566722067,191829.0000000000
15569016485,191838.0000000000
15571310875,191847.0000000000
15573605269,191856.0000000000
15575899682,191865.0000000000
15578194054,191874.0000000000
15580488463,191883.0000000000
15582782869,191892.0000000000
15585077266,191901.0000000000
15587371655,191910.0000000000
15589666040,191919.0000000000
15591960463,191928.0000000000
15594254845,191937.0000000000
15596549245,191946.0000000000
15598843655,191955.0000000000
15601138025,191964.0000000000
15603432436,191973.0000000000
15695941933,191982.0000000000
15699383456,191991.0000000000
15703972168,192000.0000000000
15707413635,192009.0000000000
15712002316,192018.0000000000
15716591023,192027.0000000000
15721179670,192036.0000000000
15725768341,192045.0000000000
15730357035,192054.0000000000
15732651463,192063.0000000000
15736092872,192072.0000000000
15740681480,192081.0000000000
15742975903,192090.0000000000
15746417353,192099.0000000000
15751006070,192108.0000000000
15755594745,192117.0000000000
15759036249,192126.0000000000
15763624885,192135.0000000000
15768213556,192144.0000000000
15772802221,192153.0000000000
15777390896,192162.0000000000
15781979576,192171.0000000000
15784274005,192180.0000000000
15787715460,192189.0000000000
15792304168,192198.0000000000
15796892845,192207.0000000000
15800334305,192216.0000000000
15803775743,192225.0000000000
15808364482,192234.0000000000
15812953143,192243.0000000000
15817541776,192252.0000000000
15819836211,192261.0000000000
15823277728,192270.0000000000
15827866336,192279.0000000000
15831307863,192288.0000000000
15835896472,192297.0000000000
15838190844,192306.0000000000
15841632377,192315.0000000000
15846220972,192324.0000000000
15850809769,192333.0000000000
15853104165,192342.0000000000
15856545609,192351.0000000000
15861134252,192360.0000000000
15865722911,192369.0000000000
15869164471,192378.0000000000
15871458897,192387.0000000000
15873753330,192396.0000000000
15876047726,192405.0000000000
15878342115,192414.0000000000
15880636479,192423.0000000000
15882930922,192432.0000000000
15885225295,192441.0000000000
15887519705,192450.0000000000
15889814110,192459.0000000000
15892108508,192468.0000000000
15894402896,192477.0000000000
15896697280,192486.0000000000
15898991699,192495.0000000000
15901286088,192504.0000000000
15903580486,192513.0000000000
15905874897,192522.0000000000
15908169268,192531.0000000000
15910463677,192540.0000000000
15912758084,192549.0000000000
15915052480,192558.0000000000
15917346871,192567.0000000000
15919641235,192576.0000000000
15921935677,192585.0000000000
15924230062,192594.0000000000
16015592316,192603.0000000000
16019033846,192612.0000000000
16023622516,192621.0000000000
16027064022,192630.0000000000
16031652681,192639.0000000000
16036241400,192648.0000000000
16040830041,192657.0000000000
16045418717,192666.0000000000
16050007417,192675.0000000000
16052301835,192684.0000000000
16055743254,192693.0000000000
16060331850,192702.0000000000
16062626241,192711.0000000000
16066067731,192720.0000000000
16070656425,192729.0000000000
16075245112,192738.0000000000
16078686601,192747.0000000000
16083275249,192756.0000000000
16087863928,192765.0000000000
16092452583,192774.0000000000
16097041264,192783.0000000000
16101629903,192792.0000000000
16103924374,192801.0000000000
16107365819,192810.0000000000
16111954533,192819.0000000000
16116543199,192828.0000000000
16119984667,192837.0000000000
16123426096,192846.0000000000
16128014843,192855.0000000000
16132603494,192864.0000000000
16137192114,192873.0000000000
16139486561,192882.0000000000
16142928084,192891.0000000000
16147516685,192900.0000000000
16150958218,192909.0000000000
16155546816,192918.0000000000
16157841228,192927.0000000000
16161282721,192936.0000000000
16165871322,192945.0000000000
16170460111,192954.0000000000
16172754517,192963.0000000000
16176195936,192972.0000000000
16180784599,192981.0000000000
16185373248,192990.0000000000
16188814804,192999.0000000000
16191109241,193008.0000000000
16193403666,193017.0000000000
16195698051,193026.0000000000
16197992469,193035.0000000000
16200286858,193044.0000000000
16202581256,193053.0000000000
16204875666,193062.0000000000
16207170037,193071.0000000000
16209464448,193080.0000000000
16211758853,193089.0000000000
16214053250,193098.0000000000
16216347642,193107.0000000000
16218642004,193116.0000000000
16220936447,193125.0000000000
16223230820,193134.0000000000
16225525231,193143.0000000000
16227819628,193152.0000000000
16230114012,193161.0000000000
16232408423,193170.0000000000
16234702807,193179.0000000000
16236997225,193188.0000000000
16239291613,193197.0000000000
16241586011,193206.0000000000
16243880421,193215.0000000000
16335242617,193224.0000000000
16338684134,193233.0000000000
16343272815,193242.0000000000
16346714308,193251.0000000000
16351302977,193260.0000000000
16355891704,193269.0000000000
16360480337,193278.0000000000
16365069019,193287.0000000000
16369657698,193296.0000000000
16371952134,193305.0000000000
16375393545,193314.0000000000
16379982149,193323.0000000000
16382276538,193332.0000000000
16385718008,193341.0000000000
16390306714,193350.0000000000
16394895406,193359.0000000000
16398336888,193368.0000000000
16402925543,193377.0000000000
16407514213,193386.0000000000
16412102873,193395.0000000000
16416691534,193404.0000000000
16421280184,193413.0000000000
16423574653,193422.0000000000
16427016106,193431.0000000000
16431604812,193440.0000000000
16436193463,193449.0000000000
16439634910,193458.0000000000
16443076380,193467.0000000000
16447665105,193476.0000000000
16452253769,193485.0000000000
16456842395,193494.0000000000
16459136821,193503.0000000000
16462578356,193512.0000000000
16467166943,193521.0000000000
16470608487,193530.0000000000
16475197072,193539.0000000000
16477491495,193548.0000000000
16480932997,193557.0000000000
16485521588,193566.0000000000
16490110364,193575.0000000000
16492404781,193584.0000000000
16495846208,193593.0000000000
16500434863,193602.0000000000
16505023519,193611.0000000000
16508465066,193620.0000000000
16510759511,193629.0000000000
16513053934,193638.0000000000
16515348323,193647.0000000000
16517642696,193656.0000000000
16519937139,193665.0000000000
16522231510,193674.0000000000
16524525923,193683.0000000000
16526820322,193692.0000000000
16529114707,193701.0000000000
16531409116,193710.0000000000
16533703500,193719.0000000000
16535997919,193728.0000000000
16538292310,193737.0000000000
16540586706,193746.0000000000
16542881117,193755.0000000000
16545175489,193764.0000000000
16547469897,193773.0000000000
16549764305,193782.0000000000
16552058703,193791.0000000000
16554353090,193800.0000000000
16556647455,193809.0000000000
16558941899,193818.0000000000
16561236272,193827.0000000000
16563530682,193836.0000000000
16565825078,193845.0000000000
16656040055,193854.0000000000
16659481563,193863.0000000000
16664070250,193872.0000000000
16667511734,193881.0000000000
16672100412,193890.0000000000
16676689116,193899.0000000000
16681277762,193908.0000000000
16685866455,193917.0000000000
16690455120,193926.0000000000
16692749543,193935.0000000000
16696190953,193944.0000000000
16700779577,193953.0000000000
16703073976,193962.0000000000
16706515427,193971.0000000000
16711104119,193980.0000000000
16715692810,193989.0000000000
16719134294,193998.0000000000
16723722945,194007.0000000000
16728311628,194016.0000000000
16732900299,194025.0000000000
16737488946,194034.0000000000
16742077605,194043.0000000000
16744372063,194052.0000000000
16747813517,194061.0000000000
16752402223,194070.0000000000
16756990880,194079.0000000000
16760432318,194088.0000000000
16763873801,194097.0000000000
16768462512,194106.0000000000
16773051183,194115.0000000000
16777639766,194124.0000000000
16779934238,194133.0000000000
16783375761,194142.0000000000
16787964353,194151.0000000000
16791405889,194160.0000000000
16795994482,194169.0000000000
16798288895,194178.0000000000
16801730386,194187.0000000000
16806318987,194196.0000000000
16810907775,194205.0000000000
16813202169,194214.0000000000
16816643573,194223.0000000000
16821232246,194232.0000000000
16825820915,194241.0000000000
16829262462,194250.0000000000
16831556904,194259.0000000000
16833851342,194268.0000000000
16836145713,194277.0000000000
16838440123,194286.0000000000
16840734520,194295.0000000000
16843028937,194304.0000000000
16845323328,194313.0000000000
16847617713,194322.0000000000
16849912135,194331.0000000000
16852206507,194340.0000000000
16854500917,194349.0000000000
16856795322,194358.0000000000
16859089721,194367.0000000000
16861384111,194376.0000000000
16863678496,194385.0000000000
16865972915,194394.0000000000
16868267302,194403.0000000000
16870561701,194412.0000000000
16872856111,194421.0000000000
16875150484,194430.0000000000
16877444894,194439.0000000000
16879739278,194448.0000000000
16882033698,194457.0000000000
16884328086,194466.0000000000
16886622451,194475.0000000000
16976837436,194484.0000000000
16980278931,194493.0000000000
16984867630,194502.0000000000
16988309101,194511.0000000000
16992897792,194520.0000000000
16997486482,194529.0000000000
17002075136,194538.0000000000
17006663807,194547.0000000000
17011252482,194556.0000000000
17013546907,194565.0000000000
17016988323,194574.0000000000
17021576937,194583.0000000000
17023871350,194592.0000000000
17027312787,194601.0000000000
17031901492,194610.0000000000
17036490168,194619.0000000000
17039931665,194628.0000000000
17044520302,194637.0000000000
17049108973,194646.0000000000
17053697643,194655.0000000000
17058286303,194664.0000000000
17062874972,194673.0000000000
17065169405,194682.0000000000
17068610872,194691.0000000000
17073199563,194700.0000000000
17077788241,194709.0000000000
17081229659,194718.0000000000
17084671139,194727.0000000000
17089259862,194736.0000000000
17093848545,194745.0000000000
17098437117,194754.0000000000
17100731573,194763.0000000000
17104173098,194772.0000000000
17108761689,194781.0000000000
17112203224,194790.0000000000
17116791825,194799.0000000000
17119086249,194808.0000000000
17122527731,194817.0000000000
17127116319,194826.0000000000
17131705107,194835.0000000000
17133999525,194844.0000000000
17137440916,194853.0000000000
17142029597,194862.0000000000
17146618255,194871.0000000000
17150059812,194880.0000000000
17152354244,194889.0000000000
17154648650,194898.0000000000
17156943089,194907.0000000000
17159237464,194916.0000000000
17161531875,194925.0000000000
17163826277,194934.0000000000
17166120662,194943.0000000000
17168415072,194952.0000000000
17170709461,194961.0000000000
17173003878,194970.0000000000
17175298269,194979.0000000000
17177592667,194988.0000000000
17179887076,194997.0000000000
17182181448,195006.0000000000
17184475859,195015.0000000000
17186770265,195024.0000000000
17189064661,195033.0000000000
17191359052,195042.0000000000
17193653438,195051.0000000000
17195947856,195060.0000000000
17198242232,195069.0000000000
17200536643,195078.0000000000
17202831054,195087.0000000000
17205125425,195096.0000000000
17207419835,195105.0000000000
17297634723,195114.0000000000
17301076258,195123.0000000000
17305664936,195132.0000000000
17309106407,195141.0000000000
17313695098,195150.0000000000
17318283799,195159.0000000000
17322872464,195168.0000000000
17327461123,195177.0000000000
17332049803,195186.0000000000
17334344222,195195.0000000000
17337785645,195204.0000000000
17342374252,195213.0000000000
17344668636,195222.0000000000
17346963054,195231.0000000000
17351551606,195240.0000000000
17356140268,195249.0000000000
17359581779,195258.0000000000
17364170401,195267.0000000000
17368759074,195276.0000000000
17373347753,195285.0000000000
17377936423,195294.0000000000
17382525081,195303.0000000000
17384819511,195312.0000000000
17388260981,195321.0000000000
17392849679,195330.0000000000
17397438350,195339.0000000000
17400879775,195348.0000000000
17404321246,195357.0000000000
17408909975,195366.0000000000
17413498652,195375.0000000000
17418087211,195384.0000000000
17420381677,195393.0000000000
17423823199,195402.0000000000
17428411792,195411.0000000000
17431853335,195420.0000000000
17436441929,195429.0000000000
17438736339,195438.0000000000
17442177821,195447.0000000000
17446766409,195456.0000000000
17451355208,195465.0000000000
17453649591,195474.0000000000
17457091004,195483.0000000000
17461679685,195492.0000000000
17466268354,195501.0000000000
17469709900,195510.0000000000
17472004351,195519.0000000000
17474298749,195528.0000000000
17476593186,195537.0000000000
17478887598,195546.0000000000
17481181970,195555.0000000000
17483476379,195564.0000000000
17485770787,195573.0000000000
17488065184,195582.0000000000
17490359576,195591.0000000000
17492653961,195600.0000000000
17494948379,195609.0000000000
17497242758,195618.0000000000
17499537172,195627.0000000000
17501831583,195636.0000000000
17504125953,195645.0000000000
17506420365,195654.0000000000
17508714751,195663.0000000000
17511009169,195672.0000000000
17513303558,195681.0000000000
17515597955,195690.0000000000
17517892367,195699.0000000000
17520186738,195708.0000000000
17522481149,195717.0000000000
17524775555,195726.0000000000
17527069953,195735.0000000000
17617284805,195744.0000000000
17620726328,195753.0000000000
17625315019,195762.0000000000
17628756477,195771.0000000000
17633345179,195780.0000000000
17637933887,195789.0000000000
17642522545,195798.0000000000
17647111190,195807.0000000000
17651699871,195816.0000000000
17653994309,195825.0000000000
17657435725,195834.0000000000
17662024340,195843.0000000000
17664318727,195852.0000000000
17666613132,195861.0000000000
17671201671,195870.0000000000
17675790341,195879.0000000000
17679231843,195888.0000000000
17683820474,195897.0000000000
17688409149,195906.0000000000
17692997836,195915.0000000000
17697586499,195924.0000000000
17702175143,195933.0000000000
17704469586,195942.0000000000
17707911063,195951.0000000000
17712499753,195960.0000000000
17717088410,195969.0000000000
17720529848,195978.0000000000
17723971326,195987.0000000000
17728560047,195996.0000000000
17733148712,196005.0000000000
17737737270,196014.0000000000
17740031757,196023.0000000000
17743473270,196032.0000000000
17748061871,196041.0000000000
17751503405,196050.0000000000
17756091986,196059.0000000000
17758386409,196068.0000000000
17761827898,196077.0000000000
17766416477,196086.0000000000
17771005284,196095.0000000000
17773299674,196104.0000000000
17776741060,196113.0000000000
17781329753,196122.0000000000
17785918430,196131.0000000000
17789359968,196140.0000000000
17791654405,196149.0000000000
17793948822,196158.0000000000
17796243241,196167.0000000000
17798537666,196176.0000000000
17800832076,196185.0000000000
17803126446,196194.0000000000
17805420857,196203.0000000000
17807715244,196212.0000000000
17810009663,196221.0000000000
17812304050,196230.0000000000
17814598448,196239.0000000000
17816892859,196248.0000000000
17819187232,196257.0000000000
17821481648,196266.0000000000
17823776020,196275.0000000000
17826070451,196284.0000000000
17828364840,196293.0000000000
17830659225,196302.0000000000
17832953646,196311.0000000000
17835248021,196320.0000000000
17837542431,196329.0000000000
17839836842,196338.0000000000
17842131216,196347.0000000000
17844425625,196356.0000000000
17846720009,196365.0000000000
17936934868,196374.0000000000
17940376384,196383.0000000000
17944965083,196392.0000000000
17948406532,196401.0000000000
17952995242,196410.0000000000
17957583941,196419.0000000000
17962172588,196428.0000000000
17966761232,196437.0000000000
17971349925,196446.0000000000
17973644330,196455.0000000000
17977085766,196464.0000000000
17981674379,196473.0000000000
17983968799,196482.0000000000
17986263176,196491.0000000000
17990851732,196500.0000000000
17995440394,196509.0000000000
17998881902,196518.0000000000
18003470524,196527.0000000000
18008059209,196536.0000000000
18012647854,196545.0000000000
18017236538,196554.0000000000
18021825202,196563.0000000000
18024119624,196572.0000000000
18027561113,196581.0000000000
18032149790,196590.0000000000
18034444200,196599.0000000000
18037885670,196608.0000000000
18041327097,196617.0000000000
18044768562,196626.0000000000
18049357294,196635.0000000000
18053945967,196644.0000000000
18058534518,196653.0000000000
18060829016,196662.0000000000
18064270504,196671.0000000000
18068859131,196680.0000000000
18072300652,196689.0000000000
18076889245,196698.0000000000
18079183643,196707.0000000000
18082625122,196716.0000000000
18087213709,196725.0000000000
18091802531,196734.0000000000
18094096914,196743.0000000000
18097538305,196752.0000000000
18102126987,196761.0000000000
18106715661,196770.0000000000
18110157198,196779.0000000000
18112451650,196788.0000000000
18114746053,196797.0000000000
18117040493,196806.0000000000
18119334910,196815.0000000000
18121629286,196824.0000000000
18123923726,196833.0000000000
18126218104,196842.0000000000
18128512513,196851.0000000000
18130806912,196860.0000000000
18133101297,196869.0000000000
18135395707,196878.0000000000
18137690093,196887.0000000000
18139984511,196896.0000000000
18142278902,196905.0000000000
18144573299,196914.0000000000
18146867710,196923.0000000000
18149162082,196932.0000000000
18151456492,196941.0000000000
18153750879,196950.0000000000
18156045297,196959.0000000000
18158339686,196968.0000000000
18160634050,196977.0000000000
18162928490,196986.0000000000
18165222869,196995.0000000000
18167517278,197004.0000000000
18257732094,197013.0000000000
18261173609,197022.0000000000
18265762309,197031.0000000000
18269203756,197040.0000000000
18273792477,197049.0000000000
18278381179,197058.0000000000
18282969834,197067.0000000000
18287558470,197076.0000000000
18292147149,197085.0000000000
18294441567,197094.0000000000
18297883014,197103.0000000000
18302471616,197112.0000000000
18304766011,197121.0000000000
18307060443,197130.0000000000
18311648936,197139.0000000000
18316237619,197148.0000000000
18319679127,197157.0000000000
18324267749,197166.0000000000
18328856457,197175.0000000000
18333445091,197184.0000000000
18338033782,197193.0000000000
18342622418,197202.0000000000
18344916869,197211.0000000000
18348358349,197220.0000000000
18352947034,197229.0000000000
18355241422,197238.0000000000
18358682893,197247.0000000000
18362124320,197256.0000000000
18365565797,197265.0000000000
18370154517,197274.0000000000
18374743190,197283.0000000000
18379331753,197292.0000000000
18381626231,197301.0000000000
18385067726,197310.0000000000
18389656353,197319.0000000000
18393097875,197328.0000000000
18397686466,197337.0000000000
18399980885,197346.0000000000
18403422355,197355.0000000000
18408010952,197364.0000000000
18412599765,197373.0000000000
18414894177,197382.0000000000
18418335539,197391.0000000000
18422924229,197400.0000000000
18427512896,197409.0000000000
18430954440,197418.0000000000
18433248871,197427.0000000000
18435543287,197436.0000000000
18437837739,197445.0000000000
18440132132,197454.0000000000
18442426542,197463.0000000000
18444720948,197472.0000000000
18447015366,197481.0000000000
18449309756,197490.0000000000
18451604153,197499.0000000000
18453898565,197508.0000000000
18456192937,197517.0000000000
18458487349,197526.0000000000
18460781721,197535.0000000000
18463076131,197544.0000000000
18465370542,197553.0000000000
18467664932,197562.0000000000
18469959350,197571.0000000000
18472253726,197580.0000000000
18474548138,197589.0000000000
18476842549,197598.0000000000
18479136922,197607.0000000000
18481431331,197616.0000000000
18483725716,197625.0000000000
18486020135,197634.0000000000
18488314525,197643.0000000000
18578529327,197652.0000000000
18581970851,197661.0000000000
18586559541,197670.0000000000
18590000997,197679.0000000000
18594589711,197688.0000000000
18599178400,197697.0000000000
18603767041,197706.0000000000
18608355702,197715.0000000000
18612944389,197724.0000000000
18615238788,197733.0000000000
18618680234,197742.0000000000
18623268839,197751.0000000000
18625563246,197760.0000000000
18627857688,197769.0000000000
18632446170,197778.0000000000
18637034860,197787.0000000000
18640476361,197796.0000000000
18645064969,197805.0000000000
18649653678,197814.0000000000
18654242311,197823.0000000000
18658831028,197832.0000000000
18663419652,197841.0000000000
18665714090,197850.0000000000
18669155571,197859.0000000000
18673744257,197868.0000000000
18676038674,197877.0000000000
18679480128,197886.0000000000
18682921562,197895.0000000000
18686363031,197904.0000000000
18690951760,197913.0000000000
18695540423,197922.0000000000
18700128975,197931.0000000000
18702423465,197940.0000000000
18705864972,197949.0000000000
18710453586,197958.0000000000
18713895123,197967.0000000000
18718483700,197976.0000000000
18720778095,197985.0000000000
18723072505,197994.0000000000
18727660974,198003.0000000000
18732249789,198012.0000000000
18734544211,198021.0000000000
18737985583,198030.0000000000
18742574265,198039.0000000000
18747162919,198048.0000000000
18750604476,198057.0000000000
18752898915,198066.0000000000
18755193311,198075.0000000000
18757487774,198084.0000000000
18759782148,198093.0000000000
18762076565,198102.0000000000
18764370984,198111.0000000000
18766665390,198120.0000000000
18768959808,198129.0000000000
18771254187,198138.0000000000
18773548602,198147.0000000000
18775843013,198156.0000000000
18778137385,198165.0000000000
18780431794,198174.0000000000
18782726181,198183.0000000000
18785020599,198192.0000000000
18787314990,198201.0000000000
18789609388,198210.0000000000
18791903792,198219.0000000000
18794198171,198228.0000000000
18796492586,198237.0000000000
18798786959,198246.0000000000
18801081371,198255.0000000000
18803375779,198264.0000000000
18805670165,198273.0000000000
18807964583,198282.0000000000
18898179355,198291.0000000000
18901620869,198300.0000000000
18906209570,198309.0000000000
18909651025,198318.0000000000
18914239739,198327.0000000000
18918828447,198336.0000000000
18923417082,198345.0000000000
18928005751,198354.0000000000
18932594430,198363.0000000000
18934888841,198372.0000000000
18938330275,198381.0000000000
18942918888,198390.0000000000
18945213274,198399.0000000000
18947507729,198408.0000000000
18952096200,198417.0000000000
18956684891,198426.0000000000
18960126391,198435.0000000000
18964714999,198444.0000000000
18969303720,198453.0000000000
18973892362,198462.0000000000
18978481071,198471.0000000000
18983069683,198480.0000000000
18985364134,198489.0000000000
18988805610,198498.0000000000
18993394300,198507.0000000000
18995688705,198516.0000000000
18999130160,198525.0000000000
19002571607,198534.0000000000
19006013083,198543.0000000000
19010601804,198552.0000000000
19015190455,198561.0000000000
19019778994,198570.0000000000
19022073498,198579.0000000000
19025515016,198588.0000000000
19030103618,198597.0000000000
19033545168,198606.0000000000
19038133733,198615.0000000000
19040428144,198624.0000000000
19042722536,198633.0000000000
19047311020,198642.0000000000
19051899844,198651.0000000000
19054194244,198660.0000000000
19057635596,198669.0000000000
19062224299,198678.0000000000
19066812975,198687.0000000000
19070254511,198696.0000000000
19072548962,198705.0000000000
19074843373,198714.0000000000
19077137808,198723.0000000000
19079432219,198732.0000000000
19081726606,198741.0000000000
19084021040,198750.0000000000
19086315439,198759.0000000000
19088609855,198768.0000000000
19090904261,198777.0000000000
19093198640,198786.0000000000
19095493062,198795.0000000000
19097787437,198804.0000000000
19100081845,198813.0000000000
19102376254,198822.0000000000
19104670641,198831.0000000000
19106965060,198840.0000000000
19109259439,198849.0000000000
19111553849,198858.0000000000
19113848257,198867.0000000000
19116142632,198876.0000000000
19118437042,198885.0000000000
19120731429,198894.0000000000
19123025848,198903.0000000000
19125320237,198912.0000000000
19127614637,198921.0000000000
19217829419,198930.0000000000
19221270912,198939.0000000000
19225859635,198948.0000000000
19229301082,198957.0000000000
19233889803,198966.0000000000
19238478505,198975.0000000000
19243067128,198984.0000000000
19247655796,198993.0000000000
19252244476,199002.0000000000
19254538901,199011.0000000000
19257980341,199020.0000000000
19262568949,199029.0000000000
19264863358,199038.0000000000
19267157775,199047.0000000000
19271746235,199056.0000000000
19276334952,199065.0000000000
19279776428,199074.0000000000
19284365059,199083.0000000000
19288953790,199092.0000000000
19293542423,199101.0000000000
19298131119,199110.0000000000
19302719735,199119.0000000000
19305014206,199128.0000000000
19308455674,199137.0000000000
19313044373,199146.0000000000
19315338766,199155.0000000000
19318780199,199164.0000000000
19322221659,199173.0000000000
19325663135,199182.0000000000
19330251856,199191.0000000000
19334840527,199200.0000000000
19339429059,199209.0000000000
19341723551,199218.0000000000
19345165070,199227.0000000000
19349753658,199236.0000000000
19353195224,199245.0000000000
19357783774,199254.0000000000
19360078198,199263.0000000000
19362372608,199272.0000000000
19366961097,199281.0000000000
19371549912,199290.0000000000
19373844321,199299.0000000000
19377285652,199308.0000000000
19381874375,199317.0000000000
19386463044,199326.0000000000
19389904589,199335.0000000000
19392199018,199344.0000000000
19394493442,199353.0000000000
19396787853,199362.0000000000
19399082264,199371.0000000000
19401376674,199380.0000000000
19403671060,199389.0000000000
19405965480,199398.0000000000
19408259857,199407.0000000000
19410554267,199416.0000000000
19412848678,199425.0000000000
19415143051,199434.0000000000
19417437462,199443.0000000000
19419731848,199452.0000000000
19422026266,199461.0000000000
19424320657,199470.0000000000
19426615053,199479.0000000000
19428909461,199488.0000000000
19431203840,199497.0000000000
19433498248,199506.0000000000
19435792622,199515.0000000000
19438087032,199524.0000000000
19440381444,199533.0000000000
19442675831,199542.0000000000
19444970249,199551.0000000000
19447264626,199560.0000000000
19449559035,199569.0000000000
19538626680,199578.0000000000
19542068183,199587.0000000000
19546656906,199596.0000000000
19550098351,199605.0000000000
19554687075,199614.0000000000
19559275778,199623.0000000000
19563864424,199632.0000000000
19568453081,199641.0000000000
19573041750,199650.0000000000
19575336187,199659.0000000000
19578777603,199668.0000000000
19583366237,199677.0000000000
19585660634,199686.0000000000
19587955071,199695.0000000000
19592543523,199704.0000000000
19597132228,199713.0000000000
19600573716,199722.0000000000
19605162336,199731.0000000000
19609751055,199740.0000000000
19614339714,199749.0000000000
19618928418,199758.0000000000
19623517027,199767.0000000000
19625811489,199776.0000000000
19629252953,199785.0000000000
19633841677,199794.0000000000
19636136052,199803.0000000000
19639577492,199812.0000000000
19643018961,199821.0000000000
19646460429,199830.0000000000
19651049138,199839.0000000000
19655637801,199848.0000000000
19660226342,199857.0000000000
19662520848,199866.0000000000
19665962373,199875.0000000000
19670550955,199884.0000000000
19673992528,199893.0000000000
19678581072,199902.0000000000
19680875508,199911.0000000000
19683169895,199920.0000000000
19687758371,199929.0000000000
19692347211,199938.0000000000
19694641588,199947.0000000000
19698082939,199956.0000000000
19702671663,199965.0000000000
19707260332,199974.0000000000
19710701878,199983.0000000000
19712996327,199992.0000000000
19715290732,200001.0000000000
19717585156,200010.0000000000
19719879579,200019.0000000000
19722173966,200028.0000000000
19724468376,200037.0000000000
19726762758,200046.0000000000
19729057168,200055.0000000000
19731351579,200064.0000000000
19733645949,200073.0000000000
19735940389,200082.0000000000
19738234767,200091.0000000000
19740529177,200100.0000000000
19742823587,200109.0000000000
19745117962,200118.0000000000
19747412373,200127.0000000000
19749706758,200136.0000000000
19752001177,200145.0000000000
19754295554,200154.0000000000
19756589966,200163.0000000000
19758884372,200172.0000000000
19761178750,200181.0000000000
19763473161,200190.0000000000
19765767533,200199.0000000000
19768061944,200208.0000000000
19770356354,200217.0000000000
19859424001,200226.0000000000
19862865518,200235.0000000000
19867454228,200244.0000000000
19870895682,200253.0000000000
19875484399,200262.0000000000
19880073089,200271.0000000000
19884661736,200280.0000000000
19889250394,200289.0000000000
19893839089,200298.0000000000
19896133500,200307.0000000000
19899574929,200316.0000000000
19904163551,200325.0000000000
19906457962,200334.0000000000
19908752373,200343.0000000000
19913340850,200352.0000000000
19917929565,200361.0000000000
19921371045,200370.0000000000
19925959674,200379.0000000000
19930548386,200388.0000000000
19935137034,200397.0000000000
19939725738,200406.0000000000
19944314360,200415.0000000000
19946608822,200424.0000000000
19950050273,200433.0000000000
19954638991,200442.0000000000
19956933418,200451.0000000000
19960374828,200460.0000000000
19963816288,200469.0000000000
19967257752,200478.0000000000
19971846487,200487.0000000000
19976435139,200496.0000000000
19981023688,200505.0000000000
19983318187,200514.0000000000
19986759686,200523.0000000000
19991348294,200532.0000000000
19994789843,200541.0000000000
19999378413,200550.0000000000
20001672838,200559.0000000000
20003967256,200568.0000000000
20008555713,200577.0000000000
20013144543,200586.0000000000
20015438952,200595.0000000000
20018880292,200604.0000000000
20023469008,200613.0000000000
20028057664,200622.0000000000
20031499224,200631.0000000000
20033793647,200640.0000000000
20036088067,200649.0000000000
20038382502,200658.0000000000
20040676915,200667.0000000000
20042971335,200676.0000000000
20045265711,200685.0000000000
20047560123,200694.0000000000
20049854533,200703.0000000000
20052148916,200712.0000000000
20054443327,200721.0000000000
20056737714,200730.0000000000
20059032124,200739.0000000000
20061326535,200748.0000000000
20063620913,200757.0000000000
20065915341,200766.0000000000
20068209718,200775.0000000000
20070504130,200784.0000000000
20072798506,200793.0000000000
20075092913,200802.0000000000
20077387323,200811.0000000000
20079681710,200820.0000000000
20081976129,200829.0000000000
20084270508,200838.0000000000
20086564917,200847.0000000000
20088859329,200856.0000000000
20091153701,200865.0000000000
20179074160,200874.0000000000
20182515688,200883.0000000000
20187104388,200892.0000000000
20190545855,200901.0000000000
20195134560,200910.0000000000
20199723251,200919.0000000000
20204311898,200928.0000000000
20208900579,200937.0000000000
20213489266,200946.0000000000
20215783650,200955.0000000000
20219225095,200964.0000000000
20223813717,200973.0000000000
20226108129,200982.0000000000
20228402552,200991.0000000000
20232991039,201000.0000000000
20237579746,201009.0000000000
20241021235,201018.0000000000
20245609857,201027.0000000000
20250198558,201036.0000000000
20254787194,201045.0000000000
20259375923,201054.0000000000
20263964554,201063.0000000000
20266258995,201072.0000000000
20269700447,201081.0000000000
20274289166,201090.0000000000
20276583605,201099.0000000000
20280025026,201108.0000000000
20283466477,201117.0000000000
20286907951,201126.0000000000
20291496677,201135.0000000000
20296085318,201144.0000000000
20300673869,201153.0000000000
20302968389,201162.0000000000
20306409879,201171.0000000000
20310998498,201180.0000000000
20314440038,201189.0000000000
20319028597,201198.0000000000
20321323033,201207.0000000000
20323617453,201216.0000000000
20328205899,201225.0000000000
20332794718,201234.0000000000
20335089139,201243.0000000000
20338530493,201252.0000000000
20343119197,201261.0000000000
20347707852,201270.0000000000
20351149413,201279.0000000000
20353443849,201288.0000000000
20355738244,201297.0000000000
20358032694,201306.0000000000
20360327119,201315.0000000000
20362621519,201324.0000000000
20364915945,201333.0000000000
20367210323,201342.0000000000
20369504737,201351.0000000000
20371799118,201360.0000000000
20374093523,201369.0000000000
20376387934,201378.0000000000
20378682319,201387.0000000000
20380976751,201396.0000000000
20383271128,201405.0000000000
20385565549,201414.0000000000
20387859961,201423.0000000000
20390154333,201432.0000000000
20392448745,201441.0000000000
20394743118,201450.0000000000
20397037530,201459.0000000000
20399331940,201468.0000000000
20401626321,201477.0000000000
20403920749,201486.0000000000
20406215124,201495.0000000000
20408509541,201504.0000000000
20410803932,201513.0000000000
20498724366,201522.0000000000
20502165908,201531.0000000000
20506754596,201540.0000000000
20510196076,201549.0000000000
20514784769,201558.0000000000
20519373486,201567.0000000000
20523962142,201576.0000000000
20528550816,201585.0000000000
20533139492,201594.0000000000
20535433901,201603.0000000000
20538875343,201612.0000000000
20543463957,201621.0000000000
20545758343,201630.0000000000
20548052780,201639.0000000000
20552641260,201648.0000000000
20557229977,201657.0000000000
20560671467,201666.0000000000
20565260090,201675.0000000000
20569848811,201684.0000000000
20574437441,201693.0000000000
20579026159,201702.0000000000
20583614802,201711.0000000000
20585909253,201720.0000000000
20589350696,201729.0000000000
20593939425,201738.0000000000
20596233844,201747.0000000000
20599675264,201756.0000000000
20603116717,201765.0000000000
20606558203,201774.0000000000
20611146920,201783.0000000000
20615735550,201792.0000000000
20620324126,201801.0000000000
20622618646,201810.0000000000
20626060125,201819.0000000000
20630648724,201828.0000000000
20634090286,201837.0000000000
20638678845,201846.0000000000
20640973303,201855.0000000000
20643267702,201864.0000000000
20647856169,201873.0000000000
20652444980,201882.0000000000
20654739377,201891.0000000000
20658180745,201900.0000000000
20662769437,201909.0000000000
20667358119,201918.0000000000
20670799669,201927.0000000000
20673094104,201936.0000000000
20675388516,201945.0000000000
20677682952,201954.0000000000
20679977396,201963.0000000000
20682271778,201972.0000000000
20684566216,201981.0000000000
20686860627,201990.0000000000
20689155000,201999.0000000000
20691449410,202008.0000000000
20693743784,202017.0000000000
20696038197,202026.0000000000
20698332607,202035.0000000000
20700627006,202044.0000000000
20702921433,202053.0000000000
20705215812,202062.0000000000
20707510238,202071.0000000000
20709804626,202080.0000000000
20712099022,202089.0000000000
20714393433,202098.0000000000
20716687818,202107.0000000000
20718982238,202116.0000000000
20721276616,202125.0000000000
20723571027,202134.0000000000
20725865435,202143.0000000000
20728159812,202152.0000000000
20730454224,202161.0000000000
20732748597,202170.0000000000
20819521866,202179.0000000000
20822963418,202188.0000000000
20827552098,202197.0000000000
20830993589,202206.0000000000
20835582275,202215.0000000000
20840170979,202224.0000000000
20844759624,202233.0000000000
20849348324,202242.0000000000
20853937010,202251.0000000000
20856231399,202260.0000000000
20859672841,202269.0000000000
20864261457,202278.0000000000
20866555869,202287.0000000000
20868850305,202296.0000000000
20873438774,202305.0000000000
20878027480,202314.0000000000
20881468982,202323.0000000000
20886057595,202332.0000000000
20890646309,202341.0000000000
20895234949,202350.0000000000
20899823672,202359.0000000000
20904412323,202368.0000000000
20906706761,202377.0000000000
20910148208,202386.0000000000
20914736925,202395.0000000000
20917031356,202404.0000000000
20920472790,202413.0000000000
20923914251,202422.0000000000
20927355731,202431.0000000000
20931944458,202440.0000000000
20936533080,202449.0000000000
20941121645,202458.0000000000
20943416177,202467.0000000000
20946857670,202476.0000000000
20951446259,202485.0000000000
20954887828,202494.0000000000
20959476381,202503.0000000000
20961770813,202512.0000000000
20964065227,202521.0000000000
20968653695,202530.0000000000
20973242505,202539.0000000000
20975536918,202548.0000000000
20978978293,202557.0000000000
20983566978,202566.0000000000
20988155650,202575.0000000000
20991597212,202584.0000000000
20993891656,202593.0000000000
20996186049,202602.0000000000
20998480497,202611.0000000000
21000774917,202620.0000000000
21003069330,202629.0000000000
21005363763,202638.0000000000
21007658162,202647.0000000000
21009952581,202656.0000000000
21012246959,202665.0000000000
21014541371,202674.0000000000
21016835761,202683.0000000000
21019130155,202692.0000000000
21021424567,202701.0000000000
21023718960,202710.0000000000
21026013371,202719.0000000000
21028307779,202728.0000000000
21030602190,202737.0000000000
21032896598,202746.0000000000
21035190976,202755.0000000000
21037485387,202764.0000000000
21039779769,202773.0000000000
21042074181,202782.0000000000
21044368591,202791.0000000000
21046662981,202800.0000000000
21048957400,202809.0000000000
21051251778,202818.0000000000
21053546188,202827.0000000000
21140319438,202836.0000000000
21143760977,202845.0000000000
21148349683,202854.0000000000
21151791150,202863.0000000000
21156379862,202872.0000000000
21160968576,202881.0000000000
21165557213,202890.0000000000
21170145903,202899.0000000000
21174734578,202908.0000000000
21177028989,202917.0000000000
21180470434,202926.0000000000
21185059039,202935.0000000000
21187353465,202944.0000000000
21189647881,202953.0000000000
21194236361,202962.0000000000
21198825072,202971.0000000000
21202266570,202980.0000000000
21206855206,202989.0000000000
21211443912,202998.0000000000
21216032541,203007.0000000000
21220621258,203016.0000000000
21225209918,203025.0000000000
21227504369,203034.0000000000
21230945825,203043.0000000000
21235534535,203052.0000000000
21237828958,203061.0000000000
21241270388,203070.0000000000
21244711841,203079.0000000000
21248153332,203088.0000000000
21252742048,203097.0000000000
21257330684,203106.0000000000
21261919271,203115.0000000000
21264213782,203124.0000000000
21267655276,203133.0000000000
21272243867,203142.0000000000
21275685437,203151.0000000000
21280273990,203160.0000000000
21282568436,203169.0000000000
21284862858,203178.0000000000
21289451318,203187.0000000000
21294040119,203196.0000000000
21296334531,203205.0000000000
21299775897,203214.0000000000
21304364607,203223.0000000000
21308953288,203232.0000000000
21312394845,203241.0000000000
21314689276,203250.0000000000
21316983696,203259.0000000000
21319278118,203268.0000000000
21321572550,203277.0000000000
21323866974,203286.0000000000
21326161385,203295.0000000000
21328455798,203304.0000000000
21330750193,203313.0000000000
21333044603,203322.0000000000
21335339016,203331.0000000000
21337633394,203340.0000000000
21339927821,203349.0000000000
21342222199,203358.0000000000
21344516609,203367.0000000000
21346811003,203376.0000000000
21349105409,203385.0000000000
21351399832,203394.0000000000
21353694230,203403.0000000000
21355988650,203412.0000000000
21358283027,203421.0000000000
21360577439,203430.0000000000
21362871844,203439.0000000000
21365166227,203448.0000000000
21367460637,203457.0000000000
21369755024,203466.0000000000
21372049435,203475.0000000000
21374343847,203484.0000000000
21461117102,203493.0000000000
21464558654,203502.0000000000
21469147348,203511.0000000000
21472588829,203520.0000000000
21476030330,203529.0000000000
21480619060,203538.0000000000
21485207686,203547.0000000000
21489796376,203556.0000000000
21494385064,203565.0000000000
21496679464,203574.0000000000
21500120910,203583.0000000000
21504709505,203592.0000000000
21507003943,203601.0000000000
21509298360,203610.0000000000
21513886861,203619.0000000000
21518475567,203628.0000000000
21521917074,203637.0000000000
21526505703,203646.0000000000
21531094398,203655.0000000000
21535683029,203664.0000000000
21540271748,203673.0000000000
21544860430,203682.0000000000
21547154861,203691.0000000000
21550596330,203700.0000000000
21555185030,203709.0000000000
21557479464,203718.0000000000
21560920905,203727.0000000000
21564362350,203736.0000000000
21567803830,203745.0000000000
21572392559,203754.0000000000
21576981205,203763.0000000000
21581569786,203772.0000000000
21583864305,203781.0000000000
21587305781,203790.0000000000
21591894393,203799.0000000000
21595335944,203808.0000000000
21599924520,203817.0000000000
21602218945,203826.0000000000
21604513381,203835.0000000000
21609101829,203844.0000000000
21613690631,203853.0000000000
21615985065,203862.0000000000
21619426423,203871.0000000000
21624015123,203880.0000000000
21628603819,203889.0000000000
21632045364,203898.0000000000
21634339795,203907.0000000000
21636634208,203916.0000000000
21638928661,203925.0000000000
21641223072,203934.0000000000
21643517509,203943.0000000000
21645811908,203952.0000000000
21648106322,203961.0000000000
21650400734,203970.0000000000
21652695129,203979.0000000000
21654989564,203988.0000000000
21657283941,203997.0000000000
21659578362,204006.0000000000
21661872768,204015.0000000000
21664167147,204024.0000000000
21666461558,204033.0000000000
21668755932,204042.0000000000
21671050364,204051.0000000000
21673344762,204060.0000000000
21675639176,204069.0000000000
21677933603,204078.0000000000
21680227980,204087.0000000000
21682522392,204096.0000000000
21684816783,204105.0000000000
21687111176,204114.0000000000
21689405588,204123.0000000000
21691699962,204132.0000000000
21693994407,204141.0000000000
21780767656,204150.0000000000
21784209223,204159.0000000000
21788797918,204168.0000000000
21792239400,204177.0000000000
21795680905,204186.0000000000
21800269636,204195.0000000000
21804858262,204204.0000000000
21809446966,204213.0000000000
21814035645,204222.0000000000
21816330044,204231.0000000000
21819771480,204240.0000000000
21824360100,204249.0000000000
21826654539,204258.0000000000
21828948964,204267.0000000000
21833537460,204276.0000000000
21838126155,204285.0000000000
21841567676,204294.0000000000
21846156293,204303.0000000000
21850744977,204312.0000000000
21855333622,204321.0000000000
21859922363,204330.0000000000
21864511039,204339.0000000000
21866805457,204348.0000000000
21870246930,204357.0000000000
21874835630,204366.0000000000
21877130067,204375.0000000000
21880571519,204384.0000000000
21884012955,204393.0000000000
21887454447,204402.0000000000
21892043165,204411.0000000000
21896631805,204420.0000000000
21901220396,204429.0000000000
21903514928,204438.0000000000
21906956413,204447.0000000000
21911545018,204456.0000000000
21914986580,204465.0000000000
21919575149,204474.0000000000
21921869584,204483.0000000000
21924163999,204492.0000000000
21928752435,204501.0000000000
21933341253,204510.0000000000
21935635679,204519.0000000000
21939077047,204528.0000000000
21943665748,204537.0000000000
21948254444,204546.0000000000
21951695980,204555.0000000000
21953990446,204564.0000000000
21956284837,204573.0000000000
21958579304,204582.0000000000
21960873724,204591.0000000000
21963168140,204600.0000000000
21965462553,204609.0000000000
21967756944,204618.0000000000
21970051368,204627.0000000000
21972345767,204636.0000000000
21974640191,204645.0000000000
21976934619,204654.0000000000
21979228999,204663.0000000000
21981523419,204672.0000000000
21983817810,204681.0000000000
21986112203,204690.0000000000
21988406616,204699.0000000000
21990700994,204708.0000000000
21992995404,204717.0000000000
21995289820,204726.0000000000
21997584260,204735.0000000000
21999878667,204744.0000000000
22002173045,204753.0000000000
22004467457,204762.0000000000
22006761829,204771.0000000000
22009056241,204780.0000000000
22011350639,204789.0000000000
22013645049,204798.0000000000
22100418350,204807.0000000000
22103859907,204816.0000000000
22108448617,204825.0000000000
22111890108,204834.0000000000
22115331594,204843.0000000000
22119920346,204852.0000000000
22124508968,204861.0000000000
22129097660,204870.0000000000
22133686340,204879.0000000000
22135980761,204888.0000000000
22139422189,204897.0000000000
22141716564,204906.0000000000
22145157999,204915.0000000000
22147452452,204924.0000000000
22149746852,204933.0000000000
22154335362,204942.0000000000
22158924080,204951.0000000000
22162365595,204960.0000000000
22166954222,204969.0000000000
22171542897,204978.0000000000
22176131533,204987.0000000000
22180720264,204996.0000000000
22185308953,205005.0000000000
22187603385,205014.0000000000
22191044847,205023.0000000000
22195633538,205032.0000000000
22197928007,205041.0000000000
22201369452,205050.0000000000
22204810882,205059.0000000000
22208252370,205068.0000000000
22212841090,205077.0000000000
22217429744,205086.0000000000
22222018324,205095.0000000000
22224312857,205104.0000000000
22227754330,205113.0000000000
22232342950,205122.0000000000
22235784500,205131.0000000000
22240373096,205140.0000000000
22242667521,205149.0000000000
22244961957,205158.0000000000
22249550387,205167.0000000000
22254139194,205176.0000000000
22256433633,205185.0000000000
22259875009,205194.0000000000
22264463705,205203.0000000000
22269052391,205212.0000000000
22272493939,205221.0000000000
22274788395,205230.0000000000
22277082794,205239.0000000000
22279377266,205248.0000000000
22281671676,205257.0000000000
22283966112,205266.0000000000
22286260506,205275.0000000000
22288554918,205284.0000000000
22290849323,205293.0000000000
22293143723,205302.0000000000
22295438160,205311.0000000000
22297732564,205320.0000000000
22300026976,205329.0000000000
22302321379,205338.0000000000
22304615789,205347.0000000000
22306910197,205356.0000000000
22309204578,205365.0000000000
22311498989,205374.0000000000
22313793377,205383.0000000000
22316087786,205392.0000000000
22318382239,205401.0000000000
22320676634,205410.0000000000
22322971054,205419.0000000000
22325265433,205428.0000000000
22327559843,205437.0000000000
22329854231,205446.0000000000
22332148629,205455.0000000000
22334443040,205464.0000000000
22421216358,205473.0000000000
22424657928,205482.0000000000
22429246626,205491.0000000000
22432688108,205500.0000000000
22436129608,205509.0000000000
22440718348,205518.0000000000
22445306987,205527.0000000000
22449895701,205536.0000000000
22454484373,205545.0000000000
22456778770,205554.0000000000
22460220212,205563.0000000000
22462514623,205572.0000000000
22465956046,205581.0000000000
22468250479,205590.0000000000
22470544892,205599.0000000000
22475133393,205608.0000000000
22479722098,205617.0000000000
22483163628,205626.0000000000
22487752245,205635.0000000000
22492340934,205644.0000000000
22496929593,205653.0000000000
22501518318,205662.0000000000
22506106995,205671.0000000000
22508401441,205680.0000000000
22511842891,205689.0000000000
22516431598,205698.0000000000
22518726043,205707.0000000000
22522167502,205716.0000000000
22525608945,205725.0000000000
22529050422,205734.0000000000
22533639135,205743.0000000000
22538227799,205752.0000000000
22542816387,205761.0000000000
22545110916,205770.0000000000
22548552404,205779.0000000000
22553141012,205788.0000000000
22556582576,205797.0000000000
22561171163,205806.0000000000
22563465599,205815.0000000000
22565760011,205824.0000000000
22570348457,205833.0000000000
22574937287,205842.0000000000
22577231706,205851.0000000000
22580673084,205860.0000000000
22585261780,205869.0000000000
22589850469,205878.0000000000
22593292019,205887.0000000000
22595586487,205896.0000000000
22597880898,205905.0000000000
22600175348,205914.0000000000
22602469771,205923.0000000000
22604764185,205932.0000000000
22607058595,205941.0000000000
22609353004,205950.0000000000
22611647403,205959.0000000000
22613941831,205968.0000000000
22616236249,205977.0000000000
22618530668,205986.0000000000
22620825065,205995.0000000000
22623119471,206004.0000000000
22625413896,206013.0000000000
22627708279,206022.0000000000
22630002690,206031.0000000000
22632297090,206040.0000000000
22634591501,206049.0000000000
22636885908,206058.0000000000
22639180338,206067.0000000000
22641474750,206076.0000000000
22643769144,206085.0000000000
22646063554,206094.0000000000
22648357953,206103.0000000000
22650652365,206112.0000000000
22652946771,206121.0000000000
22655241151,206130.0000000000
22742014503,206139.0000000000
22745456085,206148.0000000000
22750044773,206157.0000000000
22753486271,206166.0000000000
22756927780,206175.0000000000
22761516513,206184.0000000000
22766105142,206193.0000000000
22770693844,206202.0000000000
22775282532,206211.0000000000
22777576943,206220.0000000000
22781018374,206229.0000000000
22783312785,206238.0000000000
22786754198,206247.0000000000
22789048644,206256.0000000000
22791343059,206265.0000000000
22795931583,206274.0000000000
22800520283,206283.0000000000
22803961820,206292.0000000000
22807403233,206301.0000000000
22811991912,206310.0000000000
22816580584,206319.0000000000
22821169299,206328.0000000000
22825757967,206337.0000000000
22828052425,206346.0000000000
22831493890,206355.0000000000
22836082586,206364.0000000000
22838377045,206373.0000000000
22841818491,206382.0000000000
22845259938,206391.0000000000
22848701401,206400.0000000000
22853290129,206409.0000000000
22857878797,206418.0000000000
22862467398,206427.0000000000
22864761904,206436.0000000000
22868203406,206445.0000000000
22872792017,206454.0000000000
22876233583,206463.0000000000
22880822171,206472.0000000000
22883116609,206481.0000000000
22885411034,206490.0000000000
22889999470,206499.0000000000
22894588314,206508.0000000000
22896882743,206517.0000000000
22900324100,206526.0000000000
22904912821,206535.0000000000
22909501502,206544.0000000000
22912943062,206553.0000000000
22915237511,206562.0000000000
22917531934,206571.0000000000
22919826372,206580.0000000000
22922120798,206589.0000000000
22924415225,206598.0000000000
22926709612,206607.0000000000
22929004034,206616.0000000000
22931298433,206625.0000000000
22933592875,206634.0000000000
22935887303,206643.0000000000
22938181703,206652.0000000000
22940476114,206661.0000000000
22942770494,206670.0000000000
22945064933,206679.0000000000
22947359334,206688.0000000000
22949653745,206697.0000000000
22951948152,206706.0000000000
22954242544,206715.0000000000
22956536964,206724.0000000000
22958831381,206733.0000000000
22961125796,206742.0000000000
22963420207,206751.0000000000
22965714589,206760.0000000000
22968009002,206769.0000000000
22970303415,206778.0000000000
22972597834,206787.0000000000
22974892240,206796.0000000000
23061665608,206805.0000000000
23065107180,206814.0000000000
23069695856,206823.0000000000
23073137368,206832.0000000000
23076578892,206841.0000000000
23081167615,206850.0000000000
23085756235,206859.0000000000
23090344950,206868.0000000000
23094933662,206877.0000000000
23097228053,206886.0000000000
23100669473,206895.0000000000
23102963917,206904.0000000000
23106405324,206913.0000000000
23108699747,206922.0000000000
23110994176,206931.0000000000
23115582713,206940.0000000000
23120171404,206949.0000000000
23123612955,206958.0000000000
23127054357,206967.0000000000
23131643030,206976.0000000000
23136231712,206985.0000000000
23140820430,206994.0000000000
23145409113,207003.0000000000
23147703547,207012.0000000000
23151145026,207021.0000000000
23155733711,207030.0000000000
23158028184,207039.0000000000
23161469644,207048.0000000000
23164911101,207057.0000000000
23168352545,207066.0000000000
23172941297,207075.0000000000
23177529958,207084.0000000000
23182118549,207093.0000000000
23184413069,207102.0000000000
23187854560,207111.0000000000
23192443184,207120.0000000000
23195884739,207129.0000000000
23200473345,207138.0000000000
23202767757,207147.0000000000
23205062196,207156.0000000000
23209650627,207165.0000000000
23214239481,207174.0000000000
23216533923,207183.0000000000
23219975270,207192.0000000000
23224564005,207201.0000000000
23229152675,207210.0000000000
23232594252,207219.0000000000
23234888686,207228.0000000000
23237183112,207237.0000000000
23239477565,207246.0000000000
23241771966,207255.0000000000
23244066407,207264.0000000000
23246360807,207273.0000000000
23248655230,207282.0000000000
23250949638,207291.0000000000
23253244062,207300.0000000000
23255538502,207309.0000000000
23257832891,207318.0000000000
23260127303,207327.0000000000
23262421714,207336.0000000000
23264716112,207345.0000000000
23267010528,207354.0000000000
23269304939,207363.0000000000
23271599360,207372.0000000000
23273893767,207381.0000000000
23276188162,207390.0000000000
23278482594,207399.0000000000
23280776983,207408.0000000000
23283071408,207417.0000000000
23285365808,207426.0000000000
23287660218,207435.0000000000
23289954640,207444.0000000000
23292249041,207453.0000000000
23294543458,207462.0000000000
23381316859,207471.0000000000
23384758421,207480.0000000000
23389347111,207489.0000000000
23392788625,207498.0000000000
23396230151,207507.0000000000
23400818876,207516.0000000000
23405407512,207525.0000000000
23409996216,207534.0000000000
23414584942,207543.0000000000
23416879329,207552.0000000000
23420320743,207561.0000000000
23422615201,207570.0000000000
23426056597,207579.0000000000
23428351022,207588.0000000000
23430645445,207597.0000000000
23435233991,207606.0000000000
23439822685,207615.0000000000
23443264237,207624.0000000000
23446705628,207633.0000000000
23451294318,207642.0000000000
23455883001,207651.0000000000
23460471733,207660.0000000000
23465060405,207669.0000000000
23467354805,207678.0000000000
23469649198,207687.0000000000
23471943625,207696.0000000000
23476532222,207705.0000000000
23478826684,207714.0000000000
23482268146,207723.0000000000
23485709590,207732.0000000000
23489151050,207741.0000000000
23493739792,207750.0000000000
23498328468,207759.0000000000
23502917084,207768.0000000000
23505211582,207777.0000000000
23508653089,207786.0000000000
23513241701,207795.0000000000
23516683247,207804.0000000000
23521271867,207813.0000000000
23523566293,207822.0000000000
23525860720,207831.0000000000
23530449167,207840.0000000000
23535038012,207849.0000000000
23537332454,207858.0000000000
23540773789,207867.0000000000
23545362539,207876.0000000000
23549951235,207885.0000000000
23553392804,207894.0000000000
23555687214,207903.0000000000
23557981653,207912.0000000000
23560276107,207921.0000000000
23562570523,207930.0000000000
23564864952,207939.0000000000
23567159354,207948.0000000000
23569453791,207957.0000000000
23571748175,207966.0000000000
23574042612,207975.0000000000
23576337055,207984.0000000000
23578631445,207993.0000000000
23580925879,208002.0000000000
23583220270,208011.0000000000
23585514680,208020.0000000000
23587809085,208029.0000000000
23590103498,208038.0000000000
23592397933,208047.0000000000
23594692317,208056.0000000000
23596986728,208065.0000000000
23599281157,208074.0000000000
23601575570,208083.0000000000
23603869974,208092.0000000000
23606164375,208101.0000000000
23608458799,208110.0000000000
23610753197,208119.0000000000
23613047612,208128.0000000000
23615342031,208137.0000000000
23702115479,208146.0000000000
23705557054,208155.0000000000
23710145735,208164.0000000000
23713587263,208173.0000000000
23717028779,208182.0000000000
23721617519,208191.0000000000
23726206144,208200.0000000000
23730794851,208209.0000000000
23735383579,208218.0000000000
23737677966,208227.0000000000
23741119384,208236.0000000000
23743413855,208245.0000000000
23746855241,208254.0000000000
23749149667,208263.0000000000
23751444105,208272.0000000000
23756032640,208281.0000000000
23760621329,208290.0000000000
23764062891,208299.0000000000
23767504295,208308.0000000000
23772092976,208317.0000000000
23776681650,208326.0000000000
23781270395,208335.0000000000
23785859070,208344.0000000000
23788153472,208353.0000000000
23790447883,208362.0000000000
23792742282,208371.0000000000
23797330893,208380.0000000000
23799625348,208389.0000000000
23803066821,208398.0000000000
23806508279,208407.0000000000
23809949749,208416.0000000000
23814538485,208425.0000000000
23819127152,208434.0000000000
23823715758,208443.0000000000
23826010269,208452.0000000000
23829451791,208461.0000000000
23834040393,208470.0000000000
23837481953,208479.0000000000
23842070562,208488.0000000000
23844364990,208497.0000000000
23846659419,208506.0000000000
23851247868,208515.0000000000
23855836716,208524.0000000000
23858131161,208533.0000000000
23861572509,208542.0000000000
23866161249,208551.0000000000
23870749935,208560.0000000000
23874191519,208569.0000000000
23876485943,208578.0000000000
23878780371,208587.0000000000
23881074827,208596.0000000000
23883369243,208605.0000000000
23885663675,208614.0000000000
23887958077,208623.0000000000
23890252515,208632.0000000000
23892546927,208641.0000000000
23894841336,208650.0000000000
23897135782,208659.0000000000
23899430194,208668.0000000000
23901724595,208677.0000000000
23904019008,208686.0000000000
23906313412,208695.0000000000
23908607831,208704.0000000000
23910902234,208713.0000000000
23913196671,208722.0000000000
23915491081,208731.0000000000
23917785468,208740.0000000000
23920079898,208749.0000000000
23922374312,208758.0000000000
23924668717,208767.0000000000
23926963119,208776.0000000000
23929257544,208785.0000000000
23931551957,208794.0000000000
23933846361,208803.0000000000
23936140780,208812.0000000000
24022914299,208821.0000000000
24026355857,208830.0000000000
24030944559,208839.0000000000
24034386070,208848.0000000000
24037827588,208857.0000000000
24042416342,208866.0000000000
24047004958,208875.0000000000
24051593679,208884.0000000000
24056182396,208893.0000000000
24058476809,208902.0000000000
24061918226,208911.0000000000
24064212679,208920.0000000000
24067654067,208929.0000000000
24069948515,208938.0000000000
24072242934,208947.0000000000
24076831471,208956.0000000000
24081420176,208965.0000000000
24084861726,208974.0000000000
24088303134,208983.0000000000
24092891817,208992.0000000000
24097480505,209001.0000000000
24102069242,209010.0000000000
24106657919,209019.0000000000
24108952322,209028.0000000000
24111246733,209037.0000000000
24113541147,209046.0000000000
24118129748,209055.0000000000
24120424159,209064.0000000000
24122718533,209073.0000000000
24126159940,209082.0000000000
24129601427,209091.0000000000
24134190150,209100.0000000000
24138778822,209109.0000000000
24143367428,209118.0000000000
24145661941,209127.0000000000
24149103467,209136.0000000000
24153692057,209145.0000000000
24157133631,209154.0000000000
24161722233,209163.0000000000
24164016673,209172.0000000000
24166311104,209181.0000000000
24170899556,209190.0000000000
24175488420,209199.0000000000
24177782852,209208.0000000000
24181224203,209217.0000000000
24185812946,209226.0000000000
24190401647,209235.0000000000
24193843221,209244.0000000000
24196137646,209253.0000000000
24198432086,209262.0000000000
24200726520,209271.0000000000
24203020950,209280.0000000000
24205315382,209289.0000000000
24207609799,209298.0000000000
24209904226,209307.0000000000
24212198639,209316.0000000000
24214493062,209325.0000000000
24216787498,209334.0000000000
24219081911,209343.0000000000
24221376314,209352.0000000000
24223670725,209361.0000000000
24225965132,209370.0000000000
24228259554,209379.0000000000
24230553971,209388.0000000000
24232848395,209397.0000000000
24235142807,209406.0000000000
24237437218,209415.0000000000
24239731614,209424.0000000000
24242026043,209433.0000000000
24244320448,209442.0000000000
24246614863,209451.0000000000
24248909277,209460.0000000000
24251203692,209469.0000000000
24253498110,209478.0000000000
24255792520,209487.0000000000
24342566102,209496.0000000000
24346007651,209505.0000000000
24350596367,209514.0000000000
24354037869,209523.0000000000
24357479402,209532.0000000000
24362068146,209541.0000000000
24366656764,209550.0000000000
24371245489,209559.0000000000
24375834208,209568.0000000000
24378128623,209577.0000000000
24381570054,209586.0000000000
24383864496,209595.0000000000
24387305886,209604.0000000000
24389600348,209613.0000000000
24391894756,209622.0000000000
24396483307,209631.0000000000
24401072004,209640.0000000000
24404513568,209649.0000000000
24407954967,209658.0000000000
24412543664,209667.0000000000
24417132342,209676.0000000000
24421721070,209685.0000000000
24426309762,209694.0000000000
24428604180,209703.0000000000
24430898578,209712.0000000000
24433192994,209721.0000000000
24437781599,209730.0000000000
24440076010,209739.0000000000
24442370409,209748.0000000000
24445811795,209757.0000000000
24449253286,209766.0000000000
24453842010,209775.0000000000
24458430697,209784.0000000000
24463019294,209793.0000000000
24465313808,209802.0000000000
24468755325,209811.0000000000
24473343930,209820.0000000000
24476785506,209829.0000000000
24481374109,209838.0000000000
24483668553,209847.0000000000
24485962987,209856.0000000000
24490551452,209865.0000000000
24495140307,209874.0000000000
24497434753,209883.0000000000
24500876093,209892.0000000000
24505464851,209901.0000000000
24510053543,209910.0000000000
24513495132,209919.0000000000
24515789545,209928.0000000000
24518083987,209937.0000000000
24520378422,209946.0000000000
24522672854,209955.0000000000
24524967288,209964.0000000000
24527261705,209973.0000000000
24529556146,209982.0000000000
24531850549,209991.0000000000
24534144974,210000.0000000000
24536439423,210009.0000000000
24538733813,210018.0000000000
24541028229,210027.0000000000
24543322641,210036.0000000000
24545617063,210045.0000000000
24547911474,210054.0000000000
24550205892,210063.0000000000
24552500330,210072.0000000000
24554794730,210081.0000000000
24557089144,210090.0000000000
24559383544,210099.0000000000
24561677972,210108.0000000000
24563972377,210117.0000000000
24566266794,210126.0000000000
24568561222,210135.0000000000
24570855627,210144.0000000000
24573150048,210153.0000000000
24575444471,210162.0000000000
24662218097,210171.0000000000
24665659646,210180.0000000000
24670248365,210189.0000000000
24673689857,210198.0000000000
24677131405,210207.0000000000
24681720140,210216.0000000000
24686308772,210225.0000000000
24690897501,210234.0000000000
24695486236,210243.0000000000
24697780640,210252.0000000000
24701222073,210261.0000000000
24703516530,210270.0000000000
24706957909,210279.0000000000
24709252373,210288.0000000000
24711546794,210297.0000000000
24716135336,210306.0000000000
24720724022,210315.0000000000
24724165602,210324.0000000000
24727607014,210333.0000000000
24732195702,210342.0000000000
24736784383,210351.0000000000
24741373115,210360.0000000000
24745961810,210369.0000000000
24748256229,210378.0000000000
24750550643,210387.0000000000
24752845047,210396.0000000000
24757433667,210405.0000000000
24759728054,210414.0000000000
24762022467,210423.0000000000
24765463869,210432.0000000000
24768905348,210441.0000000000
24771199748,210450.0000000000
24774641258,210459.0000000000
24779229967,210468.0000000000
24783818566,210477.0000000000
24786113082,210486.0000000000
24789554613,210495.0000000000
24794143210,210504.0000000000
24797584800,210513.0000000000
24802173392,210522.0000000000
24804467851,210531.0000000000
24806762263,210540.0000000000
24811350742,210549.0000000000
24815939599,210558.0000000000
24818234047,210567.0000000000
24821675389,210576.0000000000
24826264152,210585.0000000000
24830852845,210594.0000000000
24834294438,210603.0000000000
24836588864,210612.0000000000
24838883295,210621.0000000000
24841177733,210630.0000000000
24843472177,210639.0000000000
24845766600,210648.0000000000
24848061019,210657.0000000000
24850355460,210666.0000000000
24852649850,210675.0000000000
24854944294,210684.0000000000
24857238743,210693.0000000000
24859533155,210702.0000000000
24861827553,210711.0000000000
24864121966,210720.0000000000
24866416402,210729.0000000000
24868710790,210738.0000000000
24871005221,210747.0000000000
24873299661,210756.0000000000
24875594076,210765.0000000000
24877888478,210774.0000000000
24880182880,210783.0000000000
24882477322,210792.0000000000
24884771715,210801.0000000000
24887066134,210810.0000000000
24889360564,210819.0000000000
24891654972,210828.0000000000
24893949394,210837.0000000000
24896243819,210846.0000000000
24983017502,210855.0000000000
24986459067,210864.0000000000
24991047777,210873.0000000000
24994489283,210882.0000000000
24997930841,210891.0000000000
25002519571,210900.0000000000
25007108196,210909.0000000000
25011696914,210918.0000000000
25016285665,210927.0000000000
25018580082,210936.0000000000
25022021505,210945.0000000000
25024315963,210954.0000000000
25027757332,210963.0000000000
25030051811,210972.0000000000
25032346233,210981.0000000000
25036934778,210990.0000000000
25041523480,210999.0000000000
25044965048,211008.0000000000
25048406465,211017.0000000000
25052995155,211026.0000000000
25057583852,211035.0000000000
25062172574,211044.0000000000
25066761261,211053.0000000000
25069055694,211062.0000000000
25071350109,211071.0000000000
25073644497,211080.0000000000
25078233139,211089.0000000000
25080527550,211098.0000000000
25082821940,211107.0000000000
25086263347,211116.0000000000
25089704816,211125.0000000000
25091999230,211134.0000000000
25095440753,211143.0000000000
25100029454,211152.0000000000
25104618067,211161.0000000000
25106912573,211170.0000000000
25110354106,211179.0000000000
25114942706,211188.0000000000
25118384299,211197.0000000000
25122972893,211206.0000000000
25125267354,211215.0000000000
25127561780,211224.0000000000
25132150251,211233.0000000000
25136739097,211242.0000000000
25139033560,211251.0000000000
25142474917,211260.0000000000
25147063671,211269.0000000000
25151652368,211278.0000000000
25155093963,211287.0000000000
25157388390,211296.0000000000
25159682823,211305.0000000000
25161977263,211314.0000000000
25164271708,211323.0000000000
25166566145,211332.0000000000
25168860553,211341.0000000000
25171154995,211350.0000000000
25173449408,211359.0000000000
25175743821,211368.0000000000
25178038284,211377.0000000000
25180332698,211386.0000000000
25182627080,211395.0000000000
25184921512,211404.0000000000
25187215950,211413.0000000000
25189510361,211422.0000000000
25191804772,211431.0000000000
25194099213,211440.0000000000
25196393629,211449.0000000000
25198688021,211458.0000000000
25200982438,211467.0000000000
25203276881,211476.0000000000
25205571294,211485.0000000000
25207865695,211494.0000000000
25210160127,211503.0000000000
25212454549,211512.0000000000
25214748948,211521.0000000000
25217043387,211530.0000000000
25303817132,211539.0000000000
25307258700,211548.0000000000
25311847414,211557.0000000000
25315288920,211566.0000000000
25318730469,211575.0000000000
25323319215,211584.0000000000
25327907844,211593.0000000000
25332496577,211602.0000000000
25337085320,211610.0000000000
25339379739,211618.0000000000
25342821163,211626.0000000000
25345115624,211634.0000000000
25348557005,211642.0000000000
25350851476,211650.0000000000
25353145899,211658.0000000000
25357734435,211666.0000000000
25362323152,211674.0000000000
25365764723,211682.0000000000
25369206142,211690.0000000000
25373794837,211698.0000000000
25378383535,211706.0000000000
25382972261,211714.0000000000
25387560965,211722.0000000000
25389855385,211730.0000000000
25392149803,211738.0000000000
25394444215,211746.0000000000
25399032837,211754.0000000000
25401327250,211762.0000000000
25403621634,211770.0000000000
25407063051,211778.0000000000
25410504535,211786.0000000000
25412798938,211794.0000000000
25416240465,211802.0000000000
25419681969,211810.0000000000
25424270584,211818.0000000000
25426565103,211826.0000000000
25430006628,211834.0000000000
25434595242,211842.0000000000
25438036828,211850.0000000000
25442625404,211858.0000000000
25444919887,211866.0000000000
25447214313,211874.0000000000
25451802790,211882.0000000000
25456391639,211890.0000000000
25458686104,211898.0000000000
25462127462,211906.0000000000
25466716207,211914.0000000000
25471304922,211922.0000000000
25474746505,211930.0000000000
25477040948,211938.0000000000
25479335383,211946.0000000000
25481629801,211954.0000000000
25483924248,211962.0000000000
25486218708,211970.0000000000
25488513129,211978.0000000000
25490807563,211986.0000000000
25493101976,211994.0000000000
25495396389,212002.0000000000
25497690843,212010.0000000000
25499985272,212018.0000000000
25502279670,212026.0000000000
25504574101,212034.0000000000
25506868528,212042.0000000000
25509162940,212050.0000000000
25511457366,212058.0000000000
25513751785,212066.0000000000
25516046213,212074.0000000000
25518340613,212082.0000000000
25520635006,212090.0000000000
25522929451,212098.0000000000
25525223886,212106.0000000000
25527518301,212114.0000000000
25529812720,212122.0000000000
25532107144,212130.0000000000
25534401546,212138.0000000000
25536695975,212146.0000000000
25623469808,212154.0000000000
25626911368,212162.0000000000
25631500097,212170.0000000000
25634941595,212178.0000000000
25638383144,212186.0000000000
25642971896,212194.0000000000
25647560540,212202.0000000000
25652149263,212210.0000000000
25656737998,212218.0000000000
25659032430,212226.0000000000
25662473871,212234.0000000000
25664768320,212242.0000000000
25668209704,212250.0000000000
25670504190,212258.0000000000
25672798601,212266.0000000000
25677387141,212274.0000000000
25681975862,212282.0000000000
25685417435,212290.0000000000
25688858856,212298.0000000000
25693447568,212306.0000000000
25698036256,212314.0000000000
25702624964,212322.0000000000
25707213693,212330.0000000000
25709508127,212338.0000000000
25711802535,212346.0000000000
25714096949,212354.0000000000
25718685574,212362.0000000000
25720979990,212370.0000000000
25723274388,212378.0000000000
25726715782,212386.0000000000
25730157280,212394.0000000000
25732451699,212402.0000000000
25735893215,212410.0000000000
25739334721,212418.0000000000
25743923321,212426.0000000000
25746217862,212434.0000000000
25749659388,212442.0000000000
25754248007,212450.0000000000
25757689594,212458.0000000000
25762278174,212466.0000000000
25764572671,212474.0000000000
25766867087,212482.0000000000
25771455580,212490.0000000000
25776044421,212498.0000000000
25778338887,212506.0000000000
25781780248,212514.0000000000
25786368997,212522.0000000000
25790957714,212530.0000000000
25794399299,212538.0000000000
25796693731,212546.0000000000
25798988181,212554.0000000000
25801282602,212562.0000000000
25803577063,212570.0000000000
25805871511,212578.0000000000
25808165934,212586.0000000000
25810460381,212594.0000000000
25812754772,212602.0000000000
25815049200,212610.0000000000
25817343656,212618.0000000000
25819638065,212626.0000000000
25821932467,212634.0000000000
25824226920,212642.0000000000
25826521361,212650.0000000000
25828815762,212658.0000000000
25831110189,212666.0000000000
25833404611,212674.0000000000
25835699027,212682.0000000000
25837993441,212690.0000000000
25840287841,212698.0000000000
25842582295,212706.0000000000
25844876720,212714.0000000000
25847171138,212722.0000000000
25849465570,212730.0000000000
25851759983,212738.0000000000
25854054387,212746.0000000000
25856348818,212754.0000000000
25943122718,212762.0000000000
25946564293,212770.0000000000
25951153015,212778.0000000000
25954594525,212786.0000000000
25958036066,212794.0000000000
25962624801,212802.0000000000
25967213470,212810.0000000000
25971802195,212818.0000000000
25976390933,212826.0000000000
25978685368,212834.0000000000
25982126812,212842.0000000000
25984421262,212850.0000000000
25987862650,212858.0000000000
25990157137,212866.0000000000
25992451563,212874.0000000000
25997040094,212882.0000000000
26001628799,212890.0000000000
26005070394,212898.0000000000
26008511831,212906.0000000000
26013100533,212914.0000000000
26017689225,212922.0000000000
26022277937,212930.0000000000
26026866670,212938.0000000000
26029161107,212946.0000000000
26031455527,212954.0000000000
26033749918,212962.0000000000
26038338559,212970.0000000000
26040632956,212978.0000000000
26042927357,212986.0000000000
26046368773,212994.0000000000
26049810273,213002.0000000000
26052104695,213010.0000000000
26055546226,213018.0000000000
26058987723,213026.0000000000
26063576338,213034.0000000000
26065870871,213042.0000000000
26069312397,213050.0000000000
26073901022,213058.0000000000
26077342610,213066.0000000000
26081931175,213074.0000000000
26084225693,213082.0000000000
26086520124,213090.0000000000
26091108607,213098.0000000000
26095697441,213106.0000000000
26097991920,213114.0000000000
26101433284,213122.0000000000
26106022036,213130.0000000000
26108316436,213138.0000000000
26111757957,213146.0000000000
26115199545,213154.0000000000
26117493992,213162.0000000000
26119788431,213170.0000000000
26122082855,213178.0000000000
26124377318,213186.0000000000
26126671766,213194.0000000000
26128966190,213202.0000000000
26131260639,213210.0000000000
26133555050,213218.0000000000
26135849463,213226.0000000000
26138143922,213234.0000000000
26140438344,213242.0000000000
26142732722,213250.0000000000
26145027191,213258.0000000000
26147321633,213266.0000000000
26149616040,213274.0000000000
26151910444,213282.0000000000
26154204887,213290.0000000000
26156499318,213298.0000000000
26158793723,213306.0000000000
26161088124,213314.0000000000
26163382579,213322.0000000000
26165677007,213330.0000000000
26167971428,213338.0000000000
26170265860,213346.0000000000
26172560287,213354.0000000000
26174854681,213362.0000000000
26177149113,213370.0000000000
26263923063,213378.0000000000
26267364662,213386.0000000000
26271953389,213394.0000000000
26275394900,213402.0000000000
26278836443,213410.0000000000
26283425183,213418.0000000000
26288013857,213426.0000000000
26292602588,213434.0000000000
26297191327,213442.0000000000
26299485774,213450.0000000000
26302927189,213458.0000000000
26305221662,213466.0000000000
26308663053,213474.0000000000
26310957542,213482.0000000000
26313251969,213490.0000000000
26317840506,213498.0000000000
26322429213,213506.0000000000
26325870812,213514.0000000000
26329312251,213522.0000000000
26333900957,213530.0000000000
26338489666,213538.0000000000
26343078367,213546.0000000000
26347667105,213554.0000000000
26349961544,213562.0000000000
26352255967,213570.0000000000
26354550379,213578.0000000000
26359139004,213586.0000000000
26361433404,213594.0000000000
26363727794,213602.0000000000
26367169224,213610.0000000000
26370610731,213618.0000000000
26372905130,213626.0000000000
26376346686,213634.0000000000
26379788185,213642.0000000000
26384376805,213650.0000000000
26386671339,213658.0000000000
26390112868,213666.0000000000
26394701484,213674.0000000000
26398143088,213682.0000000000
26402731643,213690.0000000000
26405026177,213698.0000000000
26407320609,213706.0000000000
26411909076,213714.0000000000
26416497946,213722.0000000000
26418792415,213730.0000000000
26422233782,213738.0000000000
26426822537,213746.0000000000
26429116940,213754.0000000000
26432558475,213762.0000000000
26436000054,213770.0000000000
26438294502,213778.0000000000
26440588956,213786.0000000000
26442883370,213794.0000000000
26445177834,213802.0000000000
26447472297,213810.0000000000
26449766710,213818.0000000000
26452061161,213826.0000000000
26454355574,213834.0000000000
26456649972,213842.0000000000
26458944430,213850.0000000000
26461238874,213858.0000000000
26463533287,213866.0000000000
26465827725,213874.0000000000
26468122168,213882.0000000000
26470416577,213890.0000000000
26472710971,213898.0000000000
26475005428,213906.0000000000
26477299861,213914.0000000000
26479594280,213922.0000000000
26481888673,213930.0000000000
26484183130,213938.0000000000
26486477571,213946.0000000000
26488771981,213954.0000000000
26491066416,213962.0000000000
26493360844,213970.0000000000
26495655245,213978.0000000000
26497949653,213986.0000000000
26584723685,213994.0000000000
26588165300,214002.0000000000
26592754029,214010.0000000000
26596195544,214018.0000000000
26599637073,214026.0000000000
26604225833,214034.0000000000
26608814513,214042.0000000000
26613403248,214050.0000000000
26617991991,214058.0000000000
26620286441,214066.0000000000
26623727844,214074.0000000000
26626022333,214082.0000000000
26629463739,214090.0000000000
26631758217,214098.0000000000
26634052646,214106.0000000000
26638641171,214114.0000000000
26643229898,214122.0000000000
26646671500,214130.0000000000
26650112942,214138.0000000000
26654701638,214146.0000000000
26659290364,214154.0000000000
26663879070,214162.0000000000
26668467823,214170.0000000000
26670762253,214178.0000000000
26673056678,214186.0000000000
26675351092,214194.0000000000
26679939700,214202.0000000000
26682234121,214210.0000000000
26684528534,214218.0000000000
26687969947,214226.0000000000
26691411457,214234.0000000000
26693705846,214242.0000000000
26697147417,214250.0000000000
26700588931,214258.0000000000
26705177543,214266.0000000000
26707472091,214274.0000000000
26710913590,214282.0000000000
26715502243,214290.0000000000
26718943816,214298.0000000000
26723532410,214306.0000000000
26725826934,214314.0000000000
26728121368,214322.0000000000
26732709825,214330.0000000000
26737298712,214338.0000000000
26739593194,214346.0000000000
26743034553,214354.0000000000
26747623295,214362.0000000000
26749917697,214370.0000000000
26753359254,214378.0000000000
26756800835,214386.0000000000
26759095287,214394.0000000000
26761389742,214402.0000000000
26763684158,214410.0000000000
26765978625,214418.0000000000
26768273090,214426.0000000000
26770567517,214434.0000000000
26772861958,214442.0000000000
26775156373,214450.0000000000
26777450772,214458.0000000000
26779745221,214466.0000000000
26782039680,214474.0000000000
26784334093,214482.0000000000
26786628515,214490.0000000000
26788922959,214498.0000000000
26791217391,214506.0000000000
26793511803,214514.0000000000
26795806245,214522.0000000000
26798100644,214530.0000000000
26800395043,214538.0000000000
26802689446,214546.0000000000
26804983845,214554.0000000000
26807278244,214562.0000000000
26809572658,214570.0000000000
26811867046,214578.0000000000
26814161445,214586.0000000000
26816455857,214594.0000000000
26818750232,214602.0000000000
26904377399,214610.0000000000
26907819017,214618.0000000000
26912407749,214626.0000000000
26915849267,214634.0000000000
26919290801,214642.0000000000
26923879563,214650.0000000000
26928468260,214658.0000000000
26933056987,214666.0000000000
26937645714,214674.0000000000
26939940164,214682.0000000000
26943381593,214690.0000000000
26945676083,214698.0000000000
26949117493,214706.0000000000
26951411973,214714.0000000000
26953706391,214722.0000000000
26958294934,214730.0000000000
26962883663,214738.0000000000
26966325270,214746.0000000000
26969766713,214754.0000000000
26974355414,214762.0000000000
26978944124,214770.0000000000
26983532867,214778.0000000000
26988121611,214786.0000000000
26990416043,214794.0000000000
26992710457,214802.0000000000
26995004887,214810.0000000000
26999593497,214818.0000000000
27001887920,214826.0000000000
27004182337,214834.0000000000
27007623731,214842.0000000000
27011065267,214850.0000000000
27013359665,214858.0000000000
27016801230,214866.0000000000
27020242748,214874.0000000000
27024831365,214882.0000000000
27027125914,214890.0000000000
27030567428,214898.0000000000
27035156073,214906.0000000000
27038597649,214914.0000000000
27043186247,214922.0000000000
27045480786,214930.0000000000
27047775210,214938.0000000000
27052363670,214946.0000000000
27056952541,214954.0000000000
27059247045,214962.0000000000
27062688408,214970.0000000000
27067277153,214978.0000000000
27069571571,214986.0000000000
27073013119,214994.0000000000
27076454702,215002.0000000000
27078749157,215010.0000000000
27081043614,215018.0000000000
27083338032,215026.0000000000
27085632480,215034.0000000000
27087926949,215042.0000000000
27090221398,215050.0000000000
27092515853,215058.0000000000
27094810257,215066.0000000000
27097104658,215074.0000000000
27099399110,215082.0000000000
27101693571,215090.0000000000
27103987984,215098.0000000000
27106282408,215106.0000000000
27108576866,215114.0000000000
27110871290,215122.0000000000
27113165704,215130.0000000000
27115460160,215138.0000000000
27117754551,215146.0000000000
27120048952,215154.0000000000
27122343357,215162.0000000000
27124637738,215170.0000000000
27126932138,215178.0000000000
27129226575,215186.0000000000
27131520986,215194.0000000000
27133815373,215202.0000000000
27136109778,215210.0000000000
27138404178,215218.0000000000
27224031401,215226.0000000000
27227473034,215234.0000000000
27232061759,215242.0000000000
27235503292,215250.0000000000
27238944796,215258.0000000000
27243533596,215266.0000000000
27248122285,215274.0000000000
27252711004,215282.0000000000
27257299747,215290.0000000000
27259594200,215298.0000000000
27263035631,215306.0000000000
27265330122,215314.0000000000
27268771536,215322.0000000000
27271066019,215330.0000000000
27273360440,215338.0000000000
27277948965,215346.0000000000
27282537731,215354.0000000000
27285979329,215362.0000000000
27289420776,215370.0000000000
27294009482,215378.0000000000
27298598195,215386.0000000000
27303186944,215394.0000000000
27307775691,215402.0000000000
27310070125,215410.0000000000
27312364541,215418.0000000000
27314658973,215426.0000000000
27319247587,215434.0000000000
27321542024,215442.0000000000
27323836431,215450.0000000000
27327277830,215458.0000000000
27330719356,215466.0000000000
27333013770,215474.0000000000
27336455335,215482.0000000000
27339896836,215490.0000000000
27344485491,215498.0000000000
27346780030,215506.0000000000
27350221548,215514.0000000000
27354810196,215522.0000000000
27358251776,215530.0000000000
27362840378,215538.0000000000
27365134920,215546.0000000000
27367429345,215554.0000000000
27372017810,215562.0000000000
27376606685,215570.0000000000
27378901171,215578.0000000000
27382342557,215586.0000000000
27386931287,215594.0000000000
27389225728,215602.0000000000
27392667279,215610.0000000000
27396108864,215618.0000000000
27398403321,215626.0000000000
27400697781,215634.0000000000
27402992200,215642.0000000000
27405286649,215650.0000000000
27407581121,215658.0000000000
27409875574,215666.0000000000
27412170031,215674.0000000000
27414464436,215682.0000000000
27416758840,215690.0000000000
27419053294,215698.0000000000
27421347757,215706.0000000000
27423642152,215714.0000000000
27425936577,215722.0000000000
27428231058,215730.0000000000
27430525498,215738.0000000000
27432819902,215746.0000000000
27435114358,215754.0000000000
27437408758,215762.0000000000
27439703159,215770.0000000000
27441997563,215778.0000000000
27444291962,215786.0000000000
27446586366,215794.0000000000
27448880788,215802.0000000000
27451175201,215810.0000000000
27453469613,215818.0000000000
27455764001,215826.0000000000
27458058401,215834.0000000000
27543685703,215842.0000000000
27547127338,215850.0000000000
27551716056,215858.0000000000
27555157605,215866.0000000000
27558599112,215874.0000000000
27563187917,215882.0000000000
27567776611,215890.0000000000
27572365333,215898.0000000000
27574659734,215906.0000000000
27578101281,215914.0000000000
27580395736,215922.0000000000
27583837172,215930.0000000000
27586131664,215938.0000000000
27589573093,215946.0000000000
27591867567,215954.0000000000
27594161989,215962.0000000000
27598750521,215970.0000000000
27603339289,215978.0000000000
27606780891,215986.0000000000
27610222341,215994.0000000000
27614811051,216002.0000000000
27619399769,216010.0000000000
27623988522,216018.0000000000
27628577278,216026.0000000000
27630871709,216034.0000000000
27633166127,216042.0000000000
27635460561,216050.0000000000
27640049179,216058.0000000000
27642343619,216066.0000000000
27644638013,216074.0000000000
27648079432,216082.0000000000
27651520973,216090.0000000000
27653815376,216098.0000000000
27657256946,216106.0000000000
27660698449,216114.0000000000
27665287110,216122.0000000000
27667581656,216130.0000000000
27671023171,216138.0000000000
27675611828,216146.0000000000
27679053408,216154.0000000000
27683641997,216162.0000000000
27685936537,216170.0000000000
27688230986,216178.0000000000
27692819454,216186.0000000000
27697408336,216194.0000000000
27699702822,216202.0000000000
27703144212,216210.0000000000
27707732934,216218.0000000000
27710027391,216226.0000000000
27713468941,216234.0000000000
27716910513,216242.0000000000
27719204993,216250.0000000000
27721499467,216258.0000000000
27723793874,216266.0000000000
27726088325,216274.0000000000
27728382800,216282.0000000000
27730677255,216290.0000000000
27732971694,216298.0000000000
27735266122,216306.0000000000
27737560539,216314.0000000000
27739854984,216322.0000000000
27742149451,216330.0000000000
27744443850,216338.0000000000
27746738261,216346.0000000000
27749032757,216354.0000000000
27751327199,216362.0000000000
27753621588,216370.0000000000
27755916044,216378.0000000000
27758210467,216386.0000000000
27760504881,216394.0000000000
27762799276,216402.0000000000
27765093677,216410.0000000000
27767388083,216418.0000000000
27769682508,216426.0000000000
27771976903,216434.0000000000
27774271337,216442.0000000000
27776565749,216450.0000000000
27778860137,216458.0000000000
27864487530,216466.0000000000
27867929133,216474.0000000000
27872517889,216482.0000000000
27875959408,216490.0000000000
27879400940,216498.0000000000
27883989750,216506.0000000000
27888578453,216514.0000000000
27893167174,216522.0000000000
27895461576,216530.0000000000
27898903109,216538.0000000000
27901197587,216546.0000000000
27904639008,216554.0000000000
27906933498,216562.0000000000
27910374951,216570.0000000000
27912669428,216578.0000000000
27914963830,216586.0000000000
27919552400,216594.0000000000
27924141161,216602.0000000000
27927582772,216610.0000000000
27931024221,216618.0000000000
27935612938,216626.0000000000
27940201659,216634.0000000000
27944790414,216642.0000000000
27949379174,216650.0000000000
27951673609,216658.0000000000
27953968008,216666.0000000000
27956262464,216674.0000000000
27960851087,216682.0000000000
27963145530,216690.0000000000
27965439930,216698.0000000000
27968881328,216706.0000000000
27972322894,216714.0000000000
27974617303,216722.0000000000
27978058873,216730.0000000000
27981500392,216738.0000000000
27986089042,216746.0000000000
27988383591,216754.0000000000
27991825110,216762.0000000000
27996413773,216770.0000000000
27999855356,216778.0000000000
28004443949,216786.0000000000
28006738479,216794.0000000000
28009032943,216802.0000000000
28013621419,216810.0000000000
28018210302,216818.0000000000
28020504804,216826.0000000000
28023946162,216834.0000000000
28028534924,216842.0000000000
28030829369,216850.0000000000
28034270923,216858.0000000000
28037712486,216866.0000000000
28040006981,216874.0000000000
28042301457,216882.0000000000
28044595871,216890.0000000000
28046890298,216898.0000000000
28049184796,216906.0000000000
28051479268,216914.0000000000
28053773696,216922.0000000000
28056068125,216930.0000000000
28058362545,216938.0000000000
28060656993,216946.0000000000
28062951441,216954.0000000000
28065245863,216962.0000000000
28067540288,216970.0000000000
28069834774,216978.0000000000
28072129220,216986.0000000000
28074423620,216994.0000000000
28076718057,217002.0000000000
28079012495,217010.0000000000
28081306911,217018.0000000000
28083601315,217026.0000000000
28085895690,217034.0000000000
28088190120,217042.0000000000
28090484561,217050.0000000000
28092778947,217058.0000000000
28095073380,217066.0000000000
28097367794,217074.0000000000
28099662195,217082.0000000000
28185289665,217090.0000000000
28188731261,217098.0000000000
28193320032,217106.0000000000
28196761555,217114.0000000000
28200203091,217122.0000000000
28204791907,217130.0000000000
28209380613,217138.0000000000
28213969320,217146.0000000000
28216263743,217154.0000000000
28219705279,217162.0000000000
28221999760,217170.0000000000
28225441185,217178.0000000000
28227735666,217186.0000000000
28231177133,217194.0000000000
28233471612,217202.0000000000
28235766017,217210.0000000000
28240354592,217218.0000000000
28244943337,217226.0000000000
28248384972,217234.0000000000
28251826426,217242.0000000000
28256415145,217250.0000000000
28261003872,217258.0000000000
28265592635,217266.0000000000
28270181396,217274.0000000000
28272475833,217282.0000000000
28274770237,217290.0000000000
28277064636,217298.0000000000
28280506134,217306.0000000000
28282800567,217314.0000000000
28285094969,217322.0000000000
28288536384,217330.0000000000
28291977921,217338.0000000000
28294272352,217346.0000000000
28297713913,217354.0000000000
28301155449,217362.0000000000
28305744103,217370.0000000000
28308038652,217378.0000000000
28311480175,217386.0000000000
28316068844,217394.0000000000
28319510443,217402.0000000000
28324099027,217410.0000000000
28326393561,217418.0000000000
28328688028,217426.0000000000
28333276508,217434.0000000000
28337865377,217442.0000000000
28340159900,217450.0000000000
28343601261,217458.0000000000
28348190027,217466.0000000000
28350484487,217474.0000000000
28353926013,217482.0000000000
28357367599,217490.0000000000
28359662098,217498.0000000000
28361956556,217506.0000000000
28364250992,217514.0000000000
28366545434,217522.0000000000
28368839924,217530.0000000000
28371134397,217538.0000000000
28373428827,217546.0000000000
28375723247,217554.0000000000
28378017680,217562.0000000000
28380312131,217570.0000000000
28382606582,217578.0000000000
28384900984,217586.0000000000
28387195433,217594.0000000000
28389489934,217602.0000000000
28391784370,217610.0000000000
28394078771,217618.0000000000
28396373211,217626.0000000000
28398667653,217634.0000000000
28400962050,217642.0000000000
28403256476,217650.0000000000
28405550889,217658.0000000000
28407845287,217666.0000000000
28410139730,217674.0000000000
28412434131,217682.0000000000
28414728542,217690.0000000000
28417022971,217698.0000000000
28419317375,217706.0000000000
28504944913,217714.0000000000
28508386534,217722.0000000000
28512975290,217730.0000000000
28516416837,217738.0000000000
28519858375,217746.0000000000
28524447198,217754.0000000000
28529035907,217762.0000000000
28533624600,217770.0000000000
28535919023,217778.0000000000
28539360586,217786.0000000000
28541655047,217794.0000000000
28545096496,217802.0000000000
28547390980,217810.0000000000
28550832451,217818.0000000000
28553126933,217826.0000000000
28555421340,217834.0000000000
28560009919,217842.0000000000
28564598669,217850.0000000000
28568040308,217858.0000000000
28571481764,217866.0000000000
28576070490,217874.0000000000
28580659222,217882.0000000000
28585247990,217890.0000000000
28589836756,217898.0000000000
28592131196,217906.0000000000
28594425601,217914.0000000000
28596719991,217922.0000000000
28600161505,217930.0000000000
28602455939,217938.0000000000
28604750345,217946.0000000000
28608191763,217954.0000000000
28611633282,217962.0000000000
28613927716,217970.0000000000
28617369302,217978.0000000000
28620810843,217986.0000000000
28625399500,217994.0000000000
28627694053,218002.0000000000
28631135578,218010.0000000000
28635724240,218018.0000000000
28639165856,218026.0000000000
28643754445,218034.0000000000
28646048981,218042.0000000000
28648343450,218050.0000000000
28652931916,218058.0000000000
28657520821,218066.0000000000
28659815334,218074.0000000000
28663256700,218082.0000000000
28667845469,218090.0000000000
28670139934,218098.0000000000
28673581463,218106.0000000000
28677023053,218114.0000000000
28679317554,218122.0000000000
28681612013,218130.0000000000
28683906434,218138.0000000000
28686200898,218146.0000000000
28688495401,218154.0000000000
28690789866,218162.0000000000
28693084297,218170.0000000000
28695378721,218178.0000000000
28697673156,218186.0000000000
28699967589,218194.0000000000
28702262062,218202.0000000000
28704556467,218210.0000000000
28706850919,218218.0000000000
28709145422,218226.0000000000
28711439859,218234.0000000000
28713734251,218242.0000000000
28716028706,218250.0000000000
28718323150,218258.0000000000
28720617554,218266.0000000000
28722911959,218274.0000000000
28725206394,218282.0000000000
28727500806,218290.0000000000
28729795240,218298.0000000000
28732089644,218306.0000000000
28734384057,218314.0000000000
28736678487,218322.0000000000
28738972873,218330.0000000000
28824600526,218338.0000000000
28828042150,218346.0000000000
28832630891,218354.0000000000
28836072463,218362.0000000000
28839514016,218370.0000000000
28844102832,218378.0000000000
28848691546,218386.0000000000
28853280244,218394.0000000000
28855574669,218402.0000000000
28859016237,218410.0000000000
28861310699,218418.0000000000
28864752154,218426.0000000000
28867046639,218434.0000000000
28870488113,218442.0000000000
28872782598,218450.0000000000
28875077009,218458.0000000000
28879665592,218466.0000000000
28884254345,218474.0000000000
28887695990,218482.0000000000
28891137449,218490.0000000000
28895726167,218498.0000000000
28900314917,218506.0000000000
28904903671,218514.0000000000
28909492461,218522.0000000000
28911786905,218530.0000000000
28914081312,218538.0000000000
28916375711,218546.0000000000
28919817223,218554.0000000000
28922111658,218562.0000000000
28924406066,218570.0000000000
28927847488,218578.0000000000
28931289011,218586.0000000000
28933583447,218594.0000000000
28937025038,218602.0000000000
28940466582,218610.0000000000
28945055247,218618.0000000000
28947349800,218626.0000000000
28950791329,218634.0000000000
28955379994,218642.0000000000
28958821616,218650.0000000000
28963410211,218658.0000000000
28965704749,218666.0000000000
28967999128,218674.0000000000
28970293549,218682.0000000000
28973734892,218690.0000000000
28978323801,218698.0000000000
28980618321,218706.0000000000
28984059687,218714.0000000000
28988648444,218722.0000000000
28990942908,218730.0000000000
28994384461,218738.0000000000
28997826055,218746.0000000000
29000120560,218754.0000000000
29002415019,218762.0000000000
29004709444,218770.0000000000
29007003891,218778.0000000000
29009298416,218786.0000000000
29011592886,218794.0000000000
29013887296,218802.0000000000
29016181745,218810.0000000000
29018476180,218818.0000000000
29020770617,218826.0000000000
29023065092,218834.0000000000
29025359498,218842.0000000000
29027653937,218850.0000000000
29029948439,218858.0000000000
29032242899,218866.0000000000
29034537311,218874.0000000000
29036831751,218882.0000000000
29039126198,218890.0000000000
29041420603,218898.0000000000
29043715012,218906.0000000000
29046009429,218914.0000000000
29048303865,218922.0000000000
29050598303,218930.0000000000
29052892688,218938.0000000000
29055187124,218946.0000000000
29057481555,218954.0000000000
29059775957,218962.0000000000
29145403693,218970.0000000000
29148845321,218978.0000000000
29153434064,218986.0000000000
29156875624,218994.0000000000
29160317199,219002.0000000000
29164906000,219010.0000000000
29169494739,219018.0000000000
29174083445,219026.0000000000
29176377871,219034.0000000000
29179819442,219042.0000000000
29182113906,219050.0000000000
29185555370,219058.0000000000
29187849835,219066.0000000000
29191291333,219074.0000000000
29193585822,219082.0000000000
29195880211,219090.0000000000
29200468822,219098.0000000000
29205057580,219106.0000000000
29208499228,219114.0000000000
29211940671,219122.0000000000
29216529427,219130.0000000000
29221118170,219138.0000000000
29225706929,219146.0000000000
29230295724,219154.0000000000
29232590176,219162.0000000000
29234884558,219170.0000000000
29237178980,219178.0000000000
29240620502,219186.0000000000
29242914916,219194.0000000000
29245209347,219202.0000000000
29248650756,219210.0000000000
29252092300,219218.0000000000
29254386738,219226.0000000000
29257828333,219234.0000000000
29261269881,219242.0000000000
29265858529,219250.0000000000
29268153106,219258.0000000000
29271594644,219266.0000000000
29276183309,219274.0000000000
29279624919,219282.0000000000
29284213536,219290.0000000000
29286508089,219298.0000000000
29288802477,219306.0000000000
29291096881,219314.0000000000
29294538242,219322.0000000000
29299127141,219330.0000000000
29301421665,219338.0000000000
29304863015,219346.0000000000
29309451798,219354.0000000000
29311746264,219362.0000000000
29315187820,219370.0000000000
29318629402,219378.0000000000
29320923905,219386.0000000000
29323218388,219394.0000000000
29325512829,219402.0000000000
29327807265,219410.0000000000
29330101792,219418.0000000000
29332396264,219426.0000000000
29334690678,219434.0000000000
29336985109,219442.0000000000
29339279566,219450.0000000000
29341574010,219458.0000000000
29343868464,219466.0000000000
29346162892,219474.0000000000
29348457333,219482.0000000000
29350751839,219490.0000000000
29353046302,219498.0000000000
29355340715,219506.0000000000
29357635142,219514.0000000000
29359929588,219522.0000000000
29362224017,219530.0000000000
29364518439,219538.0000000000
29366812848,219546.0000000000
29369107287,219554.0000000000
29371401727,219562.0000000000
29373696129,219570.0000000000
29375990533,219578.0000000000
29378284988,219586.0000000000
29380579396,219594.0000000000
29466207227,219602.0000000000
29469648842,219610.0000000000
29474237606,219618.0000000000
29477679172,219626.0000000000
29481120750,219634.0000000000
29485709556,219642.0000000000
29490298300,219650.0000000000
29494886991,219658.0000000000
29497181440,219666.0000000000
29500622998,219674.0000000000
29502917461,219682.0000000000
29506358950,219690.0000000000
29508653401,219698.0000000000
29512094919,219706.0000000000
29514389410,219714.0000000000
29516683813,219722.0000000000
29521272419,219730.0000000000
29525861162,219738.0000000000
29529302835,219746.0000000000
29532744283,219754.0000000000
29537333044,219762.0000000000
29541921772,219770.0000000000
29546510568,219778.0000000000
29551099358,219786.0000000000
29553393811,219794.0000000000
29555688214,219802.0000000000
29557982601,219810.0000000000
29561424146,219818.0000000000
29563718563,219826.0000000000
29566012976,219834.0000000000
29569454410,219842.0000000000
29572895938,219850.0000000000
29575190398,219858.0000000000
29578631981,219866.0000000000
29582073549,219874.0000000000
29586662204,219882.0000000000
29588956763,219890.0000000000
29592398323,219898.0000000000
29596986975,219906.0000000000
29600428610,219914.0000000000
29605017210,219922.0000000000
29607311788,219930.0000000000
29609606192,219938.0000000000
29611900567,219946.0000000000
29615341950,219954.0000000000
29619930835,219962.0000000000
29622225381,219970.0000000000
29625666734,219978.0000000000
29630255524,219986.0000000000
29632549995,219994.0000000000
29635991531,220002.0000000000
29639433138,220010.0000000000
29641727631,220018.0000000000
29644022110,220026.0000000000
29646316574,220034.0000000000
29648611015,220042.0000000000
29650905522,220050.0000000000
29653200017,220058.0000000000
29655494417,220066.0000000000
29657788818,220074.0000000000
29660083219,220082.0000000000
29662377621,220090.0000000000
29664672019,220098.0000000000
29666966402,220106.0000000000
29669260823,220114.0000000000
29671555226,220122.0000000000
29673849602,220130.0000000000
29676144024,220138.0000000000
29678438425,220146.0000000000
29680732825,220154.0000000000
29683027225,220162.0000000000
29685321625,220170.0000000000
29687616031,220178.0000000000
29689910406,220186.0000000000
29692204827,220194.0000000000
29694499229,220202.0000000000
29696793628,220210.0000000000
29699088031,220218.0000000000
29701382431,220226.0000000000
29785863916,220234.0000000000
29789305557,220242.0000000000
29793894306,220250.0000000000
29797335897,220258.0000000000
29800777479,220266.0000000000
29805366290,220274.0000000000
29809955018,220282.0000000000
29814543737,220290.0000000000
29816838168,220298.0000000000
29820279750,220306.0000000000
29822574216,220314.0000000000
29826015687,220322.0000000000
29828310160,220330.0000000000
29831751686,220338.0000000000
29834046181,220346.0000000000
29836340584,220354.0000000000
29840929175,220362.0000000000
29845517956,220370.0000000000
29848959602,220378.0000000000
29852401072,220386.0000000000
29856989819,220394.0000000000
29861578574,220402.0000000000
29866167375,220410.0000000000
29870756170,220418.0000000000
29873050626,220426.0000000000
29875345031,220434.0000000000
29877639415,220442.0000000000
29881080972,220450.0000000000
29883375391,220458.0000000000
29885669806,220466.0000000000
29889111245,220474.0000000000
29892552777,220482.0000000000
29894847218,220490.0000000000
29898288828,220498.0000000000
29901730399,220506.0000000000
29906319060,220514.0000000000
29908613621,220522.0000000000
29912055187,220530.0000000000
29916643822,220538.0000000000
29920085482,220546.0000000000
29924674087,220554.0000000000
29926968647,220562.0000000000
29929263075,220570.0000000000
29931557479,220578.0000000000
29934998818,220586.0000000000
29939587732,220594.0000000000
29941882258,220602.0000000000
29945323636,220610.0000000000
29949912412,220618.0000000000
29952206905,220626.0000000000
29955648426,220634.0000000000
29959090058,220642.0000000000
29961384553,220650.0000000000
29963679036,220658.0000000000
29965973481,220666.0000000000
29968267946,220674.0000000000
29970562456,220682.0000000000
29972856932,220690.0000000000
29975151354,220698.0000000000
29977445760,220706.0000000000
29979740164,220714.0000000000
29982034568,220722.0000000000
29984328968,220730.0000000000
29986623351,220738.0000000000
29988917758,220746.0000000000
29991212184,220754.0000000000
29993506584,220762.0000000000
29995800988,220770.0000000000
29998095392,220778.0000000000
30000389793,220786.0000000000
30002684197,220794.0000000000
30004978580,220802.0000000000
30007273008,220810.0000000000
30009567412,220818.0000000000
30011861790,220826.0000000000
30014156215,220834.0000000000
30016450615,220842.0000000000
30018745023,220850.0000000000
30021039426,220858.0000000000
30105521026,220866.0000000000
30108962639,220874.0000000000
30113551414,220882.0000000000
30116992989,220890.0000000000
30120434595,220898.0000000000
30125023390,220906.0000000000
30129612145,220914.0000000000
30134200869,220922.0000000000
30136495304,220930.0000000000
30139936870,220938.0000000000
30142231360,220946.0000000000
30145672833,220954.0000000000
30147967288,220962.0000000000
30151408840,220970.0000000000
30153703339,220978.0000000000
30155997724,220986.0000000000
30160586341,220994.0000000000
30165175129,221002.0000000000
30168616778,221010.0000000000
30172058252,221018.0000000000
30176646983,221026.0000000000
30181235764,221034.0000000000
30185824570,221042.0000000000
30190413373,221050.0000000000
30192707831,221058.0000000000
30195002219,221066.0000000000
30197296640,221074.0000000000
30200738187,221082.0000000000
30203032589,221090.0000000000
30205327027,221098.0000000000
30208768470,221106.0000000000
30212210007,221114.0000000000
30214504451,221122.0000000000
30217946045,221130.0000000000
30221387640,221138.0000000000
30225976285,221146.0000000000
30228270871,221154.0000000000
30231712441,221162.0000000000
30236301081,221170.0000000000
30239742747,221178.0000000000
30244331354,221186.0000000000
30246625898,221194.0000000000
30248920329,221202.0000000000
30251214757,221210.0000000000
30254656080,221218.0000000000
30259245020,221226.0000000000
30261539549,221234.0000000000
30264980911,221242.0000000000
30269569711,221250.0000000000
30271864188,221258.0000000000
30275305734,221266.0000000000
30278747370,221274.0000000000
30281041870,221282.0000000000
30283336354,221290.0000000000
30285630781,221298.0000000000
30287925250,221306.0000000000
30290219783,221314.0000000000
30292514260,221322.0000000000
30294808686,221330.0000000000
30297103095,221338.0000000000
30299397502,221346.0000000000
30301691909,221354.0000000000
30303986292,221362.0000000000
30306280714,221370.0000000000
30308575118,221378.0000000000
30310869515,221386.0000000000
30313163940,221394.0000000000
30315458346,221402.0000000000
30317752752,221410.0000000000
30320047156,221418.0000000000
30322341564,221426.0000000000
30324635947,221434.0000000000
30326930343,221442.0000000000
30329224767,221450.0000000000
30331519168,221458.0000000000
30333813568,221466.0000000000
30336107968,221474.0000000000
30338402369,221482.0000000000
30340696772,221490.0000000000
30342991149,221498.0000000000
30426325721,221506.0000000000
30429767339,221514.0000000000
30434356120,221522.0000000000
30437797699,221530.0000000000
30441239311,221538.0000000000
30445828091,221546.0000000000
30450416871,221554.0000000000
30455005581,221562.0000000000
30457300040,221570.0000000000
30460741610,221578.0000000000
30463036082,221586.0000000000
30466477582,221594.0000000000
30468772037,221602.0000000000
30472213594,221610.0000000000
30474508096,221618.0000000000
30476802497,221626.0000000000
30481391107,221634.0000000000
30485979880,221642.0000000000
30489421553,221650.0000000000
30492863012,221658.0000000000
30497451770,221666.0000000000
30502040536,221674.0000000000
30506629350,221682.0000000000
30511218177,221690.0000000000
30513512637,221698.0000000000
30515807040,221706.0000000000
30518101451,221714.0000000000
30521543006,221722.0000000000
30523837390,221730.0000000000
30526131849,221738.0000000000
30529573301,221746.0000000000
30533014819,221754.0000000000
30535309284,221762.0000000000
30538750884,221770.0000000000
30542192483,221778.0000000000
30546781135,221786.0000000000
30549075724,221794.0000000000
30552517297,221802.0000000000
30557105943,221810.0000000000
30560547616,221818.0000000000
30565136228,221826.0000000000
30567430773,221834.0000000000
30569725221,221842.0000000000
30572019618,221850.0000000000
30575460965,221858.0000000000
30580049911,221866.0000000000
30582344443,221874.0000000000
30585785810,221882.0000000000
30590374616,221890.0000000000
30592669096,221898.0000000000
30596110647,221906.0000000000
30599552291,221914.0000000000
30601846767,221922.0000000000
30604141275,221930.0000000000
30606435707,221938.0000000000
30608730191,221946.0000000000
30611024692,221954.0000000000
30613319194,221962.0000000000
30615613627,221970.0000000000
30617908014,221978.0000000000
30620202444,221986.0000000000
30622496855,221994.0000000000
30624791257,222002.0000000000
30627085665,222010.0000000000
30629380071,222018.0000000000
30631674473,222026.0000000000
30633968879,222034.0000000000
30636263307,222042.0000000000
30638557722,222050.0000000000
30640852105,222058.0000000000
30643146536,222066.0000000000
30645440937,222074.0000000000
30647735338,222082.0000000000
30650029729,222090.0000000000
30652324151,222098.0000000000
30654618558,222106.0000000000
30656912938,222114.0000000000
30659207362,222122.0000000000
30661501767,222130.0000000000
30663796169,222138.0000000000
30747130827,222146.0000000000
30750572454,222154.0000000000
30755161237,222162.0000000000
30758602824,222170.0000000000
30762044417,222178.0000000000
30766633206,222186.0000000000
30771222008,222194.0000000000
30775810725,222202.0000000000
30778105188,222210.0000000000
30781546764,222218.0000000000
30783841216,222226.0000000000
30787282740,222234.0000000000
30789577202,222242.0000000000
30793018740,222250.0000000000
30795313265,222258.0000000000
30797607672,222266.0000000000
30802196284,222274.0000000000
30806785063,222282.0000000000
30810226740,222290.0000000000
30813668206,222298.0000000000
30818256970,222306.0000000000
30822845720,222314.0000000000
30827434561,222322.0000000000
30832023374,222330.0000000000
30834317857,222338.0000000000
30836612268,222346.0000000000
30838906656,222354.0000000000
30842348236,222362.0000000000
30844642621,222370.0000000000
30846937065,222378.0000000000
30850378543,222386.0000000000
30853820044,222394.0000000000
30856114532,222402.0000000000
30859556141,222410.0000000000
30862997721,222418.0000000000
30867586401,222426.0000000000
30869880970,222434.0000000000
30873322567,222442.0000000000
30877911198,222450.0000000000
30881352897,222458.0000000000
30885941494,222466.0000000000
30888236064,222474.0000000000
30890530506,222482.0000000000
30892824896,222490.0000000000
30896266264,222498.0000000000
30900855197,222506.0000000000
30903149753,222514.0000000000
30906591128,222522.0000000000
30911179936,222530.0000000000
30913474420,222538.0000000000
30916915954,222546.0000000000
30920357623,222554.0000000000
30922652086,222562.0000000000
30924946592,222570.0000000000
30927241050,222578.0000000000
30929535527,222586.0000000000
30931830020,222594.0000000000
30934124546,222602.0000000000
30936418981,222610.0000000000
30938713382,222618.0000000000
30941007783,222626.0000000000
30943302219,222634.0000000000
30945596628,222642.0000000000
30947891013,222650.0000000000
30950185443,222658.0000000000
30952479848,222666.0000000000
30954774257,222674.0000000000
30957068688,222682.0000000000
30959363106,222690.0000000000
30961657485,222698.0000000000
30963951905,222706.0000000000
30966246330,222714.0000000000
30968540739,222722.0000000000
30970835114,222730.0000000000
30973129553,222738.0000000000
30975423963,222746.0000000000
30977718364,222754.0000000000
30980012752,222762.0000000000
30982307181,222770.0000000000
30984601590,222778.0000000000
31067936335,222786.0000000000
31071377986,222794.0000000000
31075966755,222802.0000000000
31079408367,222810.0000000000
31082849945,222818.0000000000
31087438758,222826.0000000000
31090880347,222834.0000000000
31095469091,222842.0000000000
31097763556,222850.0000000000
31101205137,222858.0000000000
31103499592,222866.0000000000
31106941099,222874.0000000000
31109235586,222882.0000000000
31112677129,222890.0000000000
31114971636,222898.0000000000
31117266066,222906.0000000000
31121854665,222914.0000000000
31126443469,222922.0000000000
31129885131,222930.0000000000
31133326622,222938.0000000000
31137915373,222946.0000000000
31142504147,222954.0000000000
31147092998,222962.0000000000
31151681815,222970.0000000000
31153976281,222978.0000000000
31156270714,222986.0000000000
31158565120,222994.0000000000
31162006670,223002.0000000000
31164301091,223010.0000000000
31166595525,223018.0000000000
31170036988,223026.0000000000
31173478514,223034.0000000000
31175773004,223042.0000000000
31179214620,223050.0000000000
31182656183,223058.0000000000
31187244890,223066.0000000000
31189539449,223074.0000000000
31192981042,223082.0000000000
31197569701,223090.0000000000
31201011381,223098.0000000000
31205600006,223106.0000000000
31207894561,223114.0000000000
31210189025,223122.0000000000
31212483425,223130.0000000000
31215924771,223138.0000000000
31220513717,223146.0000000000
31222808270,223154.0000000000
31226249667,223162.0000000000
31230838462,223170.0000000000
31233132971,223178.0000000000
31236574508,223186.0000000000
31240016163,223194.0000000000
31242310649,223202.0000000000
31244605156,223210.0000000000
31246899598,223218.0000000000
31249194098,223226.0000000000
31251488593,223234.0000000000
31253783123,223242.0000000000
31256077564,223250.0000000000
31258371967,223258.0000000000
31260666370,223266.0000000000
31262960789,223274.0000000000
31265255221,223282.0000000000
31267549627,223290.0000000000
31269844022,223298.0000000000
31272138451,223306.0000000000
31274432862,223314.0000000000
31276727310,223322.0000000000
31279021696,223330.0000000000
31281316119,223338.0000000000
31283610524,223346.0000000000
31285904933,223354.0000000000
31288199364,223362.0000000000
31290493764,223370.0000000000
31292788185,223378.0000000000
31295082596,223386.0000000000
31297376999,223394.0000000000
31299671403,223402.0000000000
31301965805,223410.0000000000
31304260236,223418.0000000000
31387595095,223426.0000000000
31391036729,223434.0000000000
31395625506,223442.0000000000
31399067142,223450.0000000000
31402508711,223458.0000000000
31407097544,223466.0000000000
31410539124,223474.0000000000
31415127887,223482.0000000000
31417422357,223490.0000000000
31420863922,223498.0000000000
31423158400,223506.0000000000
31426599911,223514.0000000000
31428894381,223522.0000000000
31432335950,223530.0000000000
31434630439,223538.0000000000
31436924873,223546.0000000000
31441513486,223554.0000000000
31446102309,223562.0000000000
31449543963,223570.0000000000
31452985451,223578.0000000000
31457574230,223586.0000000000
31462163009,223594.0000000000
31466751866,223602.0000000000
31471340689,223610.0000000000
31473635139,223618.0000000000
31475929575,223626.0000000000
31478224004,223634.0000000000
31481665559,223642.0000000000
31483959961,223650.0000000000
31486254419,223658.0000000000
31489695889,223666.0000000000
31493137418,223674.0000000000
31495431910,223682.0000000000
31498873513,223690.0000000000
31502315098,223698.0000000000
31506903793,223706.0000000000
31509198374,223714.0000000000
31512639952,223722.0000000000
31517228640,223730.0000000000
31520670322,223738.0000000000
31525258955,223746.0000000000
31527553512,223754.0000000000
31529847959,223762.0000000000
31532142382,223770.0000000000
31535583734,223778.0000000000
31540172686,223786.0000000000
31542467243,223794.0000000000
31545908623,223802.0000000000
31550497444,223810.0000000000
31552791957,223818.0000000000
31556233500,223826.0000000000
31559675158,223834.0000000000
31561969627,223842.0000000000
31564264158,223850.0000000000
31566558603,223858.0000000000
31568853087,223866.0000000000
31571147605,223874.0000000000
31573442136,223882.0000000000
31575736594,223890.0000000000
31578030968,223898.0000000000
31580325394,223906.0000000000
31582619816,223914.0000000000
31584914231,223922.0000000000
31587208661,223930.0000000000
31589503054,223938.0000000000
31591797491,223946.0000000000
31594091906,223954.0000000000
31596386355,223962.0000000000
31598680758,223970.0000000000
31600975151,223978.0000000000
31603269580,223986.0000000000
31605563992,223994.0000000000
31607858407,224002.0000000000
31610152830,224010.0000000000
31612447253,224018.0000000000
31614741668,224026.0000000000
31617036054,224034.0000000000
31619330481,224042.0000000000
31621624865,224050.0000000000
31623919300,224058.0000000000
31707254296,224066.0000000000
31710695935,224074.0000000000
31715284718,224082.0000000000
31718726372,224090.0000000000
31722167932,224098.0000000000
31726756771,224106.0000000000
31730198358,224114.0000000000
31734787126,224122.0000000000
31737081602,224130.0000000000
31740523157,224138.0000000000
31742817630,224146.0000000000
31746259166,224154.0000000000
31748553629,224162.0000000000
31751995192,224170.0000000000
31754289704,224178.0000000000
31756584144,224186.0000000000
31761172762,224194.0000000000
31765761592,224202.0000000000
31768055972,224210.0000000000
31770350452,224218.0000000000
31773791945,224226.0000000000
31778380730,224234.0000000000
31782969496,224242.0000000000
31787558383,224250.0000000000
31792147210,224258.0000000000
31794441661,224266.0000000000
31796736113,224274.0000000000
31799030513,224282.0000000000
31802472092,224290.0000000000
31804766498,224298.0000000000
31807060937,224306.0000000000
31810502426,224314.0000000000
31813943947,224322.0000000000
31816238464,224330.0000000000
31819680072,224338.0000000000
31823121659,224346.0000000000
31827710364,224354.0000000000
31830004926,224362.0000000000
31833446529,224370.0000000000
31838035203,224378.0000000000
31841476910,224386.0000000000
31846065530,224394.0000000000
31848360110,224402.0000000000
31850654540,224410.0000000000
31852948967,224418.0000000000
31856390343,224426.0000000000
31860979284,224434.0000000000
31863273864,224442.0000000000
31866715259,224450.0000000000
31871304076,224458.0000000000
31873598595,224466.0000000000
31877040118,224474.0000000000
31880481803,224482.0000000000
31882776274,224490.0000000000
31885070808,224498.0000000000
31887365257,224506.0000000000
31889659744,224514.0000000000
31891954244,224522.0000000000
31894248800,224530.0000000000
31896543253,224538.0000000000
31898837642,224546.0000000000
31901132066,224554.0000000000
31903426492,224562.0000000000
31905720923,224570.0000000000
31908015326,224578.0000000000
31910309745,224586.0000000000
31912604184,224594.0000000000
31914898579,224602.0000000000
31917193050,224610.0000000000
31919487458,224618.0000000000
31921781858,224626.0000000000
31924076287,224634.0000000000
31926370702,224642.0000000000
31928665118,224650.0000000000
31930959525,224658.0000000000
31933253972,224666.0000000000
31935548382,224674.0000000000
31937842771,224682.0000000000
31940137210,224690.0000000000
31942431611,224698.0000000000
31944726047,224706.0000000000
32028061130,224714.0000000000
32031502786,224722.0000000000
32036091584,224730.0000000000
32039533235,224738.0000000000
32042974787,224746.0000000000
32047563657,224754.0000000000
32051005224,224762.0000000000
32055594025,224770.0000000000
32057888480,224778.0000000000
32061330058,224786.0000000000
32063624519,224794.0000000000
32067066057,224802.0000000000
32069360543,224810.0000000000
32072802090,224818.0000000000
32075096627,224826.0000000000
32077391068,224834.0000000000
32081979673,224842.0000000000
32086568533,224850.0000000000
32088862910,224858.0000000000
32091157398,224866.0000000000
32094598901,224874.0000000000
32099187688,224882.0000000000
32103776461,224890.0000000000
32108365353,224898.0000000000
32112954165,224906.0000000000
32115248641,224914.0000000000
32117543087,224922.0000000000
32119837480,224930.0000000000
32123279082,224938.0000000000
32125573497,224946.0000000000
32127867915,224954.0000000000
32131309428,224962.0000000000
32134750955,224970.0000000000
32137045454,224978.0000000000
32140487078,224986.0000000000
32143928659,224994.0000000000
32148517382,225002.0000000000
32150811936,225010.0000000000
32154253566,225018.0000000000
32158842225,225026.0000000000
32162283958,225034.0000000000
32166872564,225042.0000000000
32169167167,225050.0000000000
32171461601,225058.0000000000
32173756032,225066.0000000000
32177197412,225074.0000000000
32181786361,225082.0000000000
32184080943,225090.0000000000
32187522334,225098.0000000000
32192111167,225106.0000000000
32194405689,225114.0000000000
32197847198,225122.0000000000
32201288907,225130.0000000000
32203583385,225138.0000000000
32205877899,225146.0000000000
32208172372,225154.0000000000
32210466861,225162.0000000000
32212761364,225170.0000000000
32215055903,225178.0000000000
32217350383,225186.0000000000
32219644761,225194.0000000000
32221939180,225202.0000000000
32224233629,225210.0000000000
32226528056,225218.0000000000
32228822450,225226.0000000000
32231116893,225234.0000000000
32233411336,225242.0000000000
32235705737,225250.0000000000
32238000187,225258.0000000000
32240294619,225266.0000000000
32242589026,225274.0000000000
32244883434,225282.0000000000
32247177873,225290.0000000000
32249472292,225298.0000000000
32251766704,225306.0000000000
32254061133,225314.0000000000
32256355566,225322.0000000000
32258649947,225330.0000000000
32260944381,225338.0000000000
32263238804,225346.0000000000
32265533236,225354.0000000000
32348868430,225362.0000000000
32352310110,225370.0000000000
32356898894,225378.0000000000
32360340570,225386.0000000000
32363782130,225394.0000000000
32368371005,225402.0000000000
32371812558,225410.0000000000
32376401386,225418.0000000000
32378695844,225426.0000000000
32382137426,225434.0000000000
32384431891,225442.0000000000
32387873413,225450.0000000000
32390167924,225458.0000000000
32393609479,225466.0000000000
32395903996,225474.0000000000
32398198460,225482.0000000000
32402787052,225490.0000000000
32407375939,225498.0000000000
32409670340,225506.0000000000
32411964790,225514.0000000000
32415406317,225522.0000000000
32419995091,225530.0000000000
32424583895,225538.0000000000
32429172790,225546.0000000000
32433761608,225554.0000000000
32436056068,225562.0000000000
32438350538,225570.0000000000
32440644919,225578.0000000000
32444086543,225586.0000000000
32446380960,225594.0000000000
32448675362,225602.0000000000
32450969742,225610.0000000000
32454411231,225618.0000000000
32456705732,225626.0000000000
32460147363,225634.0000000000
32463588948,225642.0000000000
32468177679,225650.0000000000
32470472236,225658.0000000000
32473913849,225666.0000000000
32478502524,225674.0000000000
32481944256,225682.0000000000
32486532875,225690.0000000000
32488827474,225698.0000000000
32491121931,225706.0000000000
32493416366,225714.0000000000
32496857730,225722.0000000000
32501446706,225730.0000000000
32503741304,225738.0000000000
32507182689,225746.0000000000
32511771528,225754.0000000000
32514066033,225762.0000000000
32517507555,225770.0000000000
32520949260,225778.0000000000
32523243762,225786.0000000000
32525538268,225794.0000000000
32527832736,225802.0000000000
32530127250,225810.0000000000
32532421755,225818.0000000000
32534716311,225826.0000000000
32537010761,225834.0000000000
32539305182,225842.0000000000
32541599588,225850.0000000000
32543894018,225858.0000000000
32546188468,225866.0000000000
32548482860,225874.0000000000
32550777312,225882.0000000000
32553071739,225890.0000000000
32555366162,225898.0000000000
32557660615,225906.0000000000
32559955032,225914.0000000000
32562249462,225922.0000000000
32564543860,225930.0000000000
32566838295,225938.0000000000
32569132738,225946.0000000000
32571427153,225954.0000000000
32573721598,225962.0000000000
32576016002,225970.0000000000
32578310423,225978.0000000000
32580604844,225986.0000000000
32582899251,225994.0000000000
32585193705,226002.0000000000
32668529012,226010.0000000000
32671970690,226018.0000000000
32676559488,226026.0000000000
32680001161,226034.0000000000
32683442746,226042.0000000000
32688031608,226050.0000000000
32691473186,226058.0000000000
32696062001,226066.0000000000
32698356484,226074.0000000000
32701798050,226082.0000000000
32704092539,226090.0000000000
32707534054,226098.0000000000
32709828559,226106.0000000000
32713270140,226114.0000000000
32715564648,226122.0000000000
32717859108,226130.0000000000
32722447727,226138.0000000000
32727036601,226146.0000000000
32729331024,226154.0000000000
32731625458,226162.0000000000
32735066992,226170.0000000000
32739655772,226178.0000000000
32744244605,226186.0000000000
32748833486,226194.0000000000
32753422330,226202.0000000000
32755716805,226210.0000000000
32758011247,226218.0000000000
32760305669,226226.0000000000
32763747294,226234.0000000000
32766041681,226242.0000000000
32768336106,226250.0000000000
32770630489,226258.0000000000
32774071964,226266.0000000000
32776366489,226274.0000000000
32779808106,226282.0000000000
32783249715,226290.0000000000
32787838433,226298.0000000000
32790133015,226306.0000000000
32793574619,226314.0000000000
32798163316,226322.0000000000
32801605051,226330.0000000000
32806193678,226338.0000000000
32808488268,226346.0000000000
32810782719,226354.0000000000
32813077159,226362.0000000000
32816518536,226370.0000000000
32821107531,226378.0000000000
32823402132,226386.0000000000
32826843503,226394.0000000000
32831432370,226402.0000000000
32833726892,226410.0000000000
32837168406,226418.0000000000
32840610114,226426.0000000000
32842904601,226434.0000000000
32845199132,226442.0000000000
32847493588,226450.0000000000
32849788098,226458.0000000000
32852082606,226466.0000000000
32854377188,226474.0000000000
32856671641,226482.0000000000
32858966045,226490.0000000000
32861260474,226498.0000000000
32863554896,226506.0000000000
32865849341,226514.0000000000
32868143763,226522.0000000000
32870438212,226530.0000000000
32872732656,226538.0000000000
32875027050,226546.0000000000
32877321525,226554.0000000000
32879615945,226562.0000000000
32881910359,226570.0000000000
32884204782,226578.0000000000
32886499207,226586.0000000000
32888793647,226594.0000000000
32891088064,226602.0000000000
32893382531,226610.0000000000
32895676941,226618.0000000000
32897971346,226626.0000000000
32900265790,226634.0000000000
32902560185,226642.0000000000
32904854636,226650.0000000000
32988190091,226658.0000000000
32991631755,226666.0000000000
32996220580,226674.0000000000
32999662260,226682.0000000000
33003103849,226690.0000000000
33007692719,226698.0000000000
33011134302,226706.0000000000
33015723137,226714.0000000000
33018017590,226722.0000000000
33021459181,226730.0000000000
33023753674,226738.0000000000
33027195195,226746.0000000000
33029489690,226754.0000000000
33032931268,226762.0000000000
33035225801,226770.0000000000
33037520253,226778.0000000000
33042108890,226786.0000000000
33046697773,226794.0000000000
33048992178,226802.0000000000
33051286635,226810.0000000000
33054728188,226818.0000000000
33059316960,226826.0000000000
33063905781,226834.0000000000
33068494677,226842.0000000000
33073083519,226850.0000000000
33075378020,226858.0000000000
33077672465,226866.0000000000
33079966870,226874.0000000000
33083408521,226882.0000000000
33085702922,226890.0000000000
33087997319,226898.0000000000
33090291741,226906.0000000000
33093733220,226914.0000000000
33096027715,226922.0000000000
33099469345,226930.0000000000
33102910952,226938.0000000000
33107499684,226946.0000000000
33109794262,226954.0000000000
33113235891,226962.0000000000
33117824575,226970.0000000000
33120118998,226978.0000000000
33122413537,226986.0000000000
33127002151,226994.0000000000
33129296764,227002.0000000000
33131591223,227010.0000000000
33133885644,227018.0000000000
33137327045,227026.0000000000
33141916028,227034.0000000000
33144210652,227042.0000000000
33147652009,227050.0000000000
33152240902,227058.0000000000
33154535420,227066.0000000000
33157976926,227074.0000000000
33161418660,227082.0000000000
33163713164,227090.0000000000
33166007665,227098.0000000000
33168302145,227106.0000000000
33170596663,227114.0000000000
33172891151,227122.0000000000
33175185756,227130.0000000000
33177480203,227138.0000000000
33179774600,227146.0000000000
33182069032,227154.0000000000
33184363479,227162.0000000000
33186657906,227170.0000000000
33188952332,227178.0000000000
33191246805,227186.0000000000
33193541244,227194.0000000000
33195835634,227202.0000000000
33198130129,227210.0000000000
33200424551,227218.0000000000
33202718982,227226.0000000000
33205013376,227234.0000000000
33207307824,227242.0000000000
33209602272,227250.0000000000
33211896668,227258.0000000000
33214191161,227266.0000000000
33216485565,227274.0000000000
33218779961,227282.0000000000
33221074408,227290.0000000000
33223368831,227298.0000000000
33225663284,227306.0000000000
33308998847,227314.0000000000
33312440537,227322.0000000000
33317029349,227330.0000000000
33320471046,227338.0000000000
33323912628,227346.0000000000
33328501519,227354.0000000000
33331943094,227362.0000000000
33336531948,227370.0000000000
33338826394,227378.0000000000
33342268009,227386.0000000000
33344562498,227394.0000000000
33348004013,227402.0000000000
33350298533,227410.0000000000
33353740127,227418.0000000000
33356034633,227426.0000000000
33358329107,227434.0000000000
33362917731,227442.0000000000
33367506633,227450.0000000000
33369801030,227458.0000000000
33372095490,227466.0000000000
33375537062,227474.0000000000
33380125849,227482.0000000000
33384714690,227490.0000000000
33389303580,227498.0000000000
33393892410,227506.0000000000
33396186935,227514.0000000000
33398481373,227522.0000000000
33400775772,227530.0000000000
33404217450,227538.0000000000
33406511843,227546.0000000000
33408806233,227554.0000000000
33411100660,227562.0000000000
33414542155,227570.0000000000
33416836642,227578.0000000000
33420278299,227586.0000000000
33423719921,227594.0000000000
33428308649,227602.0000000000
33430603234,227610.0000000000
33434044844,227618.0000000000
33438633535,227626.0000000000
33440927964,227634.0000000000
33443222526,227642.0000000000
33447811127,227650.0000000000
33450105764,227658.0000000000
33452400226,227666.0000000000
33454694650,227674.0000000000
33458136058,227682.0000000000
33462725060,227690.0000000000
33465019655,227698.0000000000
33468461029,227706.0000000000
33473049916,227714.0000000000
33475344460,227722.0000000000
33478785951,227730.0000000000
33482227709,227738.0000000000
33484522210,227746.0000000000
33486816703,227754.0000000000
33489111208,227762.0000000000
33491405727,227770.0000000000
33493700221,227778.0000000000
33495994809,227786.0000000000
33498289281,227794.0000000000
33500583671,227802.0000000000
33502878096,227810.0000000000
33505172567,227818.0000000000
33507466988,227826.0000000000
33509761425,227834.0000000000
33512055883,227842.0000000000
33514350346,227850.0000000000
33516644727,227858.0000000000
33518939216,227866.0000000000
33521233663,227874.0000000000
33523528089,227882.0000000000
33525822481,227890.0000000000
33528116946,227898.0000000000
33530411398,227906.0000000000
33532705814,227914.0000000000
33535000276,227922.0000000000
33537294702,227930.0000000000
33539589096,227938.0000000000
33541883533,227946.0000000000
33544177981,227954.0000000000
33546472428,227962.0000000000
33629808112,227970.0000000000
33633249828,227978.0000000000
33637838629,227986.0000000000
33641280350,227994.0000000000
33644721950,228002.0000000000
33649310837,228010.0000000000
33652752430,228018.0000000000
33657341280,228026.0000000000
33659635707,228034.0000000000
33663077328,228042.0000000000
33665371841,228050.0000000000
33668813342,228058.0000000000
33671107886,228066.0000000000
33674549477,228074.0000000000
33676843974,228082.0000000000
33679138471,228090.0000000000
33683727117,228098.0000000000
33688316012,228106.0000000000
33690610415,228114.0000000000
33692904858,228122.0000000000
33696346455,228130.0000000000
33700935229,228138.0000000000
33705524089,228146.0000000000
33710112996,228154.0000000000
33714701844,228162.0000000000
33716996340,228170.0000000000
33719290804,228178.0000000000
33721585197,228186.0000000000
33725026870,228194.0000000000
33727321290,228202.0000000000
33729615692,228210.0000000000
33731910090,228218.0000000000
33735351610,228226.0000000000
33737646081,228234.0000000000
33741087743,228242.0000000000
33744529383,228250.0000000000
33749118127,228258.0000000000
33751412717,228266.0000000000
33754854311,228274.0000000000
33759443031,228282.0000000000
33761737476,228290.0000000000
33764032007,228298.0000000000
33768620637,228306.0000000000
33770915257,228314.0000000000
33773209743,228322.0000000000
33775504163,228330.0000000000
33778945564,228338.0000000000
33783534584,228346.0000000000
33785829172,228354.0000000000
33789270572,228362.0000000000
33792712280,228370.0000000000
33795006792,228378.0000000000
33798448309,228386.0000000000
33801890053,228394.0000000000
33804184579,228402.0000000000
33806479063,228410.0000000000
33808773564,228418.0000000000
33811068086,228426.0000000000
33813362604,228434.0000000000
33815657175,228442.0000000000
33817951652,228450.0000000000
33820246073,228458.0000000000
33822540482,228466.0000000000
33824834950,228474.0000000000
33827129393,228482.0000000000
33829423833,228490.0000000000
33831718308,228498.0000000000
33834012743,228506.0000000000
33836307164,228514.0000000000
33838601640,228522.0000000000
33840896070,228530.0000000000
33843190522,228538.0000000000
33845484914,228546.0000000000
33847779364,228554.0000000000
33850073822,228562.0000000000
33852368261,228570.0000000000
33854662727,228578.0000000000
33856957135,228586.0000000000
33859251558,228594.0000000000
33861545982,228602.0000000000
33863840426,228610.0000000000
33866134897,228618.0000000000
33949470705,228626.0000000000
33952912419,228634.0000000000
33957501235,228642.0000000000
33960942954,228650.0000000000
33964384580,228658.0000000000
33968973454,228666.0000000000
33972415073,228674.0000000000
33977003909,228682.0000000000
33979298360,228690.0000000000
33982740001,228698.0000000000
33985034484,228706.0000000000
33988475999,228714.0000000000
33990770539,228722.0000000000
33994212156,228730.0000000000
33996506643,228738.0000000000
33998801137,228746.0000000000
34003389810,228754.0000000000
34007978692,228762.0000000000
34010273120,228770.0000000000
34012567554,228778.0000000000
34016009149,228786.0000000000
34020597938,228794.0000000000
34025186819,228802.0000000000
34029775713,228810.0000000000
34034364588,228818.0000000000
34036659067,228826.0000000000
34038953536,228834.0000000000
34041247958,228842.0000000000
34044689632,228850.0000000000
34046984034,228858.0000000000
34049278462,228866.0000000000
34051572855,228874.0000000000
34055014367,228882.0000000000
34057308864,228890.0000000000
34060750545,228898.0000000000
34064192178,228906.0000000000
34068780909,228914.0000000000
34071075502,228922.0000000000
34074517108,228930.0000000000
34079105829,228938.0000000000
34081400298,228946.0000000000
34083694832,228954.0000000000
34088283471,228962.0000000000
34090578082,228970.0000000000
34092872564,228978.0000000000
34095167008,228986.0000000000
34098608415,228994.0000000000
34103197441,229002.0000000000
34105492022,229010.0000000000
34108933419,229018.0000000000
34112375152,229026.0000000000
34114669669,229034.0000000000
34118111171,229042.0000000000
34121552928,229050.0000000000
34123847451,229058.0000000000
34126141960,229066.0000000000
34128436464,229074.0000000000
34130731002,229082.0000000000
34133025490,229090.0000000000
34135320088,229098.0000000000
34137614568,229106.0000000000
34139908972,229114.0000000000
34142203404,229122.0000000000
34144497864,229130.0000000000
34146792305,229138.0000000000
34149086747,229146.0000000000
34151381244,229154.0000000000
34153675685,229162.0000000000
34155970090,229170.0000000000
34158264589,229178.0000000000
34160559009,229186.0000000000
34162853458,229194.0000000000
34165147882,229202.0000000000
34167442329,229210.0000000000
34169736802,229218.0000000000
34172031211,229226.0000000000
34174325704,229234.0000000000
34176620115,229242.0000000000
34178914521,229250.0000000000
34181208970,229258.0000000000
34183503405,229266.0000000000
34185797874,229274.0000000000
34269133840,229282.0000000000
34272575546,229290.0000000000
34277164383,229298.0000000000
34280606095,229306.0000000000
34284047720,229314.0000000000
34288636601,229322.0000000000
34292078226,229330.0000000000
34296667089,229338.0000000000
34298961524,229346.0000000000
34302403193,229354.0000000000
34304697691,229362.0000000000
34308139200,229370.0000000000
34310433742,229378.0000000000
34313875345,229386.0000000000
34316169855,229394.0000000000
34318464341,229402.0000000000
34323053014,229410.0000000000
34327641902,229418.0000000000
34329936335,229426.0000000000
34332230795,229434.0000000000
34335672395,229442.0000000000
34340261192,229450.0000000000
34344850059,229458.0000000000
34349438982,229466.0000000000
34354027843,229474.0000000000
34356322348,229482.0000000000
34358616820,229490.0000000000
34360911226,229498.0000000000
34364352924,229506.0000000000
34366647311,229514.0000000000
34368941744,229522.0000000000
34371236165,229530.0000000000
34374677678,229538.0000000000
34376972158,229546.0000000000
34380413867,229554.0000000000
34383855484,229562.0000000000
34388444231,229570.0000000000
34390738853,229578.0000000000
34394180451,229586.0000000000
34398769162,229594.0000000000
34401063633,229602.0000000000
34403358191,229610.0000000000
34407946819,229618.0000000000
34410241453,229626.0000000000
34412535927,229634.0000000000
34414830368,229642.0000000000
34418271801,229650.0000000000
34422860813,229658.0000000000
34425155419,229666.0000000000
34428596810,229674.0000000000
34432038539,229682.0000000000
34434333081,229690.0000000000
34437774570,229698.0000000000
34441216352,229706.0000000000
34443510866,229714.0000000000
34445805372,229722.0000000000
34448099879,229730.0000000000
34450394440,229738.0000000000
34452688843,229746.0000000000
34454983224,229754.0000000000
34457277648,229762.0000000000
34459572039,229770.0000000000
34461866429,229778.0000000000
34464160854,229786.0000000000
34466455246,229794.0000000000
34468749648,229802.0000000000
34471044036,229810.0000000000
34473338460,229818.0000000000
34475632842,229826.0000000000
34477927242,229834.0000000000
34480221666,229842.0000000000
34482516058,229850.0000000000
34484810449,229858.0000000000
34487104850,229866.0000000000
34489399273,229874.0000000000
34491693675,229882.0000000000
34493988056,229890.0000000000
34496282479,229898.0000000000
34498576871,229906.0000000000
34500871262,229914.0000000000
34503165685,229922.0000000000
34505460078,229930.0000000000
34507754480,229938.0000000000
34589944695,229946.0000000000
34593386428,229954.0000000000
34597975250,229962.0000000000
34601416990,229970.0000000000
34604858601,229978.0000000000
34609447500,229986.0000000000
34612889120,229994.0000000000
34617478002,230002.0000000000
34619772430,230010.0000000000
34623214124,230018.0000000000
34625508618,230026.0000000000
34628950121,230034.0000000000
34631244688,230042.0000000000
34634686297,230050.0000000000
34636980791,230058.0000000000
34639275300,230066.0000000000
34643863961,230074.0000000000
34648452868,230082.0000000000
34650747307,230090.0000000000
34653041758,230098.0000000000
34656483374,230106.0000000000
34661072168,230114.0000000000
34665661044,230122.0000000000
34670249995,230130.0000000000
34674838843,230138.0000000000
34677133372,230146.0000000000
34679427848,230154.0000000000
34681722271,230162.0000000000
34685163962,230170.0000000000
34687458354,230178.0000000000
34689752782,230186.0000000000
34692047193,230194.0000000000
34695488725,230202.0000000000
34697783197,230210.0000000000
34701224932,230218.0000000000
34704666554,230226.0000000000
34709255311,230234.0000000000
34711549928,230242.0000000000
34714991520,230250.0000000000
34719580251,230258.0000000000
34721874714,230266.0000000000
34724169297,230274.0000000000
34728757925,230282.0000000000
34731052550,230290.0000000000
34733347047,230298.0000000000
34735641473,230306.0000000000
34739082911,230314.0000000000
34743671951,230322.0000000000
34745966542,230330.0000000000
34749407959,230338.0000000000
34752849674,230346.0000000000
34755144240,230354.0000000000
34758585721,230362.0000000000
34762027502,230370.0000000000
34764322041,230378.0000000000
34766616537,230386.0000000000
34768911041,230394.0000000000
34771205627,230402.0000000000
34773500023,230410.0000000000
34775794414,230418.0000000000
34778088825,230426.0000000000
34780383247,230434.0000000000
34782677650,230442.0000000000
34784972043,230450.0000000000
34787266466,230458.0000000000
34789560859,230466.0000000000
34791855249,230474.0000000000
34794149687,230482.0000000000
34796444078,230490.0000000000
34798738482,230498.0000000000
34801032883,230506.0000000000
34803327305,230514.0000000000
34805621707,230522.0000000000
34807916090,230530.0000000000
34810210527,230538.0000000000
34812504924,230546.0000000000
34814799315,230554.0000000000
34817093724,230562.0000000000
34819388146,230570.0000000000
34821682548,230578.0000000000
34823976943,230586.0000000000
34826271363,230594.0000000000
34828565759,230602.0000000000
34910756116,230610.0000000000
34914197863,230618.0000000000
34918786671,230626.0000000000
34922228439,230634.0000000000
34925670055,230642.0000000000
34930258962,230650.0000000000
34933700602,230658.0000000000
34938289478,230666.0000000000
34940583896,230674.0000000000
34944025590,230682.0000000000
34946320107,230690.0000000000
34949761609,230698.0000000000
34952056169,230706.0000000000
34955497795,230714.0000000000
34957792281,230722.0000000000
34960086793,230730.0000000000
34964675484,230738.0000000000
34969264398,230746.0000000000
34971558832,230754.0000000000
34973853277,230762.0000000000
34977294917,230770.0000000000
34981883700,230778.0000000000
34986472596,230786.0000000000
34991061542,230794.0000000000
34995650399,230802.0000000000
34997944931,230810.0000000000
35000239431,230818.0000000000
35002533851,230826.0000000000
35005975536,230834.0000000000
35008269958,230842.0000000000
35010564374,230850.0000000000
35012858780,230858.0000000000
35016300337,230866.0000000000
35018594800,230874.0000000000
35022036534,230882.0000000000
35025478174,230890.0000000000
35030066928,230898.0000000000
35032361569,230906.0000000000
35035803146,230914.0000000000
35040391906,230922.0000000000
35042686374,230930.0000000000
35044980939,230938.0000000000
35049569586,230946.0000000000
35051864205,230954.0000000000
35054158727,230962.0000000000
35056453147,230970.0000000000
35059894580,230978.0000000000
35064483640,230986.0000000000
35066778223,230994.0000000000
35070219667,231002.0000000000
35073661368,231010.0000000000
35075955936,231018.0000000000
35079397443,231026.0000000000
35082839212,231034.0000000000
35085133752,231042.0000000000
35087428274,231050.0000000000
35089722795,231058.0000000000
35092017352,231066.0000000000
35094311775,231074.0000000000
35096606162,231082.0000000000
35098900562,231090.0000000000
35101195009,231098.0000000000
35103489407,231106.0000000000
35105783796,231114.0000000000
35108078218,231122.0000000000
35110372641,231130.0000000000
35112667044,231138.0000000000
35114961426,231146.0000000000
35117255847,231154.0000000000
35119550240,231162.0000000000
35121844632,231170.0000000000
35124139055,231178.0000000000
35126433446,231186.0000000000
35128727870,231194.0000000000
35131022240,231202.0000000000
35133316662,231210.0000000000
35135611050,231218.0000000000
35137905447,231226.0000000000
35140199868,231234.0000000000
35142494261,231242.0000000000
35144788652,231250.0000000000
35147083053,231258.0000000000
35149377476,231266.0000000000
35230420907,231274.0000000000
35233862641,231282.0000000000
35238451463,231290.0000000000
35241893230,231298.0000000000
35245334872,231306.0000000000
35249923767,231314.0000000000
35253365434,231322.0000000000
35257954297,231330.0000000000
35260248739,231338.0000000000
35263690454,231346.0000000000
35265984940,231354.0000000000
35269426456,231362.0000000000
35271721044,231370.0000000000
35275162665,231378.0000000000
35277457143,231386.0000000000
35279751664,231394.0000000000
35284340372,231402.0000000000
35288929272,231410.0000000000
35291223731,231418.0000000000
35293518168,231426.0000000000
35296959806,231434.0000000000
35301548605,231442.0000000000
35306137502,231450.0000000000
35310726487,231458.0000000000
35315315341,231466.0000000000
35317609863,231474.0000000000
35319904359,231482.0000000000
35322198806,231490.0000000000
35325640475,231498.0000000000
35327934903,231506.0000000000
35330229342,231514.0000000000
35332523740,231522.0000000000
35335965295,231530.0000000000
35338259782,231538.0000000000
35341701537,231546.0000000000
35345143170,231554.0000000000
35349731923,231562.0000000000
35352026556,231570.0000000000
35355468146,231578.0000000000
35360056907,231586.0000000000
35362351399,231594.0000000000
35364645948,231602.0000000000
35369234623,231610.0000000000
35371529234,231618.0000000000
35373823755,231626.0000000000
35376118176,231634.0000000000
35379559623,231642.0000000000
35384148707,231650.0000000000
35386443279,231658.0000000000
35389884722,231666.0000000000
35393326449,231674.0000000000
35395621009,231682.0000000000
35399062514,231690.0000000000
35402504298,231698.0000000000
35404798833,231706.0000000000
35407093359,231714.0000000000
35409387905,231722.0000000000
35411682467,231730.0000000000
35413976873,231738.0000000000
35416271296,231746.0000000000
35418565688,231754.0000000000
35420860118,231762.0000000000
35423154543,231770.0000000000
35425448935,231778.0000000000
35427743354,231786.0000000000
35430037768,231794.0000000000
35432332195,231802.0000000000
35434626585,231810.0000000000
35436920987,231818.0000000000
35439215409,231826.0000000000
35441509801,231834.0000000000
35443804207,231842.0000000000
35446098608,231850.0000000000
35448393049,231858.0000000000
35450687453,231866.0000000000
35452981834,231874.0000000000
35455276255,231882.0000000000
35457570647,231890.0000000000
35459865049,231898.0000000000
35462159470,231906.0000000000
35464453864,231914.0000000000
35466748268,231922.0000000000
35469042672,231930.0000000000
35550086249,231938.0000000000
35553527997,231946.0000000000
35558116820,231954.0000000000
35561558602,231962.0000000000
35565000242,231970.0000000000
35569589153,231978.0000000000
35573030818,231986.0000000000
35577619698,231994.0000000000
35579914136,232002.0000000000
35583355877,232010.0000000000
35585650347,232018.0000000000
35589091869,232026.0000000000
35591386483,232034.0000000000
35594828090,232042.0000000000
35597122570,232050.0000000000
35599417117,232058.0000000000
35604005813,232066.0000000000
35608594728,232074.0000000000
35610889185,232082.0000000000
35613183645,232090.0000000000
35616625277,232098.0000000000
35621214098,232106.0000000000
35625802983,232114.0000000000
35630391996,232122.0000000000
35634980837,232130.0000000000
35637275386,232138.0000000000
35639569872,232146.0000000000
35641864316,232154.0000000000
35645306011,232162.0000000000
35647600430,232170.0000000000
35649894866,232178.0000000000
35652189289,232186.0000000000
35655630816,232194.0000000000
35657925321,232202.0000000000
35661367102,232210.0000000000
35664808723,232218.0000000000
35669397503,232226.0000000000
35671692154,232234.0000000000
35675133717,232242.0000000000
35679722499,232250.0000000000
35682016982,232258.0000000000
35684311555,232266.0000000000
35688900218,232274.0000000000
35691194854,232282.0000000000
35693489366,232290.0000000000
35695783785,232298.0000000000
35699225257,232306.0000000000
35703814330,232314.0000000000
35706108906,232322.0000000000
35709550363,232330.0000000000
35712992088,232338.0000000000
35715286673,232346.0000000000
35718728176,232354.0000000000
35722169974,232362.0000000000
35724464501,232370.0000000000
35726759037,232378.0000000000
35729053574,232386.0000000000
35731348159,232394.0000000000
35733642549,232402.0000000000
35735936979,232410.0000000000
35738231399,232418.0000000000
35740525814,232426.0000000000
35742820237,232434.0000000000
35745114639,232442.0000000000
35747409075,232450.0000000000
35749703507,232458.0000000000
35751997906,232466.0000000000
35754292327,232474.0000000000
35756586718,232482.0000000000
35758881133,232490.0000000000
35761175555,232498.0000000000
35763469948,232506.0000000000
35765764355,232514.0000000000
35768058744,232522.0000000000
35770353164,232530.0000000000
35772647547,232538.0000000000
35774941950,232546.0000000000
35777236373,232554.0000000000
35779530765,232562.0000000000
35781825156,232570.0000000000
35784119558,232578.0000000000
35786413981,232586.0000000000
35788708397,232594.0000000000
35791002764,232602.0000000000
35870899378,232610.0000000000
35874341152,232618.0000000000
35878929963,232626.0000000000
35882371770,232634.0000000000
35885813397,232642.0000000000
35890402337,232650.0000000000
35893843987,232658.0000000000
35898432888,232666.0000000000
35900727332,232674.0000000000
35904169086,232682.0000000000
35906463552,232690.0000000000
35909905069,232698.0000000000
35912199708,232706.0000000000
35915641286,232714.0000000000
35917935785,232722.0000000000
35920230356,232730.0000000000
35924819041,232738.0000000000
35929407984,232746.0000000000
35931702460,232754.0000000000
35933996889,232762.0000000000
35937438538,232770.0000000000
35942027358,232778.0000000000
35946616257,232786.0000000000
35951205292,232794.0000000000
35955794122,232802.0000000000
35958088674,232810.0000000000
35960383185,232818.0000000000
35962677633,232826.0000000000
35966119314,232834.0000000000
35968413749,232842.0000000000
35970708211,232850.0000000000
35973002605,232858.0000000000
35976444150,232866.0000000000
35978738661,232874.0000000000
35982180457,232882.0000000000
35985622071,232890.0000000000
35990210872,232898.0000000000
35992505518,232906.0000000000
35995947077,232914.0000000000
36000535878,232922.0000000000
36002830355,232930.0000000000
36005124932,232938.0000000000
36009713614,232946.0000000000
36012008244,232954.0000000000
36014302780,232962.0000000000
36016597190,232970.0000000000
36020038660,232978.0000000000
36024627729,232986.0000000000
36026922322,232994.0000000000
36030363807,233002.0000000000
36033805519,233010.0000000000
36036100107,233018.0000000000
36039541626,233026.0000000000
36042983420,233034.0000000000
36045277974,233042.0000000000
36047572499,233050.0000000000
36049867033,233058.0000000000
36052161644,233066.0000000000
36054456037,233074.0000000000
36056750463,233082.0000000000
36059044876,233090.0000000000
36061339314,233098.0000000000
36063633709,233106.0000000000
36065928129,233114.0000000000
36068222588,233122.0000000000
36070517016,233130.0000000000
36072811408,233138.0000000000
36075105833,233146.0000000000
36077400257,233154.0000000000
36079694682,233162.0000000000
36081989073,233170.0000000000
36084283497,233178.0000000000
36086577891,233186.0000000000
36088872285,233194.0000000000
36091166720,233202.0000000000
36093461113,233210.0000000000
36095755519,233218.0000000000
36098049922,233226.0000000000
36100344345,233234.0000000000
36102638714,233242.0000000000
36104933128,233250.0000000000
36107227570,233258.0000000000
36109521979,233266.0000000000
36111816370,233274.0000000000
36191713115,233282.0000000000
36195154884,233290.0000000000
36199743714,233298.0000000000
36203185537,233306.0000000000
36206627158,233314.0000000000
36211216118,233322.0000000000
36214657753,233330.0000000000
36219246684,233338.0000000000
36221541124,233346.0000000000
36224982872,233354.0000000000
36227277365,233362.0000000000
36230718879,233370.0000000000
36233013511,233378.0000000000
36236455105,233386.0000000000
36238749611,233394.0000000000
36241044172,233402.0000000000
36245632854,233410.0000000000
36250221839,233418.0000000000
36252516310,233426.0000000000
36254810732,233434.0000000000
36258252408,233442.0000000000
36262841217,233450.0000000000
36267430134,233458.0000000000
36272019167,233466.0000000000
36276608014,233474.0000000000
36278902563,233482.0000000000
36281197098,233490.0000000000
36283491542,233498.0000000000
36286933218,233506.0000000000
36289227678,233514.0000000000
36291522134,233522.0000000000
36293816527,233530.0000000000
36297258093,233538.0000000000
36299552600,233546.0000000000
36302994390,233554.0000000000
36306436023,233562.0000000000
36311024822,233570.0000000000
36313319491,233578.0000000000
36316761048,233586.0000000000
36321349867,233594.0000000000
36323644313,233602.0000000000
36325938911,233610.0000000000
36330527611,233618.0000000000
36332822236,233626.0000000000
36335116774,233634.0000000000
36337411201,233642.0000000000
36340852666,233650.0000000000
36345441754,233658.0000000000
36347736354,233666.0000000000
36351177852,233674.0000000000
36354619558,233682.0000000000
36356914144,233690.0000000000
36360355689,233698.0000000000
36363797470,233706.0000000000
36366092027,233714.0000000000
36368386578,233722.0000000000
36370681116,233730.0000000000
36372975710,233738.0000000000
36375270135,233746.0000000000
36377564546,233754.0000000000
36379858955,233762.0000000000
36382153398,233770.0000000000
36384447811,233778.0000000000
36386742233,233786.0000000000
36389036685,233794.0000000000
36391331137,233802.0000000000
36393625527,233810.0000000000
36395919943,233818.0000000000
36398214392,233826.0000000000
36400508812,233834.0000000000
36402803203,233842.0000000000
36405097625,233850.0000000000
36407392046,233858.0000000000
36409686463,233866.0000000000
36411980860,233874.0000000000
36414275283,233882.0000000000
36416569676,233890.0000000000
36418864076,233898.0000000000
36421158478,233906.0000000000
36423452892,233914.0000000000
36425747295,233922.0000000000
36428041686,233930.0000000000
36430336108,233938.0000000000
36432630476,233946.0000000000
36511380267,233954.0000000000
36514822022,233962.0000000000
36519410867,233970.0000000000
36522852690,233978.0000000000
36526294339,233986.0000000000
36530883286,233994.0000000000
36534324948,234002.0000000000
36538913866,234010.0000000000
36541208334,234018.0000000000
36544650055,234026.0000000000
36546944564,234034.0000000000
36550386104,234042.0000000000
36552680741,234050.0000000000
36556122323,234058.0000000000
36558416840,234066.0000000000
36560711409,234074.0000000000
36565300108,234082.0000000000
36569889082,234090.0000000000
36572183577,234098.0000000000
36574477991,234106.0000000000
36577919667,234114.0000000000
36582508492,234122.0000000000
36587097411,234130.0000000000
36591686484,234138.0000000000
36596275327,234146.0000000000
36598569870,234154.0000000000
36600864400,234162.0000000000
36603158847,234170.0000000000
36606600538,234178.0000000000
36608894997,234186.0000000000
36611189476,234194.0000000000
36613483871,234202.0000000000
36616925427,234210.0000000000
36619219959,234218.0000000000
36622661732,234226.0000000000
36626103373,234234.0000000000
36630692216,234242.0000000000
36632986855,234250.0000000000
36636428426,234258.0000000000
36641017246,234266.0000000000
36643311717,234274.0000000000
36645606306,234282.0000000000
36650195029,234290.0000000000
36652489647,234298.0000000000
36654784180,234306.0000000000
36657078611,234314.0000000000
36660520091,234322.0000000000
36665109179,234330.0000000000
36667403792,234338.0000000000
36670845289,234346.0000000000
36674287024,234354.0000000000
36676581598,234362.0000000000
36680023143,234370.0000000000
36683464940,234378.0000000000
36685759505,234386.0000000000
36688054048,234394.0000000000
36690348610,234402.0000000000
36692643177,234410.0000000000
36694937619,234418.0000000000
36697232055,234426.0000000000
36699526455,234434.0000000000
36701820896,234442.0000000000
36704115313,234450.0000000000
36706409748,234458.0000000000
36708704207,234466.0000000000
36710998651,234474.0000000000
36713293075,234482.0000000000
36715587474,234490.0000000000
36717881920,234498.0000000000
36720176365,234506.0000000000
36722470758,234514.0000000000
36724765180,234522.0000000000
36727059593,234530.0000000000
36729354032,234538.0000000000
36731648403,234546.0000000000
36733942842,234554.0000000000
36736237265,234562.0000000000
36738531659,234570.0000000000
36740826049,234578.0000000000
36743120469,234586.0000000000
36745414884,234594.0000000000
36747709292,234602.0000000000
36750003698,234610.0000000000
36752298121,234618.0000000000
36831048014,234626.0000000000
36834489785,234634.0000000000
36839078630,234642.0000000000
36842520468,234650.0000000000
36845962115,234658.0000000000
36850551078,234666.0000000000
36853992740,234674.0000000000
36858581674,234682.0000000000
36860876140,234690.0000000000
36864317888,234698.0000000000
36866612389,234706.0000000000
36870053926,234714.0000000000
36872348589,234722.0000000000
36875790158,234730.0000000000
36878084679,234738.0000000000
36880379272,234746.0000000000
36884967960,234754.0000000000
36889556950,234762.0000000000
36891851443,234770.0000000000
36894145860,234778.0000000000
36897587552,234786.0000000000
36902176398,234794.0000000000
36906765320,234802.0000000000
36911354408,234810.0000000000
36915943240,234818.0000000000
36918237808,234826.0000000000
36920532330,234834.0000000000
36922826774,234842.0000000000
36926268490,234850.0000000000
36928562943,234858.0000000000
36930857418,234866.0000000000
36933151819,234874.0000000000
36936593386,234882.0000000000
36938887918,234890.0000000000
36942329717,234898.0000000000
36945771356,234906.0000000000
36950360217,234914.0000000000
36952654827,234922.0000000000
36956096417,234930.0000000000
36960685280,234938.0000000000
36962979722,234946.0000000000
36965274337,234954.0000000000
36969863048,234962.0000000000
36972157670,234970.0000000000
36974452215,234978.0000000000
36976746656,234986.0000000000
36980188150,234994.0000000000
36984777239,235002.0000000000
36987071845,235010.0000000000
36990513356,235018.0000000000
36993955091,235026.0000000000
36996249688,235034.0000000000
36999691253,235042.0000000000
37003133023,235050.0000000000
37005427602,235058.0000000000
37007722153,235066.0000000000
37010016708,235074.0000000000
37012311299,235082.0000000000
37014605733,235090.0000000000
37016900165,235098.0000000000
37019194590,235106.0000000000
37021489024,235114.0000000000
37023783449,235122.0000000000
37026077878,235130.0000000000
37028372360,235138.0000000000
37030666776,235146.0000000000
37032961218,235154.0000000000
37035255641,235162.0000000000
37037550079,235170.0000000000
37039844521,235178.0000000000
37042138924,235186.0000000000
37044433352,235194.0000000000
37046727775,235202.0000000000
37049022205,235210.0000000000
37051316628,235218.0000000000
37053611033,235226.0000000000
37055905453,235234.0000000000
37058199876,235242.0000000000
37060494270,235250.0000000000
37062788670,235258.0000000000
37065083091,235266.0000000000
37067377522,235274.0000000000
37069671926,235282.0000000000
37071966307,235290.0000000000
37074260729,235298.0000000000
37151863590,235306.0000000000
37155305387,235314.0000000000
37159894222,235322.0000000000
37163336087,235330.0000000000
37166777733,235338.0000000000
37171366713,235346.0000000000
37174808362,235354.0000000000
37179397316,235362.0000000000
37181691787,235370.0000000000
37185133529,235378.0000000000
37187428047,235386.0000000000
37190869580,235394.0000000000
37193164246,235402.0000000000
37196605831,235410.0000000000
37198900348,235418.0000000000
37201194966,235426.0000000000
37205783656,235434.0000000000
37210372662,235442.0000000000
37212667127,235450.0000000000
37214961560,235458.0000000000
37218403272,235466.0000000000
37222992114,235474.0000000000
37227581054,235482.0000000000
37232170144,235490.0000000000
37236758997,235498.0000000000
37239053558,235506.0000000000
37241348103,235514.0000000000
37243642519,235522.0000000000
37247084254,235530.0000000000
37249378733,235538.0000000000
37251673213,235546.0000000000
37253967599,235554.0000000000
37257409182,235562.0000000000
37259703722,235570.0000000000
37263145514,235578.0000000000
37266587167,235586.0000000000
37271176029,235594.0000000000
37273470656,235602.0000000000
37276912241,235610.0000000000
37281501125,235618.0000000000
37283795561,235626.0000000000
37286090179,235634.0000000000
37290678933,235642.0000000000
37292973527,235650.0000000000
37295268097,235658.0000000000
37297562530,235666.0000000000
37301004022,235674.0000000000
37305593128,235682.0000000000
37307887732,235690.0000000000
37311329268,235698.0000000000
37314771003,235706.0000000000
37317065593,235714.0000000000
37320507175,235722.0000000000
37323948941,235730.0000000000
37326243545,235738.0000000000
37328538088,235746.0000000000
37330832640,235754.0000000000
37333127234,235762.0000000000
37335421686,235770.0000000000
37337716124,235778.0000000000
37340010541,235786.0000000000
37342305000,235794.0000000000
37344599415,235802.0000000000
37346893843,235810.0000000000
37349188350,235818.0000000000
37351482761,235826.0000000000
37353777208,235834.0000000000
37356071623,235842.0000000000
37358366086,235850.0000000000
37360660500,235858.0000000000
37362954920,235866.0000000000
37365249374,235874.0000000000
37367543788,235882.0000000000
37369838215,235890.0000000000
37372132643,235898.0000000000
37374427063,235906.0000000000
37376721489,235914.0000000000
37379015904,235922.0000000000
37381310327,235930.0000000000
37383604719,235938.0000000000
37385899132,235946.0000000000
37388193590,235954.0000000000
37390487988,235962.0000000000
37392782394,235970.0000000000
37395076791,235978.0000000000
37472679842,235986.0000000000
37476121610,235994.0000000000
37480710469,236002.0000000000
37484152327,236010.0000000000
37487593987,236018.0000000000
37492182968,236026.0000000000
37495624634,236034.0000000000
37500213608,236042.0000000000
37502508076,236050.0000000000
37505949814,236058.0000000000
37508244355,236066.0000000000
37511685888,236074.0000000000
37513980547,236082.0000000000
37517422150,236090.0000000000
37519716670,236098.0000000000
37522011283,236106.0000000000
37526599990,236114.0000000000
37531189017,236122.0000000000
37533483477,236130.0000000000
37535777916,236138.0000000000
37539219644,236146.0000000000
37543808474,236154.0000000000
37548397436,236162.0000000000
37552986522,236170.0000000000
37557575391,236178.0000000000
37559869953,236186.0000000000
37562164499,236194.0000000000
37564458932,236202.0000000000
37567900665,236210.0000000000
37570195167,236218.0000000000
37572489644,236226.0000000000
37574784046,236234.0000000000
37578225632,236242.0000000000
37580520169,236250.0000000000
37583961957,236258.0000000000
37587403626,236266.0000000000
37591992486,236274.0000000000
37594287139,236282.0000000000
37597728722,236290.0000000000
37602317623,236298.0000000000
37604612052,236306.0000000000
37606906666,236314.0000000000
37611495442,236322.0000000000
37613790043,236330.0000000000
37616084604,236338.0000000000
37618379063,236346.0000000000
37621820542,236354.0000000000
37626409669,236362.0000000000
37628704277,236370.0000000000
37632145806,236378.0000000000
37635587556,236386.0000000000
37637882145,236394.0000000000
37641323753,236402.0000000000
37644765518,236410.0000000000
37647060115,236418.0000000000
37649354683,236426.0000000000
37651649206,236434.0000000000
37653943817,236442.0000000000
37656238295,236450.0000000000
37658532724,236458.0000000000
37660827138,236466.0000000000
37663121602,236474.0000000000
37665416033,236482.0000000000
37667710466,236490.0000000000
37670004966,236498.0000000000
37672299403,236506.0000000000
37674593841,236514.0000000000
37676888253,236522.0000000000
37679182721,236530.0000000000
37681477151,236538.0000000000
37683771577,236546.0000000000
37686066022,236554.0000000000
37688360462,236562.0000000000
37690654859,236570.0000000000
37692949306,236578.0000000000
37695243751,236586.0000000000
37697538169,236594.0000000000
37699832582,236602.0000000000
37702127009,236610.0000000000
37704421423,236618.0000000000
37706715835,236626.0000000000
37709010286,236634.0000000000
37711304708,236642.0000000000
37713599106,236650.0000000000
37715893503,236658.0000000000
37793496722,236666.0000000000
37795791296,236674.0000000000
37800380160,236682.0000000000
37803822018,236690.0000000000
37807263705,236698.0000000000
37811852675,236706.0000000000
37815294368,236714.0000000000
37819883331,236722.0000000000
37822177804,236730.0000000000
37825619556,236738.0000000000
37827914095,236746.0000000000
37831355654,236754.0000000000
37833650285,236762.0000000000
37837091909,236770.0000000000
37839386441,236778.0000000000
37841681052,236786.0000000000
37846269788,236794.0000000000
37850858804,236802.0000000000
37853153268,236810.0000000000
37855447720,236818.0000000000
37858889447,236826.0000000000
37863478295,236834.0000000000
37868067259,236842.0000000000
37872656341,236850.0000000000
37877245253,236858.0000000000
37879539807,236866.0000000000
37881834349,236874.0000000000
37884128786,236882.0000000000
37887570534,236890.0000000000
37889865033,236898.0000000000
37892159515,236906.0000000000
37894453931,236914.0000000000
37897895516,236922.0000000000
37900190057,236930.0000000000
37903631838,236938.0000000000
37907073528,236946.0000000000
37911662384,236954.0000000000
37913957056,236962.0000000000
37917398655,236970.0000000000
37921987557,236978.0000000000
37924282010,236986.0000000000
37926576616,236994.0000000000
37931165393,237002.0000000000
37933460008,237010.0000000000
37935754578,237018.0000000000
37938049029,237026.0000000000
37941490523,237034.0000000000
37946079652,237042.0000000000
37948374285,237050.0000000000
37951815801,237058.0000000000
37955257579,237066.0000000000
37957552161,237074.0000000000
37960993767,237082.0000000000
37964435547,237090.0000000000
37966730153,237098.0000000000
37969024715,237106.0000000000
37971319261,237114.0000000000
37973613865,237122.0000000000
37975908340,237130.0000000000
37978202794,237138.0000000000
37980497200,237146.0000000000
37982791674,237154.0000000000
37985086097,237162.0000000000
37987380542,237170.0000000000
37989675040,237178.0000000000
37991969481,237186.0000000000
37994263944,237194.0000000000
37996558347,237202.0000000000
37998852814,237210.0000000000
38001147249,237218.0000000000
38003441687,237226.0000000000
38005736142,237234.0000000000
38008030573,237242.0000000000
38010324995,237250.0000000000
38012619436,237258.0000000000
38014913876,237266.0000000000
38017208320,237274.0000000000
38019502724,237282.0000000000
38021797148,237290.0000000000
38024091569,237298.0000000000
38026385991,237306.0000000000
38028680441,237314.0000000000
38030974866,237322.0000000000
38033269290,237330.0000000000
38035563680,237338.0000000000
38113167051,237346.0000000000
38115461638,237354.0000000000
38120050503,237362.0000000000
38123492376,237370.0000000000
38126934064,237378.0000000000
38131523049,237386.0000000000
38134964742,237394.0000000000
38139553723,237402.0000000000
38141848194,237410.0000000000
38145289973,237418.0000000000
38147584502,237426.0000000000
38151026062,237434.0000000000
38153320718,237442.0000000000
38156762342,237450.0000000000
38159056867,237458.0000000000
38161351502,237466.0000000000
38165940227,237474.0000000000
38170529262,237482.0000000000
38172823722,237490.0000000000
38175118180,237498.0000000000
38178559920,237506.0000000000
38183148771,237514.0000000000
38187737757,237522.0000000000
38192326855,237530.0000000000
38196915758,237538.0000000000
38199210336,237546.0000000000
38201504870,237554.0000000000
38203799304,237562.0000000000
38207241081,237570.0000000000
38209535571,237578.0000000000
38211830048,237586.0000000000
38214124471,237594.0000000000
38217566071,237602.0000000000
38219860609,237610.0000000000
38223302418,237618.0000000000
38226744108,237626.0000000000
38231332982,237634.0000000000
38233627644,237642.0000000000
38237069243,237650.0000000000
38241658143,237658.0000000000
38243952614,237666.0000000000
38246247244,237674.0000000000
38250836011,237682.0000000000
38253130630,237690.0000000000
38255425212,237698.0000000000
38257719673,237706.0000000000
38261161160,237714.0000000000
38265750313,237722.0000000000
38268044937,237730.0000000000
38271486468,237738.0000000000
38274928248,237746.0000000000
38277222855,237754.0000000000
38280664433,237762.0000000000
38284106233,237770.0000000000
38286400853,237778.0000000000
38288695425,237786.0000000000
38290989962,237794.0000000000
38293284592,237802.0000000000
38295579058,237810.0000000000
38297873511,237818.0000000000
38300167921,237826.0000000000
38302462406,237834.0000000000
38304756839,237842.0000000000
38307051277,237850.0000000000
38309345800,237858.0000000000
38311640213,237866.0000000000
38313934693,237874.0000000000
38316229122,237882.0000000000
38318523581,237890.0000000000
38320818014,237898.0000000000
38323112456,237906.0000000000
38325406922,237914.0000000000
38327701363,237922.0000000000
38329995779,237930.0000000000
38332290244,237938.0000000000
38334584678,237946.0000000000
38336879118,237954.0000000000
38339173526,237962.0000000000
38341467963,237970.0000000000
38343762395,237978.0000000000
38346056809,237986.0000000000
38348351283,237994.0000000000
38350645680,238002.0000000000
38352940122,238010.0000000000
38355234547,238018.0000000000
38432838053,238026.0000000000
38435132644,238034.0000000000
38439721531,238042.0000000000
38442015921,238050.0000000000
38444310620,238058.0000000000
38447752308,238065.0000000000
38452341309,238072.0000000000
38455783002,238079.0000000000
38460371993,238086.0000000000
38462666423,238093.0000000000
38466108243,238100.0000000000
38468402788,238107.0000000000
38471844344,238114.0000000000
38474139005,238121.0000000000
38477580643,238128.0000000000
38479875166,238135.0000000000
38482169807,238142.0000000000
38486758554,238149.0000000000
38491347606,238156.0000000000
38493642038,238163.0000000000
38495936514,238170.0000000000
38499378272,238177.0000000000
38503967122,238184.0000000000
38508556124,238191.0000000000
38513145225,238198.0000000000
38517734152,238205.0000000000
38520028720,238212.0000000000
38522323279,238219.0000000000
38524617705,238226.0000000000
38528059482,238233.0000000000
38530353999,238240.0000000000
38532648447,238247.0000000000
38534942887,238254.0000000000
38538384506,238261.0000000000
38540679038,238268.0000000000
38544120854,238275.0000000000
38547562558,238282.0000000000
38552151434,238289.0000000000
38554446114,238296.0000000000
38557887708,238303.0000000000
38562476629,238310.0000000000
38564771104,238317.0000000000
38567065729,238324.0000000000
38571654492,238331.0000000000
38573949129,238338.0000000000
38576243738,238345.0000000000
38578538189,238352.0000000000
38581979677,238359.0000000000
38586568847,238366.0000000000
38588863469,238373.0000000000
38592305026,238380.0000000000
38595746806,238387.0000000000
38598041405,238394.0000000000
38601483001,238401.0000000000
38604924799,238408.0000000000
38607219443,238415.0000000000
38609514009,238422.0000000000
38611808542,238429.0000000000
38614103178,238436.0000000000
38616397658,238443.0000000000
38618692106,238450.0000000000
38620986521,238457.0000000000
38623281032,238464.0000000000
38625575456,238471.0000000000
38627869891,238478.0000000000
38630164419,238485.0000000000
38632458848,238492.0000000000
38634753335,238499.0000000000
38637047755,238506.0000000000
38639342241,238513.0000000000
38641636645,238520.0000000000
38643931106,238527.0000000000
38646225595,238534.0000000000
38648520029,238541.0000000000
38650814443,238548.0000000000
38653108911,238555.0000000000
38655403364,238562.0000000000
38657697795,238569.0000000000
38659992209,238576.0000000000
38662286672,238583.0000000000
38664581096,238590.0000000000
38666875508,238597.0000000000
38669169984,238604.0000000000
38671464399,238611.0000000000
38673758847,238618.0000000000
38676053264,238625.0000000000
38753656924,238632.0000000000
38755951534,238639.0000000000
38760540437,238646.0000000000
38762834834,238653.0000000000
38765129528,238660.0000000000
38768571232,238667.0000000000
38773160235,238674.0000000000
38776601944,238681.0000000000
38781190937,238688.0000000000
38783485382,238695.0000000000
38786927199,238702.0000000000
38789221770,238709.0000000000
38792663279,238716.0000000000
38794957978,238723.0000000000
38798399633,238730.0000000000
38800694152,238737.0000000000
38802988796,238744.0000000000
38807577561,238751.0000000000
38812166615,238758.0000000000
38814461065,238765.0000000000
38816755546,238772.0000000000
38820197299,238779.0000000000
38824786172,238786.0000000000
38829375181,238793.0000000000
38833964282,238800.0000000000
38838553227,238807.0000000000
38840847793,238814.0000000000
38843142356,238821.0000000000
38845436798,238828.0000000000
38848878572,238835.0000000000
38851173094,238842.0000000000
38853467558,238849.0000000000
38855762004,238856.0000000000
38859203617,238863.0000000000
38861498166,238870.0000000000
38864939979,238877.0000000000
38868381699,238884.0000000000
38872970576,238891.0000000000
38875265281,238898.0000000000
38878706861,238905.0000000000
38883295813,238912.0000000000
38885590281,238919.0000000000
38887884904,238926.0000000000
38892473687,238933.0000000000
38894768331,238940.0000000000
38897062932,238947.0000000000
38899357408,238954.0000000000
38902798895,238961.0000000000
38907388074,238968.0000000000
38909682691,238975.0000000000
38913124254,238982.0000000000
38916566049,238989.0000000000
38918860647,238996.0000000000
38922302270,239003.0000000000
38925744066,239010.0000000000
38928038703,239017.0000000000
38930333295,239024.0000000000
38932627822,239031.0000000000
38934922455,239038.0000000000
38937216939,239045.0000000000
38939511399,239052.0000000000
38941805813,239059.0000000000
38944100328,239066.0000000000
38946394768,239073.0000000000
38948689196,239080.0000000000
38950983729,239087.0000000000
38953278185,239094.0000000000
38955572663,239101.0000000000
38957867083,239108.0000000000
38960161571,239115.0000000000
38962455991,239122.0000000000
38964750459,239129.0000000000
38967044940,239136.0000000000
38969339400,239143.0000000000
38971633786,239150.0000000000
38973928271,239157.0000000000
38976222750,239164.0000000000
38978517173,239171.0000000000
38980811585,239178.0000000000
38983106052,239185.0000000000
38985400491,239192.0000000000
38987694898,239199.0000000000
38989989379,239206.0000000000
38992283821,239213.0000000000
38994578260,239220.0000000000
38996872675,239227.0000000000
39074476515,239234.0000000000
39076771132,239241.0000000000
39081360042,239248.0000000000
39083654401,239255.0000000000
39085949133,239262.0000000000
39089390858,239269.0000000000
39093979857,239276.0000000000
39097421586,239283.0000000000
39102010578,239290.0000000000
39104305047,239297.0000000000
39107746865,239304.0000000000
39110041427,239311.0000000000
39113482955,239318.0000000000
39115777660,239325.0000000000
39119219309,239332.0000000000
39121513842,239339.0000000000
39123808484,239346.0000000000
39127250078,239353.0000000000
39131839121,239360.0000000000
39134133576,239367.0000000000
39136428071,239374.0000000000
39139869823,239381.0000000000
39144458713,239388.0000000000
39149047726,239395.0000000000
39153636822,239402.0000000000
39158225811,239409.0000000000
39160520371,239416.0000000000
39162814929,239423.0000000000
39165109378,239430.0000000000
39168551166,239437.0000000000
39170845685,239444.0000000000
39173140155,239451.0000000000
39175434613,239458.0000000000
39178876227,239465.0000000000
39181170779,239472.0000000000
39184612609,239479.0000000000
39188054328,239486.0000000000
39192643203,239493.0000000000
39194937926,239500.0000000000
39198379521,239507.0000000000
39202968476,239514.0000000000
39205262969,239521.0000000000
39207557584,239528.0000000000
39212146369,239535.0000000000
39214441026,239542.0000000000
39216735638,239549.0000000000
39219030105,239556.0000000000
39222471609,239563.0000000000
39227060791,239570.0000000000
39229355419,239577.0000000000
39232796995,239584.0000000000
39236238805,239591.0000000000
39238533394,239598.0000000000
39241975019,239605.0000000000
39245416830,239612.0000000000
39247711464,239619.0000000000
39250006061,239626.0000000000
39252300613,239633.0000000000
39254595239,239640.0000000000
39256889720,239647.0000000000
39259184185,239654.0000000000
39261478613,239661.0000000000
39263773137,239668.0000000000
39266067571,239675.0000000000
39268362011,239682.0000000000
39270656508,239689.0000000000
39272951000,239696.0000000000
39275245505,239703.0000000000
39277539918,239710.0000000000
39279834404,239717.0000000000
39282128827,239724.0000000000
39284423308,239731.0000000000
39286717800,239738.0000000000
39289012253,239745.0000000000
39291306675,239752.0000000000
39293601140,239759.0000000000
39295895616,239766.0000000000
39298190045,239773.0000000000
39300484470,239780.0000000000
39302778948,239787.0000000000
39305073378,239794.0000000000
39307367797,239801.0000000000
39309662243,239808.0000000000
39311956723,239815.0000000000
39314251189,239822.0000000000
39316545595,239829.0000000000
39394149599,239836.0000000000
39396444229,239843.0000000000
39401033141,239850.0000000000
39403327566,239857.0000000000
39405622250,239864.0000000000
39409063974,239871.0000000000
39413652951,239878.0000000000
39417094721,239885.0000000000
39421683724,239892.0000000000
39423978197,239899.0000000000
39427420031,239906.0000000000
39429714590,239913.0000000000
39433156126,239920.0000000000
39435450844,239927.0000000000
39438892494,239934.0000000000
39441187029,239941.0000000000
39443481686,239948.0000000000
39446923281,239955.0000000000
39451512340,239962.0000000000
39453806793,239969.0000000000
39456101292,239976.0000000000
39459543060,239983.0000000000
39464131952,239990.0000000000
39468720989,239997.0000000000
39473310102,240004.0000000000
39477899081,240011.0000000000
39480193646,240018.0000000000
39482488218,240025.0000000000
39484782675,240032.0000000000
39488224459,240039.0000000000
39490518991,240046.0000000000
39492813459,240053.0000000000
39495107922,240060.0000000000
39498549551,240067.0000000000
39500844101,240074.0000000000
39504285959,240081.0000000000
39507727678,240088.0000000000
39512316571,240095.0000000000
39514611285,240102.0000000000
39518052882,240109.0000000000
39522641834,240116.0000000000
39524936345,240123.0000000000
39527230985,240130.0000000000
39531819761,240137.0000000000
39534114423,240144.0000000000
39536409048,240151.0000000000
39538703511,240158.0000000000
39542145024,240165.0000000000
39546734230,240172.0000000000
39549028849,240179.0000000000
39552470440,240186.0000000000
39555912249,240193.0000000000
39558206844,240200.0000000000
39561648443,240207.0000000000
39565090295,240214.0000000000
39567384943,240221.0000000000
39569679537,240228.0000000000
39571974094,240235.0000000000
39574268745,240242.0000000000
39576563219,240249.0000000000
39578857682,240256.0000000000
39581152114,240263.0000000000
39583446652,240270.0000000000
39585741096,240277.0000000000
39588035527,240284.0000000000
39590330050,240291.0000000000
39592624537,240298.0000000000
39594919038,240305.0000000000
39597213457,240312.0000000000
39599507954,240319.0000000000
39601802389,240326.0000000000
39604096860,240333.0000000000
39606391366,240340.0000000000
39608685815,240347.0000000000
39610980245,240354.0000000000
39613274734,240361.0000000000
39615569202,240368.0000000000
39617863629,240375.0000000000
39620158059,240382.0000000000
39622452550,240389.0000000000
39624746989,240396.0000000000
39627041402,240403.0000000000
39629335873,240410.0000000000
39631630345,240417.0000000000
39633924810,240424.0000000000
39636219220,240431.0000000000
39713823397,240438.0000000000
39716118034,240445.0000000000
39720706956,240452.0000000000
39723001388,240459.0000000000
39725296095,240466.0000000000
39728737819,240473.0000000000
39733326815,240480.0000000000
39736768586,240487.0000000000
39741357593,240494.0000000000
39743652030,240501.0000000000
39747093906,240508.0000000000
39749388477,240515.0000000000
39752830015,240522.0000000000
39755124736,240529.0000000000
39758566403,240536.0000000000
39760860935,240543.0000000000
39763155596,240550.0000000000
39766597206,240557.0000000000
39771186269,240564.0000000000
39773480735,240571.0000000000
39775775244,240578.0000000000
39779217008,240585.0000000000
39783805924,240592.0000000000
39788394965,240599.0000000000
39792984082,240606.0000000000
39797573077,240613.0000000000
39799867639,240620.0000000000
39802162216,240627.0000000000
39804456687,240634.0000000000
39807898473,240641.0000000000
39810193007,240648.0000000000
39812487489,240655.0000000000
39814781961,240662.0000000000
39818223585,240669.0000000000
39820518150,240676.0000000000
39823960007,240683.0000000000
39827401742,240690.0000000000
39831990637,240697.0000000000
39834285377,240704.0000000000
39837726961,240711.0000000000
39842315943,240718.0000000000
39844610448,240725.0000000000
39846904843,240732.0000000000
39849199246,240739.0000000000
39852641039,240746.0000000000
39854935742,240753.0000000000
39857230371,240760.0000000000
39859524847,240767.0000000000
39862966359,240774.0000000000
39867555585,240781.0000000000
39869850202,240788.0000000000
39873291818,240795.0000000000
39876733629,240802.0000000000
39879028216,240809.0000000000
39882469835,240816.0000000000
39885911683,240823.0000000000
39888206336,240830.0000000000
39890500943,240837.0000000000
39892795511,240844.0000000000
39895090154,240851.0000000000
39897384644,240858.0000000000
39899679100,240865.0000000000
39901973538,240872.0000000000
39904268102,240879.0000000000
39906562539,240886.0000000000
39908856968,240893.0000000000
39911151495,240900.0000000000
39913445998,240907.0000000000
39915740506,240914.0000000000
39918034917,240921.0000000000
39920329442,240928.0000000000
39922623868,240935.0000000000
39924918337,240942.0000000000
39927212848,240949.0000000000
39929507309,240956.0000000000
39931801751,240963.0000000000
39934096231,240970.0000000000
39936390716,240977.0000000000
39938685137,240984.0000000000
39940979573,240991.0000000000
39943274089,240998.0000000000
39945568521,241005.0000000000
39947862931,241012.0000000000
39950157406,241019.0000000000
39952451896,241026.0000000000
39954746368,241033.0000000000
39957040771,241040.0000000000
40034645089,241047.0000000000
40036939767,241054.0000000000
40041528707,241061.0000000000
40043823137,241068.0000000000
40046117848,241075.0000000000
40049559587,241082.0000000000
40054148586,241089.0000000000
40057590374,241096.0000000000
40062179382,241103.0000000000
40064473836,241110.0000000000
40067915709,241117.0000000000
40070210285,241124.0000000000
40073651797,241131.0000000000
40075946559,241138.0000000000
40079388244,241145.0000000000
40081682771,241152.0000000000
40083977436,241159.0000000000
40087419065,241166.0000000000
40092008129,241173.0000000000
40094302619,241180.0000000000
40096597121,241187.0000000000
40100038885,241194.0000000000
40104627818,241201.0000000000
40109216863,241208.0000000000
40113806004,241215.0000000000
40118395008,241222.0000000000
40120689563,241229.0000000000
40122984145,241236.0000000000
40125278642,241243.0000000000
40128720416,241250.0000000000
40131014955,241257.0000000000
40133309463,241264.0000000000
40135603927,241271.0000000000
40139045551,241278.0000000000
40141340133,241285.0000000000
40144782000,241292.0000000000
40148223728,241299.0000000000
40152812635,241306.0000000000
40155107381,241313.0000000000
40158548979,241320.0000000000
40163137963,241327.0000000000
40165432487,241334.0000000000
40167726877,241341.0000000000
40170021285,241348.0000000000
40173463094,241355.0000000000
40175757806,241362.0000000000
40178052427,241369.0000000000
40180346921,241376.0000000000
40183788440,241383.0000000000
40188377676,241390.0000000000
40190672268,241397.0000000000
40194113911,241404.0000000000
40197555738,241411.0000000000
40199850322,241418.0000000000
40203291970,241425.0000000000
40206733805,241432.0000000000
40209028465,241439.0000000000
40211323094,241446.0000000000
40213617657,241453.0000000000
40215912296,241460.0000000000
40218206794,241467.0000000000
40220501262,241474.0000000000
40222795711,241481.0000000000
40225090266,241488.0000000000
40227384719,241495.0000000000
40229679144,241502.0000000000
40231973674,241509.0000000000
40234268206,241516.0000000000
40236562705,241523.0000000000
40238857115,241530.0000000000
40241151644,241537.0000000000
40243446086,241544.0000000000
40245740562,241551.0000000000
40248035065,241558.0000000000
40250329552,241565.0000000000
40252623988,241572.0000000000
40254918465,241579.0000000000
40257212955,241586.0000000000
40259507388,241593.0000000000
40261801835,241600.0000000000
40264096342,241607.0000000000
40266390793,241614.0000000000
40268685197,241621.0000000000
40270979677,241628.0000000000
40273274194,241635.0000000000
40275568655,241642.0000000000
40277863059,241649.0000000000
40355467566,241656.0000000000
40357762251,241663.0000000000
40362351202,241670.0000000000
40364645593,241677.0000000000
40366940341,241684.0000000000
40370382100,241691.0000000000
40374971099,241698.0000000000
40378412905,241705.0000000000
40383001912,241712.0000000000
40385296392,241719.0000000000
40388738254,241726.0000000000
40391032834,241733.0000000000
40394474366,241740.0000000000
40396769135,241747.0000000000
40400210815,241754.0000000000
40402505355,241761.0000000000
40404800031,241768.0000000000
40408241655,241775.0000000000
40412830731,241782.0000000000
40415125224,241789.0000000000
40417419742,241796.0000000000
40420861503,241803.0000000000
40425450458,241810.0000000000
40430039502,241817.0000000000
40434628643,241824.0000000000
40439217670,241831.0000000000
40441512236,241838.0000000000
40443806829,241845.0000000000
40446101318,241852.0000000000
40449543108,241859.0000000000
40451837646,241866.0000000000
40454132158,241873.0000000000
40456426640,241880.0000000000
40459868260,241887.0000000000
40462162848,241894.0000000000
40465604730,241901.0000000000
40469046460,241908.0000000000
40473635344,241915.0000000000
40475930128,241922.0000000000
40479371746,241929.0000000000
40483960729,241936.0000000000
40486255278,241943.0000000000
40488549670,241950.0000000000
40490844068,241957.0000000000
40494285905,241964.0000000000
40496580609,241971.0000000000
40498875229,241978.0000000000
40501169728,241985.0000000000
40504611261,241992.0000000000
40509200501,241999.0000000000
40511495106,242006.0000000000
40514936750,242013.0000000000
40518378596,242020.0000000000
40520673152,242027.0000000000
40524114829,242034.0000000000
40527556680,242041.0000000000
40529851338,242048.0000000000
40532145971,242055.0000000000
40534440552,242062.0000000000
40536735186,242069.0000000000
40539029690,242076.0000000000
40541324183,242083.0000000000
40543618623,242090.0000000000
40545913176,242097.0000000000
40548207634,242104.0000000000
40550502074,242111.0000000000
40552796483,242118.0000000000
40555090873,242125.0000000000
40557385287,242132.0000000000
40559679679,242139.0000000000
40561974082,242146.0000000000
40564268506,242153.0000000000
40566562898,242160.0000000000
40568857294,242167.0000000000
40571151695,242174.0000000000
40573446109,242181.0000000000
40575740503,242188.0000000000
40578034906,242195.0000000000
40580329321,242202.0000000000
40582623721,242209.0000000000
40584918116,242216.0000000000
40587212520,242223.0000000000
40589506930,242230.0000000000
40591801340,242237.0000000000
40594095729,242244.0000000000
40596390144,242251.0000000000
40598684537,242258.0000000000
40675143581,242265.0000000000
40677438279,242272.0000000000
40682027235,242279.0000000000
40684321657,242286.0000000000
40686616390,242293.0000000000
40690058151,242300.0000000000
40694647129,242307.0000000000
40698088974,242314.0000000000
40702677993,242321.0000000000
40704972479,242328.0000000000
40708414356,242335.0000000000
40710708933,242342.0000000000
40714150473,242349.0000000000
40716445256,242356.0000000000
40719886936,242363.0000000000
40722181483,242370.0000000000
40724476169,242377.0000000000
40727917796,242384.0000000000
40732506890,242391.0000000000
40734801393,242398.0000000000
40737095902,242405.0000000000
40740537680,242412.0000000000
40745126639,242419.0000000000
40749715693,242426.0000000000
40754304866,242433.0000000000
40758893884,242440.0000000000
40761188455,242447.0000000000
40763483059,242454.0000000000
40765777560,242461.0000000000
40769219344,242468.0000000000
40771513898,242475.0000000000
40773808419,242482.0000000000
40776102893,242489.0000000000
40779544531,242496.0000000000
40781839116,242503.0000000000
40785281027,242510.0000000000
40788722743,242517.0000000000
40793311657,242524.0000000000
40795606437,242531.0000000000
40799048054,242538.0000000000
40803637012,242545.0000000000
40805931604,242552.0000000000
40808226006,242559.0000000000
40810520417,242566.0000000000
40813962248,242573.0000000000
40816256978,242580.0000000000
40818551590,242587.0000000000
40820846088,242594.0000000000
40824287650,242601.0000000000
40828876879,242608.0000000000
40831171489,242615.0000000000
40834613149,242622.0000000000
40838054998,242629.0000000000
40840349565,242636.0000000000
40843791256,242643.0000000000
40847233102,242650.0000000000
40849527774,242657.0000000000
40851822406,242664.0000000000
40854116991,242671.0000000000
40856411637,242678.0000000000
40858706141,242685.0000000000
40861000637,242692.0000000000
40863295105,242699.0000000000
40865589651,242706.0000000000
40867884106,242713.0000000000
40870178551,242720.0000000000
40872472972,242727.0000000000
40874767383,242734.0000000000
40877061780,242741.0000000000
40879356195,242748.0000000000
40881650553,242755.0000000000
40883945016,242762.0000000000
40886239419,242769.0000000000
40888533830,242776.0000000000
40890828226,242783.0000000000
40893122639,242790.0000000000
40895417056,242797.0000000000
40897711450,242804.0000000000
40900005870,242811.0000000000
40902300295,242818.0000000000
40904594685,242825.0000000000
40906889083,242832.0000000000
40909183499,242839.0000000000
40911477923,242846.0000000000
40913772333,242853.0000000000
40916066731,242860.0000000000
40918361144,242867.0000000000
40994820356,242874.0000000000
40997115059,242881.0000000000
41001704025,242888.0000000000
41003998453,242895.0000000000
41006293213,242902.0000000000
41009734961,242909.0000000000
41014323959,242916.0000000000
41017765815,242923.0000000000
41022354841,242930.0000000000
41024649291,242937.0000000000
41028091210,242944.0000000000
41030385801,242951.0000000000
41033827340,242958.0000000000
41036122130,242965.0000000000
41039563824,242972.0000000000
41041858370,242979.0000000000
41044153062,242986.0000000000
41047594704,242993.0000000000
41052183802,243000.0000000000
41054478317,243007.0000000000
41056772838,243014.0000000000
41060214610,243021.0000000000
41064803594,243028.0000000000
41069392653,243035.0000000000
41073981831,243042.0000000000
41078570866,243049.0000000000
41080865435,243056.0000000000
41083160044,243063.0000000000
41085454560,243070.0000000000
41088896344,243077.0000000000
41091190902,243084.0000000000
41093485438,243091.0000000000
41095779922,243098.0000000000
41099221554,243105.0000000000
41101516154,243112.0000000000
41104958065,243119.0000000000
41108399797,243126.0000000000
41112988714,243133.0000000000
41115283519,243140.0000000000
41118725126,243147.0000000000
41123314115,243154.0000000000
41125608699,243161.0000000000
41127903100,243168.0000000000
41130197515,243175.0000000000
41133639321,243182.0000000000
41135934092,243189.0000000000
41138228707,243196.0000000000
41140523219,243203.0000000000
41143964782,243210.0000000000
41148554029,243217.0000000000
41150848637,243224.0000000000
41154290326,243231.0000000000
41157732164,243238.0000000000
41160026736,243245.0000000000
41163468442,243252.0000000000
41166910289,243259.0000000000
41169204967,243266.0000000000
41171499612,243273.0000000000
41173794208,243280.0000000000
41176088845,243287.0000000000
41178383364,243294.0000000000
41180677856,243301.0000000000
41182972330,243308.0000000000
41185266903,243315.0000000000
41187561350,243322.0000000000
41189855795,243329.0000000000
41192150218,243336.0000000000
41194444644,243343.0000000000
41196739039,243350.0000000000
41199033460,243357.0000000000
41201327876,243364.0000000000
41203622278,243371.0000000000
41205916701,243378.0000000000
41208211116,243385.0000000000
41210505528,243392.0000000000
41212799949,243399.0000000000
41215094359,243406.0000000000
41217388774,243413.0000000000
41219683185,243420.0000000000
41221977615,243427.0000000000
41224272037,243434.0000000000
41226566431,243441.0000000000
41228860836,243448.0000000000
41231155265,243455.0000000000
41233449689,243462.0000000000
41235744083,243469.0000000000
41238038503,243476.0000000000
41314497907,243483.0000000000
41316792621,243490.0000000000
41319087012,243497.0000000000
41322528794,243504.0000000000
41324823220,243511.0000000000
41327117987,243518.0000000000
41330559750,243525.0000000000
41335148752,243532.0000000000
41338590624,243539.0000000000
41343179653,243546.0000000000
41345474117,243553.0000000000
41348916036,243560.0000000000
41351210633,243567.0000000000
41354652159,243574.0000000000
41356946977,243581.0000000000
41360388692,243588.0000000000
41362683229,243595.0000000000
41364977929,243602.0000000000
41368419590,243609.0000000000
41373008687,243616.0000000000
41375303227,243623.0000000000
41377597741,243630.0000000000
41381039515,243637.0000000000
41385628497,243644.0000000000
41390217581,243651.0000000000
41394806783,243658.0000000000
41399395825,243665.0000000000
41401690390,243672.0000000000
41403985003,243679.0000000000
41406279547,243686.0000000000
41409721317,243693.0000000000
41412015881,243700.0000000000
41414310444,243707.0000000000
41416604920,243714.0000000000
41420046555,243721.0000000000
41422341170,243728.0000000000
41425783089,243735.0000000000
41429224817,243742.0000000000
41433813759,243749.0000000000
41436108558,243756.0000000000
41439550181,243763.0000000000
41444139173,243770.0000000000
41446433774,243777.0000000000
41448728169,243784.0000000000
41451022590,243791.0000000000
41454464410,243798.0000000000
41456759181,243805.0000000000
41459053801,243812.0000000000
41461348331,243819.0000000000
41464789902,243826.0000000000
41469379161,243833.0000000000
41471673742,243840.0000000000
41475115460,243847.0000000000
41478557313,243854.0000000000
41480851883,243861.0000000000
41484293618,243868.0000000000
41487735455,243875.0000000000
41490030137,243882.0000000000
41492324799,243889.0000000000
41494619375,243896.0000000000
41496914032,243903.0000000000
41499208556,243910.0000000000
41501503063,243917.0000000000
41503797546,243924.0000000000
41506092111,243931.0000000000
41508386575,243938.0000000000
41510681015,243945.0000000000
41512975446,243952.0000000000
41515269876,243959.0000000000
41517564286,243966.0000000000
41519858702,243973.0000000000
41522153123,243980.0000000000
41524447544,243987.0000000000
41526741960,243994.0000000000
41529036382,244001.0000000000
41531330811,244008.0000000000
41533625212,244015.0000000000
41535919641,244022.0000000000
41538214061,244029.0000000000
41540508487,244036.0000000000
41542802928,244043.0000000000
41545097340,244050.0000000000
41547391756,244057.0000000000
41549686152,244064.0000000000
41551980586,244071.0000000000
41554275037,244078.0000000000
41556569429,244085.0000000000
41558863842,244092.0000000000
41635323445,244099.0000000000
41637618140,244106.0000000000
41639912555,244113.0000000000
41643354351,244120.0000000000
41645648750,244127.0000000000
41647943545,244134.0000000000
41651385327,244141.0000000000
41655974327,244148.0000000000
41659416220,244155.0000000000
41664005251,244162.0000000000
41666299740,244169.0000000000
41669741646,244176.0000000000
41672036250,244183.0000000000
41675477793,244190.0000000000
41677772620,244197.0000000000
41681214330,244204.0000000000
41683508881,244211.0000000000
41685803593,244218.0000000000
41689245249,244225.0000000000
41693834358,244232.0000000000
41696128901,244239.0000000000
41698423433,244246.0000000000
41701865205,244253.0000000000
41706454205,244260.0000000000
41711043293,244267.0000000000
41715632494,244274.0000000000
41720221559,244281.0000000000
41722516137,244288.0000000000
41724810762,244295.0000000000
41727105300,244302.0000000000
41730547087,244309.0000000000
41732841647,244316.0000000000
41735136215,244323.0000000000
41737430709,244330.0000000000
41740872342,244337.0000000000
41743166963,244344.0000000000
41746608876,244351.0000000000
41750050625,244358.0000000000
41754639545,244365.0000000000
41756934386,244372.0000000000
41760376027,244379.0000000000
41764965019,244386.0000000000
41767259624,244393.0000000000
41769554036,244400.0000000000
41771848453,244407.0000000000
41775290300,244414.0000000000
41777585065,244421.0000000000
41779879683,244428.0000000000
41782174220,244435.0000000000
41785615786,244442.0000000000
41790205070,244449.0000000000
41792499662,244456.0000000000
41795941385,244463.0000000000
41799383254,244470.0000000000
41801677799,244477.0000000000
41805119561,244484.0000000000
41808561417,244491.0000000000
41810856096,244498.0000000000
41813150763,244505.0000000000
41815445358,244512.0000000000
41817740008,244519.0000000000
41820034539,244526.0000000000
41822329063,244533.0000000000
41824623526,244540.0000000000
41826918109,244547.0000000000
41829212581,244554.0000000000
41831507033,244561.0000000000
41833801475,244568.0000000000
41836095899,244575.0000000000
41838390325,244582.0000000000
41840684735,244589.0000000000
41842979163,244596.0000000000
41845273587,244603.0000000000
41847568018,244610.0000000000
41849862438,244617.0000000000
41852156872,244624.0000000000
41854451289,244631.0000000000
41856745713,244638.0000000000
41859040140,244645.0000000000
41861334584,244652.0000000000
41863629004,244659.0000000000
41865923437,244666.0000000000
41868217856,244673.0000000000
41870512269,244680.0000000000
41872806713,244687.0000000000
41875101156,244694.0000000000
41877395570,244701.0000000000
41879689973,244708.0000000000
41956149765,244715.0000000000
41958444478,244722.0000000000
41960738888,244729.0000000000
41964180692,244736.0000000000
41966475105,244743.0000000000
41968769897,244750.0000000000
41972211688,244757.0000000000
41976800712,244764.0000000000
41980242601,244771.0000000000
41984831643,244778.0000000000
41987126137,244785.0000000000
41990568058,244792.0000000000
41992862663,244799.0000000000
41996304224,244806.0000000000
41998599033,244813.0000000000
42002040766,244820.0000000000
42004335332,244827.0000000000
42006630028,244834.0000000000
42010071703,244841.0000000000
42014660803,244848.0000000000
42016955374,244855.0000000000
42019249912,244862.0000000000
42022691692,244869.0000000000
42027280702,244876.0000000000
42030722600,244883.0000000000
42035311822,244890.0000000000
42039900889,244897.0000000000
42042195474,244904.0000000000
42044490111,244911.0000000000
42046784661,244918.0000000000
42050226444,244925.0000000000
42052521017,244932.0000000000
42054815597,244939.0000000000
42057110081,244946.0000000000
42060551732,244953.0000000000
42062846351,244960.0000000000
42066288294,244967.0000000000
42069730030,244974.0000000000
42074318970,244981.0000000000
42076613796,244988.0000000000
42080055458,244995.0000000000
42084644429,245002.0000000000
42086939071,245009.0000000000
42089233491,245016.0000000000
42091527921,245023.0000000000
42094969768,245030.0000000000
42097264540,245037.0000000000
42099559171,245044.0000000000
42101853707,245051.0000000000
42105295302,245058.0000000000
42109884577,245065.0000000000
42112179172,245072.0000000000
42115620892,245079.0000000000
42119062784,245086.0000000000
42121357341,245093.0000000000
42124799118,245100.0000000000
42128240967,245107.0000000000
42130535663,245114.0000000000
42132830329,245121.0000000000
42135124927,245128.0000000000
42137419591,245135.0000000000
42139714120,245142.0000000000
42142008649,245149.0000000000
42144303128,245156.0000000000
42146597695,245163.0000000000
42148892185,245170.0000000000
42151186643,245177.0000000000
42153481097,245184.0000000000
42155775520,245191.0000000000
42158069953,245198.0000000000
42160364377,245205.0000000000
42162658781,245212.0000000000
42164953231,245219.0000000000
42167247667,245226.0000000000
42169542102,245233.0000000000
42171836535,245240.0000000000
42174130956,245247.0000000000
42176425393,245254.0000000000
42178719820,245261.0000000000
42181014267,245268.0000000000
42183308703,245275.0000000000
42185603122,245282.0000000000
42187897559,245289.0000000000
42190191977,245296.0000000000
42192486435,245303.0000000000
42194780886,245310.0000000000
42197075296,245317.0000000000
42199369713,245324.0000000000
42275829701,245331.0000000000
42278124407,245338.0000000000
42280418832,245345.0000000000
42283860636,245352.0000000000
42286155057,245359.0000000000
42288449861,245366.0000000000
42291891652,245373.0000000000
42296480697,245380.0000000000
42299922587,245387.0000000000
42304511646,245394.0000000000
42306806151,245401.0000000000
42310248070,245408.0000000000
42312542687,245415.0000000000
42315984252,245422.0000000000
42318279063,245429.0000000000
42321720807,245436.0000000000
42324015379,245443.0000000000
42326310087,245450.0000000000
42329751765,245457.0000000000
42334340882,245464.0000000000
42336635418,245471.0000000000
42338929996,245478.0000000000
42342371793,245485.0000000000
42346960806,245492.0000000000
42350402722,245499.0000000000
42354991947,245506.0000000000
42359581033,245513.0000000000
42361875615,245520.0000000000
42364170259,245527.0000000000
42366464823,245534.0000000000
42369906606,245541.0000000000
42372201187,245548.0000000000
42374495777,245555.0000000000
42376790274,245562.0000000000
42380231921,245569.0000000000
42382526553,245576.0000000000
42385968499,245583.0000000000
42389410250,245590.0000000000
42393999195,245597.0000000000
42396294033,245604.0000000000
42399735698,245611.0000000000
42404324685,245618.0000000000
42406619314,245625.0000000000
42408913751,245632.0000000000
42411208188,245639.0000000000
42414650025,245646.0000000000
42416944821,245653.0000000000
42419239458,245660.0000000000
42421534009,245667.0000000000
42424975605,245674.0000000000
42429564898,245681.0000000000
42431859491,245688.0000000000
42435301228,245695.0000000000
42438743122,245702.0000000000
42441037685,245709.0000000000
42444479477,245716.0000000000
42447921327,245723.0000000000
42450216030,245730.0000000000
42452510709,245737.0000000000
42454805318,245744.0000000000
42457099976,245751.0000000000
42459394518,245758.0000000000
42461689044,245765.0000000000
42463983531,245772.0000000000
42466278102,245779.0000000000
42468572605,245786.0000000000
42470867064,245793.0000000000
42473161521,245800.0000000000
42475455958,245807.0000000000
42477750391,245814.0000000000
42480044819,245821.0000000000
42482339237,245828.0000000000
42484633674,245835.0000000000
42486928127,245842.0000000000
42489222567,245849.0000000000
42491517014,245856.0000000000
42493811446,245863.0000000000
42496105876,245870.0000000000
42498400319,245877.0000000000
42500694761,245884.0000000000
42502989204,245891.0000000000
42505283628,245898.0000000000
42507578078,245905.0000000000
42509872496,245912.0000000000
42512166961,245919.0000000000
42514461423,245926.0000000000
42516755832,245933.0000000000
42519050254,245940.0000000000
42595510447,245947.0000000000
42597805164,245954.0000000000
42600099580,245961.0000000000
42603541402,245968.0000000000
42605835822,245975.0000000000
42608130630,245982.0000000000
42611572438,245989.0000000000
42616161486,245996.0000000000
42619603372,246003.0000000000
42624192459,246010.0000000000
42626486975,246017.0000000000
42629928895,246024.0000000000
42632223518,246031.0000000000
42635665072,246038.0000000000
42637959911,246045.0000000000
42641401670,246052.0000000000
42643696240,246059.0000000000
42645990954,246066.0000000000
42649432650,246073.0000000000
42654021770,246080.0000000000
42656316320,246087.0000000000
42658610881,246094.0000000000
42662052701,246101.0000000000
42666641692,246108.0000000000
42670083651,246115.0000000000
42674672866,246122.0000000000
42679261985,246129.0000000000
42681556581,246136.0000000000
42683851224,246143.0000000000
42686145793,246150.0000000000
42689587572,246157.0000000000
42691882171,246164.0000000000
42694176769,246171.0000000000
42696471278,246178.0000000000
42699912927,246185.0000000000
42702207564,246192.0000000000
42705649498,246199.0000000000
42709091279,246206.0000000000
42713680216,246213.0000000000
42715975081,246220.0000000000
42719416762,246227.0000000000
42724005753,246234.0000000000
42726300395,246241.0000000000
42728594819,246248.0000000000
42730889273,246255.0000000000
42734331127,246262.0000000000
42736625511,246269.0000000000
42738919927,246276.0000000000
42741214331,246283.0000000000
42743508742,246290.0000000000
42745803939,246297.0000000000
42750393245,246304.0000000000
42752687831,246311.0000000000
42756129578,246318.0000000000
42759571487,246325.0000000000
42761866048,246332.0000000000
42765307862,246339.0000000000
42768749708,246346.0000000000
42771044418,246353.0000000000
42773339114,246360.0000000000
42775633704,246367.0000000000
42777928383,246374.0000000000
42780222930,246381.0000000000
42782517468,246388.0000000000
42784811967,246395.0000000000
42787106532,246402.0000000000
42789401052,246409.0000000000
42791695506,246416.0000000000
42793989969,246423.0000000000
42796284410,246430.0000000000
42798578858,246437.0000000000
42800873286,246444.0000000000
42803167708,246451.0000000000
42805462158,246458.0000000000
42807756609,246465.0000000000
42810051055,246472.0000000000
42812345521,246479.0000000000
42814639913,246486.0000000000
42816934383,246493.0000000000
42819228831,246500.0000000000
42821523286,246507.0000000000
42823817740,246514.0000000000
42826112160,246521.0000000000
42828406625,246528.0000000000
42830701038,246535.0000000000
42832995510,246542.0000000000
42835289967,246549.0000000000
42837584379,246556.0000000000
42839878822,246563.0000000000
42916339223,246570.0000000000
42918633920,246577.0000000000
42920928356,246584.0000000000
42924370199,246591.0000000000
42926664592,246598.0000000000
42928959427,246605.0000000000
42932401255,246612.0000000000
42936990303,246619.0000000000
42940432206,246626.0000000000
42945021298,246633.0000000000
42947315832,246640.0000000000
42950757748,246647.0000000000
42953052378,246654.0000000000
42956493949,246661.0000000000
42958788785,246668.0000000000
42962230553,246675.0000000000
42964525137,246682.0000000000
42966819862,246689.0000000000
42970261555,246696.0000000000
42974850687,246703.0000000000
42977145242,246710.0000000000
42979439816,246717.0000000000
42982881638,246724.0000000000
42987470650,246731.0000000000
42990912609,246738.0000000000
42995501843,246745.0000000000
43000090967,246752.0000000000
43002385580,246759.0000000000
43004680196,246766.0000000000
43006974793,246773.0000000000
43010416592,246780.0000000000
43012711185,246787.0000000000
43015005791,246794.0000000000
43017300295,246801.0000000000
43020741964,246808.0000000000
43023036606,246815.0000000000
43026478556,246822.0000000000
43029920338,246829.0000000000
43034509295,246836.0000000000
43036804171,246843.0000000000
43040245848,246850.0000000000
43044834864,246857.0000000000
43047129500,246864.0000000000
43049423941,246871.0000000000
43051718390,246878.0000000000
43055160253,246885.0000000000
43057454664,246892.0000000000
43059749065,246899.0000000000
43062043476,246906.0000000000
43064337902,246913.0000000000
43066633081,246920.0000000000
43071222411,246927.0000000000
43073517011,246934.0000000000
43076958762,246941.0000000000
43080400690,246948.0000000000
43082695246,246955.0000000000
43086137068,246962.0000000000
43089578911,246969.0000000000
43091873640,246976.0000000000
43094168341,246983.0000000000
43096462945,246990.0000000000
43098757622,246997.0000000000
43101052175,247004.0000000000
43103346732,247011.0000000000
43105641204,247018.0000000000
43107935796,247025.0000000000
43110230321,247032.0000000000
43112524788,247039.0000000000
43114819262,247046.0000000000
43117113698,247053.0000000000
43119408164,247060.0000000000
43121702585,247067.0000000000
43123997014,247074.0000000000
43126291460,247081.0000000000
43128585913,247088.0000000000
43130880380,247095.0000000000
43133174850,247102.0000000000
43135469262,247109.0000000000
43137763724,247116.0000000000
43140058178,247123.0000000000
43142352650,247130.0000000000
43144647080,247137.0000000000
43146941526,247144.0000000000
43149235995,247151.0000000000
43151530424,247158.0000000000
43153824906,247165.0000000000
43156119356,247172.0000000000
43158413785,247179.0000000000
43160708224,247186.0000000000
43237168824,247193.0000000000
43239463537,247200.0000000000
43241757971,247207.0000000000
43245199821,247214.0000000000
43247494235,247221.0000000000
43249789064,247228.0000000000
43253230900,247235.0000000000
43257819972,247242.0000000000
43261261871,247249.0000000000
43265850976,247256.0000000000
43268145516,247263.0000000000
43271587427,247270.0000000000
43273882076,247277.0000000000
43277323668,247284.0000000000
43279618487,247291.0000000000
43283060277,247298.0000000000
43285354878,247305.0000000000
43287649575,247312.0000000000
43291091299,247319.0000000000
43295680424,247326.0000000000
43297975006,247333.0000000000
43300269583,247340.0000000000
43303711416,247347.0000000000
43308300430,247354.0000000000
43311742409,247361.0000000000
43316331664,247368.0000000000
43320920792,247375.0000000000
43323215409,247382.0000000000
43325510038,247389.0000000000
43327804648,247396.0000000000
43331246440,247403.0000000000
43333541049,247410.0000000000
43335835666,247417.0000000000
43338130164,247424.0000000000
43341571829,247431.0000000000
43343866490,247438.0000000000
43347308439,247445.0000000000
43350750239,247452.0000000000
43355339221,247459.0000000000
43357634078,247466.0000000000
43361075777,247473.0000000000
43365664784,247480.0000000000
43367959447,247487.0000000000
43370253896,247494.0000000000
43372548358,247501.0000000000
43375990221,247508.0000000000
43378284630,247515.0000000000
43380579033,247522.0000000000
43382873463,247529.0000000000
43385167895,247536.0000000000
43387463089,247543.0000000000
43392052422,247550.0000000000
43394347039,247557.0000000000
43397788789,247564.0000000000
43401230726,247571.0000000000
43403525295,247578.0000000000
43406967119,247585.0000000000
43410408982,247592.0000000000
43412703707,247599.0000000000
43414998413,247606.0000000000
43417293014,247613.0000000000
43419587693,247620.0000000000
43421882263,247627.0000000000
43424176828,247634.0000000000
43426471315,247641.0000000000
43428765905,247648.0000000000
43431060307,247655.0000000000
43433354723,247662.0000000000
43435649096,247669.0000000000
43437943520,247676.0000000000
43440237924,247683.0000000000
43442532337,247690.0000000000
43444826746,247697.0000000000
43447121137,247704.0000000000
43449415552,247711.0000000000
43451709945,247718.0000000000
43454004350,247725.0000000000
43456298744,247732.0000000000
43458593144,247739.0000000000
43460887563,247746.0000000000
43463181965,247753.0000000000
43465476375,247760.0000000000
43467770773,247767.0000000000
43470065179,247774.0000000000
43472359594,247781.0000000000
43474653966,247788.0000000000
43476948391,247795.0000000000
43479242793,247802.0000000000
43481537205,247809.0000000000
43556852073,247816.0000000000
43559146792,247823.0000000000
43561441242,247830.0000000000
43564883091,247837.0000000000
43567177513,247844.0000000000
43569472355,247851.0000000000
43572914193,247858.0000000000
43577503285,247865.0000000000
43580945186,247872.0000000000
43585534309,247879.0000000000
43587828860,247886.0000000000
43591270767,247893.0000000000
43593565432,247900.0000000000
43597007025,247907.0000000000
43599301836,247914.0000000000
43602743650,247921.0000000000
43605038256,247928.0000000000
43607332969,247935.0000000000
43610774693,247942.0000000000
43615363838,247949.0000000000
43617658398,247956.0000000000
43619953001,247963.0000000000
43623394852,247970.0000000000
43627983869,247977.0000000000
43631425865,247984.0000000000
43636015125,247991.0000000000
43640604253,247998.0000000000
43642898888,248005.0000000000
43645193522,248012.0000000000
43647488149,248019.0000000000
43650929940,248026.0000000000
43653224555,248033.0000000000
43655519188,248040.0000000000
43657813696,248047.0000000000
43661255357,248054.0000000000
43663550033,248061.0000000000
43666991984,248068.0000000000
43670433801,248075.0000000000
43675022786,248082.0000000000
43677317657,248089.0000000000
43680759358,248096.0000000000
43685348385,248103.0000000000
43687643025,248110.0000000000
43689937502,248117.0000000000
43692231969,248124.0000000000
43695673821,248131.0000000000
43697968257,248138.0000000000
43700262665,248145.0000000000
43702557110,248152.0000000000
43704851540,248159.0000000000
43707146741,248166.0000000000
43711736087,248173.0000000000
43714030708,248180.0000000000
43717472475,248187.0000000000
43720914414,248194.0000000000
43723208989,248201.0000000000
43726650803,248208.0000000000
43730092695,248215.0000000000
43732387434,248222.0000000000
43734682117,248229.0000000000
43736976745,248236.0000000000
43739271419,248243.0000000000
43741565994,248250.0000000000
43743860578,248257.0000000000
43746155071,248264.0000000000
43748449675,248271.0000000000
43750744074,248278.0000000000
43753038498,248285.0000000000
43755332914,248292.0000000000
43757627294,248299.0000000000
43759921716,248306.0000000000
43762216136,248313.0000000000
43764510560,248320.0000000000
43766804956,248327.0000000000
43769099369,248334.0000000000
43771393786,248341.0000000000
43773688180,248348.0000000000
43775982585,248355.0000000000
43778276979,248362.0000000000
43780571398,248369.0000000000
43782865819,248376.0000000000
43785160236,248383.0000000000
43787454648,248390.0000000000
43789749053,248397.0000000000
43792043473,248404.0000000000
43794337890,248411.0000000000
43796632269,248418.0000000000
43798926692,248425.0000000000
43801221109,248432.0000000000
43876536188,248439.0000000000
43878830918,248446.0000000000
43881125361,248453.0000000000
43884567207,248460.0000000000
43886861648,248467.0000000000
43889156496,248474.0000000000
43892598330,248481.0000000000
43897187448,248488.0000000000
43900629346,248495.0000000000
43905218493,248502.0000000000
43907513059,248509.0000000000
43910954967,248516.0000000000
43913249637,248523.0000000000
43916691243,248530.0000000000
43918986057,248537.0000000000
43922427889,248544.0000000000
43924722494,248551.0000000000
43927017212,248558.0000000000
43930458953,248565.0000000000
43935048104,248572.0000000000
43937342677,248579.0000000000
43939637258,248586.0000000000
43943079140,248593.0000000000
43947668148,248600.0000000000
43951110174,248607.0000000000
43955699445,248614.0000000000
43960288575,248621.0000000000
43962583216,248628.0000000000
43964877867,248635.0000000000
43967172500,248642.0000000000
43970614288,248649.0000000000
43972908921,248656.0000000000
43975203562,248663.0000000000
43977498084,248670.0000000000
43980939747,248677.0000000000
43983234428,248684.0000000000
43986676368,248691.0000000000
43990118216,248698.0000000000
43994707214,248705.0000000000
43997002090,248712.0000000000
44000443808,248719.0000000000
44005032839,248726.0000000000
44007327495,248733.0000000000
44009621957,248740.0000000000
44011916443,248747.0000000000
44015358312,248754.0000000000
44017652726,248761.0000000000
44019947160,248768.0000000000
44022241610,248775.0000000000
44024536057,248782.0000000000
44026831270,248789.0000000000
44031420620,248796.0000000000
44033715241,248803.0000000000
44037157016,248810.0000000000
44040598953,248817.0000000000
44042893547,248824.0000000000
44046335377,248831.0000000000
44049777272,248838.0000000000
44052072017,248845.0000000000
44054366714,248852.0000000000
44056661320,248859.0000000000
44058956021,248866.0000000000
44061250600,248873.0000000000
44063545199,248880.0000000000
44065839703,248887.0000000000
44068134301,248894.0000000000
44070428715,248901.0000000000
44072723138,248908.0000000000
44075017559,248915.0000000000
44077311952,248922.0000000000
44079606360,248929.0000000000
44081900802,248936.0000000000
44084195231,248943.0000000000
44086489641,248950.0000000000
44088784051,248957.0000000000
44091078475,248964.0000000000
44093372891,248971.0000000000
44095667265,248978.0000000000
44097961691,248985.0000000000
44100256112,248992.0000000000
44102550547,248999.0000000000
44104844974,249006.0000000000
44107139380,249013.0000000000
44109433799,249020.0000000000
44111728217,249027.0000000000
44114022622,249034.0000000000
44116317018,249041.0000000000
44118611419,249048.0000000000
44120905834,249055.0000000000
44123200238,249062.0000000000
44197368377,249069.0000000000
44199663080,249076.0000000000
44201957551,249083.0000000000
44205399417,249090.0000000000
44207693854,249097.0000000000
44209988709,249104.0000000000
44213430559,249111.0000000000
44218019683,249118.0000000000
44221461598,249125.0000000000
44226050750,249132.0000000000
44228345332,249139.0000000000
44231787238,249146.0000000000
44234081914,249153.0000000000
44237523539,249160.0000000000
44239818350,249167.0000000000
44243260183,249174.0000000000
44245554790,249181.0000000000
44247849526,249188.0000000000
44251291268,249195.0000000000
44255880443,249202.0000000000
44258175021,249209.0000000000
44260469615,249216.0000000000
44263911500,249223.0000000000
44268500528,249230.0000000000
44271942557,249237.0000000000
44276531847,249244.0000000000
44281120982,249251.0000000000
44283415636,249258.0000000000
44285710287,249265.0000000000
44288004927,249272.0000000000
44291446729,249279.0000000000
44293741362,249286.0000000000
44296036011,249293.0000000000
44298330550,249300.0000000000
44301772211,249307.0000000000
44304066899,249314.0000000000
44307508854,249321.0000000000
44310950705,249328.0000000000
44315539723,249335.0000000000
44317834610,249342.0000000000
44321276315,249349.0000000000
44325865368,249356.0000000000
44328160031,249363.0000000000
44330454507,249370.0000000000
44332748992,249377.0000000000
44336190869,249384.0000000000
44338485297,249391.0000000000
44340779729,249398.0000000000
44343074187,249405.0000000000
44345368652,249412.0000000000
44347663840,249419.0000000000
44352253221,249426.0000000000
44354547857,249433.0000000000
44357989633,249440.0000000000
44361431588,249447.0000000000
44363726182,249454.0000000000
44367168020,249461.0000000000
44370609911,249468.0000000000
44372904676,249475.0000000000
44375199380,249482.0000000000
44377494000,249489.0000000000
44379788699,249496.0000000000
44382083284,249503.0000000000
44384377901,249510.0000000000
44386672379,249517.0000000000
44388967004,249524.0000000000
44391261415,249531.0000000000
44393555842,249538.0000000000
44395850282,249545.0000000000
44398144685,249552.0000000000
44400439102,249559.0000000000
44402733543,249566.0000000000
44405027979,249573.0000000000
44407322385,249580.0000000000
44409616798,249587.0000000000
44411911243,249594.0000000000
44414205663,249601.0000000000
44416500075,249608.0000000000
44418794475,249615.0000000000
44421088904,249622.0000000000
44423383356,249629.0000000000
44425677758,249636.0000000000
44427972191,249643.0000000000
44430266607,249650.0000000000
44432561027,249657.0000000000
44434855452,249664.0000000000
44437149855,249671.0000000000
44439444270,249678.0000000000
44441738683,249685.0000000000
44444033093,249692.0000000000
44518201437,249699.0000000000
44520496154,249706.0000000000
44522790623,249713.0000000000
44526232500,249720.0000000000
44528526948,249727.0000000000
44530821803,249734.0000000000
44534263654,249741.0000000000
44538852800,249748.0000000000
44542294715,249755.0000000000
44546883890,249762.0000000000
44549178476,249769.0000000000
44552620381,249776.0000000000
44554915076,249783.0000000000
44558356721,249790.0000000000
44560651506,249797.0000000000
44564093370,249804.0000000000
44566387995,249811.0000000000
44568682705,249818.0000000000
44572124477,249825.0000000000
44576713666,249832.0000000000
44579008250,249839.0000000000
44581302840,249846.0000000000
44584744745,249853.0000000000
44589333776,249860.0000000000
44592775823,249867.0000000000
44597365139,249874.0000000000
44601954274,249881.0000000000
44604248933,249888.0000000000
44606543600,249895.0000000000
44608838250,249902.0000000000
44612280040,249909.0000000000
44614574676,249916.0000000000
44616869345,249923.0000000000
44619163889,249930.0000000000
44622605548,249937.0000000000
44624900255,249944.0000000000
44628342231,249951.0000000000
44631784081,249958.0000000000
44636373121,249965.0000000000
44638667984,249972.0000000000
44642109718,249979.0000000000
44646698785,249986.0000000000
44648993455,249993.0000000000
44651287926,250000.0000000000
44653582414,250007.0000000000
44657024314,250014.0000000000
44659318740,250021.0000000000
44661613173,250028.0000000000
44663907651,250035.0000000000
44666202122,250042.0000000000
44668497326,250049.0000000000
44673086711,250056.0000000000
44675381364,250063.0000000000
44678823139,250070.0000000000
44682265094,250077.0000000000
44684559692,250084.0000000000
44688001551,250091.0000000000
44691443460,250098.0000000000
44693738224,250105.0000000000
44696032934,250112.0000000000
44698327549,250119.0000000000
44700622253,250126.0000000000
44702916858,250133.0000000000
44705211481,250140.0000000000
44707505971,250147.0000000000
44709800596,250154.0000000000
44712095014,250161.0000000000
44714389459,250168.0000000000
44716683874,250175.0000000000
44718978303,250182.0000000000
44721272716,250189.0000000000
44723567161,250196.0000000000
44725861616,250203.0000000000
44728156027,250210.0000000000
44730450455,250217.0000000000
44732744900,250224.0000000000
44735039326,250231.0000000000
44737333734,250238.0000000000
44739628137,250245.0000000000
44741922586,250252.0000000000
44744217043,250259.0000000000
44746511460,250266.0000000000
44748805893,250273.0000000000
44751100315,250280.0000000000
44753394752,250287.0000000000
44755689172,250294.0000000000
44757983582,250301.0000000000
44760277994,250308.0000000000
44762572410,250315.0000000000
44764866840,250322.0000000000
44839035390,250329.0000000000
44841330103,250336.0000000000
44843624575,250343.0000000000
44847066477,250350.0000000000
44849360942,250357.0000000000
44851655771,250364.0000000000
44855097652,250371.0000000000
44859686791,250378.0000000000
44863128735,250385.0000000000
44867717925,250392.0000000000
44870012517,250399.0000000000
44873454438,250406.0000000000
44875749133,250413.0000000000
44878043586,250420.0000000000
44880338363,250427.0000000000
44883780249,250434.0000000000
44886074880,250441.0000000000
44888369606,250448.0000000000
44891811379,250455.0000000000
44896400590,250462.0000000000
44898695173,250469.0000000000
44900989767,250476.0000000000
44904431690,250483.0000000000
44909020727,250490.0000000000
44912462792,250497.0000000000
44917052112,250504.0000000000
44921641239,250511.0000000000
44923935927,250518.0000000000
44926230600,250525.0000000000
44928525263,250532.0000000000
44931967056,250539.0000000000
44934261685,250546.0000000000
44936556360,250553.0000000000
44938850935,250560.0000000000
44942292579,250567.0000000000
44944587294,250574.0000000000
44948029292,250581.0000000000
44951471157,250588.0000000000
44956060204,250595.0000000000
44958355083,250602.0000000000
44961796817,250609.0000000000
44966385904,250616.0000000000
44968680553,250623.0000000000
44970975052,250630.0000000000
44973269533,250637.0000000000
44976711456,250644.0000000000
44979005889,250651.0000000000
44981300314,250658.0000000000
44983594799,250665.0000000000
44985889289,250672.0000000000
44988184500,250679.0000000000
44992773899,250686.0000000000
44995068556,250693.0000000000
44998510348,250700.0000000000
45001952307,250707.0000000000
45004246898,250714.0000000000
45007688780,250721.0000000000
45011130699,250728.0000000000
45013425476,250735.0000000000
45015720185,250742.0000000000
45018014806,250749.0000000000
45020309504,250756.0000000000
45022604115,250763.0000000000
45024898759,250770.0000000000
45027193256,250777.0000000000
45029487894,250784.0000000000
45031782310,250791.0000000000
45034076761,250798.0000000000
45036371192,250805.0000000000
45038665600,250812.0000000000
45040960039,250819.0000000000
45043254477,250826.0000000000
45045548939,250833.0000000000
45047843382,250840.0000000000
45050137804,250847.0000000000
45052432261,250854.0000000000
45054726687,250861.0000000000
45057021102,250868.0000000000
45059315501,250875.0000000000
45061609954,250882.0000000000
45063904429,250889.0000000000
45066198852,250896.0000000000
45068493301,250903.0000000000
45070787721,250910.0000000000
45073082166,250917.0000000000
45075376599,250924.0000000000
45077670987,250931.0000000000
45079965427,250938.0000000000
45082259836,250945.0000000000
45084554273,250952.0000000000
45158723046,250959.0000000000
45161017764,250966.0000000000
45163312230,250973.0000000000
45166754155,250980.0000000000
45169048628,250987.0000000000
45171343450,250994.0000000000
45174785353,251001.0000000000
45179374512,251008.0000000000
45182816459,251015.0000000000
45187405671,251022.0000000000
45189700261,251029.0000000000
45193142192,251036.0000000000
45195436900,251043.0000000000
45197731353,251050.0000000000
45200026136,251057.0000000000
45203468040,251064.0000000000
45205762670,251071.0000000000
45208057402,251078.0000000000
45211499192,251085.0000000000
45216088409,251092.0000000000
45218383005,251099.0000000000
45220677578,251106.0000000000
45224119532,251113.0000000000
45228708580,251120.0000000000
45232150655,251127.0000000000
45236739990,251134.0000000000
45241329116,251141.0000000000
45243623810,251148.0000000000
45245918504,251155.0000000000
45248213173,251162.0000000000
45251654955,251169.0000000000
45253949612,251176.0000000000
45256244280,251183.0000000000
45258538862,251190.0000000000
45261980527,251197.0000000000
45264275237,251204.0000000000
45267717258,251211.0000000000
45271159132,251218.0000000000
45275748193,251225.0000000000
45278043079,251232.0000000000
45281484829,251239.0000000000
45286073922,251246.0000000000
45288368587,251253.0000000000
45290663062,251260.0000000000
45292957571,251267.0000000000
45296399512,251274.0000000000
45298693944,251281.0000000000
45300988374,251288.0000000000
45303282853,251295.0000000000
45305577349,251302.0000000000
45307872582,251309.0000000000
45312461999,251316.0000000000
45314756656,251323.0000000000
45318198458,251330.0000000000
45321640406,251337.0000000000
45323935024,251344.0000000000
45327376923,251351.0000000000
45330818844,251358.0000000000
45333113626,251365.0000000000
45335408352,251372.0000000000
45337702971,251379.0000000000
45339997676,251386.0000000000
45342292280,251393.0000000000
45344586930,251400.0000000000
45346881447,251407.0000000000
45349176092,251414.0000000000
45351470522,251421.0000000000
45353764972,251428.0000000000
45356059409,251435.0000000000
45358353832,251442.0000000000
45360648249,251449.0000000000
45362942714,251456.0000000000
45365237182,251463.0000000000
45367531640,251470.0000000000
45369826061,251477.0000000000
45372120523,251484.0000000000
45374414965,251491.0000000000
45376709378,251498.0000000000
45379003784,251505.0000000000
45381298231,251512.0000000000
45383592712,251519.0000000000
45385887156,251526.0000000000
45388181610,251533.0000000000
45390476045,251540.0000000000
45392770488,251547.0000000000
45395064927,251554.0000000000
45397359344,251561.0000000000
45399653749,251568.0000000000
45401948186,251575.0000000000
45404242615,251582.0000000000
45478411622,251589.0000000000
45480706339,251596.0000000000
45483000811,251603.0000000000
45486442754,251610.0000000000
45488737225,251617.0000000000
45491032055,251624.0000000000
45494473974,251631.0000000000
45499063139,251638.0000000000
45502505105,251645.0000000000
45507094321,251652.0000000000
45509388926,251659.0000000000
45512830858,251666.0000000000
45515125573,251673.0000000000
45517420042,251680.0000000000
45519714822,251687.0000000000
45523156735,251694.0000000000
45525451381,251701.0000000000
45527746112,251708.0000000000
45531187912,251715.0000000000
45535777140,251722.0000000000
45538071744,251729.0000000000
45540366332,251736.0000000000
45543808289,251743.0000000000
45548397356,251750.0000000000
45551839434,251757.0000000000
45556428790,251764.0000000000
45561017922,251771.0000000000
45563312608,251778.0000000000
45565607310,251785.0000000000
45567901999,251792.0000000000
45570196403,251799.0000000000
45572490999,251806.0000000000
45574785655,251813.0000000000
45577080331,251820.0000000000
45579374930,251827.0000000000
45582816595,251834.0000000000
45585111310,251841.0000000000
45588553328,251848.0000000000
45591995226,251855.0000000000
45596584287,251862.0000000000
45598879192,251869.0000000000
45602320942,251876.0000000000
45606910059,251883.0000000000
45609204731,251890.0000000000
45611499220,251897.0000000000
45613793726,251904.0000000000
45617235669,251911.0000000000
45619530104,251918.0000000000
45621824554,251925.0000000000
45624119039,251932.0000000000
45626413549,251939.0000000000
45628708781,251946.0000000000
45633298203,251953.0000000000
45635592864,251960.0000000000
45639034686,251967.0000000000
45642476653,251974.0000000000
45644771271,251981.0000000000
45648213179,251988.0000000000
45651655089,251995.0000000000
45653949898,252002.0000000000
45656244621,252009.0000000000
45658539245,252016.0000000000
45660833969,252023.0000000000
45663128579,252030.0000000000
45665423243,252037.0000000000
45667717759,252044.0000000000
45670012411,252051.0000000000
45672306838,252058.0000000000
45674601291,252065.0000000000
45676895748,252072.0000000000
45679190177,252079.0000000000
45681484609,252086.0000000000
45683779072,252093.0000000000
45686073546,252100.0000000000
45688368023,252107.0000000000
45690662419,252114.0000000000
45692956909,252121.0000000000
45695251347,252128.0000000000
45697545763,252135.0000000000
45699840189,252142.0000000000
45702134644,252149.0000000000
45704429138,252156.0000000000
45706723581,252163.0000000000
45709018041,252170.0000000000
45711312474,252177.0000000000
45713606921,252184.0000000000
45715901379,252191.0000000000
45718195801,252198.0000000000
45720490221,252205.0000000000
45722784657,252212.0000000000
45725079093,252219.0000000000
45799248306,252226.0000000000
45801543026,252233.0000000000
45803837517,252240.0000000000
45807279461,252247.0000000000
45809573935,252254.0000000000
45811868786,252261.0000000000
45815310704,252268.0000000000
45819899892,252275.0000000000
45823341859,252282.0000000000
45827931098,252289.0000000000
45830225710,252296.0000000000
45833667631,252303.0000000000
45835962374,252310.0000000000
45838256840,252317.0000000000
45840551622,252324.0000000000
45843993559,252331.0000000000
45846288202,252338.0000000000
45848582937,252345.0000000000
45852024760,252352.0000000000
45856613986,252359.0000000000
45858908612,252366.0000000000
45861203206,252373.0000000000
45864645153,252380.0000000000
45869234244,252387.0000000000
45872676320,252394.0000000000
45877265701,252401.0000000000
45881854855,252408.0000000000
45884149549,252415.0000000000
45886444266,252422.0000000000
45888738953,252429.0000000000
45891033362,252436.0000000000
45893327956,252443.0000000000
45895622628,252450.0000000000
45897917313,252457.0000000000
45900211918,252464.0000000000
45903653572,252471.0000000000
45905948313,252478.0000000000
45909390350,252485.0000000000
45912832250,252492.0000000000
45917421333,252499.0000000000
45919716238,252506.0000000000
45923157996,252513.0000000000
45927747126,252520.0000000000
45930041805,252527.0000000000
45932336292,252534.0000000000
45934630814,252541.0000000000
45938072767,252548.0000000000
45940367218,252555.0000000000
45942661644,252562.0000000000
45944956157,252569.0000000000
45947250665,252576.0000000000
45949545899,252583.0000000000
45954135347,252590.0000000000
45956430022,252597.0000000000
45959871847,252604.0000000000
45963313815,252611.0000000000
45965608436,252618.0000000000
45969050367,252625.0000000000
45972492295,252632.0000000000
45974787102,252639.0000000000
45977081832,252646.0000000000
45979376471,252653.0000000000
45981671173,252660.0000000000
45983965810,252667.0000000000
45986260472,252674.0000000000
45988554992,252681.0000000000
45990849662,252688.0000000000
45993144097,252695.0000000000
45995438563,252702.0000000000
45997733020,252709.0000000000
46000027456,252716.0000000000
46002321885,252723.0000000000
46004616352,252730.0000000000
46006910847,252737.0000000000
46009205327,252744.0000000000
46011499740,252751.0000000000
46013794228,252758.0000000000
46016088673,252765.0000000000
46018383104,252772.0000000000
46020677508,252779.0000000000
46022971992,252786.0000000000
46025266481,252793.0000000000
46027560927,252800.0000000000
46029855406,252807.0000000000
46032149847,252814.0000000000
46034444309,252821.0000000000
46036738767,252828.0000000000
46039033195,252835.0000000000
46041327611,252842.0000000000
46043622062,252849.0000000000
46045916506,252856.0000000000
46120085936,252863.0000000000
46122380672,252870.0000000000
46124675142,252877.0000000000
46128117117,252884.0000000000
46130411603,252891.0000000000
46132706453,252898.0000000000
46136148381,252905.0000000000
46140737585,252912.0000000000
46144179561,252919.0000000000
46148768812,252926.0000000000
46151063431,252933.0000000000
46154505371,252940.0000000000
46156800113,252947.0000000000
46159094587,252954.0000000000
46161389383,252961.0000000000
46164831321,252968.0000000000
46167125971,252975.0000000000
46169420720,252982.0000000000
46172862547,252989.0000000000
46177451794,252996.0000000000
46179746418,253003.0000000000
46182041019,253010.0000000000
46185482984,253017.0000000000
46190072082,253024.0000000000
46193514175,253031.0000000000
46198103562,253038.0000000000
46202692729,253045.0000000000
46204987431,253052.0000000000
46207282145,253059.0000000000
46209576835,253066.0000000000
46211871264,253073.0000000000
46214165863,253080.0000000000
46216460551,253087.0000000000
46218755234,253094.0000000000
46221049846,253101.0000000000
46224491518,253108.0000000000
46226786259,253115.0000000000
46230228296,253122.0000000000
46233670195,253129.0000000000
46238259302,253136.0000000000
46240554211,253143.0000000000
46243995992,253150.0000000000
46248585122,253157.0000000000
46250879822,253164.0000000000
46253174316,253171.0000000000
46255468851,253178.0000000000
46257763604,253185.0000000000
46260058061,253192.0000000000
46262352482,253199.0000000000
46264646995,253206.0000000000
46266941531,253213.0000000000
46269236759,253220.0000000000
46273826232,253227.0000000000
46276120913,253234.0000000000
46279562737,253241.0000000000
46283004728,253248.0000000000
46285299342,253255.0000000000
46288741296,253262.0000000000
46292183234,253269.0000000000
46294478056,253276.0000000000
46296772784,253283.0000000000
46299067431,253290.0000000000
46301362127,253297.0000000000
46303656763,253304.0000000000
46305951453,253311.0000000000
46308245967,253318.0000000000
46310540641,253325.0000000000
46312835097,253332.0000000000
46315129570,253339.0000000000
46317424043,253346.0000000000
46319718477,253353.0000000000
46322012914,253360.0000000000
46324307373,253367.0000000000
46326601874,253374.0000000000
46328896375,253381.0000000000
46331190795,253388.0000000000
46333485299,253395.0000000000
46335779741,253402.0000000000
46338074179,253409.0000000000
46340368577,253416.0000000000
46342663059,253423.0000000000
46344957577,253430.0000000000
46347252018,253437.0000000000
46349546503,253444.0000000000
46351840962,253451.0000000000
46354135431,253458.0000000000
46356429905,253465.0000000000
46358724333,253472.0000000000
46361018754,253479.0000000000
46363313199,253486.0000000000
46365607650,253493.0000000000
46439777312,253500.0000000000
46442072056,253507.0000000000
46444366520,253514.0000000000
46447808518,253521.0000000000
46450103010,253528.0000000000
46452397876,253535.0000000000
46455839806,253542.0000000000
46460429032,253549.0000000000
46463870998,253556.0000000000
46468460281,253563.0000000000
46470754899,253570.0000000000
46474196850,253577.0000000000
46476491607,253584.0000000000
46478786081,253591.0000000000
46481080884,253598.0000000000
46484522816,253605.0000000000
46486817487,253612.0000000000
46489112243,253619.0000000000
46492554068,253626.0000000000
46497143342,253633.0000000000
46499437980,253640.0000000000
46501732580,253647.0000000000
46505174555,253654.0000000000
46509763668,253661.0000000000
46513205770,253668.0000000000
46517795171,253675.0000000000
46522384360,253682.0000000000
46524679041,253689.0000000000
46526973783,253696.0000000000
46529268465,253703.0000000000
46531562902,253710.0000000000
46533857520,253717.0000000000
46536152215,253724.0000000000
46538446912,253731.0000000000
46540741523,253738.0000000000
46544183205,253745.0000000000
46546477961,253752.0000000000
46549920003,253759.0000000000
46553361897,253766.0000000000
46557951030,253773.0000000000
46560245934,253780.0000000000
46563687718,253787.0000000000
46568276870,253794.0000000000
46570571576,253801.0000000000
46572866090,253808.0000000000
46575160630,253815.0000000000
46577455399,253822.0000000000
46579749856,253829.0000000000
46582044284,253836.0000000000
46584338790,253843.0000000000
46586633347,253850.0000000000
46588928580,253857.0000000000
46593518055,253864.0000000000
46595812756,253871.0000000000
46599254577,253878.0000000000
46602696592,253885.0000000000
46604991213,253892.0000000000
46608433184,253899.0000000000
46611875124,253906.0000000000
46614169953,253913.0000000000
46616464696,253920.0000000000
46618759343,253927.0000000000
46621054045,253934.0000000000
46623348676,253941.0000000000
46625643363,253948.0000000000
46627937906,253955.0000000000
46630232573,253962.0000000000
46632527037,253969.0000000000
46634821529,253976.0000000000
46637116009,253983.0000000000
46639410458,253990.0000000000
46641704894,253997.0000000000
46643999359,254004.0000000000
46646293855,254011.0000000000
46648588363,254018.0000000000
46650882803,254025.0000000000
46653177313,254032.0000000000
46655471769,254039.0000000000
46657766207,254046.0000000000
46660060612,254053.0000000000
46662355088,254060.0000000000
46664649606,254067.0000000000
46666944073,254074.0000000000
46669238551,254081.0000000000
46671533017,254088.0000000000
46673827507,254095.0000000000
46676121988,254102.0000000000
46678416432,254109.0000000000
46680710852,254116.0000000000
46683005303,254123.0000000000
46685299747,254130.0000000000
46759469652,254137.0000000000
46761764396,254144.0000000000
46764058866,254151.0000000000
46767500883,254158.0000000000
46769795376,254165.0000000000
46772090248,254172.0000000000
46775532175,254179.0000000000
46780121426,254186.0000000000
46783563391,254193.0000000000
46788152701,254200.0000000000
46790447334,254207.0000000000
46793889287,254214.0000000000
46796184049,254221.0000000000
46798478538,254228.0000000000
46800773341,254235.0000000000
46804215271,254242.0000000000
46806509949,254249.0000000000
46808804726,254256.0000000000
46812246547,254263.0000000000
46816835848,254270.0000000000
46819130492,254277.0000000000
46821425107,254284.0000000000
46824867086,254291.0000000000
46829456220,254298.0000000000
46832898324,254305.0000000000
46837487747,254312.0000000000
46842076943,254319.0000000000
46844371617,254326.0000000000
46846666360,254333.0000000000
46848961066,254340.0000000000
46851255498,254347.0000000000
46853550123,254354.0000000000
46855844839,254361.0000000000
46858139542,254368.0000000000
46860434169,254375.0000000000
46863875841,254382.0000000000
46866170615,254389.0000000000
46869612654,254396.0000000000
46873054573,254403.0000000000
46877643700,254410.0000000000
46879938630,254417.0000000000
46883380412,254424.0000000000
46887969591,254431.0000000000
46890264291,254438.0000000000
46892558812,254445.0000000000
46894853372,254452.0000000000
46897148147,254459.0000000000
46899442620,254466.0000000000
46901737047,254473.0000000000
46904031559,254480.0000000000
46906326110,254487.0000000000
46908621362,254494.0000000000
46913210839,254501.0000000000
46915505547,254508.0000000000
46918947393,254515.0000000000
46922389424,254522.0000000000
46924684024,254529.0000000000
46928126026,254536.0000000000
46931567963,254543.0000000000
46933862812,254550.0000000000
46936157563,254557.0000000000
46938451977,254564.0000000000
46940746373,254571.0000000000
46943040777,254578.0000000000
46945335172,254585.0000000000
46947629587,254592.0000000000
46949923992,254599.0000000000
46952218388,254606.0000000000
46954512790,254613.0000000000
46956807207,254620.0000000000
46959101612,254627.0000000000
46961396025,254634.0000000000
46963690401,254641.0000000000
46965984826,254648.0000000000
46968279222,254655.0000000000
46970573623,254662.0000000000
46972868042,254669.0000000000
46975162447,254676.0000000000
46977456858,254683.0000000000
46979751256,254690.0000000000
46982045661,254697.0000000000
46984340057,254704.0000000000
46986634471,254711.0000000000
46988928878,254718.0000000000
46991223272,254725.0000000000
46993517673,254732.0000000000
46995812090,254739.0000000000
46998106496,254746.0000000000
47000400908,254753.0000000000
47002695307,254760.0000000000
47004989712,254767.0000000000
47007284107,254774.0000000000
47080310145,254781.0000000000
47082604893,254788.0000000000
47084899384,254795.0000000000
47088341402,254802.0000000000
47090635909,254809.0000000000
47092930789,254816.0000000000
47096372714,254823.0000000000
47100961992,254830.0000000000
47104403975,254837.0000000000
47108993290,254844.0000000000
47111287921,254851.0000000000
47114729895,254858.0000000000
47117024665,254865.0000000000
47119319150,254872.0000000000
47121613956,254879.0000000000
47125055910,254886.0000000000
47127350584,254893.0000000000
47129645358,254900.0000000000
47133087211,254907.0000000000
47137676507,254914.0000000000
47139971178,254921.0000000000
47142265789,254928.0000000000
47145707786,254935.0000000000
47150296926,254942.0000000000
47153739051,254949.0000000000
47158328479,254956.0000000000
47162917700,254963.0000000000
47165212367,254970.0000000000
47167507115,254977.0000000000
47169801841,254984.0000000000
47172096281,254991.0000000000
47174390921,254998.0000000000
47176685614,255005.0000000000
47178980346,255012.0000000000
47181274971,255019.0000000000
47184716662,255026.0000000000
47187011443,255033.0000000000
47190453500,255040.0000000000
47193895422,255047.0000000000
47198484571,255054.0000000000
47200779500,255061.0000000000
47204221283,255068.0000000000
47208810486,255075.0000000000
47211105193,255082.0000000000
47213399727,255089.0000000000
47215694287,255096.0000000000
47217989070,255103.0000000000
47220283540,255110.0000000000
47222577970,255117.0000000000
47224872503,255124.0000000000
47227167061,255131.0000000000
47229462328,255138.0000000000
47234051811,255145.0000000000
47236346516,255152.0000000000
47239788382,255159.0000000000
47243230414,255166.0000000000
47245525019,255173.0000000000
47248967043,255180.0000000000
47252408999,255187.0000000000
47254703848,255194.0000000000
47256998606,255201.0000000000
47259293017,255208.0000000000
47261587417,255215.0000000000
47263881828,255222.0000000000
47266176244,255229.0000000000
47268470671,255236.0000000000
47270765076,255243.0000000000
47273059482,255250.0000000000
47275353877,255257.0000000000
47277648293,255264.0000000000
47279942724,255271.0000000000
47282237135,255278.0000000000
47284531536,255285.0000000000
47286825958,255292.0000000000
47289120364,255299.0000000000
47291414778,255306.0000000000
47293709197,255313.0000000000
47296003609,255320.0000000000
47298298018,255327.0000000000
47300592418,255334.0000000000
47302886831,255341.0000000000
47305181247,255348.0000000000
47307475675,255355.0000000000
47309770082,255362.0000000000
47312064487,255369.0000000000
47314358879,255376.0000000000
47316653295,255383.0000000000
47318947728,255390.0000000000
47321242137,255397.0000000000
47323536541,255404.0000000000
47325830965,255411.0000000000
47328125370,255418.0000000000
47401151630,255425.0000000000
47403446392,255432.0000000000
47405740883,255439.0000000000
47409182912,255446.0000000000
47411477432,255453.0000000000
47413772313,255460.0000000000
47417214239,255467.0000000000
47421803540,255474.0000000000
47425245525,255481.0000000000
47429834862,255488.0000000000
47432129500,255495.0000000000
47435571472,255502.0000000000
47437866262,255509.0000000000
47440160755,255516.0000000000
47442455576,255523.0000000000
47445897533,255530.0000000000
47448192213,255537.0000000000
47450487002,255544.0000000000
47453928857,255551.0000000000
47458518155,255558.0000000000
47460812847,255565.0000000000
47463107465,255572.0000000000
47466549459,255579.0000000000
47471138625,255586.0000000000
47474580748,255593.0000000000
47479170203,255600.0000000000
47483759440,255607.0000000000
47486054114,255614.0000000000
47488348855,255621.0000000000
47490643580,255628.0000000000
47492938048,255635.0000000000
47495232686,255642.0000000000
47497527382,255649.0000000000
47499822135,255656.0000000000
47502116767,255663.0000000000
47505558455,255670.0000000000
47507853257,255677.0000000000
47511295313,255684.0000000000
47514737256,255691.0000000000
47519326411,255698.0000000000
47521621357,255705.0000000000
47525063150,255712.0000000000
47529652346,255719.0000000000
47531947079,255726.0000000000
47534241611,255733.0000000000
47536536176,255740.0000000000
47538830979,255747.0000000000
47541125457,255754.0000000000
47543419901,255761.0000000000
47545714434,255768.0000000000
47548008999,255775.0000000000
47550304264,255782.0000000000
47554893757,255789.0000000000
47557188481,255796.0000000000
47560630358,255803.0000000000
47564072401,255810.0000000000
47566367001,255817.0000000000
47569809047,255824.0000000000
47573251005,255831.0000000000
47575545858,255838.0000000000
47577840636,255845.0000000000
47580135055,255852.0000000000
47582429468,255859.0000000000
47584723879,255866.0000000000
47587018301,255873.0000000000
47589312726,255880.0000000000
47591607134,255887.0000000000
47593901562,255894.0000000000
47596195966,255901.0000000000
47598490395,255908.0000000000
47600784824,255915.0000000000
47603079243,255922.0000000000
47605373638,255929.0000000000
47607668060,255936.0000000000
47609962495,255943.0000000000
47612256904,255950.0000000000
47614551307,255957.0000000000
47616845724,255964.0000000000
47619140130,255971.0000000000
47621434543,255978.0000000000
47623728939,255985.0000000000
47626023344,255992.0000000000
47628317740,255999.0000000000
47630612143,256006.0000000000
47632906561,256013.0000000000
47635200957,256020.0000000000
47637495359,256027.0000000000
47639789777,256034.0000000000
47642084180,256041.0000000000
47644378572,256048.0000000000
47646672969,256055.0000000000
47648967396,256062.0000000000
47720846903,256069.0000000000
47723141673,256076.0000000000
47725436180,256083.0000000000
47728878212,256090.0000000000
47731172740,256097.0000000000
47733467635,256104.0000000000
47736909563,256111.0000000000
47741498865,256118.0000000000
47744940874,256125.0000000000
47749530213,256132.0000000000
47751824871,256139.0000000000
47755266843,256146.0000000000
47757561638,256153.0000000000
47759856151,256160.0000000000
47762150979,256167.0000000000
47765592934,256174.0000000000
47767887621,256181.0000000000
47770182429,256188.0000000000
47773624295,256195.0000000000
47778213595,256202.0000000000
47780508294,256209.0000000000
47782802932,256216.0000000000
47786244925,256223.0000000000
47790834119,256230.0000000000
47794276240,256237.0000000000
47798865720,256244.0000000000
47803454979,256251.0000000000
47805749652,256258.0000000000
47808044401,256265.0000000000
47810339121,256272.0000000000
47812633609,256279.0000000000
47814928254,256286.0000000000
47817222943,256293.0000000000
47819517704,256300.0000000000
47821812356,256307.0000000000
47825254043,256314.0000000000
47827548852,256321.0000000000
47830990931,256328.0000000000
47834432892,256335.0000000000
47839022053,256342.0000000000
47841316994,256349.0000000000
47844758811,256356.0000000000
47849348009,256363.0000000000
47851642741,256370.0000000000
47853937300,256377.0000000000
47856231860,256384.0000000000
47858526670,256391.0000000000
47860821167,256398.0000000000
47863115619,256405.0000000000
47865410168,256412.0000000000
47867704733,256419.0000000000
47870000005,256426.0000000000
47874589496,256433.0000000000
47876884228,256440.0000000000
47880326116,256447.0000000000
47883768184,256454.0000000000
47886062792,256461.0000000000
47889504837,256468.0000000000
47892946818,256475.0000000000
47895241664,256482.0000000000
47897536448,256489.0000000000
47899830887,256496.0000000000
47902125308,256503.0000000000
47904419734,256510.0000000000
47906714156,256517.0000000000
47909008588,256524.0000000000
47911302990,256531.0000000000
47913597424,256538.0000000000
47915891837,256545.0000000000
47918186286,256552.0000000000
47920480730,256559.0000000000
47922775148,256566.0000000000
47925069553,256573.0000000000
47927363967,256580.0000000000
47929658400,256587.0000000000
47931952838,256594.0000000000
47934247234,256601.0000000000
47936541659,256608.0000000000
47938836085,256615.0000000000
47941130506,256622.0000000000
47943424920,256629.0000000000
47945719323,256636.0000000000
47948013727,256643.0000000000
47950308121,256650.0000000000
47952602545,256657.0000000000
47954896951,256664.0000000000
47957191371,256671.0000000000
47959485785,256678.0000000000
47961780208,256685.0000000000
47964074612,256692.0000000000
47966369005,256699.0000000000
47968663424,256706.0000000000
48040543164,256713.0000000000
48042837955,256720.0000000000
48045132469,256727.0000000000
48048574499,256734.0000000000
48050869047,256741.0000000000
48053163948,256748.0000000000
48056605875,256755.0000000000
48061195193,256762.0000000000
48064637227,256769.0000000000
48069226565,256776.0000000000
48071521229,256783.0000000000
48074963226,256790.0000000000
48077258014,256797.0000000000
48079552535,256804.0000000000
48081847383,256811.0000000000
48085289336,256818.0000000000
48087584030,256825.0000000000
48089878859,256832.0000000000
48093320723,256839.0000000000
48097910051,256846.0000000000
48100204744,256853.0000000000
48102499390,256860.0000000000
48105941406,256867.0000000000
48110530601,256874.0000000000
48113972746,256881.0000000000
48118562228,256888.0000000000
48123151514,256895.0000000000
48125446201,256902.0000000000
48127740949,256909.0000000000
48130035677,256916.0000000000
48132330159,256923.0000000000
48134624825,256930.0000000000
48136919522,256937.0000000000
48139214277,256944.0000000000
48141508936,256951.0000000000
48144950648,256958.0000000000
48147245451,256965.0000000000
48150687534,256972.0000000000
48154129524,256979.0000000000
48158718700,256986.0000000000
48161013648,256993.0000000000
48164455483,257000.0000000000
48169044689,257007.0000000000
48171339415,257014.0000000000
48173633993,257021.0000000000
48175928562,257028.0000000000
48178223367,257035.0000000000
48180517870,257042.0000000000
48182812342,257049.0000000000
48185106899,257056.0000000000
48187401458,257063.0000000000
48189696751,257070.0000000000
48194286243,257077.0000000000
48196580982,257084.0000000000
48200022893,257091.0000000000
48203464979,257098.0000000000
48205759587,257105.0000000000
48209201630,257112.0000000000
48212643614,257119.0000000000
48214938489,257126.0000000000
48217233268,257133.0000000000
48219527714,257140.0000000000
48221822155,257147.0000000000
48224116587,257154.0000000000
48226411004,257161.0000000000
48228705457,257168.0000000000
48230999867,257175.0000000000
48233294295,257182.0000000000
48235588715,257189.0000000000
48237883183,257196.0000000000
48240177635,257203.0000000000
48242472068,257210.0000000000
48244766472,257217.0000000000
48247060893,257224.0000000000
48249355321,257231.0000000000
48251649759,257238.0000000000
48253944184,257245.0000000000
48256238602,257252.0000000000
48258533035,257259.0000000000
48260827476,257266.0000000000
48263121897,257273.0000000000
48265416316,257280.0000000000
48267710719,257287.0000000000
48270005124,257294.0000000000
48272299539,257301.0000000000
48274593952,257308.0000000000
48276888380,257315.0000000000
48279182814,257322.0000000000
48281477252,257329.0000000000
48283771650,257336.0000000000
48286066055,257343.0000000000
48288360448,257350.0000000000
48290654845,257357.0000000000
48361387639,257364.0000000000
48363682430,257371.0000000000
48365976971,257378.0000000000
48369419020,257385.0000000000
48371713569,257392.0000000000
48374008477,257399.0000000000
48377450423,257406.0000000000
48382039747,257413.0000000000
48385481780,257420.0000000000
48390071144,257427.0000000000
48392365803,257434.0000000000
48395807824,257441.0000000000
48398102619,257448.0000000000
48400397135,257455.0000000000
48402691981,257462.0000000000
48406133965,257469.0000000000
48408428675,257476.0000000000
48410723504,257483.0000000000
48414165379,257490.0000000000
48418754722,257497.0000000000
48421049421,257504.0000000000
48423344062,257511.0000000000
48426786102,257518.0000000000
48431375300,257525.0000000000
48434817469,257532.0000000000
48439406953,257539.0000000000
48443996265,257546.0000000000
48446290949,257553.0000000000
48448585702,257560.0000000000
48450880450,257567.0000000000
48453174940,257574.0000000000
48455469620,257581.0000000000
48457764317,257588.0000000000
48460059080,257595.0000000000
48462353732,257602.0000000000
48465795469,257609.0000000000
48468090279,257616.0000000000
48471532360,257623.0000000000
48474974375,257630.0000000000
48479563553,257637.0000000000
48481858519,257644.0000000000
48485300356,257651.0000000000
48489889574,257658.0000000000
48492184311,257665.0000000000
48494478893,257672.0000000000
48496773481,257679.0000000000
48499068294,257686.0000000000
48501362790,257693.0000000000
48503657262,257700.0000000000
48505951848,257707.0000000000
48508246405,257714.0000000000
48510541702,257721.0000000000
48515131223,257728.0000000000
48517425976,257735.0000000000
48520867890,257742.0000000000
48524309976,257749.0000000000
48526604588,257756.0000000000
48530046656,257763.0000000000
48533488639,257770.0000000000
48535783533,257777.0000000000
48538078319,257784.0000000000
48540372760,257791.0000000000
48542667200,257798.0000000000
48544961661,257805.0000000000
48547256076,257812.0000000000
48549550533,257819.0000000000
48551844963,257826.0000000000
48554139399,257833.0000000000
48556433834,257840.0000000000
48558728300,257847.0000000000
48561022760,257854.0000000000
48563317190,257861.0000000000
48565611610,257868.0000000000
48567906027,257875.0000000000
48570200465,257882.0000000000
48572494908,257889.0000000000
48574789353,257896.0000000000
48577083779,257903.0000000000
48579378207,257910.0000000000
48581672647,257917.0000000000
48583967096,257924.0000000000
48586261513,257931.0000000000
48588555920,257938.0000000000
48590850345,257945.0000000000
48593144768,257952.0000000000
48595439196,257959.0000000000
48597733624,257966.0000000000
48600028065,257973.0000000000
48602322501,257980.0000000000
48604616915,257987.0000000000
48606911315,257994.0000000000
48609205723,258001.0000000000
48611500125,258008.0000000000
48682233145,258015.0000000000
48684527938,258022.0000000000
48686822500,258029.0000000000
48690264550,258036.0000000000
48692559104,258043.0000000000
48694854032,258050.0000000000
48698295979,258057.0000000000
48702885328,258064.0000000000
48706327358,258071.0000000000
48710916736,258078.0000000000
48713211406,258085.0000000000
48716653427,258092.0000000000
48718948251,258099.0000000000
48721242765,258106.0000000000
48723537615,258113.0000000000
48726979622,258120.0000000000
48729274330,258127.0000000000
48731569164,258134.0000000000
48735011063,258141.0000000000
48739600408,258148.0000000000
48741895116,258155.0000000000
48744189768,258162.0000000000
48747631827,258169.0000000000
48752221031,258176.0000000000
48755663199,258183.0000000000
48760252709,258190.0000000000
48764842045,258197.0000000000
48767136736,258204.0000000000
48769431504,258211.0000000000
48771726252,258218.0000000000
48774020750,258225.0000000000
48776315428,258232.0000000000
48778610142,258239.0000000000
48780904900,258246.0000000000
48783199563,258253.0000000000
48786641320,258260.0000000000
48788936136,258267.0000000000
48792378215,258274.0000000000
48795820254,258281.0000000000
48800409434,258288.0000000000
48802704421,258295.0000000000
48806146268,258302.0000000000
48810735501,258309.0000000000
48813030246,258316.0000000000
48815324822,258323.0000000000
48817619430,258330.0000000000
48819914239,258337.0000000000
48822208746,258344.0000000000
48824503222,258351.0000000000
48826797827,258358.0000000000
48829092392,258365.0000000000
48831387683,258372.0000000000
48835977233,258379.0000000000
48838271984,258386.0000000000
48841713918,258393.0000000000
48845156015,258400.0000000000
48847450642,258407.0000000000
48850892701,258414.0000000000
48854334695,258421.0000000000
48856629609,258428.0000000000
48858924404,258435.0000000000
48861218843,258442.0000000000
48863513287,258449.0000000000
48865807768,258456.0000000000
48868102190,258463.0000000000
48870396642,258470.0000000000
48872691071,258477.0000000000
48874985535,258484.0000000000
48877279968,258491.0000000000
48879574438,258498.0000000000
48881868917,258505.0000000000
48884163355,258512.0000000000
48886457790,258519.0000000000
48888752206,258526.0000000000
48891046652,258533.0000000000
48893341089,258540.0000000000
48895635554,258547.0000000000
48897929989,258554.0000000000
48900224415,258561.0000000000
48902518859,258568.0000000000
48904813328,258575.0000000000
48907107753,258582.0000000000
48909402154,258589.0000000000
48911696579,258596.0000000000
48913991031,258603.0000000000
48916285456,258610.0000000000
48918579887,258617.0000000000
48920874348,258624.0000000000
48923168792,258631.0000000000
48925463222,258638.0000000000
48927757622,258645.0000000000
48930052037,258652.0000000000
48932346434,258659.0000000000
49003079696,258666.0000000000
49005374484,258673.0000000000
49007669045,258680.0000000000
49011111127,258687.0000000000
49013405674,258694.0000000000
49015700623,258701.0000000000
49019142581,258708.0000000000
49023731945,258715.0000000000
49026026784,258722.0000000000
49030616178,258729.0000000000
49032910843,258736.0000000000
49036352874,258743.0000000000
49038647698,258750.0000000000
49040942241,258757.0000000000
49043237085,258764.0000000000
49046679094,258771.0000000000
49048973831,258778.0000000000
49051268660,258785.0000000000
49054710582,258792.0000000000
49059299930,258799.0000000000
49061594645,258806.0000000000
49063889317,258813.0000000000
49067331375,258820.0000000000
49071920595,258827.0000000000
49075362774,258834.0000000000
49079952312,258841.0000000000
49084541649,258848.0000000000
49086836360,258855.0000000000
49089131137,258862.0000000000
49091425879,258869.0000000000
49093720398,258876.0000000000
49096015083,258883.0000000000
49098309791,258890.0000000000
49100604569,258897.0000000000
49102899228,258904.0000000000
49106340995,258911.0000000000
49108635831,258918.0000000000
49112077921,258925.0000000000
49115519960,258932.0000000000
49120109166,258939.0000000000
49122404148,258946.0000000000
49125846020,258953.0000000000
49130435275,258960.0000000000
49132730020,258967.0000000000
49135024604,258974.0000000000
49137319207,258981.0000000000
49139614035,258988.0000000000
49141908538,258995.0000000000
49144203022,259002.0000000000
49146497634,259009.0000000000
49148792220,259016.0000000000
49151087518,259023.0000000000
49155677062,259030.0000000000
49157971842,259037.0000000000
49161413774,259044.0000000000
49164855895,259051.0000000000
49167150530,259058.0000000000
49170592586,259065.0000000000
49174034605,259072.0000000000
49176329513,259079.0000000000
49178624328,259086.0000000000
49180918762,259093.0000000000
49183213213,259100.0000000000
49185507701,259107.0000000000
49187802144,259114.0000000000
49190096604,259121.0000000000
49192391027,259128.0000000000
49194685489,259135.0000000000
49196979952,259142.0000000000
49199274416,259149.0000000000
49201568902,259156.0000000000
49203863360,259163.0000000000
49206157803,259170.0000000000
49208452235,259177.0000000000
49210746681,259184.0000000000
49213041126,259191.0000000000
49215335584,259198.0000000000
49217630039,259205.0000000000
49219924461,259212.0000000000
49222218913,259219.0000000000
49224513388,259226.0000000000
49226807834,259233.0000000000
49229102243,259240.0000000000
49231396662,259247.0000000000
49233691115,259254.0000000000
49235985568,259261.0000000000
49238279993,259268.0000000000
49240574461,259275.0000000000
49242868925,259282.0000000000
49245163362,259289.0000000000
49247457778,259296.0000000000
49249752193,259303.0000000000
49252046599,259310.0000000000
49322780092,259317.0000000000
49325074886,259324.0000000000
49327369442,259331.0000000000
49330811548,259338.0000000000
49333106102,259345.0000000000
49335401046,259352.0000000000
49338843029,259359.0000000000
49343432395,259366.0000000000
49345727254,259373.0000000000
49350316651,259380.0000000000
49352611335,259387.0000000000
49356053378,259394.0000000000
49358348197,259401.0000000000
49360642761,259408.0000000000
49362937613,259415.0000000000
49366379620,259422.0000000000
49368674356,259429.0000000000
49370969215,259436.0000000000
49374411134,259443.0000000000
49379000511,259450.0000000000
49381295221,259457.0000000000
49383589901,259464.0000000000
49387031984,259471.0000000000
49391621217,259478.0000000000
49395063408,259485.0000000000
49399652941,259492.0000000000
49404242302,259499.0000000000
49406537020,259506.0000000000
49408831817,259513.0000000000
49411126566,259520.0000000000
49413421080,259527.0000000000
49415715785,259534.0000000000
49418010501,259541.0000000000
49420305274,259548.0000000000
49422599939,259555.0000000000
49426041731,259562.0000000000
49428336562,259569.0000000000
49431778676,259576.0000000000
49435220713,259583.0000000000
49439809947,259590.0000000000
49442104936,259597.0000000000
49445546807,259604.0000000000
49450136091,259611.0000000000
49452430830,259618.0000000000
49454725434,259625.0000000000
49457020045,259632.0000000000
49459314867,259639.0000000000
49461609390,259646.0000000000
49463903870,259653.0000000000
49466198490,259660.0000000000
49468493083,259667.0000000000
49470788401,259674.0000000000
49475377948,259681.0000000000
49477672727,259688.0000000000
49481114690,259695.0000000000
49484556810,259702.0000000000
49486851466,259709.0000000000
49490293521,259716.0000000000
49493735565,259723.0000000000
49496030481,259730.0000000000
49498325290,259737.0000000000
49500619743,259744.0000000000
49502914189,259751.0000000000
49505208685,259758.0000000000
49507503135,259765.0000000000
49509797616,259772.0000000000
49512092047,259779.0000000000
49514386503,259786.0000000000
49516680967,259793.0000000000
49518975460,259800.0000000000
49521269939,259807.0000000000
49523564403,259814.0000000000
49525858868,259821.0000000000
49528153307,259828.0000000000
49530447769,259835.0000000000
49532742214,259842.0000000000
49535036680,259849.0000000000
49537331130,259856.0000000000
49539625573,259863.0000000000
49541920020,259870.0000000000
49544214501,259877.0000000000
49546508953,259884.0000000000
49548803384,259891.0000000000
49551097811,259898.0000000000
49553392258,259905.0000000000
49555686711,259912.0000000000
49557981165,259919.0000000000
49560275628,259926.0000000000
49562570100,259933.0000000000
49564864556,259940.0000000000
49567158978,259947.0000000000
49569453410,259954.0000000000
49571747816,259961.0000000000
49642481530,259968.0000000000
49644776346,259975.0000000000
49647070909,259982.0000000000
49650513014,259989.0000000000
49652807588,259996.0000000000
49655102539,260003.0000000000
49658544521,260010.0000000000
49663133914,260017.0000000000
49665428769,260024.0000000000
49670018194,260031.0000000000
49672312873,260038.0000000000
49675754940,260045.0000000000
49678049767,260052.0000000000
49680344325,260059.0000000000
49682639197,260066.0000000000
49686081217,260073.0000000000
49688375948,260080.0000000000
49690670807,260087.0000000000
49694112758,260094.0000000000
49696407151,260101.0000000000
49699849351,260108.0000000000
49702144069,260115.0000000000
49704438744,260122.0000000000
49707880852,260129.0000000000
49712470087,260136.0000000000
49715912290,260143.0000000000
49720501838,260150.0000000000
49725091226,260157.0000000000
49727385939,260164.0000000000
49729680736,260171.0000000000
49731975514,260178.0000000000
49734270026,260185.0000000000
49736564735,260192.0000000000
49738859472,260199.0000000000
49741154253,260206.0000000000
49743448932,260213.0000000000
49746890727,260220.0000000000
49749185557,260227.0000000000
49752627691,260234.0000000000
49756069740,260241.0000000000
49760658970,260248.0000000000
49762953987,260255.0000000000
49766395855,260262.0000000000
49770985169,260269.0000000000
49773279905,260276.0000000000
49775574514,260283.0000000000
49777869147,260290.0000000000
49780163967,260297.0000000000
49782458494,260304.0000000000
49784752995,260311.0000000000
49787047622,260318.0000000000
49789342210,260325.0000000000
49791637548,260332.0000000000
49796227100,260339.0000000000
49798521884,260346.0000000000
49801963872,260353.0000000000
49805405990,260360.0000000000
49807700646,260367.0000000000
49811142733,260374.0000000000
49814584775,260381.0000000000
49816879711,260388.0000000000
49819174518,260395.0000000000
49821468977,260402.0000000000
49823763443,260409.0000000000
49826057946,260416.0000000000
49828352391,260423.0000000000
49830646872,260430.0000000000
49832941318,260437.0000000000
49835235784,260444.0000000000
49837530253,260451.0000000000
49839824766,260458.0000000000
49842119253,260465.0000000000
49844413712,260472.0000000000
49846708198,260479.0000000000
49849002645,260486.0000000000
49851297105,260493.0000000000
49853591553,260500.0000000000
49855886039,260507.0000000000
49858180487,260514.0000000000
49860474936,260521.0000000000
49862769403,260528.0000000000
49865063892,260535.0000000000
49867358340,260542.0000000000
49869652771,260549.0000000000
49871947227,260556.0000000000
49874241672,260563.0000000000
49876536128,260570.0000000000
49878830602,260577.0000000000
49881125073,260584.0000000000
49883419539,260591.0000000000
49885714016,260598.0000000000
49888008446,260605.0000000000
49890302876,260612.0000000000
49892597286,260619.0000000000
49963331238,260626.0000000000
49965626073,260633.0000000000
49967920633,260640.0000000000
49971362749,260647.0000000000
49973657322,260654.0000000000
49975952301,260661.0000000000
49979394282,260668.0000000000
49983983704,260675.0000000000
49986278556,260682.0000000000
49990868006,260689.0000000000
49993162683,260696.0000000000
49996604770,260703.0000000000
49998899605,260710.0000000000
50000000000,260710.0000000000
